  0
SECTION
  2
HEADER
  9
$ACADVER
  1
AC1024
  9
$ACADMAINTVER
 70
6
  9
$DWGCODEPAGE
  3
ANSI_1252
  9
$LASTSAVEDBY
  1
ezdxf
  9
$INSBASE
 10
0.0
 20
0.0
 30
0.0
  9
$EXTMIN
 10
-100
 20
-100
 30
-100
  9
$EXTMAX
 10
100
 20
100
 30
100
  9
$LIMMIN
 10
0.0
 20
0.0
  9
$LIMMAX
 10
420.0
 20
297.0
  9
$ORTHOMODE
 70
0
  9
$REGENMODE
 70
1
  9
$FILLMODE
 70
1
  9
$QTEXTMODE
 70
0
  9
$MIRRTEXT
 70
1
  9
$LTSCALE
 40
1.0
  9
$ATTMODE
 70
1
  9
$TEXTSIZE
 40
2.5
  9
$TRACEWID
 40
1.0
  9
$TEXTSTYLE
  7
Standard
  9
$CLAYER
  8
0
  9
$CELTYPE
  6
ByLayer
  9
$CECOLOR
 62
256
  9
$CELTSCALE
 40
1.0
  9
$DISPSILH
 70
0
  9
$DIMSCALE
 40
1.0
  9
$DIMASZ
 40
2.5
  9
$DIMEXO
 40
0.625
  9
$DIMDLI
 40
3.75
  9
$DIMRND
 40
0.0
  9
$DIMDLE
 40
0.0
  9
$DIMEXE
 40
1.25
  9
$DIMTP
 40
0.0
  9
$DIMTM
 40
0.0
  9
$DIMTXT
 40
2.5
  9
$DIMCEN
 40
2.5
  9
$DIMTSZ
 40
0.0
  9
$DIMTOL
 70
0
  9
$DIMLIM
 70
0
  9
$DIMTIH
 70
0
  9
$DIMTOH
 70
0
  9
$DIMSE1
 70
0
  9
$DIMSE2
 70
0
  9
$DIMTAD
 70
1
  9
$DIMZIN
 70
8
  9
$DIMBLK
  1

  9
$DIMASO
 70
1
  9
$DIMSHO
 70
1
  9
$DIMPOST
  1

  9
$DIMAPOST
  1

  9
$DIMALT
 70
0
  9
$DIMALTD
 70
3
  9
$DIMALTF
 40
0.03937007874
  9
$DIMLFAC
 40
1.0
  9
$DIMTOFL
 70
1
  9
$DIMTVP
 40
0.0
  9
$DIMTIX
 70
0
  9
$DIMSOXD
 70
0
  9
$DIMSAH
 70
0
  9
$DIMBLK1
  1

  9
$DIMBLK2
  1

  9
$DIMSTYLE
  2
ISO-25
  9
$DIMCLRD
 70
0
  9
$DIMCLRE
 70
0
  9
$DIMCLRT
 70
0
  9
$DIMTFAC
 40
1.0
  9
$DIMGAP
 40
0.625
  9
$DIMJUST
 70
0
  9
$DIMSD1
 70
0
  9
$DIMSD2
 70
0
  9
$DIMTOLJ
 70
0
  9
$DIMTZIN
 70
8
  9
$DIMALTZ
 70
0
  9
$DIMALTTZ
 70
0
  9
$DIMUPT
 70
0
  9
$DIMDEC
 70
2
  9
$DIMTDEC
 70
2
  9
$DIMALTU
 70
2
  9
$DIMALTTD
 70
3
  9
$DIMTXSTY
  7
Standard
  9
$DIMAUNIT
 70
0
  9
$DIMADEC
 70
0
  9
$DIMALTRND
 40
0.0
  9
$DIMAZIN
 70
0
  9
$DIMDSEP
 70
44
  9
$DIMATFIT
 70
3
  9
$DIMFRAC
 70
0
  9
$DIMLDRBLK
  1

  9
$DIMLUNIT
 70
2
  9
$DIMLWD
 70
-2
  9
$DIMLWE
 70
-2
  9
$DIMTMOVE
 70
0
  9
$DIMFXL
 40
1.0
  9
$DIMFXLON
 70
0
  9
$DIMJOGANG
 40
0.785398163397
  9
$DIMTFILL
 70
0
  9
$DIMTFILLCLR
 70
0
  9
$DIMARCSYM
 70
0
  9
$DIMLTYPE
  6

  9
$DIMLTEX1
  6

  9
$DIMLTEX2
  6

  9
$DIMTXTDIRECTION
 70
0
  9
$LUNITS
 70
2
  9
$LUPREC
 70
4
  9
$SKETCHINC
 40
1.0
  9
$FILLETRAD
 40
10.0
  9
$AUNITS
 70
0
  9
$AUPREC
 70
2
  9
$MENU
  1
.
  9
$ELEVATION
 40
0.0
  9
$PELEVATION
 40
0.0
  9
$THICKNESS
 40
0.0
  9
$LIMCHECK
 70
0
  9
$CHAMFERA
 40
0.0
  9
$CHAMFERB
 40
0.0
  9
$CHAMFERC
 40
0.0
  9
$CHAMFERD
 40
0.0
  9
$SKPOLY
 70
0
  9
$TDCREATE
 40
2461298.568402778
  9
$TDUCREATE
 40
2458532.153996898
  9
$TDUPDATE
 40
2461298.568402778
  9
$TDUUPDATE
 40
2458532.1544311
  9
$TDINDWG
 40
0.0
  9
$TDUSRTIMER
 40
0.0
  9
$USRTIMER
 70
1
  9
$ANGBASE
 50
0.0
  9
$ANGDIR
 70
0
  9
$PDMODE
 70
0
  9
$PDSIZE
 40
0.0
  9
$PLINEWID
 40
0.0
  9
$SPLFRAME
 70
0
  9
$SPLINETYPE
 70
6
  9
$SPLINESEGS
 70
8
  9
$HANDSEED
  5
63
  9
$SURFTAB1
 70
6
  9
$SURFTAB2
 70
6
  9
$SURFTYPE
 70
6
  9
$SURFU
 70
6
  9
$SURFV
 70
6
  9
$UCSBASE
  2

  9
$UCSNAME
  2

  9
$UCSORG
 10
0.0
 20
0.0
 30
0.0
  9
$UCSXDIR
 10
1.0
 20
0.0
 30
0.0
  9
$UCSYDIR
 10
0.0
 20
1.0
 30
0.0
  9
$UCSORTHOREF
  2

  9
$UCSORTHOVIEW
 70
0
  9
$UCSORGTOP
 10
0.0
 20
0.0
 30
0.0
  9
$UCSORGBOTTOM
 10
0.0
 20
0.0
 30
0.0
  9
$UCSORGLEFT
 10
0.0
 20
0.0
 30
0.0
  9
$UCSORGRIGHT
 10
0.0
 20
0.0
 30
0.0
  9
$UCSORGFRONT
 10
0.0
 20
0.0
 30
0.0
  9
$UCSORGBACK
 10
0.0
 20
0.0
 30
0.0
  9
$PUCSBASE
  2

  9
$PUCSNAME
  2

  9
$PUCSORG
 10
0.0
 20
0.0
 30
0.0
  9
$PUCSXDIR
 10
1.0
 20
0.0
 30
0.0
  9
$PUCSYDIR
 10
0.0
 20
1.0
 30
0.0
  9
$PUCSORTHOREF
  2

  9
$PUCSORTHOVIEW
 70
0
  9
$PUCSORGTOP
 10
0.0
 20
0.0
 30
0.0
  9
$PUCSORGBOTTOM
 10
0.0
 20
0.0
 30
0.0
  9
$PUCSORGLEFT
 10
0.0
 20
0.0
 30
0.0
  9
$PUCSORGRIGHT
 10
0.0
 20
0.0
 30
0.0
  9
$PUCSORGFRONT
 10
0.0
 20
0.0
 30
0.0
  9
$PUCSORGBACK
 10
0.0
 20
0.0
 30
0.0
  9
$USERI1
 70
0
  9
$USERI2
 70
0
  9
$USERI3
 70
0
  9
$USERI4
 70
0
  9
$USERI5
 70
0
  9
$USERR1
 40
0.0
  9
$USERR2
 40
0.0
  9
$USERR3
 40
0.0
  9
$USERR4
 40
0.0
  9
$USERR5
 40
0.0
  9
$WORLDVIEW
 70
1
  9
$SHADEDGE
 70
3
  9
$SHADEDIF
 70
70
  9
$TILEMODE
 70
1
  9
$MAXACTVP
 70
64
  9
$PINSBASE
 10
0.0
 20
0.0
 30
0.0
  9
$PLIMCHECK
 70
0
  9
$PEXTMIN
 10
1e+20
 20
1e+20
 30
1e+20
  9
$PEXTMAX
 10
-1e+20
 20
-1e+20
 30
-1e+20
  9
$PLIMMIN
 10
0.0
 20
0.0
  9
$PLIMMAX
 10
420.0
 20
297.0
  9
$UNITMODE
 70
0
  9
$VISRETAIN
 70
1
  9
$PLINEGEN
 70
0
  9
$PSLTSCALE
 70
1
  9
$TREEDEPTH
 70
3020
  9
$CMLSTYLE
  2
Standard
  9
$CMLJUST
 70
0
  9
$CMLSCALE
 40
20.0
  9
$PROXYGRAPHICS
 70
1
  9
$MEASUREMENT
 70
1
  9
$CELWEIGHT
370
-1
  9
$ENDCAPS
280
0
  9
$JOINSTYLE
280
0
  9
$LWDISPLAY
290
0
  9
$INSUNITS
 70
6
  9
$HYPERLINKBASE
  1

  9
$STYLESHEET
  1

  9
$XEDIT
290
1
  9
$CEPSNTYPE
380
0
  9
$PSTYLEMODE
290
1
  9
$FINGERPRINTGUID
  2
7B82DB48-B06B-11F1-BD33-BCEE7B8C4939
  9
$VERSIONGUID
  2
7B92116F-B06B-11F1-88FA-BCEE7B8C4939
  9
$EXTNAMES
290
1
  9
$PSVPSCALE
 40
0.0
  9
$OLESTARTUP
290
0
  9
$SORTENTS
280
127
  9
$INDEXCTL
280
0
  9
$HIDETEXT
280
1
  9
$XCLIPFRAME
280
2
  9
$HALOGAP
280
0
  9
$OBSCOLOR
 70
257
  9
$OBSLTYPE
280
0
  9
$INTERSECTIONDISPLAY
280
0
  9
$INTERSECTIONCOLOR
 70
257
  9
$DIMASSOC
280
2
  9
$PROJECTNAME
  1

  9
$CAMERADISPLAY
290
0
  9
$LENSLENGTH
 40
50.0
  9
$CAMERAHEIGHT
 40
0.0
  9
$STEPSPERSEC
 40
24.0
  9
$STEPSIZE
 40
100.0
  9
$3DDWFPREC
 40
2.0
  9
$PSOLWIDTH
 40
0.005
  9
$PSOLHEIGHT
 40
0.08
  9
$LOFTANG1
 40
1.570796326795
  9
$LOFTANG2
 40
1.570796326795
  9
$LOFTMAG1
 40
0.0
  9
$LOFTMAG2
 40
0.0
  9
$LOFTPARAM
 70
7
  9
$LOFTNORMALS
280
1
  9
$LATITUDE
 40
37.795
  9
$LONGITUDE
 40
-122.394
  9
$NORTHDIRECTION
 40
0.0
  9
$TIMEZONE
 70
-8000
  9
$LIGHTGLYPHDISPLAY
280
1
  9
$TILEMODELIGHTSYNCH
280
1
  9
$CMATERIAL
347
20
  9
$SOLIDHIST
280
0
  9
$SHOWHIST
280
1
  9
$DWFFRAME
280
2
  9
$DGNFRAME
280
2
  9
$REALWORLDSCALE
290
1
  9
$INTERFERECOLOR
 62
256
  9
$CSHADOW
280
0
  9
$SHADOWPLANELOCATION
 40
0.0
  0
ENDSEC
  0
SECTION
  2
CLASSES
  0
CLASS
  1
ACDBDICTIONARYWDFLT
  2
AcDbDictionaryWithDefault
  3
ObjectDBX Classes
 90
0
 91
0
280
0
281
0
  0
CLASS
  1
SUN
  2
AcDbSun
  3
SCENEOE
 90
1153
 91
0
280
0
281
0
  0
CLASS
  1
VISUALSTYLE
  2
AcDbVisualStyle
  3
ObjectDBX Classes
 90
4095
 91
0
280
0
281
0
  0
CLASS
  1
MATERIAL
  2
AcDbMaterial
  3
ObjectDBX Classes
 90
1153
 91
0
280
0
281
0
  0
CLASS
  1
SCALE
  2
AcDbScale
  3
ObjectDBX Classes
 90
1153
 91
0
280
0
281
0
  0
CLASS
  1
TABLESTYLE
  2
AcDbTableStyle
  3
ObjectDBX Classes
 90
4095
 91
0
280
0
281
0
  0
CLASS
  1
MLEADERSTYLE
  2
AcDbMLeaderStyle
  3
ACDB_MLEADERSTYLE_CLASS
 90
4095
 91
0
280
0
281
0
  0
CLASS
  1
DICTIONARYVAR
  2
AcDbDictionaryVar
  3
ObjectDBX Classes
 90
0
 91
0
280
0
281
0
  0
CLASS
  1
CELLSTYLEMAP
  2
AcDbCellStyleMap
  3
ObjectDBX Classes
 90
1152
 91
0
280
0
281
0
  0
CLASS
  1
MENTALRAYRENDERSETTINGS
  2
AcDbMentalRayRenderSettings
  3
SCENEOE
 90
1024
 91
0
280
0
281
0
  0
CLASS
  1
ACDBDETAILVIEWSTYLE
  2
AcDbDetailViewStyle
  3
ObjectDBX Classes
 90
1025
 91
0
280
0
281
0
  0
CLASS
  1
ACDBSECTIONVIEWSTYLE
  2
AcDbSectionViewStyle
  3
ObjectDBX Classes
 90
1025
 91
0
280
0
281
0
  0
CLASS
  1
RASTERVARIABLES
  2
AcDbRasterVariables
  3
ISM
 90
0
 91
0
280
0
281
0
  0
CLASS
  1
LAYOUT
  2
AcDbLayout
  3
ObjectDBX Classes
 90
0
 91
0
280
0
281
0
  0
CLASS
  1
ACDBPLACEHOLDER
  2
AcDbPlaceHolder
  3
ObjectDBX Classes
 90
0
 91
0
280
0
281
0
  0
ENDSEC
  0
SECTION
  2
TABLES
  0
TABLE
  2
VPORT
  5
8
330
0
100
AcDbSymbolTable
 70
1
  0
VPORT
  5
23
330
8
100
AcDbSymbolTableRecord
100
AcDbViewportTableRecord
  2
*Active
 70
0
 10
0.0
 20
0.0
 11
1.0
 21
1.0
 12
70.0
 22
50.0
 13
0.0
 23
0.0
 14
0.5
 24
0.5
 15
0.5
 25
0.5
 16
0.0
 26
0.0
 36
1.0
 17
0.0
 27
0.0
 37
0.0
 40
1.0
 41
1.34
 42
50.0
 43
0.0
 44
0.0
 50
0.0
 51
0.0
 71
0
 72
1000
 73
1
 74
3
 75
0
 76
0
 77
0
 78
0
281
0
 65
0
146
0.0
  0
ENDTAB
  0
TABLE
  2
LTYPE
  5
2
330
0
100
AcDbSymbolTable
 70
3
  0
LTYPE
  5
24
330
2
100
AcDbSymbolTableRecord
100
AcDbLinetypeTableRecord
  2
ByBlock
 70
0
  3

 72
65
 73
0
 40
0.0
  0
LTYPE
  5
25
330
2
100
AcDbSymbolTableRecord
100
AcDbLinetypeTableRecord
  2
ByLayer
 70
0
  3

 72
65
 73
0
 40
0.0
  0
LTYPE
  5
26
330
2
100
AcDbSymbolTableRecord
100
AcDbLinetypeTableRecord
  2
Continuous
 70
0
  3

 72
65
 73
0
 40
0.0
  0
ENDTAB
  0
TABLE
  2
LAYER
  5
1
330
0
100
AcDbSymbolTable
 70
2
  0
LAYER
  5
27
330
1
100
AcDbSymbolTableRecord
100
AcDbLayerTableRecord
  2
0
 70
0
 62
7
  6
Continuous
370
-3
390
13
347
21
  0
LAYER
  5
28
330
1
100
AcDbSymbolTableRecord
100
AcDbLayerTableRecord
  2
Defpoints
 70
0
 62
7
  6
Continuous
290
0
370
-3
390
13
347
21
  0
ENDTAB
  0
TABLE
  2
STYLE
  5
5
330
0
100
AcDbSymbolTable
 70
1
  0
STYLE
  5
29
330
5
100
AcDbSymbolTableRecord
100
AcDbTextStyleTableRecord
  2
Standard
 70
0
 40
0.0
 41
1.0
 50
0.0
 71
0
 42
2.5
  3
txt
  4

  0
ENDTAB
  0
TABLE
  2
VIEW
  5
7
330
0
100
AcDbSymbolTable
 70
0
  0
ENDTAB
  0
TABLE
  2
UCS
  5
6
330
0
100
AcDbSymbolTable
 70
0
  0
ENDTAB
  0
TABLE
  2
APPID
  5
3
330
0
100
AcDbSymbolTable
 70
2
  0
APPID
  5
2A
330
3
100
AcDbSymbolTableRecord
100
AcDbRegAppTableRecord
  2
ACAD
 70
0
  0
APPID
  5
62
330
3
100
AcDbSymbolTableRecord
100
AcDbRegAppTableRecord
  2
HATCHBACKGROUNDCOLOR
 70
0
  0
ENDTAB
  0
TABLE
  2
DIMSTYLE
  5
4
330
0
100
AcDbSymbolTable
 70
1
100
AcDbDimStyleTable
  0
DIMSTYLE
105
2B
330
4
100
AcDbSymbolTableRecord
100
AcDbDimStyleTableRecord
  2
Standard
 70
0
 40
1.0
 41
2.5
 42
0.625
 43
3.75
 44
1.25
 45
0.0
 46
0.0
 47
0.0
 48
0.0
 49
2.5
140
2.5
141
2.5
142
0.0
143
0.03937007874
144
1.0
145
0.0
146
1.0
147
0.625
148
0.0
 69
0
 70
0
 71
0
 72
0
 73
0
 74
0
 75
0
 76
0
 77
1
 78
8
 79
0
170
0
171
3
172
1
173
0
174
0
175
0
176
0
177
0
178
0
179
0
271
0
272
2
273
2
274
3
275
0
276
0
277
2
278
44
279
0
280
0
281
0
282
0
283
0
284
8
285
0
286
0
288
0
289
3
290
0
371
-2
372
-2
  0
ENDTAB
  0
TABLE
  2
BLOCK_RECORD
  5
9
330
0
100
AcDbSymbolTable
 70
2
  0
BLOCK_RECORD
  5
17
330
9
100
AcDbSymbolTableRecord
100
AcDbBlockTableRecord
  2
*Model_Space
340
1A
 70
0
280
1
281
0
  0
BLOCK_RECORD
  5
1B
330
9
100
AcDbSymbolTableRecord
100
AcDbBlockTableRecord
  2
*Paper_Space
340
1E
 70
0
280
1
281
0
  0
ENDTAB
  0
ENDSEC
  0
SECTION
  2
BLOCKS
  0
BLOCK
  5
18
330
17
100
AcDbEntity
  8
0
100
AcDbBlockBegin
  2
*Model_Space
 70
0
 10
0.0
 20
0.0
 30
0.0
  3
*Model_Space
  1

  0
ENDBLK
  5
19
330
17
100
AcDbEntity
  8
0
100
AcDbBlockEnd
  0
BLOCK
  5
1C
330
1B
100
AcDbEntity
  8
0
100
AcDbBlockBegin
  2
*Paper_Space
 70
0
 10
0.0
 20
0.0
 30
0.0
  3
*Paper_Space
  1

  0
ENDBLK
  5
1D
330
1B
100
AcDbEntity
  8
0
100
AcDbBlockEnd
  0
ENDSEC
  0
SECTION
  2
ENTITIES
  0
LWPOLYLINE
  5
2D
330
17
100
AcDbEntity
  8
0
100
AcDbPolyline
 90
582
 70
0
 10
5.831063503731387
 20
6.8689615087531255
 10
6.4491620346017395
 20
6.868961477579406
 10
9.115112754445535
 20
4.203010757744049
 10
9.115991066229988
 20
4.202153742693045
 10
9.116890145685701
 20
4.201318540609315
 10
9.171452544302255
 20
4.1518660651208075
 10
9.172371849851213
 20
4.15105317910418
 10
9.173310827744025
 20
4.150263098801181
 10
9.174268912375517
 20
4.1494963001266445
 10
9.175245526631334
 20
4.148753244971418
 10
9.234392380541982
 20
4.104886948488252
 10
9.23538693614622
 20
4.10416808444097
 10
9.236398834015768
 20
4.103473844518463
 10
9.237427464621183
 20
4.102804646904899
 10
9.238472208353853
 20
4.102160894699898
 10
9.301633902934169
 20
4.064303231904253
 10
9.30269413047953
 20
4.063685312880074
 10
9.303769203196156
 20
4.06309359924803
 10
9.304858473500445
 20
4.062528447434287
 10
9.305961285256695
 20
4.061990197865164
 10
9.372529538860755
 20
4.030505758744454
 10
9.3736452277764
 20
4.029994735641367
 10
9.374773121802155
 20
4.029511246825523
 10
9.375912541536835
 20
4.029055583532506
 10
9.377062800636597
 20
4.028628020236847
 10
9.446396524592192
 20
4.003820017151024
 10
9.447556930183975
 20
4.00342081140086
 10
9.448726783282833
 20
4.003050203662811
 10
9.449905379213
 20
4.002708417177122
 10
9.45109200803236
 20
4.0023956578231905
 10
9.522523480676169
 20
3.98450300540348
 10
9.523717427603877
 20
3.9842194615758495
 10
9.524917973450965
 20
3.983965304070716
 10
9.526124395053502
 20
3.9837406859830566
 10
9.527335965708229
 20
3.9835457426144085
 10
9.60017726290982
 20
3.972740756884745
 10
9.601393252808846
 20
3.972575605662078
 10
9.602612929488334
 20
3.97244034606579
 10
9.603835558260668
 20
3.972335059571204
 10
9.605060402659992
 20
3.972259809598968
 10
9.678610025240934
 20
3.9686465483458604
 10
9.679836347467841
 20
3.9686013802237166
 10
9.681063408830628
 20
3.968586321159331
 10
13.681063403920891
 20
3.968586321165349
 10
13.68229046529381
 20
3.968601380229987
 10
13.68351678753083
 20
3.9686465483528806
 10
13.75706641035455
 20
3.972259809648024
 10
13.7582912547569
 20
3.9723350596209857
 10
13.75951388353223
 20
3.972440346116446
 10
13.760733560214689
 20
3.972575605713756
 10
13.761949550116645
 20
3.972740756937593
 10
13.834790847311444
 20
3.9835457427148913
 10
13.836002417966046
 20
3.9837406860843316
 10
13.83720883956844
 20
3.98396530417278
 10
13.838409385415364
 20
3.984219461678699
 10
13.839603332342891
 20
3.9845030055071105
 10
13.91103480497465
 20
4.002395657973426
 10
13.912221433793796
 20
4.00270841732813
 10
13.913400029723732
 20
4.0030502038145865
 10
13.914569882822338
 20
4.003420811553397
 10
13.915730288413853
 20
4.003820017304316
 10
13.985064012353133
 20
4.028628020435373
 10
13.98621427145262
 20
4.029055583731784
 10
13.987353691187009
 20
4.029511247025547
 10
13.988481585212453
 20
4.02999473584213
 10
13.989597274127767
 20
4.030505758945948
 10
14.05616552771145
 20
4.061990198110243
 10
14.057268339467347
 20
4.062528447680086
 10
14.058357609771267
 20
4.063093599494541
 10
14.059432682487508
 20
4.063685313127288
 10
14.060492910032465
 20
4.0643032321521595
 10
14.123654604588367
 20
4.1021608949892645
 10
14.12469934832062
 20
4.10280464719495
 10
14.1257279789256
 20
4.103473844809189
 10
14.126739876794696
 20
4.104168084732359
 10
14.12773443239847
 20
4.104886948780292
 10
14.186881286280268
 20
4.148753245301991
 10
14.187857900533187
 20
4.149496300455974
 10
14.188815985161858
 20
4.150263099129136
 10
14.189754963051932
 20
4.151053179430633
 10
14.19067426859824
 20
4.151866065445637
 10
14.245236667013113
 20
4.20131854079198
 10
14.246135746461151
 20
4.202153742869095
 10
14.247014058238266
 20
4.203010757913119
 10
16.247014054762747
 20
6.203010754446132
 10
16.247871069813733
 20
6.203889066230569
 10
16.248706271897447
 20
6.2047881456862655
 10
16.2981587473856
 20
6.259350544302386
 10
16.298971633402235
 20
6.260269849851353
 10
16.299761713705244
 20
6.261208827744174
 10
16.30052851237979
 20
6.262166912375678
 10
16.30127156753502
 20
6.263143526631507
 10
16.34513786401808
 20
6.322290380542097
 10
16.345856728065357
 20
6.32328493614633
 10
16.34655096798786
 20
6.324296834015871
 10
16.34722016560142
 20
6.32532546462128
 10
16.347863917806418
 20
6.326370208353944
 10
16.385721580601878
 20
6.389531902933961
 10
16.386339499626057
 20
6.390592130479321
 10
16.386931213258098
 20
6.391667203195947
 10
16.387496365071843
 20
6.392756473500236
 10
16.388034614640965
 20
6.393859285256484
 10
16.41951905376201
 20
6.460427538861248
 10
16.420030076865103
 20
6.461543227776907
 10
16.420513565680952
 20
6.4626711218026776
 10
16.420969228973973
 20
6.463810541537374
 10
16.421396792269636
 20
6.464960800637152
 10
16.446204795355417
 20
6.53429452459291
 10
16.446604001105573
 20
6.53545493018467
 10
16.446974608843615
 20
6.5366247832835045
 10
16.447316395329295
 20
6.537803379213648
 10
16.44762915468322
 20
6.538990008032985
 10
16.465521807102725
 20
6.610421480675778
 10
16.46580535093036
 20
6.611615427603496
 10
16.466059508435496
 20
6.6128159734505925
 10
16.466284126523156
 20
6.614022395053141
 10
16.466479069891808
 20
6.615233965707876
 10
16.4772840556215
 20
6.688075262909738
 10
16.477449206844167
 20
6.689291252808762
 10
16.477584466440454
 20
6.690510929488251
 10
16.47768975293504
 20
6.691733558260584
 10
16.477765002907276
 20
6.692958402659908
 10
16.481378264160398
 20
6.76650802524129
 10
16.481423432282547
 20
6.767734347468484
 10
16.481438491346925
 20
6.768961408831559
 10
16.4814384913409
 20
7.228961403921667
 10
16.481423432276255
 20
7.230188465294303
 10
16.481378264153367
 20
7.23141478753104
 10
16.47776500285821
 20
7.304964410354611
 10
16.47768975288525
 20
7.30618925475695
 10
16.47758446638979
 20
7.3074118835322714
 10
16.477449206792482
 20
7.308631560214719
 10
16.477284055568646
 20
7.3098475501166655
 10
16.466479069791433
 20
7.382688847311145
 10
16.466284126421993
 20
7.38390041796576
 10
16.46605950833354
 20
7.385106839568168
 10
16.46580535082762
 20
7.386307385415106
 10
16.465521806999202
 20
7.387501332342645
 10
16.44762915453266
 20
7.458932804975142
 10
16.447316395177957
 20
7.460119433794285
 10
16.4469746086915
 20
7.461298029724216
 10
16.446604000952693
 20
7.462467882822819
 10
16.446204795201773
 20
7.463628288414328
 10
16.421396792070745
 20
7.5329620123534875
 10
16.420969228774332
 20
7.5341122714529805
 10
16.42051356548057
 20
7.535251691187372
 10
16.42003007666398
 20
7.53637958521282
 10
16.419519053560162
 20
7.53749527412814
 10
16.388034614395917
 20
7.604063527711609
 10
16.387496364826074
 20
7.605166339467499
 10
16.38693121301162
 20
7.606255609771413
 10
16.38633949937888
 20
7.607330682487647
 10
16.385721580354012
 20
7.608390910032598
 10
16.34786391751697
 20
7.671552604588386
 10
16.347220165311285
 20
7.672597348320638
 10
16.34655096769705
 20
7.673625978925618
 10
16.345856727773874
 20
7.674637876794715
 10
16.34513786372594
 20
7.675632432398486
 10
16.3012715672042
 20
7.734779286280342
 10
16.300528512050217
 20
7.735755900533263
 10
16.299761713377052
 20
7.736713985161938
 10
16.298971633075553
 20
7.737652963052014
 10
16.298158747060548
 20
7.738572268598324
 10
16.24870627171388
 20
7.793134667013531
 10
16.247871069779706
 20
7.794033746311429
 10
16.24701405488591
 20
7.794912057945511
 10
14.92188844827048
 20
9.120037686530981
 10
14.904760172751027
 20
9.18841759535174
 10
14.904447413396415
 20
9.18960422417074
 10
14.90410562691006
 20
9.19078282010053
 10
14.903735019171357
 20
9.191952673198994
 10
14.903335813420552
 20
9.193113078790372
 10
14.87358109380959
 20
9.276271949129526
 10
14.873153530513239
 20
9.277422208229039
 10
14.872697867219538
 20
9.278561627963454
 10
14.872214378403015
 20
9.279689521988926
 10
14.871703355299255
 20
9.280805210904271
 10
14.833940918132251
 20
9.360647176025632
 10
14.833402668562469
 20
9.361749987781554
 10
14.832837516748075
 20
9.3628392580855
 10
14.83224580311539
 20
9.36391433080177
 10
14.831627884090578
 20
9.364974558346756
 10
14.786221402280601
 20
9.440730696480085
 10
14.785577650074973
 20
9.441775440212371
 10
14.78490845246079
 20
9.442804070817388
 10
14.784214212537675
 20
9.443815968686522
 10
14.783495348489797
 20
9.444810524290332
 10
14.730882111278252
 20
9.515751262412905
 10
14.730139056122441
 20
9.516727876668275
 10
14.72937225744733
 20
9.517685961299305
 10
14.728582177143773
 20
9.51862493919164
 10
14.727769291126595
 20
9.51954424474011
 10
14.668455992749575
 20
9.584986384763312
 10
14.667620790670913
 20
9.585885464212636
 10
14.666763775625276
 20
9.586763775990965
 10
14.66588546384648
 20
9.587620791036125
 10
14.6649863843967
 20
9.588455993114296
 10
14.599544244340779
 20
9.647769291456052
 10
14.598624938791863
 20
9.648582177472733
 10
14.59768596089909
 20
9.649372257775784
 10
14.596727876267638
 20
9.650139056450376
 10
14.595751262011857
 20
9.650882111605657
 10
14.524810523860493
 20
9.703495348778613
 10
14.523815968256294
 20
9.704214212825947
 10
14.522804070386785
 20
9.704908452748509
 10
14.521775439781408
 20
9.705577650362128
 10
14.520730696048775
 20
9.706221402567186
 10
14.444974557890918
 20
9.751627884335766
 10
14.44391433034559
 20
9.752245803360001
 10
14.442839257628997
 20
9.752837516992104
 10
14.441749987324739
 20
9.753402668805906
 10
14.44064717556852
 20
9.753940918375088
 10
14.360805210426568
 20
9.791703355498571
 10
14.35968952151095
 20
9.79221437860172
 10
14.35856162748522
 20
9.792697867417626
 10
14.357422207750561
 20
9.793153530710706
 10
14.356271948650821
 20
9.793581094006427
 10
14.273113078295232
 20
9.823335813572179
 10
14.27195267270347
 20
9.823735019322406
 10
14.270782819604634
 20
9.824105627060517
 10
14.269604223674486
 20
9.82444741354627
 10
14.268417594855144
 20
9.824760172900266
 10
14.182742684666657
 20
9.846220620693213
 10
14.181548737738964
 20
9.846504164520908
 10
14.180348191891891
 20
9.846758322026107
 10
14.179141770289366
 20
9.846982940113831
 10
14.177930199634652
 20
9.847177883482544
 10
14.090564345833563
 20
9.860137383658959
 10
14.089348355931508
 20
9.860302534882068
 10
14.088128679248968
 20
9.860437794478647
 10
14.086906050473571
 20
9.860543080973375
 10
14.085681206071177
 20
9.860618330945604
 10
13.997465789588068
 20
9.864952076434426
 10
13.996239467359148
 20
9.864997244556385
 10
13.995012405994354
 20
9.865012303620487
 10
13.993785344629568
 20
9.864997244555715
 10
13.992559022400673
 20
9.864952076433088
 10
13.904343605920008
 20
9.860618330896212
 10
13.903118761517655
 20
9.860543080923318
 10
13.901896132742316
 20
9.860437794427924
 10
13.90067645605985
 20
9.86030253483068
 10
13.899460466157883
 20
9.860137383606908
 10
13.812094612363587
 20
9.847177883382859
 10
13.810883041708976
 20
9.846982940013485
 10
13.80967662010657
 20
9.846758321925103
 10
13.808476074259634
 20
9.84650416441925
 10
13.807282127332092
 20
9.846220620590902
 10
13.721607217155656
 20
9.82476017275135
 10
13.720420588336491
 20
9.824447413396712
 10
13.719241992406536
 20
9.824105626910319
 10
13.71807213930791
 20
9.823735019171572
 10
13.716911733716373
 20
9.823335813420716
 10
13.633752863377097
 20
9.793581093809731
 10
13.632602604277587
 20
9.793153530513381
 10
13.631463184543174
 20
9.79269786721968
 10
13.630335290517701
 20
9.792214378403159
 10
13.629219601602358
 20
9.7917033552994
 10
13.549377636480784
 20
9.753940918132333
 10
13.548274824724858
 20
9.753402668562549
 10
13.547185554420908
 20
9.752837516748153
 10
13.546110481704636
 20
9.752245803115464
 10
13.545050254159646
 20
9.751627884090652
 10
13.469294116026203
 20
9.706221402280612
 10
13.468249372293917
 20
9.705577650074982
 10
13.467220741688902
 20
9.704908452460801
 10
13.466208843819768
 20
9.704214212537686
 10
13.465214288215957
 20
9.703495348489808
 10
13.394273550093441
 20
9.650882111278312
 10
13.39329693583807
 20
9.6501390561225
 10
13.392338851207036
 20
9.64937225744739
 10
13.391399873314699
 20
9.648582177143828
 10
13.390480567766227
 20
9.64776929112665
 10
13.325038427742934
 20
9.58845599274953
 10
13.324139348293613
 20
9.58762079067087
 10
13.323261036515287
 20
9.586763775625235
 10
13.32240402147013
 20
9.585885463846443
 10
13.32156881939196
 20
9.584986384396666
 10
13.262255521050069
 20
9.519544244340617
 10
13.261442635033383
 20
9.518624938791694
 10
13.260652554730328
 20
9.517685960898918
 10
13.259885756055732
 20
9.516727876267458
 10
13.259142700900446
 20
9.515751262011673
 10
13.206529463727582
 20
9.444810523860372
 10
13.205810599680252
 20
9.443815968256176
 10
13.205116359757692
 20
9.442804070386671
 10
13.204447162144076
 20
9.441775439781297
 10
13.203803409939022
 20
9.440730696048668
 10
13.158396928170626
 20
9.36497455789111
 10
13.15777900914639
 20
9.363914330345782
 10
13.157187295514287
 20
9.362839257629185
 10
13.156622143700483
 20
9.361749987324927
 10
13.156083894131301
 20
9.360647175568705
 10
13.118321457007498
 20
9.280805210426042
 10
13.117810433904344
 20
9.279689521510415
 10
13.117326945088434
 20
9.278561627484674
 10
13.116871281795353
 20
9.277422207750007
 10
13.116443718499628
 20
9.276271948650257
 10
13.086688998933912
 20
9.193113078294504
 10
13.086289793183694
 20
9.191952672702762
 10
13.085919185445588
 20
9.190782819603946
 10
13.085577398959842
 20
9.189604223673818
 10
13.085264639605851
 20
9.188417594854496
 10
13.063804191813103
 20
9.102742684667039
 10
13.063520647985404
 20
9.101548737739336
 10
13.063266490480203
 20
9.100348191892252
 10
13.063041872392477
 20
9.099141770289716
 10
13.062846929023761
 20
9.09793019963499
 10
13.049887428847326
 20
9.010564345833602
 10
13.049722277624218
 20
9.009348355931552
 10
13.049587018027639
 20
9.008128679249017
 10
13.04948173153291
 20
9.006906050473628
 10
13.049406481560684
 20
9.00568120607124
 10
13.045072736071834
 20
8.917465789587931
 10
13.045027567949873
 20
8.916239467359004
 10
13.04501250888577
 20
8.9150124059942
 10
13.045027567950543
 20
8.913785344629407
 10
13.04507273607317
 20
8.912559022400503
 10
13.049406481610081
 20
8.824343605919944
 10
13.049481731582976
 20
8.823118761517604
 10
13.04958701807837
 20
8.821896132742276
 10
13.049722277675611
 20
8.820676456059823
 10
13.04988742889938
 20
8.819460466157869
 10
13.062846929123337
 20
8.732094612363865
 10
13.063041872492713
 20
8.73088304170924
 10
13.063266490581098
 20
8.72967662010682
 10
13.063520648086955
 20
8.72847607425987
 10
13.063804191915306
 20
8.727282127332314
 10
13.085264639755092
 20
8.641607217155153
 10
13.08557739910973
 20
8.640420588335992
 10
13.085919185596124
 20
8.639241992406042
 10
13.086289793334869
 20
8.63807213930742
 10
13.086688999085725
 20
8.636911733715888
 10
13.116443718696688
 20
8.553752863376733
 10
13.116871281993038
 20
8.55260260427722
 10
13.11732694528674
 20
8.551463184542806
 10
13.117810434103262
 20
8.550335290517335
 10
13.11832145720702
 20
8.54921960160199
 10
13.156083894374024
 20
8.469377636480623
 10
13.156622143943807
 20
8.4682748247247
 10
13.1571872957582
 20
8.467185554420753
 10
13.157779009390888
 20
8.466110481704483
 10
13.1583969284157
 20
8.465050254159497
 10
13.203803410225676
 20
8.389294116026168
 10
13.204447162431304
 20
8.388249372293881
 10
13.205116360045487
 20
8.387220741688864
 10
13.205810599968602
 20
8.38620884381973
 10
13.20652946401648
 20
8.38521428821592
 10
13.259142701228026
 20
8.314273550093347
 10
13.259885756383836
 20
8.313296935837977
 10
13.260652555058947
 20
8.312338851206947
 10
13.261442635362505
 20
8.311399873314611
 10
13.262255521379682
 20
8.310480567766142
 10
13.321568819756703
 20
8.24503842774294
 10
13.322404021835364
 20
8.244139348293617
 10
13.323261036881002
 20
8.243261036515287
 10
13.324139348659797
 20
8.242404021470128
 10
13.325038428109577
 20
8.241568819391956
 10
13.390480568165499
 20
8.1822555210502
 10
13.391399873714414
 20
8.18144263503352
 10
13.392338851607187
 20
8.180652554730468
 10
13.39329693623864
 20
8.179885756055876
 10
13.39427355049442
 20
8.179142700900595
 10
13.465214288645784
 20
8.126529463727639
 10
13.466208844249984
 20
8.125810599680305
 10
13.467220742119492
 20
8.125116359757744
 10
13.46824937272487
 20
8.124447162144124
 10
13.469294116457503
 20
8.123803409939066
 10
13.54505025461536
 20
8.078396928170486
 10
13.546110482160687
 20
8.077779009146251
 10
13.54718555487728
 20
8.077187295514149
 10
13.548274825181538
 20
8.076622143700346
 10
13.549377636937757
 20
8.076083894131164
 10
13.62921960207971
 20
8.038321457007681
 10
13.630335290995328
 20
8.037810433904532
 10
13.631463185021058
 20
8.037326945088626
 10
13.632602604755716
 20
8.036871281795547
 10
13.633752863855456
 20
8.036443718499825
 10
13.716911734211045
 20
8.006688998934074
 10
13.718072137596902
 20
8.006289793912579
 10
13.719241988455394
 20
8.00591918679449
 10
13.720420582114775
 20
8.005577400818831
 10
13.721607208636986
 20
8.005264641863914
 10
13.789987171323018
 20
7.988136339386524
 10
14.779162030260622
 20
6.998961331674519
 10
13.349537146106757
 20
5.5693364915444326
 10
10.012589589734896
 20
5.569336523367672
 10
7.581063303745172
 20
8.000862854378584
 10
7.581063303507625
 20
8.618961306272343
 10
7.58104824444272
 20
8.620188367636942
 10
7.58100307631997
 20
8.621414689865647
 10
7.580927826346961
 20
8.622639534267803
 10
7.580822539851463
 20
8.62386216304294
 10
7.580687280254123
 20
8.625081839725203
 10
7.580522129030268
 20
8.626297829626965
 10
7.580327185660816
 20
8.627509400281378
 10
7.580102567572366
 20
8.628715821883585
 10
7.579848410066455
 20
8.62991636773032
 10
7.5795648662380595
 20
8.631110314657661
 10
7.579252106883381
 20
8.632296943476623
 10
7.578910320396958
 20
8.633475539406374
 10
7.578539712658192
 20
8.634645392504801
 10
7.578140506907325
 20
8.635805798096136
 10
7.577712943610975
 20
8.636956057195444
 10
7.5772572803172835
 20
8.638095476929657
 10
7.57677379150078
 20
8.639223370954928
 10
7.576262768397049
 20
8.640339059870076
 10
7.5757245188273
 20
8.641441871625814
 10
7.575159367012947
 20
8.642531141929577
 10
7.574567653380311
 20
8.643606214645667
 10
7.573949734355557
 20
8.644666442190477
 10
7.573305982150001
 20
8.64571118592258
 10
7.5726367845359
 20
8.64673981652742
 10
7.571942544612874
 20
8.64775171439638
 10
7.571223680565093
 20
8.648746270000021
 10
7.570480625409379
 20
8.649722884255238
 10
7.569713826734373
 20
8.650680968886125
 10
7.568923746430925
 20
8.65161994677832
 10
7.568110860413865
 20
8.652539252326653
 10
7.567275658335335
 20
8.653438331775838
 10
7.566418643289837
 20
8.654316643554035
 10
7.565540331511188
 20
8.655173658599068
 10
7.56464125206156
 20
8.656008860677122
 10
7.563721946512796
 20
8.656821746693696
 10
7.5627829686201835
 20
8.657611826996648
 10
7.561824883988893
 20
8.658378625671148
 10
7.560848269733283
 20
8.659121680826345
 10
7.55985371412926
 20
8.6598405448736
 10
7.558841816259934
 20
8.660534784796091
 10
7.557813185654742
 20
8.661203982409647
 10
7.556768441922297
 20
8.661847734614652
 10
7.55570821437716
 20
8.662465653638845
 10
7.554633141660757
 20
8.663057367270913
 10
7.553543871356695
 20
8.66362251908469
 10
7.552441059600672
 20
8.664160768653856
 10
7.551325370685255
 20
8.664671791756996
 10
7.550197476659727
 20
8.665155280572904
 10
7.549058056925275
 20
8.665610943865993
 10
7.54790779782574
 20
8.666038507161735
 10
7.546747392234193
 20
8.666437712911987
 10
7.545577539135572
 20
8.666808320650135
 10
7.544398943205639
 20
8.667150107135935
 10
7.543212314386513
 20
8.667462866489986
 10
7.542018367459022
 20
8.66774641031775
 10
7.54081782161215
 20
8.668000567823027
 10
7.539611400009826
 20
8.668225185910838
 10
7.538399829355309
 20
8.66842012927965
 10
7.53718383945346
 20
8.668585280502862
 10
7.535964162771125
 20
8.668720540099557
 10
7.534741533995932
 20
8.668825826594407
 10
7.533516689593737
 20
8.668901076566769
 10
7.532290367365009
 20
8.668946244688872
 10
7.5310633060004015
 20
8.668961303753127
 10
5.831063506245908
 20
8.668961303507563
 10
5.82983644488123
 20
8.668946244442951
 10
5.8286101226524405
 20
8.66890107632049
 10
5.827385278250193
 20
8.668825826347765
 10
5.8261626494749565
 20
8.668720539852547
 10
5.824942972792588
 20
8.668585280255485
 10
5.823726982890713
 20
8.668420129031901
 10
5.822515412236182
 20
8.668225185662717
 10
5.8213089906338515
 20
8.668000567574529
 10
5.8201084447869835
 20
8.667746410068874
 10
5.818914497859506
 20
8.667462866240731
 10
5.817727869040403
 20
8.6671501068863
 10
5.816549273110503
 20
8.666808320400119
 10
5.815379420011925
 20
8.666437712661589
 10
5.8142190144204315
 20
8.666038506910953
 10
5.813068755320959
 20
8.665610943614828
 10
5.81192933558658
 20
8.665155280321356
 10
5.810801441561135
 20
8.664671791505066
 10
5.809685752645811
 20
8.664160768401542
 10
5.808582940889893
 20
8.663622518831994
 10
5.807493670585943
 20
8.663057367017837
 10
5.806418597869665
 20
8.66246565338539
 10
5.805358370324661
 20
8.66184773436082
 10
5.804313626592361
 20
8.661203982155438
 10
5.8032849959873225
 20
8.660534784541507
 10
5.80227309811816
 20
8.659840544618646
 10
5.8012785425143125
 20
8.659121680571022
 10
5.800301928258886
 20
8.658378625415459
 10
5.799343843627791
 20
8.657611826740597
 10
5.798404865735383
 20
8.656821746437286
 10
5.797485560186834
 20
8.656008860420357
 10
5.796586480737431
 20
8.655173658341951
 10
5.795708168959016
 20
8.65431664329657
 10
5.794851153913762
 20
8.653438331518032
 10
5.794015951835487
 20
8.652539252068507
 10
5.79320306581869
 20
8.651619946519842
 10
5.792412985515515
 20
8.65068096862732
 10
5.791646186840792
 20
8.649722883996112
 10
5.790903131685369
 20
8.64874626974058
 10
5.790184267637889
 20
8.647751714136628
 10
5.789490027715172
 20
8.646739816267365
 10
5.788820830101391
 20
8.64571118566223
 10
5.788177077896162
 20
8.644666441929838
 10
5.787559158871744
 20
8.643606214384745
 10
5.786967445239451
 20
8.64253114166838
 10
5.786402293425451
 20
8.64144187136435
 10
5.785864043856063
 20
8.640339059608353
 10
5.785353020752701
 20
8.639223370692955
 10
5.7848695319365735
 20
8.638095476667441
 10
5.7844138686432665
 20
8.636956056932995
 10
5.783986305347307
 20
8.635805797833461
 10
5.783587099596839
 20
8.63464539224191
 10
5.783216491858478
 20
8.633475539143278
 10
5.782874705372468
 20
8.63229694321333
 10
5.782561946018207
 20
8.631110314394181
 10
5.7822784021902365
 20
8.629916367466663
 10
5.782024244684756
 20
8.628715821619759
 10
5.781799626596742
 20
8.627509400017395
 10
5.781604683227733
 20
8.626297829362835
 10
5.781439532004325
 20
8.625081839460938
 10
5.781304272407438
 20
8.623862162778549
 10
5.781198985912397
 20
8.622639534003298
 10
5.7811237359398495
 20
8.621414689601039
 10
5.7810785678175645
 20
8.620188367372243
 10
5.78106350875313
 20
8.618961306007563
 10
5.78106350875313
 20
6.918961506253126
 10
5.7810785678166
 20
6.917734444927724
 10
5.781123735935994
 20
6.916508122738134
 10
5.7811989859037265
 20
6.9152832783749405
 10
5.781304272392034
 20
6.914060649638541
 10
5.781439531980277
 20
6.912840972994721
 10
5.781604683193144
 20
6.911624983131039
 10
5.781799626549724
 20
6.910413412514271
 10
5.782024244623436
 20
6.909206990949206
 10
5.782278402112762
 20
6.90800644513904
 10
5.782561945922741
 20
6.9068124982476276
 10
5.782874705257199
 20
6.905625869463887
 10
5.783216491721617
 20
6.904447273568581
 10
5.783587099436622
 20
6.903277420503762
 10
5.783986305162
 20
6.902117014945125
 10
5.784413868431165
 20
6.900966755877544
 10
5.784869531696008
 20
6.8998273361740265
 10
5.785353020482032
 20
6.898699442178352
 10
5.785864043553692
 20
6.897583753291645
 10
5.786402293089817
 20
6.89648094156313
 10
5.786967444869034
 20
6.895391671285312
 10
5.787559158465065
 20
6.894316598593833
 10
5.788177077451788
 20
6.893256371072243
 10
5.788820829617936
 20
6.892211627361915
 10
5.7894900271913
 20
6.891182996777354
 10
5.79018426707231
 20
6.890171098927121
 10
5.790903131076847
 20
6.889176543340605
 10
5.791646186188145
 20
6.888199929100864
 10
5.792412984817617
 20
6.887241844483761
 10
5.79320306507447
 20
6.8863028666036055
 10
5.794015951043932
 20
6.8853835610655265
 10
5.794851153073922
 20
6.88448448162477
 10
5.795708168069999
 20
6.883606169853136
 10
5.796586479798409
 20
6.882749154812762
 10
5.797485559197042
 20
6.881913952737428
 10
5.798404864694123
 20
6.881101066721601
 10
5.799343842534431
 20
6.88031098641739
 10
5.800301927112861
 20
6.879544187739597
 10
5.801278541315126
 20
6.878801132579045
 10
5.802273096865386
 20
6.878082268524346
 10
5.803284994680605
 20
6.877388028592302
 10
5.804313625231415
 20
6.876718830967059
 10
5.805358368909276
 20
6.87607507874822
 10
5.806418596399701
 20
6.875457159708024
 10
5.807493669061336
 20
6.874865446057771
 10
5.808582939310651
 20
6.874300294223618
 10
5.809685751012021
 20
6.873762044631872
 10
5.810801439872954
 20
6.873251021503942
 10
5.811929333844244
 20
6.872767532661032
 10
5.81306875352478
 20
6.872311869338724
 10
5.814219012570796
 20
6.8718843060115455
 10
5.815379418109299
 20
6.871485100227643
 10
5.816549271155427
 20
6.871114492453636
 10
5.817727867033495
 20
6.870772705929776
 10
5.818914495801462
 20
6.870459946535471
 10
5.820108442678572
 20
6.870176402665274
 10
5.821308988475922
 20
6.8699222451154
 10
5.8225154100296574
 20
6.869697626980841
 10
5.823726980636593
 20
6.869502683563156
 10
5.824942970491946
 20
6.869337532288961
 10
5.826162647128944
 20
6.869202272639203
 10
5.827385275860034
 20
6.869096986089232
 10
5.828610120219432
 20
6.869021736059725
 10
5.8298364424067435
 20
6.868976567878483
 10
5.831063503731387
 20
6.8689615087531255
  0
LWPOLYLINE
  5
2E
330
17
100
AcDbEntity
  8
0
100
AcDbPolyline
 90
392
 70
0
 10
0.47551250875312195
 20
15.256860404617125
 10
0.4755125087558078
 20
2.57316540780705
 10
0.4755392677716008
 20
2.5715298084060505
 10
0.476072267667198
 20
2.555244811677457
 10
0.4761525488018838
 20
2.553610463537777
 10
0.49199954849662836
 20
2.3118164683592157
 10
0.4920828203538284
 20
2.310728092695271
 10
0.49218983142559
 20
2.3096417942010303
 10
0.49232053071061155
 20
2.308558090604578
 10
0.49657252986628175
 20
2.2762710970976703
 10
0.49672664213413287
 20
2.2751918879967232
 10
0.4969042465271357
 20
2.2741162953441565
 10
0.49710525861621185
 20
2.273044830452191
 10
0.5427852573500576
 20
2.0433978368724635
 10
0.5430096098101462
 20
2.042330881740863
 10
0.5432571733109721
 20
2.041269072157061
 10
0.5435278301383287
 20
2.040212913001914
 10
0.5519538284542146
 20
2.0087629193292833
 10
0.5522477365154043
 20
2.0077119293998984
 10
0.5525645123625178
 20
2.0066676043342286
 10
0.5529040050883693
 20
2.0056304416328192
 10
0.628173002993411
 20
1.7838954478376312
 10
0.6285348065277148
 20
1.7828666129036963
 10
0.6289189635606124
 20
1.7818459138820473
 10
0.6293252913250565
 20
1.780833836381773
 10
0.6417752888294611
 20
1.7507758424348756
 10
0.6422037644308722
 20
1.7497724806404915
 10
0.6426540304954731
 20
1.7487787066709675
 10
0.643125872637839
 20
1.7477949936924408
 10
0.7466978697510458
 20
1.5377719995704557
 10
0.7471909855973026
 20
1.5367989652475567
 10
0.7477052115611516
 20
1.5358369201917133
 10
0.7482403028794363
 20
1.5348863223206524
 10
0.764511299614851
 20
1.5067043279964027
 10
0.765066945868063
 20
1.5057657216101914
 10
0.7656429342959188
 20
1.5048394592078875
 10
0.7662389907913254
 20
1.5039259815884414
 10
0.804863015185243
 20
1.4461209450803556
 10
0.896328013465729
 20
1.309233947673025
 10
0.8969440076818062
 20
1.3083334724025706
 10
0.8975795026503582
 20
1.3074466518277723
 10
0.8982341957983245
 20
1.3065739081833116
 10
0.918063191820793
 20
1.2807329133844065
 10
0.9187365575522641
 20
1.2798749286872684
 10
0.9194284775182313
 20
1.2790318356262491
 10
0.9201386224867715
 20
1.2782040353650146
 10
1.0745166181780346
 20
1.102171040294408
 10
1.0752447013431836
 20
1.1013588709566355
 10
1.0759903276005742
 20
1.1005627769842423
 10
1.0767531421143512
 20
1.0997831372301494
 10
1.0997821374922931
 20
1.076754141867342
 10
1.1005617772400769
 20
1.0759913273605972
 10
1.1013578712058683
 20
1.0752457011099492
 10
1.102170040536756
 20
1.0745176179512441
 10
1.2782030356209126
 20
0.9201396222765936
 10
1.279030980597866
 20
0.919429355876101
 10
1.2798742236035614
 20
0.9187373208496202
 10
1.2807323632639878
 20
0.918063846597897
 10
1.3065713580758653
 20
0.898236850592377
 10
1.3074439126268926
 20
0.8975823114269402
 10
1.308330537697116
 20
0.8969469619573881
 10
1.3092308113334785
 20
0.8963311045523993
 10
1.5039198058956917
 20
0.766243108198705
 10
1.5048332558167359
 20
0.7656470638754516
 10
1.5057594899178477
 20
0.7650710864596829
 10
1.5066980674376698
 20
0.7645154500382498
 10
1.5348900617723604
 20
0.7482384533215589
 10
1.5358408050116021
 20
0.7477032747557453
 10
1.5368029990477514
 20
0.7471889679979935
 10
1.5377761857498518
 20
0.7466957779259873
 10
1.747787179882241
 20
0.6431307808314786
 10
1.7487704947989904
 20
0.6426591292965157
 10
1.7497638626695042
 20
0.6422090363397114
 10
1.7507668109035823
 20
0.6417807160907223
 10
1.7808398048584853
 20
0.6293237186063514
 10
1.7818522129906558
 20
0.6289172361258542
 10
1.7828732487415018
 20
0.6285329390681887
 10
1.7839024260169962
 20
0.6281710103892448
 10
2.0014804781287783
 20
0.5543129926996555
 10
2.0056194751860605
 20
0.5529079937098926
 10
2.0066564757342165
 20
0.5525685529125149
 10
2.0077006364733196
 20
0.5522518218866955
 10
2.0087514601363057
 20
0.5519579514711906
 10
2.0402114538145315
 20
0.5435289531760389
 10
2.0412677644231634
 20
0.5432582486114084
 10
2.0423297272506
 20
0.5430106440549815
 10
2.0433968371962337
 20
0.5427862572747334
 10
2.2730438307783274
 20
0.49710625856225377
 10
2.274115624662673
 20
0.4969051884592287
 10
2.2751915486811884
 20
0.49672754042734657
 10
2.2762710910506305
 20
0.49657339896819347
 10
2.3085630845602756
 20
0.49232139983359086
 10
2.309646390745459
 20
0.49219076608497936
 10
2.3107322896316327
 20
0.49208380311876926
 10
2.3118202640626717
 20
0.4920005618757561
 10
2.5243510345953615
 20
0.47807057691582155
 10
2.5536098070010786
 20
0.47615259183788405
 10
2.5552448118580027
 20
0.4760722676586327
 10
2.5715298085864045
 20
0.4755392677683859
 10
2.573165407971039
 20
0.47551250875312906
 10
22.876859404698784
 20
0.4755125087558078
 10
22.878495104434457
 20
0.47553927105560584
 10
22.89477910116279
 20
0.476072270951203
 10
22.896414147786338
 20
0.47615260116228253
 10
22.922208844107825
 20
0.4778435812545282
 10
23.138203539050025
 20
0.49200056127080644
 10
23.13929151674245
 20
0.4920838025858223
 10
23.140377418880693
 20
0.4921907657659351
 10
23.14146072830399
 20
0.4923213998699437
 10
23.17375272181078
 20
0.4965733990257418
 10
23.17483226417081
 20
0.49672754048417045
 10
23.175908188179967
 20
0.49690518851492055
 10
23.176979982055016
 20
0.4971062586164076
 10
23.406626975633188
 20
0.5427862573499264
 10
23.40769408558801
 20
0.5430106441323134
 10
23.408756048424536
 20
0.543258248691279
 10
23.40981235904215
 20
0.5435289532588451
 10
23.44127235271486
 20
0.5519579515746807
 10
23.442323163281745
 20
0.5522518181739617
 10
23.44336731109755
 20
0.5525685448138284
 10
23.444404298913796
 20
0.552907980661385
 10
23.587821121319408
 20
0.6015912598375156
 10
23.666116118373097
 20
0.6281702588486088
 10
23.66714424868049
 20
0.6285318243903673
 10
23.668164254144216
 20
0.6289157129470422
 10
23.66917565014674
 20
0.6293217421283132
 10
23.699262644094375
 20
0.6417827396332086
 10
23.700266474486074
 20
0.6422113871926222
 10
23.701260708698275
 20
0.6426618453114119
 10
23.70224487291303
 20
0.6431338993166803
 10
23.912240867034587
 20
0.7466928964296854
 10
23.913213607034326
 20
0.7471858605448101
 10
23.914175364551774
 20
0.7476999220231668
 10
23.915125682083936
 20
0.7482348363284146
 10
23.943329676408023
 20
0.7645178330639055
 10
23.944268603059268
 20
0.7650736498441343
 10
23.94519517775353
 20
0.7656498224619767
 10
23.946108959250136
 20
0.766246076540422
 10
24.14079095379928
 20
0.8963290729111464
 10
24.141691398535702
 20
0.8969450485968073
 10
24.14257818944135
 20
0.8975805237405687
 10
24.14345090432327
 20
0.8982351957985885
 10
24.1692918991218
 20
0.9180641918207727
 10
24.170149883818933
 20
0.918737557552241
 10
24.170992976879948
 20
0.919429477518205
 10
24.17182077714118
 20
0.9201396224867425
 10
24.347853772211735
 20
1.074517618177913
 10
24.348665941549523
 20
1.0752457013430738
 10
24.349462035521928
 20
1.0759913276004776
 10
24.350241675276035
 20
1.076754142114268
 10
24.373270670639098
 20
1.0997831374925082
 10
24.37403348514583
 20
1.1005627772402793
 10
24.374779111396464
 20
1.101358871206057
 10
24.375507194555155
 20
1.1021710405369305
 10
24.529885190229777
 20
1.2782040356209805
 10
24.530595335204328
 20
1.2790318358895327
 10
24.531287255175986
 20
1.2798749289581302
 10
24.531960620912816
 20
1.2807329136630965
 10
24.551789616918757
 20
1.3065739084757435
 10
24.5524442889706
 20
1.3074466233504596
 10
24.553079764108517
 20
1.3083334142486496
 10
24.553695739788665
 20
1.309233858977372
 10
24.68377873614169
 20
1.5039158535385442
 10
24.684374825774594
 20
1.504829376907194
 10
24.68495084528875
 20
1.5057556864207136
 10
24.68550652053391
 20
1.5066943412121256
 10
24.7017925172505
 20
1.5349023355465556
 10
24.702327627768568
 20
1.5358529690916658
 10
24.702841871369944
 20
1.5368150506485425
 10
24.703335003264893
 20
1.5377881222480767
 10
24.806891000359368
 20
1.7477801163804003
 10
24.807362754379923
 20
1.7487636474242916
 10
24.80781294033069
 20
1.74975723575954
 10
24.80824134394381
 20
1.7507604084836883
 10
24.82070534142817
 20
1.7808514024383824
 10
24.821111747592155
 20
1.7818636532579148
 10
24.821495975345158
 20
1.7828845287280848
 10
24.821857841822762
 20
1.783913542986566
 10
24.89711683970755
 20
2.0056205367884896
 10
24.897456272634976
 20
2.006657517096699
 10
24.89777299668723
 20
2.0077016572915762
 10
24.898066861034874
 20
2.0087524601356046
 10
24.906495859330203
 20
2.040212453814413
 10
24.906766563894838
 20
2.0412687644230556
 10
24.907014168451266
 20
2.0423307272505027
 10
24.907238555231515
 20
2.043397837196147
 10
24.952918553943988
 20
2.273044830778234
 10
24.953119624047016
 20
2.274116624662585
 10
24.9532972720789
 20
2.2751925486811073
 10
24.95345141353805
 20
2.2762720910505556
 10
24.957703412672675
 20
2.3085640845604636
 10
24.957834043451893
 20
2.309647363635817
 10
24.95794100463328
 20
2.3107332352954777
 10
24.958024245279432
 20
2.3118211824221366
 10
24.97387224495023
 20
2.5536091774409333
 10
24.97395254813105
 20
2.5552439121808708
 10
24.974485548021274
 20
2.5715299089076074
 10
24.974512303753134
 20
2.5731654079700057
 10
24.974512303750462
 20
15.256860404699115
 10
24.974485548018066
 20
15.258495903777877
 10
24.97395254812244
 20
15.274781900506284
 10
24.973872244941976
 20
15.276416635232597
 10
24.95802424524719
 20
15.518204630412416
 10
24.957941004600105
 20
15.519292577549063
 10
24.95783404341735
 20
15.520378449218668
 10
24.957703412636327
 20
15.521461728303906
 10
24.953451413480472
 20
15.553753721811086
 10
24.95329727202204
 20
15.554833264171114
 10
24.953119623991295
 20
15.555909188180266
 10
24.952918553889806
 20
15.556980982055313
 10
24.90723855515647
 20
15.786627975632554
 10
24.90701416837409
 20
15.787695085587355
 10
24.90676656381513
 20
15.788757048423864
 10
24.90649585924757
 20
15.78981335904146
 10
24.89806686093158
 20
15.821273352714904
 10
24.897772990506997
 20
15.822324176406468
 10
24.897456259470857
 20
15.823368337173752
 10
24.89711681866192
 20
15.824405337749656
 10
24.89571180101125
 20
15.828544389746773
 10
24.821853802001204
 20
16.046122386797173
 10
24.821491873318724
 20
16.047151564082235
 10
24.82110757625711
 20
16.048172599842488
 10
24.820701093772247
 20
16.049185007983894
 10
24.80824409626766
 20
16.079258001931592
 10
24.80781577602182
 20
16.080260950156735
 10
24.807365683068543
 20
16.081254318018473
 10
24.806894031537485
 20
16.08223763292661
 10
24.70332903442419
 20
16.29224862704876
 10
24.702835844347742
 20
16.293221813759178
 10
24.70232153758519
 20
16.29418400780345
 10
24.701786359014214
 20
16.295134751050607
 10
24.6855093622791
 20
16.323326745374434
 10
24.684953725861938
 20
16.324265322885832
 10
24.6843777484508
 20
16.325191556978723
 10
24.683781704132528
 20
16.326105006891762
 10
24.553693707760843
 20
16.520794001442393
 10
24.553077850350356
 20
16.521694275086436
 10
24.55244250087497
 20
16.522580900164098
 10
24.551787961703376
 20
16.523453454722308
 10
24.531960965680575
 20
16.549292449521502
 10
24.5312874914342
 20
16.550150589174123
 10
24.53059545641339
 20
16.55099383217226
 10
24.52988519001889
 20
16.551821777141917
 10
24.37550719432821
 20
16.72785477221185
 10
24.374779111163072
 20
16.728666941549612
 10
24.374033484905688
 20
16.729463035521995
 10
24.37327067039192
 20
16.73024267527608
 10
24.350241675014164
 20
16.75327167063874
 10
24.34946203526637
 20
16.754034485145493
 10
24.34866594130057
 20
16.75478011139615
 10
24.347853771969675
 20
16.755508194554864
 10
24.171820776884935
 20
16.909886190230033
 10
24.170992998196514
 20
16.91059631709645
 10
24.170149927487717
 20
16.91128821990999
 10
24.16929196589087
 20
16.911961569463898
 10
24.14345497107883
 20
16.93178756546942
 10
24.14258221767136
 20
16.93244226806175
 10
24.141695386958506
 20
16.933077772020344
 10
24.14079490119021
 20
16.93369377476039
 10
23.94609890662902
 20
17.063785771113405
 10
23.945185404397037
 20
17.064381845652555
 10
23.944259116643384
 20
17.064957851018406
 10
23.9433204842037
 20
17.065513513080486
 10
23.915138489868642
 20
17.081784509797455
 10
23.914187892005494
 20
17.082319601110584
 10
23.913225846957772
 20
17.082833827069628
 10
23.91225281264319
 20
17.083326942911444
 10
23.702229818511697
 20
17.18689894000548
 10
23.70124610552456
 20
17.18737078215175
 10
23.700252331546263
 20
17.187821048219877
 10
23.699248969742946
 20
17.18824952382443
 10
23.669190975788162
 20
17.20069952130892
 10
23.66817889829643
 20
17.201105849069275
 10
23.667158199283477
 20
17.20149000609846
 10
23.66612936435839
 20
17.20185180962944
 10
23.44439437055606
 20
17.277120807514315
 10
23.443357207845626
 20
17.277460300242907
 10
23.44231288277081
 20
17.27777707609237
 10
23.441261892832177
 20
17.27807098415551
 10
23.409811899153784
 20
17.28649698245078
 10
23.40875574000762
 20
17.2867676392752
 10
23.40769393043291
 20
17.28701520277349
 10
23.406626975310495
 20
17.287239555231437
 10
23.176979981727037
 20
17.332919553944194
 10
23.175908516825768
 20
17.33312056603481
 10
23.174832924163834
 20
17.333298170428947
 10
23.17375371505347
 20
17.33345228269752
 10
23.141466721543825
 20
17.337704281831968
 10
23.14038301795726
 20
17.337834981115186
 10
23.139296719472963
 20
17.337941992185577
 10
23.138208343819006
 20
17.338025264041843
 10
22.896414348802725
 20
17.353872263712542
 10
22.894780000649433
 20
17.353952544847584
 10
22.87849500391988
 20
17.354485544737873
 10
22.87685940453523
 20
17.35451230375313
 10
2.5731654078073736
 20
17.35451230375045
 10
2.5715298084063387
 20
17.354485544734658
 10
2.5552448116776243
 20
17.353952544839046
 10
2.553610298475278
 20
17.353872252886
 10
2.311813303295126
 20
17.338024253191172
 10
2.3107253551970075
 20
17.33794101512053
 10
2.3096394825115696
 20
17.33783405647608
 10
2.308556202357342
 20
17.337703428194075
 10
2.276271208850635
 20
17.333452429038253
 10
2.27519162686054
 20
17.333298284109325
 10
2.274115663447577
 20
17.33312063088977
 10
2.273043830451007
 20
17.332919553889802
 10
2.0433968368726365
 20
17.287239555156262
 10
2.042329976485184
 20
17.287015223699466
 10
2.041268260684592
 20
17.286767685323454
 10
2.0402121942172675
 20
17.286497057709532
 10
2.0087652005443237
 20
17.27807205939353
 10
2.007714097336261
 20
17.27777812493592
 10
2.00666966033131
 20
17.277461317798913
 10
2.005632387189308
 20
17.277121788936736
 10
1.7838893933942184
 20
17.201849791031716
 10
1.7828605137143878
 20
17.201487969876876
 10
1.7818397707110758
 20
17.20110379327055
 10
1.7808276500570943
 20
17.20069744400521
 10
1.7507796561103421
 20
17.18825144650091
 10
1.7497764111948002
 20
17.187823017519175
 10
1.7487827519263097
 20
17.187372803113483
 10
1.747799151307301
 20
17.18690101759523
 10
1.537764157185531
 20
17.08332402048209
 10
1.5367908701588915
 20
17.082830777408613
 10
1.5358285781456733
 20
17.08231641328948
 10
1.5348777394187725
 20
17.081781173080618
 10
1.5067087450948098
 20
17.06551717634545
 10
1.5057703298861003
 20
17.064961628930796
 10
1.5048442539849267
 20
17.06438574746805
 10
1.503930957927875
 20
17.063789805905447
 10
1.3092209633776661
 20
16.933688809534008
 10
1.308320522114694
 20
16.9330728396335
 10
1.3074337344774951
 20
16.932437370458082
 10
1.306561022652718
 20
16.931782704545352
 10
1.2807420278539776
 20
16.91197070852301
 10
1.27988399409874
 20
16.911297307453165
 10
1.2790408535981619
 20
16.910605350068433
 10
1.2782130075829246
 20
16.909895165655023
 10
1.1021700125115688
 20
16.75550816996315
 10
1.1013581196153852
 20
16.754780339016534
 10
1.1005622909384098
 20
16.754034976904112
 10
1.0997829049474994
 20
16.753272438092708
 10
1.0767559095846586
 20
16.730246442714503
 10
1.0759928130524221
 20
16.729466542617963
 10
1.075246916628241
 20
16.72867017649457
 10
1.0745185755260727
 20
16.727857723593175
 10
0.9201295798519046
 20
16.55181172850957
 10
0.9194194188135463
 20
16.55098390691374
 10
0.918727483696441
 20
16.55014079180378
 10
0.9180541037558156
 20
16.54928278437346
 10
0.8982421077503715
 20
16.523463789561582
 10
0.8975874418437972
 20
16.522591077743986
 10
0.8969519726742091
 20
16.521704290114222
 10
0.8963360027791965
 20
16.520803848858925
 10
0.7662350064256487
 20
16.326093854296992
 10
0.7656390648580549
 20
16.325180558231924
 10
0.7650631833906729
 20
16.324254482322516
 10
0.7645076359717388
 20
16.32331606710537
 10
0.7482436392549227
 20
16.2951470727704
 10
0.7477083990512268
 20
16.294196234051427
 10
0.7471940349369023
 20
16.29323394204634
 10
0.7467007918678726
 20
16.29226065502803
 10
0.6431237947740337
 20
16.082225660897016
 10
0.6426520092518736
 20
16.081242060269393
 10
0.6422017948426517
 20
16.080248400992122
 10
0.6417733658577722
 20
16.079245156067643
 10
0.6293273683731817
 20
16.049197162112492
 10
0.6289210191119334
 20
16.048185041467054
 10
0.6285368425093206
 20
16.047164298472442
 10
0.6281750213578066
 20
16.046135418801462
 10
0.5529030234729377
 20
15.82439242499904
 10
0.5525634946080207
 20
15.823355151848011
 10
0.5522466874686651
 20
15.822310714833916
 10
0.5519527530091087
 20
15.821259611616604
 10
0.5435277547140392
 20
15.789812617939077
 10
0.5432571271030557
 20
15.788756551480741
 10
0.5430095887295835
 20
15.787694835689248
 10
0.5427852572749283
 20
15.786627975310987
 10
0.497105258562271
 20
15.556980981728062
 10
0.49690418156075905
 20
15.555909148722174
 10
0.49672652834006953
 20
15.554833185299827
 10
0.496572383410413
 20
15.553753603300297
 10
0.49232138427581495
 20
15.52146860979067
 10
0.49219075512159494
 20
15.520385321666563
 10
0.49208379595316554
 20
15.51929944097696
 10
0.49200055770778806
 20
15.518211484851802
 10
0.4860635599000581
 20
15.42762851830031
 10
0.47615256196692274
 20
15.276415549793827
 10
0.4760722676589003
 20
15.274781000657075
 10
0.4755392677686464
 20
15.258496004009938
 10
0.47551250875312195
 20
15.256860404617125
  0
LWPOLYLINE
  5
2F
330
17
100
AcDbEntity
  8
0
100
AcDbPolyline
 90
723
 70
0
 10
4.680563303837016
 20
8.691323930097065
 10
4.680563303753217
 20
6.846599340626123
 10
4.686579823959128
 20
6.759906878301323
 10
4.735531466259681
 20
6.551773983634328
 10
4.799092958797802
 20
6.407821521796102
 10
4.821654509056791
 20
6.356724915420257
 10
4.942152793733894
 20
6.1808195545276865
 10
5.092921539561467
 20
6.030050806161705
 10
5.268826826797142
 20
5.9095525675895235
 10
5.381879401876088
 20
5.859635011747798
 10
5.463873914355475
 20
5.823430926848975
 10
5.67199877486583
 20
5.774480102339336
 10
5.758700796971706
 20
5.7684613040131145
 10
5.870000396275214
 20
5.768461303753126
 10
5.871227460040418
 20
5.768446244626895
 10
5.872453784665331
 20
5.768401076325024
 10
5.873678631454962
 20
5.768325826055318
 10
5.874901262604518
 20
5.768220539145902
 10
5.876120941643832
 20
5.768085279017919
 10
5.877336933880978
 20
5.767920127147335
 10
5.87854850684484
 20
5.767725183015847
 10
5.8797549307263095
 20
5.767500564050974
 10
5.975042901562662
 20
5.748546569900836
 10
5.976243416419746
 20
5.748292418868233
 10
5.977437332705171
 20
5.748008883027727
 10
5.978623931285515
 20
5.747696133161895
 10
5.979802497435043
 20
5.747354357649842
 10
5.980972321266205
 20
5.746983762353733
 10
5.982132698157226
 20
5.7465845704948
 10
5.98328292917652
 20
5.746157022518886
 10
5.984422321503677
 20
5.745701375951615
 10
5.98555018884678
 20
5.745217905243281
 10
5.986665851855765
 20
5.744706901603534
 10
5.987768638531629
 20
5.744168672825978
 10
5.988857884631188
 20
5.7436035431027745
 10
5.989932934067175
 20
5.743011852829373
 10
5.99099313930342
 20
5.7423939583994805
 10
5.992037861744882
 20
5.741750231990393
 10
5.993066472122299
 20
5.741081061338821
 10
6.073847447430685
 20
5.687106077949867
 10
6.074859402950533
 20
5.686411812051281
 10
6.075854014655377
 20
5.685692919382882
 10
6.0768306833675485
 20
5.684949833022654
 10
6.077788820718662
 20
5.6841830006234355
 10
6.078727849504066
 20
5.683392884143241
 10
6.079647204030559
 20
5.6825799595669695
 10
6.080546330457182
 20
5.681744716619654
 10
6.081424687128861
 20
5.680887658471447
 10
8.425288249859866
 20
3.337023096795831
 10
8.537462151733894
 20
3.2509501941931993
 10
8.6131672538292
 20
3.192860115853599
 10
8.622937507187327
 20
3.1853624002871874
 10
8.814600391574322
 20
3.074705566560336
 10
8.838690362378978
 20
3.0607971152792914
 10
9.068854925223448
 20
2.9654592034205556
 10
9.114139018174738
 20
2.9533256826427743
 10
9.309498822384919
 20
2.9009788004636734
 10
9.556497515664066
 20
2.868461304693438
 10
13.805629185323612
 20
2.8684613037538518
 10
14.052627947767578
 20
2.9009797811455096
 10
14.293270024180451
 20
2.965459419868194
 10
14.523436562443262
 20
3.060797173627019
 10
14.739190309197735
 20
3.1853629777722383
 10
14.936825206230685
 20
3.3370137238821997
 10
17.113000852563758
 20
5.513186388900184
 10
17.26466183077298
 20
5.71083449828168
 10
17.389227632678306
 20
5.926588237488752
 10
17.48456538813154
 20
6.15675477505
 10
17.54904502862564
 20
6.397396850988358
 10
17.58156350781637
 20
6.644395613047692
 10
17.581563508748822
 20
7.353527185350783
 10
17.549045031360755
 20
7.600525947767716
 10
17.48456542349029
 20
7.841167909037894
 10
17.464959590477186
 20
7.888500114155664
 10
17.389229611539303
 20
8.071329620225768
 10
17.264660764958382
 20
8.287089419751464
 10
17.113005732132446
 20
8.484731558715406
 10
16.934562313042367
 20
8.663175966073844
 10
16.934520968965884
 20
8.663216310624332
 10
15.92539614681472
 20
9.672341132529791
 10
15.924539102016697
 20
9.673219475558323
 10
15.923703871737432
 20
9.674118587699374
 10
15.922890959123793
 20
9.675037927323329
 10
15.922100853878373
 20
9.675976940615433
 10
15.921334031964495
 20
9.676935061909415
 10
15.920590955319486
 20
9.677911714028253
 10
15.91987207157641
 20
9.678906308631863
 10
15.9191778137944
 20
9.679918246571514
 10
15.86520182470097
 20
9.76070023016224
 10
15.864532654220808
 20
9.761728833752134
 10
15.863888927695669
 20
9.762773549329454
 10
15.863271032858679
 20
9.763833747635001
 10
15.86267934188387
 20
9.764908790083929
 10
15.862114211162014
 20
9.765998029150378
 10
15.861575981085952
 20
9.767100808757501
 10
15.861064975845576
 20
9.768216464672633
 10
15.860581503232549
 20
9.769344324907378
 10
15.837995678766362
 20
9.823871469384024
 10
15.787751344111564
 20
9.91089625090519
 10
15.703603700468165
 20
10.056644528925567
 10
15.539967698259336
 20
10.269902579770102
 10
15.349902492839494
 20
10.45996778648915
 10
15.136653352691066
 20
10.62359881420631
 10
14.90387941648826
 20
10.757991718576214
 10
14.655538377588215
 20
10.860859227060612
 10
14.54353154921169
 20
10.890871195542099
 10
14.395903013743162
 20
10.93042801461716
 10
14.129409253919254
 20
10.965512507823295
 10
13.860615529809637
 20
10.96551250874193
 10
13.594125711535677
 20
10.930428998382471
 10
13.334488754934823
 20
10.860860375618792
 10
13.163796756857371
 20
10.790157614710935
 10
13.08615337860306
 20
10.757995733393654
 10
12.853385431159994
 20
10.623608656557737
 10
12.653040714641994
 20
10.469881050241144
 10
12.640118768123457
 20
10.45996523365938
 10
12.532740679757984
 20
10.352587146596253
 10
12.531862336752155
 20
10.351730101830325
 10
12.530963224635235
 20
10.350894871581895
 10
12.530043885036788
 20
10.350081958997777
 10
12.52910487177152
 20
10.349291853780517
 10
12.528146750505648
 20
10.348525031893391
 10
12.527170098416144
 20
10.347781955273684
 10
12.526175503843039
 20
10.347063071554409
 10
12.525163565935001
 20
10.346368813794662
 10
12.444381590693437
 20
10.292392830279795
 10
12.443352980021135
 20
10.29172365531481
 10
12.442308257145555
 20
10.291079924655161
 10
12.441248051338885
 20
10.290462026041762
 10
12.440173001199218
 20
10.289870331656006
 10
12.439083754265887
 20
10.289305197895587
 10
12.437980966629445
 20
10.288766965159827
 10
12.436865302536466
 20
10.288255957644648
 10
12.435737433989454
 20
10.287772483147288
 10
12.434598040342074
 20
10.287316832880915
 10
12.43344780788995
 20
10.286889281299214
 10
12.432287429457286
 20
10.286490085931073
 10
12.43111760397956
 20
10.286119487225466
 10
12.429939036082525
 20
10.285777708406625
 10
12.428752435657787
 20
10.28546495533958
 10
12.427558517435223
 20
10.285181416406159
 10
12.426358000552467
 20
10.284927262391527
 10
12.33107102975792
 20
10.265973268105206
 10
12.32986459393934
 20
10.265748644566365
 10
12.328653008880687
 20
10.265553696459921
 10
12.327437004413309
 20
10.265388541218188
 10
12.326217313030702
 20
10.26525327832694
 10
12.324994669447275
 20
10.265147989265467
 10
12.323769810155783
 20
10.265072737457515
 10
12.322543472983664
 20
10.265027568233064
 10
12.321316396648605
 20
10.26501250880103
 10
11.755013297481174
 20
10.26501250875702
 10
11.755012414167414
 20
9.86501240529157
 10
12.355012314469162
 20
9.865012303753122
 10
12.356239375699127
 20
9.864997244484277
 10
12.357465697788355
 20
9.86495207616419
 10
12.358690542046428
 20
9.864876826000565
 10
12.35991317067313
 20
9.864771539321273
 10
12.361132847202846
 20
9.864636279547064
 10
12.362348836948206
 20
9.864471128153346
 10
12.363560407442607
 20
9.864276184621126
 10
12.364766828881452
 20
9.86405156637707
 10
12.365967374561727
 20
9.86379740872278
 10
12.367161321319767
 20
9.863513864753292
 10
12.36834794996684
 20
9.863201105264855
 10
12.369526545722376
 20
9.862859318652047
 10
12.370696398644515
 20
9.862488710794299
 10
12.371856804057755
 20
9.86208950493188
 10
12.373007062977413
 20
9.861661941531422
 10
12.374146482530676
 20
9.861206278141074
 10
12.37527437637396
 20
9.860722789235362
 10
12.376390065106335
 20
9.860211766049867
 10
12.377492876678772
 20
9.859673516405778
 10
12.378582146798959
 20
9.859108364524483
 10
12.379657219331449
 20
9.858516650832271
 10
12.380717446692884
 20
9.857898731755267
 10
12.381762190242089
 20
9.857254979504738
 10
12.382790820664747
 20
9.856585781852885
 10
12.38380271835249
 20
9.855891541899263
 10
12.384797273776117
 20
9.855172677827971
 10
12.385773887852762
 20
9.85442962265575
 10
12.386731972306748
 20
9.853662823971158
 10
12.387670950023951
 20
9.85287274366495
 10
12.388590255399427
 20
9.852059857651854
 10
12.389489334678109
 20
9.851224655583904
 10
12.390367646288379
 20
9.85036764055549
 10
12.391224661168277
 20
9.849489328800303
 10
12.392059863084196
 20
9.848590249380393
 10
12.392872748941842
 20
9.847670943867463
 10
12.393662829089276
 20
9.846731966016662
 10
12.394429627611862
 20
9.845773881433015
 10
12.395172682618941
 20
9.844797267230723
 10
12.39589154652206
 20
9.843802711685539
 10
12.396585786304575
 20
9.842790813880404
 10
12.397254983782494
 20
9.841762183344589
 10
12.397898735856362
 20
9.84071743968653
 10
12.398516654754086
 20
9.839657212220608
 10
12.399108368264509
 20
9.838582139588063
 10
12.399673519961615
 20
9.837492869372312
 10
12.400211769419226
 20
9.83639005770886
 10
12.400722792416065
 20
9.835274368890074
 10
12.401206281131055
 20
9.834146474965035
 10
12.401661944328733
 20
9.83300705533472
 10
12.40208950753469
 20
9.831856796342764
 10
12.40248871320089
 20
9.830696390862022
 10
12.402859320860822
 20
9.829526537877214
 10
12.403201107274336
 20
9.828347942063884
 10
12.403513866562122
 20
9.827161313363925
 10
12.40379741032972
 20
9.82596736655794
 10
12.404051567781003
 20
9.824766820834688
 10
12.40427618582106
 20
9.823560399357863
 10
12.40447112914841
 20
9.822348828830496
 10
12.404636280336511
 20
9.82113283905721
 10
12.40477153990448
 20
9.819913162504621
 10
12.404876826377032
 20
9.818690533860117
 10
12.404952076333544
 20
9.81746568958932
 10
12.404997244446266
 20
9.816239367492456
 10
12.405012303507624
 20
9.815012306259943
 10
12.40501230375313
 20
8.015012506505661
 10
12.404997244688865
 20
8.013785445141055
 10
12.404952076566753
 20
8.012559122912329
 10
12.404876826594382
 20
8.011334278510136
 10
12.40477154009952
 20
8.010111649734945
 10
12.404636280502817
 20
8.008891973052613
 10
12.404471129279594
 20
8.007675983150765
 10
12.404276185910774
 20
8.006464412496252
 10
12.404051567822954
 20
8.00525799089393
 10
12.403797410317667
 20
8.004057445047062
 10
12.403513866489895
 20
8.002863498119575
 10
12.403201107135834
 20
8.001676869300452
 10
12.402859320650027
 20
8.000498273370523
 10
12.40248871291187
 20
7.999328420271906
 10
12.402089507161609
 20
7.998168014680364
 10
12.401661943865859
 20
7.997017755580834
 10
12.401206280572762
 20
7.9958783358463865
 10
12.400722791756847
 20
7.994750441820863
 10
12.400211768653698
 20
7.993634752905451
 10
12.399673519084523
 20
7.992531941149434
 10
12.399108367270738
 20
7.991442670845377
 10
12.398516653638664
 20
7.99036759812898
 10
12.397898734614463
 20
7.989307370583848
 10
12.397254982409452
 20
7.9882626268514105
 10
12.396585784795889
 20
7.987233996246224
 10
12.395891544873392
 20
7.986222098376904
 10
12.39517268082613
 20
7.985227542772887
 10
12.394429625670925
 20
7.984250928517283
 10
12.39366282699642
 20
7.983292843886
 10
12.392872746693461
 20
7.982353865993393
 10
12.392059860676882
 20
7.981434560444637
 10
12.391224658598823
 20
7.980535480995017
 10
12.390367643553784
 20
7.979657169216375
 10
12.389489331775582
 20
7.978800154170884
 10
12.388590252326392
 20
7.9779649520923615
 10
12.387670946778053
 20
7.977152066075309
 10
12.386731968885854
 20
7.976361985771868
 10
12.385773884254965
 20
7.97559518709687
 10
12.384797269999742
 20
7.974852131941163
 10
12.383802714396095
 20
7.97413326789339
 10
12.382790816527132
 20
7.973439027970372
 10
12.381762185922291
 20
7.972769830356279
 10
12.380717442190184
 20
7.9721260781507315
 10
12.37965721464537
 20
7.971508159125985
 10
12.378582141929277
 20
7.970916445493357
 10
12.377492871625511
 20
7.970351293679012
 10
12.37639005986977
 20
7.969813044109271
 10
12.375274370954621
 20
7.969302021005548
 10
12.374146476929347
 20
7.968818532189053
 10
12.373007057195133
 20
7.96836286889537
 10
12.371856798095823
 20
7.967935305599028
 10
12.370696392504486
 20
7.967536099848169
 10
12.36952653940606
 20
7.967165492109411
 10
12.368347943476307
 20
7.966823705622997
 10
12.367161314657345
 20
7.966510946268326
 10
12.365967367730004
 20
7.966227402439939
 10
12.364766821883267
 20
7.965973244934036
 10
12.363560400281061
 20
7.965748626845594
 10
12.362348829626647
 20
7.965553683476151
 10
12.361132839724885
 20
7.965388532252303
 10
12.359913163042624
 20
7.965253272654972
 10
12.358690534267486
 20
7.965147986159482
 10
12.357465689865332
 20
7.96507273618648
 10
12.356239367636629
 20
7.9650275680637375
 10
12.35501230627203
 20
7.965012508998841
 10
11.755012402753108
 20
7.96501250877203
 10
11.755012314753126
 20
7.565013318317608
 10
12.32131648573618
 20
7.565012303753046
 10
12.322543538295195
 20
7.564997242705785
 10
12.32376985168025
 20
7.564952073032745
 10
12.32499468721659
 20
7.564876821942059
 10
12.326217307119643
 20
7.5647715347615225
 10
12.327436974939438
 20
7.564636274911287
 10
12.3286529560042
 20
7.564471123865663
 10
12.329864517862886
 20
7.564276181104042
 10
12.331070930726378
 20
7.564051564050973
 10
12.42635890156239
 20
7.545097569900892
 10
12.427559425078579
 20
7.544843416923824
 10
12.428753349922454
 20
7.544559878715023
 10
12.429939956945042
 20
7.544247126060963
 10
12.43111853140518
 20
7.543905347345153
 10
12.432288363400051
 20
7.5435347484346655
 10
12.433448748292767
 20
7.543135552556138
 10
12.434598987136813
 20
7.542708000161312
 10
12.435738387097048
 20
7.542252348782198
 10
12.43686626186703
 20
7.541768872875958
 10
12.437981932082398
 20
7.541257863659586
 10
12.439084725730085
 20
7.540719628934494
 10
12.440173978553103
 20
7.540154492901117
 10
12.441249034450644
 20
7.5395627959636276
 10
12.442309245873284
 20
7.538944894524901
 10
12.443353974213018
 20
7.538301160771838
 10
12.444382590187928
 20
7.537631982451184
 10
12.525164565496397
 20
7.483655999062317
 10
12.526176503442322
 20
7.4829617412780784
 10
12.527171098052056
 20
7.482242857532493
 10
12.528147750176862
 20
7.481499780884701
 10
12.529105871476643
 20
7.480732958967771
 10
12.530044884774366
 20
7.479942853719035
 10
12.530964224403753
 20
7.479129941101825
 10
12.531863336550039
 20
7.478294710818742
 10
12.5327416795836
 20
7.47743766601666
 10
12.640118371112536
 20
7.370060974554057
 10
12.854351428983223
 20
7.205673981453621
 10
12.85531570918509
 20
7.204915082648171
 10
12.856261075564378
 20
7.204132748887209
 10
12.857186958721677
 20
7.2033274513746965
 10
12.858092800992429
 20
7.202499675145789
 10
12.858978056782815
 20
7.201649918774695
 10
12.859842192898366
 20
7.200778694074387
 10
12.860684688865112
 20
7.199886525788331
 10
12.861505037243061
 20
7.1989739512744295
 10
12.925564017666714
 20
7.125929973669334
 10
12.926361768441671
 20
7.124997489745472
 10
12.927136394444727
 20
7.124045708718874
 10
12.927887429062027
 20
7.123075203916814
 10
12.928614419890527
 20
7.1220865599452665
 10
12.92931692901052
 20
7.121080372336751
 10
12.929994533249419
 20
7.120057247191604
 10
12.930646824436664
 20
7.119017800812879
 10
12.9312734096496
 20
7.117962659335099
 10
12.93187391145016
 20
7.116892458347093
 10
12.932447968112218
 20
7.115807842509134
 10
12.932995233839492
 20
7.114709465164614
 10
12.933515378973834
 20
7.113597987946483
 10
12.934008090193815
 20
7.112474080378706
 10
12.934473070703458
 20
7.111338419472952
 10
12.934910040411017
 20
7.110191689320789
 10
12.935318736097699
 20
7.109034580681598
 10
12.966548723392762
 20
7.017035618400907
 10
12.966928898344962
 20
7.015868829971054
 10
12.967280324164562
 20
7.014693062933056
 10
12.967602789162715
 20
7.013509025535299
 10
12.967896099095743
 20
7.012317431007992
 10
12.968160077282144
 20
7.0111189971335435
 10
12.96839456470902
 20
7.009914445814189
 10
12.968599420127864
 20
7.008704502637138
 10
12.96877452013964
 20
7.007489896437501
 10
12.968919759269115
 20
7.006271358859258
 10
12.969035050028399
 20
7.005049623914539
 10
12.96912032296964
 20
7.0038254275414795
 10
12.969175526726863
 20
7.002599507160904
 10
12.969200628046904
 20
7.001372601232133
 10
12.969195611809448
 20
7.000145448808152
 10
12.969160481036134
 20
6.998918789090427
 10
12.969095256888732
 20
6.997693360983635
 10
12.962741259585595
 20
6.900746400694177
 10
12.962645980729363
 20
6.899522935446948
 10
12.962520704842087
 20
6.898302176984478
 10
12.962365507387227
 20
6.897084860665016
 10
12.962180481852343
 20
6.895871719773337
 10
12.961965739692776
 20
6.894663485079029
 10
12.961721410264515
 20
6.893460884396296
 10
12.961447640746275
 20
6.892264642145535
 10
12.961144596050836
 20
6.891075478916962
 10
12.960812458725705
 20
6.889894111036546
 10
12.960451428843161
 20
6.888721250134506
 10
12.960061723879718
 20
6.8875576027166465
 10
12.95964357858514
 20
6.886403869738767
 10
12.959197244841025
 20
6.885260746184427
 10
12.958722991509077
 20
6.884128920646298
 10
12.958221104269148
 20
6.883009074911378
 10
12.957691885447154
 20
6.881901883550288
 10
12.914720903134956
 20
6.79476591920454
 10
12.914164695328354
 20
6.793672094595952
 10
12.913581812006829
 20
6.792592249036641
 10
12.912972604257222
 20
6.791527032947626
 10
12.912337439022307
 20
6.790477087938194
 10
12.911676698879779
 20
6.7894430464194295
 10
12.910990781811803
 20
6.788425531223309
 10
12.910280100965313
 20
6.787425155227542
 10
12.909545084403153
 20
6.7864425209864185
 10
12.908786174846247
 20
6.78547822036788
 10
12.908003829406933
 20
6.784532834197016
 10
12.907198519313635
 20
6.783606931906216
 10
12.906370729627024
 20
6.782701071192189
 10
12.905520958947857
 20
6.781815797680044
 10
12.904649719116655
 20
6.780951644594645
 10
12.903757534905408
 20
6.780109132439436
 10
12.902844943701483
 20
6.7792887686829255
 10
12.829800973687002
 20
6.7152297948550554
 10
12.828868489762382
 20
6.71443204407871
 10
12.82791670873497
 20
6.713657418074312
 10
12.826946203932039
 20
6.71290638345572
 10
12.825957559959567
 20
6.712179392625978
 10
12.824951372350078
 20
6.711476883504796
 10
12.82392824720391
 20
6.710799279264763
 10
12.822888800824114
 20
6.71014698807644
 10
12.82183365934522
 20
6.709520402862483
 10
12.820763458356057
 20
6.7089199010609635
 10
12.8196788425169
 20
6.708345844398005
 10
12.818580465171145
 20
6.707798578669894
 10
12.817468987951745
 20
6.707278433534777
 10
12.816345080382664
 20
6.706785722314085
 10
12.815209419475575
 20
6.706320741803798
 10
12.81406268932205
 20
6.705883772095663
 10
12.81290558068147
 20
6.705475076408471
 10
12.720906612006413
 20
6.674245086942807
 10
12.719775262353682
 20
6.673875994277825
 10
12.71863544910388
 20
6.67353393114381
 10
12.717487817930014
 20
6.673219091310164
 10
12.716333018933735
 20
6.672931653125036
 10
12.715171706277065
 20
6.672671779414291
 10
12.71400453781184
 20
6.672439617389271
 10
12.71283217470705
 20
6.672235298563411
 10
12.711655281074302
 20
6.672058938677733
 10
12.71047452359163
 20
6.671910637635284
 10
12.709290571125829
 20
6.671790479444547
 10
12.708104094353565
 20
6.671698532171848
 10
12.675602110714273
 20
6.669568533187461
 10
12.67451307289472
 20
6.669509084606473
 10
12.673422997479681
 20
6.669473404139495
 10
12.672332403143445
 20
6.669461508763833
 10
10.592127416348022
 20
6.669461508753132
 10
10.590900352568156
 20
6.66947656787685
 10
10.589674027928535
 20
6.669521736176926
 10
10.58844918112418
 20
6.669596986445558
 10
10.587226549959908
 20
6.669702273354621
 10
10.586006870905914
 20
6.669837533482966
 10
10.584790878654148
 20
6.67000268535463
 10
10.583579305675755
 20
6.67019762948791
 10
10.58237288177987
 20
6.670422248455285
 10
10.487084910943858
 20
6.689376242605359
 10
10.485884387427669
 20
6.689630395582428
 10
10.484690462583792
 20
6.689913933791229
 10
10.483503855561205
 20
6.690226686445288
 10
10.482325281101065
 20
6.690568465161099
 10
10.481155449106195
 20
6.690939064071586
 10
10.47999506421348
 20
6.691338259950113
 10
10.478844825369434
 20
6.69176581234494
 10
10.477705425409196
 20
6.692221463724053
 10
10.476577550639215
 20
6.692704939630294
 10
10.475461880423847
 20
6.6932159488466665
 10
10.47435908677616
 20
6.693754183571758
 10
10.473269833953141
 20
6.694319319605135
 10
10.472194778055599
 20
6.694911016542625
 10
10.471134566632958
 20
6.695528917981352
 10
10.470089838293225
 20
6.696172651734415
 10
10.469061222318315
 20
6.69684183005507
 10
10.388279247009846
 20
6.750817813443944
 10
10.38726730906245
 20
6.751512071229217
 10
10.386272714451296
 20
6.752230954975911
 10
10.385296062325127
 20
6.752974031624879
 10
10.384337941024038
 20
6.7537408535430545
 10
10.383398927725066
 20
6.7545309587931
 10
10.382479588094494
 20
6.755343871411684
 10
10.381580475947084
 20
6.756179101696201
 10
10.380702132912468
 20
6.757036146499777
 10
8.769138146811152
 20
8.36860013253335
 10
8.76828110201365
 20
8.369478475561511
 10
8.767445871734887
 20
8.370377587702169
 10
8.76663295912173
 20
8.371296927325709
 10
8.765842853876768
 20
8.372235940617376
 10
8.765076031963325
 20
8.373194061910901
 10
8.76433295531873
 20
8.374170714029262
 10
8.76361407157604
 20
8.375165308632374
 10
8.762919813794392
 20
8.37617724657151
 10
8.708943830279802
 20
8.456959221812783
 10
8.708274651957643
 20
8.45798783778672
 10
8.707630918203053
 20
8.459032566125517
 10
8.707013016762778
 20
8.460092777547256
 10
8.706421319823717
 20
8.461167833443938
 10
8.705856183788747
 20
8.462257086266135
 10
8.705317949062044
 20
8.463359879913039
 10
8.70480693984404
 20
8.464475550127665
 10
8.704323463936154
 20
8.465603424896942
 10
8.703867812555375
 20
8.466742824856517
 10
8.70344026015887
 20
8.467893063699943
 10
8.703041064278647
 20
8.46905344859208
 10
8.702670465366452
 20
8.470223280586412
 10
8.70232868664892
 20
8.471401855046055
 10
8.702015933993128
 20
8.47258846206819
 10
8.701732395782585
 20
8.473782386911656
 10
8.701478242803763
 20
8.474982910427478
 10
8.6825242485174
 20
8.570270881222022
 10
8.682299629547163
 20
8.571477305123924
 10
8.682104685411327
 20
8.572688878108426
 10
8.681939533537413
 20
8.573904870366386
 10
8.68180427340713
 20
8.575124549426642
 10
8.68169898649644
 20
8.576347180597237
 10
8.681623736226491
 20
8.577572027407962
 10
8.681578567925417
 20
8.578798352053987
 10
8.681563508801014
 20
8.580025415840286
 10
8.681563508753857
 20
8.691324202463203
 10
8.675546071990777
 20
8.778016361760509
 10
8.626595312124158
 20
8.986146942786101
 10
8.54047223501984
 20
9.18119799698054
 10
8.419974018772335
 20
9.357103257978572
 10
8.269205271532991
 20
9.50787200775633
 10
8.268162533134422
 20
9.508586302156646
 10
7.0914094400386105
 20
9.508586320979731
 10
7.027722033429033
 20
9.47846443106244
 10
7.026606345928368
 20
9.477953408759678
 10
7.025478453352471
 20
9.477469920672656
 10
7.02433903509986
 20
9.477014258035744
 10
7.023188777511675
 20
9.476586695322355
 10
6.944649844927906
 20
9.448485015872416
 10
6.943489439336378
 20
9.448085810121542
 10
6.942319586237759
 20
9.447715202382778
 10
6.9411409903078125
 20
9.447373415896367
 10
6.939954361488655
 20
9.447060656541709
 10
6.859039169074161
 20
9.426792455935704
 10
6.857845222146622
 20
9.426508912107337
 10
6.856644676299687
 20
9.426254754601464
 10
6.855438254697282
 20
9.426030136513063
 10
6.854226684042672
 20
9.425835193143667
 10
6.771714489332695
 20
9.413595665233073
 10
6.770498499430732
 20
9.413430514009283
 10
6.76927882274827
 20
9.41329525441202
 10
6.768056193972936
 20
9.413189967916606
 10
6.766831349570586
 20
9.413114717943692
 10
6.683516790106401
 20
9.4090217360732
 10
6.682290467877505
 20
9.408976567950553
 10
6.681063406512717
 20
9.408961508885762
 10
6.67983634514792
 20
9.408976567949844
 10
6.678610022918998
 20
9.409021736071784
 10
6.595295463452369
 20
9.413114717894222
 10
6.594070619049975
 20
9.413189967866431
 10
6.59284799027458
 20
9.41329525436114
 10
6.59162831359204
 20
9.4134305139577
 10
6.590412323689983
 20
9.413595665180788
 10
6.507900128973213
 20
9.425835193043747
 10
6.506688558318492
 20
9.426030136412443
 10
6.505482136715962
 20
9.426254754500148
 10
6.504281590868883
 20
9.426508912005328
 10
6.503087643941183
 20
9.426792455833004
 10
6.422172451514638
 20
9.447060656392404
 10
6.420985822695293
 20
9.44737341574638
 10
6.419807226765142
 20
9.447715202232114
 10
6.418637373666302
 20
9.448085809970205
 10
6.417476968074537
 20
9.448485015720413
 10
6.338938035474454
 20
9.47658669512512
 10
6.3377877763747055
 20
9.477014258420823
 10
6.3366483566400404
 20
9.477469921713885
 10
6.3355204626143005
 20
9.477953410529773
 10
6.334404773698673
 20
9.478464433632904
 10
6.258998473779763
 20
9.514128957348245
 10
6.257895662023535
 20
9.514667206917409
 10
6.256806391719269
 20
9.515232358731193
 10
6.255731319002665
 20
9.515824072363278
 10
6.254671091457329
 20
9.516441991387497
 10
6.183123628109161
 20
9.559325890553781
 10
6.182078884376519
 20
9.559969642758821
 10
6.181050253771132
 20
9.560638840372423
 10
6.1800383559016145
 20
9.561333080294967
 10
6.179043800297405
 20
9.562051944342283
 10
6.112044214703287
 20
9.611742223568196
 10
6.111067600447493
 20
9.612485278723465
 10
6.110109515816024
 20
9.613252077398043
 10
6.109170537923237
 20
9.614042157701082
 10
6.108251232374304
 20
9.61485504371775
 10
6.0464447671696355
 20
9.670873158450615
 10
6.045545687719846
 20
9.67170836052877
 10
6.0446673759410405
 20
9.672565375573912
 10
6.043810360895392
 20
9.673443687352224
 10
6.042975158816718
 20
9.674342766801532
 10
5.986957044048269
 20
9.73614923197382
 10
5.986144158031073
 20
9.737068537522282
 10
5.985354077727495
 20
9.73800751541461
 10
5.984587279052366
 20
9.738965600045635
 10
5.983844223896536
 20
9.739942214300997
 10
5.934153944632069
 20
9.806941799866296
 10
5.933435080584179
 20
9.80793635547009
 10
5.932740840661051
 20
9.808948253339207
 10
5.932071643046856
 20
9.809976883944206
 10
5.931427890841215
 20
9.811021627676476
 10
5.888543991633378
 20
9.88256909100033
 10
5.887926072608544
 20
9.883629318545314
 10
5.887334358975836
 20
9.884704391261582
 10
5.88676920716142
 20
9.885793661565527
 10
5.886230957591616
 20
9.886896473321451
 10
5.850566433832833
 20
9.96230277321972
 10
5.85005541072906
 20
9.96341846213505
 10
5.849571921912523
 20
9.964546356160508
 10
5.849116258618807
 20
9.965685775894906
 10
5.84868869532244
 20
9.966836034994405
 10
5.820587015872436
 20
10.045374967578244
 10
5.82018781012156
 20
10.04653537316978
 10
5.819817202382792
 20
10.047705226268407
 10
5.819475415896378
 20
10.048883822198363
 10
5.819162656541718
 20
10.050070451017527
 10
5.798894455935721
 20
10.130985643432071
 10
5.798610912107356
 20
10.132179590359605
 10
5.798356754601484
 20
10.133380136206537
 10
5.798132136513082
 20
10.134586557808937
 10
5.797937193143689
 20
10.135798128463543
 10
5.785697665233094
 20
10.218310323173457
 10
5.7855325140093035
 20
10.219526313075422
 10
5.78539725441204
 20
10.220745989757885
 10
5.785291967916627
 20
10.221968618533221
 10
5.785216717943712
 20
10.223193462935575
 10
5.781123736073212
 20
10.306508022400015
 10
5.781078567950565
 20
10.30773434462891
 10
5.781063508885774
 20
10.308961405993697
 10
5.781078567949858
 20
10.310188467358493
 10
5.781123736071796
 20
10.311414789587415
 10
5.785216717894221
 20
10.394729349053739
 10
5.78529196786643
 20
10.39595419345613
 10
5.785397254361137
 20
10.397176822231524
 10
5.785532513957697
 20
10.39839649891406
 10
5.785697665180785
 20
10.399612488816116
 10
5.797937193043759
 20
10.48212468353307
 10
5.798132136412454
 20
10.483336254187792
 10
5.798356754500159
 20
10.484542675790323
 10
5.798610912005339
 20
10.485743221637403
 10
5.7988944558330155
 20
10.486937168565102
 10
5.819162656392401
 20
10.567852360991626
 10
5.8194754157463775
 20
10.569038989810972
 10
5.8198172022321115
 20
10.570217585741124
 10
5.820187809970204
 20
10.571387438839967
 10
5.820587015720411
 20
10.572547844431734
 10
5.848688695125039
 20
10.651086777031596
 10
5.849116258420687
 20
10.652237036131197
 10
5.849571921713684
 20
10.653376455865718
 10
5.850055410529501
 20
10.654504349891317
 10
5.8505664336325545
 20
10.655620038806806
 10
5.869695530556788
 20
10.696065116144919
 10
5.571832598849134
 20
10.99392860330021
 10
5.5692072243768305
 20
10.990314958052224
 10
5.476308062651636
 20
10.80799390403853
 10
5.413073093384345
 20
10.613376919976833
 10
5.381063305082429
 20
10.411283181386366
 10
5.381063303778209
 20
10.206640666211362
 10
5.413073112545151
 20
10.00454774470447
 10
5.418416238999764
 20
9.988102902937094
 10
5.4187811025470625
 20
9.98693120557694
 10
5.41911710040991
 20
9.985750906653745
 10
5.419424030183159
 20
9.984562717179701
 10
5.419701706972283
 20
9.983367352920272
 10
5.419949963504753
 20
9.982165533963014
 10
5.42016865023081
 20
9.980957984283796
 10
5.420357635413546
 20
9.979745431310667
 10
5.420516805208266
 20
9.978528605485668
 10
5.431934801760122
 20
9.882047635029853
 10
5.4320640537826845
 20
9.880827338872349
 10
5.432163320083303
 20
9.879604238304564
 10
5.432232540870752
 20
9.878379070038594
 10
5.4322716744511625
 20
9.877152572031978
 10
5.432280697253145
 20
9.875925483043192
 10
5.432259603841982
 20
9.874698542186687
 10
5.432208406922899
 20
9.873472488487687
 10
5.432127137333418
 20
9.872248060437053
 10
5.432015844024779
 20
9.871025995546466
 10
5.431874594032457
 20
9.869807029904202
 10
5.431703472435782
 20
9.86859189773176
 10
5.431502582306695
 20
9.867381330941619
 10
5.431272044647668
 20
9.866176058696388
 10
5.431011998318809
 20
9.8649768069696
 10
5.430722599954236
 20
9.863784298108445
 10
5.430404023867723
 20
9.862599250398665
 10
5.4040320347618405
 20
9.769092288679877
 10
5.403684456594601
 20
9.767915363285143
 10
5.403308099368064
 20
9.766747322530229
 10
5.4029031897944195
 20
9.765588870026118
 10
5.402469971785383
 20
9.764440703607972
 10
5.402008706305266
 20
9.763303514914764
 10
5.401519671213773
 20
9.762177988972637
 10
5.4010031610986236
 20
9.761064803782267
 10
5.4004594870980975
 20
9.759964629910435
 10
5.39988897671361
 20
9.75887813008609
 10
5.399291973612429
 20
9.757805958801132
 10
5.398668837420653
 20
9.756748761916153
 10
5.398019943506578
 20
9.755707176271384
 10
5.3973456827545885
 20
9.754681829303069
 10
5.396646461329681
 20
9.7536733386655
 10
5.395922700432807
 20
9.752682311858969
 10
5.3951748360471425
 20
9.751709345863794
 10
5.3350258591550626
 20
9.675412375023662
 10
5.334258591303095
 20
9.674463183052517
 10
5.333468383643514
 20
9.67353300177476
 10
5.332655707034357
 20
9.672622385453977
 10
5.331821045722148
 20
9.671731876695654
 10
5.330964897053352
 20
9.670862006123864
 10
5.330087771178024
 20
9.670013292065079
 10
5.3291901907458294
 20
9.669186240239322
 10
5.328272690594608
 20
9.668381343458822
 10
5.327335817431692
 20
9.667599081334368
 10
5.326380129508133
 20
9.666839919989519
 10
5.325406196286066
 20
9.666104311782863
 10
5.324414598099377
 20
9.665392695038467
 10
5.323405925807914
 20
9.664705493784698
 10
5.3223807804454015
 20
9.664043117501556
 10
5.292201351060846
 20
9.645061385440073
 10
5.292069484650532
 20
9.644906939113715
 10
5.291249871415065
 20
9.643993375205751
 10
5.290408081713988
 20
9.643100203907036
 10
5.289544622764323
 20
9.64222796339437
 10
5.288660014839815
 20
9.641377179232796
 10
5.287754790957437
 20
9.640548364058912
 10
5.286829496556226
 20
9.639742017271992
 10
5.28588468916863
 20
9.638958624733075
 10
5.284920938084568
 20
9.638198658472206
 10
5.283938824008409
 20
9.637462576404022
 10
5.28293893870907
 20
9.63675082205184
 10
5.281921884663445
 20
9.636063824280395
 10
5.280888274693391
 20
9.635401997037459
 10
5.2798387315964685
 20
9.634765739104393
 10
5.27877388777068
 20
9.634155433855874
 10
5.270741373128606
 20
9.629681739263345
 10
5.09292057546437
 20
9.507871039709084
 10
4.942153785337324
 20
9.357104252120408
 10
4.821654502187253
 20
9.18119788065848
 10
4.735531446372443
 20
8.986149762352897
 10
4.686582698329635
 20
8.778030383327353
 10
4.680563303837016
 20
8.691323930097065
  0
LWPOLYLINE
  5
30
330
17
100
AcDbEntity
  8
0
100
AcDbPolyline
 90
76
 70
0
 10
10.555012497791568
 20
7.965012508753129
 10
10.553785436561496
 20
7.965027568021978
 10
10.552559114472162
 20
7.965072736342073
 10
10.551334270213982
 20
7.965147986505712
 10
10.550111641587176
 20
7.965253273185021
 10
10.548891965057354
 20
7.965388532959254
 10
10.547675975311892
 20
7.965553684353
 10
10.546464404817387
 20
7.965748627885255
 10
10.545257983378441
 20
7.96597324612935
 10
10.544057437698067
 20
7.966227403783682
 10
10.54286349093993
 20
7.9665109477532186
 10
10.54167686229276
 20
7.96682370724171
 10
10.54049826653713
 20
7.967165493854577
 10
10.539328413614898
 20
7.967536101712388
 10
10.53816800820157
 20
7.967935307574875
 10
10.537017749281826
 20
7.9683628709754055
 10
10.535878329728478
 20
7.968818534365831
 10
10.534750435885114
 20
7.969302023271624
 10
10.53363474715266
 20
7.9698130464572055
 10
10.532531935580149
 20
7.970351296101385
 10
10.53144266545989
 20
7.970916447982774
 10
10.530367592927334
 20
7.971508161675085
 10
10.529307365565835
 20
7.97212608075219
 10
10.52826262201657
 20
7.972769833002825
 10
10.527233991593857
 20
7.973439030654788
 10
10.526222093906062
 20
7.974133270608523
 10
10.525227538482387
 20
7.974852134679932
 10
10.524250924405699
 20
7.975595189852271
 10
10.523292839951674
 20
7.976361988536986
 10
10.52235386223444
 20
7.9771520688433215
 10
10.521434556858935
 20
7.977964954856546
 10
10.520535477580228
 20
7.978800156924626
 10
10.51965716596994
 20
7.979657171953174
 10
10.518800151090028
 20
7.980535483708495
 10
10.5179649491741
 20
7.981434563128544
 10
10.517152063316452
 20
7.982353868641613
 10
10.51636198316902
 20
7.983292846492556
 10
10.515595184646443
 20
7.984250931076346
 10
10.514852129639376
 20
7.985227545278781
 10
10.514133265736277
 20
7.9862221008241105
 10
10.513439025953787
 20
7.987233998629391
 10
10.5127698284759
 20
7.988262629165354
 10
10.512126076402067
 20
7.989307372823561
 10
10.511508157504386
 20
7.990367600289631
 10
10.51091644399401
 20
7.991442672922324
 10
10.51035129229696
 20
7.992531943138224
 10
10.509813042839408
 20
7.993634754801823
 10
10.509302019842636
 20
7.994750443620757
 10
10.508818531127718
 20
7.9958783375459435
 10
10.508362867930117
 20
7.997017757176403
 10
10.507935304724246
 20
7.9981680161685045
 10
10.507536099058134
 20
7.99932842164939
 10
10.507165491398299
 20
8.00049827463434
 10
10.506823704984887
 20
8.001676870447811
 10
10.50651094569721
 20
8.00286349914791
 10
10.506227401929726
 20
8.00405744595403
 10
10.505973244478563
 20
8.005257991677418
 10
10.505748626438631
 20
8.006464413154374
 10
10.505553683111412
 20
8.007675983681871
 10
10.50538853192345
 20
8.008891973455281
 10
10.505253272355622
 20
8.010111650007993
 10
10.50514798588322
 20
8.011334278652617
 10
10.505072735926863
 20
8.012559122923532
 10
10.505027567814299
 20
8.013785445020508
 10
10.505012508753106
 20
8.015012506253129
 10
10.505012508753106
 20
8.615012409753144
 10
10.105013328783004
 20
8.615012497753124
 10
10.105012307993558
 20
7.969860379215756
 10
10.11045555141127
 20
7.919229961790404
 10
10.137963001478104
 20
7.8454763578371365
 10
10.385474659798883
 20
7.59796468628043
 10
10.459223541231978
 20
7.5704574548381345
 10
10.5098595916862
 20
7.565013300579634
 10
11.15501151502522
 20
7.565012375451489
 10
11.155012398338823
 20
7.965012407214682
 10
10.555012497791568
 20
7.965012508753129
  0
LWPOLYLINE
  5
31
330
17
100
AcDbEntity
  8
0
100
AcDbPolyline
 90
58
 70
0
 10
6.293959246398502
 20
11.120329111570598
 10
6.334404811978421
 20
11.139458397004896
 10
6.33552049153277
 20
11.139969414808297
 10
6.336648375966343
 20
11.140452898797578
 10
6.337787785895597
 20
11.14090855774515
 10
6.3389380349945865
 20
11.141336117183895
 10
6.417476967578355
 20
11.169437796633835
 10
6.418637373169883
 20
11.169837002384709
 10
6.419807226268502
 20
11.170207610123473
 10
6.420985822198449
 20
11.170549396609884
 10
6.422172451017606
 20
11.170862155964542
 10
6.5030876434321
 20
11.191130356570547
 10
6.504281590359639
 20
11.191413900398913
 10
6.505482136206575
 20
11.191668057904787
 10
6.506688557808979
 20
11.191892675993188
 10
6.507900128463589
 20
11.192087619362583
 10
6.590412323173567
 20
11.204327147273178
 10
6.591628313075529
 20
11.204492298496968
 10
6.59284798975799
 20
11.20462755809423
 10
6.594070618533325
 20
11.204732844589644
 10
6.595295462935676
 20
11.204808094562559
 10
6.678610022399861
 20
11.208901076433051
 10
6.6798363446287565
 20
11.208946244555698
 10
6.6810634059935445
 20
11.20896130362049
 10
6.682290467358341
 20
11.208946244556406
 10
6.683516789587263
 20
11.208901076434467
 10
6.766831349053892
 20
11.204808094612028
 10
6.768056193456286
 20
11.20473284463982
 10
6.769278822231682
 20
11.204627558145111
 10
6.770498498914221
 20
11.204492298548551
 10
6.771714488816278
 20
11.204327147325463
 10
6.8542266835330485
 20
11.192087619462503
 10
6.855438254187769
 20
11.191892676093808
 10
6.8566446757902995
 20
11.191668058006103
 10
6.857845221637378
 20
11.191413900500923
 10
6.8590391685650784
 20
11.191130356673247
 10
6.939954360991623
 20
11.170862156113847
 10
6.941140989810968
 20
11.17054939675987
 10
6.942319585741119
 20
11.170207610274137
 10
6.9434894388399595
 20
11.169837002536045
 10
6.944649844431725
 20
11.169437796785838
 10
7.023188777031807
 20
11.141336117381131
 10
7.024339036131409
 20
11.140908554085483
 10
7.025478455865931
 20
11.140452890792487
 10
7.02660634989153
 20
11.139969401976668
 10
7.0277220388070205
 20
11.139458378873615
 10
7.068165708726132
 20
11.120329947608989
 10
7.366029358490423
 20
11.418192099781164
 10
7.362408635815143
 20
11.42082272580999
 10
7.18009504782126
 20
11.513716703136804
 10
6.9854779199768675
 20
11.576951719121913
 10
6.783384181386411
 20
11.608961507423814
 10
6.578741647690975
 20
11.608961508728047
 10
6.376647825208112
 20
11.57695170977906
 10
6.182040599879859
 20
11.513720637002084
 10
5.999722223113009
 20
11.420825222078971
 10
5.996096977826735
 20
11.418191527292091
 10
6.293959246398502
 20
11.120329111570598
  0
LWPOLYLINE
  5
32
330
17
100
AcDbEntity
  8
0
100
AcDbPolyline
 90
582
 70
0
 10
5.831063501209644
 20
6.818961513753126
 10
6.428451357509659
 20
6.818961483623946
 10
9.079757418921798
 20
4.1676554222202
 10
9.081514042446786
 20
4.165941392161042
 10
9.08331220131326
 20
4.164270988035342
 10
9.137874599929814
 20
4.114818512546834
 10
9.139713210981764
 20
4.113192740554223
 10
9.141591166720438
 20
4.111612579987732
 10
9.143507335935519
 20
4.110078982676998
 10
9.145460564398322
 20
4.1085928724036975
 10
9.204607418308969
 20
4.064726575920531
 10
9.20659652946772
 20
4.063288847861912
 10
9.20862032515622
 20
4.061900368051609
 10
9.210677586315619
 20
4.060561972857941
 10
9.212767073728722
 20
4.059274468480126
 10
9.275928768309038
 20
4.021416805684481
 10
9.278049223346748
 20
4.02018096766702
 10
9.28019936872625
 20
4.018997540432517
 10
9.282377909280363
 20
4.017867236833288
 10
9.284583532737722
 20
4.016790737721955
 10
9.351151786341783
 20
3.985306298601244
 10
9.353383164117288
 20
3.9842842524206206
 10
9.355638952112404
 20
3.983317274813107
 10
9.357917791524793
 20
3.9824059482498577
 10
9.360218309666804
 20
3.9815508216799174
 10
9.429552033622398
 20
3.956742818594094
 10
9.431872844747945
 20
3.955944407113726
 10
9.434212550887166
 20
3.95520319165616
 10
9.43656974268857
 20
3.954519618701871
 10
9.438943000267958
 20
3.953894100009647
 10
9.510374472911767
 20
3.936001447589936
 10
9.512762366707488
 20
3.9354343599488524
 10
9.515163458341636
 20
3.934926044951293
 10
9.51757630148639
 20
3.9344768087872053
 10
9.519999442735264
 20
3.934086922059656
 10
9.592840739936856
 20
3.9232819363299924
 10
9.595272719674105
 20
3.922951633892916
 10
9.5977120729721
 20
3.922681114707103
 10
9.600157330455636
 20
3.922470541723196
 10
9.602607019193043
 20
3.922320041782486
 10
9.676156641773984
 20
3.9187067805293783
 10
9.678609286166482
 20
3.9186164442873492
 10
9.681063408830704
 20
3.9185863261593306
 10
13.681063403920968
 20
3.918586326165349
 10
13.683517526605451
 20
3.918616444293872
 10
13.685970171018175
 20
3.9187067805374003
 10
13.759519793841894
 20
3.9223200418325437
 10
13.76196948258535
 20
3.9224705417747048
 10
13.764414740074882
 20
3.9226811147603606
 10
13.766854093378813
 20
3.922951633948218
 10
13.769286073121927
 20
3.9232819363876343
 10
13.842127370316726
 20
3.9340869221649326
 10
13.844550511565352
 20
3.934476808894066
 10
13.84696335470982
 20
3.934926045059732
 10
13.84936444634364
 20
3.9354343600588617
 10
13.851752340138997
 20
3.936001447701508
 10
13.923183812770755
 20
3.9538941001678234
 10
13.925557070349718
 20
3.9545196188615943
 10
13.92791426215066
 20
3.9552031918174184
 10
13.93025396828938
 20
3.9559444072765078
 10
13.932574779414388
 20
3.9567428187583857
 10
14.001908503353668
 20
3.981550821889442
 10
14.00420902149513
 20
3.9824059484608885
 10
14.006487860906933
 20
3.9833172750256294
 10
14.008743648901426
 20
3.98428425263462
 10
14.010975026676272
 20
3.9853062988167056
 10
14.077543280259954
 20
4.016790737981001
 10
14.07974890371661
 20
4.017867237093775
 10
14.081927444269986
 20
4.0189975406944285
 10
14.084077589648714
 20
4.020180967930336
 10
14.086198044685617
 20
4.021416805949182
 10
14.149359739241518
 20
4.059274468786287
 10
14.151449226653785
 20
4.060561973165472
 10
14.153506487812317
 20
4.0619003683604875
 10
14.155530283499914
 20
4.063288848172117
 10
14.157519394657731
 20
4.064726576232041
 10
14.21666624853953
 20
4.10859287275374
 10
14.218619476996537
 20
4.110078983024551
 10
14.220535646205976
 20
4.111612580332537
 10
14.222413601939175
 20
4.113192740896027
 10
14.224252212985826
 20
4.114818512885391
 10
14.2788146114007
 20
4.164270988231733
 10
14.280612770251821
 20
4.1659413923442035
 10
14.282369393762135
 20
4.167655422389401
 10
16.282369390286615
 20
6.167655418922414
 10
16.284083420345738
 20
6.16941204244737
 10
16.28575382447141
 20
6.17121020131381
 10
16.335206299959562
 20
6.225772599929931
 10
16.33683207195219
 20
6.227611210981902
 10
16.3384122325187
 20
6.2294891667205965
 10
16.33994582982945
 20
6.2314053359356985
 10
16.341431940102765
 20
6.233358564398523
 10
16.385298236585825
 20
6.292505418309114
 10
16.386735964644433
 20
6.294494529467853
 10
16.388124444454725
 20
6.29651832515634
 10
16.389462839648385
 20
6.298575586315726
 10
16.39075034402619
 20
6.3006650737288155
 10
16.42860800682165
 20
6.363826768308833
 10
16.429843844839112
 20
6.3659472233465415
 10
16.431027272073614
 20
6.3680973687260405
 10
16.432157575672843
 20
6.370275909280154
 10
16.433234074784174
 20
6.372481532737511
 10
16.46471851390522
 20
6.439049786342275
 10
16.465740560085855
 20
6.441281164117808
 10
16.46670753769338
 20
6.4435369521129555
 10
16.46761886425664
 20
6.4458157915253755
 10
16.46847399082659
 20
6.4481163096674186
 10
16.49328199391237
 20
6.517450033623176
 10
16.49408040539272
 20
6.5197708447486775
 10
16.49482162085027
 20
6.522110550887853
 10
16.495505193804544
 20
6.524467742689211
 10
16.496130712496758
 20
6.526841000268552
 10
16.514023364916262
 20
6.598272472911345
 10
16.514590452557353
 20
6.600660366707086
 10
16.515098767554917
 20
6.6030614583412515
 10
16.515548003719008
 20
6.6054743014860255
 10
16.515937890446562
 20
6.607897442734919
 10
16.526742876176254
 20
6.680738739936781
 10
16.52707317861333
 20
6.68317071967403
 10
16.52734369779914
 20
6.6856100729720245
 10
16.527554270783046
 20
6.6880553304555574
 10
16.52770477072376
 20
6.690505019192964
 10
16.53131803197688
 20
6.7640546417743455
 10
16.531408368218923
 20
6.7665072861674185
 10
16.531438486346925
 20
6.768961408832214
 10
16.5314384863409
 20
7.228961403922322
 10
16.531408368212364
 20
7.2314155266062405
 10
16.531318031968848
 20
7.2338681710184
 10
16.52770477067369
 20
7.30741779384197
 10
16.52755427073153
 20
7.309867482585405
 10
16.527343697745877
 20
7.312312740074917
 10
16.52707317855802
 20
7.314752093378829
 10
16.526742876118607
 20
7.317184073121923
 10
16.515937890341394
 20
7.390025370316402
 10
16.51554800361226
 20
7.392448511565054
 10
16.515098767446588
 20
7.3948613547095485
 10
16.514590452447454
 20
7.397262446343396
 10
16.5140233648048
 20
7.399650340138778
 10
16.496130712338257
 20
7.471081812771275
 10
16.495505193644487
 20
7.473455070350228
 10
16.494821620688665
 20
7.475812262151161
 10
16.494080405229578
 20
7.478151968289872
 10
16.4932819937477
 20
7.480472779414872
 10
16.468473990616673
 20
7.549806503354032
 10
16.46761886404522
 20
7.5521070214955035
 10
16.466707537480477
 20
7.554385860907315
 10
16.46574055987148
 20
7.5566416489018176
 10
16.46471851368939
 20
7.558873026676673
 10
16.433234074525146
 20
7.625441280260142
 10
16.432157575412376
 20
7.6276469037167836
 10
16.43102727181173
 20
7.629825444270145
 10
16.429843844575828
 20
7.631975589648861
 10
16.42860800655699
 20
7.6340960446857515
 10
16.390750343719947
 20
7.6972577392415396
 10
16.389462839340762
 20
7.699347226653805
 10
16.388124444145745
 20
7.7014044878123356
 10
16.386735964334118
 20
7.703428283499933
 10
16.385298236274195
 20
7.705417394657749
 10
16.341431939752454
 20
7.764564248539605
 10
16.33994582948164
 20
7.766517476996615
 10
16.33841223217365
 20
7.76843364620606
 10
16.336832071610154
 20
7.770311601939263
 10
16.335206299620786
 20
7.772150212985919
 10
16.285753824274117
 20
7.826712611401126
 10
16.284083420447537
 20
7.8285107699519685
 10
16.282369390702794
 20
7.830267393176216
 10
14.967027922880796
 20
9.145608882806036
 10
14.953261730557124
 20
9.200566603145873
 10
14.952636211863538
 20
9.20293986072454
 10
14.951952638907915
 20
9.205297052525191
 10
14.951211423449042
 20
9.207636758663629
 10
14.950413011967393
 20
9.209957569788363
 10
14.92065829235643
 20
9.293116440127518
 10
14.919803165785106
 20
9.295416958269032
 10
14.918891839220487
 20
9.297695797680888
 10
14.917924861611615
 20
9.299951585675437
 10
14.916902815429648
 20
9.302182963450342
 10
14.879140378262644
 20
9.382024928571703
 10
14.878063879149995
 20
9.384230552028408
 10
14.876933575549463
 20
9.386409092581836
 10
14.875750148313676
 20
9.388559237960619
 10
14.87451431029495
 20
9.39067969299758
 10
14.829107828484974
 20
9.466435831130909
 10
14.827820324105904
 20
9.468525318543245
 10
14.826481928910999
 20
9.470582579701848
 10
14.82509344909948
 20
9.47260637538952
 10
14.823655721039666
 20
9.474595486547413
 10
14.77104248382812
 20
9.545536224669986
 10
14.769556373553652
 20
9.547489453131895
 10
14.768022776241773
 20
9.549405622346052
 10
14.76644261567416
 20
9.551283578083776
 10
14.764816843680451
 20
9.553122189134749
 10
14.705503545303431
 20
9.61856432915795
 10
14.703833141187866
 20
9.620362488011645
 10
14.70211911113944
 20
9.622119111524386
 10
14.700362487625766
 20
9.623833141571854
 10
14.69856432877116
 20
9.62550354568644
 10
14.63312218871524
 20
9.684816844028196
 10
14.631283577663371
 20
9.686442616020912
 10
14.629405621924779
 20
9.68802277658751
 10
14.627489452709774
 20
9.689556373898352
 10
14.625536224247046
 20
9.691042484171764
 10
14.554595486095682
 20
9.74365572134472
 10
14.552606374937012
 20
9.745093449403445
 10
14.55058257924859
 20
9.746481929213855
 10
14.548525318089267
 20
9.747820324407634
 10
14.546435830676236
 20
9.749107828785561
 10
14.47067969251838
 20
9.794514310554142
 10
14.468559237480736
 20
9.795750148571717
 10
14.466409092101301
 20
9.796933575806335
 10
14.46423055154725
 20
9.798063879405683
 10
14.462024928089951
 20
9.799140378517135
 10
14.382182962947999
 20
9.836902815640618
 10
14.379951585172547
 20
9.837924861821365
 10
14.37769579717748
 20
9.838891839429003
 10
14.375416957765138
 20
9.839803165992377
 10
14.37311643962317
 20
9.840658292562443
 10
14.28995756926758
 20
9.870413012128195
 10
14.287636758142078
 20
9.871211423608688
 10
14.285297052002898
 20
9.87195263906638
 10
14.282939860201532
 20
9.872636212020797
 10
14.28056660262218
 20
9.87326173071315
 10
14.194891692433693
 20
9.894722178506097
 10
14.192503798638004
 20
9.89528926614731
 10
14.190102707003886
 20
9.895797581144999
 10
14.187689863859157
 20
9.896246817309217
 10
14.185266722610306
 20
9.896636704036899
 10
14.097900868809218
 20
9.909596204213313
 10
14.095468889065904
 20
9.909926506651273
 10
14.09302953576181
 20
9.910197025837668
 10
14.090584278272148
 20
9.910407598821859
 10
14.088134589528602
 20
9.910558098762554
 10
13.999919173045493
 20
9.914891844251375
 10
13.997466528648971
 20
9.914982180493034
 10
13.995012405980734
 20
9.915012298620487
 10
13.992558283312515
 20
9.914982180491698
 10
13.990105638916042
 20
9.914891844248702
 10
13.901890222435377
 20
9.910558098711826
 10
13.899440533691912
 20
9.910407598769797
 10
13.896995276202366
 20
9.910197025784274
 10
13.894555922898418
 20
9.90992650659655
 10
13.892123943155283
 20
9.909596204157266
 10
13.804758089360988
 20
9.896636703933217
 10
13.802334948112344
 20
9.896246817204215
 10
13.799922104967855
 20
9.89579758103868
 10
13.79752101333401
 20
9.895289266039681
 10
13.795133119538624
 20
9.894722178397165
 10
13.709458209362188
 20
9.873261730557614
 10
13.70708495178319
 20
9.872636211863972
 10
13.704727759982209
 20
9.871952638908276
 10
13.702388053843448
 20
9.871211423449312
 10
13.700067242718394
 20
9.87041301196756
 10
13.616908372379118
 20
9.840658292356576
 10
13.614607854237608
 20
9.839803165785254
 10
13.612329014825754
 20
9.838891839220635
 10
13.610073226831208
 20
9.837924861611766
 10
13.607841849056305
 20
9.836902815429802
 10
13.527999883934731
 20
9.799140378262734
 10
13.525794260478019
 20
9.79806387915008
 10
13.523615719924583
 20
9.796933575549545
 10
13.521465574545791
 20
9.795750148313756
 10
13.519345119508824
 20
9.794514310295025
 10
13.443588981375381
 20
9.749107828484984
 10
13.441499493963045
 20
9.747820324105914
 10
13.439442232804444
 20
9.746481928911011
 10
13.437418437116772
 20
9.745093449099492
 10
13.435429325958879
 20
9.743655721039678
 10
13.364488587836362
 20
9.691042483828182
 10
13.36253535937445
 20
9.689556373553712
 10
13.360619190160289
 20
9.68802277624183
 10
13.358741234422562
 20
9.686442615674213
 10
13.356902623371585
 20
9.684816843680501
 10
13.291460483348292
 20
9.625503545303381
 10
13.289662324494602
 20
9.623833141187822
 10
13.287905700981865
 20
9.622119111139401
 10
13.286191670934402
 20
9.620362487625732
 10
13.284521266819821
 20
9.618564328771132
 10
13.22520796847793
 20
9.553122188715083
 10
13.223582196485205
 20
9.551283577663204
 10
13.222002035918598
 20
9.549405621924599
 10
13.220468438607748
 20
9.547489452709586
 10
13.218982328334329
 20
9.545536224246845
 10
13.166369091161465
 20
9.474595486095545
 10
13.164931363102745
 20
9.47260637493688
 10
13.16354288329234
 20
9.470582579248466
 10
13.162204488098567
 20
9.46852531808915
 10
13.160916983720645
 20
9.466435830676126
 10
13.115510501952249
 20
9.390679692518567
 10
13.114274663934673
 20
9.388559237480923
 10
13.113091236700052
 20
9.386409092101484
 10
13.111960933100704
 20
9.38423055154743
 10
13.11088443398925
 20
9.382024928090129
 10
13.073121996865448
 20
9.302182962947466
 10
13.072099950684693
 20
9.299951585171994
 10
13.071132973077049
 20
9.297695797176909
 10
13.070221646513668
 20
9.295416957764546
 10
13.069366519943596
 20
9.293116439622558
 10
13.03961180037788
 20
9.209957569266805
 10
13.038813388897402
 20
9.207636758141343
 10
13.038072173439723
 20
9.205297052002201
 10
13.037388600485318
 20
9.202939860200875
 10
13.036763081792975
 20
9.200566602621562
 10
13.015302634000227
 20
9.114891692434105
 10
13.014735546359008
 20
9.112503798638395
 10
13.014227231361312
 20
9.110102707004256
 10
13.013777995197088
 20
9.107689863859505
 10
13.013388108469405
 20
9.105266722610631
 10
13.00042860829297
 20
9.017900868809244
 10
13.000098305855012
 20
9.015468889065941
 10
12.999827786668618
 20
9.013029535761858
 10
12.999617213684427
 20
9.010584278272209
 10
12.999466713743734
 20
9.008134589528673
 10
12.995132968254884
 20
8.919919173045365
 10
12.995042632013224
 20
8.917466528648825
 10
12.99501251388577
 20
8.915012405980574
 10
12.995042632014561
 20
8.912558283312338
 10
12.995132968257558
 20
8.910105638915848
 10
12.999466713794469
 20
8.82189022243529
 10
12.999617213736498
 20
8.81944053369185
 10
12.999827786722017
 20
8.816995276202329
 10
13.00009830590974
 20
8.814555922898407
 10
13.00042860834902
 20
8.812123943155298
 10
13.013388108572977
 20
8.724758089361293
 10
13.013777995301982
 20
8.722334948112621
 10
13.01422723146752
 20
8.719922104968104
 10
13.014735546466527
 20
8.71752101333423
 10
13.01530263410905
 20
8.715133119538818
 10
13.036763081948836
 20
8.629458209361657
 10
13.037388600642476
 20
8.627084951782667
 10
13.038072173598172
 20
8.624727759981695
 10
13.038813389057132
 20
8.622388053842942
 10
13.039611800538884
 20
8.620067242717896
 10
13.069366520149847
 20
8.536908372378742
 10
13.070221646721171
 20
8.53460785423723
 10
13.07113297328579
 20
8.532329014825374
 10
13.07209995089466
 20
8.530073226830824
 10
13.073121997076628
 20
8.527841849055921
 10
13.110884434243632
 20
8.447999883934553
 10
13.111960933356283
 20
8.445794260477848
 10
13.113091236956814
 20
8.443615719924418
 10
13.1142746641926
 20
8.441465574545635
 10
13.115510502211327
 20
8.439345119508673
 10
13.160916984021304
 20
8.363588981375344
 10
13.162204488400373
 20
8.361499493963008
 10
13.163542883595278
 20
8.359442232804405
 10
13.164931363406797
 20
8.357418437116733
 10
13.166369091466612
 20
8.35542932595884
 10
13.218982328678157
 20
8.284488587836266
 10
13.220468438952626
 20
8.282535359374357
 10
13.222002036264504
 20
8.2806191901602
 10
13.223582196832117
 20
8.278741234422476
 10
13.225207968825826
 20
8.276902623371504
 10
13.284521267202846
 20
8.211460483348302
 10
13.286191671318411
 20
8.209662324494607
 10
13.287905701366837
 20
8.207905700981867
 10
13.289662324880512
 20
8.206191670934398
 10
13.291460483735117
 20
8.204521266819812
 10
13.356902623791038
 20
8.145207968478056
 10
13.358741234842906
 20
8.14358219648534
 10
13.360619190581499
 20
8.142002035918741
 10
13.362535359796503
 20
8.1404684386079
 10
13.364488588259231
 20
8.138982328334489
 10
13.435429326410596
 20
8.086369091161533
 10
13.437418437569265
 20
8.084931363102807
 10
13.439442233257687
 20
8.083542883292397
 10
13.44149949441701
 20
8.082204488098618
 10
13.443588981830041
 20
8.080916983720691
 10
13.519345119987898
 20
8.03551050195211
 10
13.521465575025541
 20
8.034274663934536
 10
13.523615720404976
 20
8.033091236699917
 10
13.525794260959028
 20
8.031960933100569
 10
13.527999884416326
 20
8.030884433989117
 10
13.607841849558278
 20
7.993121996865634
 10
13.61007322733373
 20
7.992099950684887
 10
13.612329015328797
 20
7.99113297307725
 10
13.61460785474114
 20
7.990221646513876
 10
13.616908372883108
 20
7.989366519943809
 10
13.700067243238697
 20
7.959611800378058
 10
13.70238804995239
 20
7.958813390355029
 10
13.70472775161088
 20
7.958072176137382
 10
13.707084938870715
 20
7.957388604203153
 10
13.709458191855804
 20
7.956763086308957
 10
13.76441596934176
 20
7.9429968688486365
 10
14.708451361327436
 20
6.9989613348776505
 10
13.328826470707646
 20
5.619336486741942
 10
10.03330026625115
 20
5.619336518170162
 10
7.631063298737213
 20
8.021573530162975
 10
7.631063298507625
 20
8.618961306291558
 10
7.63103318037857
 20
8.621415428959404
 10
7.630942844135327
 20
8.623868073355498
 10
7.630792344193071
 20
8.626317762098566
 10
7.630581771207339
 20
8.628763019587709
 10
7.630311252019424
 20
8.63120237289125
 10
7.62998094957997
 20
8.633634352633976
 10
7.629591062850815
 20
8.636057493882223
 10
7.629141826685145
 20
8.638470337026314
 10
7.62863351168603
 20
8.64087142865976
 10
7.628066424043417
 20
8.643259322454746
 10
7.627440905349697
 20
8.645632580033336
 10
7.626757332393942
 20
8.647989771833911
 10
7.62601611693494
 20
8.650329477972269
 10
7.625217705453166
 20
8.65265028909692
 10
7.624362578881844
 20
8.654950807238023
 10
7.623451252317245
 20
8.657229646649476
 10
7.6224842747084125
 20
8.659485434643626
 10
7.621462228526502
 20
8.661716812418135
 10
7.620385729413917
 20
8.66392243587447
 10
7.619255425813467
 20
8.666100976427535
 10
7.61807199857778
 20
8.668251121805959
 10
7.616836160559168
 20
8.67037157684257
 10
7.615548656180245
 20
8.672461064254541
 10
7.6142102609855025
 20
8.674518325412786
 10
7.612821781174163
 20
8.67654212110011
 10
7.611384053114543
 20
8.678531232257667
 10
7.609897942840268
 20
8.680484460719272
 10
7.608364345528597
 20
8.682400629933138
 10
7.606784184961203
 20
8.68427858567058
 10
7.605158412967729
 20
8.686117196721282
 10
7.6034880088524295
 20
8.687915355574699
 10
7.6017739788042835
 20
8.689671979087176
 10
7.600017355290901
 20
8.691386009134392
 10
7.5982191964366
 20
8.69305641324874
 10
7.596380585385038
 20
8.694682185241243
 10
7.594502629646761
 20
8.696262345807643
 10
7.592586460432085
 20
8.697795943118303
 10
7.590633231969694
 20
8.699282053391544
 10
7.588644120811376
 20
8.700719781450111
 10
7.586620325123318
 20
8.702108261260381
 10
7.5845630639643655
 20
8.703446656454036
 10
7.582473576551713
 20
8.704734160831855
 10
7.58035312151445
 20
8.705969998849344
 10
7.578202976135398
 20
8.707153426083895
 10
7.576024435581736
 20
8.708283729683192
 10
7.573818812124832
 20
8.709360228794612
 10
7.571587434349783
 20
8.710382274975343
 10
7.5693316463551215
 20
8.711349252582982
 10
7.567052806943188
 20
8.712260579146378
 10
7.564752288801631
 20
8.713115705716483
 10
7.562431477676558
 20
8.713914117197028
 10
7.560091771537809
 20
8.714655332654795
 10
7.557734579736873
 20
8.715338905609302
 10
7.555361322157951
 20
8.715964424301767
 10
7.552973428362667
 20
8.716531511943117
 10
7.550572336728951
 20
8.717039826940963
 10
7.548159493584623
 20
8.717489063105356
 10
7.545736352336169
 20
8.717878949833231
 10
7.543304372593269
 20
8.718209252271398
 10
7.540865019289584
 20
8.718479771458023
 10
7.53841976180033
 20
8.718690344442463
 10
7.5359700730571815
 20
8.718840844383424
 10
7.533517428661041
 20
8.71893118062537
 10
7.531063305993179
 20
8.718961298753127
 10
5.831063506238685
 20
8.718961298507564
 10
5.828609383570683
 20
8.718931180379094
 10
5.826156739174419
 20
8.718840844136428
 10
5.8237070504311665
 20
8.71869034419474
 10
5.821261792941826
 20
8.71847977120957
 10
5.818822439638072
 20
8.718209252022207
 10
5.816390459895123
 20
8.717878949583296
 10
5.813967318646639
 20
8.717489062854675
 10
5.811554475502298
 20
8.71703982668953
 10
5.8091533838685905
 20
8.71653151169093
 10
5.8067654900733325
 20
8.715964424048822
 10
5.804392232494457
 20
8.715338905355596
 10
5.802035040693588
 20
8.714655332400325
 10
5.799695334554924
 20
8.713914116941794
 10
5.797374523429957
 20
8.713115705460483
 10
5.795074005288526
 20
8.71226057888961
 10
5.792795165876738
 20
8.71134925232545
 10
5.790539377882243
 20
8.710382274717045
 10
5.78830800010738
 20
8.709360228535548
 10
5.786102376650682
 20
8.708283729423366
 10
5.783923836097247
 20
8.707153425823307
 10
5.781773690718444
 20
8.705969998587998
 10
5.779653235681447
 20
8.704734160569753
 10
5.777563748269085
 20
8.703446656191181
 10
5.77550648711044
 20
8.70210826099678
 10
5.773482691422711
 20
8.700719781185766
 10
5.7714935802647425
 20
8.699282053126462
 10
5.769540351802721
 20
8.697795942852487
 10
5.767624182588434
 20
8.696262345541104
 10
5.765746226850567
 20
8.694682184973985
 10
5.763907615799434
 20
8.693056412980772
 10
5.762109456945583
 20
8.69138600886572
 10
5.760352833432669
 20
8.68967197881781
 10
5.758638803385012
 20
8.687915355304648
 10
5.75696839927022
 20
8.686117196450557
 10
5.7553426272772725
 20
8.684278585399188
 10
5.753762466710426
 20
8.682400629661092
 10
5.752228869399318
 20
8.680484460446584
 10
5.750742759125626
 20
8.678531231984348
 10
5.7493050310666085
 20
8.676542120826173
 10
5.747916551255888
 20
8.674518325138243
 10
5.7465781560617835
 20
8.672461063979405
 10
5.745290651683515
 20
8.670371576566856
 10
5.744054813665575
 20
8.66825112152968
 10
5.7428713864305765
 20
8.666100976150707
 10
5.741741082830833
 20
8.663922435597108
 10
5.740664583718968
 20
8.661716812140256
 10
5.7396425375377955
 20
8.659485434365244
 10
5.738675559929716
 20
8.65722964637061
 10
5.737764233365883
 20
8.65495080695869
 10
5.736909106795344
 20
8.652650288817137
 10
5.736110695314367
 20
8.650329477692052
 10
5.735369479856176
 20
8.647989771553283
 10
5.734685906901245
 20
8.645632579752315
 10
5.734060388208362
 20
8.643259322173348
 10
5.7334933005665984
 20
8.64087142837801
 10
5.732984985568344
 20
8.638470336744227
 10
5.7325357494035485
 20
8.636057493599822
 10
5.732145862675277
 20
8.633634352351281
 10
5.731815560236718
 20
8.631202372608284
 10
5.731545041049707
 20
8.628763019304492
 10
5.731334468064889
 20
8.62631776181512
 10
5.731183968123556
 20
8.623868073071847
 10
5.7310936318812455
 20
8.621415428675569
 10
5.73106351375313
 20
8.618961306007563
 10
5.73106351375313
 20
6.918961506253126
 10
5.731093631879316
 20
6.916507383663675
 10
5.731183968115845
 20
6.914054739345811
 10
5.731334468047548
 20
6.9116050506806666
 10
5.731545041018899
 20
6.909159793268999
 10
5.731815560188623
 20
6.906720440042344
 10
5.732145862606098
 20
6.904288460375778
 10
5.73253574930951
 20
6.9018653192028205
 10
5.732984985445705
 20
6.899452476133013
 10
5.733493300411648
 20
6.8970513845727055
 10
5.734060388017431
 20
6.894663490849579
 10
5.734685906670707
 20
6.892290233341431
 10
5.735369479582453
 20
6.8899330416097495
 10
5.736110694993934
 20
6.887593335538602
 10
5.73690910642473
 20
6.8852725244793485
 10
5.737764232941682
 20
6.8829720064017
 10
5.738675559448583
 20
6.8806931670516365
 10
5.739642536996458
 20
6.878437379116682
 10
5.740664583114227
 20
6.876206001399052
 10
5.741741082159565
 20
6.874000377997162
 10
5.742871385689741
 20
6.871821837495989
 10
5.744054812852217
 20
6.8696716921667855
 10
5.745290650794768
 20
6.867551237176617
 10
5.746578155094876
 20
6.865461749808198
 10
5.747916550208143
 20
6.863404488690507
 10
5.749305029935451
 20
6.861380693040637
 10
5.750742757908584
 20
6.859391581917333
 10
5.752228868094027
 20
6.857438353486681
 10
5.7537624653146295
 20
6.855522184300378
 10
5.755342625788833
 20
6.853644228587017
 10
5.756968397687112
 20
6.851805617556824
 10
5.758638801705331
 20
6.850007458720265
 10
5.760352831654634
 20
6.848250835220914
 10
5.762109455067538
 20
6.846536805183016
 10
5.7639076138198515
 20
6.844866401074106
 10
5.765746224768048
 20
6.8432406290830965
 10
5.7676241804017145
 20
6.8416604685141795
 10
5.769540349510671
 20
6.840126871196935
 10
5.77149357786637
 20
6.838640760912981
 10
5.773482688917162
 20
6.837203032839528
 10
5.775506484497005
 20
6.835814553010151
 10
5.777563745547194
 20
6.834476157793126
 10
5.779653232850679
 20
6.8331886533876345
 10
5.781773687778518
 20
6.831952815338139
 10
5.783923833048035
 20
6.830769388067219
 10
5.786102373492201
 20
6.829639084427169
 10
5.788307996839798
 20
6.828562585270591
 10
5.790539374505881
 20
6.827540539040283
 10
5.792795162392066
 20
6.826573561378638
 10
5.795074001696167
 20
6.825662234756804
 10
5.797374519730687
 20
6.824807108123825
 10
5.799695330749673
 20
6.824008696575979
 10
5.802035036783437
 20
6.8232674810464955
 10
5.804392228480642
 20
6.822583908015865
 10
5.806765485957244
 20
6.821958389242893
 10
5.809153379651769
 20
6.821391301516678
 10
5.811554471186439
 20
6.820882986429636
 10
5.813967314233589
 20
6.82043375017175
 10
5.816390455386883
 20
6.820043863346126
 10
5.8188224350367905
 20
6.8197135608059956
 10
5.821261788249801
 20
6.819443041513243
 10
5.823707045650849
 20
6.819232468418566
 10
5.8261567343084035
 20
6.819081968363313
 10
5.828609378621711
 20
6.818991632003086
 10
5.831063501209644
 20
6.818961513753126
  0
LWPOLYLINE
  5
33
330
17
100
AcDbEntity
  8
0
100
AcDbPolyline
 90
392
 70
0
 10
0.4255125137531217
 20
15.256860404617115
 10
0.42551251375580756
 20
2.573165407807039
 10
0.4255660317860557
 20
2.569894209086821
 10
0.42609903168165286
 20
2.5536092123582272
 10
0.42625959394701035
 20
2.550340516160584
 10
0.4421065936417549
 20
2.3085465209820226
 10
0.4422731373519914
 20
2.306369769708552
 10
0.44248715949016404
 20
2.3041971727743866
 10
0.4427485580536722
 20
2.3020297656356674
 10
0.4470005572093424
 20
2.2697427721287595
 10
0.44730878173733896
 20
2.2675843539808254
 10
0.4476639905144646
 20
2.2654331687294715
 10
0.44806601468256624
 20
2.263290238999114
 10
0.4937460134164119
 20
2.0336432454193862
 10
0.49419471832537154
 20
2.031509335209534
 10
0.49468984531464516
 20
2.02938571609502
 10
0.49523115895582565
 20
2.027273397837534
 10
0.5036571572717115
 20
1.9958234041649032
 10
0.5042449733793954
 20
1.9937214243586827
 10
0.5048785250577836
 20
1.9916327742795592
 10
0.5055575104925122
 20
1.9895584489285987
 10
0.5808265083975538
 20
1.7678234551334107
 10
0.5815501154480711
 20
1.7657657853169824
 10
0.5823184294946586
 20
1.7637243873247197
 10
0.5831310850032305
 20
1.7617002323747748
 10
0.5955810825076351
 20
1.7316422384278773
 10
0.5964380336890336
 20
1.7296355148892772
 10
0.597338565795722
 20
1.727647966999918
 10
0.5982822500568618
 20
1.7256805410920504
 10
0.7018542471700685
 20
1.5156575469700653
 10
0.7028404788379263
 20
1.5137114783729189
 10
0.703868930739913
 20
1.5117873883093342
 10
0.7049391133497278
 20
1.5098861926147424
 10
0.7212101100851425
 20
1.4817041982904928
 10
0.7223214025637844
 20
1.4798269855650004
 10
0.7234733793906966
 20
1.477974460806706
 10
0.724665492351707
 20
1.4761475056134876
 10
0.763289543049083
 20
1.418342429739467
 10
0.8547545413295691
 20
1.2814554323321363
 10
0.8559865297309237
 20
1.2796544818362514
 10
0.8572575196362532
 20
1.277880840730996
 10
0.8585669058994511
 20
1.2761353534857118
 10
0.8783959019219195
 20
1.2502943586868067
 10
0.8797426333511933
 20
1.2485783893354294
 10
0.8811264732485318
 20
1.2468922032555456
 10
0.8825467631501049
 20
1.2452366027744666
 10
1.036924758841368
 20
1.06920360770386
 10
1.0383809251352618
 20
1.0675792690689236
 10
1.0398721776127617
 20
1.065987081163942
 10
1.0413978066021754
 20
1.0644278016947382
 10
1.0644268019801173
 20
1.0413988063319308
 10
1.0659860814367026
 20
1.0398731773565815
 10
1.0675782693284805
 20
1.038381924892567
 10
1.069202607949648
 20
1.036925758611561
 10
1.2452356030338045
 20
0.8825477629369105
 10
1.2468914929463135
 20
0.8811272301714385
 10
1.2485779789155427
 20
0.8797431601530787
 10
1.2502942581934884
 20
0.878396211683306
 10
1.276133253005366
 20
0.858569215677786
 10
1.2778783620637926
 20
0.8572601373796394
 10
1.2796516121599082
 20
0.8559894384723025
 10
1.2814521593876196
 20
0.8547577236931178
 10
1.4761411539498328
 20
0.7246697273394235
 10
1.4779680537462485
 20
0.7234776387227188
 10
1.4798205219021605
 20
0.7223256839199804
 10
1.4816976768948755
 20
0.721214411104896
 10
1.5098896712295662
 20
0.7049374143882051
 10
1.5117911576605128
 20
0.7038670572833369
 10
1.5137155456847016
 20
0.7028384437935488
 10
1.515661919040243
 20
0.7018520636741958
 10
1.7256729131726323
 20
0.5982870665796871
 10
1.7276395429569649
 20
0.5973437635333438
 10
1.7296262786483245
 20
0.5964435776422399
 10
1.731632175066333
 20
0.5955869371656776
 10
1.761705169021236
 20
0.5831299396813067
 10
1.7637299852349566
 20
0.5823169747406364
 10
1.765772056685597
 20
0.5815483806445203
 10
1.7678304111851268
 20
0.580824523304729
 10
1.9854085186641075
 20
0.5069664868204882
 10
1.9895475157213898
 20
0.5055614878307253
 10
1.991621516765852
 20
0.5048826062529419
 10
1.9937098381918499
 20
0.5042491442171397
 10
1.9958114854652809
 20
0.5036614034008235
 10
2.027271479143507
 20
0.49523240510567174
 10
2.0293841003079556
 20
0.49469099598994576
 10
2.0315080259097305
 20
0.49419578688947224
 10
2.033642245747642
 20
0.49374701334019555
 10
2.263289239329736
 20
0.4480670146277159
 10
2.2654328270448367
 20
0.44766487443171915
 10
2.267584675028072
 20
0.4473095783768373
 10
2.2697437597129793
 20
0.44700129546623824
 10
2.3020357532226243
 20
0.4427492963316356
 10
2.304202365538826
 20
0.4424880288409443
 10
2.3063741632568777
 20
0.44227410291387226
 10
2.308550112064557
 20
0.442107620432008
 10
2.521080656552245
 20
0.4281776502878268
 10
2.5503392029230567
 20
0.42625968002703785
 10
2.553609212555154
 20
0.4260990316725514
 10
2.569894209283556
 20
0.4255660317823046
 10
2.5731654079710458
 20
0.4255125137531288
 10
22.87685940469879
 20
0.42551251375580756
 10
22.880130804088353
 20
0.4255660383540656
 10
22.896414800816686
 20
0.4260990382496628
 10
22.89968489398203
 20
0.4262596986678052
 10
22.925479288350424
 20
0.4279506589654131
 10
23.14147368132912
 20
0.44210761919004193
 10
23.14364963665957
 20
0.44227410181591165
 10
23.14582144088176
 20
0.44248802817078936
 10
23.147988059674194
 20
0.44274929637227456
 10
23.180280053180983
 20
0.44700129552807266
 10
23.182439137847066
 20
0.44730957843722297
 10
23.184590985811578
 20
0.4476648744898404
 10
23.186734573508087
 20
0.4480670146827612
 10
23.41638156708626
 20
0.49374701341628
 10
23.418515786942546
 20
0.49419578696983396
 10
23.4206397125625
 20
0.49469099607538525
 10
23.422752333744917
 20
0.49523240519698264
 10
23.45421232741763
 20
0.5036614035128183
 10
23.45631394849886
 20
0.5042491366966874
 10
23.45840224407826
 20
0.5048825899605848
 10
23.460476219658904
 20
0.5055614616387254
 10
23.603893867727553
 20
0.5542450210967292
 10
23.682188864781242
 20
0.5808240201078224
 10
23.684245125344624
 20
0.5815471511732615
 10
23.686285136221066
 20
0.582314928267416
 10
23.688307928175547
 20
0.5831269866096571
 10
23.71839492212318
 20
0.5955879841145526
 10
23.720402582856394
 20
0.5964452792119462
 10
23.722391051231085
 20
0.5973461954270034
 10
23.724359379611386
 20
0.5982903034139379
 10
23.93435537373294
 20
0.7018493005269429
 10
23.936300853683782
 20
0.7028352287325439
 10
23.938224368670586
 20
0.7038633516635537
 10
23.940125003687395
 20
0.7049331802473044
 10
23.968328998011483
 20
0.7212161769827954
 10
23.970206851267026
 20
0.7223278105154618
 10
23.972060000609225
 20
0.7234801557223389
 10
23.97388756355675
 20
0.7246726638494161
 10
24.168569558105894
 20
0.8547556602201405
 10
24.170370447533717
 20
0.8559876115606647
 10
24.172144029300668
 20
0.8572585618164129
 10
24.173889459020874
 20
0.8585679058997185
 10
24.199730453819402
 20
0.8783969019219028
 10
24.201446423170772
 20
0.8797436333511708
 10
24.20313260925065
 20
0.8811274732485034
 10
24.20478820973172
 20
0.8825477631500708
 10
24.380821204802277
 20
1.0369257588412413
 10
24.382445543437242
 20
1.038381925135159
 10
24.38403773134225
 20
1.0398731776126842
 10
24.385597010811477
 20
1.0413988066021247
 10
24.40862600617454
 20
1.064427801980365
 10
24.410151635149862
 20
1.0659870814369243
 10
24.41164288761385
 20
1.0675792693286756
 10
24.413099053894832
 20
1.0692036079498144
 10
24.567477049569455
 20
1.2452366030338644
 10
24.568897339483048
 20
1.2468922035295795
 10
24.570281179391767
 20
1.2485783896246196
 10
24.57162791083176
 20
1.2502943589916524
 10
24.591456906837703
 20
1.2761353538042994
 10
24.59276625090866
 20
1.2778807835100965
 10
24.594037201152712
 20
1.2796543652621366
 10
24.59526915248221
 20
1.281455254674559
 10
24.725352148835235
 20
1.4761372492357312
 10
24.72654432807124
 20
1.4779642959273542
 10
24.72769636707075
 20
1.4798169149080778
 10
24.728807717533282
 20
1.48169422444397
 10
24.745093714249872
 20
1.5099022187784
 10
24.746163935259258
 20
1.5118034858210876
 10
24.747192422436296
 20
1.5137276488867373
 10
24.748178686201538
 20
1.5156737920371526
 10
24.851734683296012
 20
1.7256657861694762
 10
24.852678191313537
 20
1.7276328482080823
 10
24.85357856319256
 20
1.7296200248288995
 10
24.85443537039738
 20
1.7316263702270376
 10
24.86689936788174
 20
1.7617173641817316
 10
24.867712180189393
 20
1.7637418657701844
 10
24.868480635676185
 20
1.7657836166594811
 10
24.869204368613303
 20
1.7678416451249916
 10
24.94446336649809
 20
1.9895486389269152
 10
24.945142232335964
 20
1.9916225994914858
 10
24.94577568042464
 20
1.9937108798290326
 10
24.94636340910523
 20
1.995812485464549
 10
24.95479240740056
 20
2.0272724791433574
 10
24.955333816516294
 20
2.029385100307827
 10
24.955829025616772
 20
2.031509025909623
 10
24.956277799166056
 20
2.0336432457475566
 10
25.00195779787853
 20
2.2632902393296432
 10
25.002359938074527
 20
2.265433827044757
 10
25.00271523412941
 20
2.2675856750280046
 10
25.00302351704001
 20
2.2697447597129243
 10
25.007275516174634
 20
2.3020367532228323
 10
25.00753677772654
 20
2.304203311319375
 10
25.00775070008396
 20
2.3063750545844024
 10
25.007917181372108
 20
2.308550948783323
 10
25.023765181042904
 20
2.5503389438021196
 10
25.023925787400525
 20
2.5536084132002577
 10
25.02445878729075
 20
2.5698944099269942
 10
25.024512298753134
 20
2.573165407970016
 10
25.024512298750462
 20
15.256860404699125
 10
25.02445878728701
 20
15.260131402774874
 10
25.023925787391384
 20
15.27641739950328
 10
25.02376518103447
 20
15.279686868874169
 10
25.007917181339685
 20
15.521474864053989
 10
25.00775070004967
 20
15.523650758272886
 10
25.007536777689506
 20
15.525822501557803
 10
25.007275516133994
 20
15.527989059674118
 10
25.00302351697814
 20
15.560281053181297
 10
25.00271523406899
 20
15.562440137847375
 10
25.002359938016372
 20
15.564591985811884
 10
25.001957797823454
 20
15.566735573508387
 10
24.95627779909012
 20
15.796382567085628
 10
24.955829025536573
 20
15.798516786941875
 10
24.955333816431033
 20
15.800640712561794
 10
24.954792407309448
 20
15.80275333374417
 10
24.946363408993456
 20
15.834213327417613
 10
24.94577566815899
 20
15.8363149747482
 10
24.945142206102542
 20
15.838403296230563
 10
24.944463324501648
 20
15.840477297330521
 10
24.943058288095017
 20
15.844616404580847
 10
24.869200289084972
 20
16.062194401631245
 10
24.86847643173811
 20
16.06425275614991
 10
24.86770783763409
 20
16.066294827619366
 10
24.866894872684693
 20
16.06831964385156
 10
24.854437875180107
 20
16.098392637799257
 10
24.85358123470984
 20
16.1003985341994
 10
24.852681048825794
 20
16.102385269873203
 10
24.851737745787258
 20
16.104351899640314
 10
24.748172748673962
 20
16.314362893762464
 10
24.747186368545727
 20
16.316309267134642
 10
24.74615775504633
 20
16.318233655175074
 10
24.74508739793114
 20
16.32013514162185
 10
24.728810401196025
 20
16.348327135945677
 10
24.72769912838949
 20
16.350204290921543
 10
24.726547173596014
 20
16.352056759061014
 10
24.725355084989275
 20
16.35388365884142
 10
24.59526708861759
 20
16.54857265339205
 10
24.594035373827406
 20
16.55037320063512
 10
24.592764674908402
 20
16.552146450746115
 10
24.59145559659794
 20
16.55389155981891
 10
24.57162860057514
 20
16.579730554618106
 10
24.570281652116055
 20
16.581446833880438
 10
24.56889758210904
 20
16.583133319834552
 10
24.567477049355556
 20
16.584789209732467
 10
24.413099053664876
 20
16.7608222048024
 10
24.411642887371002
 20
16.762446543437314
 10
24.41015163489352
 20
16.76403873134228
 10
24.408626005904125
 20
16.765598010811463
 10
24.385597010526368
 20
16.78862700617412
 10
24.384037731069768
 20
16.79015263514949
 10
24.38244554317797
 20
16.79164388761352
 10
24.380821204556785
 20
16.793100053894545
 10
24.204788209472046
 20
16.947478049569714
 10
24.20313265213659
 20
16.94889830326704
 10
24.201446510761155
 20
16.95028210885953
 10
24.199730587610354
 20
16.951628807933673
 10
24.173893592798315
 20
16.971454803939196
 10
24.172148086027015
 20
16.97276420909112
 10
24.170374424645647
 20
16.97403521697654
 10
24.168573453154075
 20
16.975267222425828
 10
23.973877458592888
 20
17.105359218778844
 10
23.972050454174592
 20
17.106551367827336
 10
23.970197878713595
 20
17.10770337853024
 10
23.96832061388116
 20
17.10881470262662
 10
23.940138619546104
 20
17.12508569934359
 10
23.93823742386734
 20
17.126155881943088
 10
23.936313333819992
 20
17.127184333835466
 10
23.93436726523948
 20
17.128170565494443
 10
23.724344271107988
 20
17.23174256258848
 10
23.722376845182907
 20
17.232686246857426
 10
23.720389297275997
 20
17.233586778971166
 10
23.718382573719534
 20
17.234443730158855
 10
23.68832457976475
 20
17.246893727643343
 10
23.686300424831884
 20
17.247706383143733
 10
23.68425902685702
 20
17.2484746971829
 10
23.682201357058286
 20
17.249198304226763
 10
23.460466363255957
 20
17.32446730211164
 10
23.45839203788694
 20
17.325146287551853
 10
23.45630338778953
 20
17.325779839234933
 10
23.45420140796481
 20
17.326367655346516
 10
23.422751414286417
 20
17.33479365364179
 10
23.420639096046898
 20
17.3353349672771
 10
23.418515476950567
 20
17.335830094261294
 10
23.41638156675909
 20
17.336278799165974
 10
23.18673457317563
 20
17.38195879787873
 10
23.184591643426668
 20
17.38236082204991
 10
23.182440458156577
 20
17.382716030829304
 10
23.180282039989805
 20
17.38302425535875
 10
23.147995046480162
 20
17.387276254493198
 10
23.145827639361215
 20
17.387537653053098
 10
23.143655042446937
 20
17.38775167518853
 10
23.141478291193444
 20
17.387918218896896
 10
22.899684296177163
 20
17.403765218567596
 10
22.8964155999523
 20
17.403925780833664
 10
22.880130603222746
 20
17.404458780723953
 10
22.876859404535224
 20
17.40451229875313
 10
2.573165407807367
 20
17.40451229875045
 10
2.5698942090870776
 20
17.4044587807202
 10
2.553609212358363
 20
17.40392578082459
 10
2.5503401860353963
 20
17.403765196922514
 10
2.308543190855244
 20
17.387917197227686
 10
2.3063672947134046
 20
17.38775072109057
 10
2.304195549396823
 20
17.38753680380701
 10
2.3020289891425314
 20
17.387275547249534
 10
2.2697439956358245
 20
17.38302454809371
 10
2.267584831709613
 20
17.38271625824356
 10
2.2654329049374855
 20
17.382360951813332
 10
2.2632892389979373
 20
17.381958797823447
 10
2.033642245419567
 20
17.336278799089907
 10
2.031508524698004
 20
17.335830136187532
 10
2.029385093149907
 20
17.335335059447885
 10
2.0272729602680606
 20
17.334793804233577
 10
1.9958259665951168
 20
17.326368805917575
 10
1.9937237602315463
 20
17.325780937017054
 10
1.991634886273867
 20
17.325147322758877
 10
1.9895603400417263
 20
17.3244682650515
 10
1.7678173462466367
 20
17.24919626714648
 10
1.7657595869384197
 20
17.24847262485489
 10
1.7637181009828324
 20
17.247704271661448
 10
1.7616938597254754
 20
17.246891573151085
 10
1.7316458657787233
 20
17.234445575646784
 10
1.729639375997802
 20
17.23358871770474
 10
1.7276520575105048
 20
17.232688288915867
 10
1.7256848563216665
 20
17.23174471790295
 10
1.5156498621998964
 20
17.12816772078981
 10
1.5137032881952823
 20
17.127181234667518
 10
1.5117787042169597
 20
17.126152506454964
 10
1.5098770268107002
 20
17.125082026064
 10
1.4817080324867375
 20
17.10881802932883
 10
1.4798312021162385
 20
17.107706934527304
 10
1.4779790503601957
 20
17.10655517163061
 10
1.4761524582917576
 20
17.105363288535198
 10
1.2814424637415487
 20
16.97526229216376
 10
1.2796415812606263
 20
16.97403035239354
 10
1.2778680060305676
 20
16.972759414074478
 10
1.2761225824246494
 20
16.971450082281752
 10
1.250303587625909
 20
16.95163808625941
 10
1.248587520158336
 20
16.95029128415339
 10
1.2469012391993375
 20
16.948907369418528
 10
1.2452455472102537
 20
16.947487000627216
 10
1.069202552138898
 20
16.793100004935344
 10
1.067578766387126
 20
16.7916443430785
 10
1.0659871090729653
 20
16.790153618890926
 10
1.0644283371301146
 20
16.788628541306238
 10
1.0414013417672738
 20
16.765602545928033
 10
1.039875148740954
 20
16.764042745773953
 10
1.0383833559298874
 20
16.762450013566983
 10
1.0369266737619687
 20
16.760825107804816
 10
0.8825376780878007
 20
16.58477911272121
 10
0.8811173560465922
 20
16.583123469570946
 10
0.8797334858469792
 20
16.581437239393185
 10
0.8783867259993964
 20
16.579721224575444
 10
0.8585747299939522
 20
16.553902229763565
 10
0.8572653982135379
 20
16.552156806172007
 10
0.8559944599061344
 20
16.550383230956815
 10
0.8547625201469073
 20
16.548582348491244
 10
0.7246615237933596
 20
16.35387235392931
 10
0.7234696406879687
 20
16.35204576184484
 10
0.7223178777819989
 20
16.35019361007233
 10
0.7212067829719083
 20
16.348316779684957
 10
0.7049427862550922
 20
16.320147785349988
 10
0.7038723058744624
 20
16.318246107959578
 10
0.7028435776715318
 20
16.316321523997523
 10
0.7018570915581346
 20
16.31437495000957
 10
0.5982800944642956
 20
16.104339955878554
 10
0.5973365234435649
 20
16.10237275467249
 10
0.5964360946476319
 20
16.10038543616763
 10
0.5955792366992941
 20
16.098378946368832
 10
0.5831332392147036
 20
16.06833095241368
 10
0.5823205407125247
 20
16.06630671117341
 10
0.581552187526508
 20
16.06426522523523
 10
0.5808285452415707
 20
16.06220746594471
 10
0.5055565473567019
 20
15.840464472142287
 10
0.5048774896438442
 20
15.838389925892091
 10
0.5042438753809735
 20
15.836301051916124
 10
0.5036560064765573
 20
15.834198845534056
 10
0.49523100818148785
 20
15.802751851856529
 10
0.49468975297305245
 20
15.80063971899266
 10
0.4941946762384848
 20
15.798516287462759
 10
0.4937460133403909
 20
15.796382566759581
 10
0.44806601462773366
 20
15.566735573176656
 10
0.4476638606347636
 20
15.564591907218471
 10
0.4473085542022671
 20
15.562439980427577
 10
0.44700026435066126
 20
15.560280816482495
 10
0.4427492652160632
 20
15.527995822972867
 10
0.44248800691415474
 20
15.52582924677882
 10
0.44227408858264394
 20
15.523657485453908
 10
0.4421076120960509
 20
15.52148157325799
 10
0.4361706162518546
 20
15.430898636664855
 10
0.4262596202851167
 20
15.279685698159872
 10
0.42609903167308655
 20
15.2764165999681
 10
0.42556603178283264
 20
15.260131603320962
 10
0.4255125137531217
 20
15.256860404617115
  0
LWPOLYLINE
  5
34
330
17
100
AcDbEntity
  8
0
100
AcDbPolyline
 90
717
 70
0
 10
4.730563298836938
 20
8.689590449351149
 10
4.730563298753295
 20
6.848332274565789
 10
4.736179338994363
 20
6.767410356189285
 10
4.783142621441701
 20
6.567731582210382
 10
4.844832600487111
 20
6.428017676829555
 10
4.865522701520595
 20
6.38115946291036
 10
4.980784262306433
 20
6.212898756947577
 10
5.125000742631774
 20
6.068682274194144
 10
5.293261303397647
 20
5.95342080870851
 10
5.402075432971703
 20
5.905374708161144
 10
5.479831579473599
 20
5.87104204315423
 10
5.679502829256079
 20
5.824079502092317
 10
5.760434194873906
 20
5.818461299009066
 10
5.870000396392011
 20
5.818461298753126
 10
5.872454523861067
 20
5.818431180501417
 10
5.874907173049576
 20
5.818340843899936
 10
5.877356866567595
 20
5.818190343364285
 10
5.879802128805577
 20
5.817979769550715
 10
5.882241486823219
 20
5.817709249301514
 10
5.884673471236714
 20
5.817378945568603
 10
5.8870966171038575
 20
5.816989057315376
 10
5.889509464806475
 20
5.816539819396859
 10
5.984797435642828
 20
5.797585825246721
 10
5.98719846529697
 20
5.797077523194222
 10
5.989586297808123
 20
5.7965104515273875
 10
5.991959494909482
 20
5.795884951811361
 10
5.99431662714961
 20
5.795201400804344
 10
5.996656274753444
 20
5.794460210230657
 10
5.998977028477467
 20
5.79366182653275
 10
6.001277490458541
 20
5.792806730602298
 10
6.003556275055888
 20
5.791895437490539
 10
6.005812009685699
 20
5.7909284960980445
 10
6.008043335647887
 20
5.789906488844101
 10
6.010248908944476
 20
5.7888300313159
 10
6.012427401089131
 20
5.78769977189775
 10
6.014577499907352
 20
5.786516391380531
 10
6.016697910326831
 20
5.785280602551641
 10
6.018787355157521
 20
5.783993149765651
 10
6.020844575860923
 20
5.782654808495967
 10
6.101625551169309
 20
5.728679825107013
 10
6.103649462158408
 20
5.727291293344555
 10
6.1056386855183655
 20
5.725853508043701
 10
6.107592022893874
 20
5.7243673353604
 10
6.109508297548194
 20
5.722833670600304
 10
6.1113863550720495
 20
5.7212534376794215
 10
6.113225064079068
 20
5.719627588567524
 10
6.115023316887358
 20
5.7179571027146565
 10
6.116780030186798
 20
5.716242986461096
 10
8.45832616298889
 20
3.374695855702071
 10
8.56789996202798
 20
3.2906180552963815
 10
8.643605160758721
 20
3.232527902806616
 10
8.650776668129662
 20
3.227024471171404
 10
8.839600425645594
 20
3.118006811304976
 10
8.860852367964663
 20
3.1057369083331055
 10
9.084961287836078
 20
3.012907342454646
 10
9.127079655329737
 20
3.001622053210579
 10
9.319274264543143
 20
2.9501232886398836
 10
9.559774638613405
 20
2.9184612996927135
 10
13.80235196521338
 20
2.918461298754577
 10
14.042852477367852
 20
2.9501242528106784
 10
14.277163617664332
 20
3.0129075278730824
 10
14.50127468207884
 20
3.105737031392755
 10
14.711352163813205
 20
3.2270256339718024
 10
14.90378718665868
 20
3.374686372183125
 10
17.075328230510795
 20
5.546224441069461
 10
17.22299917843969
 20
5.738672650314528
 10
17.344287775075696
 20
5.948750118183961
 10
17.43711728024521
 20
6.172861181915387
 10
17.499900557032433
 20
6.407172321749869
 10
17.53156351282068
 20
6.647672833380972
 10
17.531563513744512
 20
7.350249965267759
 10
17.499900559695583
 20
7.590750477367989
 10
17.43711734633761
 20
7.8250613873793835
 10
17.418765684623146
 20
7.869365784746247
 10
17.344289726619547
 20
8.049167797194984
 10
17.222998033955108
 20
8.259251393629443
 10
17.07533298016107
 20
8.45169365247341
 10
16.899206977511696
 20
8.627820630556656
 10
16.899165633446394
 20
8.627860975096235
 10
15.890040811295231
 20
9.636985797001694
 10
15.888326721742036
 20
9.63874248301484
 10
15.88665626122527
 20
9.640540707251986
 10
15.885030436038635
 20
9.642379386453928
 10
15.8834502255873
 20
9.644257412991184
 10
15.881916581797885
 20
9.646173655531245
 10
15.880430428545024
 20
9.64812695972009
 10
15.878992661094815
 20
9.650116148877578
 10
15.877604145565508
 20
9.652140024706283
 10
15.823628156472077
 20
9.732922008297008
 10
15.822289815545213
 20
9.734979215425367
 10
15.821002362527121
 20
9.737068646527772
 10
15.819766572884035
 20
9.739189043085856
 10
15.818583190964002
 20
9.741339127929958
 10
15.817452929548548
 20
9.743517606008394
 10
15.816376469423336
 20
9.745723165167501
 10
15.815354458968132
 20
9.747954476941985
 10
15.81438751376625
 20
9.750210197355079
 10
15.79305586088775
 20
9.80170949596041
 10
15.744450197532736
 20
9.885896046806844
 10
15.661940909730838
 20
10.028806603739863
 10
15.502294912414712
 20
10.236864694582977
 10
15.316864509903588
 20
10.422295098361626
 10
15.10881523919194
 20
10.581936145254746
 10
14.881717377571915
 20
10.713051946693609
 10
14.639431846892174
 20
10.813411150284105
 10
14.530590666935954
 20
10.842574890653157
 10
14.386127595529004
 20
10.881283528929185
 10
14.126132088046992
 20
10.915512512834495
 10
13.86389265254688
 20
10.91551251373073
 10
13.603901028732016
 20
10.88128449373897
 10
13.350595115768343
 20
10.81341224730115
 10
13.182931144744582
 20
10.743963733078616
 10
13.108315369512015
 20
10.713055962688117
 10
12.881223286205513
 20
10.581945809493146
 10
12.683479082343492
 20
10.430213616845291
 10
12.673157188699895
 20
10.422292983216328
 10
12.568096015067372
 20
10.317231810858052
 10
12.566339329099632
 20
10.315517721369051
 10
12.564541104910745
 20
10.31384726091395
 10
12.562702425759818
 20
10.31222143578636
 10
12.560824399276234
 20
10.310641225391347
 10
12.558908156792397
 20
10.309107581655436
 10
12.556954852662221
 20
10.307621428453174
 10
12.554965663565739
 20
10.30618366105057
 10
12.552941787800263
 20
10.30479514556579
 10
12.472159812558699
 20
10.250819162050922
 10
12.470102591265526
 20
10.249480812154411
 10
12.4680131455666
 20
10.2481933508673
 10
12.465892734006273
 20
10.246957553671397
 10
12.46374263378069
 20
10.24577416492947
 10
12.461564139968491
 20
10.244643897436887
 10
12.459358564750746
 20
10.243567431992279
 10
12.45712723662057
 20
10.242545416987468
 10
12.45487149958294
 20
10.241578468016924
 10
12.45259271234515
 20
10.240667167506961
 10
12.450292247498412
 20
10.239812064364939
 10
12.447971490691106
 20
10.239013673648616
 10
12.445631839794144
 20
10.238272476255933
 10
12.443274704058998
 20
10.237588918635339
 10
12.440901503268853
 20
10.236963412516882
 10
12.438513666883422
 20
10.236396334664219
 10
12.436112633177936
 20
10.235888026647663
 10
12.34082566238339
 20
10.216934032361342
 10
12.338412790806549
 20
10.216484785294892
 10
12.335989620749823
 20
10.216094889091751
 10
12.333557611875866
 20
10.215764578616545
 10
12.331118229171636
 20
10.215494052840809
 10
12.328672942065918
 20
10.21528347472313
 10
12.326223223544174
 20
10.215132971110988
 10
12.323770549261255
 20
10.215042632664344
 10
12.32131639665249
 20
10.21501251380103
 10
11.805013182067118
 20
10.215012513760904
 10
11.805012519581698
 20
9.915012391830015
 10
12.3550123229307
 20
9.915012298753123
 10
12.357466445329278
 20
9.914982180216183
 10
12.359919089446414
 20
9.914891843578268
 10
12.36236877790132
 20
9.914741343254779
 10
12.36481403509359
 20
9.91453076990146
 10
12.367253388092042
 20
9.914260250359803
 10
12.369685367521958
 20
9.913929947580627
 10
12.372108508450188
 20
9.913540060525932
 10
12.374521351267552
 20
9.913090824049052
 10
12.376922442568077
 20
9.912582508753182
 10
12.379310336024457
 20
9.912015420828384
 10
12.381683593259273
 20
9.911389901867146
 10
12.384040784711416
 20
9.91070632865862
 10
12.386380490497203
 20
9.909965112961656
 10
12.38870130126566
 20
9.909166701256778
 10
12.391001819047462
 20
9.908311574477239
 10
12.39328065809702
 20
9.907400247719325
 10
12.395536445727194
 20
9.906433269932078
 10
12.397767823136158
 20
9.905411223586638
 10
12.399973446225891
 20
9.90433472432537
 10
12.402151986411802
 20
9.903204420591038
 10
12.404302131423027
 20
9.902020993236201
 10
12.406422586092889
 20
9.90078515511309
 10
12.40851207313906
 20
9.899497650644221
 10
12.410569333932944
 20
9.898159255373974
 10
12.412593129257834
 20
9.896770775501441
 10
12.414582240055362
 20
9.8953330473948
 10
12.416535468159822
 20
9.893846937087513
 10
12.41845163701989
 20
9.892313339756669
 10
12.420329592407347
 20
9.890733179183753
 10
12.422168203112331
 20
9.889107407198207
 10
12.423966361624743
 20
9.887437003104068
 10
12.425722984801366
 20
9.885722973090088
 10
12.427437014518311
 20
9.883966349623632
 10
12.42910741830839
 20
9.882168190828764
 10
12.430733189983039
 20
9.880329579848873
 10
12.432313350238402
 20
9.878451624194218
 10
12.433846947245232
 20
9.876535455074826
 10
12.43533305722224
 20
9.874582226719076
 10
12.436770784992534
 20
9.872593115678434
 10
12.438159264522854
 20
9.870569320118761
 10
12.439497659445228
 20
9.868512059098562
 10
12.440785163560777
 20
9.866422571834681
 10
12.442021001325331
 20
9.864302116955846
 10
12.443204428316593
 20
9.862151971744511
 10
12.444334731682545
 20
9.859973431367472
 10
12.445411230570855
 20
9.857767808095709
 10
12.446433276538983
 20
9.85553643051392
 10
12.447400253944787
 20
9.853280642720236
 10
12.44831158031736
 20
9.85100180351658
 10
12.449166706707896
 20
9.848701285590181
 10
12.449965118020337
 20
9.846380474686717
 10
12.450706333321671
 20
9.844040768775594
 10
12.45138990613161
 20
9.841683577207862
 10
12.452015424691544
 20
9.839310319867275
 10
12.452582512212562
 20
9.836922426315004
 10
12.45309082710242
 20
9.834521334928526
 10
12.453540063171303
 20
9.832108492035196
 10
12.453929949816258
 20
9.829685351041041
 10
12.4542602521842
 20
9.82725337155527
 10
12.454530771313376
 20
9.824814018511077
 10
12.454741344253215
 20
9.822368761283201
 10
12.454891844162475
 20
9.819919072802845
 10
12.454982180385663
 20
9.817466428670434
 10
12.455012298507624
 20
9.815012306266762
 10
12.45501229875313
 20
8.01501250651248
 10
12.454982180625354
 20
8.012558383844622
 10
12.454891844383388
 20
8.010105739448484
 10
12.454741344442407
 20
8.007656050705341
 10
12.45453077145795
 20
8.00521079321609
 10
12.454260252271306
 20
8.00277143991241
 10
12.453929949833118
 20
8.000339460169515
 10
12.453540063105226
 20
7.997916318921067
 10
12.453090826940814
 20
7.995503475776745
 10
12.45258251194295
 20
7.993102384143037
 10
12.452015424301582
 20
7.990714490347759
 10
12.4513899056091
 20
7.988341232768845
 10
12.450706332654573
 20
7.985984040967917
 10
12.44996511719679
 20
7.983644334829177
 10
12.449166705716227
 20
7.981323523704112
 10
12.448311579146106
 20
7.979023005562564
 10
12.447400252582694
 20
7.97674416615064
 10
12.446433274975039
 20
7.974488378155989
 10
12.445411228794292
 20
7.972257000380949
 10
12.444334729682858
 20
7.970051376924056
 10
12.443204426083545
 20
7.967872836370405
 10
12.44202099884898
 20
7.965722690991365
 10
12.440785160831474
 20
7.963602235954113
 10
12.439497656453641
 20
7.961512748541473
 10
12.438159261259974
 20
7.959455487382533
 10
12.436770781449692
 20
7.957431691694486
 10
12.43533305339111
 20
7.955442580536182
 10
12.433846943117855
 20
7.953489352073804
 10
12.432313345807184
 20
7.951573182859142
 10
12.430733185240772
 20
7.949695227120879
 10
12.429107413248259
 20
7.94785661606933
 10
12.427437009133898
 20
7.9460584572150434
 10
12.425722979086672
 20
7.944301833701675
 10
12.423966355574183
 20
7.942587803653543
 10
12.422168196720758
 20
7.940917399538259
 10
12.420329585670045
 20
7.939291627544799
 10
12.418451629932594
 20
7.937711466977421
 10
12.416535460718721
 20
7.936177869665764
 10
12.414582232257107
 20
7.934691759391504
 10
12.412593121099542
 20
7.933254031331901
 10
12.410569325412212
 20
7.931865551520577
 10
12.408512064253959
 20
7.930527156325851
 10
12.406422576841981
 20
7.929239651946943
 10
12.404302121805365
 20
7.928003813928347
 10
12.402151976426934
 20
7.926820386692675
 10
12.399973435873864
 20
7.925690083092243
 10
12.397767812417525
 20
7.924613583979673
 10
12.395536434643011
 20
7.92359153779778
 10
12.393280646648858
 20
7.9226245601889635
 10
12.391001807237402
 20
7.92171323362438
 10
12.388701289096295
 20
7.920858107053074
 10
12.38638047797164
 20
7.920059695571317
 10
12.38404077183328
 20
7.919318480112331
 10
12.381683580032705
 20
7.9186349071565925
 10
12.379310322454112
 20
7.918009388462889
 10
12.376922428659126
 20
7.9174423008202925
 10
12.37452133702568
 20
7.916933985821194
 10
12.372108493881587
 20
7.91648474965554
 10
12.36968535263334
 20
7.916094862926402
 10
12.367253372890616
 20
7.915764560486963
 10
12.364814019587074
 20
7.915494041299064
 10
12.362368762097933
 20
7.915283468313349
 10
12.359919073354867
 20
7.915132968371108
 10
12.357466428958775
 20
7.91504263212788
 10
12.355012306290933
 20
7.915012513998841
 10
11.80501238675309
 20
7.91501251379093
 10
11.805012320753125
 20
7.615013223739973
 10
12.321316575313876
 20
7.6150122987529665
 10
12.323770680370552
 20
7.614982176659197
 10
12.32622330707935
 20
7.614891837315375
 10
12.328672978090786
 20
7.614741335137767
 10
12.331118217835762
 20
7.614530760781957
 10
12.33355755341437
 20
7.614260241088249
 10
12.335989515483092
 20
7.613929939005259
 10
12.338412639139886
 20
7.613540053491764
 10
12.34082546480655
 20
7.613090819396858
 10
12.43611343564256
 20
7.5941368252467765
 10
12.438514482614911
 20
7.593628519305346
 10
12.440902332242969
 20
7.593061442901922
 10
12.443275546228811
 20
7.59243593760944
 10
12.445632695090163
 20
7.591752380194909
 10
12.44797235902141
 20
7.591011182392465
 10
12.450293128748822
 20
7.59021279065537
 10
12.452593606379402
 20
7.589357685887094
 10
12.454872406242904
 20
7.58844638315165
 10
12.457128155726474
 20
7.587479431363344
 10
12.459359496101424
 20
7.5864574129561495
 10
12.46156508334166
 20
7.585380943532877
 10
12.463743588933234
 20
7.584250671494379
 10
12.465893700674565
 20
7.5830672776489845
 10
12.468014123466833
 20
7.581831474802428
 10
12.470103580094063
 20
7.5805440073284895
 10
12.472160811992453
 20
7.579205650720637
 10
12.552942787300921
 20
7.525229667331771
 10
12.554966663142176
 20
7.523841151798008
 10
12.556955852311916
 20
7.522403384342781
 10
12.558909156512694
 20
7.5209172310843515
 10
12.56082539906435
 20
7.519383587288831
 10
12.562703425612845
 20
7.517803376830865
 10
12.564542104825652
 20
7.516177551637091
 10
12.566340329073268
 20
7.514507091112685
 10
12.568097015096473
 20
7.5127930015513735
 10
12.673156405216734
 20
7.407733611496014
 10
12.884789519075907
 20
7.245341627861112
 10
12.886718079431427
 20
7.243823830288156
 10
12.888608812142733
 20
7.24225916280535
 10
12.890460578411036
 20
7.240648567820591
 10
12.892272262907246
 20
7.238993015404164
 10
12.894042774443756
 20
7.237293502704464
 10
12.895771046631653
 20
7.23555105334741
 10
12.897456038523018
 20
7.233766716819906
 10
12.8990967352379
 20
7.2319415678377315
 10
12.963155715661552
 20
7.158897590232636
 10
12.964751217171578
 20
7.157032622431538
 10
12.966300469138961
 20
7.155129060425931
 10
12.967802538336008
 20
7.1531880508703365
 10
12.96925651995666
 20
7.151210762976672
 10
12.97066153816152
 20
7.1491983878099505
 10
12.972016746605437
 20
7.147152137570814
 10
12.973321328947312
 20
7.145073244865334
 10
12.974574499341857
 20
7.142962961962531
 10
12.975775502912951
 20
7.1408225600400295
 10
12.976923616208364
 20
7.138653328418343
 10
12.978018147635547
 20
7.136456573784221
 10
12.979058437878225
 20
7.134233619403534
 10
12.980043860293554
 20
7.131985804324174
 10
12.98097382128959
 20
7.129714482569451
 10
12.981847760682857
 20
7.12742102232246
 10
12.982665152035786
 20
7.125106805101933
 10
13.013895139330849
 20
7.033107842821242
 10
13.014655489216242
 20
7.030774266019875
 10
13.01535834083787
 20
7.028422732002669
 10
13.016003270818054
 20
7.026054657266357
 10
13.016589890669444
 20
7.0236714682713215
 10
13.017117847029047
 20
7.0212746005823465
 10
13.017586821871076
 20
7.018865498003866
 10
13.01799653269852
 20
7.016445611710261
 10
13.018346732713315
 20
7.014016399371717
 10
13.018637210965004
 20
7.011579324276157
 10
13.018867792477806
 20
7.009135854447808
 10
13.019038338356026
 20
7.006687461762898
 10
13.019148745867712
 20
7.004235621063043
 10
13.01919894850654
 20
7.001781809266846
 10
13.01918891603188
 20
6.999327504480242
 10
13.019118654487006
 20
6.996874185106125
 10
13.018988206195461
 20
6.994423328953812
 10
13.012634208892324
 20
6.897476368664354
 10
13.012443651184626
 20
6.895029438231068
 10
13.012193099416338
 20
6.892587921367166
 10
13.01188270451438
 20
6.890153288789108
 10
13.011512653453861
 20
6.887727007066407
 10
13.011083169145463
 20
6.885310537738204
 10
13.010594510301159
 20
6.882905336432867
 10
13.010046971278367
 20
6.880512851991157
 10
13.00944088190264
 20
6.87813452559347
 10
13.008776607268988
 20
6.875771789891705
 10
13.008054547521947
 20
6.873426068146269
 10
13.007275137614549
 20
6.8710987733687325
 10
13.0064388470463
 20
6.8687913074706595
 10
13.005546179580389
 20
6.866505060419135
 10
13.004597672940204
 20
6.86424140939947
 10
13.00359389848544
 20
6.8620017179856205
 10
13.002535460867913
 20
6.859787335318801
 10
12.959564478555714
 20
6.772651370973053
 10
12.95845206297032
 20
6.770463721810569
 10
12.957286296356415
 20
6.768304030745939
 10
12.95606788088766
 20
6.76617359862117
 10
12.954797550449593
 20
6.764073708654801
 10
12.95347607019757
 20
6.7620056256689764
 10
12.952104236095915
 20
6.75997059532761
 10
12.950682874438469
 20
6.7579698433860935
 10
12.9492128413509
 20
6.756004574952979
 10
12.947695022275033
 20
6.754075973764118
 10
12.946130331435523
 20
6.752185201469658
 10
12.94451971128919
 20
6.750333396934354
 10
12.942864131957359
 20
6.7485216755515935
 10
12.941164590641513
 20
6.746751128571567
 10
12.939422111022674
 20
6.7450228224439766
 10
12.937637742644785
 20
6.743337798175683
 10
12.935812560282566
 20
6.7416970707036805
 10
12.862768590268084
 20
6.677638096875811
 10
12.86090362246547
 20
6.676042595363007
 10
12.859000060458232
 20
6.674493343392942
 10
12.857059050900897
 20
6.67299127419331
 10
12.855081763005387
 20
6.671537292570174
 10
12.853069387836719
 20
6.670132274362936
 10
12.851023137595536
 20
6.6687770659167525
 10
12.848944244887917
 20
6.66747248357272
 10
12.846833961982885
 20
6.666219313176135
 10
12.84469356005807
 20
6.66501830960312
 10
12.84252432843399
 20
6.663870196305907
 10
12.840327573797397
 20
6.6627756648770475
 10
12.83810461941417
 20
6.661735374632821
 10
12.835856804332202
 20
6.660749952216072
 10
12.83358548257481
 20
6.659819991218749
 10
12.831292022325094
 20
6.658946051824326
 10
12.82897780510179
 20
6.658128660470378
 10
12.736978836426733
 20
6.626898671004714
 10
12.73471613717784
 20
6.626160485693205
 10
12.732436510735225
 20
6.6254763594422785
 10
12.730141248444877
 20
6.624846679790729
 10
12.727831650510058
 20
6.624271803434844
 10
12.725509025254786
 20
6.623752056026347
 10
12.723174688382693
 20
6.623287731987916
 10
12.72082996223173
 20
6.622879094346412
 10
12.71847617502508
 20
6.622526374583873
 10
12.716114660118773
 20
6.622229772506391
 10
12.713746755246369
 20
6.621989456130925
 10
12.711373801761166
 20
6.621805561590125
 10
12.678871818121873
 20
6.619675562605738
 10
12.676693742537221
 20
6.619556665446733
 10
12.674513591761649
 20
6.619485304514563
 10
12.672332403143702
 20
6.619461513763833
 10
10.59212741634828
 20
6.619461513753132
 10
10.589673288849898
 20
6.619491631999814
 10
10.587220639631976
 20
6.619581968597707
 10
10.584770946084506
 20
6.619732469131209
 10
10.582325683817093
 20
6.61994304294407
 10
10.579886325770092
 20
6.620213563193998
 10
10.577454341327359
 20
6.620543866929069
 10
10.575031195431153
 20
6.62093375518588
 10
10.572618347699702
 20
6.6213829931094
 10
10.47733037686369
 20
6.640336987259474
 10
10.474929329891339
 20
6.640845293200904
 10
10.472541480263281
 20
6.641412369604328
 10
10.470168266277437
 20
6.64203787489681
 10
10.467811117416085
 20
6.642721432311342
 10
10.465471453484836
 20
6.6434626301137865
 10
10.463150683757425
 20
6.644261021850881
 10
10.460850206126844
 20
6.645116126619157
 10
10.45857140626334
 20
6.646027429354602
 10
10.45631565677977
 20
6.646994381142908
 10
10.454084316404819
 20
6.648016399550103
 10
10.451878729164584
 20
6.6490928689733755
 10
10.449700223573009
 20
6.650223141011875
 10
10.447550111831676
 20
6.651406534857268
 10
10.445429689039408
 20
6.652642337703827
 10
10.443340232412176
 20
6.653929805177765
 10
10.441283000513787
 20
6.655268161785617
 10
10.360501025205318
 20
6.709244145174491
 10
10.358477149361121
 20
6.710632660710326
 10
10.356487960188545
 20
6.712070428167768
 10
10.354534655985038
 20
6.713556581428551
 10
10.352618413430767
 20
6.715090225226561
 10
10.350740386879774
 20
6.7166704356871465
 10
10.348901707664595
 20
6.718296260883668
 10
10.347103483414733
 20
6.719966721410943
 10
10.345346797389416
 20
6.72168081097524
 10
8.7337828112881
 20
8.333244797008813
 10
8.732068721735951
 20
8.33500148302122
 10
8.730398261220188
 20
8.336799707257581
 10
8.728772436034514
 20
8.338638386458692
 10
8.727192225584098
 20
8.340516412995076
 10
8.725658581795555
 20
8.34243265553422
 10
8.724172428543516
 20
8.344385959722109
 10
8.722734661094083
 20
8.346375148878602
 10
8.7213461455655
 20
8.348399024706278
 10
8.66737016205091
 20
8.429180999947551
 10
8.666031805440051
 20
8.431238231843992
 10
8.664744337963057
 20
8.43332768846935
 10
8.663508535113401
 20
8.43544811125982
 10
8.662325141264864
 20
8.43759822299943
 10
8.661194869223182
 20
8.439776728589361
 10
8.660118399796687
 20
8.441982315828032
 10
8.659096381386233
 20
8.444213656201496
 10
8.65812942959463
 20
8.446469405683661
 10
8.657218126855858
 20
8.44874820554584
 10
8.656363022084221
 20
8.45104868317518
 10
8.655564630343738
 20
8.453369452901432
 10
8.654823432537876
 20
8.455709116831606
 10
8.654139875119903
 20
8.458066265691967
 10
8.653514369823956
 20
8.460439479676905
 10
8.652947293417046
 20
8.46282732930414
 10
8.652438987472111
 20
8.465228376275757
 10
8.633484993185748
 20
8.560516347070301
 10
8.633035755256506
 20
8.562929194813785
 10
8.632645866994581
 20
8.56535234072221
 10
8.63231556325501
 20
8.567784325177328
 10
8.632045043001204
 20
8.570223683236856
 10
8.631834469185089
 20
8.572668945516913
 10
8.631683968648957
 20
8.575118639077123
 10
8.631593632049064
 20
8.577571288307858
 10
8.631563513801014
 20
8.580025415819101
 10
8.631563513754593
 20
8.689590999106398
 10
8.62594661628194
 20
8.770512658880747
 10
8.578984122819762
 20
8.97018945812405
 10
8.49660397412623
 20
9.156763549385381
 10
8.38134255019979
 20
9.325024055558686
 10
8.24778030052452
 20
9.458586307482674
 10
7.102637310606438
 20
9.458586325800132
 10
7.049099780118458
 20
9.433264968162058
 10
7.046868405172912
 20
9.43224292358209
 10
7.044612620077512
 20
9.431275947432216
 10
7.042333783629261
 20
9.430364622181179
 10
7.0400332685104035
 20
9.429509496775779
 10
6.961494335926635
 20
9.40140781732584
 10
6.959173524801599
 20
9.400609405844053
 10
6.9568338186628536
 20
9.399868190385055
 10
6.95447662686189
 20
9.399184617429322
 10
6.9521033692829075
 20
9.398559098735642
 10
6.871188176868413
 20
9.378290898129638
 10
6.868800283073033
 20
9.377723810487081
 10
6.866399191439189
 20
9.377215495488043
 10
6.863986348294703
 20
9.37676625932247
 10
6.86156320704606
 20
9.376376372593429
 10
6.779051012336082
 20
9.364136844682834
 10
6.776619032592958
 20
9.36380654224351
 10
6.774179679289018
 20
9.363536023055747
 10
6.77173442179948
 20
9.363325450070185
 10
6.769284733056021
 20
9.363174950128117
 10
6.685970173591836
 20
9.359081968257625
 10
6.683517529195361
 20
9.35899163201459
 10
6.681063406527138
 20
9.358961513885761
 10
6.678609283858898
 20
9.358991632013174
 10
6.67615663946237
 20
9.359081968254795
 10
6.592842079995741
 20
9.363174950077234
 10
6.590392391252196
 20
9.363325450017888
 10
6.587947133762536
 20
9.36353602300204
 10
6.58550778045844
 20
9.363806542188396
 10
6.583075800715124
 20
9.364136844626316
 10
6.500563605998354
 20
9.376376372489275
 10
6.4981404647494925
 20
9.376766259216918
 10
6.495727621604752
 20
9.3772154953811
 10
6.493326529970622
 20
9.37772381037875
 10
6.49093863617492
 20
9.378290898019927
 10
6.410023443748375
 20
9.398559098579327
 10
6.4076501861690165
 20
9.39918461727164
 10
6.4052929943676435
 20
9.399868190226018
 10
6.402953288228456
 20
9.400609405683673
 10
6.4006324771029455
 20
9.401407817164127
 10
6.322093544502863
 20
9.429509496568834
 10
6.319793026360879
 20
9.430364623138864
 10
6.317514186948519
 20
9.431275949702203
 10
6.315258398953435
 20
9.432242927309805
 10
6.313027021177964
 20
9.433264973490516
 10
6.237620721259054
 20
9.468929497205856
 10
6.235415097801739
 20
9.470005996317273
 10
6.23323655724767
 20
9.471136299916585
 10
6.231086411868216
 20
9.472319727151168
 10
6.228965956830556
 20
9.47355556516871
 10
6.157418493482388
 20
9.516439464334994
 10
6.155329006069341
 20
9.517726968712886
 10
6.153271744909999
 20
9.519065363906629
 10
6.151247949221558
 20
9.520453843717005
 10
6.149258838062868
 20
9.521891571775695
 10
6.0822592524687495
 20
9.571581851001609
 10
6.08030602400599
 20
9.573067961274992
 10
6.078389854790957
 20
9.57460155858581
 10
6.076511899052331
 20
9.576181719152382
 10
6.074673288000432
 20
9.577807491145075
 10
6.012866822795764
 20
9.63382560587794
 10
6.011068663941138
 20
9.63549600999249
 10
6.009312040427442
 20
9.637210040039923
 10
6.007598010378996
 20
9.638966663552631
 10
6.005927606263408
 20
9.640764822406293
 10
5.949909491494959
 20
9.702571287578582
 10
5.9482837195012115
 20
9.704409898629539
 10
5.946703558933559
 20
9.706287854367245
 10
5.945169961621642
 20
9.70820402358139
 10
5.943683851347135
 20
9.710157252043285
 10
5.8939935720826675
 20
9.777156837608583
 10
5.892555844022831
 20
9.779145948766443
 10
5.891167364211287
 20
9.78116974445408
 10
5.889828969016357
 20
9.783227005612648
 10
5.888541464637262
 20
9.785316493024952
 10
5.845657565429425
 20
9.856863956348805
 10
5.844421727410654
 20
9.858984411385764
 10
5.843238300174823
 20
9.861134556764545
 10
5.842107996574248
 20
9.863313097317974
 10
5.841031497461554
 20
9.86551872077468
 10
5.805366973702771
 20
9.94092502067295
 10
5.804344927520776
 20
9.943156398447824
 10
5.803377949911876
 20
9.945412186442345
 10
5.802466623347225
 20
9.947691025854171
 10
5.8016114967758705
 20
9.949991543995656
 10
5.773509817325867
 20
10.028530476579496
 10
5.772711405844073
 20
10.030851287704547
 10
5.771970190385069
 20
10.033190993843307
 10
5.771286617429332
 20
10.035548185644288
 10
5.770661098735649
 20
10.037921443223286
 10
5.750392898129651
 20
10.11883663563783
 10
5.749825810487098
 20
10.121224529433203
 10
5.749317495488062
 20
10.123625621067037
 10
5.74886825932249
 20
10.126038464211515
 10
5.74847837259345
 20
10.12846160546015
 10
5.736238844682855
 20
10.210973800170063
 10
5.735908542243532
 20
10.213405779913192
 10
5.735638023055768
 20
10.215845133217137
 10
5.735427450070205
 20
10.218290390706679
 10
5.735276950128137
 20
10.220740079450142
 10
5.731183968257637
 20
10.304054638914582
 10
5.731093632014603
 20
10.306507283311058
 10
5.731063513885774
 20
10.308961405979279
 10
5.731093632013187
 20
10.311415528647517
 10
5.731183968254808
 20
10.313868173044044
 10
5.735276950077232
 20
10.397182732510368
 10
5.735427450017886
 20
10.399632421253909
 10
5.735638023002037
 20
10.402077678743565
 10
5.735908542188393
 20
10.404517032047655
 10
5.736238844626312
 20
10.406949011790967
 10
5.748478372489286
 20
10.489461206507922
 10
5.748868259216929
 20
10.491884347756786
 10
5.749317495381109
 20
10.494297190901527
 10
5.749825810378761
 20
10.49669828253566
 10
5.750392898019936
 20
10.499086176331362
 10
5.770661098579322
 20
10.580001368757886
 10
5.771286617271636
 20
10.582374626337247
 10
5.771970190226015
 20
10.584731818138621
 10
5.77271140568367
 20
10.587071524277812
 10
5.7735098171641255
 20
10.589392335403325
 10
5.8016114965687535
 20
10.667931268003187
 10
5.8024666231386695
 20
10.670231786144877
 10
5.80337794970188
 20
10.672510625556946
 10
5.80434492730934
 20
10.674766413551747
 10
5.805366973489895
 20
10.676997791326942
 10
5.809440173309034
 20
10.685609848778016
 10
5.584619818747791
 20
10.910430622578856
 10
5.52264480562773
 20
10.788800356979833
 10
5.461841872939684
 20
10.6016684026361
 10
5.431063300057349
 20
10.40734794029497
 10
5.431063298803289
 20
10.21057592518575
 10
5.461841915290568
 20
10.016256097437259
 10
5.465969167594102
 20
10.003553420148561
 10
5.466698894670455
 20
10.00121002548684
 10
5.467370890379351
 20
9.998849427699462
 10
5.467984749910504
 20
9.996473048810783
 10
5.468540103474867
 20
9.994082320351694
 10
5.469036616527395
 20
9.991678682497271
 10
5.4694739899685745
 20
9.98926358319921
 10
5.469851960324596
 20
9.98683847731358
 10
5.470170299906079
 20
9.984404825724422
 10
5.481588296457935
 20
9.887923855268607
 10
5.481846800496596
 20
9.885483263014615
 10
5.482045333092871
 20
9.8830370619402
 10
5.482183774664306
 20
9.88058672546952
 10
5.482262041823172
 20
9.878133729517609
 10
5.482280087426687
 20
9.875679551601392
 10
5.482237900605414
 20
9.873225669949731
 10
5.482135506769808
 20
9.870773562613035
 10
5.481972967594909
 20
9.868324706572988
 10
5.481750380983196
 20
9.865880576852918
 10
5.481467881005614
 20
9.863442645629336
 10
5.48112563782082
 20
9.861012381345207
 10
5.480723857572692
 20
9.858591247825455
 10
5.480262782266162
 20
9.856180703395259
 10
5.479742689621448
 20
9.853782200001648
 10
5.479163892906772
 20
9.85139718233896
 10
5.478526740749675
 20
9.849027086978651
 10
5.452154751643793
 20
9.755520125259864
 10
5.4514595953266936
 20
9.753166274529242
 10
5.450706880892436
 20
9.750830193077814
 10
5.449897061765392
 20
9.748513288127516
 10
5.44903062576898
 20
9.746216955348633
 10
5.4481080948318095
 20
9.743942578019075
 10
5.447130024673275
 20
9.741691526191099
 10
5.446097004468801
 20
9.73946515586602
 10
5.445009656494934
 20
9.737264808177363
 10
5.443868635754485
 20
9.735091808582998
 10
5.442674629581972
 20
9.73294746606669
 10
5.441428357229576
 20
9.730833072349592
 10
5.440130569433873
 20
9.728749901112135
 10
5.438782047963606
 20
9.726699207226769
 10
5.437383605148752
 20
9.72468222600206
 10
5.4359360833911925
 20
9.722700172438545
 10
5.434440354657256
 20
9.720754240496847
 10
5.374291377765176
 20
9.644457269656714
 10
5.372756842099604
 20
9.642558885761884
 10
5.371176426819954
 20
9.64069852325288
 10
5.369551073642274
 20
9.638877290656843
 10
5.367881751059588
 20
9.637096273184724
 10
5.366169453764804
 20
9.635356532084636
 10
5.364415202058005
 20
9.633659104009503
 10
5.362620041238493
 20
9.63200500039934
 10
5.360785040981926
 20
9.630395206878587
 10
5.358911294702938
 20
9.628830682668791
 10
5.356999918903605
 20
9.627312360017052
 10
5.3550520525081655
 20
9.62584114364052
 10
5.353068856184368
 20
9.624417910187308
 10
5.3510515116518755
 20
9.62304350771413
 10
5.349001220978109
 20
9.621718755180964
 10
5.323984344619917
 20
9.605984075840423
 10
5.3228747578816895
 20
9.604916915128177
 10
5.321064310162195
 20
9.60325928482185
 10
5.3192137214060375
 20
9.601646591288327
 10
5.317324106678085
 20
9.600079806249662
 10
5.31539660455815
 20
9.598559873765922
 10
5.313432376454938
 20
9.597087709666361
 10
5.311432605906253
 20
9.59566420099758
 10
5.309398497865857
 20
9.594290205489045
 10
5.307331277977429
 20
9.592966551036264
 10
5.30523219183606
 20
9.591694035201943
 10
5.303102504237727
 20
9.59047342473542
 10
5.297090386939735
 20
9.587124986812283
 10
5.124999798821087
 20
9.469239592073372
 10
4.980785232545407
 20
9.325025028225742
 10
4.865522673061163
 20
9.156763291937764
 10
4.783142575216253
 20
8.970192078010674
 10
4.73618208524721
 20
8.770526337784897
 10
4.730563298836938
 20
8.689590449351149
  0
LWPOLYLINE
  5
35
330
17
100
AcDbEntity
  8
0
100
AcDbPolyline
 90
76
 70
0
 10
10.55501248933003
 20
7.91501251375313
 10
10.552558366931239
 20
7.915042632290074
 10
10.550105722813889
 20
7.915132968928005
 10
10.547656034358772
 20
7.915283469251522
 10
10.545210777166291
 20
7.915494042604875
 10
10.542771424167631
 20
7.915764562146579
 10
10.540339444737505
 20
7.916094864925813
 10
10.537916303809073
 20
7.916484751980575
 10
10.535503460991505
 20
7.916933988457534
 10
10.53310236969078
 20
7.917442303753491
 10
10.530714476234206
 20
7.918009391678386
 10
10.528341218999197
 20
7.918634910639732
 10
10.525984027546865
 20
7.919318483848375
 10
10.523644321760896
 20
7.920059699545466
 10
10.521323510992259
 20
7.92085811125048
 10
10.519022993210283
 20
7.921713238030164
 10
10.51674415416056
 20
7.922624564788233
 10
10.514488366530225
 20
7.923591542575641
 10
10.512256989121102
 20
7.924613588921255
 10
10.51005136603122
 20
7.925690088182702
 10
10.507872825845167
 20
7.926820391917222
 10
10.505722680833808
 20
7.9280038192722575
 10
10.503602226163819
 20
7.929239657395573
 10
10.50151273911753
 20
7.930527161864655
 10
10.499455478323533
 20
7.93186555713512
 10
10.49743168299854
 20
7.933254037007878
 10
10.495442572200917
 20
7.934691765114754
 10
10.493489344096373
 20
7.936177875422279
 10
10.491573175236226
 20
7.93771147275337
 10
10.489695219848702
 20
7.939291633326536
 10
10.48785660914366
 20
7.94091740531234
 10
10.486058450631202
 20
7.9425878094067395
 10
10.48430182745454
 20
7.944301839420986
 10
10.482587797737569
 20
7.946058462887713
 10
10.480917393947474
 20
7.947856621682856
 10
10.47929162227282
 20
7.949695232663029
 10
10.47771146201746
 20
7.951573188317965
 10
10.476177865010646
 20
7.9534893574376415
 10
10.474691755033666
 20
7.955442585793682
 10
10.47325402726341
 20
7.957431696834613
 10
10.47186554773314
 20
7.9594554923945795
 10
10.470527152810826
 20
7.961512753415073
 10
10.46923964869535
 20
7.963602240679248
 10
10.468003810930881
 20
7.965722695558379
 10
10.466820383939718
 20
7.967872840770011
 10
10.465690080573873
 20
7.970051381147346
 10
10.464613581685684
 20
7.972257004419405
 10
10.463591535717688
 20
7.974488382001488
 10
10.46262455831203
 20
7.976744169795467
 10
10.46171323193961
 20
7.979023008999415
 10
10.460858105549244
 20
7.981323526926104
 10
10.460059694236984
 20
7.983644337829856
 10
10.459318478935842
 20
7.985984043741263
 10
10.458634906126107
 20
7.988341235309275
 10
10.45800938756639
 20
7.99071449265014
 10
10.457442300045601
 20
7.993102386202684
 10
10.456933985155981
 20
7.995503477589431
 10
10.45648474908735
 20
7.997916320483024
 10
10.456094862442658
 20
8.000339461477438
 10
10.455764560074991
 20
8.00277144096346
 10
10.4554940409461
 20
8.005210794007901
 10
10.45528346800656
 20
8.007656051236017
 10
10.455132968097606
 20
8.010105739716604
 10
10.455042631874738
 20
8.01255838384924
 10
10.455012513753106
 20
8.015012506253129
 10
10.455012513753106
 20
8.565012425753162
 10
10.15501324467075
 20
8.565012491753121
 10
10.155012307233996
 20
7.972540351508433
 10
10.159497793636062
 20
7.9308185265844555
 10
10.181009689006215
 20
7.87314034094531
 10
10.413138984210303
 20
7.64101103332788
 10
10.470812711479672
 20
7.619499594329614
 10
10.512539788575252
 20
7.615013291736365
 10
11.105011630439437
 20
7.615012442149847
 10
11.10501229292454
 20
7.915012420676238
 10
10.55501248933003
 20
7.91501251375313
  0
LWPOLYLINE
  5
36
330
17
100
AcDbEntity
  8
0
100
AcDbPolyline
 90
56
 70
0
 10
6.079593781976837
 20
11.405405370406761
 10
6.304414576301919
 20
11.180584465015857
 10
6.313027098190187
 20
11.184657875466362
 10
6.315258457243102
 20
11.185679911047611
 10
6.317514226053853
 20
11.186646879001998
 10
6.319793045855391
 20
11.18755819687436
 10
6.322093543995858
 20
11.188413315730472
 10
6.400632476579626
 20
11.216514995180411
 10
6.402953287704662
 20
11.217313406662198
 10
6.405292993843408
 20
11.218054622121196
 10
6.407650185644371
 20
11.218738195076929
 10
6.410023443223354
 20
11.219363713770608
 10
6.490938635637848
 20
11.239631914376613
 10
6.4933265294332285
 20
11.24019900201917
 10
6.495727621067072
 20
11.240707317018208
 10
6.498140464211558
 20
11.241156553183782
 10
6.500563605460202
 20
11.241546439912822
 10
6.583075800170179
 20
11.253785967823417
 10
6.5855077799133035
 20
11.25411627026274
 10
6.587947133217243
 20
11.254386789450503
 10
6.590392390706781
 20
11.254597362436066
 10
6.59284207945024
 20
11.254747862378133
 10
6.676156638914425
 20
11.258840844248626
 10
6.678609283310901
 20
11.258931180491661
 10
6.681063405979123
 20
11.25896129862049
 10
6.683517528647363
 20
11.258931180493077
 10
6.685970173043891
 20
11.258840844251456
 10
6.7692847325105205
 20
11.254747862429017
 10
6.771734421254066
 20
11.254597362488363
 10
6.774179678743725
 20
11.254386789504212
 10
6.7766190320478215
 20
11.254116270317855
 10
6.779051011791137
 20
11.253785967879935
 10
6.861563206507907
 20
11.241546440016975
 10
6.863986347756769
 20
11.241156553289333
 10
6.866399190901509
 20
11.240707317125151
 10
6.86880028253564
 20
11.2401990021275
 10
6.871188176331342
 20
11.239631914486324
 10
6.952103368757887
 20
11.219363713926924
 10
6.954476626337245
 20
11.21873819523461
 10
6.956833818138618
 20
11.218054622280233
 10
6.959173524277805
 20
11.217313406822578
 10
6.961494335403316
 20
11.216514995342123
 10
7.040033268003398
 20
11.188413315937417
 10
7.04233378614509
 20
11.1875581893675
 10
7.044612625557162
 20
11.186646862804288
 10
7.046868413551965
 20
11.185679885196828
 10
7.049099791327161
 20
11.184657839016271
 10
7.057710494829019
 20
11.180585279567419
 10
7.282532080121878
 20
11.405405734507399
 10
7.160901644545655
 20
11.467379913442693
 10
6.9737694026361465
 20
11.528182939566573
 10
6.779448940295016
 20
11.558961512448894
 10
6.582676888145036
 20
11.558961513702966
 10
6.388356258444444
 20
11.528182916851575
 10
6.201233823132632
 20
11.467383774859552
 10
6.079593781976837
 20
11.405405370406761
  0
LWPOLYLINE
  5
37
330
17
100
AcDbEntity
  8
0
100
AcDbPolyline
 90
582
 70
0
 10
5.8310634986879
 20
6.768961518753126
 10
6.407740680417578
 20
6.768961489668486
 10
9.04440208339806
 20
4.13230008669635
 10
9.047037018663584
 20
4.12972904162904
 10
9.049734256940818
 20
4.127223435461369
 10
9.104296655557372
 20
4.077770959972861
 10
9.107054572112316
 20
4.075332302004267
 10
9.109871505696852
 20
4.072962061174282
 10
9.112745759495521
 20
4.070661665227351
 10
9.115675602165311
 20
4.068432499835977
 10
9.174822456075958
 20
4.02456620335281
 10
9.177806122789221
 20
4.022409611282853
 10
9.180841816296672
 20
4.020326891584754
 10
9.183927708010055
 20
4.018319298810982
 10
9.187061939103591
 20
4.016388042260354
 10
9.250223633683907
 20
3.9785303794647096
 10
9.253404316213967
 20
3.976676622453965
 10
9.25662953425634
 20
3.974901481617004
 10
9.259897345060281
 20
3.973206026232288
 10
9.26320578021875
 20
3.971591277578745
 10
9.32977403382281
 20
3.9401068384580347
 10
9.333121100458174
 20
3.9385737691998743
 10
9.33650478242265
 20
3.937123302800692
 10
9.339923041512748
 20
3.9357563129672095
 10
9.343373818697009
 20
3.9344736231229875
 10
9.412707542652603
 20
3.9096656200371642
 10
9.416188759311913
 20
3.9084680028265932
 10
9.419698318491498
 20
3.9073561796495087
 10
9.42323410616414
 20
3.90633082022662
 10
9.426793992503557
 20
3.9053925421961027
 10
9.498225465147366
 20
3.8874998897763917
 10
9.501807305811099
 20
3.8866492583218553
 10
9.505408943232304
 20
3.8858867858318704
 10
9.509028207919275
 20
3.885212931591354
 10
9.512662919762297
 20
3.884628101504904
 10
9.585504216963889
 20
3.8738231157752403
 10
9.589152186539364
 20
3.873327662123754
 10
9.592811216455866
 20
3.872921883348416
 10
9.596479102650603
 20
3.872606023875188
 10
9.600153635726093
 20
3.8723802739660034
 10
9.673703258307034
 20
3.8687670127128957
 10
9.677382224865124
 20
3.8686315083509815
 10
9.681063408830779
 20
3.8685863311593303
 10
13.681063403921042
 20
3.8685863311653486
 10
13.684744587917091
 20
3.868631508357757
 10
13.688423554505519
 20
3.86876701272192
 10
13.761973177329239
 20
3.8723802740170634
 10
13.7656477104138
 20
3.872606023928424
 10
13.769315596617533
 20
3.872921883404276
 10
13.772974626542938
 20
3.8733276621826804
 10
13.77662259612721
 20
3.8738231158376752
 10
13.849463893322008
 20
3.8846281016149735
 10
13.853098605164657
 20
3.8852129317038004
 10
13.856717869851199
 20
3.885886785946684
 10
13.860319507271916
 20
3.886649258439025
 10
13.863901347935103
 20
3.887499889895905
 10
13.935332820566861
 20
3.9053925423622204
 10
13.938892706905639
 20
3.906330820395058
 10
13.942428494577586
 20
3.90735617982025
 10
13.94593805375642
 20
3.908468002999619
 10
13.949419270414923
 20
3.9096656202124556
 10
14.018752994354204
 20
3.934473623343512
 10
14.02220377153764
 20
3.9357563131899918
 10
14.02562203062686
 20
3.9371233030257122
 10
14.0290057125904
 20
3.938573769427111
 10
14.032352779224777
 20
3.9401068386874636
 10
14.098921032808459
 20
3.9715912778517586
 10
14.102229467965872
 20
3.9732060265074636
 10
14.105497278768704
 20
3.9749014818943147
 10
14.10872249680992
 20
3.9766766227333834
 10
14.111903179338768
 20
3.9785303797462053
 10
14.17506487389467
 20
4.01638804258331
 10
14.178199104986952
 20
4.018319299135992
 10
14.181284996699032
 20
4.020326891911787
 10
14.184320690205132
 20
4.022409611611876
 10
14.187304356916993
 20
4.02456620368379
 10
14.246451210798792
 20
4.068432500205489
 10
14.249381053459885
 20
4.0706616655931285
 10
14.252255307250094
 20
4.072962061535937
 10
14.255072240826419
 20
4.075332302361421
 10
14.257830157373412
 20
4.077770960325144
 10
14.312392555788286
 20
4.127223435671486
 10
14.31508979404249
 20
4.129729041819312
 10
14.317724729286004
 20
4.1323000868656825
 10
16.317724725810486
 20
6.132300083398696
 10
16.320295770877745
 20
6.134935018664173
 10
16.32280137704537
 20
6.137632256941354
 10
16.37225385253352
 20
6.192194655557475
 10
16.374692510502143
 20
6.194952572112449
 10
16.377062751332154
 20
6.197769505697016
 10
16.379363147279108
 20
6.200643759495717
 10
16.381592312670506
 20
6.20357360216554
 10
16.425458609153566
 20
6.2627204560761305
 10
16.427615201223507
 20
6.265704122789375
 10
16.42969792092159
 20
6.268739816296807
 10
16.43170551369535
 20
6.271825708010171
 10
16.433636770245965
 20
6.274959939103687
 10
16.471494433041425
 20
6.338121633683705
 10
16.473348190052167
 20
6.341302316213762
 10
16.475123330889126
 20
6.344527534256134
 10
16.476818786273842
 20
6.347795345060071
 10
16.478433534927383
 20
6.351103780218536
 10
16.509917974048427
 20
6.4176720338233
 10
16.511451043306607
 20
6.421019100458709
 10
16.512901509705806
 20
6.424402782423232
 10
16.514268499539305
 20
6.4278210415133765
 10
16.51555118938354
 20
6.4312718186976845
 10
16.54035919246932
 20
6.500605542653442
 10
16.541556809679864
 20
6.504086759312685
 10
16.542668632856927
 20
6.507596318492202
 10
16.543693992279795
 20
6.511132106164775
 10
16.544632270310295
 20
6.514691992504121
 10
16.5625249227298
 20
6.586123465146914
 10
16.563375554184343
 20
6.589705305810675
 10
16.564138026674335
 20
6.5933069432319105
 10
16.56481188091486
 20
6.59692620791891
 10
16.565396711001313
 20
6.6005609197619615
 10
16.576201696731005
 20
6.673402216963823
 10
16.576697150382493
 20
6.677050186539296
 10
16.577102929157828
 20
6.680709216455796
 10
16.577418788631057
 20
6.68437710265053
 10
16.57764453854024
 20
6.688051635726018
 10
16.581257799793363
 20
6.7616012583074
 10
16.5813933041553
 20
6.765280224866352
 10
16.581438481346925
 20
6.768961408832869
 10
16.5814384813409
 20
7.228961403922977
 10
16.58139330414847
 20
7.2326425879181775
 10
16.58125779978433
 20
7.236321554505758
 10
16.57764453848917
 20
7.309871177329328
 10
16.57741878857781
 20
7.31354571041386
 10
16.57710292910196
 20
7.317213596617562
 10
16.57669715032356
 20
7.320872626542938
 10
16.576201696668573
 20
7.32452059612718
 10
16.56539671089136
 20
7.397361893321659
 10
16.564811880802527
 20
7.400996605164348
 10
16.564138026559636
 20
7.404615869850928
 10
16.563375554067285
 20
7.408217507271685
 10
16.562524922610397
 20
7.4117993479349105
 10
16.544632270143854
 20
7.483230820567408
 10
16.543693992111017
 20
7.486790706906172
 10
16.542668632685828
 20
7.490326494578105
 10
16.54155680950646
 20
7.493836053756926
 10
16.54035919229363
 20
7.497317270415416
 10
16.5155511891626
 20
7.566650994354576
 10
16.514268499316113
 20
7.570101771538027
 10
16.512901509480386
 20
7.573520030627261
 10
16.511451043078978
 20
7.576903712590817
 10
16.509917973818617
 20
7.5802507792252065
 10
16.47843353465437
 20
7.646819032808676
 10
16.476818785998674
 20
7.650127467966069
 10
16.475123330611833
 20
7.6533952787688815
 10
16.473348189772775
 20
7.656620496810077
 10
16.47149443275996
 20
7.659801179338905
 10
16.43363676992292
 20
7.722962873894693
 10
16.43170551337024
 20
7.726097104986976
 10
16.429697920594446
 20
7.729182996699055
 10
16.42761520089436
 20
7.732218690205152
 10
16.425458608822446
 20
7.7352023569170125
 10
16.381592312300704
 20
7.7943492107988686
 10
16.379363146913057
 20
7.7972790534599685
 10
16.377062750970243
 20
7.800153307250183
 10
16.374692510144754
 20
7.802970240826514
 10
16.372253852181025
 20
7.8057281573735136
 10
16.322801376834356
 20
7.860290555788721
 10
16.320295771115365
 20
7.8629877935925085
 10
16.317724726519675
 20
7.865622728406922
 10
15.012167397491115
 20
9.171180079081084
 10
15.001763288363222
 20
9.212715610940005
 10
15.000825010330662
 20
9.216275497278337
 10
14.999799650905771
 20
9.21981128494985
 10
14.998687827726727
 20
9.223320844128262
 10
14.997490210514234
 20
9.226802060786353
 10
14.967735490903271
 20
9.309960931125508
 10
14.966452801056976
 20
9.31341170830902
 10
14.965085811221437
 20
9.31682996739832
 10
14.963635344820217
 20
9.320213649361948
 10
14.962102275560042
 20
9.323560715996413
 10
14.924339838393038
 20
9.403402681117774
 10
14.922725089737519
 20
9.40671111627526
 10
14.92102963435085
 20
9.409978927078171
 10
14.919254493511964
 20
9.413204145119469
 10
14.91740073649932
 20
9.416384827648404
 10
14.871994254689344
 20
9.492140965781733
 10
14.870062998136834
 20
9.495275196874118
 10
14.868055405361208
 20
9.498361088586305
 10
14.865972685661285
 20
9.501396782092517
 10
14.863816093589536
 20
9.504380448804493
 10
14.81120285637799
 20
9.575321186927066
 10
14.808973690984864
 20
9.578251029595513
 10
14.806673295036216
 20
9.5811252833928
 10
14.804303054204548
 20
9.58394221697591
 10
14.801864396234306
 20
9.586700133529387
 10
14.742551097857286
 20
9.652142273552588
 10
14.740045491704818
 20
9.654839511810653
 10
14.737474446653607
 20
9.657474447057808
 10
14.734839511405053
 20
9.660045492107585
 10
14.732142273145621
 20
9.662551098258582
 10
14.6667001330897
 20
9.721864396600338
 10
14.663942216534881
 20
9.72430305456909
 10
14.661125282950465
 20
9.726673295399236
 10
14.658251029151911
 20
9.72897369134633
 10
14.655321186482235
 20
9.73120285673787
 10
14.58438044833087
 20
9.783816093910826
 10
14.581396781617729
 20
9.785972685980942
 10
14.578361088110393
 20
9.788055405679202
 10
14.575275196397122
 20
9.790062998453141
 10
14.572140965303696
 20
9.791994255003937
 10
14.496384827145839
 20
9.837400736772517
 10
14.493204144615882
 20
9.839254493783432
 10
14.489978926573606
 20
9.841029634620568
 10
14.48671111576976
 20
9.84272509000546
 10
14.483402680611382
 20
9.844339838659183
 10
14.40356071546943
 20
9.882102275782666
 10
14.400213648834145
 20
9.883635345041009
 10
14.396829966869742
 20
9.885085811440378
 10
14.393411707779714
 20
9.886452801274048
 10
14.38996093059552
 20
9.887735491118459
 10
14.30680206023993
 20
9.91749021068421
 10
14.303320843580687
 20
9.91868782789497
 10
14.299811284401164
 20
9.919799651072244
 10
14.29627549672858
 20
9.920825010495324
 10
14.292715610389216
 20
9.921763288526034
 10
14.207040700200729
 20
9.94322373631898
 10
14.203458859537044
 20
9.944074367773712
 10
14.199857222115881
 20
9.944836840263893
 10
14.19623795742895
 20
9.945510694504604
 10
14.192603245585962
 20
9.946095524591252
 10
14.105237391784874
 20
9.959055024767666
 10
14.101589422200302
 20
9.959550478420477
 10
14.097930392274652
 20
9.959956257196689
 10
14.094262506070727
 20
9.960272116670344
 10
14.090587972986027
 20
9.960497866579503
 10
14.002372556502918
 20
9.964831612068325
 10
13.998693589938792
 20
9.964967116429685
 10
13.995012405967115
 20
9.965012293620488
 10
13.991331221995463
 20
9.96496711642768
 10
13.98765225543141
 20
9.964831612064316
 10
13.899436838950745
 20
9.96049786652744
 10
13.89576230586617
 20
9.960272116616279
 10
13.892094419662417
 20
9.959956257140625
 10
13.888435389736987
 20
9.95955047836242
 10
13.884787420152685
 20
9.959055024707622
 10
13.79742156635839
 20
9.946095524483573
 10
13.793786854515712
 20
9.945510694394944
 10
13.790167589829139
 20
9.944836840152258
 10
13.786565952408383
 20
9.944074367660113
 10
13.782984111745154
 20
9.943223736203429
 10
13.697309201568718
 20
9.921763288363877
 10
13.693749315229887
 20
9.920825010331233
 10
13.690213527557882
 20
9.919799650906231
 10
13.686703968378986
 20
9.918687827727053
 10
13.683222751720415
 20
9.917490210514405
 10
13.60006388138114
 20
9.88773549090342
 10
13.596613104197631
 20
9.886452801057127
 10
13.593194845108336
 20
9.885085811221591
 10
13.589811163144713
 20
9.883635344820375
 10
13.586464096510252
 20
9.882102275560202
 10
13.506622131388678
 20
9.844339838393134
 10
13.503313696231178
 20
9.84272508973761
 10
13.500045885428257
 20
9.841029634350937
 10
13.496820667386947
 20
9.839254493512046
 10
13.493639984858
 20
9.837400736499397
 10
13.417883846724557
 20
9.791994254689357
 10
13.414749615632171
 20
9.790062998136847
 10
13.411663723919986
 20
9.78805540536122
 10
13.408628030413777
 20
9.7859726856613
 10
13.4056443637018
 20
9.78381609358955
 10
13.334703625579284
 20
9.731202856378054
 10
13.33177378291083
 20
9.728973690984924
 10
13.32889952911354
 20
9.72667329503627
 10
13.326082595530425
 20
9.724303054204597
 10
13.323324678976942
 20
9.72186439623435
 10
13.257882538953648
 20
9.66255109785723
 10
13.25518530069559
 20
9.660045491704771
 10
13.252550365448444
 20
9.657474446653566
 10
13.249979320398674
 20
9.65483951140502
 10
13.247473714247684
 20
9.652142273145598
 10
13.188160415905793
 20
9.586700133089549
 10
13.185721757937028
 20
9.583942216534714
 10
13.183351517106868
 20
9.581125282950282
 10
13.181051121159763
 20
9.578251029151712
 10
13.17882195576821
 20
9.575321186482018
 10
13.126208718595347
 20
9.504380448330718
 10
13.124052126525239
 20
9.501396781617585
 10
13.121969406826986
 20
9.498361088110261
 10
13.119961814053056
 20
9.495275196397001
 10
13.118030557502268
 20
9.492140965303584
 10
13.072624075733872
 20
9.416384827146025
 10
13.070770318722955
 20
9.413204144616065
 10
13.068995177885817
 20
9.409978926573785
 10
13.067299722500923
 20
9.406711115769935
 10
13.0656849738472
 20
9.403402680611553
 10
13.027922536723397
 20
9.32356071546889
 10
13.026389467465041
 20
9.320213648833576
 10
13.024939001065661
 20
9.316829966869145
 10
13.023572011231982
 20
9.313411707779085
 10
13.022289321387564
 20
9.30996093059486
 10
12.992534601821848
 20
9.226802060239107
 10
12.991336984611111
 20
9.223320843579922
 10
12.990225161433857
 20
9.219811284400457
 10
12.989199802010795
 20
9.216275496727933
 10
12.988261523980098
 20
9.21271561038863
 10
12.96680107618735
 20
9.127040700201173
 10
12.96595044473261
 20
9.123458859537456
 10
12.965187972242422
 20
9.11985722211626
 10
12.964514118001702
 20
9.116237957429295
 10
12.96392928791505
 20
9.112603245586273
 10
12.950969787738615
 20
9.025237391784886
 10
12.950474334085808
 20
9.021589422200332
 10
12.950068555309596
 20
9.017930392274698
 10
12.949752695835944
 20
9.014262506070791
 10
12.949526945926785
 20
9.010587972986109
 10
12.945193200437934
 20
8.9223725565028
 10
12.945057696076573
 20
8.91869358993865
 10
12.94501251888577
 20
8.915012405966948
 10
12.945057696078578
 20
8.91133122199527
 10
12.945193200441945
 20
8.907652255431193
 10
12.949526945978857
 20
8.819436838950635
 10
12.949752695890018
 20
8.815762305866096
 10
12.950068555365666
 20
8.812094419662381
 10
12.950474334143868
 20
8.808435389736989
 10
12.950969787798659
 20
8.804787420152726
 10
12.963929288022616
 20
8.717421566358722
 10
12.96451411811125
 20
8.713786854516002
 10
12.965187972353943
 20
8.710167589829387
 10
12.965950444846097
 20
8.70656595240859
 10
12.966801076302794
 20
8.70298411174532
 10
12.98826152414258
 20
8.617309201568158
 10
12.989199802175223
 20
8.61374931522934
 10
12.990225161600222
 20
8.610213527557349
 10
12.991336984779398
 20
8.606703968378463
 10
12.992534601992043
 20
8.603222751719906
 10
13.022289321603006
 20
8.520063881380752
 10
13.023572011449302
 20
8.51661310419724
 10
13.02493900128484
 20
8.513194845107941
 10
13.026389467686059
 20
8.509811163144315
 10
13.027922536946233
 20
8.506464096509852
 10
13.065684974113237
 20
8.426622131388484
 10
13.067299722768757
 20
8.423313696230997
 10
13.068995178155426
 20
8.420045885428085
 10
13.070770318994313
 20
8.416820667386785
 10
13.072624076006957
 20
8.413639984857848
 10
13.118030557816933
 20
8.33788384672452
 10
13.119961814369443
 20
8.334749615632134
 10
13.12196940714507
 20
8.331663723919945
 10
13.124052126844992
 20
8.328628030413736
 10
13.126208718916741
 20
8.325644363701759
 10
13.178821956128287
 20
8.254703625579186
 10
13.181051121521413
 20
8.251773782910739
 10
13.183351517470062
 20
8.248899529113453
 10
13.18572175830173
 20
8.246082595530343
 10
13.188160416271971
 20
8.243324678976865
 10
13.247473714648992
 20
8.177882538953664
 10
13.24997932080146
 20
8.175185300695599
 10
13.25255036585267
 20
8.172550365448444
 10
13.255185301101225
 20
8.169979320398667
 10
13.257882539360656
 20
8.16747371424767
 10
13.323324679416578
 20
8.108160415905914
 10
13.326082595971396
 20
8.105721757937163
 10
13.328899529555812
 20
8.103351517107017
 10
13.331773783354366
 20
8.101051121159923
 10
13.334703626024043
 20
8.098821955768383
 10
13.405644364175407
 20
8.046208718595427
 10
13.408628030888549
 20
8.04405212652531
 10
13.411663724395885
 20
8.04196940682705
 10
13.414749616109155
 20
8.039961814053111
 10
13.417883847202582
 20
8.038030557502315
 10
13.493639985360439
 20
7.992624075733736
 10
13.496820667890395
 20
7.99077031872282
 10
13.500045885932671
 20
7.988995177885685
 10
13.503313696736518
 20
7.987299722500792
 10
13.506622131894895
 20
7.98568497384707
 10
13.586464097036847
 20
7.947922536723587
 10
13.589811163672133
 20
7.946389467465242
 10
13.593194845636535
 20
7.944939001065874
 10
13.596613104726563
 20
7.943572011232204
 10
13.600063881910758
 20
7.942289321387793
 10
13.683222752266348
 20
7.912534601822042
 10
13.686703962307876
 20
7.9113369867974805
 10
13.690213514766368
 20
7.9102251654802735
 10
13.693749295626654
 20
7.909199807587474
 10
13.697309175074622
 20
7.908261530753999
 10
13.738844767360503
 20
7.897857398310748
 10
14.63774069239425
 20
6.99896133808078
 10
13.308115795308536
 20
5.669336481939452
 10
10.054010942767402
 20
5.669336512972651
 10
7.681063293729253
 20
8.042284205947368
 10
7.681063293507625
 20
8.618961306310775
 10
7.681018116314419
 20
8.622642490281866
 10
7.680882611950684
 20
8.626321456845348
 10
7.680656862039181
 20
8.629995989929329
 10
7.680341002563215
 20
8.633663876132479
 10
7.6799352237847245
 20
8.6373229060573
 10
7.6794397701296715
 20
8.640970875640987
 10
7.678854940040813
 20
8.64460558748307
 10
7.678181085797925
 20
8.648224852169045
 10
7.677418613305606
 20
8.651826489589203
 10
7.676567981848774
 20
8.65540833025183
 10
7.675629703816014
 20
8.65896821659005
 10
7.674604344390926
 20
8.662504004261447
 10
7.673492521211688
 20
8.666013563439737
 10
7.672294903999008
 20
8.669494780097704
 10
7.6710122141527135
 20
8.672945557280604
 10
7.669645224317205
 20
8.676363816369296
 10
7.668194757916044
 20
8.679747498332324
 10
7.666661688655954
 20
8.683094564966195
 10
7.665046940000532
 20
8.686403000123127
 10
7.663351484613988
 20
8.689670810925492
 10
7.661576343775248
 20
8.692896028966253
 10
7.659722586762779
 20
8.696076711494664
 10
7.657791330210488
 20
8.6992109425865
 10
7.655783737435105
 20
8.702296834298153
 10
7.653701017735451
 20
8.705332527803842
 10
7.651544425663994
 20
8.708316194515314
 10
7.649315260271157
 20
8.711246037183306
 10
7.647014864322819
 20
8.714120290980151
 10
7.644644623491482
 20
8.71693722456284
 10
7.642205965521592
 20
8.71969514111591
 10
7.639700359369523
 20
8.72239237937356
 10
7.63712931431873
 20
8.725027314620316
 10
7.634494379070613
 20
8.727598359669717
 10
7.631797140811639
 20
8.730103965820359
 10
7.629039224257278
 20
8.73254262378879
 10
7.626222290673338
 20
8.73491286461864
 10
7.623348036875276
 20
8.737213260565456
 10
7.6204181942061044
 20
8.739442425956744
 10
7.617434527493493
 20
8.741599018026623
 10
7.614398833986702
 20
8.743681737724673
 10
7.6113129422739885
 20
8.745689330498424
 10
7.6081787111811305
 20
8.747620587049058
 10
7.60499802865174
 20
8.749474344059845
 10
7.60177281061004
 20
8.75124948489688
 10
7.598504999806779
 20
8.752944940281695
 10
7.595196564648993
 20
8.754559688935368
 10
7.5918494980143105
 20
8.756092758193688
 10
7.588465816050516
 20
8.75754322459306
 10
7.5850475569611016
 20
8.758910214426761
 10
7.581596779777523
 20
8.76019290427123
 10
7.578115563118923
 20
8.76139052148207
 10
7.574606003940045
 20
8.762502344659453
 10
7.571070216268107
 20
8.763527704082671
 10
7.56751032992939
 20
8.764465982113549
 10
7.563928489266312
 20
8.765316613568485
 10
7.560326851845753
 20
8.7660790860589
 10
7.55670758715942
 20
8.766752940299876
 10
7.553072875317028
 20
8.767337770386812
 10
7.549424905733079
 20
8.767833224039936
 10
7.545765875808043
 20
8.768239002816491
 10
7.542097989604727
 20
8.768554862290518
 10
7.5384234565206265
 20
8.768780612200079
 10
7.534744489957073
 20
8.768916116561869
 10
7.531063305985957
 20
8.768961293753128
 10
5.831063506231463
 20
8.768961293507564
 10
5.827382322260137
 20
8.768916116315236
 10
5.8237033556963995
 20
8.768780611952366
 10
5.820028822612142
 20
8.768554862041718
 10
5.816360936408696
 20
8.768239002566593
 10
5.812701906483557
 20
8.76783322378893
 10
5.8090539368995335
 20
8.767337770134693
 10
5.805419225057096
 20
8.766752940046635
 10
5.8017999603707455
 20
8.766079085804533
 10
5.798198322950197
 20
8.765316613312987
 10
5.794616482287159
 20
8.764465981856912
 10
5.791056595948512
 20
8.763527703824893
 10
5.787520808276673
 20
8.76250234440053
 10
5.784011249097924
 20
8.761390521222001
 10
5.780530032439483
 20
8.760192904010013
 10
5.777079255256092
 20
8.758910214164395
 10
5.773660996166896
 20
8.757543224329543
 10
5.770277314203351
 20
8.756092757929023
 10
5.766930247568949
 20
8.754559688669556
 10
5.763621812411473
 20
8.752944940014737
 10
5.760354001608553
 20
8.75124948462878
 10
5.757128783567223
 20
8.749474343790608
 10
5.753948101038235
 20
8.747620586778687
 10
5.750813869945809
 20
8.745689330226924
 10
5.747727978233558
 20
8.743681737452052
 10
5.744692284727261
 20
8.741599017752888
 10
5.741708618015173
 20
8.739442425681903
 10
5.738778775346556
 20
8.737213260289517
 10
5.735904521549078
 20
8.734912864341611
 10
5.733087587965752
 20
8.732542623510685
 10
5.7303296714120355
 20
8.730103965541188
 10
5.727632433153736
 20
8.727598359389491
 10
5.7249974979063225
 20
8.72502731433905
 10
5.722426452856261
 20
8.722392379091266
 10
5.719920846704954
 20
8.719695140832604
 10
5.717482188735855
 20
8.716937224278535
 10
5.715111947905337
 20
8.714120290694867
 10
5.712811551957846
 20
8.711246036897057
 10
5.710582386565884
 20
8.708316194228116
 10
5.708425794495329
 20
8.705332527515719
 10
5.706343074796604
 20
8.70229683400912
 10
5.704335482022177
 20
8.69921094229658
 10
5.702404225470867
 20
8.696076711203874
 10
5.700550468459406
 20
8.692896028674618
 10
5.698775327621701
 20
8.689670810633032
 10
5.697079872236214
 20
8.686402999829866
 10
5.695465123581874
 20
8.683094564672158
 10
5.6939320543228895
 20
8.679747498037534
 10
5.692481587922858
 20
8.67636381607378
 10
5.691114598088501
 20
8.672945556984386
 10
5.689831908243381
 20
8.66949477980081
 10
5.688634291031896
 20
8.666013563142196
 10
5.687522467853873
 20
8.662504003963287
 10
5.6864971084300215
 20
8.6589682162913
 10
5.6855588303985165
 20
8.655408329952516
 10
5.6847081989429595
 20
8.651826489289355
 10
5.683945726451933
 20
8.648224851868697
 10
5.683271872210354
 20
8.64460558718225
 10
5.682687042122821
 20
8.640970875339727
 10
5.68219158846911
 20
8.637322905755632
 10
5.681785809691976
 20
8.633663875830436
 10
5.681469950217382
 20
8.629995989626943
 10
5.681244200307264
 20
8.626321456542653
 10
5.681108695944926
 20
8.622642489978896
 10
5.681063518753129
 20
8.618961306007563
 10
5.681063518753129
 20
6.918961506253126
 10
5.681108695942034
 20
6.915280322399625
 10
5.681244200295697
 20
6.911601355953488
 10
5.681469950191369
 20
6.907926822986392
 10
5.681785809645764
 20
6.904258936899456
 10
5.682191588396969
 20
6.9005999070899655
 10
5.682687042019052
 20
6.896951937620517
 10
5.683271872069297
 20
6.893317225891369
 10
5.683945726267973
 20
6.889697961316819
 10
5.684708198710534
 20
6.886096324006372
 10
5.68555883011212
 20
6.882514483451531
 10
5.686497108084215
 20
6.878954597218973
 10
5.68752246744329
 20
6.875418809650917
 10
5.688634290551246
 20
6.8719092505734425
 10
5.68983190768746
 20
6.868428034013572
 10
5.691114597452199
 20
6.864977256925856
 10
5.692481587201159
 20
6.8615589979292455
 10
5.693932053510884
 20
6.858175316055012
 10
5.6954651226747615
 20
6.854828249506459
 10
5.697079871229311
 20
6.851519814431194
 10
5.698775326510447
 20
6.848252003706666
 10
5.700550467239369
 20
6.845026785739739
 10
5.702404224137748
 20
6.841846103280991
 10
5.704335480571816
 20
6.838711872254481
 10
5.7063430732249865
 20
6.835625980603661
 10
5.708425792798592
 20
6.832590287154152
 10
5.71058238474032
 20
6.82960662049406
 10
5.712811549999907
 20
6.826676777872499
 10
5.715111945811643
 20
6.823802524116996
 10
5.717482186503195
 20
6.820985590570428
 10
5.719920844330291
 20
6.8182276740481225
 10
5.72242645033674
 20
6.81553043581576
 10
5.724997495239269
 20
6.8128955005886915
 10
5.7276324303366675
 20
6.810324455553269
 10
5.73032966844266
 20
6.807818849410785
 10
5.7330875848419725
 20
6.805380191444594
 10
5.735904518268998
 20
6.80300995061097
 10
5.73877877190848
 20
6.800709554654272
 10
5.741708614417614
 20
6.798480389246919
 10
5.7446922809689385
 20
6.79632379715471
 10
5.747727974313405
 20
6.7942410774279995
 10
5.750813865862973
 20
6.792233484619192
 10
5.75394809679208
 20
6.790302228027049
 10
5.757128779157334
 20
6.7884484709682535
 10
5.760353997034732
 20
6.786673330076668
 10
5.76362180767375
 20
6.784977874630721
 10
5.766930242667576
 20
6.78336312590931
 10
5.770277309138808
 20
6.781830056576624
 10
5.773660990939888
 20
6.780379590096243
 10
5.777079249867554
 20
6.779012600174884
 10
5.7805300268905775
 20
6.777729910236106
 10
5.784011243390046
 20
6.776532292924316
 10
5.787520802411446
 20
6.775420469639355
 10
5.7910565899277895
 20
6.774395110101954
 10
5.794616476113025
 20
6.773456831950317
 10
5.798198316624965
 20
6.772606200368081
 10
5.801799953896956
 20
6.771843727743873
 10
5.805419218437521
 20
6.771169873362659
 10
5.809053930137172
 20
6.770585043129097
 10
5.812701899581633
 20
6.770089589323029
 10
5.816360929370658
 20
6.769683810387282
 10
5.820028815441664
 20
6.769367950747898
 10
5.823703348397374
 20
6.769142200666901
 10
5.827382314836678
 20
6.769006696127689
 10
5.8310634986879
 20
6.768961518753126
  0
LWPOLYLINE
  5
38
330
17
100
AcDbEntity
  8
0
100
AcDbPolyline
 90
392
 70
0
 10
0.3755125187531214
 20
15.256860404617104
 10
0.37551251875580727
 20
2.5731654078070285
 10
0.3755927958005105
 20
2.568258609767591
 10
0.3761257956961077
 20
2.551973613038997
 10
0.37636663909213686
 20
2.547070568783391
 10
0.3922136387868814
 20
2.30527657360483
 10
0.39246345435015434
 20
2.3020114467218336
 10
0.39278448755473805
 20
2.2987525513477425
 10
0.39317658539673284
 20
2.2955014406667567
 10
0.39742858455240304
 20
2.2632144471598488
 10
0.39789092134054505
 20
2.259976819964928
 10
0.39842373450179336
 20
2.256750042114787
 10
0.3990267707489205
 20
2.2535356475460366
 10
0.44470676948276616
 20
2.023888653966309
 10
0.44537982684059696
 20
2.0206877886782046
 10
0.44612251731831826
 20
2.017502360032979
 10
0.4469344877733225
 20
2.014333882673154
 10
0.45536048608920837
 20
1.9828838890005231
 10
0.4562422102433865
 20
1.9797309193174673
 10
0.45719253775304947
 20
1.9765979442248902
 10
0.45821101589665497
 20
1.9734864562243783
 10
0.5334800138016966
 20
1.7517514624291903
 10
0.5345654243684275
 20
1.7486649577302686
 10
0.5357178954287048
 20
1.745602860767392
 10
0.5369368786814044
 20
1.7425666283677765
 10
0.549386876185809
 20
1.712508634420879
 10
0.5506723029471949
 20
1.709498549138063
 10
0.5520231010959707
 20
1.706517227328869
 10
0.5534386274758845
 20
1.7035660884916601
 10
0.6570106245890912
 20
1.493543094369675
 10
0.65848997207855
 20
1.4906239914982813
 10
0.6600326499186744
 20
1.4877378564269554
 10
0.6616379238200194
 20
1.4848860629088325
 10
0.6779089205554341
 20
1.456704068584583
 10
0.6795758592595057
 20
1.4538882495198093
 10
0.6813038244854742
 20
1.4511094624055243
 10
0.6830919939120885
 20
1.4483690296385336
 10
0.721716070912923
 20
1.3905639143985784
 10
0.813181069193409
 20
1.2536769169912478
 10
0.8150290517800413
 20
1.2509754912699322
 10
0.816935536622148
 20
1.2483150296342196
 10
0.8188996160005776
 20
1.245696798788112
 10
0.838728612023046
 20
1.219855803989207
 10
0.8407487091501225
 20
1.2172818499835907
 10
0.8428244689788322
 20
1.2147525708848423
 10
0.8449549038134383
 20
1.2122691701839188
 10
0.9993328995047013
 20
1.0362361751133122
 10
1.00151714892734
 20
1.0337996671812117
 10
1.0037540276249493
 20
1.0314113853436417
 10
1.0060424710899993
 20
1.029072466159327
 10
1.0290714664679412
 20
1.0060434707965196
 10
1.031410385633328
 20
1.003755027352566
 10
1.0337986674510928
 20
1.0015181486751845
 10
1.0362351753625396
 20
0.9993338992718778
 10
1.2122681704466962
 20
0.8449559035972273
 10
1.2147520052947614
 20
0.8428251044667759
 10
1.2172817342275237
 20
0.8407489994565372
 10
1.2198561531229888
 20
0.8387285767687149
 10
1.2456951479348664
 20
0.818901580763195
 10
1.2483128115006923
 20
0.8169379633323385
 10
1.2509726866227002
 20
0.8150319149872169
 10
1.2536735074417604
 20
0.8131843428338362
 10
1.4483625020039737
 20
0.683096346480142
 10
1.451102851675761
 20
0.681308213569986
 10
1.4538815538864733
 20
0.6795802813802778
 10
1.4566972863520815
 20
0.6779133721715422
 10
1.4848892806867722
 20
0.6616363754548513
 10
1.4877415103094234
 20
0.6600308398109285
 10
1.4906280923216517
 20
0.6584879195891039
 10
1.493547652330634
 20
0.6570083494224042
 10
1.7035586464630232
 20
0.5534433523278954
 10
1.7065085911149394
 20
0.552028397770172
 10
1.7094886946271444
 20
0.5506781189447685
 10
1.7124975392290835
 20
0.5493931582406328
 10
1.7425705331839865
 20
0.5369361607562619
 10
1.7456077574792574
 20
0.5357167133554186
 10
1.748670864629692
 20
0.534563822220852
 10
1.7517583963532577
 20
0.5334780362202132
 10
1.9693365591994367
 20
0.4596199809413207
 10
1.973475556256719
 20
0.45821498195155785
 10
1.9765865577974875
 20
0.45719665959336886
 10
1.9797190399103803
 20
0.45624646654758383
 10
1.9828715107942563
 20
0.45536485533045623
 10
2.014331504472482
 20
0.4469358570353045
 10
2.017500436192747
 20
0.4461237433684832
 10
2.0206863245688607
 20
0.445380929723963
 10
2.0238876542990507
 20
0.4447077694056576
 10
2.2535346478811444
 20
0.39902777069317796
 10
2.256750029427001
 20
0.3984245604042096
 10
2.2599778013749554
 20
0.3978916163263281
 10
2.2632164283753275
 20
0.397429191964283
 10
2.2955084218849726
 20
0.3931771928296804
 10
2.2987583403321925
 20
0.3927852915969092
 10
2.3020160368821228
 20
0.39246440270897526
 10
2.3052799600664424
 20
0.3922146789882599
 10
2.517810278515229
 20
0.3782847236594322
 10
2.547068598845035
 20
0.37636676821619164
 10
2.551973613252306
 20
0.3761257956864701
 10
2.568258609980708
 20
0.3755927957962233
 10
2.5731654079710524
 20
0.3755125187531285
 10
22.8768594046988
 20
0.37551251875580727
 10
22.88176650374225
 20
0.3755928056525253
 10
22.898050500470582
 20
0.37612580554812247
 10
22.902955640177723
 20
0.37636679617332786
 10
22.928749732593023
 20
0.37805773667629794
 10
23.144743823608216
 20
0.3922146771092774
 10
23.148007756576693
 20
0.3924644010460009
 10
23.15126546288283
 20
0.3927852905756433
 10
23.154515391044395
 20
0.39317719287460534
 10
23.186807384551184
 20
0.39742919203040344
 10
23.190046011523318
 20
0.39789161639027526
 10
23.193273783443193
 20
0.39842456046476027
 10
23.19648916496116
 20
0.39902777074911483
 10
23.426136158539332
 20
0.44470776948263363
 10
23.429337488297083
 20
0.445380929807355
 10
23.43252337670047
 20
0.4461237434594918
 10
23.435692308447685
 20
0.4469358571351202
 10
23.467152302120397
 20
0.45536485545095584
 10
23.47030473371597
 20
0.45624645521941254
 10
23.47343717705897
 20
0.45719663510734043
 10
23.47654814040401
 20
0.45821494261606566
 10
23.6199666141357
 20
0.5068987823559429
 10
23.698261611189388
 20
0.533477781367036
 10
23.701346002008755
 20
0.534562477956156
 10
23.70440601829792
 20
0.5357141435877906
 10
23.707440206204357
 20
0.536932231091001
 10
23.73752720015199
 20
0.5493932285958965
 10
23.740538691226714
 20
0.5506791712312711
 10
23.743521393763892
 20
0.5520305455425953
 10
23.74647388630974
 20
0.5534467075111953
 10
23.956469880431296
 20
0.6570057046242004
 10
23.95938810033324
 20
0.658484596920278
 10
23.962273372789404
 20
0.6600267813039417
 10
23.96512432529086
 20
0.6616315241661942
 10
23.993328319614946
 20
0.6779145209016851
 10
23.996145099474788
 20
0.6795819711867898
 10
23.99892482346492
 20
0.6813104889827006
 10
24.001666167863362
 20
0.6830992511584101
 10
24.196348162412505
 20
0.8131822475291345
 10
24.199049496531728
 20
0.8150301745245209
 10
24.201709869159988
 20
0.8169365998922564
 10
24.204328013718477
 20
0.8189006160008485
 10
24.230169008517006
 20
0.8387296120230328
 10
24.23274296252261
 20
0.8407497091501005
 10
24.23527224162135
 20
0.8428254689788015
 10
24.237755642322263
 20
0.8449559038133989
 10
24.41378863739282
 20
0.9993338995045695
 10
24.41622514532496
 20
1.0015181489272442
 10
24.41861342716257
 20
1.0037550276248919
 10
24.420952346346922
 20
1.0060434710899813
 10
24.443981341709986
 20
1.0290724664682216
 10
24.4462697851539
 20
1.0314113856335698
 10
24.44850666383124
 20
1.0337996674512937
 10
24.450690913234506
 20
1.0362361753626983
 10
24.60506890890913
 20
1.2122691704467483
 10
24.607199343761767
 20
1.2147525711696248
 10
24.609275103607544
 20
1.2172818502911076
 10
24.611295200750703
 20
1.2198558043202086
 10
24.631124196756645
 20
1.2456967991328556
 10
24.633088212846715
 20
1.2483149436697323
 10
24.634994638196908
 20
1.250975316275623
 10
24.636842565175755
 20
1.2536766503717462
 10
24.76692556152878
 20
1.4483586449329184
 10
24.768713830367883
 20
1.4510992149475144
 10
24.770441888852748
 20
1.4538781433954417
 10
24.772108914532655
 20
1.456694107675814
 10
24.788394911249245
 20
1.484902102010244
 10
24.790000242749947
 20
1.4877540025505092
 10
24.791542973502647
 20
1.4906402471249318
 10
24.793022369138182
 20
1.4935594618262285
 10
24.896578366232657
 20
1.703551455958552
 10
24.89799362824715
 20
1.7065020489918727
 10
24.89934418605443
 20
1.709482813898259
 10
24.90062939685095
 20
1.7124923319703866
 10
24.91309339433531
 20
1.7425833259250807
 10
24.91431261278663
 20
1.7456200782824538
 10
24.91546529600721
 20
1.7486827045908766
 10
24.91655089540384
 20
1.7517697472634175
 10
24.99180989328863
 20
1.973476741065341
 10
24.992828192036956
 20
1.9765876818862722
 10
24.993778364162047
 20
1.9797201023664892
 10
24.994659957175593
 20
1.9828725107934932
 10
25.003088955470922
 20
2.0143325044723017
 10
25.00390106913775
 20
2.0175014361925987
 10
25.00464388278228
 20
2.020687324568744
 10
25.005317043100593
 20
2.0238886542989665
 10
25.050997041813066
 20
2.253535647881053
 10
25.051600252102038
 20
2.2567510294269284
 10
25.05213319617992
 20
2.259978801374902
 10
25.052595620541968
 20
2.263217428375293
 10
25.056847619676592
 20
2.295509421885201
 10
25.057239512001182
 20
2.298759259002933
 10
25.057560395534644
 20
2.3020168738733275
 10
25.05781011746478
 20
2.305280715144509
 10
25.073658117135576
 20
2.547068710163306
 10
25.073899026670006
 20
2.5519729142196446
 10
25.07443202656023
 20
2.568258910946381
 10
25.074512293753134
 20
2.5731654079700266
 10
25.074512293750463
 20
15.256860404699136
 10
25.07443202655595
 20
15.261766901771873
 10
25.073899026660325
 20
15.27805289850028
 10
25.073658117126964
 20
15.282957102515743
 10
25.05781011743218
 20
15.524745097695563
 10
25.057560395499237
 20
15.528008938996711
 10
25.057239511961665
 20
15.531266553896938
 10
25.05684761963166
 20
15.534516391044328
 10
25.052595620475806
 20
15.566808384551507
 10
25.052133196115935
 20
15.570047011523634
 10
25.051600252041453
 20
15.5732747834435
 10
25.0509970417571
 20
15.576490164961461
 10
25.005317043023766
 20
15.806137158538702
 10
25.004643882699057
 20
15.809338488296394
 10
25.003901069046936
 20
15.812524376699724
 10
25.003088955371325
 20
15.81569330844688
 10
24.994659957055333
 20
15.847153302120324
 10
24.99377834581098
 20
15.850305773089932
 10
24.99282815273423
 20
15.853438255287374
 10
24.99180983034137
 20
15.856549256911386
 10
24.990404775178785
 20
15.86068841941492
 10
24.91654677616874
 20
16.07826641646532
 10
24.915460990157495
 20
16.081353948217583
 10
24.91430809901107
 20
16.084417055396244
 10
24.91308865159714
 20
16.08745427971923
 10
24.900631654092553
 20
16.117527273666926
 10
24.899346693397856
 20
16.12053611824206
 10
24.89799641458304
 20
16.123516221727932
 10
24.89658146003703
 20
16.126466166354017
 10
24.793016462923735
 20
16.336477160476168
 10
24.791536892743707
 20
16.339396720510106
 10
24.78999397250747
 20
16.3422833025467
 10
24.78838843684807
 20
16.345135532193094
 10
24.772111440112955
 20
16.37332752651692
 10
24.770444530917043
 20
16.376143258957253
 10
24.76871659874123
 20
16.378921961143305
 10
24.766928465846018
 20
16.381662310791075
 10
24.636840469474333
 20
16.576351305341706
 10
24.634992897304453
 20
16.579052126183807
 10
24.633086848941833
 20
16.58171200132813
 10
24.631123231492502
 20
16.58432966491551
 10
24.611296235469702
 20
16.610168659714706
 10
24.609275812797915
 20
16.612743078586753
 10
24.607199707804693
 20
16.615272807496844
 10
24.60506890869222
 20
16.617756642323016
 10
24.45069091300154
 20
16.793789637392948
 10
24.44850666357893
 20
16.79622614532502
 10
24.44626978488135
 20
16.79861442716256
 10
24.44398134141633
 20
16.800953346346848
 10
24.420952346038572
 20
16.823982341709506
 10
24.418613426873158
 20
16.826270785153486
 10
24.416225145055368
 20
16.828507663830894
 10
24.41378863714389
 20
16.830691913234226
 10
24.237755642059152
 20
16.985069908909395
 10
24.235272306076663
 20
16.987200289437634
 10
24.23274309403459
 20
16.98927599780907
 10
24.230169209329837
 20
16.991296046403452
 10
24.204332214517798
 20
17.011122042408974
 10
24.20171395438267
 20
17.013086150120497
 10
24.19905346233279
 20
17.01499266193273
 10
24.19635200511794
 20
17.016840670091263
 10
24.001656010556754
 20
17.14693266644428
 10
23.99891550395215
 20
17.148720890002117
 10
23.99613664078381
 20
17.15044890604207
 10
23.993320743558627
 20
17.152115892172752
 10
23.96513874922357
 20
17.16838688888972
 10
23.962286955729184
 20
17.16999216277559
 10
23.95940082068222
 20
17.171534840601304
 10
23.95648171783577
 20
17.17301418807744
 10
23.74645872370428
 20
17.276586185171475
 10
23.74350758484125
 20
17.2780017115631
 10
23.74052626300573
 20
17.279352509722457
 10
23.73751617769612
 20
17.280637936493278
 10
23.707458183741334
 20
17.293087933977766
 10
23.70442195136734
 20
17.294306917218194
 10
23.70135985443056
 20
17.295459388267336
 10
23.698273349758182
 20
17.29654479882409
 10
23.476538355955853
 20
17.371813796708967
 10
23.473426867928257
 20
17.372832274860798
 10
23.470293892808247
 20
17.3737826023775
 10
23.467140923097443
 20
17.374664326537523
 10
23.43569092941905
 20
17.383090324832796
 10
23.432522452086175
 20
17.383902295278993
 10
23.429337023468225
 20
17.384644985749098
 10
23.426136158207683
 20
17.385318043100515
 10
23.196489164624225
 20
17.43099804181327
 10
23.193274770027564
 20
17.431601078065015
 10
23.19004799214932
 20
17.432133891229665
 10
23.186810364926142
 20
17.43259622801998
 10
23.1545233714165
 20
17.436848227154428
 10
23.15127226076517
 20
17.43724032499101
 10
23.148013365420912
 20
17.43756135819148
 10
23.14474823856788
 20
17.43781117375195
 10
22.9029542435516
 20
17.45365817342265
 10
22.89805119925516
 20
17.453899016819744
 10
22.881766202525608
 20
17.454432016710033
 10
22.876859404535217
 20
17.45451229375313
 10
2.5731654078073602
 20
17.45451229375045
 10
2.5682586097678164
 20
17.454432016705745
 10
2.551973613039102
 20
17.453899016810134
 10
2.5470700735955143
 20
17.453658140959025
 10
2.305273078415362
 20
17.437810141264197
 10
2.3020092342298017
 20
17.437560427060603
 10
2.298751616282076
 20
17.43723955113794
 10
2.2955017759277205
 20
17.436847666304992
 10
2.2632167824210137
 20
17.43259666714917
 10
2.259978036558686
 20
17.432134232377795
 10
2.256750146427394
 20
17.431601272736895
 10
2.253534647544867
 20
17.430998041757096
 10
2.0238876539664967
 20
17.385318043023556
 10
2.0206870729108237
 20
17.3846450486756
 10
2.017501925615221
 20
17.38390243357232
 10
2.0143337263188537
 20
17.38309055075762
 10
1.9828867326459099
 20
17.374665552441616
 10
1.979733423126831
 20
17.373783749098187
 10
1.9766001122164236
 20
17.37283332771884
 10
1.9734882928941444
 20
17.371814741166265
 10
1.7517452990990547
 20
17.296542743261245
 10
1.748658660162451
 20
17.295457279832902
 10
1.745596431254588
 20
17.294304750052344
 10
1.7425600693938565
 20
17.293085702296956
 10
1.7125120754471044
 20
17.280639704792655
 10
1.7095023408008023
 20
17.279354417890303
 10
1.7065213630946983
 20
17.278003774718247
 10
1.703570561336032
 20
17.276588418210665
 10
1.4935355672142618
 20
17.173011421097527
 10
1.490615706231673
 20
17.17153169192642
 10
1.4877288302882468
 20
17.16998859962045
 10
1.484876314202628
 20
17.168382879047385
 10
1.4567073198786653
 20
17.152118882312216
 10
1.4538920743463777
 20
17.150452240123812
 10
1.451113846735465
 20
17.14872459579317
 10
1.4483739586556401
 20
17.14693677116495
 10
1.2536639641054312
 20
17.01683577479351
 10
1.2509626404065592
 20
17.014987865153582
 10
1.2483022775836412
 20
17.013081457690877
 10
1.2456841421965807
 20
17.011117460018156
 10
1.2198651473978404
 20
16.991305463995815
 10
1.2172910462179325
 20
16.989285260853613
 10
1.2147616248005122
 20
16.98720938876862
 10
1.2122780868375829
 20
16.985078835599406
 10
1.036235091766227
 20
16.830691839907534
 10
1.0337994131588664
 20
16.828508347140463
 10
1.0314119272075217
 20
16.826272260877737
 10
1.02907376931273
 20
16.823984644519772
 10
1.0060467739498893
 20
16.800958649141567
 10
1.0037574844294874
 20
16.798618948929942
 10
1.0015197952315342
 20
16.7962298506394
 10
0.9993347719978646
 20
16.793792492016458
 10
0.8449457763236966
 20
16.617746496932853
 10
0.8428152932796376
 20
16.61526303222815
 10
0.8407394879975162
 20
16.612733686982587
 10
0.8387193482429771
 20
16.610159664777424
 10
0.818907352237533
 20
16.584340669965545
 10
0.816943354583278
 20
16.58172253460003
 10
0.8150369471380603
 20
16.57906217179941
 10
0.8131890375146184
 20
16.576360848123567
 10
0.6830880411610706
 20
16.381650853561634
 10
0.6813002165178834
 20
16.378910965457756
 10
0.6795725721733253
 20
16.376132737822143
 10
0.6779059299720779
 20
16.373317492264544
 10
0.6616419332552618
 20
16.345148497929575
 10
0.6600362126976975
 20
16.342295981867732
 10
0.6584931204061603
 20
16.339409105948704
 10
0.6570133912483965
 20
16.336489244991103
 10
0.5534363941545576
 20
16.12645425086009
 10
0.5520210376352552
 20
16.123503449075585
 10
0.5506703944526116
 20
16.120522471343136
 10
0.549385107540816
 20
16.117512736670022
 10
0.5369391100562255
 20
16.08746474271487
 10
0.535720062313116
 20
16.084428380879768
 10
0.5345675325436952
 20
16.08136615199801
 10
0.5334820691253348
 20
16.078279513087956
 10
0.45821007124046603
 20
15.856536519285534
 10
0.45719148467966764
 20
15.853424699936173
 10
0.4562410632932819
 20
15.850291388998333
 10
0.4553592599440059
 20
15.847138079451508
 10
0.4469342616489364
 20
15.815691085773981
 10
0.4461223788430491
 20
15.81252288650458
 10
0.4453797637473861
 20
15.80933773923627
 10
0.4447067694058534
 20
15.806137158208175
 10
0.39902677069319614
 20
15.57649016462525
 10
0.3984235397087681
 20
15.573274665714768
 10
0.3978905800644647
 20
15.570046775555324
 10
0.39742814529090953
 20
15.566808029664692
 10
0.3931771461563115
 20
15.534523036155065
 10
0.3927852587067145
 20
15.531273171891074
 10
0.39246438121212224
 20
15.528015529930856
 10
0.3922146664843136
 20
15.524751661664178
 10
0.3862776726006365
 20
15.434168754983407
 10
0.37636667860331063
 20
15.282955846525917
 10
0.3761257956872728
 20
15.278052199279122
 10
0.3755927957970189
 20
15.261767202631985
 10
0.3755125187531214
 20
15.256860404617104
  0
LWPOLYLINE
  5
39
330
17
100
AcDbEntity
  8
0
100
AcDbPolyline
 90
711
 70
0
 10
4.78056329383686
 20
8.687856968605232
 10
4.780563293753374
 20
6.850065208505455
 10
4.785778854029599
 20
6.774913834077247
 10
4.830753776623722
 20
6.583689180786437
 10
4.89057224217642
 20
6.448213831863008
 10
4.9093908939843995
 20
6.405594010400462
 10
5.01941573087897
 20
6.244977959367469
 10
5.157079945702081
 20
6.107313742226582
 10
5.317695779998155
 20
5.997289049827495
 10
5.422271469675764
 20
5.95111440209812
 10
5.495789244591718
 20
5.9186531594594864
 10
5.687006883646323
 20
5.873678901845301
 10
5.762167592776121
 20
5.868461294005017
 10
5.870000396508807
 20
5.868461293753127
 10
5.873681587681714
 20
5.86841611637594
 10
5.87736056143382
 20
5.868280611474846
 10
5.8810351016802285
 20
5.868054860673252
 10
5.884702995006635
 20
5.867738999955529
 10
5.888362032002606
 20
5.86733321958511
 10
5.892010008592449
 20
5.866837763989871
 10
5.895644727362876
 20
5.866252931614905
 10
5.899263998886641
 20
5.865579074742744
 10
5.994551969722994
 20
5.846625080592606
 10
5.998153514174195
 20
5.845862627520211
 10
6.001735262911076
 20
5.845012020027048
 10
6.0052950585334495
 20
5.844073770460828
 10
6.008830756864177
 20
5.843048443958846
 10
6.012340228240682
 20
5.84193665810758
 10
6.015821358797706
 20
5.840739082570701
 10
6.019272051740563
 20
5.839456438685711
 10
6.0226902286080986
 20
5.838089499029463
 10
6.026073830524617
 20
5.836639086952808
 10
6.029420819440007
 20
5.835106076084669
 10
6.032729179357322
 20
5.833491389805823
 10
6.035996917547074
 20
5.831796000692725
 10
6.039222065747529
 20
5.83002092993169
 10
6.042402681350243
 20
5.828167246703801
 10
6.045536848570158
 20
5.82623606754091
 10
6.048622679599546
 20
5.8242285556531135
 10
6.129403654907932
 20
5.770253572264159
 10
6.132439521366282
 20
5.768170774637829
 10
6.135423356381353
 20
5.766014096704521
 10
6.138353362420199
 20
5.763784837698145
 10
6.141227774377726
 20
5.761484340577173
 10
6.144044860640034
 20
5.759113991215602
 10
6.146802924127578
 20
5.756675217568079
 10
6.149500303317534
 20
5.754169488809659
 10
6.152135373244736
 20
5.751598314450744
 10
8.491364076117929
 20
3.412368614608298
 10
8.598337772322063
 20
3.3302859163995637
 10
8.67404306768824
 20
3.272195689759633
 10
8.678615829071985
 20
3.2686865420556286
 10
8.864600459716868
 20
3.161308056049616
 10
8.883014373550361
 20
3.1506767013869132
 10
9.101067650448703
 20
3.0603554814887377
 10
9.140020292484735
 20
3.049918423778384
 10
9.329049706701369
 20
2.9992677768160934
 10
9.563051761562742
 20
2.9684612946919895
 10
13.799074745103145
 20
2.9684612937553014
 10
14.033077006968126
 20
2.999268724475848
 10
14.261057211148207
 20
3.060355635877969
 10
14.479112801714418
 20
3.1506768891584915
 10
14.683514018428678
 20
3.2686882901713696
 10
14.870749167086673
 20
3.4123590204840464
 10
17.03765560845783
 20
5.579262493238731
 10
17.18133652610638
 20
5.7665108023473435
 10
17.299347917473106
 20
5.970911998879207
 10
17.389669172358882
 20
6.188967588780775
 10
17.450756085439224
 20
6.4169477925113565
 10
17.481563517824988
 20
6.650950053714251
 10
17.481563518740202
 20
7.346972745184762
 10
17.450756088030417
 20
7.580975006968261
 10
17.38966926918495
 20
7.808954865720827
 10
17.372571778769103
 20
7.85023145533683
 10
17.299349841699783
 20
8.027005974164217
 10
17.18133530295183
 20
8.231413367507418
 10
17.037660228189683
 20
8.41865574623142
 10
16.86385164198095
 20
8.592465295039544
 10
16.863810297926907
 20
8.592505639568136
 10
15.85468547577574
 20
9.601630461473595
 10
15.852114341467376
 20
9.604265490471354
 10
15.849608650713105
 20
9.6069628268046
 10
15.847169912953477
 20
9.609720845584528
 10
15.844799597296227
 20
9.612537885366937
 10
15.842499131631277
 20
9.615412249153074
 10
15.840269901770561
 20
9.618342205411926
 10
15.838113250613219
 20
9.621325989123292
 10
15.836030477336614
 20
9.624361802841051
 10
15.782054488243183
 20
9.705143786431776
 10
15.780046976869617
 20
9.708229597098601
 10
15.778115797358572
 20
9.711363743726091
 10
15.77626211290939
 20
9.714544338536712
 10
15.774487040044134
 20
9.717769465775989
 10
15.77279164793508
 20
9.72103718286641
 10
15.77117695776072
 20
9.724345521577504
 10
15.769643942090688
 20
9.727692489211336
 10
15.768193524299953
 20
9.731076069802782
 10
15.748116043009134
 20
9.779547522536802
 10
15.701149050953909
 20
9.860895842708498
 10
15.6202781189935
 20
10.000968678554175
 10
15.464622126570097
 20
10.203826809395848
 10
15.28382652696769
 20
10.384622410234098
 10
15.080977125692826
 20
10.540273476303174
 10
14.859555338655564
 20
10.668112174811007
 10
14.623325316196132
 20
10.7659630735076
 10
14.517649784660216
 20
10.794278585764216
 10
14.376352177314836
 20
10.832139043241213
 10
14.122854922174746
 20
10.865512517845694
 10
13.86716977528411
 20
10.86551251871953
 10
13.613676345928383
 20
10.832139989095475
 10
13.366701476601847
 20
10.7659641189835
 10
13.202065532552798
 20
10.697769851413574
 10
13.13047736042097
 20
10.668116191982582
 10
12.909061141251035
 20
10.54028296242856
 10
12.713917450074018
 20
10.390546183471715
 10
12.706195609276323
 20
10.38462073277327
 10
12.60345135037676
 20
10.281876475119853
 10
12.60081632144711
 20
10.279305340907777
 10
12.598118985186256
 20
10.276799650246007
 10
12.595360966482849
 20
10.274360912574945
 10
12.592543926780948
 20
10.271990597002176
 10
12.589669563079145
 20
10.269690131417482
 10
12.586739606908298
 20
10.267460901632665
 10
12.58375582328844
 20
10.265304250546729
 10
12.580720009665523
 20
10.263221477336916
 10
12.499938034423959
 20
10.20924549382205
 10
12.496852202509915
 20
10.207237968994013
 10
12.493718033987644
 20
10.20530677707944
 10
12.490537416673659
 20
10.203453081301031
 10
12.48731226636216
 20
10.201677998202934
 10
12.484044525671095
 20
10.199982596978188
 10
12.480736162872045
 20
10.198367898824731
 10
12.477389170704674
 20
10.196834876330291
 10
12.474005565176427
 20
10.195384452886561
 10
12.470587384348226
 20
10.19401750213301
 10
12.467136687106876
 20
10.192734847430662
 10
12.463655551924925
 20
10.19153726136616
 10
12.460146075608728
 20
10.190425465286399
 10
12.456610372035474
 20
10.189400128864051
 10
12.453050570879922
 20
10.188461869694187
 10
12.449468816331622
 20
10.18761125292228
 10
12.445867265803408
 20
10.1868487909038
 10
12.35058029500886
 20
10.16789479661748
 10
12.34696098767376
 20
10.16722092602342
 10
12.343326232618962
 20
10.166636081723583
 10
12.339678219338426
 20
10.166140616014902
 10
12.336019145312573
 20
10.165734827354678
 10
12.33235121468456
 20
10.165418960180792
 10
12.328676636932569
 20
10.165193204764462
 10
12.324997625538847
 20
10.165057697095627
 10
12.321316396656377
 20
10.16501251880103
 10
11.855013066653058
 20
10.16501251876479
 10
11.855012624995982
 20
9.96501237836846
 10
12.355012331392237
 20
9.965012293753123
 10
12.358693514959429
 20
9.96496711594809
 10
12.362372481104474
 20
9.964831610992347
 10
12.366047013756212
 20
9.964605860508993
 10
12.369714899514051
 20
9.964290000481649
 10
12.373373928981236
 20
9.963884221172544
 10
12.377021898095713
 20
9.963388767007908
 10
12.380656609457766
 20
9.96280393643074
 10
12.384275873653653
 20
9.962130081721034
 10
12.387877510574427
 20
9.961367608783583
 10
12.391459350729148
 20
9.960516976903476
 10
12.395019236551706
 20
9.959578698469437
 10
12.398555023700457
 20
9.958553338665192
 10
12.40206458234989
 20
9.95744151512901
 10
12.405545798473566
 20
9.956243897581675
 10
12.408996575117513
 20
9.954961207423056
 10
12.412414833663362
 20
9.953594217297576
 10
12.415798515080425
 20
9.952143750628796
 10
12.419145581165983
 20
9.95061068112341
 10
12.422454015773011
 20
9.948995932244964
 10
12.425721826024645
 20
9.947300476657595
 10
12.428947043514606
 20
9.94552533564013
 10
12.432127725492894
 20
9.943671578470912
 10
12.43526195603603
 20
9.941740321783703
 10
12.438347847201142
 20
9.939732728895063
 10
12.441383540163178
 20
9.93765000910362
 10
12.444367206334606
 20
9.935493416961629
 10
12.44729704846688
 20
9.933264251519276
 10
12.450171301733032
 20
9.930963855542178
 10
12.452988234790743
 20
9.928593614702558
 10
12.455746150825236
 20
9.92615495674456
 10
12.458443388571377
 20
9.923649350624233
 10
12.461078323314354
 20
9.921078305624688
 10
12.463649367868346
 20
9.918443370446962
 10
12.466154973532584
 20
9.915746132277137
 10
12.468593631024234
 20
9.91298821583028
 10
12.470963871387527
 20
9.910171282371776
 10
12.473264266878605
 20
9.90729702871664
 10
12.475493431825539
 20
9.904367186207427
 10
12.477650023463008
 20
9.901383519671331
 10
12.479732742741133
 20
9.898347826357117
 10
12.481740335107965
 20
9.895261934852533
 10
12.483671591265194
 20
9.892127703982831
 10
12.485525347896578
 20
9.888947021691084
 10
12.487300488368676
 20
9.885721803900958
 10
12.488995943403475
 20
9.882453993362633
 10
12.490610691722484
 20
9.87914555848256
 10
12.492143760661898
 20
9.875798492137768
 10
12.493594226758518
 20
9.872414810475439
 10
12.49496121630599
 20
9.868996551698439
 10
12.496243905881101
 20
9.865545774837598
 10
12.497441522839784
 20
9.862064558511412
 10
12.498553345782518
 20
9.858554999673974
 10
12.499578704988883
 20
9.855019212351841
 10
12.500516982820963
 20
9.851459326370627
 10
12.501367614095402
 20
9.847877486072068
 10
12.502130086423836
 20
9.844275849022365
 10
12.502803940521545
 20
9.840656584712532
 10
12.503388770484104
 20
9.837021873251587
 10
12.50388422403189
 20
9.833373904053332
 10
12.504290002722271
 20
9.829714874517531
 10
12.504605862129397
 20
9.826046988706283
 10
12.504831611991408
 20
9.822372456016373
 10
12.504967116325059
 20
9.818693489848412
 10
12.505012293507624
 20
9.815012306273582
 10
12.505012293753131
 20
8.0150125065193
 10
12.504967116561842
 20
8.011331322548187
 10
12.504831612200023
 20
8.00765235598464
 10
12.504605862290433
 20
8.003977822900545
 10
12.504290002816377
 20
8.000309936697235
 10
12.503884224039794
 20
7.996650906772207
 10
12.50338877038664
 20
7.993002937188266
 10
12.502803940299676
 20
7.989368225345883
 10
12.502130086058674
 20
7.98574896065956
 10
12.501367613568233
 20
7.982147323239011
 10
12.500516982113268
 20
7.9785654825759424
 10
12.499578704082364
 20
7.975005596237237
 10
12.498553344659118
 20
7.9714698085653115
 10
12.497441521481711
 20
7.967960249386445
 10
12.496243904270846
 20
7.964479032727859
 10
12.494961214426352
 20
7.961028255544294
 10
12.493594224592625
 20
7.957609996454893
 10
12.49214375819323
 20
7.954226314491114
 10
12.490610688934886
 20
7.950879247856447
 10
12.48899594028119
 20
7.947570812698677
 10
12.487300484896352
 20
7.944303001895433
 10
12.485525344059296
 20
7.941077783853749
 10
12.483671587048487
 20
7.937897101324377
 10
12.48174033049783
 20
7.934762870231536
 10
12.47973273772406
 20
7.931676978518841
 10
12.47765001802599
 20
7.928641285012069
 10
12.475493425956092
 20
7.925657618299477
 10
12.473264260564784
 20
7.9227277756303245
 10
12.470963864617948
 20
7.919853521832283
 10
12.468593623788083
 20
7.917036588248362
 10
12.466154965819634
 20
7.9142786716940225
 10
12.463649359668974
 20
7.91158143343507
 10
12.461078314619558
 20
7.908946498186975
 10
12.458443379372786
 20
7.906375453136203
 10
12.455746141115121
 20
7.903869846984156
 10
12.452988224562036
 20
7.901431189014288
 10
12.450171290979336
 20
7.899060948182973
 10
12.447297037182476
 20
7.8967605522346584
 10
12.444367194514472
 20
7.894531386841845
 10
12.441383527802989
 20
7.8923747947704115
 10
12.438347834297288
 20
7.89029207507078
 10
12.435261942585626
 20
7.888284482295422
 10
12.432127711493779
 20
7.886353225743154
 10
12.428947028965359
 20
7.884499468730708
 10
12.425721810924589
 20
7.882724327891994
 10
12.422454000122217
 20
7.881028872505474
 10
12.419145564965278
 20
7.879414123850076
 10
12.4157984983314
 20
7.87788105459001
 10
12.412414816368367
 20
7.876430588188874
 10
12.408996557279668
 20
7.87506359835339
 10
12.405545780096764
 20
7.87378090850712
 10
12.402064563438792
 20
7.872583291294465
 10
12.3985550042605
 20
7.871471468115251
 10
12.3950192165891
 20
7.870446108690188
 10
12.391459330250878
 20
7.869507830657452
 10
12.387877489588247
 20
7.868657199200645
 10
12.38427585216809
 20
7.867894726708351
 10
12.380656587482115
 20
7.867220872465486
 10
12.37702187564003
 20
7.866636042376651
 10
12.373373906056345
 20
7.866140588721623
 10
12.369714876131525
 20
7.865734809943156
 10
12.366046989928378
 20
7.865418950467214
 10
12.3623724568444
 20
7.865193200555735
 10
12.35869349028092
 20
7.865057696192023
 10
12.355012306309833
 20
7.8650125189988405
 10
11.855012370753073
 20
7.865012518809831
 10
11.855012326753128
 20
7.665013129162337
 10
12.321316664891572
 20
7.665012293752886
 10
12.324997822445912
 20
7.664967110612609
 10
12.328676762478446
 20
7.664831601598006
 10
12.332351268964981
 20
7.664605848333474
 10
12.33601912855188
 20
7.664289986802391
 10
12.339678131889299
 20
7.663884207265211
 10
12.343326074961986
 20
7.663388754144855
 10
12.346960760416884
 20
7.662803925879486
 10
12.35057999888672
 20
7.662130074742742
 10
12.445867969722732
 20
7.643176080592661
 10
12.449469540151245
 20
7.642413621686869
 10
12.453051314563481
 20
7.641563007088821
 10
12.456611135512583
 20
7.640624749157917
 10
12.460146858775145
 20
7.639599413044665
 10
12.46365635464277
 20
7.638487616350263
 10
12.467137509204877
 20
7.637290028754601
 10
12.470588225621992
 20
7.636007371612877
 10
12.474006425388762
 20
7.634640417521101
 10
12.477390049585917
 20
7.633189989850729
 10
12.480737060120452
 20
7.631656962252712
 10
12.484045440953235
 20
7.63004225813126
 10
12.487313199313364
 20
7.628346850087641
 10
12.490538366898486
 20
7.626571759334342
 10
12.493719001060382
 20
7.624718055079954
 10
12.49685318597511
 20
7.62278685388514
 10
12.499939033796979
 20
7.620779318990092
 10
12.580721009105448
 20
7.566803335601225
 10
12.583756822842032
 20
7.564720562317937
 10
12.586740606571775
 20
7.5625639111530685
 10
12.589670562848525
 20
7.560334681284002
 10
12.592544926652057
 20
7.558034215609891
 10
12.595361966451325
 20
7.5556638999426955
 10
12.59811998524755
 20
7.553225162172356
 10
12.6008173215965
 20
7.550719471406629
 10
12.603452350609347
 20
7.548148337086088
 10
12.706194439320942
 20
7.445406248437962
 10
12.91522760916859
 20
7.285009274268604
 10
12.918120449677762
 20
7.282732577928142
 10
12.920956548721087
 20
7.280385576723492
 10
12.923734198100393
 20
7.277969684266486
 10
12.926451724822066
 20
7.275486355662539
 10
12.929107492104698
 20
7.272937086634234
 10
12.931699900364938
 20
7.270323412620433
 10
12.934227388180926
 20
7.267646907851481
 10
12.936688433232737
 20
7.264909184401033
 10
13.00074741365639
 20
7.191865206795938
 10
13.003140665901487
 20
7.189067755117604
 10
13.005464543833194
 20
7.186212412132988
 10
13.007717647609988
 20
7.183300897823858
 10
13.009898620022792
 20
7.180334966008077
 10
13.01200614731252
 20
7.177316403283149
 10
13.014038959961455
 20
7.174247027950022
 10
13.015995833457962
 20
7.171128688917791
 10
13.017875589034114
 20
7.167963264589964
 10
13.01967709437574
 20
7.164752661732966
 10
13.02139926430451
 20
7.161498814327552
 10
13.023041061431602
 20
7.158203682403828
 10
13.024601496782616
 20
7.1548692508605845
 10
13.02607963039329
 20
7.151497528269642
 10
13.02747457187572
 20
7.148090545665949
 10
13.028785480954697
 20
7.144650355324132
 10
13.030011567973874
 20
7.141179029522269
 10
13.061241555268937
 20
7.049180067241578
 10
13.062382080087522
 20
7.045679702068696
 10
13.063436357511181
 20
7.042152401072283
 10
13.064403752473392
 20
7.038600288997414
 10
13.065283682243143
 20
7.0350255055346524
 10
13.066075616775949
 20
7.03143020403115
 10
13.06677907903313
 20
7.027816550193542
 10
13.067393645269178
 20
7.024186720783384
 10
13.067918945286992
 20
7.020542902305933
 10
13.068354662660893
 20
7.016887289693057
 10
13.068700534927215
 20
7.013222084981076
 10
13.068956353742413
 20
7.009549495984316
 10
13.06912196500856
 20
7.005871734965182
 10
13.069197268966175
 20
7.002191017301559
 10
13.06918222025431
 20
6.998509560152331
 10
13.069076827937879
 20
6.994829581121824
 10
13.068881155502192
 20
6.991153296923989
 10
13.062527158199055
 20
6.894206336634531
 10
13.062241321639888
 20
6.890535941015188
 10
13.06186549399059
 20
6.886873665749856
 10
13.061399901641531
 20
6.883221716913201
 10
13.06084482505538
 20
6.879582294359477
 10
13.060200598598152
 20
6.875957590397378
 10
13.059467610337803
 20
6.87234978846944
 10
13.058646301810459
 20
6.86876106183678
 10
13.057737167754444
 20
6.865193572269978
 10
13.056740755812271
 20
6.861649468746865
 10
13.055657666200736
 20
6.858130886158033
 10
13.05448855134938
 20
6.8546399440208186
 10
13.053234115507461
 20
6.851178745202553
 10
13.05189511431975
 20
6.847749374653843
 10
13.05047235437133
 20
6.844353898152642
 10
13.04896669270173
 20
6.840994361059865
 10
13.047379036288673
 20
6.837672787087314
 10
13.004408053976475
 20
6.750536822741566
 10
13.002739430612287
 20
6.7472553490251865
 10
13.000990780706001
 20
6.7440158124552365
 10
12.999163157518101
 20
6.740820164294714
 10
12.997257661876876
 20
6.73767032937141
 10
12.995275441515362
 20
6.734568204918523
 10
12.993217690380026
 20
6.7315156594319125
 10
12.991085647911625
 20
6.728514531544647
 10
12.988880598298646
 20
6.725566628919541
 10
12.986603869703819
 20
6.722673727160356
 10
12.984256833464112
 20
6.719837568742301
 10
12.981840903264748
 20
6.717059861962492
 10
12.979357534287693
 20
6.714342279910999
 10
12.97680822233517
 20
6.711686459463091
 10
12.974194502928691
 20
6.709094000293308
 10
12.971517950384165
 20
6.706566463911931
 10
12.96878017686365
 20
6.704105372724436
 10
12.895736206849168
 20
6.640046398896567
 10
12.89293875516856
 20
6.637653146647304
 10
12.890083412181498
 20
6.635329268711573
 10
12.887171897869758
 20
6.633076164930901
 10
12.884205966051208
 20
6.630895192514372
 10
12.88118740332336
 20
6.628787665221077
 10
12.878118027987163
 20
6.626754852568741
 10
12.874999688951723
 20
6.624797979069
 10
12.871834264620553
 20
6.622918223489788
 10
12.868623661760084
 20
6.621116718145278
 10
12.86536981435108
 20
6.619394548213809
 10
12.862074682423652
 20
6.617752751084202
 10
12.858740250876595
 20
6.616192315730865
 10
12.855368528281742
 20
6.61471418211806
 10
12.851961545674046
 20
6.613319240633699
 10
12.84852135532814
 20
6.61200833155299
 10
12.845050029522112
 20
6.6107822445322855
 10
12.753051060847055
 20
6.579552255066621
 10
12.749657012001997
 20
6.578444977108586
 10
12.746237572366573
 20
6.577418787740747
 10
12.74279467895974
 20
6.576474268271294
 10
12.739330282086382
 20
6.575611953744653
 10
12.735846344232506
 20
6.574832332638403
 10
12.732344838953548
 20
6.574135846586561
 10
12.728827749756409
 20
6.5735228901294125
 10
12.725297068975857
 20
6.572993810490013
 10
12.721754796645918
 20
6.572548907377499
 10
12.71820293936691
 20
6.5721884328173035
 10
12.714643509168768
 20
6.571912591008401
 10
12.682141525529476
 20
6.569782592024014
 10
12.678874412179722
 20
6.5696042462869935
 10
12.675604186043612
 20
6.56949720488963
 10
12.672332403143958
 20
6.569461518763832
 10
10.592127416348536
 20
6.569461518753132
 10
10.58844622513164
 20
6.569506696122778
 10
10.584767251335414
 20
6.569642201018489
 10
10.581092711044832
 20
6.569867951816861
 10
10.577424817674279
 20
6.570183812533519
 10
10.573765780634268
 20
6.570589592905029
 10
10.570117804000569
 20
6.571085048503507
 10
10.56648308518655
 20
6.57166988088385
 10
10.562863813619535
 20
6.572343737763515
 10
10.467575842783523
 20
6.591297731913589
 10
10.463974272355008
 20
6.592060190819381
 10
10.46039249794277
 20
6.592910805417429
 10
10.456832676993669
 20
6.593849063348333
 10
10.453296953731105
 20
6.5948743994615855
 10
10.44978745786348
 20
6.595986196155987
 10
10.44630630330137
 20
6.59718378375165
 10
10.442855586884255
 20
6.598466440893374
 10
10.439437387117485
 20
6.599833394985151
 10
10.436053762920327
 20
6.601283822655523
 10
10.432706752385792
 20
6.60281685025354
 10
10.429398371553008
 20
6.604431554374993
 10
10.426130613192877
 20
6.606126962418613
 10
10.422905445607755
 20
6.607902053171912
 10
10.419724811445857
 20
6.609755757426302
 10
10.416590626531127
 20
6.6116869586211156
 10
10.413504778709259
 20
6.613694493516165
 10
10.33272280340079
 20
6.667670476905038
 10
10.329686989659793
 20
6.669753250191434
 10
10.326703205925794
 20
6.671909901359625
 10
10.32377324964495
 20
6.674139131232223
 10
10.320898885837495
 20
6.676439596910067
 10
10.318081846034483
 20
6.678809912581193
 10
10.315323827234698
 20
6.681248650355653
 10
10.312626490882382
 20
6.683754341125683
 10
10.309991461866366
 20
6.686325475450704
 10
8.69842747576505
 20
8.297889461484276
 10
8.695856341458253
 20
8.300524490480926
 10
8.693350650705488
 20
8.303221826812992
 10
8.690911912947302
 20
8.305979845591676
 10
8.688541597291428
 20
8.308796885372773
 10
8.686241131627783
 20
8.311671249157538
 10
8.684011901768304
 20
8.314601205414956
 10
8.681855250612125
 20
8.317584989124832
 10
8.679772477336607
 20
8.320620802841047
 10
8.625796493822017
 20
8.40140277808232
 10
8.623788958922457
 20
8.404488625901266
 10
8.621857757723062
 20
8.407622810813184
 10
8.620004053464024
 20
8.410803444972384
 10
8.618228962706011
 20
8.414028612554922
 10
8.616533554657616
 20
8.417296370912586
 10
8.61491885053133
 20
8.420604751743022
 10
8.613385822928423
 20
8.423951762275328
 10
8.611935395253107
 20
8.427335386470377
 10
8.610568441156339
 20
8.430753586235161
 10
8.609285784009575
 20
8.434204302650414
 10
8.60808819640883
 20
8.437685457210785
 10
8.606976399709302
 20
8.441194953076797
 10
8.605951063590886
 20
8.444730676337874
 10
8.605012805654786
 20
8.448290497285617
 10
8.604162191051508
 20
8.451872271696622
 10
8.60339973214046
 20
8.455473842124034
 10
8.584445737854097
 20
8.550761812918578
 10
8.583771880965848
 20
8.554381084503644
 10
8.583187048577834
 20
8.558015803335993
 10
8.582691592972608
 20
8.56166377998827
 10
8.58228581259528
 20
8.56532281704707
 10
8.581969951873738
 20
8.568990710436593
 10
8.581744201071423
 20
8.572665250746285
 10
8.581608696172713
 20
8.57634422456173
 10
8.581563518801014
 20
8.580025415797918
 10
8.581563518755326
 20
8.687857795749595
 10
8.576347160573105
 20
8.763008956000977
 10
8.531372933515362
 20
8.954231973462006
 10
8.452735713232615
 20
9.132329101790239
 10
8.342711081627249
 20
9.292944853138797
 10
8.227069623899085
 20
9.408586312813958
 10
7.113865181174259
 20
9.408586330620533
 10
7.070477526807882
 20
9.388065505261679
 10
7.067130464417456
 20
9.3865324384045
 10
7.063746786802553
 20
9.385081974191777
 10
7.060328532158663
 20
9.383714986326611
 10
7.056877759509132
 20
9.382432298229203
 10
6.978338826925364
 20
9.354330618779263
 10
6.974857610266819
 20
9.353133001566562
 10
6.971348051087948
 20
9.35202117838733
 10
6.967812263415968
 20
9.350995818962275
 10
6.964252377077159
 20
9.350057540929575
 10
6.883337184662665
 20
9.32978934032357
 10
6.8797553439994426
 20
9.328938708866826
 10
6.876153706578692
 20
9.328176236374622
 10
6.872534441892122
 20
9.327502382131877
 10
6.868899730049447
 20
9.326917552043188
 10
6.78638753533947
 20
9.314678024132593
 10
6.7827395657551826
 20
9.314182570477739
 10
6.779080535829765
 20
9.313776791699475
 10
6.775412649626023
 20
9.313460932223764
 10
6.7717381165414565
 20
9.313235182312544
 10
6.688423557077272
 20
9.309142200442052
 10
6.684744590513216
 20
9.309006696078628
 10
6.681063406541559
 20
9.308961518885761
 10
6.677382222569874
 20
9.309006696076505
 10
6.673703256005741
 20
9.309142200437806
 10
6.590388696539112
 20
9.313235182260245
 10
6.586714163454414
 20
9.313460932169345
 10
6.5830462772504905
 20
9.31377679164294
 10
6.5793872473248385
 20
9.314182570419094
 10
6.575739277740266
 20
9.314678024071844
 10
6.493227083023496
 20
9.326917551934804
 10
6.489592371180493
 20
9.327502382021395
 10
6.485973106493542
 20
9.32817623626205
 10
6.482371469072361
 20
9.328938708752174
 10
6.478789628408657
 20
9.32978934020685
 10
6.397874435982112
 20
9.35005754076625
 10
6.39431454964274
 20
9.350995818796902
 10
6.390778761970146
 20
9.352021178219923
 10
6.387269202790611
 20
9.353133001397138
 10
6.383787986131355
 20
9.35433061860784
 10
6.305249053531273
 20
9.382432298012546
 10
6.301798276347053
 20
9.383714987856903
 10
6.298380017256998
 20
9.385081977690518
 10
6.294996335292569
 20
9.386532444089834
 10
6.291649268657256
 20
9.388065513348128
 10
6.216242968738346
 20
9.423730037063468
 10
6.212934533579943
 20
9.425344785717137
 10
6.209666722776071
 20
9.427040241101976
 10
6.206441504733768
 20
9.428815381939058
 10
6.203260822203783
 20
9.430669138949922
 10
6.131713358855615
 20
9.473553038116206
 10
6.128579127762163
 20
9.475484294666948
 10
6.1254932360488645
 20
9.477491887440834
 10
6.122457542541502
 20
9.479574607139043
 10
6.11947387582833
 20
9.481731199209106
 10
6.052474290234212
 20
9.53142147843502
 10
6.0495444475644895
 20
9.533650643826519
 10
6.04667019376589
 20
9.535951039773574
 10
6.043853260181427
 20
9.538321280603682
 10
6.0410953436265595
 20
9.540759938572398
 10
5.979288878421891
 20
9.596778053305263
 10
5.976591640162431
 20
9.599283659456209
 10
5.973956704913845
 20
9.601854704505934
 10
5.971385659862601
 20
9.604489639753037
 10
5.968880053710099
 20
9.607186878011053
 10
5.91286193894165
 20
9.668993343183342
 10
5.910423280971351
 20
9.671751259736794
 10
5.908053040139625
 20
9.67456819331988
 10
5.905752644190918
 20
9.677442447117144
 10
5.903523478797735
 20
9.680372289785572
 10
5.853833199533267
 20
9.74737187535087
 10
5.851676607461483
 20
9.750355542062795
 10
5.849593887761524
 20
9.753391235568953
 10
5.84758629498586
 20
9.75647712728109
 10
5.84565503843331
 20
9.759611358373427
 10
5.802771139225473
 20
9.83115882169728
 10
5.800917382212765
 20
9.834339504226213
 10
5.7991422413738105
 20
9.837564722267508
 10
5.797446785987077
 20
9.84083253307042
 10
5.7958320373314915
 20
9.84414096822791
 10
5.760167513572709
 20
9.919547268126179
 10
5.7586344443124915
 20
9.922894334760597
 10
5.757183977911229
 20
9.926278016724181
 10
5.755816988075645
 20
9.929696275813436
 10
5.754534298229301
 20
9.933147052996906
 10
5.726432618779298
 20
10.011685985580746
 10
5.725235001566587
 20
10.015167202239313
 10
5.724123178387346
 20
10.018676761418208
 10
5.723097818962285
 20
10.022212549090213
 10
5.722159540929579
 20
10.025772435429046
 10
5.701891340323582
 20
10.10668762784359
 10
5.701040708866841
 20
10.1102694685068
 10
5.70027823637464
 20
10.113871105927538
 10
5.699604382131897
 20
10.117490370614094
 10
5.699019552043211
 20
10.121125082456757
 10
5.6867800241326165
 20
10.20363727716667
 10
5.68628457047776
 20
10.207285246750965
 10
5.685878791699495
 20
10.210944276676388
 10
5.6855629322237835
 20
10.214612162880137
 10
5.685337182312563
 20
10.21828669596471
 10
5.681244200442063
 20
10.301601255429151
 10
5.68110869607864
 20
10.305280221993206
 10
5.681063518885773
 20
10.30896140596486
 10
5.6811086960765165
 20
10.312642589936543
 10
5.681244200437819
 20
10.316321556500673
 10
5.685337182260243
 20
10.399636115966997
 10
5.685562932169343
 20
10.403310649051688
 10
5.685878791642938
 20
10.406978535255606
 10
5.68628457041909
 20
10.410637565181252
 10
5.686780024071839
 20
10.414285534765819
 10
5.699019551934813
 20
10.496797729482774
 10
5.699604382021403
 20
10.50043244132578
 10
5.700278236262059
 20
10.50405170601273
 10
5.701040708752183
 20
10.507653343433914
 10
5.701891340206858
 20
10.51123518409762
 10
5.722159540766244
 20
10.592150376524144
 10
5.723097818796896
 20
10.59571026286352
 10
5.7241231782199185
 20
10.599246050536118
 10
5.725235001397135
 20
10.602755609715656
 10
5.726432618607839
 20
10.606236826374916
 10
5.750589264878727
 20
10.673750129974684
 10
5.597926463923017
 20
10.826413215612318
 10
5.568981548603821
 20
10.769606809921127
 10
5.510610652495023
 20
10.589959885295372
 10
5.4810632950322695
 20
10.403412699203573
 10
5.481063293828369
 20
10.214511184160141
 10
5.510610718035985
 20
10.027964450170048
 10
5.5135220961884395
 20
10.01900393736003
 10
5.514616686793849
 20
10.01548884539674
 10
5.515624680348792
 20
10.011947948745181
 10
5.5165454696378475
 20
10.008383380441867
 10
5.5173784999774504
 20
10.004797287783118
 10
5.5181232695500375
 20
10.001191831031528
 10
5.518779329706338
 20
9.997569182114624
 10
5.519346285235646
 20
9.993931523316494
 10
5.519823794603892
 20
9.990281045963178
 10
5.531241791155748
 20
9.893800075507363
 10
5.531629547210509
 20
9.890139187156882
 10
5.531927346102439
 20
9.886469885575838
 10
5.53213500845786
 20
9.882794380900446
 10
5.5322524091951815
 20
9.879114887003242
 10
5.532279477600228
 20
9.875433620159596
 10
5.532216197368846
 20
9.871752797712777
 10
5.532062606616716
 20
9.868074636738383
 10
5.5318187978564
 20
9.864401352708924
 10
5.531484917941612
 20
9.860735158159368
 10
5.531061167978771
 20
9.85707826135447
 10
5.530547803205858
 20
9.853432864958656
 10
5.529945132838688
 20
9.849801164709293
 10
5.529253519884657
 20
9.846185348094128
 10
5.528473380924086
 20
9.842587593033693
 10
5.527605185859308
 20
9.839010066569475
 10
5.526649457631627
 20
9.835454923558638
 10
5.500277468525744
 20
9.74194796183985
 10
5.499234734058785
 20
9.738417185773342
 10
5.498105662416808
 20
9.7349130636254
 10
5.496890933736365
 20
9.731437706228913
 10
5.495591279752578
 20
9.727993207089295
 10
5.494207483358353
 20
9.724581641123386
 10
5.492740378132777
 20
9.721205063409561
 10
5.49119084783898
 20
9.71786550794977
 10
5.48955982589177
 20
9.714564986444291
 10
5.48784829479536
 20
9.711305487079906
 10
5.4860572855515155
 20
9.708088973332249
 10
5.484187877038499
 20
9.704917382783032
 10
5.482241195361168
 20
9.701792625952885
 10
5.480218413172624
 20
9.69871658515047
 10
5.478120748967824
 20
9.695691113338619
 10
5.475949466349578
 20
9.692718033018124
 10
5.47370587326737
 20
9.689799135129899
 10
5.41355689637529
 20
9.613502164289766
 10
5.4112550928961145
 20
9.61065458847125
 10
5.408884469996393
 20
9.607864044731
 10
5.406446440250191
 20
9.605132195859712
 10
5.403942456397028
 20
9.602460669673794
 10
5.401374010476255
 20
9.59985105804541
 10
5.398742632937985
 20
9.597304915953925
 10
5.396049891731157
 20
9.59482376055936
 10
5.393297391369245
 20
9.592409070298352
 10
5.390486771974184
 20
9.590062284003215
 10
5.387619708299077
 20
9.587784800044584
 10
5.384697908730266
 20
9.585577975498177
 10
5.381723114269361
 20
9.58344312533615
 10
5.378697097495838
 20
9.581381521643562
 10
5.3756216615108166
 20
9.579394392860374
 10
5.354583493396178
 20
9.566162172160373
 10
5.354373829366953
 20
9.565970205584787
 10
5.35159794625585
 20
9.563551165304663
 10
5.348763524187541
 20
9.561200987766249
 10
5.345872271031731
 20
9.55892108905964
 10
5.342925928901466
 20
9.5567128429287
 10
5.339926273103437
 20
9.554577579943322
 10
5.336875111068268
 20
9.552516586697694
 10
5.333774281261467
 20
9.550531105035068
 10
5.330625652075652
 20
9.548622331299493
 10
5.327431120704773
 20
9.546791415614965
 10
5.323439400750886
 20
9.544568234361233
 10
5.1570790221777925
 20
9.430608144437647
 10
5.019416679753489
 20
9.29294580433108
 10
4.909390843935075
 20
9.132328703217052
 10
4.8307537040600605
 20
8.954234393668449
 10
4.785781472164786
 20
8.763022292242447
 10
4.78056329383686
 20
8.687856968605232
  0
LWPOLYLINE
  5
3A
330
17
100
AcDbEntity
  8
0
100
AcDbPolyline
 90
76
 70
0
 10
10.555012480868493
 20
7.86501251875313
 10
10.551331297300981
 20
7.86505769655817
 10
10.547652331155616
 20
7.865193201513938
 10
10.54397779850356
 20
7.865418951997331
 10
10.540309912745405
 20
7.865734812024729
 10
10.536650883277906
 20
7.866140591333904
 10
10.533002914163118
 20
7.866636045498625
 10
10.52936820280076
 20
7.867220876075895
 10
10.525748938604567
 20
7.867894730785717
 10
10.522147301683495
 20
7.868657203723299
 10
10.51856546152848
 20
7.869507835603553
 10
10.515005575705635
 20
7.870446114037752
 10
10.511469788556603
 20
7.871471473842174
 10
10.507960229906892
 20
7.872583297378545
 10
10.50447901378295
 20
7.873780914926086
 10
10.501028237138742
 20
7.8750636050849225
 10
10.497609978592642
 20
7.876430595210634
 10
10.494226297175336
 20
7.87788106187966
 10
10.490879231089545
 20
7.879414131385303
 10
10.487570796482293
 20
7.881028880264019
 10
10.484302986230444
 20
7.8827243358516705
 10
10.481077768740283
 20
7.88449947686943
 10
10.477897086761804
 20
7.886353234038955
 10
10.474762856218488
 20
7.888284490726484
 10
10.47167696505321
 20
7.890292083615452
 10
10.468641272091018
 20
7.892374803407234
 10
10.465657605919446
 20
7.894531395549574
 10
10.462727763787045
 20
7.896760560992287
 10
10.459853510520778
 20
7.899060956969753
 10
10.457036577462969
 20
7.90143119780975
 10
10.454278661428388
 20
7.903869855768134
 10
10.451581423682175
 20
7.906375461888853
 10
10.448946488939143
 20
7.908946506888798
 10
10.44637544438511
 20
7.911581442066931
 10
10.443869838720847
 20
7.914278680237168
 10
10.441431181229186
 20
7.9170365966844445
 10
10.439060940865902
 20
7.9198535301433735
 10
10.436760545374849
 20
7.922727783798937
 10
10.434531380427956
 20
7.925657626308582
 10
10.432374788790543
 20
7.928641292845115
 10
10.430292069512493
 20
7.931676986159767
 10
10.428284477145754
 20
7.934762877664792
 10
10.426353220988632
 20
7.937897108534936
 10
10.424499464357377
 20
7.941077790827127
 10
10.422724323885424
 20
7.944303008617698
 10
10.421028868850787
 20
7.947570819156469
 10
10.41941412053196
 20
7.950879254036987
 10
10.417881051592742
 20
7.954226320382219
 10
10.41643058549634
 20
7.957610002044989
 10
10.415063595949103
 20
7.9610282608224265
 10
10.413780906374244
 20
7.964479037683704
 10
10.412583289415831
 20
7.967960254010321
 10
10.411471466473385
 20
7.971469812848185
 10
10.410446107267328
 20
7.975005600170739
 10
10.409507829435572
 20
7.9785654861523705
 10
10.408657198161475
 20
7.982147326451338
 10
10.407894725833401
 20
7.985748963501445
 10
10.407220871736069
 20
7.989368227811673
 10
10.406636041773904
 20
7.993002939273005
 10
10.406140588226533
 20
7.996650908471638
 10
10.405734809536577
 20
8.000309938007808
 10
10.4054189501299
 20
8.003977823819415
 10
10.40519320026835
 20
8.007652356509675
 10
10.405057695935177
 20
8.011331322677972
 10
10.405012518753106
 20
8.015012506253129
 10
10.405012518753106
 20
8.515012441753179
 10
10.205013160558497
 20
8.515012485753116
 10
10.205012306474435
 20
7.975220323801095
 10
10.208540035860853
 20
7.942407091378507
 10
10.224056376534325
 20
7.9008043240534835
 10
10.440803308621726
 20
7.68405738037533
 10
10.482401881727366
 20
7.668541733821094
 10
10.515219985464302
 20
7.665013282893097
 10
11.055011745853653
 20
7.665012508848205
 10
11.055012187510254
 20
7.865012434137794
 10
10.555012480868493
 20
7.86501251875313
  0
LWPOLYLINE
  5
3B
330
17
100
AcDbEntity
  8
0
100
AcDbPolyline
 90
46
 70
0
 10
6.163611643758407
 20
11.392098155632551
 10
6.316274309747699
 20
11.239435414224948
 10
6.383787985580898
 20
11.263592193726987
 10
6.387269202239442
 20
11.26478981093969
 10
6.390778761418313
 20
11.26590163411892
 10
6.394314549090294
 20
11.266926993543976
 10
6.397874435429102
 20
11.267865271576676
 10
6.478789627843597
 20
11.28813347218268
 10
6.482371468506819
 20
11.288984103639425
 10
6.485973105927569
 20
11.289746576131629
 10
6.489592370614139
 20
11.290420430374374
 10
6.493227082456814
 20
11.291005260463063
 10
6.575739277166791
 20
11.303244788373657
 10
6.579387246751079
 20
11.303740242028512
 10
6.583046276676496
 20
11.304146020806776
 10
6.586714162880238
 20
11.304461880282487
 10
6.590388695964805
 20
11.304687630193706
 10
6.67370325542899
 20
11.308780612064199
 10
6.677382221993045
 20
11.308916116427623
 10
6.681063405964703
 20
11.30896129362049
 10
6.684744589936387
 20
11.308916116429746
 10
6.688423556500521
 20
11.308780612068444
 10
6.77173811596715
 20
11.304687630246006
 10
6.775412649051847
 20
11.304461880336905
 10
6.779080535255771
 20
11.30414602086331
 10
6.782739565181423
 20
11.303740242087157
 10
6.786387534765995
 20
11.303244788434407
 10
6.868899729482766
 20
11.291005260571447
 10
6.872534441325769
 20
11.290420430484856
 10
6.876153706012719
 20
11.2897465762442
 10
6.8797553434339
 20
11.288984103754077
 10
6.883337184097605
 20
11.288133472299402
 10
6.96425237652415
 20
11.267865271740002
 10
6.9678122628635215
 20
11.26692699370935
 10
6.971348050536116
 20
11.265901634286328
 10
6.9748576097156505
 20
11.264789811109113
 10
6.978338826374906
 20
11.263592193898411
 10
7.045850715926329
 20
11.23943605358211
 10
7.198514263675624
 20
11.392098833773076
 10
7.141708241270062
 20
11.421043123748577
 10
6.962060885295414
 20
11.479414160011235
 10
6.775513699203623
 20
11.508961517473974
 10
6.5866121285990955
 20
11.508961518677886
 10
6.400064691680778
 20
11.479414123924093
 10
6.2204270463853915
 20
11.421046912717015
 10
6.163611643758407
 20
11.392098155632551
  0
LWPOLYLINE
  5
3C
330
17
100
AcDbEntity
  8
0
100
AcDbPolyline
 90
582
 70
0
 10
5.831063496166157
 20
6.7189615237531255
 10
6.387030003325497
 20
6.718961495713026
 10
9.009046747874322
 20
4.096944751172501
 10
9.012559994880384
 20
4.0935166910970375
 10
9.016156312568377
 20
4.0901758828873955
 10
9.07071871118493
 20
4.040723407398888
 10
9.074395933242869
 20
4.037471863454311
 10
9.078151844673267
 20
4.034311542360832
 10
9.081984183055525
 20
4.031244347777704
 10
9.0858906399323
 20
4.028272127268256
 10
9.145037493842947
 20
3.9844058307850894
 10
9.149015716110721
 20
3.981530374703795
 10
9.153063307437124
 20
3.9787534151179003
 10
9.15717782970449
 20
3.9760766247640236
 10
9.16135680447846
 20
3.9735016160405823
 10
9.224518499058776
 20
3.9356439532449374
 10
9.228759409081185
 20
3.9331722772409106
 10
9.233059699786434
 20
3.9308054228014906
 10
9.2374167808402
 20
3.9285448156312888
 10
9.241828027699777
 20
3.9263918174355354
 10
9.308396281303837
 20
3.894907378314825
 10
9.312859036799061
 20
3.8928632859791286
 10
9.317370612732898
 20
3.8909293307882766
 10
9.321928291500706
 20
3.889106677684561
 10
9.326529327727215
 20
3.887396424566058
 10
9.39586305168281
 20
3.862588421480235
 10
9.400504673875883
 20
3.8609915985394596
 10
9.405184086095831
 20
3.8595091676428575
 10
9.40989846963971
 20
3.858142021751369
 10
9.414644984739155
 20
3.8568909843825585
 10
9.486076457382964
 20
3.8389983319628476
 10
9.49085224491471
 20
3.837864156694858
 10
9.495654428122975
 20
3.836847526712447
 10
9.500480114352163
 20
3.8359490543955026
 10
9.505326396789332
 20
3.835169280950151
 10
9.578167693990924
 20
3.8243642952204877
 10
9.583031653404625
 20
3.8237036903545913
 10
9.587910359939633
 20
3.8231626519897293
 10
9.59280087484557
 20
3.8227415060271794
 10
9.597700252259143
 20
3.8224405061495217
 10
9.671249874840084
 20
3.818827244896414
 10
9.676155163563765
 20
3.818646572414614
 10
9.681063408830854
 20
3.81858633615933
 10
13.681063403921117
 20
3.8185863361653483
 10
13.685971649228732
 20
3.818646572421642
 10
13.690876937992863
 20
3.8188272449064398
 10
13.764426560816583
 20
3.822440506201583
 10
13.76932593824225
 20
3.822741506082143
 10
13.774216453160184
 20
3.8231626520481905
 10
13.779095159707063
 20
3.8237036904171426
 10
13.783959119132492
 20
3.8243642952877166
 10
13.85680041632729
 20
3.835169281065015
 10
13.861646698763964
 20
3.8359490545135353
 10
13.866472384992578
 20
3.836847526833636
 10
13.871274568200192
 20
3.837864156819188
 10
13.87605035573121
 20
3.8389983320903025
 10
13.947481828362967
 20
3.856890984556618
 10
13.952228343461561
 20
3.858142021928522
 10
13.956942727004513
 20
3.8595091678230813
 10
13.961622139223461
 20
3.86099159872273
 10
13.966263761415458
 20
3.8625884216665254
 10
14.035597485354739
 20
3.887396424797582
 10
14.04019852158015
 20
3.8891066779190955
 10
14.044756200346784
 20
3.890929331025795
 10
14.049267776279375
 20
3.8928632862196015
 10
14.053730531773281
 20
3.894907378558222
 10
14.120298785356963
 20
3.926391817722517
 10
14.124710032215134
 20
3.9285448159211525
 10
14.129067113267423
 20
3.930805423094201
 10
14.133367403971125
 20
3.9331722775364306
 10
14.137608313991919
 20
3.935643953543228
 10
14.20077000854782
 20
3.973501616380333
 10
14.204948983320119
 20
3.976076625106513
 10
14.20906350558575
 20
3.9787534154630864
 10
14.21311109691035
 20
3.9815303750516344
 10
14.217089319176257
 20
3.984405831135538
 10
14.276236173058056
 20
4.028272127657237
 10
14.280142629923237
 20
4.031244348161707
 10
14.283974968294212
 20
4.034311542739337
 10
14.287730879713662
 20
4.0374718638268146
 10
14.291408101760998
 20
4.040723407764897
 10
14.345970500175872
 20
4.09017588311124
 10
14.349566817833162
 20
4.09351669129442
 10
14.353080064809873
 20
4.096944751341964
 10
16.353080061334353
 20
6.096944747874978
 10
16.35650812140975
 20
6.100457994880974
 10
16.35984892961933
 20
6.104054312568899
 10
16.40930140510748
 20
6.15861671118502
 10
16.412552949052095
 20
6.162293933242996
 10
16.41571327014561
 20
6.166049844673437
 10
16.41878046472877
 20
6.169882183055738
 10
16.42175268523825
 20
6.173788639932558
 10
16.46561898172131
 20
6.232935493843148
 10
16.468494437802583
 20
6.236913716110898
 10
16.471271397388456
 20
6.240961307437277
 10
16.473948187742312
 20
6.245075829704617
 10
16.476523196465738
 20
6.249254804478559
 10
16.5143808592612
 20
6.3124164990585765
 10
16.516852535265222
 20
6.316657409080982
 10
16.51921938970464
 20
6.320957699786227
 10
16.52147999687484
 20
6.325314780839989
 10
16.523632995070592
 20
6.329726027699563
 10
16.555117434191637
 20
6.396294281304327
 10
16.55716152652736
 20
6.40075703679961
 10
16.559095481718234
 20
6.405268612733509
 10
16.56091813482197
 20
6.409826291501378
 10
16.562628387940492
 20
6.414427327727951
 10
16.587436391026273
 20
6.483761051683709
 10
16.58903321396701
 20
6.488402673876693
 10
16.590515644863583
 20
6.4930820860965515
 10
16.591882790755044
 20
6.497796469640338
 10
16.593133828123833
 20
6.502542984739688
 10
16.611026480543337
 20
6.573974457382481
 10
16.612160655811337
 20
6.578750244914264
 10
16.613177285793757
 20
6.583552428122569
 10
16.61407575811071
 20
6.588378114351795
 10
16.614855531556067
 20
6.593224396789004
 10
16.62566051728576
 20
6.666065693990865
 10
16.626321122151655
 20
6.6709296534045635
 10
16.626862160516517
 20
6.675808359939568
 10
16.627283306479065
 20
6.680698874845504
 10
16.627584306356724
 20
6.685598252259074
 10
16.631197567609846
 20
6.759147874840456
 10
16.63137824009167
 20
6.764053163565285
 10
16.631438476346926
 20
6.768961408833524
 10
16.6314384763409
 20
7.228961403923632
 10
16.63137824008458
 20
7.233869649230115
 10
16.631197567599806
 20
7.238774937993117
 10
16.627584306304648
 20
7.312324560816688
 10
16.62728330642409
 20
7.317223938242315
 10
16.626862160458046
 20
7.322114453160209
 10
16.626321122089102
 20
7.326993159707048
 10
16.625660517218535
 20
7.3318571191324375
 10
16.61485553144132
 20
7.404698416326917
 10
16.614075757992794
 20
7.409544698763643
 10
16.613177285672684
 20
7.414370384992309
 10
16.61216065568712
 20
7.419172568199976
 10
16.61102648041599
 20
7.423948355731044
 10
16.593133827949448
 20
7.495379828363541
 10
16.591882790577547
 20
7.5001263434621155
 10
16.59051564468299
 20
7.504840727005051
 10
16.589033213783345
 20
7.50952013922398
 10
16.587436390839557
 20
7.51416176141596
 10
16.56262838770853
 20
7.58349548535512
 10
16.560918134587006
 20
7.5880965215805505
 10
16.559095481480295
 20
7.592654200347204
 10
16.557161526286478
 20
7.597165776279815
 10
16.555117433947846
 20
7.6016285317737395
 10
16.5236329947836
 20
7.668196785357209
 10
16.521479996584976
 20
7.6726080322153525
 10
16.519219389411937
 20
7.676965113267615
 10
16.516852534969722
 20
7.681265403971291
 10
16.514380858962937
 20
7.685506313992059
 10
16.476523196125896
 20
7.748668008547847
 10
16.473948187399717
 20
7.752846983320144
 10
16.471271397043147
 20
7.756961505585773
 10
16.4684944374546
 20
7.761009096910371
 10
16.465618981370696
 20
7.764987319176275
 10
16.421752684848954
 20
7.824134173058131
 10
16.41878046434448
 20
7.828040629923321
 10
16.41571326976684
 20
7.831872968294306
 10
16.412552948679355
 20
7.835628879713764
 10
16.409301404741264
 20
7.8393061017611085
 10
16.359848929394595
 20
7.893868500176316
 10
16.35650812178319
 20
7.897464817233048
 10
16.353080062336556
 20
7.900978063637626
 10
15.057306872101432
 20
9.19675127535614
 10
15.050264846169318
 20
9.224864618734138
 10
15.049013808797785
 20
9.229611133832137
 10
15.047646662903627
 20
9.234325517374511
 10
15.046164232004411
 20
9.239004929592895
 10
15.044567409061075
 20
9.243646551784343
 10
15.014812689450112
 20
9.326805422123497
 10
15.013102436328843
 20
9.33140645834901
 10
15.011279783222387
 20
9.335964137115752
 10
15.009345828028819
 20
9.340475713048459
 10
15.007301735690435
 20
9.344938468542484
 10
14.969539298523431
 20
9.424780433663845
 10
14.967386300325042
 20
9.429191680522113
 10
14.965125693152238
 20
9.433548761574507
 10
14.96275883871025
 20
9.437849052278318
 10
14.960287162703693
 20
9.44208996229923
 10
14.914880680893717
 20
9.517846100432559
 10
14.912305672167765
 20
9.522025075204994
 10
14.909628881811416
 20
9.526139597470767
 10
14.90685192222309
 20
9.530187188795516
 10
14.903976466139405
 20
9.534165411061576
 10
14.851363228927859
 20
9.605106149184149
 10
14.848391008416076
 20
9.609012606059135
 10
14.845323813830658
 20
9.612844944439546
 10
14.842163492734935
 20
9.616600855868043
 10
14.83891194878816
 20
9.620278077924024
 10
14.77959865041114
 20
9.685720217947225
 10
14.77625784222177
 20
9.689316535609661
 10
14.772829782167772
 20
9.692829782591229
 10
14.769316535184338
 20
9.696257842643314
 10
14.765720217520082
 20
9.699598650830724
 10
14.70027807746416
 20
9.75891194917248
 10
14.696600855406391
 20
9.762163493117267
 10
14.692844943976153
 20
9.76532381421096
 10
14.68901260559405
 20
9.768391008794305
 10
14.685106148717423
 20
9.771363229303974
 10
14.61416541056606
 20
9.82397646647693
 10
14.610187188298447
 20
9.826851922558438
 10
14.606139596972199
 20
9.829628882144549
 10
14.602025074704981
 20
9.832305672498647
 10
14.597846099931157
 20
9.834880681222312
 10
14.5220899617733
 20
9.880287162990893
 10
14.517849051751028
 20
9.882758838995148
 10
14.51354876104591
 20
9.8851256934348
 10
14.50919167999227
 20
9.887386300605238
 10
14.504780433132813
 20
9.88953929880123
 10
14.424938467990861
 20
9.927301735924713
 10
14.420475712495742
 20
9.929345828260654
 10
14.415964136562003
 20
9.931279783451753
 10
14.411406457794289
 20
9.93310243655572
 10
14.406805421567867
 20
9.934812689674475
 10
14.323646551212278
 20
9.964567409240226
 10
14.319004929019293
 20
9.966164232181253
 10
14.314325516799427
 20
9.967646663078108
 10
14.309611133255624
 20
9.969013808969851
 10
14.30486461815625
 20
9.97026484633892
 10
14.219189707967763
 20
9.991725294131866
 10
14.214413920436083
 20
9.992859469400114
 10
14.209611737227876
 20
9.993876099382785
 10
14.20478605099874
 20
9.994774571699992
 10
14.199939768561617
 20
9.995554345145605
 10
14.112573914760528
 20
10.00851384532202
 10
14.1077099553347
 20
10.00917445018968
 10
14.102831248787492
 20
10.009715488555711
 10
14.097940733869304
 20
10.010136634518828
 10
14.093041356443452
 20
10.010437634396453
 10
14.004825939960343
 20
10.014771379885275
 10
13.999920651228614
 20
10.014952052366336
 10
13.995012405953496
 20
10.015012288620488
 10
13.99010416067841
 20
10.014952052363663
 10
13.985198871946778
 20
10.01477137987993
 10
13.896983455466113
 20
10.010437634343054
 10
13.892084078040424
 20
10.010136634462759
 10
13.887193563122466
 20
10.009715488496978
 10
13.882314856575553
 20
10.00917445012829
 10
13.877450897150085
 20
10.008513845257978
 10
13.79008504335579
 20
9.995554345033929
 10
13.78523876091908
 20
9.994774571585673
 10
13.780413074690422
 20
9.993876099265835
 10
13.775610891482758
 20
9.992859469280544
 10
13.770835103951685
 20
9.991725294009692
 10
13.685160193775248
 20
9.97026484617014
 10
13.680413678676583
 20
9.969013808798493
 10
13.675699295133555
 20
9.967646662904189
 10
13.671019882914523
 20
9.966164232004795
 10
13.666378260722436
 20
9.96456740906125
 10
13.58321939038316
 20
9.934812689450265
 10
13.578618354157653
 20
9.933102436329
 10
13.574060675390916
 20
9.931279783222546
 10
13.569549099458216
 20
9.929345828028984
 10
13.565086343964197
 20
9.927301735690603
 10
13.485244378842623
 20
9.889539298523536
 10
13.480833131984339
 20
9.88738630032514
 10
13.47647605093193
 20
9.88512569315233
 10
13.472175760228103
 20
9.882758838710336
 10
13.467934850207177
 20
9.88028716270377
 10
13.392178712073735
 20
9.834880680893729
 10
13.3879997373013
 20
9.832305672167779
 10
13.383885215035528
 20
9.82962888181143
 10
13.379837623710781
 20
9.826851922223106
 10
13.375859401444721
 20
9.823976466139422
 10
13.304918663322205
 20
9.771363228927926
 10
13.301012206447211
 20
9.768391008416137
 10
13.297179868066792
 20
9.765323813830713
 10
13.293423956638287
 20
9.762163492734983
 10
13.2897467345823
 20
9.758911948788201
 10
13.224304594559007
 20
9.699598650411081
 10
13.22070827689658
 20
9.696257842221723
 10
13.217195029915024
 20
9.692829782167735
 10
13.213766969862949
 20
9.689316535184311
 10
13.210426161675548
 20
9.685720217520066
 10
13.151112863333656
 20
9.620278077464016
 10
13.14786131938885
 20
9.616600855406224
 10
13.14470099829514
 20
9.612844943975965
 10
13.141633803711777
 20
9.60901260559384
 10
13.138661583202092
 20
9.60510614871719
 10
13.086048346029228
 20
9.53416541056589
 10
13.083172889947733
 20
9.530187188298289
 10
13.080395930361634
 20
9.526139596972055
 10
13.077719140007547
 20
9.522025074704851
 10
13.07514413128389
 20
9.517846099931042
 10
13.029737649515495
 20
9.442089961773483
 10
13.027265973511236
 20
9.437849051751206
 10
13.024899119071582
 20
9.433548761046085
 10
13.022638511901143
 20
9.429191679992439
 10
13.020485513705149
 20
9.424780433132977
 10
12.982723076581346
 20
9.344938467990314
 10
12.980678984245388
 20
9.340475712495158
 10
12.978745029054274
 20
9.33596413656138
 10
12.976922375950297
 20
9.331406457793625
 10
12.97521212283153
 20
9.326805421567162
 10
12.945457403265815
 20
9.243646551211409
 10
12.94386058032482
 20
9.2390049290185
 10
12.942378149427991
 20
9.234325516798712
 10
12.94101100353627
 20
9.22961113325499
 10
12.939759966167221
 20
9.224864618155696
 10
12.918299518374473
 20
9.139189707968239
 10
12.917165343106213
 20
9.134413920436515
 10
12.91614871312353
 20
9.129611737228263
 10
12.915250240806316
 20
9.124786050999083
 10
12.914470467360694
 20
9.119939768561915
 10
12.901510967184258
 20
9.032573914760528
 10
12.900850362316602
 20
9.027709955334723
 10
12.900309323950575
 20
9.022831248787538
 10
12.899888177987458
 20
9.017940733869374
 10
12.899587178109835
 20
9.013041356443544
 10
12.895253432620985
 20
8.924825939960236
 10
12.895072760139922
 20
8.919920651228475
 10
12.89501252388577
 20
8.915012405953323
 10
12.895072760142597
 20
8.910104160678205
 10
12.895253432626333
 20
8.90519887194654
 10
12.899587178163245
 20
8.816983455465982
 10
12.899888178043536
 20
8.812084078040344
 10
12.900309324009315
 20
8.807193563122434
 10
12.900850362377996
 20
8.802314856575572
 10
12.901510967248297
 20
8.797450897150153
 10
12.914470467472254
 20
8.710085043356148
 10
12.915250240920518
 20
8.705238760919382
 10
12.916148713240366
 20
8.70041307469067
 10
12.917165343225669
 20
8.69561089148295
 10
12.918299518496537
 20
8.690835103951823
 10
12.939759966336323
 20
8.605160193774662
 10
12.941011003707969
 20
8.600413678676015
 10
12.94237814960227
 20
8.595699295133002
 10
12.943860580501662
 20
8.591019882913987
 10
12.945457403445202
 20
8.586378260721917
 10
12.975212123056165
 20
8.503219390382762
 10
12.976922376177432
 20
8.498618354157252
 10
12.978745029283889
 20
8.49406067539051
 10
12.980678984477455
 20
8.489549099457806
 10
12.982723076815839
 20
8.485086343963783
 10
13.020485513982843
 20
8.405244378842415
 10
13.022638512181233
 20
8.400833131984145
 10
13.024899119354037
 20
8.39647605093175
 10
13.027265973796027
 20
8.392175760227936
 10
13.029737649802584
 20
8.387934850207023
 10
13.07514413161256
 20
8.312178712073694
 10
13.077719140338512
 20
8.307999737301259
 10
13.080395930694861
 20
8.303885215035486
 10
13.083172890283187
 20
8.299837623710737
 10
13.086048346366873
 20
8.295859401444677
 10
13.138661583578418
 20
8.224918663322104
 10
13.141633804090201
 20
8.221012206447117
 10
13.144700998675619
 20
8.217179868066706
 10
13.147861319771343
 20
8.21342395663821
 10
13.151112863718117
 20
8.209746734582229
 10
13.210426162095137
 20
8.144304594559028
 10
13.213766970284507
 20
8.140708276896591
 10
13.217195030338505
 20
8.137195029915024
 10
13.22070827732194
 20
8.133766969862938
 10
13.224304594986195
 20
8.130426161675528
 10
13.289746735042117
 20
8.071112863333772
 10
13.293423957099886
 20
8.067861319388985
 10
13.297179868530124
 20
8.064700998295292
 10
13.301012206912228
 20
8.061633803711947
 10
13.304918663788854
 20
8.058661583202278
 10
13.375859401940218
 20
8.006048346029322
 10
13.37983762420783
 20
8.003172889947814
 10
13.383885215534079
 20
8.000395930361703
 10
13.387999737801296
 20
7.997719140007606
 10
13.39217871257512
 20
7.995144131283941
 10
13.467934850732977
 20
7.94973764951536
 10
13.472175760755249
 20
7.947265973511105
 10
13.476476051460367
 20
7.944899119071453
 10
13.480833132514006
 20
7.942638511901015
 10
13.485244379373464
 20
7.940485513705023
 10
13.565086344515416
 20
7.90272307658154
 10
13.569549100010535
 20
7.900678984245598
 10
13.574060675944272
 20
7.898745029054498
 10
13.578618354711987
 20
7.896922375950533
 10
13.58321939093841
 20
7.895212122831778
 10
13.666378261294
 20
7.865457403266027
 10
13.671019874663365
 20
7.863860583239931
 10
13.675699277921854
 20
7.8623781548231655
 10
13.680413652382594
 20
7.861011010971796
 10
13.68516015829344
 20
7.859759975199042
 10
13.713273565379245
 20
7.852717927772859
 10
14.567030023461063
 20
6.998961341283911
 10
13.287405119909426
 20
5.719336477136962
 10
10.074721619283652
 20
5.719336507775142
 10
7.731063288721294
 20
8.062994881731758
 10
7.731063288507625
 20
8.618961306329991
 10
7.731003052250268
 20
8.62386955160433
 10
7.730822379766041
 20
8.6287748403352
 10
7.730521379885291
 20
8.633674217760094
 10
7.730100233919091
 20
8.63856473267725
 10
7.729559195550025
 20
8.64344343922335
 10
7.728898590679374
 20
8.648307398647999
 10
7.72811881723081
 20
8.653153681083916
 10
7.7272203449107035
 20
8.657979367311778
 10
7.72620371492518
 20
8.662781550518643
 10
7.725069539654132
 20
8.667557338048915
 10
7.72381850228233
 20
8.672303853146767
 10
7.72245135638791
 20
8.677018236688985
 10
7.720968925488435
 20
8.681697648907207
 10
7.719372102544849
 20
8.68633927109849
 10
7.717661849423583
 20
8.690940307323185
 10
7.715839196317165
 20
8.695497986089118
 10
7.713905241123676
 20
8.700009562021023
 10
7.711861148785406
 20
8.704472317514256
 10
7.709708150587147
 20
8.708883564371785
 10
7.707447543414507
 20
8.71324064542345
 10
7.705080688972718
 20
8.717540936126548
 10
7.7026090129663904
 20
8.721781846146758
 10
7.70003400424073
 20
8.725960820918461
 10
7.697357213884707
 20
8.73007534318352
 10
7.6945802542967385
 20
8.734122934507575
 10
7.691704798213443
 20
8.73810115677296
 10
7.688732577702046
 20
8.74200761364734
 10
7.685665383117042
 20
8.745839952027167
 10
7.68250506202176
 20
8.7495958634551
 10
7.679253518075455
 20
8.75327308551054
 10
7.6759127098866164
 20
8.75686940317242
 10
7.672484649833176
 20
8.760382650153458
 10
7.6689714028503255
 20
8.76381071020504
 10
7.665375085186678
 20
8.767151518391978
 10
7.661697863129519
 20
8.770403062336339
 10
7.6579419516999145
 20
8.773563383429634
 10
7.654109613318466
 20
8.776630578012611
 10
7.650203156442514
 20
8.779602798521944
 10
7.646224934175609
 20
8.782478254603136
 10
7.642177342850086
 20
8.785255214188963
 10
7.638062820583612
 20
8.787932004542812
 10
7.633883845810546
 20
8.79050701326626
 10
7.62964293578903
 20
8.792978689270345
 10
7.625342645084681
 20
8.795345543709862
 10
7.6209855640318205
 20
8.797606150880197
 10
7.6165743171731535
 20
8.799759149076124
 10
7.612111561678838
 20
8.801803241412035
 10
7.607599985745911
 20
8.803737196603139
 10
7.603042306979014
 20
8.805559849707144
 10
7.598441270753414
 20
8.807270102825978
 10
7.593799648561288
 20
8.808866925767111
 10
7.589120236342281
 20
8.81034935666411
 10
7.584405852799341
 20
8.811716502556038
 10
7.579659337700829
 20
8.81296753992533
 10
7.5748835501699565
 20
8.814101715193853
 10
7.570081366962553
 20
8.815118345176836
 10
7.565255680734217
 20
8.816016817494393
 10
7.560409398297887
 20
8.816796590940394
 10
7.555545438872889
 20
8.817457195808473
 10
7.550666732326502
 20
8.81799823417496
 10
7.545776217409124
 20
8.818419380138574
 10
7.5408768399840715
 20
8.818720380016732
 10
7.5359715512531045
 20
8.818901052498367
 10
7.531063305978734
 20
8.818961288753128
 10
5.831063506224241
 20
8.818961288507564
 10
5.82615526094959
 20
8.818901052251377
 10
5.821249972218378
 20
8.818720379768305
 10
5.816350594793116
 20
8.818419379888693
 10
5.811460079875564
 20
8.817998233923616
 10
5.806581373329042
 20
8.817457195555654
 10
5.801717413903943
 20
8.81679659068609
 10
5.796871131467552
 20
8.816016817238594
 10
5.792045445239192
 20
8.815118344919536
 10
5.787243262031804
 20
8.814101714935042
 10
5.782467474500986
 20
8.812967539665003
 10
5.777720959402566
 20
8.811716502294189
 10
5.773006575859758
 20
8.810349356400735
 10
5.768327163640922
 20
8.808866925502207
 10
5.763685541449008
 20
8.807270102559544
 10
5.759084505223659
 20
8.805559849439177
 10
5.754526826457054
 20
8.803737196333637
 10
5.750015250524459
 20
8.801803241141002
 10
5.745552495030517
 20
8.799759148803561
 10
5.741141248172263
 20
8.797606150606109
 10
5.736784167119857
 20
8.79534554343425
 10
5.732483876416003
 20
8.792978688993216
 10
5.728242966395022
 20
8.79050701298762
 10
5.724063991622533
 20
8.787932004262666
 10
5.719949469356675
 20
8.785255213907323
 10
5.7159018780318105
 20
8.78247825432001
 10
5.711923655765603
 20
8.779602798237342
 10
5.70801719889039
 20
8.776630577726547
 10
5.704184860509721
 20
8.773563383142118
 10
5.700428949080936
 20
8.770403062047386
 10
5.696751727024636
 20
8.767151518101604
 10
5.6931554093618875
 20
8.763810709913262
 10
5.689642162379974
 20
8.76038264986029
 10
5.6862141023275115
 20
8.756869402877882
 10
5.6828732941396884
 20
8.753273085214651
 10
5.679621750194437
 20
8.749595863157882
 10
5.676461429100247
 20
8.74583995172864
 10
5.673394234516373
 20
8.742007613347528
 10
5.670422014006141
 20
8.738101156471885
 10
5.667546557924049
 20
8.734122934205264
 10
5.66476959833732
 20
8.730075342879998
 10
5.662092807982571
 20
8.725960820613754
 10
5.659517799258221
 20
8.721781845840892
 10
5.657046123253237
 20
8.717540935819553
 10
5.654679268812825
 20
8.713240645115357
 10
5.652418661641596
 20
8.708883564062626
 10
5.650265663444779
 20
8.704472317204061
 10
5.648221571107984
 20
8.700009561709823
 10
5.646287615916
 20
8.69549798577695
 10
5.644464962811119
 20
8.69094030701008
 10
5.642754709691418
 20
8.686339270784485
 10
5.641157886749425
 20
8.681697648592339
 10
5.639675455851571
 20
8.677018236373291
 10
5.6383083099587985
 20
8.672303852830284
 10
5.637057272588671
 20
8.667557337731685
 10
5.635923097319321
 20
8.662781550200702
 10
5.634906467335521
 20
8.657979366993166
 10
5.63400799501716
 20
8.653153680764676
 10
5.633228221570365
 20
8.648307398328173
 10
5.632567616701503
 20
8.64344343890298
 10
5.632026578334246
 20
8.638564732356379
 10
5.6316054323698745
 20
8.633674217438767
 10
5.631304432490971
 20
8.628774840013461
 10
5.631123760008607
 20
8.623869551282223
 10
5.63106352375313
 20
8.618961306007563
 10
5.63106352375313
 20
6.918961506253126
 10
5.63112376000475
 20
6.914053261135577
 10
5.631304432475549
 20
6.909147972561166
 10
5.631605432335191
 20
6.904248595292119
 10
5.6320265782726295
 20
6.899358080529915
 10
5.632567616605314
 20
6.894479374137588
 10
5.633228221432006
 20
6.889615414865256
 10
5.634007994829084
 20
6.884769132579919
 10
5.634906467090242
 20
6.879943446500626
 10
5.63592309700942
 20
6.875141263440039
 10
5.637057272206809
 20
6.8703654760534825
 10
5.638308309497723
 20
6.865618961096517
 10
5.6396754553041255
 20
6.860904577692084
 10
5.641157886108558
 20
6.856225165608282
 10
5.64275470895019
 20
6.851583543547796
 10
5.644464961962715
 20
6.846982507450012
 10
5.646287614953734
 20
6.842424828806855
 10
5.64822157002531
 20
6.837913252993341
 10
5.650265662235296
 20
6.833450497613867
 10
5.652418660299059
 20
6.829039250865226
 10
5.6546792673311534
 20
6.824682169917343
 10
5.657046121626521
 20
6.820381879312691
 10
5.659517797480728
 20
6.816140969385366
 10
5.662092806048756
 20
6.811961994700764
 10
5.664769596241831
 20
6.807847472516814
 10
5.667546555661734
 20
6.803799881267667
 10
5.6704220115720565
 20
6.799821659070787
 10
5.673394231905789
 20
6.795915202258316
 10
5.676461426308655
 20
6.792082863933613
 10
5.679621747217556
 20
6.788326952553839
 10
5.682873290973471
 20
6.78464973053942
 10
5.686214098968149
 20
6.7810534129112545
 10
5.689642158823905
 20
6.777540165956468
 10
5.693155405605797
 20
6.774112105923523
 10
5.69675172306547
 20
6.770771297747465
 10
5.700428944915897
 20
6.76751975380609
 10
5.704184856136282
 20
6.764359432707759
 10
5.70801719430629
 20
6.76129223811161
 10
5.711923650968858
 20
6.758320017580855
 10
5.715901873020715
 20
6.755444561469892
 10
5.719949464129805
 20
6.7526676018458485
 10
5.724063986178752
 20
6.749990811445259
 10
5.728242960733483
 20
6.747415802666464
 10
5.73248387053615
 20
6.744944126598368
 10
5.73678416102143
 20
6.742577272086116
 10
5.741141241855299
 20
6.740316664834273
 10
5.7455524884953535
 20
6.738163666548029
 10
5.750015243771735
 20
6.736119574112964
 10
5.75452681948771
 20
6.734185618813848
 10
5.759084498038942
 20
6.732362965592963
 10
5.763685534050469
 20
6.730652712348386
 10
5.76832715603042
 20
6.729055889272653
 10
5.773006568039456
 20
6.727573458232216
 10
5.777720951374937
 20
6.726206312188044
 10
5.782467466268806
 20
6.72495527465774
 10
5.78724325359816
 20
6.723821099219484
 10
5.792045436607474
 20
6.722804469058109
 10
5.796871122641453
 20
6.721905996553568
 10
5.801717404887462
 20
6.721126222912068
 10
5.806581364126477
 20
6.7204656178400635
 10
5.811460070491515
 20
6.719924579261321
 10
5.816350585232479
 20
6.7195034330772305
 10
5.821249962486345
 20
6.719202432970489
 10
5.826155251051644
 20
6.719021760252293
 10
5.831063496166157
 20
6.7189615237531255
  0
LWPOLYLINE
  5
3D
330
17
100
AcDbEntity
  8
0
100
AcDbPolyline
 90
392
 70
0
 10
0.3255125237531212
 20
15.256860404617093
 10
0.325512523755807
 20
2.5731654078070183
 10
0.3256195598149654
 20
2.5666230104483607
 10
0.32615255971056256
 20
2.550338013719767
 10
0.3264736842372634
 20
2.5438006214061986
 10
0.342320683932008
 20
2.3020066262276373
 10
0.3426537713483173
 20
2.297653123735115
 10
0.3430818156193121
 20
2.2933079299210983
 10
0.3436046127397935
 20
2.2889731156978455
 10
0.3478566118954637
 20
2.2566861221909376
 10
0.3484730609437512
 20
2.25236928594903
 10
0.3491834784891222
 20
2.248066915500102
 10
0.34998752681527484
 20
2.2437810560929594
 10
0.3956675255491205
 20
2.014134062513232
 10
0.3965649353558224
 20
2.009866242146875
 10
0.3975551893219914
 20
2.0056190039709376
 10
0.3986378165908194
 20
2.0013943675087735
 10
0.4070638149067053
 20
1.969944373836143
 10
0.4082394471073777
 20
1.9657404142762516
 10
0.4095065504483154
 20
1.9615631141702208
 10
0.41086452130079776
 20
1.9574144635201578
 10
0.48613351920583936
 20
1.7356794697249698
 10
0.48758073328878393
 20
1.731564130143555
 10
0.4891173613627511
 20
1.7274813342100643
 10
0.49074267235957836
 20
1.7234330243607785
 10
0.5031926698639829
 20
1.693375030413881
 10
0.5049065722053562
 20
1.689361583386849
 10
0.5067076363962196
 20
1.6853864876578195
 10
0.5085950048949072
 20
1.6814516358912697
 10
0.6121670020081139
 20
1.4714286417692846
 10
0.6141394653191737
 20
1.4675365046236435
 10
0.6161963690974358
 20
1.4636883245445764
 10
0.618336734290311
 20
1.4598859332029226
 10
0.6346077310257257
 20
1.431703938878673
 10
0.6368303159552271
 20
1.4279495134746185
 10
0.6391342695802519
 20
1.4242444640043426
 10
0.64151849547247
 20
1.42059055366358
 10
0.6801425987767631
 20
1.36278539905769
 10
0.7716075970572491
 20
1.2258984016503593
 10
0.7740715738291588
 20
1.222296500703613
 10
0.7766135536080427
 20
1.2187492185374433
 10
0.779232326101704
 20
1.2152582440905122
 10
0.7990613221241725
 20
1.189417249291607
 10
0.8017547849490517
 20
1.185985310631752
 10
0.8045224647091327
 20
1.1826129385141388
 10
0.8073630444767717
 20
1.1793017375933708
 10
0.9617410401680346
 20
1.0032687425227642
 10
0.9646533727194182
 20
1.0000200652934998
 10
0.967635877637137
 20
0.9968356895233412
 10
0.9706871355778235
 20
0.9937171306239154
 10
0.9937161309557654
 20
0.9706881352611081
 10
0.996834689829954
 20
0.9676368773485502
 10
1.0000190655737053
 20
0.9646543724578023
 10
1.0032677427754315
 20
0.9617420399321945
 10
1.179300737859588
 20
0.807364044257544
 10
1.1826125176432092
 20
0.8045229787621134
 10
1.185985489539505
 20
0.8017548387599956
 10
1.1894180480524894
 20
0.7990609418541239
 10
1.215257042864367
 20
0.779233945848604
 10
1.2187472609375924
 20
0.7766157892850376
 10
1.2222937610854925
 20
0.7740743915021313
 10
1.2258948554959015
 20
0.7716109619745548
 10
1.4205838500581147
 20
0.6415229656208605
 10
1.4242376496052735
 20
0.6391387884172532
 10
1.4279425858707864
 20
0.6368348788405752
 10
1.4316968958092875
 20
0.6346123332381883
 10
1.4598888901439782
 20
0.6183353365214974
 10
1.463691862958334
 20
0.61619462233852
 10
1.467540638958602
 20
0.614137395384659
 10
1.471433385621025
 20
0.6121646351706127
 10
1.6814443797534144
 20
0.508599638076104
 10
1.6853776392729138
 20
0.5067130320070001
 10
1.6893511106059647
 20
0.5049126602472969
 10
1.6933629033918343
 20
0.5031993793155881
 10
1.7234358973467372
 20
0.4907423818312172
 10
1.727485529723558
 20
0.4891164519702009
 10
1.7315696725737872
 20
0.4875792637971836
 10
1.7356863815213883
 20
0.48613154913569734
 10
1.953264599734766
 20
0.4122734750621534
 10
1.9574035967920482
 20
0.4108684760723905
 10
1.9615515988291228
 20
0.4095107129337959
 10
1.9657282416289106
 20
0.40824378887802804
 10
1.9699315361232315
 20
0.4070683072600891
 10
2.0013915298014573
 20
0.3986393089649373
 10
2.0056167720775386
 20
0.39755649074702065
 10
2.0098646232279904
 20
0.3965660725584538
 10
2.014133062850459
 20
0.3956685254711197
 10
2.2437800564325525
 20
0.34998852675864006
 10
2.2480672318091646
 20
0.3491842463767001
 10
2.252370927721839
 20
0.3484736542758188
 10
2.2566890970376763
 20
0.34785708846232777
 10
2.2889810905473214
 20
0.34360508932772516
 10
2.293314315125559
 20
0.3430825543528741
 10
2.297657910507368
 20
0.34265470250407826
 10
2.302009808068328
 20
0.3423217375445118
 10
2.514539900478213
 20
0.3283917970310376
 10
2.543797994767013
 20
0.32647385640534543
 10
2.550338013949458
 20
0.32615255970038876
 10
2.56662301067786
 20
0.32561955981014196
 10
2.5731654079710586
 20
0.3255125237531283
 10
22.876859404698802
 20
0.325512523755807
 10
22.883402203396145
 20
0.325619572950985
 10
22.899686200124478
 20
0.32615257284658217
 10
22.90622638637341
 20
0.3264738936788505
 10
22.932020176835618
 20
0.3281648143871828
 10
23.14801396588731
 20
0.3423217350285128
 10
23.15236587649381
 20
0.34265470027609013
 10
23.156709484883898
 20
0.3430825529804974
 10
23.1610427224146
 20
0.3436050893769361
 10
23.193334715921388
 20
0.3478570885327342
 10
23.197652885199577
 20
0.348473654343328
 10
23.201956581074807
 20
0.3491842464396805
 10
23.206243756414235
 20
0.34998852681546844
 10
23.435890749992407
 20
0.39566852554898724
 10
23.440159189651624
 20
0.3965660726448761
 10
23.44440704083844
 20
0.39755649084359834
 10
23.448632283150452
 20
0.39863930907325773
 10
23.480092276823164
 20
0.4070683073890934
 10
23.48429551893308
 20
0.4082437737421378
 10
23.488472110039677
 20
0.4095106802540961
 10
23.492620061149115
 20
0.41086842359340603
 10
23.63603936054384
 20
0.4595525436151565
 10
23.71433435759753
 20
0.4861315426262497
 10
23.718446878672886
 20
0.4875778047390497
 10
23.722526900374774
 20
0.4891133589081648
 10
23.726572484233166
 20
0.49073747557234493
 10
23.7566594781808
 20
0.5031984730772404
 10
23.760674799597034
 20
0.5049130632505965
 10
23.764651736296702
 20
0.5067148956581882
 10
23.7685883930081
 20
0.5086031116084528
 10
23.978584387129654
 20
0.6121621087214579
 10
23.9824753469827
 20
0.6141339651080128
 10
23.98632237690822
 20
0.6161902109443291
 10
23.990123646894318
 20
0.618329868085084
 10
24.018327641218406
 20
0.6346128648205749
 10
24.022083347682546
 20
0.6368361318581167
 10
24.025789646320618
 20
0.6391408222430617
 10
24.029444772169974
 20
0.6415258384674042
 10
24.224126766719117
 20
0.7716088348381286
 10
24.22772854552974
 20
0.7740727374883777
 10
24.23127570901931
 20
0.776614637968101
 10
24.234766568416084
 20
0.7792333261019785
 10
24.260607563214613
 20
0.7990623221241627
 10
24.264039501874453
 20
0.8017557849490314
 10
24.267411873992053
 20
0.8045234647091004
 10
24.270723074912805
 20
0.8073640444767272
 10
24.446756069983362
 20
0.9617420401678978
 10
24.45000474721268
 20
0.9646543727193292
 10
24.45318912298289
 20
0.9676368776370985
 10
24.456307681882365
 20
0.9706881355778382
 10
24.479336677245428
 20
0.9937171309560785
 10
24.48238793515793
 20
0.9968356898302149
 10
24.485370440048627
 20
1.0000200655739122
 10
24.488282772574184
 20
1.0032687427755822
 10
24.642660768248806
 20
1.1793017378596322
 10
24.645501348040487
 20
1.1826129388096716
 10
24.64826902782333
 20
1.1859853109575973
 10
24.65096249066965
 20
1.1894172496487645
 10
24.67079148667559
 20
1.2152582444614115
 10
24.67341017478477
 20
1.2187491038293692
 10
24.675952075241103
 20
1.22229626728911
 10
24.6784159778693
 20
1.2258980460689333
 10
24.808498974222324
 20
1.4205800406301055
 10
24.810883332664528
 20
1.424234133967675
 10
24.813187410634747
 20
1.4279393718828066
 10
24.81541011153203
 20
1.4316939909076583
 10
24.83169610824862
 20
1.4599019852420883
 10
24.833836550240637
 20
1.4637045192799316
 10
24.835893524569
 20
1.4675528453631261
 10
24.837866052074823
 20
1.4714451316153043
 10
24.941422049169297
 20
1.681437125747628
 10
24.943309065180763
 20
1.6853712497756623
 10
24.9451098089163
 20
1.6893456029676182
 10
24.94682342330452
 20
1.693358293713736
 10
24.95928742078888
 20
1.72344928766843
 10
24.960913045383865
 20
1.7274982907947232
 10
24.962449956338236
 20
1.731581792522272
 10
24.96389742219438
 20
1.7356978494018431
 10
25.039156420079166
 20
1.9574048432037667
 10
25.04051415173795
 20
1.9615527642810582
 10
25.041781047899455
 20
1.9657293249039454
 10
25.04295650524595
 20
1.9699325361224378
 10
25.05138550354128
 20
2.001392529801246
 10
25.05246832175921
 20
2.00561777207737
 10
25.053458739947786
 20
2.0098656232278644
 10
25.05435628703513
 20
2.014134062850376
 10
25.100036285747603
 20
2.2437810564324625
 10
25.10084056612955
 20
2.2480682318091
 10
25.101551158230432
 20
2.252371927721799
 10
25.102167724043927
 20
2.2566900970376618
 10
25.10641972317855
 20
2.2889820905475697
 10
25.106942246275825
 20
2.2933152066864912
 10
25.107370090985324
 20
2.2976586931622522
 10
25.107703053557454
 20
2.3020104815056954
 10
25.12355105322825
 20
2.543798476524492
 10
25.123872265939482
 20
2.550337415239032
 10
25.124405265829708
 20
2.5666234119657685
 10
25.124512288753134
 20
2.5731654079700372
 10
25.124512288750463
 20
15.256860404699147
 10
25.12440526582489
 20
15.26340240076887
 10
25.123872265929265
 20
15.279688397497276
 10
25.123551053219455
 20
15.286227336157317
 10
25.10770305352467
 20
15.528015331337137
 10
25.107370090948802
 20
15.532367119720535
 10
25.106942246233825
 20
15.536710606236072
 10
25.10641972312933
 20
15.541043722414537
 10
25.102167723973476
 20
15.573335715921717
 10
25.101551158162884
 20
15.577653885199894
 10
25.10084056606653
 20
15.581957581075116
 10
25.100036285690745
 20
15.586244756414533
 10
25.05435628695741
 20
15.815891749991774
 10
25.05345873986154
 20
15.820160189650913
 10
25.05246832166284
 20
15.824408040837653
 10
25.051385503433202
 20
15.82863328314959
 10
25.04295650511721
 20
15.860093276823035
 10
25.041781023462974
 20
15.864296571431666
 10
25.040514099365915
 20
15.868473214344185
 10
25.039156336181097
 20
15.87262121649225
 10
25.037751262262553
 20
15.876760434248993
 10
24.96389326325251
 20
16.09433843129939
 10
24.962445548576877
 20
16.09845514028526
 10
24.960908360388053
 20
16.102539283173122
 10
24.959282430509585
 20
16.106588915586894
 10
24.946825433005
 20
16.136661909534592
 10
24.945112152085876
 20
16.140673702284726
 10
24.943311780340288
 20
16.144647173582662
 10
24.941425174286803
 20
16.14858043306772
 10
24.837860177173507
 20
16.35859142718987
 10
24.83588741694169
 20
16.362484173885566
 10
24.833830189968612
 20
16.366332949918323
 10
24.831689475764996
 20
16.370135922764337
 10
24.81541247902988
 20
16.398327917088164
 10
24.81318993344459
 20
16.402082226992967
 10
24.81088602388644
 20
16.405787163225597
 10
24.80850184670276
 20
16.409440962740735
 10
24.678413850331076
 20
16.604129957291367
 10
24.6759504207815
 20
16.607731051732493
 10
24.673409022975264
 20
16.611277551910145
 10
24.670790866387065
 20
16.61476777001211
 10
24.650963870364265
 20
16.640606764811306
 10
24.64826997347977
 20
16.644039323293065
 10
24.645501833500347
 20
16.647412295159135
 10
24.642660768028886
 20
16.650724074913565
 10
24.488282772338206
 20
16.826757069983497
 10
24.48537043978686
 20
16.830005747212724
 10
24.482387934869177
 20
16.833190122982845
 10
24.47933667692853
 20
16.836308681882233
 10
24.456307681550772
 20
16.85933767724489
 10
24.45318912267655
 20
16.862388935157487
 10
24.450004746932763
 20
16.865371440048268
 10
24.446756069731002
 20
16.86828377257391
 10
24.270723074646263
 20
17.02266176824908
 10
24.267411960016737
 20
17.025502275608225
 10
24.264039677308023
 20
17.028269886758608
 10
24.26060783104932
 20
17.03096328487323
 10
24.23477083623728
 20
17.050789280878753
 10
24.231279822738323
 20
17.05340809114987
 10
24.227732500019933
 20
17.055950106888925
 10
24.224130557081807
 20
17.0584141177567
 10
24.02943456252062
 20
17.188506114109718
 10
24.025780553729707
 20
17.190890412176902
 10
24.022075402854025
 20
17.193194433553902
 10
24.01832087323609
 20
17.195417081718883
 10
23.990138878901032
 20
17.211688078435852
 10
23.98633648759103
 20
17.213828443608094
 10
23.982488307544443
 20
17.215885347367145
 10
23.978596170432066
 20
17.217857810660437
 10
23.768573176300574
 20
17.321429807754473
 10
23.764638324499597
 20
17.323317176268777
 10
23.760663228735464
 20
17.325118240473746
 10
23.756649781672706
 20
17.3268321428277
 10
23.726591787717922
 20
17.33928214031219
 10
23.722543477902796
 20
17.34090745129265
 10
23.718460682004103
 20
17.342444079351775
 10
23.714345342458078
 20
17.343891293421414
 10
23.49261034865575
 20
17.41916029130629
 10
23.488461697969576
 20
17.42051826216974
 10
23.484284397826965
 20
17.421785365520066
 10
23.480080438230075
 20
17.422960997728534
 10
23.448630444551682
 20
17.431386996023807
 10
23.444405808125452
 20
17.43246962328089
 10
23.44015856998588
 20
17.433459877236906
 10
23.435890749656274
 20
17.434357287035052
 10
23.206243756072816
 20
17.48003728574781
 10
23.20195789662846
 20
17.480841334080118
 10
23.197655526142064
 20
17.481551751630022
 10
23.19333868986248
 20
17.482168200681212
 10
23.161051696352835
 20
17.486420199815658
 10
23.156716882169125
 20
17.48694299692892
 10
23.152371688394886
 20
17.487371041194432
 10
23.14801818594232
 20
17.487704128607007
 10
22.90622419092604
 20
17.503551128277707
 10
22.899686798558026
 20
17.503872252805827
 10
22.883401801828473
 20
17.504405252696117
 10
22.876859404535214
 20
17.50451228875313
 10
2.573165407807354
 20
17.50451228875045
 10
2.566623010448555
 20
17.50440525269129
 10
2.5503380137198404
 20
17.503872252795677
 10
2.5437999611556323
 20
17.50355108499554
 10
2.30200296597548
 20
17.487703085300712
 10
2.2976511737461993
 20
17.487370133030637
 10
2.2933076831673294
 20
17.48694229846887
 10
2.28897456271291
 20
17.48641978536045
 10
2.2566895692062032
 20
17.482168786204628
 10
2.2523712414077597
 20
17.481552206512028
 10
2.248067387917302
 20
17.48084159366046
 10
2.2437800560917975
 20
17.48003728569074
 10
2.014133062513427
 20
17.4343572869572
 10
2.009865621123644
 20
17.43345996116367
 10
2.005618758080536
 20
17.43246980769675
 10
2.0013944923696467
 20
17.431387297281663
 10
1.969947498696703
 20
17.42296229896566
 10
1.9657430860221168
 20
17.421786561179317
 10
1.9615653381589806
 20
17.420519332678804
 10
1.9574162457465627
 20
17.41916121728103
 10
1.735673251951473
 20
17.34388921937601
 10
1.731557733386483
 20
17.342441934810918
 10
1.7274747615263448
 20
17.340905228443244
 10
1.7234262790622379
 20
17.33927983144283
 10
1.6933782851154857
 20
17.32683383393853
 10
1.689365305603804
 20
17.325120118075866
 10
1.685390668678893
 20
17.32331926052063
 10
1.6814562663503971
 20
17.321432118518384
 10
1.471421272228627
 20
17.217855121405247
 10
1.4675281242680644
 20
17.215882149185322
 10
1.4636789563595343
 20
17.213824692785934
 10
1.459875601594556
 20
17.21168373203077
 10
1.4317066072705933
 20
17.1954197352956
 10
1.4279529465765175
 20
17.19319754572032
 10
1.4242486431107355
 20
17.190894019955728
 10
1.4205954590195224
 20
17.188510253794703
 10
1.2258854644693136
 20
17.058409257423264
 10
1.2222836995524924
 20
17.055945377913623
 10
1.2187365491367141
 20
17.053403501307272
 10
1.2152457019685121
 20
17.050784837754556
 10
1.1894267071697717
 20
17.030972841732215
 10
1.1859945722775278
 20
17.02827923755384
 10
1.1826220104016865
 20
17.025511408118714
 10
1.179310626464912
 20
17.022670670571596
 10
1.0032676313935562
 20
16.868283674879724
 10
1.0000200599306066
 20
16.865372351202424
 10
0.996836745342078
 20
16.86239090286455
 10
0.9937192014953453
 20
16.859340747733306
 10
0.9706922061325045
 20
16.8363147523551
 10
0.9676398201180206
 20
16.83319515208593
 10
0.9646562345331812
 20
16.830009687711815
 10
0.9617428702337606
 20
16.8267598762281
 10
0.8073538745595926
 20
16.650713881144494
 10
0.804513230512683
 20
16.647402594885353
 10
0.8017454901480532
 20
16.644030134571988
 10
0.7990519704865578
 20
16.640598104979404
 10
0.7792399744811137
 20
16.614779110167525
 10
0.7766213109530176
 20
16.611288263028047
 10
0.774079434369985
 20
16.607741112642007
 10
0.7716155548823294
 20
16.604139347755886
 10
0.6415145585287816
 20
16.409429353193953
 10
0.6391307923477972
 20
16.40577616907067
 10
0.6368272665646513
 20
16.402071865571955
 10
0.6346050769722476
 20
16.39831820484413
 10
0.6183410802554314
 20
16.37014921050916
 10
0.616200119520933
 20
16.366345855775887
 10
0.6141426631407897
 20
16.36249668789989
 10
0.6121696909386585
 20
16.35860353997264
 10
0.5085926938448195
 20
16.148568545841627
 10
0.5067055518269465
 20
16.14463414347868
 10
0.5049046942575917
 20
16.14065950651864
 10
0.503190978382338
 20
16.136646526971212
 10
0.49074498089774743
 20
16.10659853301606
 10
0.4891195839137073
 20
16.102550050586125
 10
0.48758287756088237
 20
16.098467078760795
 10
0.48613559300909903
 20
16.094351560231203
 10
0.4108635951242302
 20
15.87260856642878
 10
0.4095054797154911
 20
15.868459473980256
 10
0.4082382512055903
 20
15.864281726080542
 10
0.4070625134114545
 20
15.86007731336896
 10
0.398637515116385
 20
15.828630319691433
 10
0.3975550047130458
 20
15.8244060540165
 10
0.3965648512562874
 20
15.82015919100978
 10
0.395667525471316
 20
15.81589174965677
 10
0.34998752675865874
 20
15.586244756073844
 10
0.3491832187827726
 20
15.581957424211065
 10
0.3484726059266623
 20
15.577653570683074
 10
0.34785602623115786
 20
15.57333524284689
 10
0.3436050270965598
 20
15.541050249337262
 10
0.3430825104992742
 20
15.53671709700333
 10
0.34265467384160053
 20
15.532373574407803
 10
0.34232172087257634
 20
15.528021750070364
 10
0.3363847289620636
 20
15.43743887349489
 10
0.3264737369215046
 20
15.286225994891964
 10
0.326152559701459
 20
15.279687798590146
 10
0.3256195598112051
 20
15.263402801943009
 10
0.3255125237531212
 20
15.256860404617093
  0
LWPOLYLINE
  5
3E
330
17
100
AcDbEntity
  8
0
100
AcDbPolyline
 90
709
 70
0
 10
4.83056328883678
 20
8.686123487859291
 10
4.830563288753453
 20
6.851798142445134
 10
4.835378369064834
 20
6.78241731196521
 10
4.878364931805743
 20
6.599646779362493
 10
4.936311883865729
 20
6.468409986896461
 10
4.953259086448204
 20
6.430028557890562
 10
5.058047199451507
 20
6.27705716178736
 10
5.189159148772388
 20
6.145945210259021
 10
5.3421302565986615
 20
6.04115729094648
 10
5.44246750485003
 20
5.996854096710567
 10
5.5117469097098395
 20
5.966264275764743
 10
5.694510938036572
 20
5.923278301598281
 10
5.7639009906783345
 20
5.918461289000967
 10
5.8700003966256045
 20
5.918461288753126
 10
5.874908651502363
 20
5.918401052250462
 10
5.879813949818064
 20
5.918220379049757
 10
5.884713336792862
 20
5.917919377982218
 10
5.889603861207694
 20
5.917498230360343
 10
5.894482577181993
 20
5.916957189868705
 10
5.899346545948184
 20
5.916296582411139
 10
5.904192837621893
 20
5.915516805914433
 10
5.909018532966806
 20
5.914618330088629
 10
6.004306503803159
 20
5.895664335938491
 10
6.009108563051418
 20
5.894647731846201
 10
6.013884228014029
 20
5.89351358852671
 10
6.018630622157416
 20
5.892262589110295
 10
6.0233448865787445
 20
5.890895487113347
 10
6.02802418172792
 20
5.889413105984503
 10
6.0326656891179455
 20
5.88781633860865
 10
6.037266613022584
 20
5.886106146769124
 10
6.041824182160308
 20
5.884283560568387
 10
6.0463356513635365
 20
5.882349677807572
 10
6.050798303232129
 20
5.8803056633252355
 10
6.055209449770167
 20
5.878152748295745
 10
6.059566434005017
 20
5.8758922294877
 10
6.063866631587706
 20
5.873525468482849
 10
6.068107452373654
 20
5.871053890855962
 10
6.072286341982797
 20
5.86847898531617
 10
6.07640078333817
 20
5.865802302810259
 10
6.157181758646556
 20
5.811827319421305
 10
6.161229580574156
 20
5.809050255931103
 10
6.165208027244341
 20
5.80617468536534
 10
6.1691147019465244
 20
5.803202340035891
 10
6.172947251207258
 20
5.800135010554041
 10
6.176703366208018
 20
5.796974544751783
 10
6.180380784176088
 20
5.793722846568634
 10
6.18397728974771
 20
5.790381874904661
 10
6.187490716302673
 20
5.786953642440392
 10
8.524401989246954
 20
3.450041373514536
 10
8.628775582616148
 20
3.369953777502746
 10
8.704480974617761
 20
3.3118634767126496
 10
8.70645499001432
 20
3.310348612939845
 10
8.88960049378814
 20
3.204609300794256
 10
8.905176379136059
 20
3.195616494440721
 10
9.117174013061328
 20
3.1078036205228297
 10
9.152960929639733
 20
3.098214794346189
 10
9.338825148859586
 20
3.048412264992304
 10
9.56632888451208
 20
3.018461289691265
 10
13.79579752499291
 20
3.0184612887560265
 10
14.0233015365684
 20
3.0484131961410177
 10
14.244950804632088
 20
3.107803743882857
 10
14.456950921349998
 20
3.195616746924228
 10
14.655675873044148
 20
3.3103509463709337
 10
14.837711147514662
 20
3.450031668784966
 10
16.999982986404863
 20
5.612300545408008
 10
17.13967387377308
 20
5.7943489543801725
 10
17.254408059870507
 20
5.993073879574438
 10
17.342221064472565
 20
6.205073995646187
 10
17.401611613846008
 20
6.426723263272815
 10
17.431563522829297
 20
6.654227274047557
 10
17.431563523735893
 20
7.343695525101764
 10
17.401611616365248
 20
7.571199536568533
 10
17.342221192032277
 20
7.792848344062297
 10
17.326377872915064
 20
7.831097125927414
 10
17.254409956780027
 20
8.004844151133433
 10
17.139672571948545
 20
8.203575341385415
 10
16.999987476218333
 20
8.385617839989393
 10
16.828496306450205
 20
8.55710995952243
 10
16.828454962407417
 20
8.557150304040038
 10
15.819330140256252
 20
9.566275125945497
 10
15.815901961192717
 20
9.56978849792787
 10
15.812561040200942
 20
9.57338494635721
 10
15.80930938986832
 20
9.577062304715128
 10
15.806148969005156
 20
9.58081835774269
 10
15.803081681464667
 20
9.584650842774904
 10
15.800109374996099
 20
9.588557451103762
 10
15.797233840131623
 20
9.592535829369007
 10
15.794456809107722
 20
9.596583580975821
 10
15.740480820014291
 20
9.677365564566546
 10
15.737804138194022
 20
9.681479978771836
 10
15.735229232190024
 20
9.685658840924411
 10
15.732757652934746
 20
9.689899633987569
 10
15.730390889124266
 20
9.69419980362202
 10
15.728130366321611
 20
9.698556759724429
 10
15.725977446098101
 20
9.702967877987506
 10
15.723933425213243
 20
9.707430501480689
 10
15.721999534833653
 20
9.711941942250485
 10
15.703176225130514
 20
9.757385549113202
 10
15.65784790437508
 20
9.835895638610154
 10
15.57861532825617
 20
9.973130753368476
 10
15.426949340725468
 20
10.17078892420873
 10
15.250788544031792
 20
10.346949722106569
 10
15.0531390121937
 20
10.498610807351609
 10
14.837393299739217
 20
10.623172402928402
 10
14.607218785500091
 20
10.718514996731093
 10
14.50470890238448
 20
10.745982280875275
 10
14.366576759100667
 20
10.78299455755324
 10
14.119577756302498
 20
10.815512522856894
 10
13.870446898021354
 20
10.81551252370833
 10
13.623451663124731
 20
10.782995484451977
 10
13.382807837435353
 20
10.718515990665853
 10
13.221199920495867
 20
10.65157596980439
 10
13.152639351329926
 20
10.623176421277046
 10
12.936898996296545
 20
10.498620115363963
 10
12.744355817804546
 20
10.35087875009814
 10
12.739234029852753
 20
10.346948482330214
 10
12.638806685686149
 20
10.246521139381654
 10
12.635293313794588
 20
10.243092960446504
 10
12.631696865461766
 20
10.239752039578065
 10
12.628019507205881
 20
10.23650038936353
 10
12.624263454285662
 20
10.233339968613006
 10
12.620430969365895
 20
10.230272681179528
 10
12.616524361154376
 20
10.227300374812156
 10
12.612545983011142
 20
10.22442484004289
 10
12.608498231530785
 20
10.221647809108044
 10
12.52771625628922
 20
10.167671825593176
 10
12.523601813754306
 20
10.164995125833615
 10
12.51942292240869
 20
10.162420203291578
 10
12.515182099341045
 20
10.159948608930668
 10
12.510881898943632
 20
10.157581831476397
 10
12.506524911373699
 20
10.155321296519489
 10
12.502113760993346
 20
10.153168365657184
 10
12.497651104788778
 20
10.151124335673114
 10
12.493139630769912
 20
10.149190437756197
 10
12.488582056351301
 20
10.147367836759056
 10
12.483981126715339
 20
10.145657630496386
 10
12.479339613158743
 20
10.1440608490837
 10
12.474660311423312
 20
10.142578454316865
 10
12.46994604001195
 20
10.141211339092765
 10
12.465199638490988
 20
10.139960326871492
 10
12.460423965779823
 20
10.138826171180341
 10
12.455621898428877
 20
10.137809555159938
 10
12.36033492763433
 20
10.118855560873618
 10
12.355509184540972
 20
10.117957066751947
 10
12.350662844488099
 20
10.117177274355413
 10
12.345798826800985
 20
10.116516653413258
 10
12.340920061453508
 20
10.115975601868548
 10
12.336029487303204
 20
10.115554445638455
 10
12.331130050320962
 20
10.115253438417934
 10
12.326224701816438
 20
10.115072761526907
 10
12.321316396660261
 20
10.11501252380103
 10
11.905012951239
 20
10.115012523768675
 10
11.905012730410265
 20
10.015012364906903
 10
12.355012339853774
 20
10.015012288753121
 10
12.359920584589577
 20
10.014952051679996
 10
12.364825872762534
 20
10.014771378406424
 10
12.369725249611106
 20
10.014470377763207
 10
12.374615763934512
 20
10.014049231061836
 10
12.379494469870432
 20
10.013508191985284
 10
12.384358428669467
 20
10.01284758643519
 10
12.389204710465345
 20
10.012067812335548
 10
12.394030396039755
 20
10.011169339393017
 10
12.398832578580777
 20
10.010152708813985
 10
12.40360836543384
 20
10.009018532978567
 10
12.40835487984414
 20
10.007767495071729
 10
12.413069262689495
 20
10.006400348671765
 10
12.417748674202578
 20
10.004917917296368
 10
12.422390295681472
 20
10.003321093906571
 10
12.426991331187564
 20
10.001610840368873
 10
12.431549009229705
 20
9.999788186875827
 10
12.436060584433658
 20
9.99785423132551
 10
12.440523339195806
 20
9.99581013866018
 10
12.444934585320132
 20
9.993657140164558
 10
12.449291665637489
 20
9.991396532724153
 10
12.453591955606184
 20
9.989029678044062
 10
12.457832864892897
 20
9.986558001828735
 10
12.462011838933
 20
9.983982992923185
 10
12.466126360469337
 20
9.981306202416151
 10
12.470173951068523
 20
9.978529242705799
 10
12.474152172613852
 20
9.975653786528458
 10
12.478058628773939
 20
9.972681565951037
 10
12.481890966446173
 20
9.969614371327689
 10
12.485646877174137
 20
9.966454050221362
 10
12.489324098538141
 20
9.963202506290912
 10
12.492920415518011
 20
9.959861698144396
 10
12.496433661827341
 20
9.956433638159288
 10
12.49986172121838
 20
9.952920391270291
 10
12.503202528756779
 20
9.94932407372551
 10
12.50645407206543
 20
9.945646851811688
 10
12.509614392536653
 20
9.941890940549332
 10
12.512681586511976
 20
9.938058602358453
 10
12.515653806428837
 20
9.93415214569578
 10
12.518529261933482
 20
9.930173923664226
 10
12.52130622095941
 20
9.926126332595473
 10
12.523983010770701
 20
9.922011810606506
 10
12.526558018969611
 20
9.917832836130984
 10
12.529029694467823
 20
9.913591926426324
 10
12.531396548420759
 20
9.909291636057407
 10
12.533657155124407
 20
9.904934555357793
 10
12.535810152874113
 20
9.900523308869408
 10
12.537854244784816
 20
9.896060553761616
 10
12.53978819957225
 20
9.891548978230642
 10
12.541610852294617
 20
9.8869912998803
 10
12.543321105054307
 20
9.882390264085014
 10
12.544917927659231
 20
9.877748642336106
 10
12.546400358243368
 20
9.873069230572353
 10
12.547767503846156
 20
9.86835484749582
 10
12.549018540950385
 20
9.863608332873977
 10
12.550152715978244
 20
9.858832545829133
 10
12.551169345745253
 20
9.854030363116202
 10
12.552067817871787
 20
9.849204677389865
 10
12.55284759115195
 20
9.844358395462134
 10
12.553508195879578
 20
9.839494436551393
 10
12.554049234131169
 20
9.834615730523987
 10
12.55447038000558
 20
9.829725216129367
 10
12.55477137982034
 20
9.824825839229899
 10
12.554952052264454
 20
9.819920551026392
 10
12.555012288507625
 20
9.815012306280401
 10
12.555012288753131
 20
8.01501250652612
 10
12.55495205249833
 20
8.010104261251755
 10
12.554771380016657
 20
8.005198972520795
 10
12.55447038013846
 20
8.00029959509575
 10
12.554049234174807
 20
7.995409080178382
 10
12.553508195808282
 20
7.990530373632005
 10
12.552847590940166
 20
7.985666414207016
 10
12.552067817494127
 20
7.980820131770698
 10
12.551169345176534
 20
7.975994445542375
 10
12.550152715193514
 20
7.971192262334985
 10
12.549018539924955
 20
7.966416474804126
 10
12.547767502555628
 20
7.961669959705629
 10
12.546400356663666
 20
7.956955576162705
 10
12.544917925766631
 20
7.952276163943715
 10
12.543321102825464
 20
7.947634541751606
 10
12.541610849706597
 20
7.943033505526024
 10
12.539788196602558
 20
7.938475826759147
 10
12.537854241411422
 20
7.933964250826239
 10
12.53581014907548
 20
7.9295014953319445
 10
12.533657150879524
 20
7.925090248473298
 10
12.531396543709157
 20
7.92073316742046
 10
12.529029689269612
 20
7.916432876716134
 10
12.526558013265499
 20
7.91219196669464
 10
12.52398300454202
 20
7.9080129919215985
 10
12.521306214188144
 20
7.903898469655148
 10
12.51852925460229
 20
7.899850878329651
 10
12.515653798521072
 20
7.895872656062771
 10
12.512681578011714
 20
7.891966199186845
 10
12.509614383428712
 20
7.888133860805424
 10
12.506454062335393
 20
7.884377949375846
 10
12.503202518391008
 20
7.8807007273187155
 10
12.49986171020405
 20
7.877104409655096
 10
12.496433650152445
 20
7.873591162672274
 10
12.492920403171388
 20
7.8701631026188625
 10
12.489324085509487
 20
7.866822294430054
 10
12.485646863454027
 20
7.863570750483778
 10
12.481890952026076
 20
7.860410429388526
 10
12.478058613646233
 20
7.857343234803553
 10
12.474152156771837
 20
7.854371014292186
 10
12.470173934506434
 20
7.851495558208922
 10
12.466126343182365
 20
7.848718598620985
 10
12.462011820917294
 20
7.846041808264993
 10
12.457832846145575
 20
7.843466799539365
 10
12.453591936125354
 20
7.84099512353307
 10
12.449291645422244
 20
7.838628269091313
 10
12.44493456437057
 20
7.836367661918705
 10
12.440523317513032
 20
7.834214663720478
 10
12.436060562019788
 20
7.832170571382242
 10
12.431548986087876
 20
7.830236616188784
 10
12.426991307321934
 20
7.8284139630824
 10
12.422390271097234
 20
7.8267037099611665
 10
12.417748648905945
 20
7.825106887017613
 10
12.413069236687718
 20
7.823624456118171
 10
12.408354853145497
 20
7.822257310223783
 10
12.403608338047643
 20
7.821006272852014
 10
12.398832550517369
 20
7.8198720975809985
 10
12.394030367310501
 20
7.818855467595508
 10
12.38920468108264
 20
7.817956995275433
 10
12.384358398646723
 20
7.817177221826902
 10
12.379494439222075
 20
7.816516616956283
 10
12.374615732675975
 20
7.815975578587248
 10
12.369725217758823
 20
7.815554432621081
 10
12.364825840333934
 20
7.815253432740362
 10
12.359920551603068
 20
7.815072760256166
 10
12.355012306328733
 20
7.815012523998841
 10
11.905012354753055
 20
7.815012523828732
 10
11.905012332753127
 20
7.715013034584701
 10
12.321316754469269
 20
7.715012288752806
 10
12.32622496452127
 20
7.7149520445660205
 10
12.331130217877545
 20
7.714771365880637
 10
12.336029559839176
 20
7.714470361529181
 10
12.340920039268
 20
7.714049212822826
 10
12.345798710364228
 20
7.7135081734421735
 10
12.350662634440877
 20
7.712847569284451
 10
12.355508881693883
 20
7.712067798267208
 10
12.36033453296689
 20
7.711169330088626
 10
12.455622503802902
 20
7.692215335938545
 10
12.460424597687577
 20
7.691198724068393
 10
12.465200296883994
 20
7.6900645712757205
 10
12.469946724796351
 20
7.688813560706395
 10
12.474661022460126
 20
7.6874464458944205
 10
12.47934035026413
 20
7.685964050308062
 10
12.483981889660932
 20
7.684367266853832
 10
12.488582844864581
 20
7.682657057338659
 10
12.493140444534617
 20
7.6808344518905525
 10
12.49765194344536
 20
7.678900548338115
 10
12.502114624139478
 20
7.676856511549276
 10
12.506525798564809
 20
7.674703572729643
 10
12.510882809693495
 20
7.672443028680903
 10
12.515183033122405
 20
7.6700762410197
 10
12.51942387865393
 20
7.66760463535748
 10
12.523602791856156
 20
7.665029700441791
 10
12.527717255601504
 20
7.662352987259546
 10
12.608499230909972
 20
7.60837700387068
 10
12.612546982541886
 20
7.605599972837867
 10
12.616525360831634
 20
7.602724437963357
 10
12.620431969184358
 20
7.599752131483652
 10
12.624264454239764
 20
7.596684843930952
 10
12.628020507289804
 20
7.593524423054526
 10
12.631697865669448
 20
7.590272772707622
 10
12.635294314119728
 20
7.586931851700573
 10
12.638807686122218
 20
7.583503672620802
 10
12.739232473425133
 20
7.483078885379926
 10
12.945665699261273
 20
7.3246769206760955
 10
12.949522819924098
 20
7.321641325568128
 10
12.953304285299442
 20
7.318511990641633
 10
12.957007817789751
 20
7.315290800712379
 10
12.960631186736883
 20
7.311979695920914
 10
12.96417220976564
 20
7.308580670564002
 10
12.967628754098225
 20
7.3050957718934555
 10
12.970998737838832
 20
7.301527098883056
 10
12.974280131227577
 20
7.297876800964335
 10
13.03833911165123
 20
7.22483282335924
 10
13.041530114631394
 20
7.221102887803669
 10
13.044628618527428
 20
7.217295763840044
 10
13.047632756883969
 20
7.2134137447773785
 10
13.050540720088925
 20
7.209459169039482
 10
13.053350756463521
 20
7.205434418756348
 10
13.056061173317474
 20
7.201341918329231
 10
13.05867033796861
 20
7.1971841329702455
 10
13.06117667872637
 20
7.1929635672173955
 10
13.063578685838532
 20
7.188682763425902
 10
13.065874912400655
 20
7.18434430023676
 10
13.068063975227657
 20
7.179950791023435
 10
13.070144555687007
 20
7.175504882317634
 10
13.07211540049303
 20
7.171009252215111
 10
13.073975322461852
 20
7.166466608762447
 10
13.075723201226538
 20
7.161879688325804
 10
13.077357983911963
 20
7.157251253942605
 10
13.108587971207026
 20
7.065252291661914
 10
13.110108670958802
 20
7.060585138117518
 10
13.11151437418449
 20
7.055882070141895
 10
13.11280423412873
 20
7.051145920728472
 10
13.113977473816844
 20
7.0463795427979825
 10
13.115033386522851
 20
7.041585807479953
 10
13.115971336195186
 20
7.036767602383219
 10
13.116790757839834
 20
7.0319278298565076
 10
13.117491157860668
 20
7.027069405240148
 10
13.118072114356782
 20
7.022195255109956
 10
13.118533277376622
 20
7.017308315514344
 10
13.118874369128799
 20
7.012411530205734
 10
13.119095184149408
 20
7.007507848867321
 10
13.11919558942581
 20
7.0026002253362725
 10
13.11917552447674
 20
6.9976916158244205
 10
13.11903500138875
 20
6.9927849771375215
 10
13.118774104808923
 20
6.987883264894166
 10
13.112420107505786
 20
6.8909363046047085
 10
13.112038992095151
 20
6.886042443799309
 10
13.11153788856484
 20
6.881159410132545
 10
13.110917098768683
 20
6.876290145037293
 10
13.110176996656897
 20
6.871437581652548
 10
13.10931802805084
 20
6.866604643056553
 10
13.108340710374447
 20
6.861794240506011
 10
13.10724563234255
 20
6.857009271682403
 10
13.10603345360625
 20
6.852252618946486
 10
13.104704904355552
 20
6.847527147602025
 10
13.103260784879524
 20
6.842835704169797
 10
13.10170196508421
 20
6.838181114672905
 10
13.100029383968623
 20
6.8335661829344465
 10
13.098244049059113
 20
6.828993688888552
 10
13.096347035802456
 20
6.824466386905813
 10
13.094339486918022
 20
6.819987004134108
 10
13.092222611709431
 20
6.815558238855828
 10
13.049251629397233
 20
6.72842227451008
 10
13.047026798254254
 20
6.724046976239804
 10
13.044695265055589
 20
6.719727594164534
 10
13.042258434148541
 20
6.715466729968258
 10
13.039717773304162
 20
6.711266950088017
 10
13.037074812833154
 20
6.707130784168069
 10
13.034331144664138
 20
6.703060723536215
 10
13.03148842138478
 20
6.699059219703199
 10
13.028548355246393
 20
6.695128682886102
 10
13.025512717132605
 20
6.691271480556594
 10
13.022383335492702
 20
6.687489936014944
 10
13.019162095240304
 20
6.683786326990631
 10
13.015850936618028
 20
6.680162884270403
 10
13.012451854028829
 20
6.676621790354613
 10
13.008966894834709
 20
6.673165178142639
 10
13.005398158123542
 20
6.669795129648178
 10
13.001747793444732
 20
6.666513674745191
 10
12.92870382343025
 20
6.602454700917322
 10
12.924973887871646
 20
6.599263697931601
 10
12.921166763904761
 20
6.596165194030203
 10
12.917284744838616
 20
6.5931610556684905
 10
12.913330169097028
 20
6.5902530924585685
 10
12.90930541881
 20
6.587443056079218
 10
12.90521291837879
 20
6.58473263922073
 10
12.901055133015527
 20
6.58212347456528
 10
12.89683456725822
 20
6.57961713380344
 10
12.892553763462098
 20
6.5772151266874355
 10
12.888215300268168
 20
6.574918900121712
 10
12.883821791049904
 20
6.572729837291357
 10
12.879375882339021
 20
6.57064925682891
 10
12.874880252231282
 20
6.568678412020049
 10
12.870337608773282
 20
6.56681849004865
 10
12.865750688331186
 20
6.565070611281654
 10
12.861122253942433
 20
6.563435828594193
 10
12.769123285267376
 20
6.532205839128529
 10
12.764597886826156
 20
6.530729468523967
 10
12.760038633997919
 20
6.5293612160392165
 10
12.755448109474603
 20
6.528101856751859
 10
12.750828913662707
 20
6.526952104054462
 10
12.746183663210227
 20
6.52591260925046
 10
12.7415149895244
 20
6.524983961185206
 10
12.736825537281089
 20
6.524166685912413
 10
12.732117962926635
 20
6.523461246396154
 10
12.727394933173061
 20
6.522868042248606
 10
12.72265912348745
 20
6.522387409503682
 10
12.717913216576369
 20
6.522019620426677
 10
12.685411232937076
 20
6.519889621442291
 10
12.681055081822223
 20
6.519651827127253
 10
12.676694780325578
 20
6.519509105264698
 10
12.672332403144216
 20
6.519461523763833
 10
10.592127416348793
 20
6.519461523753132
 10
10.587219161413383
 20
6.519521760245742
 10
10.582313863038854
 20
6.519702433439271
 10
10.57741447600516
 20
6.520003434502512
 10
10.572523951531466
 20
6.520424582122969
 10
10.567645235498444
 20
6.520965622616061
 10
10.56278126667378
 20
6.5216262300779455
 10
10.557934974941947
 20
6.522406006581821
 10
10.553109279539367
 20
6.52330448241763
 10
10.457821308703355
 20
6.542258476567704
 10
10.453019214818678
 20
6.543275088437857
 10
10.44824351562226
 20
6.544409241230529
 10
10.4434970877099
 20
6.5456602517998554
 10
10.438782790046126
 20
6.54702736661183
 10
10.43410346224212
 20
6.548509762198188
 10
10.429461922845316
 20
6.550106545652419
 10
10.424860967641665
 20
6.551816755167592
 10
10.420303367971629
 20
6.553639360615699
 10
10.415791869060882
 20
6.555573264168137
 10
10.411329188366764
 20
6.557617300956977
 10
10.40691801394143
 20
6.5597702397766104
 10
10.402561002812744
 20
6.562030783825351
 10
10.398260779383833
 20
6.5643975714865554
 10
10.394019933852306
 20
6.566869177148776
 10
10.38984102065008
 20
6.569444112064467
 10
10.38572655690473
 20
6.572120825246712
 10
10.304944581596262
 20
6.626096808635586
 10
10.300896829958466
 20
6.628873839672542
 10
10.296918451663043
 20
6.6317493745514815
 10
10.29301184330486
 20
6.634721681035894
 10
10.289179358244224
 20
6.637788968593573
 10
10.285423305189191
 20
6.640949389475239
 10
10.2817459468048
 20
6.644201039827637
 10
10.27814949835003
 20
6.647541960840424
 10
10.274636126343315
 20
6.650970139926167
 10
8.663072140241999
 20
8.26253412595974
 10
8.659643961180555
 20
8.266047497940633
 10
8.656303040190787
 20
8.269643946368403
 10
8.653051389860089
 20
8.273321304724657
 10
8.649890968998758
 20
8.277077357750471
 10
8.646823681460013
 20
8.280909842780856
 10
8.643851374993092
 20
8.284816451107801
 10
8.640975840130167
 20
8.28879482937106
 10
8.638198809107715
 20
8.292842580975815
 10
8.584222825593125
 20
8.373624556217088
 10
8.581546112404865
 20
8.37773901995854
 10
8.578971177483067
 20
8.381917933157018
 10
8.576499571814647
 20
8.386158778684948
 10
8.574132784147158
 20
8.390459002110415
 10
8.571872240092052
 20
8.394816013235813
 10
8.569719301265973
 20
8.399227187658013
 10
8.567675264470614
 20
8.403689868349161
 10
8.565741360911584
 20
8.408201367257096
 10
8.563918755456822
 20
8.412758966924484
 10
8.562208545934928
 20
8.417359922125652
 10
8.560611762473918
 20
8.422001461520138
 10
8.559129366880727
 20
8.426680789321992
 10
8.55776225206187
 20
8.431395086983784
 10
8.556511241485614
 20
8.43614151489433
 10
8.55537708868597
 20
8.440917214089106
 10
8.554360476808808
 20
8.445719307972313
 10
8.535406482522445
 20
8.541007278766857
 10
8.53450800667519
 20
8.545832974193504
 10
8.533728230161088
 20
8.550679265949777
 10
8.533067622690206
 20
8.555543234799211
 10
8.532526582189355
 20
8.560421950857286
 10
8.53210543456239
 20
8.565312475356269
 10
8.531804433493889
 20
8.570211862415446
 10
8.53162376029636
 20
8.5751171608156
 10
8.531563523801013
 20
8.580025415776733
 10
8.531563523756061
 20
8.68612459239279
 10
8.52674770486427
 20
8.755505253121207
 10
8.483761744210963
 20
8.938274488799962
 10
8.408867452339
 20
9.107894654195093
 10
8.304079613054709
 20
9.260865650718909
 10
8.20635894727365
 20
9.35858631814524
 10
7.125093051742081
 20
9.358586335440934
 10
7.091855273497306
 20
9.3428660423613
 10
7.087392523662
 20
9.34082195322691
 10
7.082880953527594
 20
9.33888800095134
 10
7.078323280688065
 20
9.337065350472045
 10
7.073722250507861
 20
9.335355099682626
 10
6.995183317924092
 20
9.307253420232687
 10
6.990541695732041
 20
9.305656597289072
 10
6.985862283513043
 20
9.304174166389606
 10
6.981147899970045
 20
9.302807020495228
 10
6.976401384871411
 20
9.301555983123508
 10
6.895486192456917
 20
9.281287782517504
 10
6.890710404925853
 20
9.28015360724657
 10
6.885908221718195
 20
9.279136977261201
 10
6.881082535489543
 20
9.278238504941283
 10
6.876236253052835
 20
9.277458731492949
 10
6.793724058342858
 20
9.265219203582355
 10
6.788860098917408
 20
9.264558598711966
 10
6.783981392370512
 20
9.264017560343202
 10
6.779090877452567
 20
9.263596414377343
 10
6.774191500026891
 20
9.26329541449697
 10
6.690876940562706
 20
9.259202432626477
 10
6.685971651831071
 20
9.259021760142666
 10
6.681063406555979
 20
9.25896152388576
 10
6.676155161280851
 20
9.259021760139834
 10
6.6712498725491125
 20
9.259202432620818
 10
6.587935313082483
 20
9.263295414443256
 10
6.583035935656635
 20
9.263596414320801
 10
6.578145420738446
 20
9.26401756028384
 10
6.573266714191238
 20
9.264558598649792
 10
6.568402754765407
 20
9.265219203517374
 10
6.485890560048637
 20
9.277458731380333
 10
6.481044277611492
 20
9.27823850482587
 10
6.476218591382333
 20
9.279136977143
 10
6.4714164081741
 20
9.280153607125596
 10
6.466640620642393
 20
9.281287782393772
 10
6.385725428215848
 20
9.301555982953172
 10
6.380978913116463
 20
9.302807020322161
 10
6.376264529572647
 20
9.304174166213826
 10
6.371585117352765
 20
9.305656597110605
 10
6.366943495159764
 20
9.307253420051554
 10
6.288404562559681
 20
9.33535509945626
 10
6.283803526333226
 20
9.337065352574943
 10
6.279245847565477
 20
9.338888005678836
 10
6.274734271631703
 20
9.340821960869865
 10
6.270271516136547
 20
9.34286605320574
 10
6.194865216217637
 20
9.37853057692108
 10
6.190453969358146
 20
9.380683575116999
 10
6.186096888304473
 20
9.382944182287366
 10
6.18179659759932
 20
9.385311036726948
 10
6.1775556875770095
 20
9.387782712731134
 10
6.106008224228842
 20
9.430666611897419
 10
6.101829249454984
 20
9.433241620621013
 10
6.09771472718773
 20
9.43591841097504
 10
6.093667135861445
 20
9.43869537056108
 10
6.0896889135937915
 20
9.441570826642518
 10
6.022689327999673
 20
9.491261105868432
 10
6.018782871122987
 20
9.494233326378048
 10
6.014950532740822
 20
9.49730052096134
 10
6.011194621310522
 20
9.500460842054984
 10
6.007517399252688
 20
9.503712385999723
 10
5.945710934048019
 20
9.559730500732588
 10
5.942114616383723
 20
9.563071308919929
 10
5.938601369400247
 20
9.566499368971945
 10
5.9351733093462045
 20
9.570012615953443
 10
5.931832501156789
 20
9.573608933615812
 10
5.87581438638834
 20
9.635415398788101
 10
5.87256284244149
 20
9.63909262084405
 10
5.869402521345689
 20
9.642848532272517
 10
5.866335326760193
 20
9.6466808706529
 10
5.863363106248333
 20
9.65058732752786
 10
5.813672826983866
 20
9.71758691309316
 10
5.810797370900135
 20
9.72156513535915
 10
5.80802041131176
 20
9.72561272668383
 10
5.8053436209553615
 20
9.729727248949533
 10
5.802768612229357
 20
9.733906223721903
 10
5.7598847130215205
 20
9.805453687045755
 10
5.7574130370148735
 20
9.809694597066663
 10
5.755046182572798
 20
9.813994887770473
 10
5.752785575399906
 20
9.818351968822867
 10
5.750632577201429
 20
9.82276321568114
 10
5.714968053442647
 20
9.89816951557941
 10
5.712923961104207
 20
9.902632271073374
 10
5.710990005910581
 20
9.907143847006019
 10
5.709167352804064
 20
9.9117015257727
 10
5.707457099682732
 20
9.916302561998156
 10
5.679355420232729
 20
9.994841494581996
 10
5.677758597289102
 20
9.999483116774078
 10
5.6762761663896235
 20
10.004162528993108
 10
5.674909020495237
 20
10.008876912536138
 10
5.673657983123509
 20
10.013623427634805
 10
5.653389782517512
 20
10.094538620049349
 10
5.652255607246584
 20
10.099314407580396
 10
5.651238977261218
 20
10.104116590788038
 10
5.650340504941305
 20
10.108942277016673
 10
5.649560731492972
 20
10.113788559453363
 10
5.637321203582378
 20
10.196300754163277
 10
5.636660598711988
 20
10.201164713588735
 10
5.636119560343222
 20
10.20604342013564
 10
5.635698414377361
 20
10.210933935053594
 10
5.635397414496989
 20
10.215833312479278
 10
5.631304432626489
 20
10.299147871943719
 10
5.631123760142677
 20
10.304053160675352
 10
5.631063523885774
 20
10.308961405950441
 10
5.631123760139847
 20
10.313869651225566
 10
5.631304432620829
 20
10.318774939957303
 10
5.635397414443253
 20
10.402089499423626
 10
5.6356984143207995
 20
10.406988876849466
 10
5.636119560283837
 20
10.411879391767647
 10
5.636660598649787
 20
10.416758098314846
 10
5.6373212035173665
 20
10.421622057740668
 10
5.64956073138034
 20
10.504134252457623
 10
5.650340504825878
 20
10.508980534894771
 10
5.6512389771430085
 20
10.513806221123932
 10
5.652255607125604
 20
10.518608404332168
 10
5.653389782393779
 20
10.523384191863878
 10
5.673657982953165
 20
10.604299384290401
 10
5.674909020322155
 20
10.609045899389793
 10
5.676276166213822
 20
10.613760282933614
 10
5.677758597110602
 20
10.618439695153501
 10
5.679355420051552
 20
10.623081317346507
 10
5.69284542105875
 20
10.660783344496597
 10
5.6123502706612225
 20
10.741278644999547
 10
5.559379432050361
 20
10.578251367954639
 10
5.5310632900071885
 20
10.39947745811217
 10
5.531063288853448
 20
10.218446443134535
 10
5.559379520781402
 20
10.039672802902837
 10
5.561075024782777
 20
10.034454454571497
 10
5.562534478917241
 20
10.02976766530664
 10
5.563878470318233
 20
10.0250464697909
 10
5.565106189365192
 20
10.02029371207295
 10
5.566216896480035
 20
10.01551225521454
 10
5.567209922572679
 20
10.010704979565785
 10
5.568084669444102
 20
10.00587478103004
 10
5.5688406101466965
 20
10.001024569319407
 10
5.569477289301704
 20
9.996157266201934
 10
5.58089528585356
 20
9.899676295746119
 10
5.58141229392442
 20
9.89479511129915
 10
5.581809359112006
 20
9.889902709211476
 10
5.582086242251416
 20
9.885002036331374
 10
5.58224277656719
 20
9.880096044488875
 10
5.582278867773769
 20
9.875187688717798
 10
5.582194494132278
 20
9.870279925475822
 10
5.581989706463625
 20
9.865375710863733
 10
5.581664628117891
 20
9.86047799884486
 10
5.58121945490003
 20
9.85558973946582
 10
5.580654454951928
 20
9.850713877079606
 10
5.579969968590896
 20
9.845853348572104
 10
5.579166408104685
 20
9.84101108159313
 10
5.578244257503152
 20
9.836189992792997
 10
5.577204072226725
 20
9.831392986065739
 10
5.576046478811844
 20
9.826622950799988
 10
5.574772174513579
 20
9.821882760138624
 10
5.548400185407696
 20
9.728375798419837
 10
5.547009872790877
 20
9.723668097017441
 10
5.54550444394118
 20
9.718995934172987
 10
5.5438848057073375
 20
9.71436212433031
 10
5.542151933736175
 20
9.709769458829955
 10
5.540306871884897
 20
9.705220704227697
 10
5.538350731592279
 20
9.700718600628024
 10
5.536284691209158
 20
9.696265860033522
 10
5.534109995288606
 20
9.691865164711219
 10
5.531827953836234
 20
9.687519165576813
 10
5.529439941521058
 20
9.683230480597805
 10
5.526947396847422
 20
9.67900169321647
 10
5.524351821288462
 20
9.674835350793634
 10
5.521654778381641
 20
9.67073396307417
 10
5.518857892786895
 20
9.666700000675176
 10
5.515962849307962
 20
9.6627358935977
 10
5.512971391877484
 20
9.65884402976295
 10
5.452822414985404
 20
9.582547058922817
 10
5.449753343692623
 20
9.578750291180617
 10
5.446592513172832
 20
9.57502956620912
 10
5.443341806858106
 20
9.571387101062577
 10
5.440003161734468
 20
9.567825066162863
 10
5.4365785671877065
 20
9.564345584006182
 10
5.433070063817965
 20
9.56095072789835
 10
5.429479742223821
 20
9.557642520719378
 10
5.425809741756563
 20
9.554422933718117
 10
5.422062249245429
 20
9.551293885337637
 10
5.4182394976945485
 20
9.548257240072116
 10
5.414343764952366
 20
9.545314807355833
 10
5.410377372354353
 20
9.54246834048499
 10
5.406342683339799
 20
9.539719535572994
 10
5.402242102043524
 20
9.537070030539784
 10
5.38451613019321
 20
9.525921057379799
 10
5.383982171105662
 20
9.525455739320998
 10
5.380202941696997
 20
9.522322169282836
 10
5.376347937505313
 20
9.519282304353357
 10
5.372419481347996
 20
9.51633797619104
 10
5.368419940300621
 20
9.513490958889065
 10
5.364351724270681
 20
9.510742967906344
 10
5.360217284545505
 20
9.508095659033872
 10
5.356019112315245
 20
9.505550627397044
 10
5.35175973717182
 20
9.503109406494513
 10
5.349788414562043
 20
9.502011481910188
 10
5.189158245534497
 20
9.391976696801922
 10
5.058048126961577
 20
9.260866580436423
 10
4.953259014808984
 20
9.107894114496336
 10
4.878364832903872
 20
8.938276709326228
 10
4.835380859082363
 20
8.755518246699994
 10
4.83056328883678
 20
8.686123487859291
  0
LWPOLYLINE
  5
3F
330
17
100
AcDbEntity
  8
0
100
AcDbPolyline
 90
76
 70
0
 10
10.555012472406956
 20
7.815012523753131
 10
10.550104227670724
 20
7.815072760826267
 10
10.545198939497343
 20
7.81525343409987
 10
10.540299562648348
 20
7.81555443474314
 10
10.535409048324519
 20
7.815975581444583
 10
10.530530342388182
 20
7.816516620521228
 10
10.525666383588732
 20
7.817177226071438
 10
10.520820101792445
 20
7.817957000171215
 10
10.51599441621763
 20
7.818855473113901
 10
10.511192233676208
 20
7.819872103693108
 10
10.506416446822755
 20
7.821006279528721
 10
10.50166993241207
 20
7.822257317435773
 10
10.496955549566339
 20
7.823624463835972
 10
10.49227613805289
 20
7.825106895211624
 10
10.487634516573639
 20
7.826703718601691
 10
10.483033481067201
 20
7.828413972139681
 10
10.478475803024724
 20
7.830236625633035
 10
10.473964227820446
 20
7.832170581183678
 10
10.469501473057989
 20
7.8342146738493526
 10
10.465090226933365
 20
7.836367672345336
 10
10.460733146615722
 20
7.8386282797861195
 10
10.456432856646757
 20
7.840995134466603
 10
10.45219194735979
 20
7.8434668106823375
 10
10.448012973319447
 20
7.846041819588313
 10
10.443898451782886
 20
7.848718610095784
 10
10.439850861183496
 20
7.851495569806589
 10
10.435872639637976
 20
7.8543710259843955
 10
10.431966183477718
 20
7.857343246562295
 10
10.42813384580533
 20
7.8604104411861355
 10
10.424377935077231
 20
7.863570762292964
 10
10.420700713713114
 20
7.866822306223927
 10
10.41710439673315
 20
7.870163114370967
 10
10.413591150423743
 20
7.873591174356609
 10
10.41016309103265
 20
7.877104421246148
 10
10.406822283494218
 20
7.8807007387914805
 10
10.403570740185554
 20
7.8843779607058595
 10
10.400410419714342
 20
7.888133871968782
 10
10.397343225739052
 20
7.891966210160232
 10
10.394371005822244
 20
7.895872666823482
 10
10.391495550317675
 20
7.8998508888556165
 10
10.388718591291848
 20
7.903898479924955
 10
10.38604180148068
 20
7.908013001914511
 10
10.383466793281915
 20
7.912191976390624
 10
10.380995117783874
 20
7.916432886095874
 10
10.37862826383113
 20
7.920733176465385
 10
10.3763676571277
 20
7.925090257165591
 10
10.374214659378234
 20
7.929501503654568
 10
10.372170567467796
 20
7.93396425876295
 10
10.37023661268065
 20
7.938475834294512
 10
10.368413959958596
 20
7.943033512645438
 10
10.366703707199243
 20
7.947634548441304
 10
10.36510688459468
 20
7.952276170190786
 10
10.363624454010928
 20
7.956955581955108
 10
10.36225730840855
 20
7.961669965032203
 10
10.361006271304753
 20
7.966416479654601
 10
10.35987209627735
 20
7.971192266699993
 10
10.35885546651082
 20
7.975994449413459
 10
10.35795699438479
 20
7.9808201351403225
 10
10.357177221105152
 20
7.985666417068572
 10
10.356516616378073
 20
7.990530375979817
 10
10.355975578127055
 20
7.995409082007715
 10
10.355554432253237
 20
8.000299596402813
 10
10.355253432439094
 20
8.005198973302747
 10
10.355072759995616
 20
8.010104261506704
 10
10.355012523753105
 20
8.015012506253129
 10
10.355012523753105
 20
8.465012457753197
 10
10.255013076446245
 20
8.465012479753115
 10
10.255012305714873
 20
7.977900296093756
 10
10.257582278085646
 20
7.953995656172557
 10
10.267103064062436
 20
7.928468307161657
 10
10.468467633033146
 20
7.727103727422779
 10
10.49399105197506
 20
7.717583873312575
 10
10.517900182353353
 20
7.715013274049827
 10
11.005011861267871
 20
7.715012575546564
 10
11.005012082095972
 20
7.81501244759935
 10
10.555012472406956
 20
7.815012523753131
  0
LWPOLYLINE
  5
40
330
17
100
AcDbEntity
  8
0
100
AcDbPolyline
 90
44
 70
0
 10
6.248745468729468
 20
11.377674977117541
 10
6.329241134105058
 20
11.297179271975535
 10
6.366943494582169
 20
11.310669392273564
 10
6.37158511677422
 20
11.312266215217178
 10
6.376264528993218
 20
11.313748646116645
 10
6.380978912536216
 20
11.315115792011023
 10
6.38572542763485
 20
11.316366829382742
 10
6.466640620049344
 20
11.336635029988747
 10
6.471416407580408
 20
11.337769205259681
 10
6.476218590788067
 20
11.33878583524505
 10
6.481044277016719
 20
11.339684307564967
 10
6.485890559453426
 20
11.340464081013302
 10
6.568402754163404
 20
11.352703608923896
 10
6.573266713588853
 20
11.353364213794285
 10
6.578145420135749
 20
11.353905252163049
 10
6.583035935053695
 20
11.354326398128908
 10
6.58793531247937
 20
11.354627398009281
 10
6.671249871943555
 20
11.358720379879774
 10
6.67615516067519
 20
11.358901052363585
 10
6.681063405950282
 20
11.35896128862049
 10
6.68597165122541
 20
11.358901052366416
 10
6.690876939957149
 20
11.358720379885433
 10
6.774191499423778
 20
11.354627398062995
 10
6.779090876849627
 20
11.35432639818545
 10
6.783981391767815
 20
11.353905252222411
 10
6.788860098315023
 20
11.353364213856459
 10
6.793724057740854
 20
11.352703608988877
 10
6.876236252457624
 20
11.340464081125917
 10
6.8810825348947695
 20
11.33968430768038
 10
6.885908221123929
 20
11.33878583536325
 10
6.890710404332161
 20
11.337769205380654
 10
6.895486191863868
 20
11.336635030112479
 10
6.976401384290413
 20
11.316366829553079
 10
6.981147899389798
 20
11.31511579218409
 10
6.985862282933614
 20
11.313748646292424
 10
6.990541695153496
 20
11.312266215395645
 10
6.9951833173464975
 20
11.310669392454697
 10
7.0328839826023595
 20
11.297179878741046
 10
7.113379196232023
 20
11.377674687658695
 10
6.950352367954692
 20
11.430645380455895
 10
6.77157845811223
 20
11.458961522499054
 10
6.590547369053157
 20
11.458961523652805
 10
6.411773124917111
 20
11.430645330996608
 10
6.248745468729468
 20
11.377674977117541
  0
LWPOLYLINE
  5
41
330
17
100
AcDbEntity
  8
0
100
AcDbPolyline
 90
582
 70
0
 10
5.831063493644414
 20
6.668961528753125
 10
6.366319326233416
 20
6.6689615017575665
 10
8.973691412350584
 20
4.061589415648651
 10
8.978082971097182
 20
4.057304340565035
 10
8.982578368195936
 20
4.053128330313423
 10
9.03714076681249
 20
4.003675854824915
 10
9.04173729437342
 20
3.999611424904355
 10
9.046432183649681
 20
3.9956610235473815
 10
9.051222606615527
 20
3.991827030328057
 10
9.05610567769929
 20
3.9881117547005354
 10
9.115252531609936
 20
3.944245458217369
 10
9.120225309432222
 20
3.940651138124736
 10
9.125284798577576
 20
3.937179938651046
 10
9.130427951398929
 20
3.933833950717065
 10
9.13565166985333
 20
3.93061518982081
 10
9.198813364433645
 20
3.8927575270251653
 10
9.204114501948403
 20
3.889667932027856
 10
9.209489865316526
 20
3.8867093639859776
 10
9.214936216620115
 20
3.88388360503029
 10
9.220450275180802
 20
3.881192357292326
 10
9.287018528784863
 20
3.8497079181716156
 10
9.292596973139947
 20
3.847152802758383
 10
9.298236443043145
 20
3.8447353587758615
 10
9.303933541488663
 20
3.8424570424019127
 10
9.309684836757421
 20
3.840319226009129
 10
9.379018560713016
 20
3.8155112229233055
 10
9.384820588439851
 20
3.813515194252326
 10
9.390669853700166
 20
3.8116621556362063
 10
9.396562833115281
 20
3.809953223276118
 10
9.402495976974754
 20
3.8083894265690144
 10
9.473927449618563
 20
3.7904967741493034
 10
9.47989718401832
 20
3.7890790550678606
 10
9.485899913013645
 20
3.7878082675930242
 10
9.49193202078505
 20
3.786685177199651
 10
9.497989873816367
 20
3.785710460395399
 10
9.570831171017959
 20
3.7749054746657356
 10
9.576911120269886
 20
3.7740797185854293
 10
9.583009503423398
 20
3.773403420631042
 10
9.589122647040538
 20
3.772876988179171
 10
9.595246868792193
 20
3.772500738333039
 10
9.668796491373135
 20
3.7688874770799314
 10
9.674928102262406
 20
3.768661636478247
 10
9.68106340883093
 20
3.7685863411593297
 10
13.681063403921193
 20
3.768586341165348
 10
13.687198710540372
 20
3.768661636485527
 10
13.693330321480207
 20
3.7688874770909595
 10
13.766879944303927
 20
3.772500738386103
 10
13.7730041660707
 20
3.772876988235862
 10
13.779117309702835
 20
3.773403420692105
 10
13.785215692871187
 20
3.774079718651605
 10
13.791295642137774
 20
3.774905474737758
 10
13.864136939332573
 20
3.785710460515056
 10
13.87019479236327
 20
3.7866851773232697
 10
13.876226900133958
 20
3.787808267720588
 10
13.882229629128469
 20
3.7890790551993514
 10
13.888199363527315
 20
3.7904967742847
 10
13.959630836159073
 20
3.8083894267510154
 10
13.965563980017482
 20
3.809953223461986
 10
13.97145695943144
 20
3.8116621558259127
 10
13.977306224690501
 20
3.8135151944458405
 10
13.983108252415994
 20
3.8155112231205948
 10
14.052441976355274
 20
3.8403192262516512
 10
14.05819327162266
 20
3.842457042648199
 10
14.06389037006671
 20
3.844735359025878
 10
14.069529839968352
 20
3.8471528030120927
 10
14.075108284321788
 20
3.8497079184289795
 10
14.14167653790547
 20
3.8811923575932745
 10
14.147190596464398
 20
3.883883605334842
 10
14.152636947766142
 20
3.886709364294088
 10
14.158012311132332
 20
3.8896679323394787
 10
14.163313448645072
 20
3.892757527340251
 10
14.226475143200974
 20
3.930615190177356
 10
14.231698861653287
 20
3.9338339510770344
 10
14.236842014472467
 20
3.9371799390143862
 10
14.241901503615567
 20
3.940651138491393
 10
14.246874281435518
 20
3.9442454585872864
 10
14.306021135317318
 20
3.9881117551089855
 10
14.310904206386587
 20
3.991827030730284
 10
14.31569462933833
 20
3.9956610239427373
 10
14.320389518600905
 20
3.9996114252922084
 10
14.324986046148585
 20
4.0036758552046505
 10
14.379548444563458
 20
4.053128330550993
 10
14.384043841623832
 20
4.057304340769528
 10
14.388435400333742
 20
4.061589415818246
 10
16.388435396858224
 20
6.0615894123512595
 10
16.392720471941757
 20
6.065980971097776
 10
16.396896482193288
 20
6.070476368196444
 10
16.44634895768144
 20
6.1250387668125645
 10
16.450413387602048
 20
6.129635294373543
 10
16.454363788959064
 20
6.1343301836498565
 10
16.45819778217843
 20
6.139120606615757
 10
16.46191305780599
 20
6.144003677699574
 10
16.50577935428905
 20
6.203150531610165
 10
16.509373674381656
 20
6.208123309432421
 10
16.51284487385532
 20
6.213182798577745
 10
16.51619086178928
 20
6.218325951399063
 10
16.51940962268551
 20
6.223549669853432
 10
16.55726728548097
 20
6.286711364433449
 10
16.560356880478277
 20
6.292012501948203
 10
16.563315448520154
 20
6.29738786531632
 10
16.56614120747584
 20
6.302834216619907
 10
16.5688324552138
 20
6.308348275180589
 10
16.600316894334846
 20
6.374916528785353
 10
16.60287200974811
 20
6.380494973140512
 10
16.605289453730663
 20
6.386134443043786
 10
16.607567770104637
 20
6.39183154148938
 10
16.609705586497444
 20
6.397582836758218
 10
16.634513589583225
 20
6.466916560713976
 10
16.63650961825416
 20
6.4727185884407
 10
16.63836265687024
 20
6.478567853700899
 10
16.640071589230292
 20
6.4844608331159
 10
16.641635385937366
 20
6.490393976975255
 10
16.65952803835687
 20
6.561825449618048
 10
16.66094575743833
 20
6.567795184017853
 10
16.66221654491318
 20
6.573797913013227
 10
16.66333963530656
 20
6.57983002078468
 10
16.66431435211082
 20
6.585887873816046
 10
16.675119337840513
 20
6.6587291710179075
 10
16.675945093920816
 20
6.6648091202698305
 10
16.676621391875205
 20
6.67090750342334
 10
16.677147824327072
 20
6.677020647040477
 10
16.677524074173206
 20
6.683144868792128
 10
16.681137335426328
 20
6.75669449137351
 10
16.681363176028047
 20
6.762826102264219
 10
16.681438471346926
 20
6.768961408834179
 10
16.6814384713409
 20
7.228961403924287
 10
16.681363176020685
 20
7.235096710542052
 10
16.681137335415286
 20
7.2412283214804765
 10
16.67752407412013
 20
7.314777944304047
 10
16.67714782427037
 20
7.320902166070772
 10
16.676621391814134
 20
7.327015309702855
 10
16.67594509385464
 20
7.333113692871159
 10
16.675119337768496
 20
7.339193642137695
 10
16.664314351991283
 20
7.412034939332174
 10
16.66333963518306
 20
7.418092792362937
 10
16.662216544785732
 20
7.424124900133689
 10
16.660945757306955
 20
7.430127629128266
 10
16.659528038221588
 20
7.4360973635271765
 10
16.641635385755045
 20
7.507528836159674
 10
16.640071589044076
 20
7.513461980018059
 10
16.638362656680155
 20
7.519354959431995
 10
16.63650961806023
 20
7.525204224691035
 10
16.63451358938548
 20
7.531006252416504
 10
16.609705586254453
 20
7.600339976355664
 10
16.607567769857894
 20
7.606091271623074
 10
16.605289453480204
 20
7.611788370067149
 10
16.60287200949398
 20
7.617427839968814
 10
16.600316894077075
 20
7.6230062843222735
 10
16.56883245491283
 20
7.6895745379057425
 10
16.566141207171277
 20
7.695088596464637
 10
16.563315448212045
 20
7.700534947766348
 10
16.56035688016667
 20
7.705910311132505
 10
16.557267285165914
 20
7.711211448645213
 10
16.519409622328872
 20
7.774373143201001
 10
16.516190861429195
 20
7.779596861653313
 10
16.512844873491847
 20
7.784740014472489
 10
16.509373674014842
 20
7.789799503615589
 10
16.50577935391895
 20
7.794772281435538
 10
16.461913057397208
 20
7.853919135317394
 10
16.4581977817759
 20
7.858802206386673
 10
16.454363788563438
 20
7.863592629338428
 10
16.450413387213956
 20
7.868287518601013
 10
16.446348957301502
 20
7.8728840461487035
 10
16.396896481954833
 20
7.927446444563911
 10
16.39272047245102
 20
7.931941840873586
 10
16.38843539815344
 20
7.936333398868332
 10
15.102446346711748
 20
9.222322471631193
 10
15.098766403975414
 20
9.23701362652827
 10
15.097202607264908
 20
9.242946770385936
 10
15.095493674901483
 20
9.24883974979917
 10
15.093640636282096
 20
9.254689015057528
 10
15.091644607607916
 20
9.260491042782332
 10
15.061889887996953
 20
9.343649913121487
 10
15.059752071600712
 20
9.349401208389
 10
15.057473755223336
 20
9.355098306833186
 10
15.05505631123742
 20
9.36073777673497
 10
15.052501195820827
 20
9.366316221088555
 10
15.014738758653824
 20
9.446158186209916
 10
15.012047510912566
 20
9.451672244768966
 10
15.009221751953625
 20
9.457118596070842
 10
15.006263183908537
 20
9.462493959437168
 10
15.003173588908064
 20
9.467795096950054
 10
14.957767107098087
 20
9.543551235083383
 10
14.954548346198695
 20
9.548774953535869
 10
14.951202358261625
 20
9.553918106355226
 10
14.947731158784896
 20
9.558977595498513
 10
14.944136838689275
 20
9.563950373318656
 10
14.89152360147773
 20
9.63489111144123
 10
14.887808325847288
 20
9.639774182522753
 10
14.883974332625101
 20
9.644564605486293
 10
14.880023931265322
 20
9.649259494760177
 10
14.875959501342017
 20
9.653856022318662
 10
14.816646202964996
 20
9.719298162341863
 10
14.812470192738724
 20
9.72379355940867
 10
14.808185117681939
 20
9.728185118124651
 10
14.803793558963624
 20
9.732470193179044
 10
14.799298161894543
 20
9.736646203402868
 10
14.733856021838621
 20
9.795959501744624
 10
14.7292594942779
 20
9.800023931665446
 10
14.72456460500184
 20
9.803974333022687
 10
14.719774182036188
 20
9.807808326242283
 10
14.714891110952614
 20
9.81152360187008
 10
14.64395037280125
 20
9.864136839043036
 10
14.638977594979163
 20
9.867731159135934
 10
14.633918105834002
 20
9.871202358609896
 10
14.628774953012838
 20
9.874548346544152
 10
14.623551234558617
 20
9.877767107440688
 10
14.54779509640076
 20
9.923173589209268
 10
14.542493958886173
 20
9.926263184206864
 10
14.537118595518216
 20
9.929221752249033
 10
14.531672244214782
 20
9.932047511205013
 10
14.526158185654245
 20
9.934738758943276
 10
14.446316220512292
 20
9.972501196066759
 10
14.44073777615734
 20
9.9750563114803
 10
14.435098306254266
 20
9.97747375546313
 10
14.429401207808866
 20
9.97975207183739
 10
14.423649912540215
 20
9.981889888230489
 10
14.340491042184626
 20
10.01164460779624
 10
14.3346890144579
 20
10.013640636467533
 10
14.32883974919769
 20
10.01549367508397
 10
14.32294676978267
 20
10.017202607444379
 10
14.317013625923286
 20
10.018766404151803
 10
14.231338715734799
 20
10.04022685194475
 10
14.225368981335123
 20
10.041644571026517
 10
14.21936625233987
 20
10.042915358501677
 10
14.213334144568531
 20
10.044038448895378
 10
14.207276291537271
 20
10.04501316569996
 10
14.119910437736182
 20
10.057972665876374
 10
14.113830488469098
 20
10.058798421958885
 10
14.107732105300334
 20
10.059474719914732
 10
14.101618961667882
 20
10.060001152367313
 10
14.095494739900877
 20
10.060377402213405
 10
14.007279323417768
 20
10.064711147702226
 10
14.001147712518435
 20
10.064936988302987
 10
13.995012405939876
 20
10.065012283620488
 10
13.988877099361357
 20
10.064936988299644
 10
13.982745488462148
 20
10.064711147695542
 10
13.894530071981483
 20
10.060377402158666
 10
13.888405850214683
 20
10.06000115230924
 10
13.882292706582517
 20
10.059474719853329
 10
13.876194323414122
 20
10.05879842189416
 10
13.870114374147487
 20
10.057972665808336
 10
13.782748520353191
 20
10.045013165584287
 10
13.776690667322448
 20
10.044038448776403
 10
13.770658559551707
 20
10.042915358379414
 10
13.764655830557134
 20
10.041644570900978
 10
13.758686096158216
 20
10.040226851815955
 10
13.67301118598178
 20
10.018766403976404
 10
13.667078042123283
 20
10.017202607265755
 10
13.661185062709228
 20
10.015493674902146
 10
13.65533579745006
 20
10.013640636282535
 10
13.649533769724457
 20
10.011644607608094
 10
13.566374899385181
 20
9.98188988799711
 10
13.560623604117676
 20
9.979752071600872
 10
13.554926505673498
 20
9.977473755223501
 10
13.549287035771721
 20
9.975056311237593
 10
13.543708591418143
 20
9.972501195821005
 10
13.46386662629657
 20
9.934738758653937
 10
13.4583525677375
 20
9.932047510912671
 10
13.452906216435604
 20
9.929221751953722
 10
13.447530853069258
 20
9.926263183908626
 10
13.442229715556355
 20
9.923173588908142
 10
13.366473577422912
 20
9.877767107098101
 10
13.361249858970428
 20
9.874548346198711
 10
13.35610670615107
 20
9.871202358261641
 10
13.351047217007785
 20
9.867731158784913
 10
13.346074439187644
 20
9.864136838689292
 10
13.275133701065128
 20
9.811523601477797
 10
13.270250629983591
 20
9.807808325847349
 10
13.265460207020045
 20
9.803974332625154
 10
13.26076531774615
 20
9.800023931265367
 10
13.256168790187656
 20
9.795959501342052
 10
13.190726650164363
 20
9.736646202964932
 10
13.186231253097569
 20
9.732470192738672
 10
13.181839694381603
 20
9.7281851176819
 10
13.177554619327221
 20
9.7237935589636
 10
13.173378609103409
 20
9.719298161894532
 10
13.114065310761518
 20
9.653856021838482
 10
13.110000880840673
 20
9.649259494277734
 10
13.10605047948341
 20
9.644564605001646
 10
13.102216486263792
 20
9.639774182035966
 10
13.098501210635975
 20
9.634891110952362
 10
13.045887973463111
 20
9.563950372801061
 10
13.042293653370226
 20
9.558977594978993
 10
13.03882245389628
 20
9.55391810583385
 10
13.035476465962036
 20
9.548774953012703
 10
13.032257705065513
 20
9.543551234558501
 10
12.986851223297117
 20
9.467795096400943
 10
12.98376162829952
 20
9.462493958886348
 10
12.980803060257347
 20
9.457118595518384
 10
12.977977301301364
 20
9.451672244214944
 10
12.9752860535631
 20
9.4461581856544
 10
12.937523616439297
 20
9.366316220511738
 10
12.934968501025736
 20
9.360737776156737
 10
12.932551057042888
 20
9.355098306253614
 10
12.930272740668611
 20
9.349401207808166
 10
12.928134924275499
 20
9.343649912539464
 10
12.898380204709783
 20
9.26049104218371
 10
12.896384176038529
 20
9.254689014457082
 10
12.894531137422126
 20
9.24883974919697
 10
12.892822205061746
 20
9.242946769782048
 10
12.891258408354345
 20
9.237013625922764
 10
12.869797960561597
 20
9.151338715735307
 10
12.868380241479814
 20
9.145368981335576
 10
12.86710945400464
 20
9.139366252340269
 10
12.865986363610928
 20
9.133334144568874
 10
12.86501164680634
 20
9.127276291537559
 10
12.852052146629903
 20
9.039910437736172
 10
12.851226390547396
 20
9.033830488469114
 10
12.850550092591554
 20
9.02773210530038
 10
12.850023660138975
 20
9.021618961667956
 10
12.849647410292885
 20
9.01549473990098
 10
12.845313664804035
 20
8.927279323417672
 10
12.84508782420327
 20
8.921147712518298
 10
12.84501252888577
 20
8.915012405939697
 10
12.845087824206615
 20
8.908877099361137
 10
12.845313664810721
 20
8.902745488461886
 10
12.849647410347632
 20
8.814530071981327
 10
12.850023660197056
 20
8.80840585021459
 10
12.850550092652965
 20
8.802292706582486
 10
12.851226390612124
 20
8.796194323414154
 10
12.852052146697938
 20
8.790114374147581
 10
12.865011646921895
 20
8.702748520353577
 10
12.865986363729787
 20
8.696690667322764
 10
12.867109454126789
 20
8.690658559551952
 10
12.868380241605239
 20
8.68465583055731
 10
12.869797960690281
 20
8.678686096158325
 10
12.891258408530067
 20
8.593011185981164
 10
12.892822205240714
 20
8.587078042122688
 10
12.894531137604318
 20
8.581185062708654
 10
12.896384176223926
 20
8.57533579744951
 10
12.898380204898361
 20
8.569533769723927
 10
12.928134924509324
 20
8.486374899384773
 10
12.930272740905565
 20
8.48062360411726
 10
12.93255105728294
 20
8.474926505673077
 10
12.934968501268854
 20
8.469287035771297
 10
12.937523616685445
 20
8.463708591417712
 10
12.975286053852448
 20
8.383866626296344
 10
12.97797730159371
 20
8.378352567737291
 10
12.98080306055265
 20
8.372906216435414
 10
12.983761628597739
 20
8.367530853069086
 10
12.986851223598213
 20
8.362229715556198
 10
13.03225770540819
 20
8.28647357742287
 10
13.035476466307582
 20
8.281249858970384
 10
13.038822454244652
 20
8.276106706151026
 10
13.042293653721382
 20
8.27104721700774
 10
13.045887973817003
 20
8.266074439187596
 10
13.098501211028548
 20
8.195133701065023
 10
13.102216486658989
 20
8.190250629983499
 10
13.106050479881176
 20
8.18546020701996
 10
13.110000881240955
 20
8.180765317746076
 10
13.11406531116426
 20
8.17616879018759
 10
13.173378609541281
 20
8.11072665016439
 10
13.177554619767553
 20
8.106231253097583
 10
13.181839694824339
 20
8.101839694381601
 10
13.186231253542653
 20
8.097554619327209
 10
13.190726650611735
 20
8.093378609103384
 10
13.256168790667656
 20
8.034065310761628
 10
13.260765318228378
 20
8.030000880840806
 10
13.265460207504438
 20
8.026050479483565
 10
13.27025063047009
 20
8.02221648626397
 10
13.275133701553663
 20
8.018501210636172
 10
13.346074439705028
 20
7.965887973463216
 10
13.351047217527114
 20
7.962293653370318
 10
13.356106706672275
 20
7.958822453896357
 10
13.361249859493439
 20
7.9554764659621
 10
13.36647357794766
 20
7.952257705065565
 10
13.442229716105517
 20
7.906851223296985
 10
13.447530853620105
 20
7.90376162829939
 10
13.452906216988062
 20
7.90080306025722
 10
13.458352568291495
 20
7.897977301301238
 10
13.463866626852033
 20
7.895286053562977
 10
13.543708591993985
 20
7.857523616439494
 10
13.549287036348938
 20
7.854968501025954
 10
13.554926506252011
 20
7.852551057043122
 10
13.560623604697412
 20
7.850272740668862
 10
13.566374899966062
 20
7.8481349242757625
 10
13.649533770321652
 20
7.818380204710011
 10
13.655335787018853
 20
7.816384179682381
 10
13.661185041077342
 20
7.814531144166057
 10
13.667078009138534
 20
7.812822214356118
 10
13.673011141512257
 20
7.811258419644084
 10
13.687702363397989
 20
7.80757845723497
 10
14.496319354527875
 20
6.998961344487042
 10
13.266694444510314
 20
5.769336472334473
 10
10.095432295799904
 20
5.769336502577632
 10
7.781063283713334
 20
8.08370555751615
 10
7.781063283507625
 20
8.618961306349206
 10
7.780987988186118
 20
8.625096612926791
 10
7.780762147581398
 20
8.631228223825051
 10
7.780385897731401
 20
8.637352445590857
 10
7.779859465274968
 20
8.643465589222018
 10
7.779183167315326
 20
8.649563972389398
 10
7.778357411229076
 20
8.65564392165501
 10
7.777382694420809
 20
8.661701774684763
 10
7.776259604023482
 20
8.667733882454508
 10
7.774988816544756
 20
8.673736611448083
 10
7.773571097459489
 20
8.679706345846
 10
7.772007300748647
 20
8.68563948970348
 10
7.770298368384894
 20
8.69153246911652
 10
7.768445329765183
 20
8.697381734374675
 10
7.76644930109069
 20
8.703183762099272
 10
7.764311484694452
 20
8.708935057365764
 10
7.762033168317126
 20
8.714632155808937
 10
7.759615724331308
 20
8.720271625709719
 10
7.757060608914859
 20
8.725850070062316
 10
7.754369361173763
 20
8.731364128620443
 10
7.751543602215028
 20
8.736810479921408
 10
7.748585034170187
 20
8.74218584328684
 10
7.745495439170003
 20
8.74748698079885
 10
7.742276678270974
 20
8.752710699250422
 10
7.73893069033431
 20
8.757853852068887
 10
7.735459490858028
 20
8.762913341211306
 10
7.7318651707628945
 20
8.767886119030607
 10
7.728149895132935
 20
8.772769190111374
 10
7.7243159019112655
 20
8.77755961307418
 10
7.720365500552039
 20
8.78225450234736
 10
7.716301070629319
 20
8.786851029905169
 10
7.712125060403711
 20
8.79134642697128
 10
7.707839985347622
 20
8.795737985686598
 10
7.703448426630038
 20
8.800023060740365
 10
7.698953029561718
 20
8.804199070963596
 10
7.69435650200176
 20
8.808263500883886
 10
7.689661612726492
 20
8.81221390224063
 10
7.684871189761657
 20
8.816047895459766
 10
7.679988118678925
 20
8.819763171087144
 10
7.675015340857725
 20
8.823357491179648
 10
7.669955851713471
 20
8.826828690653254
 10
7.664812698893236
 20
8.830174678587198
 10
7.659588980439962
 20
8.833393439483466
 10
7.65428784292632
 20
8.836483034480846
 10
7.648912479559322
 20
8.839441602522845
 10
7.643466128256863
 20
8.8422673614787
 10
7.637952069697314
 20
8.84495860921688
 10
7.632373625343366
 20
8.84751372463038
 10
7.626734155441306
 20
8.849931168613217
 10
7.6210370569969275
 20
8.85220948498753
 10
7.6152857617293055
 20
8.854347301380727
 10
7.6094837340036525
 20
8.856343330052152
 10
7.603634468744517
 20
8.85819636866877
 10
7.597741489330574
 20
8.859905301029407
 10
7.591808345472267
 20
8.861469097737112
 10
7.585838611073601
 20
8.862886816819222
 10
7.579835882079354
 20
8.864157604294775
 10
7.573803774309014
 20
8.865280694688911
 10
7.567745921278746
 20
8.866255411493976
 10
7.5616659720126975
 20
8.867081167577009
 10
7.55556758884496
 20
8.867757465533428
 10
7.54945444521352
 20
8.868283897986629
 10
7.543330223447516
 20
8.868660147833387
 10
7.537198612549137
 20
8.868885988434865
 10
7.531063305971512
 20
8.868961283753128
 10
5.831063506217018
 20
8.868961283507565
 10
5.824928199639043
 20
8.86888598818752
 10
5.818796588740357
 20
8.868660147584244
 10
5.81267236697409
 20
8.868283897735669
 10
5.8065592233424335
 20
8.867757465280638
 10
5.800460840174526
 20
8.867081167322377
 10
5.794380890908353
 20
8.866255411237486
 10
5.788323037878008
 20
8.865280694430554
 10
5.7822909301076395
 20
8.864157604034538
 10
5.7762882011134105
 20
8.862886816557099
 10
5.770318466714811
 20
8.861469097473094
 10
5.76438532285662
 20
8.859905300763486
 10
5.758492343442842
 20
8.858196368400941
 10
5.7526430781839215
 20
8.856343329782412
 10
5.746841050458533
 20
8.854347301109073
 10
5.741089755191226
 20
8.85220948471396
 10
5.735392656747212
 20
8.849931168337731
 10
5.729753186845567
 20
8.84751372435298
 10
5.724174742492085
 20
8.844958608937569
 10
5.718660683933052
 20
8.84226736119748
 10
5.7132143326311615
 20
8.83944160223972
 10
5.707838969264782
 20
8.836483034195826
 10
5.702537831751809
 20
8.833393439196554
 10
5.697314113299257
 20
8.830174678298409
 10
5.6921709604797925
 20
8.826828690362595
 10
5.687111471336361
 20
8.82335749088713
 10
5.682138693516033
 20
8.819763170792783
 10
5.677255622434225
 20
8.816047895163576
 10
5.6724651994703645
 20
8.812213901942627
 10
5.66777031019612
 20
8.808263500584086
 10
5.663173782637236
 20
8.804199070662019
 10
5.658678385570039
 20
8.80002306043703
 10
5.654286826853627
 20
8.79573798538153
 10
5.650001751798761
 20
8.7913464266645
 10
5.645825741574422
 20
8.786851029596699
 10
5.64176131165302
 20
8.782254502037228
 10
5.6378109102951575
 20
8.777559612762413
 10
5.633976917074899
 20
8.772769189798
 10
5.630261641446398
 20
8.767886118715653
 10
5.62666732135277
 20
8.762913340894807
 10
5.623196121878036
 20
8.757853851750873
 10
5.619850133942965
 20
8.752710698930928
 10
5.616631373045573
 20
8.747486980477909
 10
5.613541778047068
 20
8.74218584296449
 10
5.610583210003949
 20
8.736810479597684
 10
5.607757451046977
 20
8.731364128295384
 10
5.605066203307685
 20
8.725850069735962
 10
5.602511087893079
 20
8.720271625382113
 10
5.600093643909142
 20
8.714632155480118
 10
5.597815327533737
 20
8.708935057035776
 10
5.5956775111394546
 20
8.703183761768159
 10
5.593681482466954
 20
8.697381734042482
 10
5.591828443849269
 20
8.691532468783294
 10
5.5901195114875755
 20
8.685639489369269
 10
5.588555714778826
 20
8.679706345510851
 10
5.587137995695683
 20
8.673736611112048
 10
5.58586720821911
 20
8.667733882117636
 10
5.584744117823965
 20
8.661701774347105
 10
5.583769401017909
 20
8.655643921316619
 10
5.582943644933896
 20
8.649563972050327
 10
5.582267346976515
 20
8.643465588882322
 10
5.581740914522367
 20
8.637352445250588
 10
5.581364664674679
 20
8.631228223484268
 10
5.581138824072288
 20
8.62509661258555
 10
5.58106352875313
 20
8.618961306007563
 10
5.58106352875313
 20
6.918961506253126
 10
5.581138824067467
 20
6.912826199871527
 10
5.5813646646554
 20
6.906694589168842
 10
5.581740914479012
 20
6.900570367597844
 10
5.582267346899495
 20
6.894457224160371
 10
5.58294364481366
 20
6.88835884118521
 10
5.58376940084496
 20
6.882278892109994
 10
5.584744117588871
 20
6.876221039268468
 10
5.585867207912511
 20
6.870188931684432
 10
5.587137995308306
 20
6.864186202873705
 10
5.588555714301498
 20
6.858216468655434
 10
5.590119510911231
 20
6.85228332497406
 10
5.591828443164962
 20
6.846390345733251
 10
5.593681481665869
 20
6.840541080643122
 10
5.59567751021292
 20
6.834739053082019
 10
5.597815326473232
 20
6.828987757974168
 10
5.600093642706311
 20
6.8232906596844645
 10
5.602511086539736
 20
6.817651189931671
 10
5.605066201795831
 20
6.812072745721274
 10
5.6077574493688065
 20
6.806558687299258
 10
5.61058320815186
 20
6.80111233612802
 10
5.6135417760136725
 20
6.795736972885644
 10
5.616631370823707
 20
6.790435835489739
 10
5.619850131525696
 20
6.785212117147047
 10
5.623196119258673
 20
6.780068964429968
 10
5.626667318524875
 20
6.775009475381183
 10
5.630261638403792
 20
6.770036697647515
 10
5.6339769138116695
 20
6.765153626644133
 10
5.637810906805668
 20
6.760363203750232
 10
5.641761307931918
 20
6.7556683145372505
 10
5.645825737616651
 20
6.7510717870307175
 10
5.650001747599558
 20
6.74657639000675
 10
5.65428682240854
 20
6.742184831324246
 10
5.658678380874926
 20
6.737899756293777
 10
5.663173777688278
 20
6.733723746084144
 10
5.667770304989822
 20
6.729659316167586
 10
5.672465194003565
 20
6.7257089148045495
 10
5.677255616704099
 20
6.721874921568947
 10
5.682138687520101
 20
6.718159645914793
 10
5.6871114650724905
 20
6.714565325785074
 10
5.6921709539462055
 20
6.711094126263698
 10
5.697314106494531
 20
6.7077481382713255
 10
5.702537824674885
 20
6.704529377305879
 10
5.707838961914966
 20
6.701439782228483
 10
5.713214325008128
 20
6.6984812140955645
 10
5.718660676036849
 20
6.695655455037825
 10
5.724174734323132
 20
6.692964207186749
 10
5.729753178404661
 20
6.690409091649305
 10
5.735392648035532
 20
6.687991647531454
 10
5.741089746210329
 20
6.685713331011043
 10
5.746841041210359
 20
6.6835755144606654
 10
5.7526430686707934
 20
6.68157948562099
 10
5.758492333667465
 20
6.679726446825076
 10
5.764385312822084
 20
6.678017514274133
 10
5.7703184564245875
 20
6.676453717365162
 10
5.776288190571356
 20
6.675035998070888
 10
5.78229091931799
 20
6.673765210372346
 10
5.788323026845385
 20
6.672642119744477
 10
5.7943808796377505
 20
6.671667402695039
 10
5.800460828671319
 20
6.670841646357098
 10
5.806559211612372
 20
6.67016534813536
 10
5.812672355023294
 20
6.669638915406564
 10
5.818796576575315
 20
6.6692626652740765
 10
5.824928187266611
 20
6.669036824376896
 10
5.831063493644414
 20
6.668961528753125
  0
LWPOLYLINE
  5
42
330
17
100
AcDbEntity
  8
0
100
AcDbPolyline
 90
392
 70
0
 10
0.2755125287531209
 20
15.256860404617083
 10
0.27551252875580673
 20
2.5731654078070076
 10
0.2756463238294202
 20
2.564987411129131
 10
0.2761793237250174
 20
2.5487024144005375
 10
0.2765807293823899
 20
2.540530674029006
 10
0.2924277290771345
 20
2.2987366788504446
 10
0.2928440883464803
 20
2.293294800748397
 10
0.29337914368388607
 20
2.2878633084944546
 10
0.29403264008285407
 20
2.2824447907289347
 10
0.2982846392385243
 20
2.250157797222027
 10
0.2990552005469572
 20
2.2447617519331327
 10
0.2999432224764509
 20
2.239383788885417
 10
0.3009482828816291
 20
2.234026464639882
 10
0.34662828161547476
 20
2.0043794710601546
 10
0.3477500438710477
 20
1.9990446956155457
 10
0.34898786132566445
 20
1.9937356479088963
 10
0.35034114540831623
 20
1.9884548523443935
 10
0.3587671437242021
 20
1.9570048586717628
 10
0.3602366839713688
 20
1.9517499092350359
 10
0.36182056314358124
 20
1.9465282841155516
 10
0.36351802670494054
 20
1.9413424708159372
 10
0.43878702460998215
 20
1.7196074770207492
 10
0.4405960422091403
 20
1.7144633025568412
 10
0.4425168272967973
 20
1.7093598076527365
 10
0.4445484660377522
 20
1.7042994203537802
 10
0.4569984635421568
 20
1.6742414264068828
 10
0.45914084146351747
 20
1.6692246176356347
 10
0.4613921716964685
 20
1.6642557479867701
 10
0.4637513823139298
 20
1.6593371832908792
 10
0.5673233794271366
 20
1.449314189168894
 10
0.5697889585597975
 20
1.4444490177490057
 10
0.5723600882761971
 20
1.4396387926621976
 10
0.5750355447606025
 20
1.4348858034970127
 10
0.5913065414960171
 20
1.406703809172763
 10
0.5940847726509484
 20
1.4020107774294277
 10
0.5969647146750295
 20
1.397379465603161
 10
0.5999449970328514
 20
1.392812077688626
 10
0.6385691266406031
 20
1.3350068837168012
 10
0.7300341249210891
 20
1.1981198863094706
 10
0.7331140958782763
 20
1.193617510137294
 10
0.7362915705939377
 20
1.1891834074406669
 10
0.7395650362028305
 20
1.1848196893929124
 10
0.759394032225299
 20
1.1589786945940073
 10
0.762760860747981
 20
1.154688771279913
 10
0.766220460439433
 20
1.1504733061434353
 10
0.769771185140105
 20
1.1463343050028227
 10
0.924149180831368
 20
0.9703013099322162
 10
0.9277895965114964
 20
0.9662404634057878
 10
0.9315177276493245
 20
0.9622599937030408
 10
0.9353318000656474
 20
0.9583617950885042
 10
0.9583607954435893
 20
0.9353327997256968
 10
0.9622589940265796
 20
0.9315187273445346
 10
0.9662394636963177
 20
0.9277905962404199
 10
0.9703003101883233
 20
0.9241501805925113
 10
1.1463333052724798
 20
0.7697721849178608
 10
1.1504730299916568
 20
0.7662208530574509
 10
1.154689244851486
 20
0.7627606780634542
 10
1.1589799429819898
 20
0.7593933069395328
 10
1.1848189377938674
 20
0.7395663109340128
 10
1.1891817103744924
 20
0.7362936152377366
 10
1.1936148355482845
 20
0.7331168680170457
 10
1.1981162035500426
 20
0.7300375811152733
 10
1.3928051981122558
 20
0.599949584761579
 10
1.3973724475347862
 20
0.5969693632645205
 10
1.402003617855099
 20
0.5940894763008728
 10
1.4066965052664933
 20
0.5913112943048345
 10
1.434888499601184
 20
0.5750342975881436
 10
1.4396422156072444
 20
0.5723584048661116
 10
1.444453185595552
 20
0.5697868711802141
 10
1.449319118911416
 20
0.567320920918821
 10
1.6593301130438054
 20
0.46375592382431235
 10
1.6642466874308883
 20
0.46139766624382816
 10
1.6692135265847847
 20
0.45914720154982536
 10
1.674228267554585
 20
0.4570056003905434
 10
1.704301261509488
 20
0.4445486029061725
 10
1.709363301967859
 20
0.44251619058498315
 10
1.7144684805178823
 20
0.4405947053735152
 10
1.719614366689519
 20
0.4387850620511815
 10
1.9371926402700952
 20
0.364926969182986
 10
1.9413316373273775
 20
0.36352197019322313
 10
1.9465166398607583
 20
0.3618247662742228
 10
1.9517374433474408
 20
0.36024111120847213
 10
1.9569915614522069
 20
0.3587717591897218
 10
1.9884515551304327
 20
0.35034276089457006
 10
1.9937331079623308
 20
0.348989238125558
 10
1.9990429218871208
 20
0.3477512153929445
 10
2.0043784714018673
 20
0.3466292815365817
 10
2.234025464983961
 20
0.30094928282410205
 10
2.239384434191329
 20
0.2999439323491905
 10
2.2447640540687224
 20
0.2990556922253095
 10
2.2501617657000246
 20
0.2982849849603725
 10
2.2824537592096696
 20
0.29403298582576987
 10
2.2878702899189256
 20
0.293379817108839
 10
2.293299784132613
 20
0.2928450022991812
 10
2.298739656070213
 20
0.29242879610076367
 10
2.5112695224350965
 20
0.27849887040304283
 10
2.540527390688991
 20
0.27658094459449917
 10
2.54870241464661
 20
0.2761793237143074
 10
2.5649874113750117
 20
0.2756463238240606
 10
2.5731654079710653
 20
0.275512528753128
 10
22.87685940469881
 20
0.27551252875580673
 10
22.88503790305004
 20
0.2756463402494447
 10
22.901321899778374
 20
0.27617934014504186
 10
22.909497132569104
 20
0.2765809911843732
 10
22.935290621069083
 20
0.278271892097469
 10
23.151284108166404
 20
0.2924287929477482
 10
23.156723996410932
 20
0.29284499950617937
 10
23.162153506884966
 20
0.29337981538535135
 10
23.1675700537848
 20
0.2940329858792669
 10
23.19986204729159
 20
0.298284985035065
 10
23.20525975887583
 20
0.2990556922963803
 10
23.21063937870642
 20
0.2999439324146004
 10
23.21599834786731
 20
0.30094928288182204
 10
23.44564534144548
 20
0.34662928161534085
 10
23.45098089100616
 20
0.3477512154823971
 10
23.456290704976407
 20
0.34898923822770483
 10
23.46157225785322
 20
0.3503427610113952
 10
23.493032251525932
 20
0.3587717593272309
 10
23.498286304150195
 20
0.36024109226486334
 10
23.503507043020388
 20
0.36182472540085237
 10
23.508691981894223
 20
0.3635219045707463
 10
23.652112106951986
 20
0.41220630487437016
 10
23.730407104005675
 20
0.43878530388546333
 10
23.735547755337016
 20
0.4405931315219441
 10
23.740647782451628
 20
0.4425125742285394
 10
23.745704762261976
 20
0.44454272005368883
 10
23.77579175620961
 20
0.4570037175585843
 10
23.780810907967354
 20
0.45914695526992133
 10
23.78578207882951
 20
0.46139924577378
 10
23.790702899706453
 20
0.4637595157057104
 10
24.00069889382801
 20
0.5673185128187155
 10
24.005562593632156
 20
0.5697833332957469
 10
24.010371381027035
 20
0.5723536405847169
 10
24.01512296849778
 20
0.5750282120039738
 10
24.04332696282187
 20
0.5913112087394647
 10
24.048021595890308
 20
0.5940902925294451
 10
24.052654469176314
 20
0.5969711555034245
 10
24.05722337647659
 20
0.5999524257763982
 10
24.25190537102573
 20
0.7300354221471226
 10
24.256407594527754
 20
0.7331153004522349
 10
24.26084154887863
 20
0.736292676043945
 10
24.265205123113688
 20
0.7395660362031085
 10
24.291046117912217
 20
0.7593950322252927
 10
24.295336041226292
 20
0.7627618607479612
 10
24.299551506362754
 20
0.7662214604393986
 10
24.303690507503347
 20
0.7697721851400554
 10
24.479723502573904
 20
0.924150180831226
 10
24.4837843491004
 20
0.9277905965114146
 10
24.48776481880321
 20
0.9315187276493061
 10
24.49166301741781
 20
0.9353328000656949
 10
24.514692012780873
 20
0.9583617954439352
 10
24.518506085161967
 20
0.962259994026861
 10
24.522234216266014
 20
0.9662404636965316
 10
24.52587463191386
 20
0.9703013101884662
 10
24.680252627588484
 20
1.1463343052725163
 10
24.683803352319206
 20
1.1504733064497183
 10
24.68726295203911
 20
1.154688771624087
 10
24.690629780588594
 20
1.1589786949773206
 10
24.710458776594535
 20
1.1848196897899677
 10
24.713732136722825
 20
1.189183263989006
 10
24.716909512285298
 20
1.193617218302597
 10
24.719989390562844
 20
1.1981194417661203
 10
24.85007238691587
 20
1.3928014363272925
 10
24.853052834961172
 20
1.3973690529878349
 10
24.855932932416742
 20
1.4020006003701706
 10
24.858711308531404
 20
1.4066938741395023
 10
24.874997305247994
 20
1.4349018684739323
 10
24.877672857731323
 20
1.4396550360093532
 10
24.88024407563535
 20
1.444465443601321
 10
24.882709735011467
 20
1.4493308014043802
 10
24.98626573210594
 20
1.6593227955367038
 10
24.988624502114376
 20
1.6642404505594526
 10
24.99087543177817
 20
1.6692083920369776
 10
24.99301744975809
 20
1.674224255457085
 10
25.00548144724245
 20
1.704315249411779
 10
25.007513477981103
 20
1.7093765033069923
 10
25.009434616669264
 20
1.7144808804536675
 10
25.011243948984916
 20
1.719625951540269
 10
25.086502946869704
 20
1.9413329453421926
 10
25.088200111438937
 20
1.9465178466758442
 10
25.08978373163686
 20
1.9517385474414013
 10
25.091253053316308
 20
1.9569925614513821
 10
25.099682051611637
 20
1.9884525551301906
 10
25.101035574380667
 20
1.9937341079621413
 10
25.102273597113296
 20
1.999043921886985
 10
25.10339553096967
 20
2.0043794714017853
 10
25.149075529682143
 20
2.234026464983872
 10
25.15008088015706
 20
2.2393854341912713
 10
25.150969120280944
 20
2.2447650540686963
 10
25.151739827545885
 20
2.25016276570003
 10
25.15599182668051
 20
2.282454759209938
 10
25.15664498055047
 20
2.2878711543700487
 10
25.157179786436007
 20
2.293300512451177
 10
25.15759598965013
 20
2.2987402478668817
 10
25.173443989320926
 20
2.5405282428856784
 10
25.17384550520896
 20
2.548701916258419
 10
25.174378505099185
 20
2.5649879129851554
 10
25.174512283753135
 20
2.573165407970048
 10
25.174512283750463
 20
15.256860404699157
 10
25.174378505093834
 20
15.265037899765868
 10
25.17384550519821
 20
15.281323896494275
 10
25.17344398931195
 20
15.289497569798892
 10
25.157595989617164
 20
15.531285564978711
 10
25.15717978639837
 20
15.53672530044436
 10
25.156644980505984
 20
15.542154658575209
 10
25.155991826626998
 20
15.547571053784749
 10
25.151739827471143
 20
15.579863047291928
 10
25.15096912020983
 20
15.585260758876156
 10
25.15008088009161
 20
15.590640378706732
 10
25.14907552962439
 20
15.595999347867608
 10
25.103395530891056
 20
15.825646341444848
 10
25.102273597024023
 20
15.830981891005433
 10
25.10103557427874
 20
15.836291704975585
 10
25.09968205149508
 20
15.841573257852302
 10
25.091253053179088
 20
15.873033251525746
 10
25.089783701114964
 20
15.8782873697734
 10
25.088200045997603
 20
15.883508173400998
 10
25.08650284202082
 20
15.888693176073115
 10
25.08509774934632
 20
15.892832449083068
 10
25.011239750336276
 20
16.110410446133464
 10
25.009430106996263
 20
16.115556332352934
 10
25.007508621765034
 20
16.12066151095
 10
25.005476209422028
 20
16.12572355145456
 10
24.993019211917442
 20
16.155796545402257
 10
24.990877610773893
 20
16.160811286327387
 10
24.988627146097535
 20
16.16577812543739
 10
24.986268888536575
 20
16.170694699781425
 10
24.88270389142328
 20
16.380705693903575
 10
24.880237941139676
 20
16.38557162726103
 10
24.877666407429757
 20
16.39038259728995
 10
24.874990514681926
 20
16.395136313335584
 10
24.85871351794681
 20
16.42332830765941
 10
24.85593533597214
 20
16.42802119502868
 10
24.85305544903165
 20
16.432652365307888
 10
24.850075227559504
 20
16.43721961469039
 10
24.71998723118782
 20
16.631908609241023
 10
24.71690794425855
 20
16.63640997728118
 10
24.713731197008695
 20
16.64084310249216
 10
24.71045850128163
 20
16.64520587510871
 10
24.69063150525883
 20
16.671044869907906
 10
24.68726413416163
 20
16.67533556799938
 10
24.683803959196
 20
16.679551782821424
 10
24.68025262736555
 20
16.683691507504115
 10
24.52587463167487
 20
16.859724502574046
 10
24.52223421599479
 20
16.863785349100425
 10
24.51850608485701
 20
16.867765818803125
 10
24.514692012440733
 20
16.871664017417615
 10
24.491663017062976
 20
16.894693012780273
 10
24.487764818479945
 20
16.898507085161484
 10
24.483784348810165
 20
16.90223521626564
 10
24.479723502318112
 20
16.90587563191359
 10
24.303690507233373
 20
17.06025362758876
 10
24.299551613956815
 20
17.063804261778817
 10
24.29533626058146
 20
17.067263775708145
 10
24.291046452768807
 20
17.070630523343006
 10
24.265209457956768
 20
17.09045651934853
 10
24.260845691093976
 20
17.09373003217924
 10
24.25641153770707
 20
17.096907551845117
 10
24.25190910904567
 20
17.09998756542214
 10
24.057213114484483
 20
17.230079561775156
 10
24.052645603507262
 20
17.233059934351683
 10
24.04801416492424
 20
17.235939961065736
 10
24.043321002913554
 20
17.238718271265014
 10
24.015139008578497
 20
17.254989267981983
 10
24.010386019452874
 20
17.2576647244406
 10
24.005575794406667
 20
17.260235854132983
 10
24.000710623028358
 20
17.262701433243436
 10
23.790687628896865
 20
17.366273430337472
 10
23.78576906415794
 20
17.36863264097445
 10
23.780800194465197
 20
17.370883971225037
 10
23.775783385649294
 20
17.373026349162124
 10
23.74572539169451
 20
17.385476346646612
 10
23.740665004438252
 20
17.38750798536711
 10
23.735561509577646
 20
17.38942877043621
 10
23.730417335157973
 20
17.39123778801874
 10
23.508682341355644
 20
17.466506785903615
 10
23.503496528010892
 20
17.468204249478685
 10
23.498274902845687
 20
17.469788128662632
 10
23.49301995336271
 20
17.47125766891954
 10
23.46156995968432
 20
17.479683667214815
 10
23.45628916416473
 20
17.48103695128279
 10
23.45098011650354
 20
17.48227476872471
 10
23.445645341104868
 20
17.48339653096959
 10
23.21599834752141
 20
17.529076529682346
 10
23.21064102322936
 20
17.53008159009522
 10
23.205263060134808
 20
17.53096961203038
 10
23.199867014798816
 20
17.53174017334244
 10
23.167580021289172
 20
17.535992172476885
 10
23.16216150357308
 20
17.536645668866832
 10
23.15673001136886
 20
17.537180724197384
 10
23.151288133316758
 20
17.53759708346206
 10
22.909494138300477
 20
17.55344408313276
 10
22.901322397860888
 20
17.553845488791907
 10
22.885037401131335
 20
17.554378488682197
 10
22.876859404535207
 20
17.55451228375313
 10
2.5731654078073474
 20
17.55451228375045
 10
2.5649874111292936
 20
17.554378488676836
 10
2.548702414400579
 20
17.553845488781224
 10
2.5405298487157504
 20
17.55344402903205
 10
2.298732853535598
 20
17.537596029337223
 10
2.2932931132625964
 20
17.53717983900067
 10
2.287863750052582
 20
17.536645045799798
 10
2.2824473494980992
 20
17.535991904415905
 10
2.2501623559913924
 20
17.531740905260083
 10
2.2447644462568324
 20
17.530970180646264
 10
2.2393846294072106
 20
17.530081914584024
 10
2.2340254646387274
 20
17.52907652962439
 10
2.004378471060357
 20
17.48339653089085
 10
1.9990441693364642
 20
17.48227487365174
 10
1.9937355905458507
 20
17.481037181821186
 10
1.9884552584204398
 20
17.479684043805708
 10
1.957008264747496
 20
17.471259045489706
 10
1.9517527489174022
 20
17.46978937326045
 10
1.9465305641015374
 20
17.468205337638768
 10
1.9413441985989808
 20
17.466507693395794
 10
1.7196012048038911
 20
17.391235695490774
 10
1.7144568066105146
 20
17.389426589788933
 10
1.7093530917981012
 20
17.38750570683414
 10
1.704292488730619
 20
17.385473960588705
 10
1.6742444947838668
 20
17.373027963084404
 10
1.6692282704068053
 20
17.37088581826143
 10
1.664259974263087
 20
17.368634746323014
 10
1.6593419713647626
 20
17.3662758188261
 10
1.4493069772429925
 20
17.262698821712963
 10
1.4444405423044542
 20
17.260232606444223
 10
1.4396290824308204
 20
17.25766078595142
 10
1.4348748889864837
 20
17.254984585014153
 10
1.406705894662521
 20
17.238720588278984
 10
1.4020138188066558
 20
17.23594285131683
 10
1.3973834394860043
 20
17.233063444118287
 10
1.392816959383405
 20
17.230083736424454
 10
1.1981069648331961
 20
17.099982740053015
 10
1.1936047586984246
 20
17.096902890673665
 10
1.1891708206897866
 20
17.093725544923668
 10
1.1848072617404435
 20
17.090452215490956
 10
1.158988266941703
 20
17.070640219468615
 10
1.1546980983371231
 20
17.06727321425406
 10
1.1504823960028605
 20
17.063813427468805
 10
1.146343166092241
 20
17.060262505543786
 10
0.9703001710208853
 20
16.905875509851914
 10
0.9662407067023469
 20
16.90223635526439
 10
0.9622615634766342
 20
16.898509544851365
 10
0.9583646336779605
 20
16.89469685094684
 10
0.9353376383151197
 20
16.871670855568635
 10
0.9315221558065538
 20
16.86777135524192
 10
0.927792673834828
 20
16.863789524784227
 10
0.9241509684696565
 20
16.85972726043974
 10
0.7697619727954885
 20
16.683681265356135
 10
0.7662111677457288
 20
16.679542157542556
 10
0.7627514922985913
 20
16.67532658216139
 10
0.7593845927301386
 20
16.671036545181387
 10
0.7395725967246944
 20
16.64521755036951
 10
0.7362992673227583
 20
16.64085399145607
 10
0.7331219216019103
 20
16.6364200534846
 10
0.7300420722500403
 20
16.631917847388205
 10
0.5999410758964925
 20
16.437207852826273
 10
0.596961368177711
 20
16.432641372683587
 10
0.5940819609559772
 20
16.42801099332177
 10
0.5913042239724171
 20
16.423318917423718
 10
0.575040227255601
 20
16.39514992308875
 10
0.5723640263441686
 20
16.390395729684037
 10
0.5697922058754191
 20
16.38558426985107
 10
0.5673259906289203
 20
16.38071783495418
 10
0.4637489935350814
 20
16.170682840823165
 10
0.46139006601863775
 20
16.165764837881774
 10
0.4591389940625718
 20
16.16079654169415
 10
0.45699684922385986
 20
16.155780317272402
 10
0.44455085173926934
 20
16.12573232331725
 10
0.4425191055142985
 20
16.12067172029248
 10
0.4405982225780696
 20
16.115568005523578
 10
0.43878911689286315
 20
16.11042360737445
 10
0.3635171190079943
 20
15.88868061357203
 10
0.36181947475131493
 20
15.883494248024338
 10
0.3602354391178988
 20
15.87827206316275
 10
0.35876576687890316
 20
15.873016547286412
 10
0.3503407685838337
 20
15.841569553608885
 10
0.3489876305830424
 20
15.836289221528418
 10
0.34774993876518867
 20
15.830980642783292
 10
0.3466282815367786
 20
15.825646341105363
 10
0.30094828282412134
 20
15.595999347522438
 10
0.2999428978567771
 20
15.590640182707363
 10
0.2990546317888599
 20
15.585260365810823
 10
0.29828390717140607
 20
15.579862456029087
 10
0.29403290803680804
 20
15.54757746251946
 10
0.29337976229183393
 20
15.542161022115586
 10
0.2928449664710789
 20
15.53673161888475
 10
0.29242877526083905
 20
15.531291838476552
 10
0.286491785307831
 20
15.44070899176745
 10
0.2765807952396986
 20
15.28949614325801
 10
0.2761793237156452
 20
15.281323397901168
 10
0.2756463238253913
 20
15.265038401254031
 10
0.2755125287531209
 20
15.256860404617083
  0
LWPOLYLINE
  5
43
330
17
100
AcDbEntity
  8
0
100
AcDbPolyline
 90
704
 70
0
 10
4.880563283836702
 20
8.684390007113377
 10
4.880563283753531
 20
6.853531076384801
 10
4.884977884100071
 20
6.789920789853172
 10
4.925976086987763
 20
6.615604377938554
 10
4.982051525849165
 20
6.488606141263785
 10
4.997127278912009
 20
6.454463105380663
 10
5.096678668024044
 20
6.3091363642072515
 10
5.221238351842695
 20
6.184576678291459
 10
5.36656473319917
 20
6.085025532065465
 10
5.462663541897013
 20
6.042593790496128
 10
5.527704574827962
 20
6.013875392069999
 10
5.702014992426821
 20
5.972877701351264
 10
5.765634388580535
 20
5.968461283996919
 10
5.870000396742401
 20
5.968461283753126
 10
5.87613571532301
 20
5.968385988124984
 10
5.8822673382023085
 20
5.968160146624668
 10
5.888391571905495
 20
5.967783895291185
 10
5.894504727408751
 20
5.967257460765158
 10
5.90060312236138
 20
5.9665811601523
 10
5.906683083303919
 20
5.965755400832407
 10
5.91274094788091
 20
5.964780680213961
 10
5.918773067046972
 20
5.963657585434515
 10
6.014061037883325
 20
5.944703591284377
 10
6.020063611928642
 20
5.943432836172191
 10
6.026033193116982
 20
5.94201515702637
 10
6.031966185781384
 20
5.940451407759761
 10
6.037859016293312
 20
5.93874253026785
 10
6.043708135215158
 20
5.936889553861426
 10
6.049510019438186
 20
5.9348935946466
 10
6.055261174304606
 20
5.9327558548525365
 10
6.060958135712519
 20
5.930477622107311
 10
6.066597472202456
 20
5.928060268662335
 10
6.072175787024251
 20
5.925505250565803
 10
6.077689720183014
 20
5.922814106785668
 10
6.08313595046296
 20
5.919988458282676
 10
6.088511197427883
 20
5.917030007034007
 10
6.093812223397066
 20
5.9139405350081224
 10
6.099035835395434
 20
5.910721903091428
 10
6.104178887076794
 20
5.9073760499674055
 10
6.18495986238518
 20
5.853401066578451
 10
6.190019639782031
 20
5.849929737224377
 10
6.194992698107328
 20
5.84633527402616
 10
6.19987604147285
 20
5.842619842373637
 10
6.204666728036791
 20
5.83878568053091
 10
6.209361871776003
 20
5.8348350982879635
 10
6.213958644224598
 20
5.830770475569188
 10
6.218454276177886
 20
5.826594260999663
 10
6.22284605936061
 20
5.822308970430041
 10
8.557439902375986
 20
3.48771413242077
 10
8.659213392910234
 20
3.409621638605928
 10
8.734293879562715
 20
3.3520108405137314
 10
8.914600527859415
 20
3.2479105455388964
 10
8.927338384721747
 20
3.240556287494534
 10
9.13328037567396
 20
3.1552517595569203
 10
9.165901566794732
 20
3.1465111649139934
 10
9.348600591017812
 20
3.097556753168514
 10
9.569606007461417
 20
3.0684612846905406
 10
13.792520304882673
 20
3.0684612837567515
 10
14.013526066168676
 20
3.0975576678061874
 10
14.22884439811597
 20
3.155251851887745
 10
14.434789040985576
 20
3.2405566046899645
 10
14.62783772765962
 20
3.3520136025704983
 10
14.804673127942653
 20
3.4877043170858855
 10
16.9623103643519
 20
5.645338597577281
 10
17.09801122143977
 20
5.8221871064129855
 10
17.209468202267914
 20
6.015235760269684
 10
17.294772956586225
 20
6.221180402511553
 10
17.352467142252802
 20
6.436498734034327
 10
17.381563527833606
 20
6.657504494380836
 10
17.381563528731583
 20
7.340418305018767
 10
17.35246714470008
 20
7.561424066168805
 10
17.294773114879607
 20
7.776741822403764
 10
17.280183967061024
 20
7.811962796517998
 10
17.20947007186027
 20
7.982682328102651
 10
17.09800984094527
 20
8.175737315263394
 10
16.96231472424696
 20
8.352579933747398
 10
16.79314097091953
 20
8.521754624005247
 10
16.793099626887926
 20
8.52179496851194
 10
15.783974804736763
 20
9.5309197904174
 10
15.779689580918056
 20
9.535311505384387
 10
15.775513429688779
 20
9.539807065909821
 10
15.771448866783162
 20
9.544403763845727
 10
15.767498340714083
 20
9.549098830118442
 10
15.763664231298058
 20
9.553889436396734
 10
15.759948848221637
 20
9.558772696795597
 10
15.75635442965003
 20
9.56374566961472
 10
15.75288314087883
 20
9.56880535911059
 10
15.698907151785399
 20
9.649587342701315
 10
15.695561299518427
 20
9.654730360445068
 10
15.692342667021475
 20
9.659953938122728
 10
15.689253192960102
 20
9.665254929438422
 10
15.6862947382044
 20
9.670630141468049
 10
15.683469084708145
 20
9.676076336582446
 10
15.680777934435485
 20
9.681590234397508
 10
15.6782229083358
 20
9.68716851375004
 10
15.675805545367355
 20
9.692807814698186
 10
15.658236407251895
 20
9.7352235756896
 10
15.614546757796253
 20
9.810895434511808
 10
15.53695253751883
 20
9.945292828182788
 10
15.389276554880837
 20
10.137751039021614
 10
15.217750561095901
 20
10.309277033979033
 10
15.025300898694583
 20
10.456948138400037
 10
14.815231260822861
 20
10.578232631045802
 10
14.591112254804063
 20
10.671066919954582
 10
14.491768020108745
 20
10.697685975986332
 10
14.356801340886499
 20
10.733850071865266
 10
14.116300590430239
 20
10.765512527868095
 10
13.873724020758598
 20
10.76551252869713
 10
13.633226980321085
 20
10.733850979808478
 10
13.39891419826886
 20
10.671067862348204
 10
13.240334308383078
 20
10.60538208817207
 10
13.17480134223887
 20
10.578236650571505
 10
12.964736851342074
 20
10.45695726829938
 10
12.774794185506044
 20
10.311211316702288
 10
12.772272450429174
 20
10.30927623188715
 10
12.674162020995535
 20
10.211165803643455
 10
12.669770306142064
 20
10.20688057998523
 10
12.665274745737277
 20
10.20270442891012
 10
12.660678047928911
 20
10.198639866152112
 10
12.655982981790375
 20
10.194689340223835
 10
12.651192375652643
 20
10.190855230941573
 10
12.646309115400452
 20
10.187139847991647
 10
12.641336142733842
 20
10.183545429539052
 10
12.636276453396047
 20
10.18007414087917
 10
12.555494478154483
 20
10.126098157364304
 10
12.550351424998697
 20
10.122752282673217
 10
12.545127810829737
 20
10.119533629503717
 10
12.539826782008433
 20
10.116444136560302
 10
12.534451531525104
 20
10.113485664749861
 10
12.529005297076303
 20
10.11065999606079
 10
12.523491359114647
 20
10.107968832489638
 10
12.517913038872882
 20
10.105413795015936
 10
12.512273696363398
 20
10.102996422625834
 10
12.506576728354377
 20
10.100718171385104
 10
12.500825566323803
 20
10.09858041356211
 10
12.495023674392563
 20
10.096584436801244
 10
12.489174547237896
 20
10.094731443347332
 10
12.483281707988425
 20
10.093022549321478
 10
12.477348706102058
 20
10.091458784048797
 10
12.471379115228023
 20
10.090041089438403
 10
12.465376531054348
 20
10.088770319416074
 10
12.370089560259801
 20
10.069816325129754
 10
12.364057381408184
 20
10.068693207480475
 10
12.357999456357238
 20
10.067718466987243
 10
12.351919434263545
 20
10.066892690811615
 10
12.345820977594444
 20
10.066216376382418
 10
12.339707759921847
 20
10.065689931096117
 10
12.333583463709354
 20
10.065313672071408
 10
12.327451778094032
 20
10.065087825958187
 10
12.321316396664148
 20
10.065012528801029
 10
11.955012835824942
 20
10.065012528772561
 10
12.355012348315313
 20
10.065012283753122
 10
12.36114765421973
 20
10.064936987411903
 10
12.367279264420596
 20
10.064711145820501
 10
12.373403485466
 20
10.06433489501742
 10
12.379516628354976
 20
10.063808461642024
 10
12.385615010759627
 20
10.063132162798025
 10
12.391694959243223
 20
10.06230640586247
 10
12.397752811472925
 20
10.061331688240355
 10
12.403784918425856
 20
10.060208597065
 10
12.409787646587128
 20
10.058937808844387
 10
12.415757380138531
 20
10.057520089053659
 10
12.421690523136574
 20
10.05595629167402
 10
12.427583501678537
 20
10.054247358678339
 10
12.433432766055265
 20
10.052394319463723
 10
12.439234792889378
 20
10.050398290231469
 10
12.444986087257615
 20
10.048260473314688
 10
12.450683184796048
 20
10.045982156454079
 10
12.456322653786891
 20
10.043564712022226
 10
12.46190109722563
 20
10.04100959619695
 10
12.467415154867252
 20
10.038318348084152
 10
12.472861505250334
 20
10.035492588790708
 10
12.478236867697763
 20
10.032534020447992
 10
12.483538004292901
 20
10.029444425186558
 10
12.488761721829972
 20
10.026225664062666
 10
12.493904873737534
 20
10.02287967593724
 10
12.498964361973867
 20
10.019408476307976
 10
12.503937138893097
 20
10.015814156095287
 10
12.508820209080998
 20
10.0120988803828
 10
12.513610631159315
 20
10.008264887113198
 10
12.518305519557533
 20
10.004314485740167
 10
12.522902046251046
 20
10.000250055837265
 10
12.527397442464645
 20
9.99607404566456
 10
12.531789000340328
 20
9.991788970693886
 10
12.536074074568415
 20
9.987397412093621
 10
12.540250083980974
 20
9.982902015173883
 10
12.544314513106627
 20
9.978305487793097
 10
12.54826491368578
 20
9.973610598726887
 10
12.552098906145348
 20
9.968820176000264
 10
12.555814181032137
 20
9.963937105184131
 10
12.559408500403958
 20
9.958964327657123
 10
12.562879699177689
 20
9.95390483883383
 10
12.566225686433437
 20
9.948761686360479
 10
12.569444446674028
 20
9.943537968279134
 10
12.572534041039068
 20
9.938236831161564
 10
12.575492608472842
 20
9.932861468213856
 10
12.578318366845338
 20
9.927415117352954
 10
12.58100961402574
 20
9.921901059256257
 10
12.583564728907733
 20
9.916322615385464
 10
12.585982172385982
 20
9.910683145985844
 10
12.588260488283245
 20
9.90498604806216
 10
12.590398304227513
 20
9.899234753332431
 10
12.592394332478678
 20
9.893432726160801
 10
12.594247370704215
 20
9.887583461470735
 10
12.59595630270343
 20
9.881690482639799
 10
12.597520099079805
 20
9.875757339377328
 10
12.598937817861085
 20
9.869787605586197
 10
12.600208605066669
 20
9.863784877210042
 10
12.601331695222031
 20
9.857752770067203
 10
12.602306411819798
 20
9.85169491767268
 10
12.603132167727267
 20
9.845614969049455
 10
12.603808465540064
 20
9.839516586530443
 10
12.604334897881762
 20
9.83340344355245
 10
12.604711147649272
 20
9.827279222443426
 10
12.604936988203852
 20
9.821147612204372
 10
12.605012283507625
 20
9.815012306287223
 10
12.605012283753132
 20
8.01501250653294
 10
12.604936988434819
 20
8.008877199955323
 10
12.604711147833292
 20
8.002745589056953
 10
12.604334897986485
 20
7.996621367290958
 10
12.603808465533236
 20
7.990508223659529
 10
12.60313216757677
 20
7.984409840491804
 10
12.60230641149369
 20
7.978329891225768
 10
12.601331694688579
 20
7.972272038195515
 10
12.600208604294396
 20
7.966239930425191
 10
12.598937816818797
 20
7.96023720143096
 10
12.597520097736643
 20
7.954267467032312
 10
12.595956301028894
 20
7.9483343231740236
 10
12.594247368668212
 20
7.9424413437601
 10
12.592394330051551
 20
7.936592078500986
 10
12.590398301380084
 20
7.9307900507753555
 10
12.588260484986845
 20
7.925038755507756
 10
12.58598216861249
 20
7.919341657063401
 10
12.583564724629614
 20
7.913702187161365
 10
12.581009609216077
 20
7.908123742807444
 10
12.578318361477857
 20
7.9026096842479205
 10
12.575492602521964
 20
7.897163332945489
 10
12.57253403447993
 20
7.89178796957852
 10
12.569444439482512
 20
7.8864868320649055
 10
12.566225678586209
 20
7.881263113611662
 10
12.562879690652231
 20
7.876119960791458
 10
12.55940849117859
 20
7.871060471647235
 10
12.555814171086054
 20
7.866087693826066
 10
12.552098895458645
 20
7.861204622743367
 10
12.548264902239477
 20
7.856414199778566
 10
12.544314500882704
 20
7.851719310503332
 10
12.540250070962385
 20
7.8471227829434085
 10
12.536074060739127
 20
7.842627385875123
 10
12.531788985685333
 20
7.838235827157575
 10
12.527397426969989
 20
7.833950752101523
 10
12.522902029903852
 20
7.829774741875951
 10
12.51830550234602
 20
7.8257103119532685
 10
12.513610613072817
 20
7.821759910594079
 10
12.50882019010999
 20
7.817925917372448
 10
12.503937119029201
 20
7.814210641742527
 10
12.498964341209883
 20
7.810616321647433
 10
12.493904852067445
 20
7.80714512217119
 10
12.488761699248961
 20
7.803799134234565
 10
12.483537980797374
 20
7.800580373335577
 10
12.47823684328535
 20
7.7974907783354315
 10
12.472861479919901
 20
7.794532210290631
 10
12.467415128618923
 20
7.791706451331936
 10
12.461901070060785
 20
7.789015203590881
 10
12.456322625708177
 20
7.786460088174473
 10
12.450683155807384
 20
7.784042644188695
 10
12.444986057364202
 20
7.781764327811411
 10
12.439234762097703
 20
7.779626511415213
 10
12.433432734373099
 20
7.777630482740761
 10
12.42758346911494
 20
7.775777444121092
 10
12.421690489701893
 20
7.7740685117573785
 10
12.41575734584441
 20
7.772504715046577
 10
12.409787611446491
 20
7.771086995961351
 10
12.403784882452914
 20
7.769816208482665
 10
12.397752774683168
 20
7.7686931180853795
 10
12.391694921653416
 20
7.767718401277152
 10
12.385614972387804
 20
7.766892645190944
 10
12.379516589220428
 20
7.766216347231341
 10
12.37340344558927
 20
7.765689914774947
 10
12.367279223823468
 20
7.76531366492499
 10
12.361147612925214
 20
7.765087824320309
 10
12.355012306347636
 20
7.765012528998841
 10
12.184462677938896
 20
7.76501252893437
 10
12.321316844046965
 20
7.765012283752727
 10
12.327452106596628
 20
7.764936978519432
 10
12.333583673276642
 20
7.764711130163267
 10
12.339707850713372
 20
7.764334874724889
 10
12.345820949984118
 20
7.76380843884326
 10
12.351919288839158
 20
7.7631321396191355
 10
12.357999193919769
 20
7.762306384424047
 10
12.364057002970883
 20
7.76133167065493
 10
12.370089067047061
 20
7.76020858543451
 10
12.465377037883073
 20
7.741254591284429
 10
12.471379655223911
 20
7.739983826449915
 10
12.477349279204507
 20
7.738566135462619
 10
12.483282314080123
 20
7.737002372254872
 10
12.489175186145106
 20
7.735293478744176
 10
12.495024345885488
 20
7.733440484265861
 10
12.500826270116987
 20
7.731444504953064
 10
12.50657746410717
 20
7.729306743064442
 10
12.512274463680473
 20
7.7270284862600045
 10
12.517913837304805
 20
7.724611106825501
 10
12.523492188158505
 20
7.722056060845839
 10
12.529006156176385
 20
7.719364887328027
 10
12.534452420073624
 20
7.716539207274166
 10
12.539827699346324
 20
7.713580722705058
 10
12.545128756247479
 20
7.710491215635007
 10
12.550352397737202
 20
7.707272546998442
 10
12.555495477406028
 20
7.703926655529001
 10
12.636277452714497
 20
7.649950672140134
 10
12.64133714224174
 20
7.646479383357797
 10
12.646310115091492
 20
7.642884964773645
 10
12.651193375520188
 20
7.639169581683302
 10
12.65598398182747
 20
7.635335472252012
 10
12.660679048128282
 20
7.6313849461663565
 10
12.665275746091346
 20
7.627320383242888
 10
12.669771306642957
 20
7.623144231994517
 10
12.674163021635092
 20
7.618859008155517
 10
12.772270507529342
 20
7.5207515223218735
 10
12.976103789353955
 20
7.364344567083587
 10
12.980925190170433
 20
7.360550073208114
 10
12.985652021877796
 20
7.356638404559774
 10
12.99028143747911
 20
7.352611917158274
 10
12.994810648651702
 20
7.348473036179289
 10
12.999236927426582
 20
7.3442242544937715
 10
13.003557607831512
 20
7.339868131166479
 10
13.007770087496738
 20
7.335407289914631
 10
13.011871829222414
 20
7.330844417527638
 10
13.075930809646067
 20
7.257800439922542
 10
13.079919563361303
 20
7.253138020489734
 10
13.08379269322166
 20
7.248379115547101
 10
13.08754786615795
 20
7.243526591730901
 10
13.091182820155058
 20
7.238583372070888
 10
13.094695365614522
 20
7.233552434229548
 10
13.09808338667349
 20
7.22843680870844
 10
13.10134484247926
 20
7.223239577022702
 10
13.104477768418628
 20
7.217963869844828
 10
13.107480277301322
 20
7.212612865118839
 10
13.110350560496801
 20
7.207189786145969
 10
13.113086889023714
 20
7.201697899643043
 10
13.115687614591398
 20
7.196140513774686
 10
13.118151170592766
 20
7.190520976160579
 10
13.120476073047982
 20
7.184842671858945
 10
13.12266092149838
 20
7.179109021327475
 10
13.12470439985005
 20
7.17332347836294
 10
13.155934387145113
 20
7.081324516082249
 10
13.157835261830083
 20
7.075490574166339
 10
13.159592390857798
 20
7.069611739211508
 10
13.161204715784068
 20
7.06369155245953
 10
13.162671265390545
 20
7.057733580061312
 10
13.163991156269754
 20
7.051741410928756
 10
13.16516359335724
 20
7.045718654572895
 10
13.16618787041049
 20
7.03966893892963
 10
13.167063370434343
 20
7.033595908174364
 10
13.16778956605267
 20
7.027503220526856
 10
13.168366019826031
 20
7.021394546047613
 10
13.168792384515184
 20
7.015273564427152
 10
13.169068403290257
 20
7.00914396276946
 10
13.169193909885445
 20
7.003009433370986
 10
13.16916882869917
 20
6.99687367149651
 10
13.168993174839622
 20
6.99074037315322
 10
13.168667054115653
 20
6.984613232864343
 10
13.162313056812517
 20
6.887666272574886
 10
13.161836662550414
 20
6.88154894658343
 10
13.161210283139091
 20
6.8754451545152335
 10
13.160434295895834
 20
6.869358573161386
 10
13.159509168258415
 20
6.863292868945617
 10
13.15843545750353
 20
6.8572516957157275
 10
13.157213810411092
 20
6.851238692542583
 10
13.155844962874642
 20
6.845257481528026
 10
13.154329739458055
 20
6.8393116656229935
 10
13.152669052898835
 20
6.833404826457185
 10
13.150863903558312
 20
6.82754052218156
 10
13.14891537881904
 20
6.82172228532499
 10
13.146824652429784
 20
6.815953620666339
 10
13.144592983798477
 20
6.810238003123261
 10
13.142221717233582
 20
6.804578875658985
 10
13.139712281134312
 20
6.798979647208351
 10
13.13706618713019
 20
6.793443690624341
 10
13.094095204817991
 20
6.706307726278593
 10
13.091314165896222
 20
6.700838603454421
 10
13.088399749405175
 20
6.695439375873832
 10
13.085353710778982
 20
6.690113295641802
 10
13.082177884731445
 20
6.684863570804625
 10
13.078874184150946
 20
6.679693363417615
 10
13.07544459894825
 20
6.674605787640516
 10
13.071891194857935
 20
6.6696039078617515
 10
13.06821611219414
 20
6.664690736852663
 10
13.064421564561393
 20
6.659869233952832
 10
13.060509837521293
 20
6.655142303287587
 10
13.056483287215862
 20
6.65051279201877
 10
13.052344338948364
 20
6.645983488629808
 10
13.048095485722486
 20
6.641557121246136
 10
13.043739286740728
 20
6.637236355991972
 10
13.039278365862922
 20
6.633023795384426
 10
13.034715410025816
 20
6.628921976765947
 10
12.961671440011335
 20
6.564863002938078
 10
12.957009020574736
 20
6.560874249215899
 10
12.952250115628026
 20
6.557001119348834
 10
12.947397591807476
 20
6.553245946406081
 10
12.94245437214285
 20
6.549610992402767
 10
12.93742343429664
 20
6.546098446937359
 10
12.932307808770418
 20
6.542710425872719
 10
12.92711057707933
 20
6.53944897006156
 10
12.921834869895886
 20
6.536316044117092
 10
12.916483865164112
 20
6.533313535229593
 10
12.911060786185258
 20
6.530443252029613
 10
12.905568899676156
 20
6.527706923498511
 10
12.900011513801447
 20
6.525106197926954
 10
12.894391976180822
 20
6.522642641922037
 10
12.888713671872516
 20
6.5203177394636
 10
12.882980021334232
 20
6.518132891010318
 10
12.877194478362753
 20
6.5160894126561
 10
12.785195509687696
 20
6.484859423190436
 10
12.779538761650313
 20
6.483013959939347
 10
12.773839695629263
 20
6.481303644337684
 10
12.768101539989464
 20
6.479729445232423
 10
12.762327545239028
 20
6.47829225436427
 10
12.756520982187945
 20
6.476992885862516
 10
12.750685140095253
 20
6.475832075783851
 10
12.744823324805768
 20
6.474810481695414
 10
12.738938856877413
 20
6.473928682302295
 10
12.733035069700204
 20
6.473187177119713
 10
12.72711530760799
 20
6.47258638619006
 10
12.721182923983969
 20
6.472126649844954
 10
12.688680940344677
 20
6.469996650860567
 10
12.683235751464723
 20
6.469699407967514
 10
12.677785374607543
 20
6.4695210056397645
 10
12.672332403144473
 20
6.469461528763833
 10
10.59212741634905
 20
6.469461528753132
 10
10.585992097695128
 20
6.469536824368706
 10
10.579860474742295
 20
6.469762665860052
 10
10.573736240965486
 20
6.470138917188164
 10
10.567623085388652
 20
6.470665351712418
 10
10.561524690362623
 20
6.471341652327093
 10
10.55544472934699
 20
6.472167411652383
 10
10.549386864697345
 20
6.473142132279791
 10
10.543354745459201
 20
6.474265227071745
 10
10.44806677462319
 20
6.493219221221819
 10
10.44206415728235
 20
6.494489986056333
 10
10.43609453330175
 20
6.495907677043629
 10
10.430161498426134
 20
6.497471440251378
 10
10.424268626361147
 20
6.499180333762073
 10
10.418419466620763
 20
6.501033328240388
 10
10.412617542389263
 20
6.503029307553186
 10
10.406866348399076
 20
6.505167069441809
 10
10.401169348825773
 20
6.5074453262462475
 10
10.39552997520144
 20
6.509862705680752
 10
10.389951624347736
 20
6.512417751660415
 10
10.384437656329855
 20
6.515108925178228
 10
10.378991392432614
 20
6.51793460523209
 10
10.373616113159912
 20
6.5208930898011985
 10
10.368315056258755
 20
6.523982596871251
 10
10.36309141476903
 20
6.527201265507817
 10
10.357948335100202
 20
6.530547156977259
 10
10.277166359791734
 20
6.584523140366133
 10
10.272106670257138
 20
6.58799442915365
 10
10.267133697400292
 20
6.591588847743338
 10
10.262250436964774
 20
6.595304230839566
 10
10.257459830650953
 20
6.5991383402770785
 10
10.2527647643439
 20
6.603088866369285
 10
10.248168066374904
 20
6.60715342929962
 10
10.24367250581768
 20
6.6113295805551635
 10
10.239280790820265
 20
6.61561480440163
 10
8.627716804718949
 20
8.227178790435204
 10
8.623431580902855
 20
8.231570505400342
 10
8.619255429676087
 20
8.236066065923813
 10
8.615190866772874
 20
8.24066276385764
 10
8.611240340706088
 20
8.245357830128171
 10
8.607406231292241
 20
8.250148436404174
 10
8.60369084821788
 20
8.255031696800648
 10
8.60009642964821
 20
8.26000466961729
 10
8.596625140878823
 20
8.265064359110584
 10
8.542649157364233
 20
8.345846334351856
 10
8.539303265887272
 20
8.350989414015812
 10
8.536084597243072
 20
8.356213055500852
 10
8.53299509016527
 20
8.361514112397511
 10
8.530036605588306
 20
8.366889391665907
 10
8.527210925526486
 20
8.37233565555904
 10
8.524519752000616
 20
8.377849623573006
 10
8.521964706012804
 20
8.383427974422993
 10
8.519547326570063
 20
8.389067348043813
 10
8.517269069757303
 20
8.394764347613807
 10
8.51513130786028
 20
8.400515541600887
 10
8.51313532853901
 20
8.406317465829492
 10
8.511282334052153
 20
8.412166625567187
 10
8.509573440532852
 20
8.418059497629693
 10
8.508009677316442
 20
8.423992532503044
 10
8.506591986320432
 20
8.42996215648159
 10
8.505321221477155
 20
8.435964773820592
 10
8.486367227190792
 20
8.531252744615136
 10
8.485244132384532
 20
8.537284863883364
 10
8.484269411744341
 20
8.54334272856356
 10
8.483443652407804
 20
8.549422689610156
 10
8.482767351783432
 20
8.5555210846675
 10
8.482240917251039
 20
8.561634240275946
 10
8.481864665916355
 20
8.567758474084606
 10
8.48163882442001
 20
8.57389009706947
 10
8.481563528801013
 20
8.580025415755548
 10
8.481563528756794
 20
8.684391389035987
 10
8.477148249155434
 20
8.748001550241437
 10
8.436150554906563
 20
8.922317004137916
 10
8.364999191445389
 20
9.083460206599941
 10
8.26544814448216
 20
9.228786448299031
 10
8.185648270648215
 20
9.308586323476524
 10
7.136320922309907
 20
9.308586340261336
 10
7.113233020186731
 20
9.297666579460918
 10
7.107654582906544
 20
9.29511146804932
 10
7.102015120252635
 20
9.2926940277109
 10
7.096318029217466
 20
9.29041571461748
 10
7.090566741506589
 20
9.28827790113605
 10
7.012027808922821
 20
9.26017622168611
 10
7.006225781197261
 20
9.258180193011581
 10
7.000376515938138
 20
9.256327154391881
 10
6.994483536524122
 20
9.254618222028181
 10
6.988550392665663
 20
9.25305442531744
 10
6.9076352002511685
 20
9.232786224711436
 10
6.901665465852263
 20
9.231368505626314
 10
6.895662736857697
 20
9.23009771814778
 10
6.8896306290869616
 20
9.228974627750691
 10
6.883572776056223
 20
9.227999910942708
 10
6.8010605813462455
 20
9.215760383032114
 10
6.794980632079633
 20
9.214934626946196
 10
6.788882248911259
 20
9.21425832898693
 10
6.78276910527911
 20
9.213731896530922
 10
6.7766448835123265
 20
9.213355646681396
 10
6.693330324048142
 20
9.209262664810904
 10
6.687198713148927
 20
9.209036824206702
 10
6.6810634065703995
 20
9.20896152888576
 10
6.6749280999918295
 20
9.209036824203164
 10
6.668796489092484
 20
9.209262664803827
 10
6.585481929625855
 20
9.213355646626265
 10
6.579357707858854
 20
9.21373189647226
 10
6.573244564226402
 20
9.21425832892474
 10
6.5671461810576375
 20
9.214934626880488
 10
6.561066231790549
 20
9.215760382962902
 10
6.478554037073779
 20
9.227999910825861
 10
6.472496184042492
 20
9.228974627630347
 10
6.466464076271123
 20
9.230097718023952
 10
6.460461347275839
 20
9.23136850549902
 10
6.454491612876129
 20
9.232786224580693
 10
6.373576420449584
 20
9.253054425140093
 10
6.3676432765901865
 20
9.254618221847421
 10
6.361750297175149
 20
9.256327154207732
 10
6.35590103191492
 20
9.25818019282407
 10
6.3500990041881735
 20
9.260176221495266
 10
6.271560071588091
 20
9.288277900899972
 10
6.2658087763194
 20
9.290415717292982
 10
6.260111677873957
 20
9.292694033667154
 10
6.254472207970838
 20
9.295111477649897
 10
6.248893763615839
 20
9.297666593063349
 10
6.173487463696929
 20
9.33333111677869
 10
6.167973405136351
 20
9.336022364516863
 10
6.162527053832875
 20
9.338848123472756
 10
6.157151690464871
 20
9.341806691514838
 10
6.151850552950236
 20
9.344896286512347
 10
6.080303089602069
 20
9.387780185678631
 10
6.0750793711478055
 20
9.390998946575078
 10
6.069936218326597
 20
9.394344934509245
 10
6.064876729181388
 20
9.397816133983119
 10
6.059903951359254
 20
9.40141045407593
 10
5.992904365765136
 20
9.451100733301843
 10
5.988021294681485
 20
9.454816008929575
 10
5.983230871715756
 20
9.458650002149104
 10
5.978535982439618
 20
9.462600403506283
 10
5.973939454878816
 20
9.466664833427046
 10
5.912132989674148
 20
9.522682948159911
 10
5.907637592605016
 20
9.526858958383647
 10
5.903246033886649
 20
9.531144033437956
 10
5.898960958829808
 20
9.53553559215385
 10
5.894784948603479
 20
9.540030989220574
 10
5.83876683383503
 20
9.601837454392863
 10
5.834702403911629
 20
9.606433981951307
 10
5.830752002551753
 20
9.611128871225151
 10
5.82691800932947
 20
9.615919294188656
 10
5.823202733698932
 20
9.620802365270148
 10
5.7735124544344645
 20
9.687801950835446
 10
5.769918134338786
 20
9.692774728655502
 10
5.766446934861996
 20
9.697834217798704
 10
5.7631009469248635
 20
9.702977370617978
 10
5.759882186025405
 20
9.708201089070378
 10
5.716998286817568
 20
9.779748552394231
 10
5.713908691816983
 20
9.785049689907112
 10
5.710950123771784
 20
9.790425053273438
 10
5.708124364812734
 20
9.795871404575314
 10
5.705433117071367
 20
9.80138546313437
 10
5.669768593312584
 20
9.876791763032639
 10
5.667213477895922
 20
9.882370207386147
 10
5.6647960339099335
 20
9.888009677287856
 10
5.662517717532483
 20
9.893706775731967
 10
5.660379901136163
 20
9.899458070999408
 10
5.6322782216861595
 20
9.977997003583248
 10
5.630282193011615
 20
9.983799031308845
 10
5.628429154391901
 20
9.989648296568008
 10
5.62672022202819
 20
9.995541275982063
 10
5.6251564253174395
 20
10.001474419840562
 10
5.604888224711442
 20
10.082389612255106
 10
5.603470505626326
 20
10.088359346653991
 10
5.602199718147797
 20
10.094362075648537
 10
5.601076627750712
 20
10.100394183419253
 10
5.600101910942733
 20
10.106452036449971
 10
5.587862383032139
 20
10.188964231159884
 10
5.587036626946216
 20
10.195044180426509
 10
5.58636032898695
 20
10.201142563594892
 10
5.58583389653094
 20
10.207255707227052
 10
5.585457646681415
 20
10.213379928993847
 10
5.581364664810915
 20
10.296694488458288
 10
5.581138824206715
 20
10.3028260993575
 10
5.581063528885774
 20
10.308961405936024
 10
5.581138824203176
 20
10.31509671251459
 10
5.58136466480384
 20
10.321228323413932
 10
5.585457646626264
 20
10.404542882880255
 10
5.585833896472256
 20
10.410667104647246
 10
5.586360328924737
 20
10.416780248279688
 10
5.587036626880483
 20
10.422878631448441
 10
5.587862382962894
 20
10.42895858071552
 10
5.600101910825868
 20
10.511470775432475
 10
5.601076627630353
 20
10.517528628463765
 10
5.602199718023958
 20
10.523560736235137
 10
5.603470505499026
 20
10.529563465230424
 10
5.6048882245807
 20
10.535533199630137
 10
5.625156425140085
 20
10.616448392056661
 10
5.626720221847415
 20
10.622381535916066
 10
5.628429154207726
 20
10.62827451533111
 10
5.630282192824067
 20
10.634123780591345
 10
5.632278221495265
 20
10.639925808318099
 10
5.635101577238772
 20
10.647816559018509
 10
5.634689549225566
 20
10.648228587800054
 10
5.608148211605698
 20
10.566542850613907
 10
5.581063284982109
 20
10.395542217020779
 10
5.581063283878529
 20
10.222381702108924
 10
5.6081483235268195
 20
10.051381155635626
 10
5.608627953377115
 20
10.049904971782965
 10
5.610452271040634
 20
10.044046485216539
 10
5.612132260287674
 20
10.038144990836617
 10
5.613666909092537
 20
10.032204043704033
 10
5.6150552929826185
 20
10.026227222645963
 10
5.616296575595321
 20
10.02021812810004
 10
5.617390009181865
 20
10.014180379945453
 10
5.618334935057747
 20
10.00811761532232
 10
5.619130783999517
 20
10.002033486440688
 10
5.630548780551372
 20
9.905552515984873
 10
5.631195040638333
 20
9.899451035441416
 10
5.631691372121574
 20
9.893335532847113
 10
5.63203747604497
 20
9.887209691762298
 10
5.6322331439391995
 20
9.881077201974508
 10
5.63227825794731
 20
9.874941757275998
 10
5.6321727908957095
 20
9.868807053238866
 10
5.631916806310533
 20
9.862676784989079
 10
5.631510458379382
 20
9.856554644980795
 10
5.630953991858447
 20
9.850444320772272
 10
5.630247741925085
 20
9.844349492804739
 10
5.629392133975934
 20
9.838273832185553
 10
5.628387683370682
 20
9.832220998476966
 10
5.627234995121647
 20
9.826194637491867
 10
5.625934763529364
 20
9.820198379097784
 10
5.624487771764381
 20
9.814235835030503
 10
5.622894891395531
 20
9.808310596718611
 10
5.5965229022896485
 20
9.714803634999823
 10
5.594785011522968
 20
9.70891900826154
 10
5.592903225465552
 20
9.703078804720572
 10
5.590878677678311
 20
9.697286542431709
 10
5.5887125877197725
 20
9.691545710570615
 10
5.58640626041144
 20
9.685859767332008
 10
5.583961085051781
 20
9.680232137846485
 10
5.581378534579336
 20
9.674666212117275
 10
5.578660164685442
 20
9.669165342978149
 10
5.575807612877109
 20
9.66373284407372
 10
5.572822597490601
 20
9.658371987863363
 10
5.5697069166563455
 20
9.65308600364991
 10
5.566462447215757
 20
9.647878075634384
 10
5.5630911435906585
 20
9.642751340997872
 10
5.559595036605966
 20
9.637708888011735
 10
5.555976232266348
 20
9.632753754177278
 10
5.552236910487598
 20
9.627888924396002
 10
5.492087933595518
 20
9.551591953555869
 10
5.4882515944891335
 20
9.546845993889985
 10
5.484300556349273
 20
9.542195087687238
 10
5.480237173466023
 20
9.537642006265445
 10
5.476063867071908
 20
9.533189462651933
 10
5.471783123899159
 20
9.528840109966955
 10
5.467397494697946
 20
9.524596539842774
 10
5.4629095927164855
 20
9.520461280879399
 10
5.458322092143882
 20
9.516436797137882
 10
5.453637726516676
 20
9.512525486672061
 10
5.448859287090021
 20
9.50872968009965
 10
5.443989621174467
 20
9.50505163921349
 10
5.439031630439345
 20
9.501493555633832
 10
5.433988269183762
 20
9.498057549502427
 10
5.428862542576232
 20
9.494745668219194
 10
5.413997415393053
 20
9.485396059329789
 10
5.4116423592064535
 20
9.483443350799423
 10
5.406823603978895
 20
9.479643519647073
 10
5.401913033794524
 20
9.475963109453378
 10
5.396913607497804
 20
9.472404337834806
 10
5.391828337473092
 20
9.468969349114992
 10
5.386660287829542
 20
9.465660213032676
 10
5.3814125725548365
 20
9.462478923494594
 10
5.376144531045726
 20
9.45945959492775
 10
5.221237468891202
 20
9.353345249166198
 10
5.096679574169659
 20
9.22878735654176
 10
4.997127185682894
 20
9.083459525775618
 10
4.925975961747681
 20
8.922319024984006
 10
4.884980245999939
 20
8.748014201157543
 10
4.880563283836702
 20
8.684390007113377
  0
LWPOLYLINE
  5
44
330
17
100
AcDbEntity
  8
0
100
AcDbPolyline
 90
17
 70
0
 10
10.305012528753105
 20
8.12202336476016
 10
10.305012304955312
 20
7.980580268386416
 10
10.306624520310438
 20
7.965584220966609
 10
10.310149751590545
 20
7.956132290269834
 10
10.312680136727566
 20
7.953601904997498
 10
10.312504713173933
 20
7.954267473156833
 10
10.311086994393225
 20
7.960237206948648
 10
10.30981620718824
 20
7.966239935325474
 10
10.308693117033508
 20
7.9722720424689735
 10
10.307718400436398
 20
7.978329894864141
 10
10.306892644529615
 20
7.984409843487996
 10
10.306216346717532
 20
7.990508226007623
 10
10.305689914376577
 20
7.996621368986214
 10
10.305313664609837
 20
8.00274559009582
 10
10.305087824056054
 20
8.008877200335437
 10
10.305012528753105
 20
8.015012506253129
 10
10.305012528753105
 20
8.12202336476016
  0
LWPOLYLINE
  5
45
330
17
100
AcDbEntity
  8
0
100
AcDbPolyline
 90
16
 70
0
 10
10.493601892425323
 20
7.772680139624773
 10
10.496131957444572
 20
7.770150074470227
 10
10.505580222222752
 20
7.766626012804054
 10
10.520580379242405
 20
7.765013265206559
 10
10.554956472756746
 20
7.765013215912291
 10
10.548877158040465
 20
7.765087825094363
 10
10.542745547839068
 20
7.7653136666858025
 10
10.536621326793135
 20
7.765689917488949
 10
10.530508183903631
 20
7.766216350864437
 10
10.524409801498456
 20
7.766892649708553
 10
10.518329853014343
 20
7.76771840664425
 10
10.51227200078413
 20
7.768693124266536
 10
10.506239893830692
 20
7.769816215442085
 10
10.50023716566892
 20
7.771087003662917
 10
10.494267432117029
 20
7.772504723453888
 10
10.493601892425323
 20
7.772680139624773
  0
LWPOLYLINE
  5
46
330
17
100
AcDbEntity
  8
0
100
AcDbPolyline
 90
44
 70
0
 10
6.341795641614989
 20
11.355335446777243
 10
6.342207958462418
 20
11.354923129726123
 10
6.35009900358344
 20
11.35774659082014
 10
6.355901031309
 20
11.35974261949467
 10
6.3617502965681245
 20
11.36159565811437
 10
6.3676432759821395
 20
11.36330459047807
 10
6.373576419840599
 20
11.36486838718881
 10
6.454491612255093
 20
11.385136587794815
 10
6.460461346653998
 20
11.386554306879937
 10
6.466464075648564
 20
11.38782509435847
 10
6.4724961834193
 20
11.38894818475556
 10
6.4785540364500385
 20
11.389922901563542
 10
6.561066231160016
 20
11.402162429474137
 10
6.5671461804266285
 20
11.402988185560055
 10
6.5732445635950025
 20
11.403664483519321
 10
6.579357707227151
 20
11.40419091597533
 10
6.585481928993935
 20
11.404567165824854
 10
6.66879648845812
 20
11.408660147695347
 10
6.674928099357334
 20
11.408885988299549
 10
6.681063405935862
 20
11.40896128362049
 10
6.687198712514432
 20
11.408885988303087
 10
6.693330323413777
 20
11.408660147702424
 10
6.776644882880406
 20
11.404567165879985
 10
6.782769104647407
 20
11.404190916033992
 10
6.788882248279859
 20
11.40366448358151
 10
6.794980631448624
 20
11.402988185625762
 10
6.8010605807157125
 20
11.402162429543349
 10
6.883572775432483
 20
11.38992290168039
 10
6.889630628463769
 20
11.388948184875904
 10
6.895662736235138
 20
11.387825094482299
 10
6.901665465230423
 20
11.38655430700723
 10
6.907635199630132
 20
11.385136587925558
 10
6.988550392056677
 20
11.364868387366158
 10
6.994483535916075
 20
11.36330459065883
 10
7.000376515331112
 20
11.36159565829852
 10
7.0062257805913415
 20
11.35974261968218
 10
7.012027808318088
 20
11.357746591010985
 10
7.01991724927839
 20
11.354923703899981
 10
7.020329001296226
 20
11.355335453847617
 10
6.93864385061397
 20
11.381876600900556
 10
6.7676432170208365
 20
11.408961527524133
 10
6.594482609507218
 20
11.408961528627726
 10
6.4234815581534415
 20
11.381876538069125
 10
6.341795641614989
 20
11.355335446777243
  0
LWPOLYLINE
  5
47
330
17
100
AcDbEntity
  8
0
100
AcDbPolyline
 90
582
 70
0
 10
5.831063491122671
 20
6.618961533753125
 10
6.345608649141336
 20
6.618961507802106
 10
8.938336076826847
 20
4.0262340801248016
 10
8.943605947313982
 20
4.021091990033032
 10
8.949000423823495
 20
4.016080777739449
 10
9.003562822440049
 20
3.966628302250942
 10
9.009078655503972
 20
3.9617509863543985
 10
9.014712522626095
 20
3.9570105047339315
 10
9.020461030175529
 20
3.9524097128784104
 10
9.026320715466277
 20
3.9479513821328145
 10
9.085467569376924
 20
3.904085085649648
 10
9.09143490275372
 20
3.899771901545678
 10
9.097506289718028
 20
3.8956064621841926
 10
9.103678073093363
 20
3.8915912766701073
 10
9.109946535228197
 20
3.8877287636010385
 10
9.173108229808513
 20
3.8498711008053936
 10
9.179469594815622
 20
3.8461635868148023
 10
9.185920030846617
 20
3.842613305170465
 10
9.192455652400033
 20
3.839222394429291
 10
9.19907252266183
 20
3.8359928971491164
 10
9.26564077626589
 20
3.804508458028406
 10
9.272334909480834
 20
3.801442319537637
 10
9.279102273353393
 20
3.7985413867634463
 10
9.285938791476617
 20
3.7958074071192645
 10
9.292840345787626
 20
3.793242027452199
 10
9.36217406974322
 20
3.7684340243663756
 10
9.36913650300382
 20
3.7660387899651933
 10
9.376155621304498
 20
3.7638151436295555
 10
9.383227196590852
 20
3.7617644248008673
 10
9.390346969210352
 20
3.75988786875547
 10
9.461778441854161
 20
3.7419952163357593
 10
9.468942123121929
 20
3.7402939534408635
 10
9.476145397904315
 20
3.7387690084736014
 10
9.483383927217936
 20
3.7374213000038
 10
9.4906533508434
 20
3.7362516398406465
 10
9.563494648044992
 20
3.725446654110983
 10
9.570790587135145
 20
3.7244557468162673
 10
9.578108646907163
 20
3.7236441892723553
 10
9.585444419235506
 20
3.723012470331163
 10
9.592793485325243
 20
3.722560970516557
 10
9.666343107906185
 20
3.7189477092634493
 10
9.673701040961047
 20
3.718676700541879
 10
9.681063408831005
 20
3.7185863461593294
 10
13.681063403921268
 20
3.7185863461653477
 10
13.688425771852012
 20
3.718676700549412
 10
13.695783704967551
 20
3.7189477092754792
 10
13.769333327791271
 20
3.7225609705706226
 10
13.776682393899153
 20
3.7230124703895813
 10
13.784018166245486
 20
3.72364418933602
 10
13.791336226035313
 20
3.7244557468860666
 10
13.798632165143056
 20
3.7254466541877993
 10
13.871473462337855
 20
3.7362516399650976
 10
13.878742885962575
 20
3.737421300133004
 10
13.885981415275335
 20
3.73876900860754
 10
13.893184690056744
 20
3.7402939535795143
 10
13.900348371323421
 20
3.7419952164790975
 10
13.97177984395518
 20
3.759887868945413
 10
13.978899616573402
 20
3.76176442499545
 10
13.985971191858367
 20
3.763815143828744
 10
13.992990310157543
 20
3.7660387901689516
 10
13.999952743416529
 20
3.7684340245746646
 10
14.06928646735581
 20
3.793242027705721
 10
14.07618802166517
 20
3.795807407377303
 10
14.083024539786635
 20
3.798541387025961
 10
14.089791903657325
 20
3.8014423198045835
 10
14.096486036870292
 20
3.804508458299738
 10
14.163054290453974
 20
3.835992897464033
 10
14.16967116071366
 20
3.8392223947485307
 10
14.176206782264861
 20
3.8426133054939746
 10
14.182657218293537
 20
3.8461635871425264
 10
14.189018583298223
 20
3.8498711011372744
 10
14.252180277854125
 20
3.8877287639743794
 10
14.258448739986454
 20
3.8915912770475556
 10
14.264620523359183
 20
3.8956064625656857
 10
14.270691910320787
 20
3.8997719019311514
 10
14.276659243694782
 20
3.904085086039035
 10
14.335806097576581
 20
3.947951382560734
 10
14.341665782849937
 20
3.9524097132988616
 10
14.347414290382448
 20
3.9570105051461373
 10
14.353048157488146
 20
3.9617509867576017
 10
14.358563990536169
 20
3.9666283026444042
 10
14.413126388951042
 20
4.016080777990746
 10
14.418520865414502
 20
4.021091990244637
 10
14.423790735857612
 20
4.026234080294528
 10
16.42379073238209
 20
6.026234076827541
 10
16.42893282247376
 20
6.031503947314579
 10
16.43394403476725
 20
6.036898423823989
 10
16.483396510255403
 20
6.0914608224401094
 10
16.488273826152
 20
6.096976655504092
 10
16.49301430777252
 20
6.102610522626277
 10
16.49761509962809
 20
6.108359030175776
 10
16.50207343037373
 20
6.114218715466591
 10
16.54593972685679
 20
6.173365569377181
 10
16.55025291096073
 20
6.179332902753942
 10
16.554418350322187
 20
6.185404289718212
 10
16.558433535836244
 20
6.1915760730935085
 10
16.562296048905285
 20
6.197844535228303
 10
16.600153711700745
 20
6.261006229808321
 10
16.603861225691332
 20
6.267367594815423
 10
16.60741150733567
 20
6.273818030846414
 10
16.61080241807684
 20
6.280353652399825
 10
16.61403191535701
 20
6.286970522661615
 10
16.645516354478055
 20
6.353538776266379
 10
16.648582492968863
 20
6.360232909481412
 10
16.65148342574309
 20
6.367000273354062
 10
16.654217405387303
 20
6.37383679147738
 10
16.656782785054393
 20
6.380738345788484
 10
16.681590788140173
 20
6.450072069744242
 10
16.683986022541305
 20
6.4570345030047065
 10
16.686209668876895
 20
6.464053621305248
 10
16.68826038770554
 20
6.471125196591463
 10
16.690136943750904
 20
6.478244969210823
 10
16.70802959617041
 20
6.549676441853616
 10
16.70973085906532
 20
6.556840123121441
 10
16.7112558040326
 20
6.564043397903885
 10
16.71260351250241
 20
6.571281927217565
 10
16.713773172665576
 20
6.578551350843088
 10
16.724578158395268
 20
6.65139264804495
 10
16.72556906568998
 20
6.658688587135098
 10
16.72638062323389
 20
6.666006646907112
 10
16.727012342175083
 20
6.673342419235451
 10
16.72746384198969
 20
6.680691485325184
 10
16.73107710324281
 20
6.754241107906566
 10
16.731348111964422
 20
6.761599040963152
 10
16.731438466346926
 20
6.7689614088348335
 10
16.7314384663409
 20
7.2289614039249415
 10
16.731348111956795
 20
7.23632377185399
 10
16.731077103230767
 20
7.243681704967836
 10
16.72746384193561
 20
7.317231327791406
 10
16.72701234211665
 20
7.324580393899227
 10
16.72638062317022
 20
7.331916166245501
 10
16.72556906562018
 20
7.339234226035268
 10
16.724578158318458
 20
7.346530165142952
 10
16.713773172541245
 20
7.419371462337431
 10
16.712603512373327
 20
7.4266408859622315
 10
16.71125580389878
 20
7.4338794152750705
 10
16.709730858926786
 20
7.4410826900565565
 10
16.70802959602718
 20
7.44824637132331
 10
16.69013694356064
 20
7.519677843955807
 10
16.688260387510606
 20
7.526797616574004
 10
16.686209668677318
 20
7.53386919185894
 10
16.683986022337116
 20
7.540888310158089
 10
16.68159078793141
 20
7.547850743417048
 10
16.65678278480038
 20
7.617184467356208
 10
16.654217405128787
 20
7.6240860216655975
 10
16.651483425480116
 20
7.630922539787093
 10
16.648582492701475
 20
7.637689903657812
 10
16.645516354206304
 20
7.6443840368708065
 10
16.61403191504206
 20
7.7109522904542755
 10
16.610802417757576
 20
7.7175691607139205
 10
16.60741150701215
 20
7.724104782265082
 10
16.603861225363616
 20
7.730555218293719
 10
16.60015371136889
 20
7.736916583298367
 10
16.56229604853185
 20
7.800078277854155
 10
16.558433535458676
 20
7.806346739986481
 10
16.554418349940544
 20
7.812518523359207
 10
16.550252910575082
 20
7.818589910320807
 10
16.5459397264672
 20
7.824557243694801
 10
16.502073429945458
 20
7.883704097576657
 10
16.49761509920732
 20
7.889563782850026
 10
16.49301430736003
 20
7.8953122903825514
 10
16.488273825748557
 20
7.900946157488264
 10
16.48339650986174
 20
7.9064619905362985
 10
16.433944034515072
 20
7.961024388951506
 10
16.42893282311885
 20
7.966418864514126
 10
16.42379073397032
 20
7.971688734099037
 10
15.147585821322066
 20
9.247893667906245
 10
15.147267961781512
 20
9.249162634322401
 10
15.145391405732033
 20
9.256282406939734
 10
15.14334068689934
 20
9.26335398222383
 10
15.14111704055978
 20
9.270373100522159
 10
15.138721806154757
 20
9.277335533780322
 10
15.108967086543794
 20
9.360494404119477
 10
15.10640170687258
 20
9.36739595842899
 10
15.103667727224286
 20
9.374232476550619
 10
15.100766794446022
 20
9.38099984042148
 10
15.097700655951222
 20
9.387693973634626
 10
15.059938218784218
 20
9.467535938755987
 10
15.05670872150009
 20
9.47415280901582
 10
15.053317810755013
 20
9.480688430567177
 10
15.049767529106823
 20
9.48713886659602
 10
15.046060015112436
 20
9.49350023160088
 10
15.00065353330246
 20
9.569256369734209
 10
14.996791020229626
 20
9.575524831866742
 10
14.992775834711834
 20
9.581696615239686
 10
14.9886103953467
 20
9.58776800220151
 10
14.984297211239143
 20
9.593735335575737
 10
14.931683974027598
 20
9.66467607369831
 10
14.927225643278499
 20
9.670535758986373
 10
14.922624851419544
 20
9.67628426653304
 10
14.91788436979571
 20
9.681918133652312
 10
14.913007053895871
 20
9.6874339667133
 10
14.85369375551885
 20
9.752876106736501
 10
14.848682543255677
 20
9.758270583207679
 10
14.843540453196104
 20
9.763540453658072
 10
14.838270582742911
 20
9.768682543714775
 10
14.832876106269003
 20
9.77369375597501
 10
14.767433966213082
 20
9.833007054316766
 10
14.76191813314941
 20
9.837884370213624
 10
14.756284266027526
 20
9.842624851834412
 10
14.750535758478325
 20
9.84722564369026
 10
14.744676073187803
 20
9.851683974436186
 10
14.673735335036438
 20
9.904297211609142
 10
14.667768001659882
 20
9.908610395713431
 10
14.661696614695806
 20
9.912775835075243
 10
14.655524831320696
 20
9.916791020589658
 10
14.649256369186078
 20
9.920653533659063
 10
14.573500231028222
 20
9.966060015427644
 10
14.567138866021319
 20
9.969767529418577
 10
14.56068842999052
 20
9.973317811063264
 10
14.554152808437292
 20
9.97670872180479
 10
14.547535938175677
 20
9.979938219085323
 10
14.467693973033725
 20
10.017700656208806
 10
14.460999839818939
 20
10.020766794699943
 10
14.45423247594653
 20
10.023667727474505
 10
14.447395957823444
 20
10.026401707119062
 10
14.440494403512565
 20
10.028967086786505
 10
14.357335533156975
 20
10.058721806352256
 10
14.35037309989651
 20
10.061117040753816
 10
14.343353981595957
 20
10.063340687089834
 10
14.336282406309717
 20
10.065391405918906
 10
14.329162633690322
 20
10.067267961964687
 10
14.243487723501834
 20
10.088728409757634
 10
14.236324042234163
 20
10.090429672652919
 10
14.229120767451866
 20
10.091954617620571
 10
14.221882238138322
 20
10.093302326090765
 10
14.214612814512927
 20
10.094471986254312
 10
14.127246960711838
 20
10.107431486430727
 10
14.119951021603496
 20
10.10842239372809
 10
14.112632961813176
 20
10.109233951273753
 10
14.105297189466459
 20
10.109865670215797
 10
14.097948123358302
 20
10.110317170030354
 10
14.009732706875193
 20
10.114650915519176
 10
14.002374773808258
 20
10.114921924239638
 10
13.995012405926257
 20
10.115012278620489
 10
13.987650038044304
 20
10.114921924235627
 10
13.980292104977517
 20
10.114650915511156
 10
13.892076688496852
 20
10.11031716997428
 10
13.88472762238894
 20
10.10986567015572
 10
13.877391850042567
 20
10.10923395120968
 10
13.87007379025269
 20
10.10842239366003
 10
13.862777851144887
 20
10.107431486358692
 10
13.775411997350592
 20
10.094471986134643
 10
13.768142573725816
 20
10.093302325967132
 10
13.76090404441299
 20
10.091954617492991
 10
13.753700769631507
 20
10.09042967252141
 10
13.746537088364747
 20
10.088728409622219
 10
13.66086217818831
 20
10.067267961782667
 10
13.65374240556998
 20
10.065391405733015
 10
13.646670830284899
 20
10.063340686900103
 10
13.639651711985598
 20
10.061117040560276
 10
13.632689278726478
 20
10.05872180615494
 10
13.549530408387202
 20
10.028967086543956
 10
13.542628854077698
 20
10.026401706872745
 10
13.53579233595608
 20
10.023667727224458
 10
13.529024972085228
 20
10.0207667944462
 10
13.52233083887209
 20
10.017700655951407
 10
13.442488873750516
 20
9.979938218784339
 10
13.43587200349066
 20
9.976708721500202
 10
13.429336381939278
 20
9.973317810755114
 10
13.422885945910414
 20
9.969767529106916
 10
13.41652458090553
 20
9.966060015112514
 10
13.340768442772088
 20
9.920653533302474
 10
13.334499980639555
 20
9.916791020229642
 10
13.328328197266615
 20
9.912775834711852
 10
13.32225681030479
 20
9.90861039534672
 10
13.316289476930566
 20
9.904297211239165
 10
13.24534873880805
 20
9.851683974027669
 10
13.239489053519973
 20
9.847225643278561
 10
13.233740545973296
 20
9.842624851419595
 10
13.228106678854013
 20
9.837884369795752
 10
13.222590845793013
 20
9.833007053895903
 10
13.15714870576972
 20
9.773693755518783
 10
13.15175422929856
 20
9.768682543255624
 10
13.14648435884818
 20
9.763540453196066
 10
13.141342268791494
 20
9.758270582742888
 10
13.136331056531272
 20
9.752876106268998
 10
13.077017758189381
 20
9.687433966212948
 10
13.072140442292493
 20
9.681918133149244
 10
13.067399960671679
 20
9.676284266027329
 10
13.062799168815808
 20
9.670535758478094
 10
13.058340838069856
 20
9.664676073187534
 10
13.005727600896993
 20
9.593735335036234
 10
13.001414416792722
 20
9.587768001659697
 10
12.997248977430926
 20
9.581696614695643
 10
12.993233791916527
 20
9.575524831320555
 10
12.989371278847136
 20
9.56925636918596
 10
12.94396479707874
 20
9.493500231028401
 10
12.940257283087803
 20
9.48713886602149
 10
12.936707001443112
 20
9.480688429990684
 10
12.933316090701583
 20
9.474152808437449
 10
12.930086593421048
 20
9.467535938175825
 10
12.892324156297246
 20
9.387693973033162
 10
12.889258017806084
 20
9.380999839818319
 10
12.8863570850315
 20
9.374232475945849
 10
12.883623105386926
 20
9.367395957822703
 10
12.881057725719467
 20
9.360494403511764
 10
12.851303006153751
 20
9.27733553315601
 10
12.848907771752236
 20
9.27037309989566
 10
12.846684125416258
 20
9.263353981595225
 10
12.844633406587223
 20
9.256282406309104
 10
12.842756850541468
 20
9.24916263368983
 10
12.82129640274872
 20
9.163487723502373
 10
12.819595139853417
 20
9.156324042234637
 10
12.818070194885749
 20
9.149120767452272
 10
12.816722486415541
 20
9.141882238138663
 10
12.815552826251984
 20
9.1346128145132
 10
12.802593326075549
 20
9.047246960711814
 10
12.801602418778192
 20
9.039951021603505
 10
12.800790861232532
 20
9.03263296181322
 10
12.800159142290491
 20
9.025297189466539
 10
12.799707642475935
 20
9.017948123358416
 10
12.795373896987085
 20
8.929732706875107
 10
12.795102888266621
 20
8.922374773808123
 10
12.79501253388577
 20
8.915012405926072
 10
12.795102888270634
 20
8.90765003804407
 10
12.795373896995109
 20
8.90029210497723
 10
12.79970764253202
 20
8.812076688496672
 10
12.800159142350577
 20
8.804727622388837
 10
12.800790861296612
 20
8.797391850042539
 10
12.801602418846253
 20
8.790073790252737
 10
12.802593326147576
 20
8.78277785114501
 10
12.815552826371533
 20
8.695411997351005
 10
12.816722486539055
 20
8.688142573726147
 10
12.818070195013211
 20
8.680904044413237
 10
12.819595139984811
 20
8.67370076963167
 10
12.821296402884025
 20
8.666537088364828
 10
12.842756850723811
 20
8.580862178187667
 10
12.84463340677346
 20
8.573742405569362
 10
12.846684125606368
 20
8.566670830284309
 10
12.84890777194619
 20
8.559651711985033
 10
12.85130300635152
 20
8.552689278725937
 10
12.881057725962483
 20
8.469530408386783
 10
12.883623105633696
 20
8.462628854077272
 10
12.88635708528199
 20
8.455792335955646
 10
12.889258018060252
 20
8.449024972084786
 10
12.892324156555052
 20
8.442330838871642
 10
12.930086593722056
 20
8.362488873750275
 10
12.933316091006184
 20
8.35587200349044
 10
12.936707001751262
 20
8.34933638193908
 10
12.940257283399452
 20
8.342885945910236
 10
12.943964797393841
 20
8.336524580905373
 10
12.989371279203818
 20
8.260768442772044
 10
12.993233792276651
 20
8.25449998063951
 10
12.997248977794444
 20
8.248328197266567
 10
13.001414417159577
 20
8.242256810304742
 10
13.005727601267134
 20
8.236289476930516
 10
13.05834083847868
 20
8.165348738807943
 10
13.062799169227779
 20
8.159489053519879
 10
13.067399961086734
 20
8.153740545973212
 10
13.072140442710568
 20
8.14810667885394
 10
13.077017758610406
 20
8.142590845792952
 10
13.136331056987427
 20
8.077148705769751
 10
13.1413422692506
 20
8.071754229298573
 10
13.146484359310174
 20
8.06648435884818
 10
13.151754229763366
 20
8.061342268791478
 10
13.157148706237274
 20
8.056331056531242
 10
13.222590846293196
 20
7.997017758189486
 10
13.228106679356868
 20
7.992140442292627
 10
13.233740546478751
 20
7.98739996067184
 10
13.239489054027953
 20
7.982799168815993
 10
13.245348739318475
 20
7.978340838070066
 10
13.316289477469839
 20
7.92572760089711
 10
13.322256810846396
 20
7.921414416792821
 10
13.328328197810471
 20
7.917248977431011
 10
13.334499981185582
 20
7.9132337919165945
 10
13.340768443320199
 20
7.90937127884719
 10
13.416524581478056
 20
7.8639647970786095
 10
13.422885946484957
 20
7.860257283087674
 10
13.429336382515757
 20
7.856707001442989
 10
13.435872004068985
 20
7.853316090701462
 10
13.4424888743306
 20
7.850086593420929
 10
13.522330839472552
 20
7.812324156297446
 10
13.529024972687338
 20
7.809258017806309
 10
13.535792336559748
 20
7.806357085031747
 10
13.542628854682835
 20
7.8036231053871905
 10
13.549530408993713
 20
7.801057725719747
 10
13.632689279349302
 20
7.771303006153995
 10
13.639651699374339
 20
7.7689077761248315
 10
13.646670804232828
 20
7.766684133508949
 10
13.653742365894471
 20
7.76463341774044
 10
13.660862124731075
 20
7.762756864089128
 10
13.662131161416731
 20
7.762438986697082
 10
14.425608685594689
 20
6.998961347690172
 10
13.245983769111206
 20
5.819336467531984
 10
10.116142972316156
 20
5.819336497380122
 10
7.831063278705375
 20
8.104416233300542
 10
7.831063278507625
 20
8.618961306368423
 10
7.830972924121967
 20
8.626323674249253
 10
7.830701915396755
 20
8.633681607314902
 10
7.8302504155775114
 20
8.641030673421621
 10
7.8296186966308445
 20
8.648366445766788
 10
7.828807139080626
 20
8.655684505555447
 10
7.827816231778778
 20
8.662980444662022
 10
7.826646571610807
 20
8.670249868285609
 10
7.825298863136261
 20
8.67748839759724
 10
7.823773918164331
 20
8.684691672377525
 10
7.822072655264846
 20
8.691855353643085
 10
7.8201960992149635
 20
8.698975126260194
 10
7.818145380381877
 20
8.706046701544057
 10
7.815921734041931
 20
8.713065819842145
 10
7.813526499636531
 20
8.720028253100057
 10
7.81096111996532
 20
8.726929807408345
 10
7.808227140317087
 20
8.733766325528759
 10
7.80532620753894
 20
8.740533689398418
 10
7.802260069044311
 20
8.747227822610377
 10
7.799030571760379
 20
8.7538446928691
 10
7.795639661015548
 20
8.760380314419367
 10
7.792089379367655
 20
8.766830750447134
 10
7.788381865373613
 20
8.773192115450945
 10
7.784519352301217
 20
8.779460577582382
 10
7.780504166783912
 20
8.785632360954255
 10
7.776338727419316
 20
8.791703747915038
 10
7.772025543312345
 20
8.797671081288252
 10
7.767567212563824
 20
8.803530766575406
 10
7.762966420705489
 20
8.809279274121193
 10
7.758225939082317
 20
8.81491314123962
 10
7.753348623183181
 20
8.820428974299798
 10
7.748337410920803
 20
8.825823450770141
 10
7.7431953208620685
 20
8.83109332121974
 10
7.73792545040975
 20
8.83623541127569
 10
7.732530973936757
 20
8.841246623535215
 10
7.727015140874
 20
8.846123939431433
 10
7.721381273753068
 20
8.850864421051625
 10
7.715632766204848
 20
8.855465212906921
 10
7.709773080915336
 20
8.859923543652343
 10
7.703805747539841
 20
8.86423672775616
 10
7.697734360576855
 20
8.868402167117544
 10
7.691562577202859
 20
8.872417352631587
 10
7.685294115069379
 20
8.876279865700669
 10
7.67893275006361
 20
8.879987379691347
 10
7.672482314033963
 20
8.883537661335827
 10
7.665946692481905
 20
8.886928572077203
 10
7.659329822221474
 20
8.890158069357637
 10
7.6526356890078935
 20
8.893224207848727
 10
7.6458683251367
 20
8.896125140623296
 10
7.639031807014841
 20
8.898859120267913
 10
7.632130252705196
 20
8.901424499935475
 10
7.625167819446017
 20
8.903819734337192
 10
7.618148701146754
 20
8.906043380673427
 10
7.611077125861808
 20
8.908094099502774
 10
7.603957353243706
 20
8.909970655548893
 10
7.596793671977245
 20
8.91167191844459
 10
7.5895903971961545
 20
8.913196863412711
 10
7.582351867883811
 20
8.914544571883429
 10
7.575082444259605
 20
8.915714232047556
 10
7.567786505152506
 20
8.916705139345547
 10
7.560468445363419
 20
8.917516696891896
 10
7.553132673017918
 20
8.918148415834683
 10
7.54578360691096
 20
8.918599915650042
 10
7.538425673845168
 20
8.918870924371364
 10
7.531063305964289
 20
8.918961278753128
 10
5.831063506209795
 20
8.918961278507565
 10
5.823701138328496
 20
8.918870924123661
 10
5.816343205262336
 20
8.918599915400181
 10
5.808994139155065
 20
8.918148415582646
 10
5.801658366809303
 20
8.917516696637662
 10
5.79434030702001
 20
8.9167051390891
 10
5.787044367912762
 20
8.915714231788883
 10
5.779774944288465
 20
8.914544571622514
 10
5.772536414976086
 20
8.91319686314954
 10
5.765333140195017
 20
8.911671918179154
 10
5.758169458928638
 20
8.909970655281183
 10
5.751049686310675
 20
8.908094099232784
 10
5.7439781110259265
 20
8.906043380401147
 10
5.736958992726921
 20
8.903819734062617
 10
5.729996559468058
 20
8.901424499658603
 10
5.723095005158791
 20
8.898859119988742
 10
5.71625848703737
 20
8.896125140341825
 10
5.709491123166675
 20
8.893224207564959
 10
5.7027969899536535
 20
8.890158069071575
 10
5.696180119693842
 20
8.88692857178885
 10
5.689644498142465
 20
8.883537661045192
 10
5.683194062113562
 20
8.879987379398434
 10
5.676832697108596
 20
8.876279865405488
 10
5.670564234975981
 20
8.872417352334152
 10
5.66439245160291
 20
8.868402166817866
 10
5.658321064640911
 20
8.864236727454252
 10
5.652353731266464
 20
8.859923543348224
 10
5.646494045978059
 20
8.855465212600606
 10
5.640745538431008
 20
8.850864420743134
 10
5.6351116713113045
 20
8.846123939120787
 10
5.629595838249837
 20
8.841246623222435
 10
5.624201361778191
 20
8.836235410960802
 10
5.61893149132728
 20
8.83109332090277
 10
5.613789401270011
 20
8.825823450451116
 10
5.608778189009156
 20
8.820428973978746
 10
5.603900873111601
 20
8.814913140916575
 10
5.599160391490068
 20
8.809279273796186
 10
5.594559599633427
 20
8.803530766248471
 10
5.590101268886656
 20
8.797671080959422
 10
5.585788084781489
 20
8.791703747584352
 10
5.581622645418752
 20
8.78563236062175
 10
5.5776074599033585
 20
8.7794605772481
 10
5.573744946832926
 20
8.773192115114927
 10
5.570037432840899
 20
8.766830750109426
 10
5.566487151195074
 20
8.76038031408001
 10
5.563096240452358
 20
8.753844692528142
 10
5.55986674317059
 20
8.747227822267865
 10
5.556800604678173
 20
8.7405336890544
 10
5.553899671902284
 20
8.733766325183288
 10
5.551165692256354
 20
8.72692980706147
 10
5.548600312587491
 20
8.720028252751833
 10
5.546205078184482
 20
8.713065819492625
 10
5.543981431846967
 20
8.706046701193298
 10
5.541930713016352
 20
8.698975125908254
 10
5.54005415696898
 20
8.69185535329002
 10
5.538352894072044
 20
8.684691672023394
 10
5.536827949102698
 20
8.677488397242104
 10
5.535480240630772
 20
8.670249867929531
 10
5.534310580465452
 20
8.662980444305065
 10
5.533319673166289
 20
8.655684505197675
 10
5.532508115618785
 20
8.648366445408264
 10
5.53187639667486
 20
8.641030673062412
 10
5.531424896858386
 20
8.633681606955076
 10
5.531153888135969
 20
8.626323673888876
 10
5.531063533753129
 20
8.618961306007563
 10
5.531063533753129
 20
6.918961506253126
 10
5.531153888130183
 20
6.911599138607479
 10
5.531424896835252
 20
6.90424120577652
 10
5.531876396622835
 20
6.896892139903571
 10
5.53250811552636
 20
6.88955636779083
 10
5.533319673022006
 20
6.882238308232833
 10
5.534310580257914
 20
6.874942369354733
 10
5.535480240348658
 20
6.867672945957018
 10
5.536827948734779
 20
6.860434416868238
 10
5.538352893607192
 20
6.853231142307371
 10
5.540054156396187
 20
6.846067461257387
 10
5.541930712324739
 20
6.838947688851603
 10
5.543981431025799
 20
6.831876113774419
 10
5.546205077223181
 20
6.824856995677963
 10
5.54860031147565
 20
6.817894562616242
 10
5.551165690983749
 20
6.810993008498324
 10
5.553899670458886
 20
6.804156490562074
 10
5.556800603054161
 20
6.797389126870001
 10
5.559866741356365
 20
6.79069499382868
 10
5.563096238438553
 20
6.7840781237332894
 10
5.566487148972566
 20
6.777542502338697
 10
5.570037430400825
 20
6.771092066458596
 10
5.573744944166687
 20
6.764730701594114
 10
5.577607457002635
 20
6.75846223959333
 10
5.5816226422755175
 20
6.752290456343121
 10
5.585788081388016
 20
6.746219069494698
 10
5.590101265235528
 20
6.740251736224242
 10
5.59455959571755
 20
6.73439205102995
 10
5.599160387302681
 20
6.728643543566849
 10
5.603900868646281
 20
6.723009676520662
 10
5.6087781842598305
 20
6.717493843522015
 10
5.613789396230968
 20
6.712099367102245
 10
5.618931485993175
 20
6.706829496692023
 10
5.624201356144057
 20
6.701687406664029
 10
5.629595832311088
 20
6.696676194420823
 10
5.6351116650637465
 20
6.691798878529083
 10
5.640745531870849
 20
6.687058396901339
 10
5.646494039101909
 20
6.682457605026284
 10
5.652353724071346
 20
6.677999274248729
 10
5.658321057124267
 20
6.673686090100255
 10
5.6643924437626065
 20
6.669520650681547
 10
5.67056422681031
 20
6.665505465097392
 10
5.676832688616288
 20
6.661642951945294
 10
5.683194053293783
 20
6.6579354378585975
 10
5.689644488994826
 20
6.654385156105013
 10
5.696180110218398
 20
6.650994245241376
 10
5.702796980150909
 20
6.647764747825468
 10
5.709491113037589
 20
6.644698609185646
 10
5.716258476583355
 20
6.641797676249059
 10
5.723094994381716
 20
6.6390636964291225
 10
5.72999654837025
 20
6.636498316572945
 10
5.736958981311167
 20
6.634103081969327
 10
5.743978099295474
 20
6.631879435417936
 10
5.751049674269231
 20
6.6298287163602225
 10
5.75816944658037
 20
6.627952160072586
 10
5.765333127544552
 20
6.626250896922292
 10
5.772536402028509
 20
6.624725951686582
 10
5.7797749310493165
 20
6.623378242935386
 10
5.7870443543880405
 20
6.62220858247801
 10
5.794340293216163
 20
6.621217674874131
 10
5.801658352733229
 20
6.6204061170094
 10
5.8089941248141095
 20
6.619774397735896
 10
5.816343190664287
 20
6.619322897577664
 10
5.8237011234815785
 20
6.6190518885015
 10
5.831063491122671
 20
6.618961533753125
  0
LWPOLYLINE
  5
48
330
17
100
AcDbEntity
  8
0
100
AcDbPolyline
 90
392
 70
0
 10
0.22551253375312064
 20
15.256860404617072
 10
0.2255125337558065
 20
2.573165407806997
 10
0.22567308784387496
 20
2.563351811809901
 10
0.22620608773947215
 20
2.5470668150813074
 10
0.22668777452751648
 20
2.5372607266518132
 10
0.24253477422226105
 20
2.295466731473252
 10
0.24303440534464332
 20
2.288936477761678
 10
0.24367647174846013
 20
2.2824186870678105
 10
0.24446066742591466
 20
2.2759164657600235
 10
0.24871266658158486
 20
2.2436294722531156
 10
0.24963734015016342
 20
2.2371542179172343
 10
0.25070296646377976
 20
2.230700662270732
 10
0.2519090389479835
 20
2.224271873186805
 10
0.29758903768182915
 20
1.9946248796070774
 10
0.29893515238627305
 20
1.988223149084216
 10
0.30042053332933755
 20
1.981852291846855
 10
0.30204447422581315
 20
1.9755153371800134
 10
0.310470472541699
 20
1.9440653435073827
 10
0.31223392083536
 20
1.9377594041938202
 10
0.31413457583884713
 20
1.9314934540608824
 10
0.3161715321090834
 20
1.9252704781117167
 10
0.391440530014125
 20
1.7035354843165287
 10
0.39361135112949674
 20
1.6973624749701275
 10
0.39591629323084354
 20
1.691238281095409
 10
0.3983542597159262
 20
1.6851658163467822
 10
0.41080425722033076
 20
1.6551078223998847
 10
0.4133751107216788
 20
1.6490876518844204
 10
0.4160767069967174
 20
1.6431250083157207
 10
0.4189077597329525
 20
1.6372227306904887
 10
0.5224797568461592
 20
1.4271997365685036
 10
0.5254384518004211
 20
1.421361530874368
 10
0.5285238074549585
 20
1.4155892607798186
 10
0.5317343552308941
 20
1.4098856737911027
 10
0.5480053519663087
 20
1.3817036794668531
 10
0.5513392293466697
 20
1.3760720413842367
 10
0.5547951597698073
 20
1.3705144672019793
 10
0.558371498593233
 20
1.3650336017136722
 10
0.5969956545044431
 20
1.3072283683759127
 10
0.6884606527849292
 20
1.1703413709685822
 10
0.6921566179273937
 20
1.1649385195709745
 10
0.6959695875798324
 20
1.1596175963438904
 10
0.699897746303957
 20
1.1543811346953126
 10
0.7197267423264254
 20
1.1285401398964074
 10
0.7237669365469102
 20
1.1233922319280742
 10
0.7279184561697335
 20
1.1183336737727319
 10
0.7321793258034385
 20
1.113366872412275
 10
0.8865573214947015
 20
0.9373338773416683
 10
0.8909258203035747
 20
0.9324608615180758
 10
0.8953995776615122
 20
0.9276842978827404
 10
0.8999764645534715
 20
0.9230064595530928
 10
0.9230054599314134
 20
0.8999774641902855
 10
0.9276832982232053
 20
0.8954005773405189
 10
0.9324598618189301
 20
0.8909268200230377
 10
0.9373328776012151
 20
0.8865583212528281
 10
1.1133658726853717
 20
0.7321803255781776
 10
1.1183335423401044
 20
0.7279187273527884
 10
1.1233930001634673
 20
0.7237665173669126
 10
1.1285418379114902
 20
0.7197256720249418
 10
1.1543808327233678
 20
0.6998986760194218
 10
1.1596161598113923
 20
0.6959714411904359
 10
1.1649359100110768
 20
0.69215934453196
 10
1.1703375516041836
 20
0.6884642002559918
 10
1.3650265461663968
 20
0.5583762039022975
 10
1.370507245464299
 20
0.5547999381117876
 10
1.3760646498394118
 20
0.5513440737611702
 10
1.3816961147236992
 20
0.5480102553714807
 10
1.40988810905839
 20
0.5317332586547898
 10
1.4155925682561552
 20
0.528522187393703
 10
1.421365732232502
 20
0.5254363469757695
 10
1.427204852201807
 20
0.5224772066670296
 10
1.6372158463341964
 20
0.41891220957252084
 10
1.6431157355888628
 20
0.4160823004806563
 10
1.6490759425636048
 20
0.41338174285235385
 10
1.6550936317173357
 20
0.4108118214654987
 10
1.6851666256722386
 20
0.3983548239811278
 10
1.69124107421216
 20
0.3959159291997653
 10
1.6973672884619775
 20
0.39361014694984675
 10
1.7035423518576498
 20
0.3914385749666657
 10
1.9211206808054244
 20
0.3175804633038186
 10
1.9252596778627067
 20
0.31617546431405574
 10
1.9314816808923936
 20
0.3141388196146498
 10
1.937746645065971
 20
0.3122384335389163
 10
1.944051586781182
 20
0.31047521111935467
 10
1.975511580459408
 20
0.3020462128242029
 10
1.9818494438471224
 20
0.30042198550409543
 10
1.988221220546251
 20
0.2989363582274353
 10
1.9946238799532756
 20
0.29759003760204383
 10
2.2242708735353696
 20
0.2519100388895642
 10
2.230701636573493
 20
0.250703618321681
 10
2.2371571804156063
 20
0.24963773017480023
 10
2.2436344343623733
 20
0.24871288145841725
 10
2.2759264278720184
 20
0.24446088232381463
 10
2.2824262647122926
 20
0.24367707986480397
 10
2.288941657757858
 20
0.24303530209428426
 10
2.2954695040720985
 20
0.2425358546570155
 10
2.5079991444041805
 20
0.22860594377424834
 10
2.537256786610969
 20
0.22668803278365296
 10
2.5470668153437614
 20
0.2262060877282261
 10
2.5633518120721632
 20
0.2256730878379793
 10
2.573165407971072
 20
0.22551253375312774
 10
22.876859404698816
 20
0.2255125337558065
 10
22.886673602703937
 20
0.22567310754790437
 10
22.90295759943227
 20
0.22620610744350156
 10
22.912767878764793
 20
0.22668808868989582
 10
22.938561065292525
 20
0.22837896980709813
 10
23.1545542504455
 20
0.24253585086698365
 10
23.161082116328053
 20
0.2430352987362686
 10
23.16759752888603
 20
0.2436770777902053
 10
23.174097385155
 20
0.2444608823815978
 10
23.20638937866179
 20
0.2487128815373959
 10
23.212866632552085
 20
0.24963773024943264
 10
23.219322176338036
 20
0.2507036183895204
 10
23.225752939320383
 20
0.25191003894817565
 10
23.455399932898555
 20
0.29759003768169445
 10
23.461802592360698
 20
0.29893635831991794
 10
23.468174369114376
 20
0.3004219856118108
 10
23.474512232555984
 20
0.30204621294953277
 10
23.505972226228696
 20
0.3104752112653684
 10
23.512277089367306
 20
0.31223841078758796
 10
23.518541976001096
 20
0.3141387705476077
 10
23.52476390263933
 20
0.31617538554808666
 10
23.66818485336013
 20
0.3648600661335838
 10
23.74647985041382
 20
0.39143906514467697
 10
23.75264863200115
 20
0.39360845830483865
 10
23.758768664528482
 20
0.39591178954891404
 10
23.764837040290786
 20
0.3983479645350328
 10
23.79492403423842
 20
0.4108089620399283
 10
23.80094701633767
 20
0.4133808472892463
 10
23.806912421362316
 20
0.416083595889372
 10
23.812817406404807
 20
0.41891591980296794
 10
24.022813400526363
 20
0.522474916915973
 10
24.028649840281613
 20
0.5254327014834812
 10
24.03442038514585
 20
0.528517070225105
 10
24.040122290101245
 20
0.5317265559228637
 10
24.068326284425332
 20
0.5480095526583546
 10
24.07395984409807
 20
0.5513444532007732
 10
24.07951929203201
 20
0.5548014887637862
 10
24.0850019807832
 20
0.5583790130853923
 10
24.279683975332343
 20
0.6884620094561167
 10
24.285086643525766
 20
0.6921578634160912
 10
24.29040738873795
 20
0.6959707141197886
 10
24.29564367781129
 20
0.6998987463042385
 10
24.32148467260982
 20
0.7197277423264228
 10
24.32663258057813
 20
0.723767936546891
 10
24.331691138733454
 20
0.7279194561696969
 10
24.33665794009389
 20
0.7321803258033837
 10
24.512690935164446
 20
0.8865583214945543
 10
24.51756395098812
 20
0.8909268203034995
 10
24.522340514623533
 20
0.8954005776615126
 10
24.527018352953252
 20
0.8999774645535517
 10
24.550047348316316
 20
0.923006459931792
 10
24.554624235166
 20
0.9276842982235055
 10
24.5590979924834
 20
0.9324608618191492
 10
24.563466491253536
 20
0.9373338776013502
 10
24.717844486928158
 20
1.1133668726854002
 10
24.722105356597925
 20
1.1183336740897636
 10
24.726256876254887
 20
1.1233922322905747
 10
24.730297070507536
 20
1.1285401403058766
 10
24.750126066513477
 20
1.1543811351185236
 10
24.75405409866088
 20
1.1596174241486417
 10
24.757866949329493
 20
1.1649381693160834
 10
24.76156280325639
 20
1.1703408374633073
 10
24.891645799609414
 20
1.3650228320244795
 10
24.895222337257817
 20
1.3705039720079955
 10
24.898678454198745
 20
1.3760618288575355
 10
24.90201250553078
 20
1.3816937573713464
 10
24.91829850224737
 20
1.4099017517057764
 10
24.921509165222012
 20
1.4156055527387759
 10
24.9245946267017
 20
1.4213780418395159
 10
24.92755341794811
 20
1.427216471193456
 10
25.031109415042586
 20
1.6372084653257797
 10
25.03393993904799
 20
1.6431096513432428
 10
25.03664105464004
 20
1.6490711811063363
 10
25.039211476211655
 20
1.6550902172004343
 10
25.051675473696015
 20
1.6851812111551283
 10
25.05411391057834
 20
1.6912547158192612
 10
25.05641927700029
 20
1.6973799683850634
 10
25.058590475775457
 20
1.7035540536786948
 10
25.133849473660245
 20
1.9252610474806184
 10
25.13588607113993
 20
1.9314829290706315
 10
25.137786415374272
 20
1.9377477699788586
 10
25.13954960138667
 20
1.9440525867803267
 10
25.147978599682
 20
1.9755125804591351
 10
25.149602827002123
 20
1.9818504438469131
 10
25.151088454278803
 20
1.9882222205461058
 10
25.152434774904208
 20
1.994624879953195
 10
25.19811477361668
 20
2.2242718735352813
 10
25.19932119418457
 20
2.2307026365734424
 10
25.200387082331456
 20
2.2371581804155936
 10
25.20131193104784
 20
2.2436354343623988
 10
25.205563930182464
 20
2.2759274278723067
 10
25.206347714825114
 20
2.2824271020536067
 10
25.206989481886687
 20
2.288942331740102
 10
25.2074889257428
 20
2.2954700142280684
 10
25.223336925413598
 20
2.537258009246865
 10
25.223818744478436
 20
2.5470664172778057
 10
25.22435174436866
 20
2.5633524140045423
 10
25.224512278753135
 20
2.573165407970058
 10
25.224512278750463
 20
15.256860404699168
 10
25.224351744362774
 20
15.266673398762867
 10
25.22381874446715
 20
15.282959395491273
 10
25.223336925404443
 20
15.292767803440466
 10
25.207488925709658
 20
15.534555798620286
 10
25.206989481847934
 20
15.541083481168183
 10
25.20634771477814
 20
15.547598710914343
 10
25.20556393012467
 20
15.554098385154958
 10
25.201311930968814
 20
15.586390378662138
 10
25.20038708225678
 20
15.592867632552416
 10
25.199321194116692
 20
15.599323176338348
 10
25.19811477355804
 20
15.605753939320682
 10
25.152434774824705
 20
15.835400932897922
 10
25.151088454186507
 20
15.841803592359952
 10
25.149602826894643
 20
15.848175369113514
 10
25.147978599556957
 20
15.854513232555012
 10
25.139549601240965
 20
15.885973226228456
 10
25.137786378766954
 20
15.892278168115133
 10
25.13588599262929
 20
15.898543132457808
 10
25.133849347860547
 20
15.90476513565398
 10
25.13244423643009
 20
15.90890446391714
 10
25.058586237420045
 20
16.126482460967537
 10
25.056414665415648
 20
16.13265752442061
 10
25.054108883142014
 20
16.13878373872688
 10
25.051669988334474
 20
16.144858187322225
 10
25.03921299082989
 20
16.174931181269923
 10
25.036643069461913
 20
16.18094887037005
 10
25.033942511854782
 20
16.18690907729212
 10
25.03111260278635
 20
16.192808966495125
 10
24.927547605673055
 20
16.402819960617276
 10
24.92458846533766
 20
16.40865908063649
 10
24.9215026248909
 20
16.414432244661572
 10
24.918291553598852
 20
16.420136703906827
 10
24.902014556863737
 20
16.448328698230654
 10
24.898680738499692
 20
16.453960163064394
 10
24.895224874176865
 20
16.45951756739018
 10
24.891648608416247
 20
16.46499826664005
 10
24.761560612044562
 20
16.65968726119068
 10
24.7578654677356
 20
16.665088902829865
 10
24.75405337104213
 20
16.670408653074176
 10
24.750126136176192
 20
16.67564398020531
 10
24.73029914015339
 20
16.701482975004506
 10
24.72625829484349
 20
16.70663181270569
 10
24.72210608489165
 20
16.711691270483715
 10
24.71784448670222
 20
16.716658940094664
 10
24.56346649101154
 20
16.892691935164596
 10
24.55909799220272
 20
16.89756495098813
 10
24.554624234844837
 20
16.90234151462341
 10
24.550047347952937
 20
16.907019352953
 10
24.52701835257518
 20
16.93004834831566
 10
24.522340514283336
 20
16.93462523516548
 10
24.51756395068756
 20
16.939098992483014
 10
24.51269093490522
 20
16.943467491253276
 10
24.33665793982048
 20
17.097845486928446
 10
24.33169126789689
 20
17.10210624794941
 10
24.326632843854895
 20
17.106257664657686
 10
24.32148507448829
 20
17.110297761812785
 10
24.29564807967625
 20
17.130123757818307
 10
24.29041155944963
 20
17.134051973208614
 10
24.28509057539421
 20
17.137864996801312
 10
24.279687661009536
 20
17.141561013087575
 10
24.08499166644835
 20
17.27165300944059
 10
24.07951065328482
 20
17.275229456526468
 10
24.073952926994455
 20
17.27868548857757
 10
24.068321132591016
 20
17.282019460811146
 10
24.04013913825596
 20
17.298290457528115
 10
24.03443555131472
 20
17.301501005273103
 10
24.02866328126889
 20
17.30458636089882
 10
24.022825075624652
 20
17.307545055826434
 10
23.81280208149316
 20
17.41111705292047
 10
23.806899803816282
 20
17.413948105680127
 10
23.80093716019493
 20
17.41664970197633
 10
23.79491698962588
 20
17.419220555496548
 10
23.764858995671094
 20
17.431670552981036
 10
23.75878653097371
 20
17.43410851944157
 10
23.752662337151186
 20
17.43641346152065
 10
23.74648932785787
 20
17.438584282616066
 10
23.52475433405554
 20
17.513853280500943
 10
23.51853135805221
 20
17.515890236787627
 10
23.512265407864405
 20
17.5177908918052
 10
23.505959468495345
 20
17.51955434011055
 10
23.47450947481695
 20
17.527980338405822
 10
23.468172520204007
 20
17.529604279284683
 10
23.4618016630212
 20
17.531089660212515
 10
23.45539993255346
 20
17.532435774904126
 10
23.22575293897
 20
17.578115773616883
 10
23.219324149830257
 20
17.57932184611032
 10
23.212870594127548
 20
17.58038747243074
 10
23.206395339735153
 20
17.58131214600367
 10
23.17410834622551
 20
17.585564145138115
 10
23.167606124977038
 20
17.586348340804744
 10
23.161088334342836
 20
17.58699040720034
 10
23.154558080691196
 20
17.587490038317114
 10
22.912764085674915
 20
17.603337037987814
 10
22.902957997163753
 20
17.603818724777987
 10
22.8866730004342
 20
17.604351724668277
 10
22.8768594045352
 20
17.60451227875313
 10
2.5731654078073407
 20
17.60451227875045
 10
2.563351811810032
 20
17.60435172466238
 10
2.5470668150813176
 20
17.603818724766768
 10
2.5372597362758684
 20
17.603336973068565
 10
2.295462741095716
 20
17.587488973373738
 10
2.2889350527789936
 20
17.586989544970706
 10
2.282419816937835
 20
17.586347793130727
 10
2.2759201362832884
 20
17.585564023471363
 10
2.2436351427765815
 20
17.58131302431554
 10
2.2371576511059055
 20
17.580388154780497
 10
2.2307018708971187
 20
17.579322235507586
 10
2.2242708731856577
 20
17.578115773558036
 10
1.9946238796072873
 20
17.532435774824496
 10
1.9882227175492844
 20
17.53108978613981
 10
1.9818524230111654
 20
17.529604555945618
 10
1.9755160244712329
 20
17.527980790329753
 10
1.944069030798289
 20
17.51955579201375
 10
1.937762411812688
 20
17.517792185341584
 10
1.9314957900440943
 20
17.51589134259873
 10
1.925272151451399
 20
17.51385416951056
 10
1.7035291576563094
 20
17.43858217160554
 10
1.6973558798345465
 20
17.436411244766948
 10
1.6912314220698579
 20
17.434106185225037
 10
1.6851586983990003
 20
17.43166808973458
 10
1.6551107044522482
 20
17.419222092230278
 10
1.649091235209807
 20
17.416651518446994
 10
1.643129279847282
 20
17.413950232125394
 10
1.637227676379128
 20
17.41111951913382
 10
1.427192682257358
 20
17.307542522020682
 10
1.4213529603408457
 20
17.304583063703124
 10
1.4155792085021077
 20
17.301496879116904
 10
1.4098741763784115
 20
17.29828543799754
 10
1.3817051820544488
 20
17.28202144126237
 10
1.376074691036795
 20
17.278688156913336
 10
1.3705182358612735
 20
17.275232868280845
 10
1.3650384597472875
 20
17.271657219054205
 10
1.1703284651970787
 20
17.141556222682766
 10
1.1649258178443573
 20
17.137860403433706
 10
1.1596050922428605
 20
17.134047588540067
 10
1.1543688215123749
 20
17.13011959322736
 10
1.1285498267136345
 20
17.11030759720502
 10
1.1234016243967198
 20
17.106267190954288
 10
1.1183427816040354
 20
17.1021154468189
 10
1.1133757057195703
 20
17.097854340515976
 10
0.9373327106482144
 20
16.943467344824104
 10
0.9324613534740865
 20
16.939100359326353
 10
0.9276863816111893
 20
16.934628186838175
 10
0.9230100658605759
 20
16.93005295416037
 10
0.8999830704977351
 20
16.907026958782165
 10
0.8954044914950859
 20
16.902347558397906
 10
0.8909291131364745
 20
16.897569361856643
 10
0.8865590667055525
 20
16.89269464465138
 10
0.7321700710313845
 20
16.716648649567777
 10
0.7279091049787741
 20
16.71168172019976
 10
0.7237574944491284
 20
16.70662302975079
 10
0.7197172149737194
 20
16.701474985383367
 10
0.6999052189682753
 20
16.67565599057149
 10
0.6959772236924978
 20
16.67041971988409
 10
0.692164408833835
 20
16.665098994327195
 10
0.6884685896177511
 20
16.659696347020525
 10
0.5583675932642034
 20
16.46498635245859
 10
0.5547919440076248
 20
16.4595065762965
 10
0.5513366553473031
 20
16.453950121071582
 10
0.5480033709725867
 20
16.448319630003304
 10
0.5317393742557706
 20
16.420150635668335
 10
0.5285279331674042
 20
16.414445603592192
 10
0.5254417486100486
 20
16.408671851802254
 10
0.5224822903191824
 20
16.402832129935717
 10
0.4189052932253434
 20
16.192797135804703
 10
0.416074580210329
 20
16.186895532284872
 10
0.413373293867552
 20
16.180933576869656
 10
0.4108027200653818
 20
16.174914107573592
 10
0.3983567225807913
 20
16.14486611361844
 10
0.39591862711488984
 20
16.13879338999884
 10
0.3936135675952568
 20
16.132668932286364
 10
0.3914426407766273
 20
16.126495654517697
 10
0.3161706428917585
 20
15.904752660715276
 10
0.31413346978713846
 20
15.89852902206842
 10
0.31223262703020715
 20
15.89226240024496
 10
0.31046902034635177
 20
15.885955781203863
 10
0.3020440220512823
 20
15.854508787526337
 10
0.30042025645303905
 20
15.848172389040338
 10
0.29893502627408997
 20
15.841802094556803
 10
0.2975890376022412
 20
15.835400932553958
 10
0.25190903888958394
 20
15.605753938971032
 10
0.25070257693078163
 20
15.59932294120366
 10
0.24963665765105753
 20
15.592867160938571
 10
0.24871178811165434
 20
15.586389669211284
 10
0.2444607889770563
 20
15.554104675701657
 10
0.24367701408439368
 20
15.54760494722784
 10
0.24303525910055718
 20
15.541089663361698
 10
0.2425358296491018
 20
15.534561926882738
 10
0.23659884166595002
 20
15.44397911022846
 10
0.2266878535578925
 20
15.292766291624055
 10
0.22620608772983147
 20
15.28295899721219
 10
0.22567308783957757
 20
15.266674000565054
 10
0.22551253375312064
 20
15.256860404617072
  0
LWPOLYLINE
  5
49
330
17
100
AcDbEntity
  8
0
100
AcDbPolyline
 90
542
 70
0
 10
4.930563278836623
 20
8.682656526367449
 10
4.930563278753611
 20
6.855264010324467
 10
4.934577399135305
 20
6.797424267741139
 10
4.973587242169786
 20
6.631561976514604
 10
5.027791167538474
 20
6.508802296297239
 10
5.040995471375814
 20
6.4788976528707645
 10
5.135310136596582
 20
6.3412155666271435
 10
5.253317554913004
 20
6.223208146323897
 10
5.390999209799672
 20
6.128893773184453
 10
5.4828595651733965
 20
6.088333490362
 10
5.543662239946087
 20
6.061486508375254
 10
5.70951904681707
 20
6.022477101104245
 10
5.767367786482737
 20
6.01846127899287
 10
5.870000396859197
 20
6.018461278753127
 10
5.877362779143659
 20
6.018370923999506
 10
5.884720726586552
 20
6.018099914199579
 10
5.892069807018127
 20
6.017648412600152
 10
5.899405593609809
 20
6.017016691169972
 10
5.906723667540766
 20
6.016205130435895
 10
5.914019620659654
 20
6.015214219253674
 10
5.921289058139928
 20
6.0140445545134895
 10
5.928527601127138
 20
6.0126968407804
 10
6.023815571963491
 20
5.993742846630262
 10
6.0310186608058665
 20
5.99221794049818
 10
6.038182158219935
 20
5.990516725526031
 10
6.045301749405351
 20
5.9886402264092276
 10
6.052373146007878
 20
5.986589573422352
 10
6.059392088702396
 20
5.9843660017383495
 10
6.066354349758426
 20
5.98197085068455
 10
6.073255735586628
 20
5.979405562935949
 10
6.080092089264729
 20
5.976671683646235
 10
6.086859293041375
 20
5.973770859517099
 10
6.093553270816372
 20
5.97070483780637
 10
6.10016999059586
 20
5.96747546527559
 10
6.106705466920903
 20
5.964084687077651
 10
6.11315576326806
 20
5.9605345455851655
 10
6.1195169944204775
 20
5.956827179160283
 10
6.125785328808073
 20
5.952964820866687
 10
6.131956990815418
 20
5.948949797124551
 10
6.212737966123804
 20
5.894974813735597
 10
6.218809698989906
 20
5.89080921851765
 10
6.224777368970317
 20
5.886495862686979
 10
6.230637380999175
 20
5.882037344711382
 10
6.2363862048663234
 20
5.877436350507779
 10
6.242020377343987
 20
5.872695651824143
 10
6.247536504273108
 20
5.867818104569743
 10
6.252931262608063
 20
5.862806647094664
 10
6.258201402418548
 20
5.857664298419689
 10
8.590477815505015
 20
3.5253868913270043
 10
8.689651203204317
 20
3.449289499709111
 10
8.762131920281652
 20
3.39367355816049
 10
8.939600561930687
 20
3.2912117902835365
 10
8.949500390307444
 20
3.285496080548342
 10
9.149386738286585
 20
3.2026998985910122
 10
9.17884220394973
 20
3.1948075354817984
 10
9.358376033176034
 20
3.1467012413447244
 10
9.572883130410755
 20
3.118461279689816
 10
13.789243084772439
 20
3.1184612787574766
 10
14.003750595768947
 20
3.146702139471356
 10
14.212737991599854
 20
3.2026999598926347
 10
14.412627160621149
 20
3.2854964624556984
 10
14.599999582275094
 20
3.393676258770067
 10
14.771635108370642
 20
3.525376965386805
 10
16.924637742298934
 20
5.678376649746554
 10
17.056348569106483
 20
5.850025258445837
 10
17.164528344665303
 20
6.037397640964893
 10
17.247324848699908
 20
6.237286809376964
 10
17.303322670659586
 20
6.446274204795788
 10
17.331563532837915
 20
6.660781714714142
 10
17.331563533727273
 20
7.337141084935743
 10
17.303322673034906
 20
7.551648595769078
 10
17.247325037726934
 20
7.76063530074523
 10
17.23399006120698
 20
7.79282846710858
 10
17.164530186940517
 20
7.960520505071865
 10
17.056347109942
 20
8.147899289141366
 10
16.92464197227557
 20
8.319542027505415
 10
16.75778563538886
 20
8.486399288488062
 10
16.75774429136844
 20
8.486439632983842
 10
15.748619469217273
 20
9.495564454889301
 10
15.743477200643396
 20
9.500834512840902
 10
15.738465819176614
 20
9.506229185462434
 10
15.733588343698004
 20
9.511745222976327
 10
15.72884771242301
 20
9.517379302494195
 10
15.724246781131448
 20
9.523128030018563
 10
15.719788321447174
 20
9.528987942487433
 10
15.715475019168434
 20
9.534955509860435
 10
15.711309472649935
 20
9.541027137245358
 10
15.657333483556505
 20
9.621809120836083
 10
15.653318460842831
 20
9.627980742118304
 10
15.649456101852927
 20
9.634249035321048
 10
15.645748732985457
 20
9.64061022488928
 10
15.64219858728453
 20
9.64706047931408
 10
15.638807803094677
 20
9.653595913440462
 10
15.635578422772868
 20
9.66021259080751
 10
15.632512391458356
 20
9.666906526019392
 10
15.629611555901057
 20
9.67367368714589
 10
15.613296589373284
 20
9.713061602265983
 10
15.571245611217424
 20
9.785895230413463
 10
15.495289746781499
 20
9.917454902997092
 10
15.351603769036217
 20
10.10471315383449
 10
15.184712578160003
 20
10.271604345851504
 10
14.99746278519546
 20
10.415285469448472
 10
14.79306922190652
 20
10.533292859163195
 10
14.57500572410802
 20
10.623618843178075
 10
14.478827137833008
 20
10.64938967109739
 10
14.34702592267233
 20
10.684705586177293
 10
14.113023424557992
 20
10.715512532879295
 10
13.877001143495841
 20
10.71551253368593
 10
13.643002297517437
 20
10.68470647516498
 10
13.415020559102365
 20
10.623619734030555
 10
13.259468696191293
 20
10.559188206507029
 10
13.196963333147826
 20
10.53329687986597
 10
12.992574706387597
 20
10.415294421234792
 10
12.805310855201878
 20
10.271603965640368
 10
12.709517356304923
 20
10.175810467905256
 10
12.704247298489541
 20
10.170668199523956
 10
12.698852626012789
 20
10.165656818242178
 10
12.693336588651944
 20
10.160779342940696
 10
12.68770250929509
 20
10.156038711834665
 10
12.681953781939391
 20
10.151437780703619
 10
12.67609386964653
 20
10.146979321171138
 10
12.670126302456543
 20
10.142666019035211
 10
12.664054675261307
 20
10.138500472650298
 10
12.583272700019743
 20
10.08452448913543
 10
12.577101036243086
 20
10.080509439512817
 10
12.570832699250781
 20
10.076647055715855
 10
12.564471464675819
 20
10.072939664189937
 10
12.558021164106574
 20
10.069389498023325
 10
12.551485682778907
 20
10.06599869560209
 10
12.544868957235947
 20
10.062769299322088
 10
12.538174972956986
 20
10.059703254358759
 10
12.532141545994174
 20
10.057116952900198
 10
12.533722105172341
 20
10.055974525662116
 10
12.539581789388057
 20
10.051516194814562
 10
12.545330295872457
 20
10.046915402898707
 10
12.550964161940929
 20
10.04217492125897
 10
12.55647999396395
 20
10.037297605383618
 10
12.56187446941128
 20
10.032286393184725
 10
12.567144338853316
 20
10.027144303228486
 10
12.57228642791845
 20
10.02187443291695
 10
12.577297639205167
 20
10.016479956622254
 10
12.582174954147824
 20
10.010964123774505
 10
12.586915434834905
 20
10.005330256904445
 10
12.59151622577872
 20
9.999581749642077
 10
12.595974555635435
 20
9.993722064672482
 10
12.600287738874432
 20
9.987754731650018
 10
12.604453177395966
 20
9.981683345072186
 10
12.608468362096172
 20
9.97551156211445
 10
12.612330874378445
 20
9.969243100427285
 10
12.616038387610313
 20
9.962881735896802
 10
12.619588668524925
 20
9.956431300370303
 10
12.622979578566268
 20
9.949895679348115
 10
12.62620907517737
 20
9.943278809643108
 10
12.62927521303065
 20
9.93658467700931
 10
12.632176145199715
 20
9.929817313741047
 10
12.634910124271874
 20
9.922980796244019
 10
12.63747550340072
 20
9.916079242579848
 10
12.639870737298125
 20
9.909116809985496
 10
12.642094383165064
 20
9.902097692369113
 10
12.644145101560701
 20
9.895026117783779
 10
12.646021657209227
 20
9.88790634588068
 10
12.647722919743927
 20
9.880742665343261
 10
12.649247864388087
 20
9.87353939130388
 10
12.650595572572273
 20
9.866300862744536
 10
12.651765232487644
 20
9.859031439883225
 10
12.652756139574956
 20
9.851735501547516
 10
12.65356769694896
 20
9.8444174425369
 10
12.654199415757944
 20
9.837081670975532
 10
12.654650915478204
 20
9.829732605656952
 10
12.654921924143247
 20
9.822374673382349
 10
12.655012278507625
 20
9.815012306294042
 10
12.655012278753132
 20
8.01501250653976
 10
12.654921924371306
 20
8.00765013865889
 10
12.654650915649928
 20
8.000292205593109
 10
12.65419941583451
 20
7.9929431394861625
 10
12.653567696891665
 20
7.985607367140674
 10
12.652756139345259
 20
7.978289307351601
 10
12.651765232047213
 20
7.970993368244518
 10
12.650595571883029
 20
7.96372394462033
 10
12.649247863412256
 20
7.956485415308006
 10
12.64772291844408
 20
7.949282140526934
 10
12.64602165554833
 20
7.942118459260496
 10
12.644145099502158
 20
7.934998686642416
 10
12.642094380672757
 20
7.927927111357493
 10
12.639870734336471
 20
7.920907993058256
 10
12.637475499934702
 20
7.913945559799102
 10
12.634910120267092
 20
7.907044005489485
 10
12.632176140622423
 20
7.900207487367655
 10
12.629275207847806
 20
7.893440123496491
 10
12.62620906935667
 20
7.886745990282941
 10
12.62297957207619
 20
7.880129120022541
 10
12.61958866133477
 20
7.873593498470516
 10
12.616038379690245
 20
7.8671430624409036
 10
12.612330865699523
 20
7.860781697435169
 10
12.608468352630398
 20
7.854513235301725
 10
12.604453167116315
 20
7.848341451927766
 10
12.600287727754889
 20
7.842270064964817
 10
12.595974543651035
 20
7.8363027315893605
 10
12.591516212905574
 20
7.830443046299887
 10
12.586915421050241
 20
7.824694538751707
 10
12.582174939430013
 20
7.819060671630816
 10
12.577297623533761
 20
7.8135448385681014
 10
12.572286411274202
 20
7.80815036209515
 10
12.56714432121822
 20
7.802880491642875
 10
12.56187445076859
 20
7.797738401584183
 10
12.556479974298217
 20
7.792727189321849
 10
12.550964141238012
 20
7.787849873422758
 10
12.545330274119559
 20
7.783109391799632
 10
12.539581766573745
 20
7.778508599941342
 10
12.533722081286566
 20
7.774050269192868
 10
12.53214191560194
 20
7.772908126615783
 10
12.538175731164248
 20
7.770321665312886
 10
12.544869752177533
 20
7.767255610142402
 10
12.55148651378796
 20
7.764026201926409
 10
12.558022030453756
 20
7.760635385867428
 10
12.564472365570245
 20
7.757085204390416
 10
12.570833633841028
 20
7.753377795912534
 10
12.577102003618249
 20
7.749515393555092
 10
12.583273699210554
 20
7.745500323798455
 10
12.664055674519023
 20
7.691524340409589
 10
12.670127301941594
 20
7.687358793877726
 10
12.676094869351353
 20
7.683045491583933
 10
12.681954781856021
 20
7.6785870318829526
 10
12.687703509415178
 20
7.673986100573073
 10
12.693337588966763
 20
7.669245469278186
 10
12.698853626513246
 20
7.6643679937781535
 10
12.704248299166188
 20
7.659356612288461
 10
12.709518357147966
 20
7.654214343690231
 10
12.805308541633547
 20
7.558424159263825
 10
13.006541879446637
 20
7.404012213491079
 10
13.012327560416768
 20
7.399458820848101
 10
13.017999758456149
 20
7.394764818477916
 10
13.023555057168467
 20
7.389933033604168
 10
13.02899011056652
 20
7.3849663764376645
 10
13.034301645087522
 20
7.379867838423541
 10
13.039486461564797
 20
7.374640490439502
 10
13.044541437154646
 20
7.369287480946206
 10
13.049463527217252
 20
7.36381203409094
 10
13.113522507640905
 20
7.290768056485844
 10
13.11830901209121
 20
7.2851731531758
 10
13.122956767915893
 20
7.279462467254157
 10
13.12746297543193
 20
7.273639438684422
 10
13.13182492022119
 20
7.2677075751022935
 10
13.136039974765522
 20
7.2616704497027476
 10
13.140105600029509
 20
7.2555316990876495
 10
13.144019346989909
 20
7.249295021075158
 10
13.147778858110883
 20
7.242964172472261
 10
13.151381868764112
 20
7.236542966811776
 10
13.154826208592947
 20
7.230035272055178
 10
13.15810980281977
 20
7.22344500826265
 10
13.161230673495789
 20
7.216776145231736
 10
13.164186940692503
 20
7.210032700106048
 10
13.166976823634114
 20
7.203218734955444
 10
13.16959864177022
 20
7.196338354329147
 10
13.172050815788138
 20
7.189395702783276
 10
13.203280803083201
 20
7.097396740502585
 10
13.205561852701363
 20
7.09039601021516
 10
13.207670407531108
 20
7.083341408281122
 10
13.209605197439407
 20
7.076237184190587
 10
13.211365056964244
 20
7.069087617324642
 10
13.212948926016656
 20
7.06189701437756
 10
13.214355850519295
 20
7.054669706762572
 10
13.215584982981145
 20
7.047410048002753
 10
13.21663558300802
 20
7.04012241110858
 10
13.21750701774856
 20
7.032811185943755
 10
13.218198762275438
 20
7.025480776580881
 10
13.218710399901571
 20
7.01813559864857
 10
13.219041622431106
 20
7.010780076671598
 10
13.219192230345081
 20
7.003418641405699
 10
13.219162132921602
 20
6.996055727168599
 10
13.218951348290496
 20
6.988695769168918
 10
13.218560003422384
 20
6.98134320083452
 10
13.212206006119247
 20
6.884396240545063
 10
13.211634333005675
 20
6.877055449367551
 10
13.210882677713341
 20
6.869730898897923
 10
13.209951493022984
 20
6.862427001285479
 10
13.208841339859934
 20
6.8551481562386885
 10
13.207552886956217
 20
6.847898748374901
 10
13.206086910447736
 20
6.840683144579154
 10
13.204444293406734
 20
6.833505691373648
 10
13.20262602530986
 20
6.826370712299502
 10
13.200633201442118
 20
6.819282505312345
 10
13.1984670222371
 20
6.812245340193323
 10
13.196128792553871
 20
6.805263455977077
 10
13.193619920890944
 20
6.798341058398232
 10
13.190941918537838
 20
6.7914823173579695
 10
13.188096398664708
 20
6.784691364412157
 10
13.185085075350603
 20
6.7779722902825945
 10
13.18190976255095
 20
6.771329142392854
 10
13.138938780238751
 20
6.6841931780471056
 10
13.135601533538189
 20
6.677630230669038
 10
13.132104233754761
 20
6.67115115758313
 10
13.12844898740942
 20
6.664759861315346
 10
13.12463799615873
 20
6.658460191521233
 10
13.120673555468738
 20
6.652255942667162
 10
13.116558053232362
 20
6.646150851744818
 10
13.112293968331091
 20
6.640148596020305
 10
13.107883869141888
 20
6.634252790819224
 10
13.103330411990179
 20
6.6284669873490705
 10
13.098636339549882
 20
6.62279467056023
 10
13.093804479191418
 20
6.617239257046908
 10
13.088837741278699
 20
6.611804092989213
 10
13.083739117416144
 20
6.60649245213766
 10
13.078511678646745
 20
6.601307533841304
 10
13.073158573602301
 20
6.596252461120675
 10
13.0676830266069
 20
6.591330278786703
 10
12.994639056592419
 20
6.527271304958834
 10
12.989044153277824
 20
6.522484800500197
 10
12.98333346735129
 20
6.5178370446674645
 10
12.977510438776337
 20
6.513330837143672
 10
12.97157857518867
 20
6.508968892346964
 10
12.96554144978328
 20
6.5047538377955
 10
12.959402699162045
 20
6.500688212524708
 10
12.953166021143137
 20
6.4967744655578405
 10
12.946835172533554
 20
6.493014954430745
 10
12.940413966866126
 20
6.48941194377175
 10
12.933906272102348
 20
6.485967603937516
 10
12.92731600830241
 20
6.4826840097056655
 10
12.920647145263873
 20
6.479563139024998
 10
12.913903700130362
 20
6.476606871824025
 10
12.907089734971752
 20
6.473816988878551
 10
12.900209354337278
 20
6.471195170738981
 10
12.893266702783075
 20
6.4687429967180075
 10
12.801267734108018
 20
6.437513007252343
 10
12.79447963647447
 20
6.435298451354727
 10
12.787640757260611
 20
6.433246072636153
 10
12.780754970504328
 20
6.431357033712988
 10
12.773826176815353
 20
6.429632404674079
 10
12.766858301165666
 20
6.428073162474572
 10
12.759855290666106
 20
6.426680190382496
 10
12.752821112330448
 20
6.425454277478415
 10
12.745759750828189
 20
6.424396118208435
 10
12.738675206227347
 20
6.4235063119908204
 10
12.73157149172853
 20
6.422785362876438
 10
12.72445263139157
 20
6.42223367926323
 10
12.691950647752277
 20
6.420103680278843
 10
12.685416421107224
 20
6.419746988807774
 10
12.678875968889509
 20
6.419532906014832
 10
12.67233240314473
 20
6.419461533763832
 10
10.592127416349308
 20
6.4194615337531316
 10
10.58476503397687
 20
6.419551888491671
 10
10.577407086445735
 20
6.419822898280834
 10
10.570058005925814
 20
6.420274399873815
 10
10.562722219245838
 20
6.420906121301867
 10
10.555404145226799
 20
6.421717682038125
 10
10.548108192020202
 20
6.4227085932268215
 10
10.540838754452743
 20
6.423878257977761
 10
10.533600211379033
 20
6.42522597172586
 10
10.438312240543022
 20
6.444179965875934
 10
10.431109099746019
 20
6.44570488367481
 10
10.423945550981239
 20
6.447406112856729
 10
10.416825909142366
 20
6.4492826287029
 10
10.409754462676167
 20
6.451333300912316
 10
10.402735470999406
 20
6.453556894282589
 10
10.395773161933208
 20
6.4559520694539545
 10
10.388871729156488
 20
6.458517383716026
 10
10.382035329679917
 20
6.4612512918767955
 10
10.375268081341996
 20
6.464152147193366
 10
10.36857406032871
 20
6.467218202363851
 10
10.36195729871828
 20
6.4704476105798445
 10
10.355421782052481
 20
6.473838426638827
 10
10.348971446935991
 20
6.477388608115842
 10
10.342610178665206
 20
6.4810960165937255
 10
10.336341808887983
 20
6.484958418951167
 10
10.330170113295676
 20
6.488973488707806
 10
10.249388137987207
 20
6.54294947209668
 10
10.243316510555811
 20
6.5471150186347575
 10
10.23734894313754
 20
6.5514283209351944
 10
10.231489030624685
 20
6.555886780643237
 10
10.225740303057682
 20
6.560487711960585
 10
10.220106223498608
 20
6.565228343263331
 10
10.214590185945005
 20
6.570105818771605
 10
10.209195513285328
 20
6.575117200269904
 10
10.203925455297215
 20
6.5802594688770935
 10
8.592361469195898
 20
8.191823454910667
 10
8.587219200625157
 20
8.197093512860048
 10
8.582207819161388
 20
8.202488185479224
 10
8.577330343685661
 20
8.208004222990624
 10
8.572589712413418
 20
8.213638302505869
 10
8.567988781124471
 20
8.219387030027493
 10
8.563530321442666
 20
8.225246942493495
 10
8.559217019166253
 20
8.231214509863518
 10
8.55505147264993
 20
8.237286137245352
 10
8.50107548913534
 20
8.318068112486625
 10
8.49706041936968
 20
8.324239808073086
 10
8.493198017003076
 20
8.330508177844687
 10
8.489490608515894
 20
8.336869446110075
 10
8.485940427029453
 20
8.3433197812214
 10
8.482549610960922
 20
8.349855297882264
 10
8.479320202735261
 20
8.356472059487997
 10
8.476254147554995
 20
8.363166080496825
 10
8.47335329222854
 20
8.36993332883053
 10
8.470619384057784
 20
8.37676972830313
 10
8.468054069785634
 20
8.383671161076123
 10
8.4656588946041
 20
8.390633470138843
 10
8.463435301223578
 20
8.39765246181238
 10
8.461384629003836
 20
8.404723908275603
 10
8.45950811314727
 20
8.411843550111756
 10
8.457806883954895
 20
8.419007098874072
 10
8.456281966145504
 20
8.426210239668869
 10
8.43732797185914
 20
8.521498210463413
 10
8.435980258093874
 20
8.528736753573224
 10
8.434810593327596
 20
8.536006191177343
 10
8.433819682125403
 20
8.543302144421096
 10
8.433008121377506
 20
8.550620218477714
 10
8.432376399939688
 20
8.557956005195624
 10
8.43192489833882
 20
8.565305085753767
 10
8.431653888543659
 20
8.572663033323341
 10
8.431563533801013
 20
8.580025415734363
 10
8.431563533757528
 20
8.68265818567918
 10
8.427548793446597
 20
8.740497847361679
 10
8.388539365602167
 20
8.906359519475867
 10
8.321130930551774
 20
9.059025759004795
 10
8.226816675909621
 20
9.196707245879141
 10
8.164937594022781
 20
9.258586328807807
 10
7.14754879287773
 20
9.258586345081737
 10
7.134610766876156
 20
9.252467116560538
 10
7.127916642151089
 20
9.24940098287173
 10
7.121149286977676
 20
9.246500054470461
 10
7.114312777746868
 20
9.243766078762912
 10
7.107411232505318
 20
9.241200702589474
 10
7.02887229992155
 20
9.213099023139534
 10
7.021909866662483
 20
9.210703788734092
 10
7.014890748363232
 20
9.208480142394157
 10
7.0078191730782
 20
9.206429423561136
 10
7.000699400459915
 20
9.204552867511374
 10
6.919784208045421
 20
9.18428466690537
 10
6.912620526778674
 20
9.182583404006058
 10
6.9054172519972
 20
9.18105845903436
 10
6.898178722684381
 20
9.1797107505601
 10
6.89090929905961
 20
9.17854109039247
 10
6.808397104349632
 20
9.166301562481875
 10
6.801101165241858
 20
9.165310655180424
 10
6.793783105452006
 20
9.164499097630657
 10
6.786447333105654
 20
9.163867378684499
 10
6.779098266997762
 20
9.163415878865822
 10
6.695783707533577
 20
9.159322896995329
 10
6.688425774466783
 20
9.15905188827074
 10
6.68106340658482
 20
9.15896153388576
 10
6.673701038702806
 20
9.159051888266493
 10
6.666343105635855
 20
9.159322896986838
 10
6.583028546169226
 20
9.163415878809277
 10
6.575679480061074
 20
9.163867378623715
 10
6.568343707714357
 20
9.164499097565642
 10
6.561025647924037
 20
9.165310655111186
 10
6.55372970881569
 20
9.16630156240843
 10
6.47121751409892
 20
9.17854109027139
 10
6.463948090473492
 20
9.179710750434822
 10
6.456709561159914
 20
9.181058458904904
 10
6.449506286377578
 20
9.182583403872442
 10
6.442342605109866
 20
9.184284666767615
 10
6.361427412683321
 20
9.204552867327015
 10
6.354307640063909
 20
9.20642942337268
 10
6.3472360647776505
 20
9.208480142201635
 10
6.3402169464770735
 20
9.210703788537536
 10
6.333254513216582
 20
9.21309902293898
 10
6.2547155806165
 20
9.241200702343686
 10
6.247814026305573
 20
9.243766082011021
 10
6.240977508182436
 20
9.246500061655471
 10
6.234210144309972
 20
9.249400994429928
 10
6.22751601109513
 20
9.25246713292096
 10
6.1521097111762195
 20
9.2881316566363
 10
6.145492840914555
 20
9.291361153916727
 10
6.138957219361275
 20
9.294752064658148
 10
6.132506783330422
 20
9.298302346302728
 10
6.126145418323462
 20
9.302009860293559
 10
6.054597954975295
 20
9.344893759459843
 10
6.048329492840626
 20
9.348756272529142
 10
6.042157709465463
 20
9.352771458043451
 10
6.0360863225013315
 20
9.356936897405156
 10
6.030118989124715
 20
9.361250081509342
 10
5.963119403530597
 20
9.410940360735255
 10
5.957259718239983
 20
9.415398691481101
 10
5.951511210690689
 20
9.419999483336872
 10
5.9458773435687124
 20
9.424739964957583
 10
5.940361510504943
 20
9.42961728085437
 10
5.878555045300275
 20
9.485635395587234
 10
5.873160568826308
 20
9.490646607847367
 10
5.867890698373051
 20
9.495788697903965
 10
5.862748608313413
 20
9.501058568354257
 10
5.85773739605017
 20
9.506453044825333
 10
5.801719281281721
 20
9.568259509997622
 10
5.796841965381767
 20
9.573775343058562
 10
5.792101483757818
 20
9.579409210177786
 10
5.787500691898746
 20
9.58515771772441
 10
5.783042361149531
 20
9.591017403012435
 10
5.733352081885063
 20
9.658016988577733
 10
5.729038897777438
 20
9.663984321951855
 10
5.724873458412232
 20
9.670055708913578
 10
5.720858272894365
 20
9.67622749228642
 10
5.716995759821453
 20
9.682495954418854
 10
5.674111860613616
 20
9.754043417742707
 10
5.670404346619094
 20
9.760404782747562
 10
5.666854064970772
 20
9.766855218776401
 10
5.664456775902313
 20
9.771475739715443
 10
5.6446456191716
 20
9.70123147157981
 10
5.64256015025506
 20
9.69416991950564
 10
5.640302006989924
 20
9.68716167526816
 10
5.637872549649283
 20
9.680210960533106
 10
5.63527324170337
 20
9.673321962311277
 10
5.6325056489379834
 20
9.666498830436321
 10
5.629571438511283
 20
9.659745675064947
 10
5.626472377949514
 20
9.653066564201026
 10
5.623210334082279
 20
9.646465521245077
 10
5.619787271917984
 20
9.639946522570629
 10
5.616205253460145
 20
9.633513495128922
 10
5.61246643646527
 20
9.627170314083351
 10
5.608573073143051
 20
9.620920800475135
 10
5.604527508799676
 20
9.614768718921573
 10
5.600332180425037
 20
9.608717775348293
 10
5.595989615224733
 20
9.602771614756856
 10
5.591502429097711
 20
9.596933819029054
 10
5.531353452205631
 20
9.520636848188921
 10
5.526749845285643
 20
9.514941696599351
 10
5.522008599525712
 20
9.509360609165359
 10
5.5171325400739395
 20
9.503896911468312
 10
5.512124572409348
 20
9.498553859141003
 10
5.50698768061061
 20
9.493334635927727
 10
5.501724925577927
 20
9.488242351787196
 10
5.496339443209148
 20
9.483280041039418
 10
5.4908344425312
 20
9.478450660557645
 10
5.4852132037879215
 20
9.473757088006485
 10
5.479479076485492
 20
9.469202120127182
 10
5.4736354773965665
 20
9.464788471071147
 10
5.467685888524336
 20
9.460518770782674
 10
5.461633855027723
 20
9.456395563431858
 10
5.455482983108939
 20
9.452421305898602
 10
5.443365895692812
 20
9.444800111217692
 10
5.44308177671591
 20
9.44456453231601
 10
5.437299270452477
 20
9.440004734940791
 10
5.431406586241053
 20
9.435588242715717
 10
5.4254072746949875
 20
9.43131771678055
 10
5.419304950675504
 20
9.42719573032364
 10
5.41310329111358
 20
9.42322476703148
 10
5.406806032794429
 20
9.419407219592145
 10
5.402785960514826
 20
9.417103152880903
 10
5.253316692247912
 20
9.314713801530479
 10
5.135311021377742
 20
9.196708132647098
 10
5.040995356556806
 20
9.059024937054907
 10
4.973587090591492
 20
8.906361340641785
 10
4.934579632917516
 20
8.74051015561509
 10
4.930563278836623
 20
8.682656526367449
  0
LWPOLYLINE
  5
4A
330
17
100
AcDbEntity
  8
0
100
AcDbPolyline
 90
578
 70
0
 10
5.831063488600927
 20
6.568961538753125
 10
6.324897972049255
 20
6.568961513846646
 10
8.902980741303109
 20
3.9908787446009515
 10
8.90912892353078
 20
3.9848796395010293
 10
8.915422479451054
 20
3.9790332251654768
 10
8.969984878067608
 20
3.929580749676969
 10
8.976420016634522
 20
3.9238905478044424
 10
8.98299286160251
 20
3.9183599859204814
 10
8.989699453735533
 20
3.9129923954287635
 10
8.996535753233266
 20
3.9077910095650936
 10
9.055682607143913
 20
3.863924713081927
 10
9.06264449607522
 20
3.858892664966619
 10
9.06972778085848
 20
3.854032985717338
 10
9.076928194787799
 20
3.8493486026231487
 10
9.084241400603066
 20
3.8448423373812664
 10
9.147403095183382
 20
3.8069846745856215
 10
9.15482468768284
 20
3.8026592416017477
 10
9.16235019637671
 20
3.7985172463549515
 10
9.169975088179951
 20
3.7945611838282916
 10
9.177694770142857
 20
3.790793437005907
 10
9.244263023746917
 20
3.7593089978851966
 10
9.25207284582172
 20
3.755731836316891
 10
9.25996810366364
 20
3.7523474147510307
 10
9.267944041464576
 20
3.749157771836616
 10
9.275995854817833
 20
3.7461648288952696
 10
9.345329578773427
 20
3.7213568258094463
 10
9.35345241756779
 20
3.7185623856780596
 10
9.361641388908831
 20
3.715968131622904
 10
9.369891560066423
 20
3.7135756263256163
 10
9.37819796144595
 20
3.711386310941926
 10
9.44962943408976
 20
3.693493658522215
 10
9.45798706222554
 20
3.6915088518138663
 10
9.466390882794986
 20
3.6897297493541785
 10
9.474835833650824
 20
3.688157422807948
 10
9.483316827870436
 20
3.686792819285894
 10
9.556158125072027
 20
3.6759878335562304
 10
9.564670054000404
 20
3.674831775047105
 10
9.57320779039093
 20
3.673884957913668
 10
9.581766191430473
 20
3.6731479524831547
 10
9.590340101858294
 20
3.672621202700075
 10
9.663889724439235
 20
3.669007941446967
 10
9.672473979659689
 20
3.6686917646055117
 10
9.68106340883108
 20
3.6685863511593295
 10
13.681063403921343
 20
3.668586351165348
 10
13.689652833163652
 20
3.668691764613297
 10
13.698237088454897
 20
3.669007941459999
 10
13.771786711278617
 20
3.6726212027551424
 10
13.780360621727604
 20
3.673147952543301
 10
13.788919022788138
 20
3.673884957979935
 10
13.797456759199438
 20
3.6748317751205293
 10
13.805968688148338
 20
3.6759878336378407
 10
13.878809985343137
 20
3.686792819415139
 10
13.88729097956188
 20
3.688157422942739
 10
13.895735930416715
 20
3.689729749494492
 10
13.90413975098502
 20
3.6915088519596777
 10
13.912497379119527
 20
3.693493658673495
 10
13.983928851751285
 20
3.7113863111398104
 10
13.992235253129325
 20
3.713575626528914
 10
14.000485424285294
 20
3.715968131831576
 10
14.008674395624585
 20
3.718562385892063
 10
14.016797234417066
 20
3.7213568260287344
 10
14.086130958356346
 20
3.746164829159791
 10
14.094182771707679
 20
3.7491577721064075
 10
14.102158709506561
 20
3.7523474150260436
 10
14.1100539673463
 20
3.755731836597074
 10
14.117863789418797
 20
3.759308998170496
 10
14.184432043002479
 20
3.790793437334791
 10
14.192151724962923
 20
3.7945611841622195
 10
14.199776616763579
 20
3.7985172466938613
 10
14.207302125454742
 20
3.802659241945574
 10
14.214723717951374
 20
3.8069846749342973
 10
14.277885412507276
 20
3.8448423377714023
 10
14.28519861831962
 20
3.8493486030180764
 10
14.2923990322459
 20
3.854032986116985
 10
14.299482317026005
 20
3.85889266537091
 10
14.306444205954044
 20
3.8639247134907837
 10
14.365591059835843
 20
3.907791010012483
 10
14.372427359313287
 20
3.912992395867439
 10
14.379133951426565
 20
3.9183599863495377
 10
14.38570679637539
 20
3.923890548222995
 10
14.392141934923755
 20
3.9295807500841575
 10
14.446704333338628
 20
3.9790332254305
 10
14.452997889205172
 20
3.984879639719745
 10
14.45914607138148
 20
3.99087874477081
 10
16.45914606790596
 20
5.990878741303823
 10
16.465145173005766
 20
5.99702692353138
 10
16.47099158734121
 20
6.003320479451534
 10
16.520444062829363
 20
6.057882878067654
 10
16.526134264701952
 20
6.0643180166346395
 10
16.531664826585974
 20
6.070890861602698
 10
16.53703241707775
 20
6.077597453735796
 10
16.542233802941475
 20
6.084433753233609
 10
16.586100099424534
 20
6.143580607144199
 10
16.591132147539806
 20
6.150542496075466
 10
16.59599182678905
 20
6.157625780858681
 10
16.600676209883208
 20
6.164826194787954
 10
16.60518247512506
 20
6.172139400603175
 10
16.64304013792052
 20
6.235301095183193
 10
16.64736557090439
 20
6.242722687682644
 10
16.65150756615118
 20
6.250248196376507
 10
16.65546362867784
 20
6.257873088179743
 10
16.65923137550022
 20
6.265592770142641
 10
16.690715814621264
 20
6.332161023747405
 10
16.694292976189615
 20
6.339970845822313
 10
16.697677397755516
 20
6.347866103664339
 10
16.70086704066997
 20
6.355842041465382
 10
16.703859983611345
 20
6.363893854818751
 10
16.728667986697126
 20
6.433227578774509
 10
16.73146242682845
 20
6.441350417568715
 10
16.73405668088355
 20
6.449539388909597
 10
16.73644918618079
 20
6.4577895600670265
 10
16.73863850156444
 20
6.466095961446391
 10
16.756531153983946
 20
6.537527434089184
 10
16.758515960692314
 20
6.5458850622250315
 10
16.760295063152018
 20
6.554288882794544
 10
16.761867389698264
 20
6.56273383365045
 10
16.763231993220327
 20
6.57121482787013
 10
16.77403697895002
 20
6.644056125071992
 10
16.775193037459143
 20
6.652568054000364
 10
16.77613985459258
 20
6.661105790390884
 10
16.77687686002309
 20
6.669664191430423
 10
16.777403609806168
 20
6.678238101858239
 10
16.78101687105929
 20
6.7517877244396205
 10
16.781333047900794
 20
6.760371979662086
 10
16.781438461346927
 20
6.768961408835489
 10
16.7814384613409
 20
7.228961403925597
 10
16.7813330478929
 20
7.237550833165927
 10
16.781016871046244
 20
7.246135088455194
 10
16.777403609751087
 20
7.319684711278764
 10
16.776876859962933
 20
7.328258621727682
 10
16.776139854526303
 20
7.336817022788146
 10
16.77519303738572
 20
7.345354759199378
 10
16.77403697886842
 20
7.3538666881482095
 10
16.763231993091207
 20
7.426707985342689
 10
16.761867389563598
 20
7.435188979561525
 10
16.760295063011828
 20
7.443633930416451
 10
16.75851596054662
 20
7.4520377509848466
 10
16.75653115383278
 20
7.460395379119443
 10
16.738638501366236
 20
7.53182685175194
 10
16.736449185977136
 20
7.540133253129947
 10
16.73405668067448
 20
7.548383424285885
 10
16.731462426613998
 20
7.556572395625143
 10
16.728667986477337
 20
7.564695234417592
 10
16.70385998334631
 20
7.634028958356752
 10
16.70086704039968
 20
7.642080771708121
 10
16.697677397480025
 20
7.650056709507037
 10
16.694292975908976
 20
7.65795196734681
 10
16.690715814335533
 20
7.66576178941934
 10
16.659231375171288
 20
7.7323300430028095
 10
16.655463628343878
 20
7.740049724963205
 10
16.651507565812256
 20
7.747674616763815
 10
16.647365570560563
 20
7.755200125454933
 10
16.643040137571866
 20
7.762621717951521
 10
16.605182474734825
 20
7.825783412507309
 10
16.600676209488153
 20
7.83309661831965
 10
16.595991826389245
 20
7.840297032245926
 10
16.591132147135323
 20
7.847380317026027
 10
16.58610009901545
 20
7.8543422059540635
 10
16.54223380249371
 20
7.9134890598359195
 10
16.53703241663874
 20
7.920325359313379
 10
16.53166482615663
 20
7.927031951426675
 10
16.526134264283154
 20
7.933604796375513
 10
16.52044406242198
 20
7.9400399349238935
 10
16.47099158707531
 20
7.994602333339101
 10
16.465145173786674
 20
8.000895888154666
 10
16.459146069787202
 20
8.007044069329742
 10
15.192358187354149
 20
9.27383197276562
 10
15.191187698897197
 20
9.27786821464849
 10
15.188593444837464
 20
9.286057185986792
 10
15.185799004701598
 20
9.294180024778312
 10
15.156044285090635
 20
9.377338895117466
 10
15.153051342144447
 20
9.38539070846898
 10
15.149861699225236
 20
9.393366646268051
 10
15.146477277654624
 20
9.40126190410799
 10
15.142900116081615
 20
9.409071726180697
 10
15.10513767891461
 20
9.488913691302058
 10
15.101369932087614
 20
9.496633373262672
 10
15.0974138695564
 20
9.504258265063513
 10
15.093271874305112
 20
9.51178377375487
 10
15.088946441316807
 20
9.519205366251704
 10
15.04353995950683
 20
9.594961504385033
 10
15.039033694260556
 20
9.602274710197618
 10
15.034349311162043
 20
9.609475124124145
 10
15.029489631908504
 20
9.61655840890451
 10
15.024457583789012
 20
9.623520297832819
 10
14.971844346577466
 20
9.694461035955392
 10
14.966642960709711
 20
9.701297335449995
 10
14.961275370213984
 20
9.708003927579787
 10
14.955744808326097
 20
9.714576772544445
 10
14.950054606449726
 20
9.721011911107938
 10
14.890741308072705
 20
9.78645405113114
 10
14.884894893772628
 20
9.792747607006687
 10
14.87889578871027
 20
9.798895789191494
 10
14.872747606522196
 20
9.804894894250504
 10
14.866454050643464
 20
9.810741308547152
 10
14.801011910587542
 20
9.870054606888909
 10
14.794576772020918
 20
9.875744808761803
 10
14.788003927053214
 20
9.881275370646138
 10
14.781297334920463
 20
9.886642961138236
 10
14.774461035422991
 20
9.891844347002293
 10
14.703520297271627
 20
9.944457584175248
 10
14.696558408340598
 20
9.949489632290929
 10
14.68947512355761
 20
9.954349311540588
 10
14.682274709628555
 20
9.959033694635163
 10
14.67496150381354
 20
9.963539959877439
 10
14.599205365655683
 20
10.00894644164602
 10
14.591783773156465
 20
10.013271874630293
 10
14.584258264462825
 20
10.017413869877496
 10
14.576633372659803
 20
10.021369932404568
 10
14.568913690697109
 20
10.02513767922737
 10
14.489071725555156
 20
10.062900116350853
 10
14.481261903480537
 20
10.066477277919589
 10
14.47336664563879
 20
10.069861699485882
 10
14.465390707838019
 20
10.073051342400733
 10
14.457338894484913
 20
10.07604428534252
 10
14.374180024129323
 20
10.105799004908272
 10
14.366057185335118
 20
10.108593445040098
 10
14.35786821399422
 20
10.111187699095698
 10
14.349618042836763
 20
10.11358020439343
 10
14.341311641457358
 20
10.115769519777572
 10
14.25563673126887
 20
10.13722996757052
 10
14.247279103133202
 20
10.13921477427932
 10
14.23887528256386
 20
10.140993876739463
 10
14.230430331708114
 20
10.142566203286151
 10
14.221949337488581
 20
10.143930806808665
 10
14.134583483687493
 20
10.15689030698508
 10
14.126071554737893
 20
10.158046365497293
 10
14.117533818326018
 20
10.158993182632774
 10
14.108975417265036
 20
10.159730188064282
 10
14.100401506815725
 20
10.160256937847304
 10
14.012186090332616
 20
10.164590683336126
 10
14.003601835098078
 20
10.164906860176288
 10
13.995012405912636
 20
10.165012273620489
 10
13.986422976727251
 20
10.164906860171609
 10
13.977838721492885
 20
10.16459068332677
 10
13.88962330501222
 20
10.160256937789894
 10
13.881049394563197
 20
10.1597301880022
 10
13.872490993502618
 20
10.15899318256603
 10
13.863953257091259
 20
10.1580463654259
 10
13.85544132814229
 20
10.156890306909048
 10
13.768075474347993
 20
10.143930806684999
 10
13.759594480129184
 20
10.142566203157863
 10
13.751149529274274
 20
10.140993876606569
 10
13.74274570870588
 20
10.139214774141841
 10
13.734388080571277
 20
10.13722996742848
 10
13.64871317039484
 20
10.115769519588929
 10
13.640406769016677
 20
10.113580204200275
 10
13.632156597860572
 20
10.11118769889806
 10
13.623967626521136
 20
10.108593444838016
 10
13.615844787728498
 20
10.105799004701785
 10
13.532685917389223
 20
10.0760442850908
 10
13.524634104037721
 20
10.07305134214462
 10
13.51665816623866
 20
10.069861699225413
 10
13.508762908398731
 20
10.066477277654808
 10
13.500953086326035
 20
10.062900116081808
 10
13.421111121204461
 20
10.02513767891474
 10
13.413391439243819
 20
10.021369932087733
 10
13.405766547442953
 20
10.017413869556508
 10
13.39824103875157
 20
10.013271874305206
 10
13.390819446254708
 20
10.008946441316889
 10
13.315063308121266
 20
9.963539959506848
 10
13.307750102308683
 20
9.959033694260574
 10
13.300549688382157
 20
9.954349311162062
 10
13.293466403601794
 20
9.949489631908527
 10
13.286504514673487
 20
9.944457583789037
 10
13.21556377655097
 20
9.89184434657754
 10
13.208727477056353
 20
9.886642960709773
 10
13.202020884926547
 20
9.881275370214036
 10
13.195448039961876
 20
9.875744808326138
 10
13.189012901398371
 20
9.870054606449754
 10
13.123570761375078
 20
9.810741308072634
 10
13.11727720549955
 20
9.804894893772575
 10
13.111129023314762
 20
9.798895788710233
 10
13.105129918255768
 20
9.792747606522179
 10
13.099283503959136
 20
9.786454050643465
 10
13.039970205617244
 20
9.721011910587416
 10
13.034280003744318
 20
9.714576772020754
 10
13.02874944185995
 20
9.708003927053012
 10
13.023381851367821
 20
9.70129733492022
 10
13.018180465503738
 20
9.694461035422707
 10
12.965567228330874
 20
9.623520297271407
 10
12.960535180215215
 20
9.616558408340401
 10
12.955675500965574
 20
9.609475123557438
 10
12.950991117871018
 20
9.602274709628405
 10
12.94648485262876
 20
9.594961503813417
 10
12.901078370860365
 20
9.519205365655859
 10
12.896752937876085
 20
9.511783773156633
 10
12.89261094262888
 20
9.504258264462985
 10
12.888654880101804
 20
9.496633372659954
 10
12.884887133278998
 20
9.488913690697249
 10
12.847124696155195
 20
9.409071725554586
 10
12.843547534586431
 20
9.401261903479899
 10
12.840163113020113
 20
9.393366645638084
 10
12.836973470105239
 20
9.385390707837242
 10
12.833980527163433
 20
9.377338894484065
 10
12.804225807597717
 20
9.294180024128313
 10
12.801431367465945
 20
9.28605718533424
 10
12.798837113410393
 20
9.27786821399348
 10
12.796444608112699
 20
9.269618042836163
 10
12.794255292728591
 20
9.261311641456897
 10
12.772794844935843
 20
9.17563673126944
 10
12.770810038227019
 20
9.167279103133698
 10
12.769030935766857
 20
9.158875282564278
 10
12.767458609220155
 20
9.150430331708453
 10
12.766094005697628
 20
9.141949337488843
 10
12.753134505521192
 20
9.054583483687455
 10
12.751978447008986
 20
9.046071554737896
 10
12.751031629873511
 20
9.037533818326061
 10
12.750294624442006
 20
9.02897541726512
 10
12.749767874658986
 20
9.020401506815851
 10
12.745434129170135
 20
8.932186090332543
 10
12.74511795232997
 20
8.923601835097948
 10
12.745012538885769
 20
8.915012405912448
 10
12.74511795233465
 20
8.906422976727004
 10
12.745434129179495
 20
8.897838721492578
 10
12.749767874716406
 20
8.80962330501202
 10
12.750294624504097
 20
8.801049394563085
 10
12.751031629940261
 20
8.792490993502593
 10
12.751978447080381
 20
8.783953257091321
 10
12.753134505597217
 20
8.775441328142438
 10
12.766094005821174
 20
8.688075474348434
 10
12.767458609348324
 20
8.679594480129527
 10
12.769030935899634
 20
8.671149529274519
 10
12.770810038364383
 20
8.66274570870603
 10
12.772794845077769
 20
8.65438808057133
 10
12.794255292917555
 20
8.568713170394169
 10
12.796444608306206
 20
8.560406769016035
 10
12.798837113608416
 20
8.55215659785996
 10
12.801431367668453
 20
8.543967626520555
 10
12.804225807804679
 20
8.535844787727948
 10
12.833980527415642
 20
8.452685917388793
 10
12.836973470361828
 20
8.444634104037283
 10
12.84016311328104
 20
8.436658166238214
 10
12.84354753485165
 20
8.428762908398276
 10
12.847124696424657
 20
8.420953086325573
 10
12.884887133591661
 20
8.341111121204206
 10
12.88865488041866
 20
8.333391439243588
 10
12.892610942949874
 20
8.325766547442745
 10
12.896752938201164
 20
8.318241038751387
 10
12.90107837118947
 20
8.310819446254548
 10
12.946484852999447
 20
8.23506330812122
 10
12.950991118245721
 20
8.227750102308635
 10
12.955675501344235
 20
8.220549688382107
 10
12.960535180597773
 20
8.213466403601743
 10
12.965567228717266
 20
8.206504514673433
 10
13.018180465928811
 20
8.13556377655086
 10
13.023381851796566
 20
8.128727477056257
 10
13.028749442292293
 20
8.122020884926465
 10
13.03428000418018
 20
8.115448039961807
 10
13.039970206056552
 20
8.109012901398314
 10
13.099283504433572
 20
8.043570761375113
 10
13.105129918733649
 20
8.037277205499565
 10
13.111129023796007
 20
8.031129023314758
 10
13.117277205984081
 20
8.025129918255749
 10
13.123570761862814
 20
8.0192835039591
 10
13.189012901918735
 20
7.959970205617343
 10
13.19544804048536
 20
7.954280003744449
 10
13.202020885453063
 20
7.948749441860114
 10
13.208727477585814
 20
7.9433818513680166
 10
13.215563777083286
 20
7.93818046550396
 10
13.28650451523465
 20
7.885567228331004
 10
13.29346640416568
 20
7.8805351802153245
 10
13.300549688948667
 20
7.875675500965664
 10
13.307750102877723
 20
7.870991117871089
 10
13.315063308692737
 20
7.8664848526288145
 10
13.390819446850594
 20
7.821078370860234
 10
13.398241039349811
 20
7.816752937875959
 10
13.405766548043452
 20
7.812610942628757
 10
13.413391439846475
 20
7.808654880101685
 10
13.421111121809169
 20
7.804887133278883
 10
13.500953086951121
 20
7.7671246961554
 10
13.50876290902574
 20
7.763547534586665
 10
13.516658166867487
 20
7.760163113020371
 10
13.524634104668259
 20
7.756973470105519
 10
13.532685918021365
 20
7.753980527163732
 10
13.615844788376954
 20
7.72422580759798
 10
13.623967611729826
 20
7.721431372567282
 10
13.632156567388316
 20
7.71883712285184
 10
13.636192855030924
 20
7.717666620618957
 10
14.354898016661503
 20
6.998961350893302
 10
13.225273093712095
 20
5.8693364627294935
 10
10.136853648832409
 20
5.8693364921826126
 10
7.881063273697416
 20
8.125126909084935
 10
7.881063273507626
 20
8.618961306387638
 10
7.8809578600578165
 20
8.627550735571715
 10
7.8806416832121124
 20
8.636134990804752
 10
7.880114933423622
 20
8.644708901252384
 10
7.879377927986721
 20
8.653267302311558
 10
7.878431110845927
 20
8.661805038721496
 10
7.87727505232848
 20
8.670316967669033
 10
7.875910448800806
 20
8.678797961886454
 10
7.87433812224904
 20
8.68724291273997
 10
7.872559019783907
 20
8.695646733306965
 10
7.8705742130702046
 20
8.70400436144017
 10
7.86838489768128
 20
8.712310762816909
 10
7.86599239237886
 20
8.720560933971592
 10
7.863398138318678
 20
8.728749905309613
 10
7.860603698182373
 20
8.736872744100841
 10
7.85761075523619
 20
8.744924557450924
 10
7.854421112317048
 20
8.752900495248578
 10
7.851036690746572
 20
8.760795753087116
 10
7.847459529173763
 20
8.768605575158437
 10
7.843691782346994
 20
8.776325257117758
 10
7.839735719816068
 20
8.783950148917324
 10
7.8355937245651255
 20
8.791475657607428
 10
7.831268291577225
 20
8.798897250103037
 10
7.82676202633146
 20
8.806210455914341
 10
7.822077643233515
 20
8.81341086983962
 10
7.817217963980604
 20
8.82049415461877
 10
7.812185915861796
 20
8.827456043545897
 10
7.806984529994714
 20
8.83429234303944
 10
7.801616939499712
 20
8.840998935168207
 10
7.796086377612596
 20
8.84757178013188
 10
7.790396175737046
 20
8.854006918694425
 10
7.784549761437898
 20
8.860300474569001
 10
7.778550656376515
 20
8.86644865675288
 10
7.772402474189463
 20
8.872447761811012
 10
7.766108918311796
 20
8.878294176106833
 10
7.759673779746242
 20
8.88398437797898
 10
7.753100934779646
 20
8.88951493986262
 10
7.746394342648039
 20
8.894882530354076
 10
7.739558043151747
 20
8.900083916217543
 10
7.732596154221958
 20
8.905115964332671
 10
7.72551286944024
 20
8.909975643581834
 10
7.718312455512483
 20
8.914660026675973
 10
7.710999249698796
 20
8.919166291917872
 10
7.703577657200901
 20
8.923491724901847
 10
7.696052148508605
 20
8.92763372014881
 10
7.688427256706948
 20
8.931589782675706
 10
7.680707574745635
 20
8.935357529498393
 10
7.672897752672422
 20
8.938934691067072
 10
7.665002494832096
 20
8.942319112633372
 10
7.657026557032754
 20
8.945508755548298
 10
7.648974743681088
 20
8.948501698490222
 10
7.6408519048883825
 20
8.951296138622233
 10
7.632662933548991
 20
8.953890392678085
 10
7.624412762393042
 20
8.956282897976143
 10
7.616106361015144
 20
8.958472213360675
 10
7.607748732880891
 20
8.960457020069958
 10
7.599344912312956
 20
8.962236122530648
 10
7.590899961458609
 20
8.963808449077947
 10
7.582418967240465
 20
8.965173052601138
 10
7.573907038292317
 20
8.966329111114083
 10
7.565369301881878
 20
8.967275928250363
 10
7.556810900822315
 20
8.968012933682738
 10
7.548236990374405
 20
8.968539683466696
 10
7.539652735141201
 20
8.96885586030786
 10
7.531063305957067
 20
8.968961273753129
 10
5.8310635062025735
 20
8.968961273507565
 10
5.822474077017949
 20
8.968855860059803
 10
5.813889821784316
 20
8.96853968321612
 10
5.805315911336039
 20
8.968012933429621
 10
5.796757510276172
 20
8.967275927994685
 10
5.788219773865495
 20
8.966329110855822
 10
5.779707844917173
 20
8.965173052340278
 10
5.7712268506989215
 20
8.963808448814472
 10
5.7627818998445335
 20
8.962236122264544
 10
5.754378079276624
 20
8.960457019801211
 10
5.746020451142464
 20
8.958472213089275
 10
5.73771404976473
 20
8.95628289770208
 10
5.729463878609011
 20
8.953890392401352
 10
5.72127490726992
 20
8.951296138342824
 10
5.7131520684775845
 20
8.948501698208133
 10
5.705100255126359
 20
8.945508755263527
 10
5.697124317327528
 20
8.942319112345919
 10
5.689229059487784
 20
8.938934690776938
 10
5.681419237415223
 20
8.93535752920558
 10
5.6736995554546334
 20
8.931589782380222
 10
5.66607466365377
 20
8.927633719850663
 10
5.6585491549623415
 20
8.923491724601043
 10
5.651127562465383
 20
8.919166291614422
 10
5.643814356652705
 20
8.914660026369893
 10
5.6366139427260284
 20
8.909975643273137
 10
5.629530657945462
 20
8.905115964021373
 10
5.622568769016894
 20
8.900083915903663
 10
5.615732469521895
 20
8.894882530037636
 10
5.609025877391652
 20
8.889514939543641
 10
5.60245303242649
 20
8.883984377657487
 10
5.596017893862438
 20
8.878294175782852
 10
5.589724337986343
 20
8.872447761484572
 10
5.583576155800933
 20
8.86644865642401
 10
5.57757705074126
 20
8.860300474237734
 10
5.57173063644389
 20
8.854006918360795
 10
5.5660404345701835
 20
8.847571779795922
 10
5.560509872684979
 20
8.84099893482996
 10
5.555142282191953
 20
8.834292342698943
 10
5.5499408963269135
 20
8.827456043203192
 10
5.54490884821021
 20
8.820494154273897
 10
5.5400491689594675
 20
8.813410869492628
 10
5.535364785863752
 20
8.806210455565274
 10
5.530858520620279
 20
8.798897249751946
 10
5.52653308763473
 20
8.791475657254363
 10
5.522391092386198
 20
8.783950148562335
 10
5.5184350298577405
 20
8.776325256760902
 10
5.514667283033496
 20
8.768605574799768
 10
5.511090121463268
 20
8.76079575272669
 10
5.507705699895427
 20
8.752900494886456
 10
5.5045160569789715
 20
8.744924557087165
 10
5.501523114035528
 20
8.736872743735507
 10
5.4987286739020105
 20
8.728749904942768
 10
5.496134419844665
 20
8.720560933603302
 10
5.493741914545129
 20
8.712310762447238
 10
5.491552599159135
 20
8.704004361069186
 10
5.489567792448406
 20
8.69564673293474
 10
5.487788689986287
 20
8.687242912366575
 10
5.486216363437578
 20
8.67879796151196
 10
5.4848517599129964
 20
8.67031696729351
 10
5.483695701398681
 20
8.661805038345022
 10
5.482748884261054
 20
8.653267301934207
 10
5.482011878827353
 20
8.644708900874235
 10
5.481485129042094
 20
8.636134990425882
 10
5.481168952199649
 20
8.627550735192203
 10
5.481063538753129
 20
8.618961306007563
 10
5.481063538753129
 20
6.918961506253126
 10
5.4811689521929
 20
6.910372077343429
 10
5.481485129015104
 20
6.901787822384196
 10
5.482011878766656
 20
6.893213912209296
 10
5.482748884153225
 20
6.884655511421287
 10
5.483695701230351
 20
6.876117775280454
 10
5.484851759670868
 20
6.867605846599472
 10
5.486216363108445
 20
6.859124852645567
 10
5.487788689557048
 20
6.850679902052044
 10
5.4895677919060795
 20
6.842276081741037
 10
5.491552598490877
 20
6.833918453859337
 10
5.493741913738248
 20
6.825612052729146
 10
5.496134418886636
 20
6.817361881815586
 10
5.498728672780493
 20
6.809172910712802
 10
5.50152311273838
 20
6.801050072150466
 10
5.504516055494266
 20
6.79299825902248
 10
5.507705698211462
 20
6.785022321439683
 10
5.511090119568587
 20
6.777127063808329
 10
5.514667280916901
 20
6.769317241936087
 10
5.518435027508301
 20
6.761597560167322
 10
5.522391089793273
 20
6.753972668549375
 10
5.526533084787976
 20
6.746447160031549
 10
5.530858517509666
 20
6.739025567698487
 10
5.535364782479575
 20
6.731712362039613
 10
5.540049165292361
 20
6.724511948256274
 10
5.544908844251157
 20
6.717428663608214
 10
5.549940892067264
 20
6.710466774800969
 10
5.555142277623431
 20
6.703630475415768
 10
5.560509867799693
 20
6.696923883383467
 10
5.566040429360642
 20
6.690351038504073
 10
5.5717306309030095
 20
6.6839159000133135
 10
5.577577044862377
 20
6.67762234419774
 10
5.5835761495778105
 20
6.671474162059801
 10
5.589724331413185
 20
6.665475057034284
 10
5.596017886933896
 20
6.659628642757502
 10
5.602453025137671
 20
6.653938440890579
 10
5.609025869738132
 20
6.64840787899813
 10
5.615732461499718
 20
6.643040288483622
 10
5.622568760622589
 20
6.637838902582667
 10
5.6295306491760435
 20
6.632806854415438
 10
5.636613933579006
 20
6.627947175099396
 10
5.643814347126089
 20
6.623262791923459
 10
5.65112755255769
 20
6.6187565265847095
 10
5.658549144672599
 20
6.6144310934887125
 10
5.666074652981524
 20
6.610289098114461
 10
5.673699544399947
 20
6.606333035444928
 10
5.681419225978687
 20
6.602565288464186
 10
5.689229047670516
 20
6.598988126721986
 10
5.697124305131176
 20
6.595603704966664
 10
5.705100242553103
 20
6.592414061847203
 10
5.7131520555301405
 20
6.589421118685225
 10
5.72127489395154
 20
6.586626678317664
 10
5.729463864923483
 20
6.584032424010797
 10
5.737714035716377
 20
6.581639918446312
 10
5.746020436736151
 20
6.579450602780009
 10
5.754378064517748
 20
6.577465795773695
 10
5.7627818847390255
 20
6.575686693000819
 10
5.771226835253248
 20
6.574114366126295
 10
5.77970782913833
 20
6.572749762260981
 10
5.788219757761006
 20
6.571593703391166
 10
5.796757493854086
 20
6.5706468858834395
 10
5.805315894604924
 20
6.569909880065229
 10
5.8138898047532575
 20
6.569383129881253
 10
5.822474059696544
 20
6.569066952626103
 10
5.831063488600927
 20
6.568961538753125
  0
LWPOLYLINE
  5
4B
330
17
100
AcDbEntity
  8
0
100
AcDbPolyline
 90
392
 70
0
 10
0.17551253875312045
 20
15.256860404617061
 10
0.1755125387558063
 20
2.5731654078069863
 10
0.17569985185832993
 20
2.561716212490671
 10
0.1762328517539271
 20
2.5454312157620773
 10
0.1767948196726431
 20
2.5339907792746206
 10
0.19264181936738767
 20
2.2921967840960593
 10
0.19322472234280635
 20
2.2845781547749597
 10
0.19397379981303425
 20
2.2769740656411668
 10
0.1948886947689754
 20
2.2693881407911127
 10
0.19914069392464562
 20
2.237101147284205
 10
0.20021947975336957
 20
2.229546683901337
 10
0.20146271045110864
 20
2.222017535656047
 10
0.20286979501433788
 20
2.2145172817337277
 10
0.24854979374818353
 20
1.9848702881540001
 10
0.2501202609014985
 20
1.9774016025528867
 10
0.2518532053330107
 20
1.969968935784814
 10
0.25374780304331007
 20
1.9625758220156333
 10
0.26217380135919593
 20
1.9311258283430026
 10
0.2642311576993511
 20
1.9237688991526047
 10
0.2664485885341131
 20
1.916458624006213
 10
0.2688250375132263
 20
1.9091984854074964
 10
0.3440940354182679
 20
1.6874634916123084
 10
0.3466266600498532
 20
1.6802616473834138
 10
0.3493157591648898
 20
1.6731167545380812
 10
0.3521600533941002
 20
1.666032212339784
 10
0.3646100508985048
 20
1.6359742183928865
 10
0.3676093799798402
 20
1.6289506861332064
 10
0.3707612422969663
 20
1.6219942686446713
 10
0.3740641371519753
 20
1.6151082780900985
 10
0.47763613426518203
 20
1.4050852839681134
 10
0.48108794504104496
 20
1.3982740439997303
 10
0.48468752663371995
 20
1.39153972889744
 10
0.4884331657011857
 20
1.384885544085193
 10
0.5047041624366004
 20
1.3567035497609434
 10
0.5085936860423912
 20
1.3501333053390456
 10
0.512625604864585
 20
1.3436494688007978
 10
0.5167980001536145
 20
1.3372551257387184
 10
0.5554221823682832
 20
1.2794498530350242
 10
0.6468871806487693
 20
1.1425628556276937
 10
0.6511991399765114
 20
1.1362595290046555
 10
0.6556476045657273
 20
1.1300517852471141
 10
0.6602304564050836
 20
1.1239425799977127
 10
0.6800594524275521
 20
1.0981015851988076
 10
0.6847730123458394
 20
1.0920956925762353
 10
0.6896164519000341
 20
1.0861940414020286
 10
0.6945874664667719
 20
1.080399439821727
 10
0.8489654621580349
 20
0.9043664447511204
 10
0.854062044095653
 20
0.8986812596303639
 10
0.8592814276736999
 20
0.8931086020624401
 10
0.8646211290412955
 20
0.8876511240176815
 10
0.8876501244192374
 20
0.8646221286548742
 10
0.893107602419831
 20
0.8592824273365034
 10
0.8986802599415425
 20
0.8540630438056553
 10
0.9043654450141069
 20
0.848966461913145
 10
1.0803984400982636
 20
0.6945884662384945
 10
1.0861940546885522
 20
0.6896166016481259
 10
1.0920967554754486
 20
0.6847723566703712
 10
1.0981037328409908
 20
0.6800580371103507
 10
1.1239427276528684
 20
0.6602310411048308
 10
1.1300506092482923
 20
0.655649267143135
 10
1.136256984473869
 20
0.6512018210468745
 10
1.1425588996583245
 20
0.6468908193967102
 10
1.3372478942205377
 20
0.516802823043016
 10
1.3436420433938114
 20
0.512630512959055
 10
1.3501256818237246
 20
0.5085986712214677
 10
1.3566957241809052
 20
0.504709216438127
 10
1.384887718515596
 20
0.4884322197214361
 10
1.3915429209050658
 20
0.48468596992129465
 10
1.3982782788694523
 20
0.48108582277132456
 10
1.4050905854921982
 20
0.47763349241523806
 10
1.6151015796245876
 20
0.37406849532072933
 10
1.6219847837468375
 20
0.3707669347174845
 10
1.628938358542425
 20
0.3676162841548824
 10
1.6359589958800864
 20
0.36461804254045405
 10
1.6660319898349893
 20
0.35216104505608314
 10
1.6731188464564608
 20
0.3493156678145477
 10
1.6802660964060727
 20
0.34662558852617853
 10
1.6874703370257804
 20
0.34409208788214996
 10
1.9050487213407536
 20
0.2702339574246513
 10
1.909187718398036
 20
0.2688289584348884
 10
1.916446721924029
 20
0.26645287295507686
 10
1.9237558467845015
 20
0.2642357558693605
 10
1.9311116121101575
 20
0.2621786630489875
 10
1.9625716057883833
 20
0.25374966475383576
 10
1.9699657797319143
 20
0.25185473288263294
 10
1.9773995192053813
 20
0.25012150106192615
 10
1.9848692885046841
 20
0.248550793667506
 10
2.2145162820867776
 20
0.20287079495502636
 10
2.2220188389556568
 20
0.20146330429417153
 10
2.2295503067624893
 20
0.2002197681242911
 10
2.2371071030247216
 20
0.19914077795646212
 10
2.2693990965343667
 20
0.1948887788218595
 10
2.276982239505659
 20
0.19397434262076896
 10
2.2845835313831033
 20
0.1932256018893873
 10
2.2921993520739843
 20
0.19264291321326754
 10
2.5047287663517657
 20
0.17871301714686322
 10
2.533986182532947
 20
0.1767951209728068
 10
2.5454312160409134
 20
0.1762328517421448
 10
2.561716212769315
 20
0.17569985185189801
 10
2.5731654079710786
 20
0.17551253875312756
 10
22.876859404698823
 20
0.1755125387558063
 10
22.888309302357833
 20
0.17569987484636418
 10
22.904593299086166
 20
0.17623287474196137
 10
22.916038624960485
 20
0.17679518619541856
 10
22.941831509535124
 20
0.17848604751798308
 10
23.157824392724596
 20
0.1926429087862192
 10
23.165440236245175
 20
0.19322559796635808
 10
23.173041550887103
 20
0.1939743401950596
 10
23.180624716525205
 20
0.19488877888392864
 10
23.212916710031994
 20
0.19914077803972674
 10
23.22047350622834
 20
0.20021976820248538
 10
23.22800497396965
 20
0.2014633043644406
 10
23.235507530773457
 20
0.20287079501452937
 10
23.46515452435163
 20
0.24855079374804817
 10
23.47262429371524
 20
0.25012150115743914
 10
23.480058033252345
 20
0.25185473299591743
 10
23.48745220725875
 20
0.25374966488767037
 10
23.518912200931464
 20
0.262178663203506
 10
23.526267874584416
 20
0.2642357293103133
 10
23.533576908981804
 20
0.2664528156943634
 10
23.540835823384434
 20
0.26882886652542703
 10
23.684257599768273
 20
0.31751382739279754
 10
23.762552596821962
 20
0.3440928264038907
 10
23.769749508665278
 20
0.3466237850877321
 10
23.776889546605332
 20
0.3493110048692875
 10
23.783969318319592
 20
0.3521532090163768
 10
23.814056312267226
 20
0.3646142065212723
 10
23.82108312470799
 20
0.3676147393085704
 10
23.828042763895123
 20
0.3707679460049635
 10
23.834931913103162
 20
0.37407232390022555
 10
24.044927907224718
 20
0.47763132101323064
 10
24.05173708693107
 20
0.481082069671215
 10
24.058469389264665
 20
0.48468049986549194
 10
24.065121611704704
 20
0.48842489984175347
 10
24.09332560602879
 20
0.5047078965772445
 10
24.09989809230583
 20
0.5085986138721001
 10
24.106384114887703
 20
0.5126318220241474
 10
24.112780585089812
 20
0.5168056003943864
 10
24.307462579638955
 20
0.6468885967651108
 10
24.313765692523777
 20
0.6512004263799474
 10
24.31997322859727
 20
0.6556487521956322
 10
24.326082232508895
 20
0.6602314564053685
 10
24.351923227307424
 20
0.6800604524275528
 10
24.35792911992997
 20
0.6847740123458208
 10
24.363830771104155
 20
0.6896174518999952
 10
24.369625372684432
 20
0.6945884664667119
 10
24.54565836775499
 20
0.8489664621578825
 10
24.55134355287584
 20
0.854063044095585
 10
24.556916210443852
 20
0.8592824276737204
 10
24.562373688488698
 20
0.8646221290414084
 10
24.58540268385176
 20
0.8876511244196488
 10
24.590742385170035
 20
0.8931086024201518
 10
24.59596176870079
 20
0.8986812599417686
 10
24.601058350593213
 20
0.9043664450142341
 10
24.755436346267835
 20
1.0803994400982841
 10
24.760407360876645
 20
1.0861940417298104
 10
24.76525080047067
 20
1.0920956929570647
 10
24.76996436042648
 20
1.0981015856344327
 10
24.789793356432423
 20
1.1239425804470797
 10
24.79437606059894
 20
1.1300515843082786
 10
24.79882438637369
 20
1.1362591203295704
 10
24.803136215949934
 20
1.1425622331604943
 10
24.93321921230296
 20
1.3372442277216665
 10
24.93739183955446
 20
1.3436388910281556
 10
24.94142397598074
 20
1.3501230573448995
 10
24.945313702530154
 20
1.3566936406031906
 10
24.961599699246744
 20
1.3849016349376206
 10
24.965345472712702
 20
1.3915560694681977
 10
24.968945177768052
 20
1.3982906400777106
 10
24.972397100884756
 20
1.405102140982532
 10
25.07595309797923
 20
1.6150941351148556
 10
25.079255375981603
 20
1.6219788521270333
 10
25.08240667750191
 20
1.628933970175696
 10
25.085405502665225
 20
1.6359561789437835
 10
25.097869500149585
 20
1.6660471728984776
 10
25.100714343175575
 20
1.6731329283315306
 10
25.103403937331315
 20
1.680279056316459
 10
25.105937002565994
 20
1.6874821558171205
 10
25.181196000450782
 20
1.909189149619044
 10
25.183572030840917
 20
1.9164480114654174
 10
25.185789099111677
 20
1.9237569925163147
 10
25.187846149457027
 20
1.9311126121092712
 10
25.196275147752356
 20
1.9625726057880797
 10
25.198170079623583
 20
1.9699667797316844
 10
25.19990331144431
 20
1.9774005192052262
 10
25.201474018838745
 20
1.9848702885046046
 10
25.247154017551217
 20
2.214517282086691
 10
25.24856150821208
 20
2.222019838955614
 10
25.249805044381965
 20
2.229551306762491
 10
25.2508840345498
 20
2.2371081030247675
 10
25.255136033684423
 20
2.2694000965346754
 10
25.25605044909976
 20
2.2769830497371646
 10
25.25679917733737
 20
2.2845841510290272
 10
25.257381861835476
 20
2.2921997805892547
 10
25.273229861506273
 20
2.5339877756080513
 10
25.273791983747916
 20
2.545430918297193
 10
25.27432498363814
 20
2.5617169150239296
 10
25.274512273753135
 20
2.5731654079700688
 10
25.274512273750464
 20
15.256860404699179
 10
25.274324983631715
 20
15.268308897759864
 10
25.27379198373609
 20
15.28459489448827
 10
25.273229861496933
 20
15.296038037082038
 10
25.25738186180215
 20
15.537826032261858
 10
25.256799177297502
 20
15.545441661892005
 10
25.2560504490503
 20
15.553042763253478
 10
25.255136033622335
 20
15.560625716525168
 10
25.25088403446648
 20
15.592917710032348
 10
25.249805044303724
 20
15.600474506228677
 10
25.24856150814177
 20
15.608005973969966
 10
25.247154017491685
 20
15.615508530773756
 10
25.20147401875835
 20
15.845155524350997
 10
25.19990331134899
 20
15.852625293714471
 10
25.198170079510547
 20
15.860059033251444
 10
25.196275147618834
 20
15.867453207257721
 10
25.187846149302842
 20
15.898913200931165
 10
25.185789056418947
 20
15.906268966456865
 10
25.183571939260975
 20
15.91357809151462
 10
25.18119585370027
 20
15.920837095234845
 10
25.179790723513857
 20
15.924976478751214
 10
25.105932724503813
 20
16.142554475801614
 10
25.10339922383503
 20
16.149758716488286
 10
25.100709144518998
 20
16.156905966503757
 10
25.09786376724692
 20
16.16399282318989
 10
25.085406769742335
 20
16.194065817137588
 10
25.082408528149934
 20
16.20108645441271
 10
25.079257877612033
 20
16.20804002914685
 10
25.075956317036123
 20
16.21492323320883
 10
24.972391319922828
 20
16.42493422733098
 10
24.968938989535644
 20
16.431746534011953
 10
24.96533884235204
 20
16.4384818920332
 10
24.96159259251578
 20
16.44513709447807
 10
24.945315595780666
 20
16.473329088801897
 10
24.941426141027243
 20
16.479899131100105
 10
24.93739429932208
 20
16.48638276947247
 10
24.93322198927299
 20
16.492776918589705
 10
24.803133992901305
 20
16.687465913140336
 10
24.79882299121265
 20
16.69376782837855
 10
24.79437554507556
 20
16.69997420365619
 10
24.789793771070755
 20
16.70608208530191
 10
24.769966775047955
 20
16.731921080101106
 10
24.765252455525346
 20
16.737928057412006
 10
24.760408210587304
 20
16.743830758146004
 10
24.755436346038884
 20
16.749626372685213
 10
24.601058350348204
 20
16.925659367755145
 10
24.59596176841065
 20
16.93134455287583
 10
24.590742384832666
 20
16.93691721044369
 10
24.58540268346514
 20
16.942374688488385
 10
24.562373688087384
 20
16.965403683851044
 10
24.55691621008673
 20
16.970743385169477
 10
24.55134355256496
 20
16.975962768700388
 10
24.54565836749233
 20
16.981059350592957
 10
24.36962537240759
 20
17.135437346268127
 10
24.363830921836964
 20
17.140408234120002
 10
24.35792942712833
 20
17.145251553607228
 10
24.351923696207773
 20
17.149965000282563
 10
24.326086701395734
 20
17.169790996288086
 10
24.31997742780528
 20
17.174373914237986
 10
24.31376961308135
 20
17.178822441757504
 10
24.307466212973402
 20
17.183134460753013
 10
24.112770218412216
 20
17.31322645710603
 10
24.106375703062376
 20
17.31739897870125
 10
24.09989168906467
 20
17.321431016089402
 10
24.093321262268482
 20
17.32532065035728
 10
24.065139267933425
 20
17.34159164707425
 10
24.058485083176564
 20
17.345337286105604
 10
24.051750768131114
 20
17.34893686766466
 10
24.044939528220944
 20
17.352388678409433
 10
23.83491653408945
 20
17.45596067550347
 10
23.82803054347463
 20
17.4592635703858
 10
23.821074125924667
 20
17.462415432727617
 10
23.814050593602467
 20
17.465414761830967
 10
23.783992599647682
 20
17.477864759315455
 10
23.776908057509164
 20
17.480709053516026
 10
23.76976316472473
 20
17.483398152605087
 10
23.762561320557765
 20
17.48593077721339
 10
23.540826326755436
 20
17.561199775098267
 10
23.533566188093527
 20
17.563576224096572
 10
23.52625591288312
 20
17.565793654947765
 10
23.518898983627977
 20
17.56785101130156
 10
23.487448989949584
 20
17.576277009596833
 10
23.480055876243284
 20
17.57817160728658
 10
23.472623209538856
 20
17.57990455170032
 10
23.465154524002052
 20
17.581475018838663
 10
23.235507530418595
 20
17.62715501755142
 10
23.228007276431153
 20
17.628562102125425
 10
23.22047812812029
 20
17.629805332831097
 10
23.212923664671486
 20
17.6308841186649
 10
23.180636671161842
 20
17.635136117799345
 10
23.17305074638099
 20
17.636051012742655
 10
23.16544665731681
 20
17.63680009020329
 10
23.157828028065634
 20
17.637382993172167
 10
22.916034033049353
 20
17.653229992842867
 10
22.904593596466615
 20
17.653791960764067
 10
22.888308599737062
 20
17.654324960654357
 10
22.876859404535193
 20
17.65451227375313
 10
2.573165407807334
 20
17.654512273750452
 10
2.561716212490771
 20
17.654324960647923
 10
2.5454312157620564
 20
17.65379196075231
 10
2.5339896238359865
 20
17.653229917105076
 10
2.292192628655834
 20
17.63738191741025
 10
2.2845769922953907
 20
17.63679925094074
 10
2.2769758838230887
 20
17.636050540461657
 10
2.269392923068478
 20
17.63513614252682
 10
2.237107929561771
 20
17.630885143371
 10
2.229550855954979
 20
17.629806128914733
 10
2.222019112387027
 20
17.62856255643115
 10
2.2145162817325876
 20
17.627155017491685
 10
1.9848692881542174
 20
17.581475018758145
 10
1.9774012657621045
 20
17.579904698627878
 10
1.9699692554764796
 20
17.578171930070052
 10
1.9625767905220262
 20
17.576277536853794
 10
1.9311297968490824
 20
17.567852538537792
 10
1.923772074707973
 20
17.565794997422714
 10
1.916461015986651
 20
17.563577347558695
 10
1.9092001043038174
 20
17.561200645625323
 10
1.6874571105087277
 20
17.485928647720304
 10
1.6802549530585782
 20
17.48339589974496
 10
1.6731097523416145
 20
17.480706663615937
 10
1.6660249080673815
 20
17.477862218880453
 10
1.6359769141206293
 20
17.465416221376152
 10
1.6289542000128083
 20
17.46241721863256
 10
1.6219985854314762
 20
17.459265717927778
 10
1.6151133813934935
 20
17.455963219441536
 10
1.4050783872717234
 20
17.3523862223284
 10
1.3982653783772359
 20
17.348933520962024
 10
1.391529334573394
 20
17.34533297228239
 10
1.3848734637703393
 20
17.34158629098092
 10
1.3567044694463766
 20
17.32532229424575
 10
1.3501355632669334
 20
17.321433462509845
 10
1.3436530322365425
 20
17.317402292443404
 10
1.33725996011117
 20
17.313230701683956
 10
1.1425499655609612
 20
17.183129705312517
 10
1.1362468769902896
 20
17.178817916193747
 10
1.1300393637959332
 20
17.174369632156463
 10
1.1239303812843064
 20
17.16978697096376
 10
1.098111386485566
 20
17.14997497494142
 10
1.0921051504563157
 20
17.14526116765451
 10
1.086203167205211
 20
17.14041746616899
 10
1.0804082453468995
 20
17.13544617548817
 10
0.9043652502755436
 20
16.981059179796297
 10
0.898682000245828
 20
16.975964363388318
 10
0.8931111997457464
 20
16.97074682882499
 10
0.8876554980431912
 20
16.965409057373904
 10
0.8646285026803504
 20
16.9423830619957
 10
0.8592868271836194
 20
16.936923761553896
 10
0.8540655524381213
 20
16.93134919892906
 10
0.8489671649414486
 20
16.925662028863023
 10
0.6945781692672807
 20
16.749616033779418
 10
0.6896070422118197
 20
16.743821282856963
 10
0.6847634965996654
 20
16.737919477340192
 10
0.6800498372173002
 20
16.731913425585347
 10
0.660237841211856
 20
16.70609443077347
 10
0.6556551800622381
 20
16.69998544831211
 10
0.6512068960657611
 20
16.69377793516979
 10
0.6468951069854623
 20
16.687474846652847
 10
0.5167941106319145
 20
16.492764852090914
 10
0.5126225198375397
 20
16.48637177990942
 10
0.5085913497386296
 20
16.479889248821397
 10
0.5047025179727562
 20
16.47332034258289
 10
0.4884385212559402
 20
16.445151348247922
 10
0.4846918399906398
 20
16.438495477500346
 10
0.4810912913446781
 20
16.431759433753438
 10
0.47763859000944436
 20
16.424946424917255
 10
0.3740615929156054
 20
16.21491143078624
 10
0.3707590944020204
 20
16.208026226687966
 10
0.36760759367253226
 20
16.201070612045164
 10
0.36460859090690384
 20
16.194047897874782
 10
0.3521625934223133
 20
16.16399990391963
 10
0.3493181487154812
 20
16.156915059705195
 10
0.3466289126124441
 20
16.149769859049147
 10
0.34409616466039156
 20
16.142567701660944
 10
0.26882416677552273
 20
15.920824707858523
 10
0.26644746482296205
 20
15.9135637961125
 10
0.26422981494251563
 20
15.906252737327167
 10
0.2621722738138004
 20
15.898895015121315
 10
0.25374727551873094
 20
15.867448021443789
 10
0.25185288232303576
 20
15.860055556552256
 10
0.25012011378299137
 20
15.852623546330314
 10
0.24854979366770386
 20
15.845155524002552
 10
0.2028697949550466
 20
15.615508530419627
 10
0.20146225600478623
 20
15.608005699699957
 10
0.20021868351325517
 20
15.60047395606632
 10
0.19913966905190272
 20
15.592916882393482
 10
0.1948886699173047
 20
15.560631888883854
 10
0.1939742658769535
 20
15.553048872340096
 10
0.19322555173003564
 20
15.545447707838644
 10
0.19264288403736463
 20
15.537832015288926
 10
0.18670589801804008
 20
15.447249228597483
 10
0.1767949118760866
 20
15.296036439990102
 10
0.17623285174401776
 20
15.284594596523215
 10
0.17569985185376386
 20
15.268309599876078
 10
0.17551253875312045
 20
15.256860404617061
  0
LWPOLYLINE
  5
4C
330
17
100
AcDbEntity
  8
0
100
AcDbPolyline
 90
497
 70
0
 10
4.980563273836545
 20
8.680923045621533
 10
4.980563273753689
 20
6.856996944264121
 10
4.98417691417054
 20
6.804927745629107
 10
5.0211983973518075
 20
6.647519575090658
 10
5.073530809227783
 20
6.5289984513306925
 10
5.084863663839618
 20
6.503332200360865
 10
5.17394160516912
 20
6.373294769047033
 10
5.2853967579833085
 20
6.261839614356337
 10
5.41543368640018
 20
6.172762014303437
 10
5.503055607654938
 20
6.134073181747971
 10
5.559619905064205
 20
6.109097624680512
 10
5.717023101207319
 20
6.072076500857227
 10
5.769101184384938
 20
6.068461273988821
 10
5.870000396975994
 20
6.068461273753127
 10
5.878589842964307
 20
6.068355859874028
 10
5.887174114970797
 20
6.068039681774489
 10
5.895748042130761
 20
6.067512929909118
 10
5.9043064598108685
 20
6.066775921574786
 10
5.912844212720154
 20
6.06582910071949
 10
5.921356158015389
 20
6.064673037674942
 10
5.9298371683989455
 20
6.063308428813018
 10
5.938282135207304
 20
6.061736096126285
 10
6.033570106043657
 20
6.042782101976147
 10
6.0419737096830906
 20
6.041003044824169
 10
6.050331123322888
 20
6.039018294025691
 10
6.058637313029318
 20
6.0368290450586946
 10
6.066887275722445
 20
6.034436616576854
 10
6.075076042189634
 20
6.031842449615272
 10
6.083198680078666
 20
6.029048106722501
 10
6.091250296868649
 20
6.026055271019362
 10
6.099226042816939
 20
6.022865745185159
 10
6.107121113880293
 20
6.019481450371862
 10
6.114930754608493
 20
6.015904425046937
 10
6.122650261008706
 20
6.012136823765513
 10
6.130274983378846
 20
6.008180915872626
 10
6.137800329108238
 20
6.004039084136323
 10
6.145221765443889
 20
5.999713823312443
 10
6.152534822220711
 20
5.995207738641946
 10
6.1597350945540414
 20
5.990523544281697
 10
6.240516069862427
 20
5.936548560892742
 10
6.247599758197781
 20
5.931688699810924
 10
6.254562039833305
 20
5.926656451347798
 10
6.2613987205255
 20
5.9214548470491275
 10
6.268105681695856
 20
5.916087020484647
 10
6.274678882911972
 20
5.910556205360324
 10
6.281114364321618
 20
5.904865733570297
 10
6.287408249038239
 20
5.899019033189666
 10
6.293556745476486
 20
5.893019626409337
 10
8.623515728634047
 20
3.5630596502332383
 10
8.720089013498402
 20
3.488957360812293
 10
8.78996996100051
 20
3.4353362758072943
 10
8.964600596001961
 20
3.3345130350281766
 10
8.971662395893135
 20
3.3304358736021524
 10
9.16549310089921
 20
3.250148037625104
 10
9.191782841104729
 20
3.243103906049603
 10
9.368151475334255
 20
3.195845729520935
 10
9.576160253360099
 20
3.1684612746890917
 10
13.785965864662202
 20
3.168461273758201
 10
13.993975125369223
 20
3.195846611136526
 10
14.19663158508373
 20
3.250148067897521
 10
14.390465280256729
 20
3.330436320221435
 10
14.572161436890564
 20
3.435338914969631
 10
14.738597088798635
 20
3.563049613687726
 10
16.88696512024597
 20
5.711414701915827
 10
17.01468591677317
 20
5.87786341047865
 10
17.119588487062714
 20
6.059559521660142
 10
17.19987674081358
 20
6.253393216242352
 10
17.254178199066377
 20
6.456049675557274
 10
17.281563537842224
 20
6.664058935047421
 10
17.281563538722963
 20
7.333863864852746
 10
17.254178201369736
 20
7.5418731253693485
 10
17.19987696057426
 20
7.744528779086699
 10
17.18779615535294
 20
7.773694137699164
 10
17.11959030202076
 20
7.9383586820410805
 10
17.014684378938718
 20
8.120061263019348
 10
16.88696922030419
 20
8.28650412126342
 10
16.722430299858182
 20
8.45104395297088
 10
16.72238895584895
 20
8.451084297455745
 10
15.713264133697784
 20
9.460209119361204
 10
15.707264820368735
 20
9.466357520297418
 10
15.701418208664451
 20
9.472651305015047
 10
15.695727820612847
 20
9.479086682106926
 10
15.690197084131938
 20
9.485659774869948
 10
15.68482933096484
 20
9.492366623640395
 10
15.67962779467271
 20
9.49920318817927
 10
15.674595608686838
 20
9.506165350106151
 10
15.669735804421043
 20
9.513248915380128
 10
15.615759815327612
 20
9.594030898970853
 10
15.611075622167235
 20
9.601231123791537
 10
15.606569536684377
 20
9.608544132519366
 10
15.602244273010813
 20
9.615965520340135
 10
15.598102436364663
 20
9.623490817160109
 10
15.594146521481209
 20
9.63111549029848
 10
15.590378911110252
 20
9.638834947217509
 10
15.586801874580912
 20
9.646644538288742
 10
15.58341756643476
 20
9.65453955959359
 10
15.568356771494667
 20
9.69089962884238
 10
15.527944464638598
 20
9.760895026315117
 10
15.453626956044163
 20
9.8896169778114
 10
15.313930983191593
 20
10.071675268647368
 10
15.151674595224105
 20
10.233931657723973
 10
14.969624671696343
 20
10.373622800496902
 10
14.770907182990163
 20
10.488353087280595
 10
14.55889919341198
 20
10.57617076640157
 10
14.465886255557272
 20
10.601093366208449
 10
14.337250504458176
 20
10.635561100489317
 10
14.109746258685732
 20
10.665512537890494
 10
13.880278266233084
 20
10.66551253867473
 10
13.652777614713779
 20
10.63556197052148
 10
13.431126919935885
 20
10.576171605712913
 10
13.278603084022643
 20
10.51299432485157
 10
13.21912532405678
 20
10.488357109160434
 10
13.020412561433112
 20
10.3736315741702
 10
12.838348751114292
 20
10.233931190533301
 10
12.744872691614312
 20
10.140455132167057
 10
12.738724290837018
 20
10.134455819062682
 10
12.7324305062883
 20
10.128609207574234
 10
12.725995129374974
 20
10.12291881972928
 10
12.719422036799804
 20
10.117388083445494
 10
12.71271518822614
 20
10.112020330465663
 10
12.705878623892607
 20
10.106818794350628
 10
12.698916462179245
 20
10.101786608531372
 10
12.691832897126568
 20
10.096926804421425
 10
12.617072107740698
 20
10.04697398854408
 10
12.62003539518902
 20
10.043622759755914
 10
12.625565955984031
 20
10.037049915082001
 10
12.630933545412091
 20
10.03034332328389
 10
12.636134930238732
 20
10.023507024160835
 10
12.641166977344906
 20
10.016545135642914
 10
12.646026655614245
 20
10.009461851310542
 10
12.650711037758908
 20
10.002261437868423
 10
12.65521730208286
 20
9.994948232575435
 10
12.65954273418156
 20
9.987526640632042
 10
12.663684728577008
 20
9.980001132526752
 10
12.667640790287198
 20
9.972376241343275
 10
12.671408536328999
 20
9.964656560029956
 10
12.674985697153568
 20
9.956846738633159
 10
12.678370118013447
 20
9.94895148149625
 10
12.681559760260502
 20
9.940975544425878
 10
12.684552702573926
 20
9.932923731827264
 10
12.687347142117572
 20
9.92480089381019
 10
12.689941395625912
 20
9.916611923267492
 10
12.692333900417974
 20
9.908361752927757
 10
12.694523215338647
 20
9.90005535238403
 10
12.696508021626768
 20
9.891697725100325
 10
12.698287123709504
 20
9.883293905397718
 10
12.699859449922515
 20
9.87484895542187
 10
12.70122405315549
 20
9.866367962093772
 10
12.702380111422645
 20
9.857856034045577
 10
12.703326928357855
 20
9.849318298543354
 10
12.704063933634128
 20
9.840759898398616
 10
12.704590683307137
 20
9.83218598887048
 10
12.704906860082644
 20
9.823601734560329
 10
12.705012273507625
 20
9.815012306300861
 10
12.705012273753132
 20
8.01501250654658
 10
12.704906860307796
 20
8.006423077362456
 10
12.704590683466561
 20
7.997838822129265
 10
12.704063933682537
 20
7.989264911681368
 10
12.703326928250094
 20
7.98070651062182
 10
12.702380111113747
 20
7.972168774211399
 10
12.701224052600736
 20
7.963656845263269
 10
12.699859449077481
 20
7.955175851045146
 10
12.698287122530116
 20
7.94673090019082
 10
12.696508020069363
 20
7.938327079622908
 10
12.694523213360016
 20
7.92996945148868
 10
12.692333897975422
 20
7.9216630501108085
 10
12.689941392677303
 20
7.913412878954888
 10
12.68734713862139
 20
7.905223907615525
 10
12.684552698489322
 20
7.89710106882285
 10
12.681559755547338
 20
7.889049255471216
 10
12.678370112632356
 20
7.881073317671908
 10
12.674985691065999
 20
7.873178059831616
 10
12.671408529497265
 20
7.865368237758439
 10
12.667640782674523
 20
7.857648555797163
 10
12.663684720147575
 20
7.850023663995544
 10
12.659542724900561
 20
7.8424981553032875
 10
12.655217291916534
 20
7.835076562805433
 10
12.650711026674587
 20
7.827763356991787
 10
12.6460266435804
 20
7.820562943064074
 10
12.64116696433119
 20
7.813479658282399
 10
12.636134916216015
 20
7.806517769352655
 10
12.630933530352504
 20
7.799681469856408
 10
12.625565939861005
 20
7.792974877724848
 10
12.620035377977324
 20
7.7864020327583
 10
12.617072479080031
 20
7.783051243913206
 10
12.691833896323548
 20
7.733098008679043
 10
12.698917461641448
 20
7.728238204397656
 10
12.70587962361121
 20
7.723206018394221
 10
12.712716188191852
 20
7.718004482082603
 10
12.719423037002883
 20
7.712636728894132
 10
12.725996129805242
 20
7.707105992390017
 10
12.732431506935145
 20
7.701415604313419
 10
12.738725291689418
 20
7.6955689925824045
 10
12.744873692660839
 20
7.689569679224944
 10
12.838346575737745
 20
7.596096796205782
 10
13.03697996953932
 20
7.4436798598985705
 10
13.043729930663103
 20
7.438367568488086
 10
13.050347495034504
 20
7.432891232396057
 10
13.056828676857826
 20
7.427254150050062
 10
13.063169572481339
 20
7.421459716696039
 10
13.069366362748465
 20
7.41551142235331
 10
13.075415315298084
 20
7.409412849712523
 10
13.081312786812552
 20
7.403167671977781
 10
13.087055225212092
 20
7.396779650654242
 10
13.151114205635745
 20
7.323735673049146
 10
13.156698460821119
 20
7.317208285861865
 10
13.162120842610127
 20
7.310545818961213
 10
13.167378084705913
 20
7.303752285637944
 10
13.172467020287323
 20
7.296831778133698
 10
13.177384583916522
 20
7.289788465175946
 10
13.182127813385527
 20
7.282626589466858
 10
13.186693851500557
 20
7.275350465127613
 10
13.19107994780314
 20
7.267964475099693
 10
13.195283460226904
 20
7.260473068504712
 10
13.199301856689093
 20
7.2528807579643875
 10
13.203132716615825
 20
7.245192116882257
 10
13.20677373240018
 20
7.237411776688787
 10
13.210222710792241
 20
7.229544424051516
 10
13.213477574220244
 20
7.221594798051942
 10
13.21653636204206
 20
7.213567687330819
 10
13.219397231726225
 20
7.205467927203612
 10
13.250627219021288
 20
7.113468964922921
 10
13.253288443572643
 20
7.105301446263982
 10
13.255748424204416
 20
7.097071077350735
 10
13.258005679094744
 20
7.088782815921645
 10
13.260058848537945
 20
7.080441654587973
 10
13.261906695763559
 20
7.072052617826363
 10
13.26354810768135
 20
7.063620758952249
 10
13.264982095551801
 20
7.055151157075876
 10
13.266207795581696
 20
7.046648914042796
 10
13.267224469444448
 20
7.038119151360656
 10
13.268031504724847
 20
7.029567007114149
 10
13.268628415287957
 20
7.020997632869989
 10
13.269014841571954
 20
7.012416190573737
 10
13.269190550804716
 20
7.0038278494404125
 10
13.269155437144033
 20
6.995237782840689
 10
13.268909521741367
 20
6.986651165184616
 10
13.268452952729113
 20
6.9780731688046975
 10
13.262098955425976
 20
6.88112620851524
 10
13.261432003460937
 20
6.872561952151671
 10
13.260555072287593
 20
6.864016643280611
 10
13.259468690150136
 20
6.855495429409571
 10
13.258173511461452
 20
6.847003443531758
 10
13.256670316408904
 20
6.838545801034076
 10
13.25496001048438
 20
6.830127596615727
 10
13.253043623938828
 20
6.821753901219271
 10
13.250922311161665
 20
6.813429758976009
 10
13.248597349985399
 20
6.805160184167505
 10
13.246070140915888
 20
6.796950158205087
 10
13.243342206288702
 20
6.788804626629163
 10
13.240415189352104
 20
6.780728496130125
 10
13.237290853277202
 20
6.772726631592678
 10
13.233971080095834
 20
6.764803853165329
 10
13.230457869566894
 20
6.756964933356839
 10
13.226753337971708
 20
6.7492145941613675
 10
13.18378235565951
 20
6.662078629815619
 10
13.179888901180156
 20
6.654421857883655
 10
13.175808718104348
 20
6.646862939292427
 10
13.171544264039861
 20
6.639406426988891
 10
13.167098107586014
 20
6.632056812237842
 10
13.16247292678653
 20
6.624818521916709
 10
13.157671507516474
 20
6.61769591584912
 10
13.152696741804247
 20
6.610693284178858
 10
13.147551626089633
 20
6.603814844785786
 10
13.142239259418965
 20
6.597064740745308
 10
13.136762841578472
 20
6.590447037832873
 10
13.131125671166975
 20
6.583965722075046
 10
13.125331143609033
 20
6.577624697348617
 10
13.1193827491098
 20
6.571427783029184
 10
13.113284070552762
 20
6.565378711690635
 10
13.107038781341679
 20
6.559481126856922
 10
13.100650643187983
 20
6.553738580807459
 10
13.027606673173501
 20
6.48967960697959
 10
13.021079285980912
 20
6.484095351784494
 10
13.014416819074555
 20
6.4786729699860945
 10
13.007623285745195
 20
6.473415727881262
 10
13.00070277823449
 20
6.468326792291161
 10
12.993659465269921
 20
6.46340922865364
 10
12.986497589553672
 20
6.458665999176698
 10
12.97922146520694
 20
6.454099961054121
 10
12.97183547517122
 20
6.449713864744397
 10
12.964344068568142
 20
6.445510352313908
 10
12.956751758019436
 20
6.441491955845418
 10
12.949063116928663
 20
6.43766109591282
 10
12.941282776726299
 20
6.434020080123043
 10
12.933415424079902
 20
6.430571101726014
 10
12.925465798070986
 20
6.427316238293502
 10
12.917438687340324
 20
6.424257450467645
 10
12.909338927203397
 20
6.421396580779915
 10
12.81733995852834
 20
6.39016659131425
 10
12.80942051129863
 20
6.387582942770108
 10
12.801441818891957
 20
6.385188500934622
 10
12.79340840101919
 20
6.382984622193553
 10
12.785324808391676
 20
6.380972554983887
 10
12.777195620143385
 20
6.379153439086628
 10
12.769025441236959
 20
6.377528304981141
 10
12.760818899855128
 20
6.376098073261415
 10
12.752580644778966
 20
6.374863554114576
 10
12.74431534275449
 20
6.373825446861927
 10
12.73602767584907
 20
6.372984339562817
 10
12.72772233879917
 20
6.372340708681507
 10
12.695220355159877
 20
6.37021070969712
 10
12.687597090749724
 20
6.369794569648034
 10
12.679966563171474
 20
6.369544806389899
 10
12.672332403144988
 20
6.369461538763832
 10
10.592127416349566
 20
6.369461538753131
 10
10.583537970258615
 20
6.369566952614635
 10
10.574953698149175
 20
6.3698831307016155
 10
10.56637977088614
 20
6.370409882559467
 10
10.557821353103025
 20
6.371146890891317
 10
10.549283600090977
 20
6.372093711749156
 10
10.540771654693412
 20
6.37324977480126
 10
10.532290644208139
 20
6.374614383675732
 10
10.523845677298866
 20
6.3761867163799755
 10
10.428557706462854
 20
6.3951407105300495
 10
10.420154042209688
 20
6.3969197812932865
 10
10.411796568660728
 20
6.3989045486698295
 10
10.403490319858598
 20
6.401093817154422
 10
10.395240298991189
 20
6.40348626806256
 10
10.387051475378048
 20
6.40608046032479
 10
10.378928781477153
 20
6.408874831354724
 10
10.370877109913899
 20
6.411867697990243
 10
10.362901310534061
 20
6.415057257507344
 10
10.355006187482552
 20
6.4184415887059805
 10
10.347196496309682
 20
6.422018653067289
 10
10.339476941106703
 20
6.425786295981462
 10
10.33185217167235
 20
6.4297422480455655
 10
10.324326780712068
 20
6.433884126430485
 10
10.316905301071655
 20
6.4382094363162
 10
10.309592203006934
 20
6.442715572394518
 10
10.302391891491148
 20
6.447399820438354
 10
10.221609916182679
 20
6.501375803827227
 10
10.214526350854484
 20
6.506235608115865
 10
10.20756418887479
 20
6.511267794127051
 10
10.200727624284596
 20
6.516469330446909
 10
10.194020775464411
 20
6.52183708364409
 10
10.187447682653316
 20
6.527367820157377
 10
10.181012305515107
 20
6.533058208243588
 10
10.174718520752977
 20
6.538904819984644
 10
10.168570119774165
 20
6.544904133352556
 10
8.557006133672848
 20
8.15646811938613
 10
8.551006820347459
 20
8.162616520319755
 10
8.545160208646688
 20
8.168910305034634
 10
8.539469820598448
 20
8.175345682123606
 10
8.53393908412075
 20
8.181918774883568
 10
8.5285713309567
 20
8.188625623650811
 10
8.523369794667454
 20
8.195462188186342
 10
8.518337608684295
 20
8.202424350109746
 10
8.513477804421038
 20
8.20950791538012
 10
8.459501820906448
 20
8.290289890621393
 10
8.454817572852088
 20
8.297490202130358
 10
8.45031143676308
 20
8.304803300188519
 10
8.445986126866519
 20
8.312224779822639
 10
8.441844248470602
 20
8.319750170776892
 10
8.437888296395355
 20
8.327374940205491
 10
8.434120653469904
 20
8.33509449540299
 10
8.430543589097187
 20
8.342904186570658
 10
8.427159257887016
 20
8.350799309617248
 10
8.423969698358267
 20
8.358775108992452
 10
8.420976831710986
 20
8.36682678055136
 10
8.418182460669192
 20
8.374949474448195
 10
8.415588268395004
 20
8.383138298057572
 10
8.413195817474818
 20
8.391388318921512
 10
8.411006548978099
 20
8.39969456772047
 10
8.409021781589356
 20
8.408052041266556
 10
8.407242710813852
 20
8.416455705517148
 10
8.388288716527489
 20
8.511743676311692
 10
8.386716383803217
 20
8.520188643263083
 10
8.385351774910848
 20
8.528669653791127
 10
8.384195711843
 20
8.537181599232039
 10
8.383248890971583
 20
8.545719352287929
 10
8.382511882628338
 20
8.5542777701153
 10
8.381985130761286
 20
8.562851697422927
 10
8.381668952667306
 20
8.57143596957721
 10
8.381563538801013
 20
8.580025415713179
 10
8.381563538758263
 20
8.680924982322376
 10
8.377949337737762
 20
8.732994144481905
 10
8.340928176297767
 20
8.890402034813821
 10
8.277262669658164
 20
9.03459131140964
 10
8.188185207337071
 20
9.164628043459262
 10
8.144226917397345
 20
9.20858633413909
 10
7.158776663445556
 20
9.208586349902138
 10
7.15598851356558
 20
9.207267653660157
 10
7.148178701395632
 20
9.203690497694142
 10
7.140283453702716
 20
9.200306081230021
 10
7.132307526276269
 20
9.197116442908346
 10
7.124255723504047
 20
9.194123504042896
 10
7.045716790920278
 20
9.166021824592956
 10
7.037593952127703
 20
9.1632273844566
 10
7.0294049807883265
 20
9.160633130396432
 10
7.021154809632277
 20
9.15824062509409
 10
7.012848408254166
 20
9.156051309705306
 10
6.931933215839672
 20
9.135783109099302
 10
6.923575587705083
 20
9.133798302385802
 10
6.915171767136702
 20
9.132019199920938
 10
6.906726816281801
 20
9.130446873369506
 10
6.898245822062997
 20
9.12908226984223
 10
6.81573362735302
 20
9.116842741931636
 10
6.807221698404082
 20
9.115686683414651
 10
6.798683961992753
 20
9.114739866274384
 10
6.790125560932197
 20
9.114002860838077
 10
6.781551650483197
 20
9.113476111050248
 10
6.6982370910190125
 20
9.109383129179756
 10
6.6896528357846385
 20
9.109066952334778
 10
6.681063406599241
 20
9.10896153888576
 10
6.672473977413784
 20
9.109066952329822
 10
6.663889722179227
 20
9.10938312916985
 10
6.580575162712598
 20
9.113476110992288
 10
6.572001252263293
 20
9.114002860775171
 10
6.563442851202313
 20
9.114739866206541
 10
6.5549051147904365
 20
9.115686683341883
 10
6.546393185840832
 20
9.116842741853958
 10
6.463880991124062
 20
9.129082269716918
 10
6.455399996904491
 20
9.130446873239299
 10
6.446955046048704
 20
9.132019199785853
 10
6.438551225479317
 20
9.133798302245866
 10
6.430193597343603
 20
9.135783108954538
 10
6.349278404917058
 20
9.156051309513938
 10
6.340972003537633
 20
9.158240624897942
 10
6.332721832380153
 20
9.16063313019554
 10
6.324532861039229
 20
9.163227384251003
 10
6.316410022244992
 20
9.166021824382693
 10
6.237871089644909
 20
9.194123503787399
 10
6.229819276291747
 20
9.19711644672906
 10
6.221843338490915
 20
9.200306089643789
 10
6.213948080649106
 20
9.203690511209958
 10
6.206138258574422
 20
9.207267672778572
 10
6.130731958655511
 20
9.242932196493912
 10
6.1230122766927595
 20
9.246699943316589
 10
6.115387384889677
 20
9.250656005843538
 10
6.107861876195973
 20
9.254798001090618
 10
6.100440283696689
 20
9.259123434074771
 10
6.0288928203485215
 20
9.302007333241056
 10
6.021579614533448
 20
9.306513598483205
 10
6.014379200604329
 20
9.311197981577656
 10
6.007295915821275
 20
9.316057660827195
 10
6.000334026890178
 20
9.321089708942752
 10
5.93333444129606
 20
9.370779988168666
 10
5.926498141798481
 20
9.375981374032628
 10
5.9197915496656215
 20
9.381348964524637
 10
5.913218704697807
 20
9.386879526408885
 10
5.906783566131072
 20
9.392569728281694
 10
5.844977100926403
 20
9.44858784301456
 10
5.8386835450476005
 20
9.454434257311085
 10
5.832535362859453
 20
9.460433362369976
 10
5.826536257797017
 20
9.466581544554664
 10
5.82068984349686
 20
9.472875100430095
 10
5.764671728728411
 20
9.534681565602384
 10
5.7589815268519065
 20
9.541116704165818
 10
5.753450964963883
 20
9.547689549130423
 10
5.748083374468022
 20
9.554396141260165
 10
5.74288198860013
 20
9.561232440754722
 10
5.693191709335663
 20
9.62823202632002
 10
5.6881596612160905
 20
9.635193915248209
 10
5.683299981962469
 20
9.642277200028452
 10
5.679193661514484
 20
9.64858906784917
 10
5.678605037464528
 20
9.647137893540632
 10
5.675181791970785
 20
9.63925921228341
 10
5.671566221319692
 20
9.631466916284777
 10
5.667760503479116
 20
9.623765699512004
 10
5.663766930958858
 20
9.616160201067538
 10
5.659587909429688
 20
9.60865500239448
 10
5.655225956274193
 20
9.60125462451679
 10
5.650683699070346
 20
9.593963525315885
 10
5.645963874008694
 20
9.586786096845275
 10
5.641069324244109
 20
9.579726662684852
 10
5.636002998183119
 20
9.572789475336434
 10
5.630767947707826
 20
9.565978713662107
 10
5.570618970815746
 20
9.489681742821974
 10
5.565248096082153
 20
9.483037399308719
 10
5.559716642702152
 20
9.476526130643478
 10
5.554027906681856
 20
9.470151816671178
 10
5.548185277746789
 20
9.463918255630073
 10
5.542192237322062
 20
9.457829161888501
 10
5.536052356457907
 20
9.45188816373162
 10
5.529769293701813
 20
9.446098801199437
 10
5.523346792918518
 20
9.440464523977411
 10
5.516788681059167
 20
9.434988689340909
 10
5.510098865880964
 20
9.429674560154716
 10
5.503281333618667
 20
9.424525302928803
 10
5.496340146609328
 20
9.419543985931515
 10
5.489279440871686
 20
9.414733577361291
 10
5.482103423641647
 20
9.410096943578012
 10
5.472279738559544
 20
9.40391821316834
 10
5.467774936926058
 20
9.400365950234507
 10
5.460900138687581
 20
9.395213375978056
 10
5.4539009418921705
 20
9.390231095726291
 10
5.446781563877916
 20
9.385422111532291
 10
5.439546294397617
 20
9.380789321030283
 10
5.4321994930340205
 20
9.376335515689695
 10
5.429427389983934
 20
9.37474671083406
 10
5.2853959156046155
 20
9.276082353894754
 10
5.17394246858583
 20
9.16462890875244
 10
5.0848635274307155
 20
9.03459034833419
 10
5.021198219435299
 20
8.89040365629956
 10
4.984179019835092
 20
8.733006110072639
 10
4.980563273836545
 20
8.680923045621533
  0
LWPOLYLINE
  5
4D
330
17
100
AcDbEntity
  8
0
100
AcDbPolyline
 90
392
 70
0
 10
0.1255125437531201
 20
15.25686040461705
 10
0.12551254375580595
 20
2.5731654078069757
 10
0.12572661587278466
 20
2.5600806131714413
 10
0.12625961576838185
 20
2.5437956164428477
 10
0.12690186481776955
 20
2.530720831897428
 10
0.14274886451251412
 20
2.2889268367188667
 10
0.14341503934096927
 20
2.280219831788241
 10
0.1442711278776082
 20
2.2715294442145226
 10
0.14531672211203595
 20
2.2628598158222015
 10
0.14956872126770615
 20
2.2305728223152936
 10
0.1508016193565756
 20
2.221939149885439
 10
0.15222245443843735
 20
2.2133344090413622
 10
0.1538305510806921
 20
2.2047626902806505
 10
0.19951054981453775
 20
1.975115696700923
 10
0.20130536941672378
 20
1.9665800560215572
 10
0.20328587733668368
 20
1.9580855797227728
 10
0.20545113186080688
 20
1.949636306851253
 10
0.21387713017669274
 20
1.9181863131786223
 10
0.2162283945633422
 20
1.909778394111389
 10
0.21876260122937885
 20
1.9014237939515437
 10
0.22147854291736901
 20
1.8931264927032758
 10
0.2967475408224106
 20
1.6713914989080878
 10
0.2996419689702095
 20
1.6631608197967
 10
0.30271522509893595
 20
1.6549952279807536
 10
0.3059658470722741
 20
1.6468986083327857
 10
0.31841584457667865
 20
1.6168406143858882
 10
0.3218436492380014
 20
1.608813720381992
 10
0.32544577759721505
 20
1.600863528973622
 10
0.32922051457099794
 20
1.592993825489708
 10
0.4327925116842047
 20
1.382970831367723
 10
0.4367374382816686
 20
1.3751865571250925
 10
0.44085124581248136
 20
1.3674901970150608
 10
0.44513197617147715
 20
1.359885414379283
 10
0.4614029729068918
 20
1.3317034200550333
 10
0.46584814273811237
 20
1.3241945692938548
 10
0.4704560499593626
 20
1.316784470399616
 10
0.475224501713996
 20
1.3094766497637644
 10
0.5138487102321232
 20
1.2516713376941355
 10
0.6053137085126092
 20
1.114784340286805
 10
0.6102416620256288
 20
1.1075805384383361
 10
0.6153256215516222
 20
1.1004859741503377
 10
0.6205631665062099
 20
1.093504025300113
 10
0.6403921625286784
 20
1.0676630305012078
 10
0.6457790881447686
 20
1.0607991532243966
 10
0.6513144476303344
 20
1.054054409031325
 10
0.6569956071301053
 20
1.047432007231179
 10
0.8113736028213683
 20
0.8713990121605724
 10
0.8171982678877312
 20
0.864901657742652
 10
0.8231632776858874
 20
0.8585329062421396
 10
0.8292657935291194
 20
0.8522957884822702
 10
0.8522947889070613
 20
0.8292667931194628
 10
0.8585319066164566
 20
0.8231642773324876
 10
0.8649006580641548
 20
0.8171992675882731
 10
0.8713980124269987
 20
0.8113746025734617
 10
1.0474310075111553
 20
0.6569966068988112
 10
1.0540545670369998
 20
0.6513144759434633
 10
1.0608005107874297
 20
0.6457781959738296
 10
1.0676656277704912
 20
0.6403904021957596
 10
1.0935046225823688
 20
0.6205634061902396
 10
1.1004850586851922
 20
0.615327093095834
 10
1.107578058936661
 20
0.6102442975617889
 10
1.1147802477124655
 20
0.6053174385374287
 10
1.3094692422746788
 20
0.47522944218373436
 10
1.316776841323324
 20
0.47046108780632223
 10
1.3241867138080372
 20
0.46585326868176524
 10
1.331695333638111
 20
0.46140817750477314
 10
1.3598873279728017
 20
0.4451311807880822
 10
1.3674932735539762
 20
0.44084975244888613
 10
1.3751908255064025
 20
0.4367352985668796
 10
1.3829763187825894
 20
0.43278977816344644
 10
1.5929873129149787
 20
0.3292247810689377
 10
1.600853831904812
 20
0.32545156895431243
 10
1.6088007745212451
 20
0.3218508254574108
 10
1.6168243600428371
 20
0.31842426361540926
 10
1.64689735399774
 20
0.30596726613103836
 10
1.6549966187007614
 20
0.3027154064293298
 10
1.6631649043501677
 20
0.29964103010251003
 10
1.671398322193911
 20
0.296745600797634
 10
1.8889767618760829
 20
0.22288745154548384
 10
1.8931157589333651
 20
0.22148245255572097
 10
1.9014117629556644
 20
0.2187669262955037
 10
1.9097650485030317
 20
0.21623307819980453
 10
1.9181716374391327
 20
0.21388211497862025
 10
1.9496316311173585
 20
0.2054531166834685
 10
1.958082115616706
 20
0.20328748026117027
 10
1.9665778178645115
 20
0.20130664389641684
 10
1.9751146970560924
 20
0.19951154973296792
 10
2.204761690638186
 20
0.1538315510204883
 10
2.213336041337821
 20
0.15222299026666186
 10
2.2219434331093733
 20
0.15080180607378174
 10
2.2305797716870703
 20
0.14956867445450678
 10
2.2628717651967154
 20
0.14531667531990416
 10
2.271538214299026
 20
0.14427160537673372
 10
2.2802254050083484
 20
0.1434159016844902
 10
2.2889292000758696
 20
0.14274997176951926
 10
2.5014583883269497
 20
0.1288200905176688
 10
2.530715578454925
 20
0.12690220916196054
 10
2.5437956167380653
 20
0.12625961575606343
 10
2.560080613466467
 20
0.12572661586581663
 10
2.5731654079710853
 20
0.1255125437531272
 10
22.87685940469883
 20
0.12551254375580595
 10
22.88994500201173
 20
0.12572664214482376
 10
22.906228998740062
 20
0.12625964204042095
 10
22.919309371156178
 20
0.1269022837009411
 10
22.945101953782288
 20
0.1285931252291672
 10
23.16109453500369
 20
0.1427499667054546
 10
23.169798356162296
 20
0.14341589719644726
 10
23.17848557288817
 20
0.1442716025999135
 10
23.187152047895406
 20
0.14531667538625936
 10
23.219444041402195
 20
0.14956867454205747
 10
23.228080379904597
 20
0.15080180615553762
 10
23.236687771601265
 20
0.1522229903393605
 10
23.24526212222653
 20
0.15383155108088287
 10
23.474909115804703
 20
0.19951154981440167
 10
23.483445995069776
 20
0.20130664399496012
 10
23.491941697390313
 20
0.20328748038002387
 10
23.50039218196152
 20
0.2054531168258078
 10
23.53185217563423
 20
0.21388211514164346
 10
23.540258659801527
 20
0.21623304783303848
 10
23.54861184196251
 20
0.21876686084111896
 10
23.55690774412954
 20
0.2214823475027673
 10
23.70033034617642
 20
0.2701675886520111
 10
23.778625343230107
 20
0.2967465876631043
 10
23.78685038532941
 20
0.29963911187062653
 10
23.795010428682186
 20
0.30271022018966204
 10
23.8031015963484
 20
0.3059584534977206
 10
23.833188590296036
 20
0.3184194510026161
 10
23.841219233078306
 20
0.32184863132789515
 10
23.849173106427934
 20
0.32545229612055526
 10
23.857046419801517
 20
0.329228727997483
 10
24.067042413923073
 20
0.4327877251104881
 10
24.07482433358053
 20
0.4367314378589491
 10
24.08251839338348
 20
0.44084392950587975
 10
24.090120933308167
 20
0.44512324376064316
 10
24.118324927632255
 20
0.4614062404961341
 10
24.12583634051359
 20
0.46585277454342855
 10
24.1332489377434
 20
0.4704621552845101
 10
24.140559189396427
 20
0.4752321877033805
 10
24.33524118394557
 20
0.6053151840741049
 10
24.342444741521792
 20
0.6102429893438053
 10
24.34953906845659
 20
0.6153267902714773
 10
24.356520787206502
 20
0.6205641665064985
 10
24.38236178200503
 20
0.6403931625286827
 10
24.389225659281813
 20
0.6457800881447515
 10
24.395970403474855
 20
0.651315447630294
 10
24.402592805274974
 20
0.6569966071300402
 10
24.57862580034553
 20
0.8113746028212108
 10
24.585123154763558
 20
0.8171992678876705
 10
24.591491906264174
 20
0.823164277685928
 10
24.597729024024144
 20
0.8292667935292652
 10
24.620758019387207
 20
0.8522957889075056
 10
24.62686053517407
 20
0.8585329066167979
 10
24.63282554491818
 20
0.8649016580643878
 10
24.63865020993289
 20
0.871399012427118
 10
24.793028205607513
 20
1.047432007511168
 10
24.798709365155368
 20
1.0540544093698574
 10
24.804244724686452
 20
1.0607991536235541
 10
24.809631650345427
 20
1.0676630309629886
 10
24.829460646351368
 20
1.0935040257756357
 10
24.834698022536994
 20
1.1004857444679155
 10
24.839781823417884
 20
1.1075800713430572
 10
24.84470962864348
 20
1.1147836288576813
 10
24.974792624996503
 20
1.3094656234188535
 10
24.979561341851106
 20
1.3167738100483162
 10
24.98416949776274
 20
1.3241842858322643
 10
24.98861489952953
 20
1.3316935238350347
 10
25.00490089624612
 20
1.3599015181694647
 10
25.00918178020339
 20
1.3675065861976203
 10
25.013295728834404
 20
1.3752032383159059
 10
25.0172407838214
 20
1.3829878107716078
 10
25.120796780915875
 20
1.5929798049039314
 10
25.124570812915216
 20
1.6008480529108238
 10
25.128172300363783
 20
1.6087967592450554
 10
25.131599529118795
 20
1.6168221406871326
 10
25.144063526603155
 20
1.6469131346418266
 10
25.147314775772813
 20
1.6550111408437997
 10
25.150388597662342
 20
1.6631781442478544
 10
25.153283529356532
 20
1.6714102579555463
 10
25.22854252724132
 20
1.89311725175747
 10
25.23125799054191
 20
1.9014130938602036
 10
25.233791782849085
 20
1.9097662150537706
 10
25.236142697527384
 20
1.9181726374382155
 10
25.244571695822714
 20
1.949632631117024
 10
25.24673733224504
 20
1.9580831156164555
 10
25.248718168609816
 20
1.9665788178643464
 10
25.250513262773282
 20
1.975115697056014
 10
25.296193261485755
 20
2.2047626906381006
 10
25.29780182223959
 20
2.2133370413377853
 10
25.299223006432477
 20
2.2219444331093876
 10
25.300456138051757
 20
2.2305807716871358
 10
25.30470813718638
 20
2.2628727651970437
 10
25.305753183374403
 20
2.2715389974207225
 10
25.30660887278805
 20
2.2802259703179515
 10
25.307274797928148
 20
2.288929546950441
 10
25.323122797598945
 20
2.5307175419692376
 10
25.323765223017393
 20
2.54379541931658
 10
25.32429822290762
 20
2.5600814160433165
 10
25.324512268753136
 20
2.5731654079700794
 10
25.324512268750464
 20
15.256860404699188
 10
25.32429822290066
 20
15.269944396756863
 10
25.323765223005033
 20
15.286230393485269
 10
25.323122797589427
 20
15.299308270723612
 10
25.307274797894642
 20
15.541096265903432
 10
25.306608872747066
 20
15.54979984261583
 10
25.30575318332246
 20
15.558486815592614
 10
25.304708137120002
 20
15.56715304789538
 10
25.300456137964147
 20
15.599445041402559
 10
25.29922300635067
 20
15.608081379904938
 10
25.29780182216685
 20
15.616688771601583
 10
25.29619326142533
 20
15.62526312222683
 10
25.250513262691996
 20
15.85491011580407
 10
25.248718168511473
 20
15.863446995068992
 10
25.24673733212645
 20
15.871942697389375
 10
25.244571695680712
 20
15.880393181960432
 10
25.23614269736472
 20
15.911853175633876
 10
25.233791734070937
 20
15.920259764798598
 10
25.231257885892663
 20
15.92861305057143
 10
25.228542359539997
 20
15.93690905481571
 10
25.227137210597622
 20
15.941048493585289
 10
25.153279211587577
 20
16.158626490635687
 10
25.150383782254416
 20
16.16685990855596
 10
25.147309405895978
 20
16.175028194280635
 10
25.144057546159367
 20
16.183127459057555
 10
25.13160054865478
 20
16.213200453005253
 10
25.128173986837954
 20
16.22122403845537
 10
25.12457324336928
 20
16.22917098100158
 10
25.120800031285896
 20
16.237037499922533
 10
25.0172350341726
 20
16.447048494044683
 10
25.013289513733625
 20
16.454833987387417
 10
25.009175059813185
 20
16.46253153940482
 10
25.00489363143271
 20
16.470137485049314
 10
24.988616634697596
 20
16.49832947937314
 10
24.984171543554794
 20
16.505838099135815
 10
24.97956372446729
 20
16.51324797155476
 10
24.974795370129733
 20
16.520555570539365
 10
24.844707373758048
 20
16.715244565089996
 10
24.839780514689696
 20
16.722446753927237
 10
24.834697719108988
 20
16.72953975423821
 10
24.82946140596532
 20
16.736520190398515
 10
24.809634409942518
 20
16.76235918519771
 10
24.804246616207205
 20
16.76922430211832
 10
24.798710336282955
 20
16.775970245808296
 10
24.79302820537555
 20
16.782593805275763
 10
24.63865020968487
 20
16.958626800345694
 10
24.632825544618576
 20
16.965124154763537
 10
24.626860534820498
 20
16.971492906263972
 10
24.620758018977345
 20
16.977730024023767
 10
24.597729023599587
 20
17.000759019386425
 10
24.591491905890127
 20
17.006861535173474
 10
24.585123154442357
 20
17.01282654491776
 10
24.57862580007944
 20
17.01865120993264
 10
24.4025928049947
 20
17.173029205607808
 10
24.39597057577704
 20
17.178710220290597
 10
24.389226010401764
 20
17.184245442556765
 10
24.382362317927257
 20
17.189632238752342
 10
24.356525323115218
 20
17.209458234757864
 10
24.349543296160935
 20
17.21469585526736
 10
24.342448650768493
 20
17.2197798867137
 10
24.33524476493727
 20
17.224707908418452
 10
24.140548770376082
 20
17.35479990477147
 10
24.13324075283993
 20
17.359568500876033
 10
24.12583045113488
 20
17.364176543601236
 10
24.118321391945944
 20
17.368621839903412
 10
24.090139397610887
 20
17.38489283662038
 10
24.08253461503841
 20
17.38917356693811
 10
24.074838254993338
 20
17.393287374430496
 10
24.067053980817235
 20
17.39723230099243
 10
23.857030986685743
 20
17.500804298086468
 10
23.849161283132972
 20
17.504579035091478
 10
23.8412110916544
 20
17.50818116347891
 10
23.833184197579055
 20
17.51160896816539
 10
23.80312620362427
 20
17.52405896564988
 10
23.79502958404462
 20
17.527309587590487
 10
23.78686399229827
 20
17.530382843689527
 10
23.778633313257657
 20
17.533277271810718
 10
23.55689831945533
 20
17.608546269695594
 10
23.548601018134843
 20
17.611262211405517
 10
23.540246417901837
 20
17.61379641809033
 10
23.53183849876061
 20
17.616147682492567
 10
23.500388505082217
 20
17.62457368078784
 10
23.491939232282565
 20
17.62673893528848
 10
23.483444756056514
 20
17.628719443188125
 10
23.474909115450647
 20
17.6305142627732
 10
23.24526212186719
 20
17.676194261485957
 10
23.236690403032053
 20
17.67780235814053
 10
23.22808566211303
 20
17.679223193231454
 10
23.219451989607823
 20
17.68045609132613
 10
23.18716499609818
 20
17.684708090460575
 10
23.178495367784947
 20
17.685753684680567
 10
23.169804980290785
 20
17.686609773206243
 10
23.16109797544007
 20
17.68727594802722
 10
22.91930398042379
 20
17.70312294769792
 10
22.906229195769477
 20
17.70376519675015
 10
22.889944199039924
 20
17.70429819664044
 10
22.876859404535185
 20
17.70451226875313
 10
2.5731654078073274
 20
17.704512268750452
 10
2.5600806131715093
 20
17.704298196633466
 10
2.543795616442795
 20
17.703765196737855
 10
2.5307195113961045
 20
17.703122861141587
 10
2.288922516215952
 20
17.68727486144676
 10
2.280218931811788
 20
17.686608956910774
 10
2.271531950708342
 20
17.685753287792586
 10
2.262865709853667
 20
17.68470826158228
 10
2.23058071634696
 20
17.680457262426458
 10
2.221944060804052
 20
17.679224103048966
 10
2.2133363538769357
 20
17.67780287735471
 10
2.204761690279518
 20
17.67619426142533
 10
1.9751146967011475
 20
17.63051426269179
 10
1.9665798139749244
 20
17.628719611115944
 10
1.9580860879417943
 20
17.626739304194484
 10
1.9496375565728192
 20
17.62457428337784
 10
1.9181905628998754
 20
17.616149285061837
 10
1.9097817376032584
 20
17.613797809503847
 10
1.901426241929208
 20
17.61126335251866
 10
1.8931280571562354
 20
17.608547121740088
 10
1.6713850633611458
 20
17.533275123835068
 10
1.6631540262826099
 20
17.530380554722974
 10
1.654988082613371
 20
17.527307142006833
 10
1.6468911177357626
 20
17.524056348026328
 10
1.6168431237890104
 20
17.511610350522027
 10
1.6088171648158094
 20
17.50818291881812
 10
1.60086789101567
 20
17.504581203730158
 10
1.5929990864078587
 20
17.50080691974925
 10
1.3829640922860886
 20
17.397229922636114
 10
1.3751777964136263
 20
17.39328397822093
 10
1.367479460644681
 20
17.389169065447874
 10
1.3598727511622672
 20
17.384887143964306
 10
1.3317037568383046
 20
17.368623147229137
 10
1.324196435497073
 20
17.364178768106353
 10
1.3167878286118129
 20
17.359571716605963
 10
1.3094814604750524
 20
17.35480418431371
 10
1.1147714659248436
 20
17.22470318794227
 10
1.1075679361362234
 20
17.21977542895379
 10
1.100473635349007
 20
17.214691675772862
 10
1.0934919410562376
 20
17.209454348700163
 10
1.0676729462574972
 20
17.189642352677822
 10
1.0608086765159122
 20
17.184255144354736
 10
1.0540635528063858
 20
17.178719485519085
 10
1.0474407849742284
 20
17.17303801046036
 10
0.8713977899028726
 20
17.018651014768487
 10
0.8649026470175682
 20
17.012828367450282
 10
0.8585360178803023
 20
17.0068654708118
 10
0.8523009302258064
 20
17.000765160587438
 10
0.8292739348629656
 20
16.977739165209233
 10
0.8231691628721531
 20
16.97149996470989
 10
0.8172019917397694
 20
16.965129036001475
 10
0.8113752631773445
 20
16.958629413074668
 10
0.6569862675031766
 20
16.782583417991063
 10
0.6513049794448666
 20
16.77596084551417
 10
0.6457694987502041
 20
16.769215924929593
 10
0.6403824594608809
 20
16.76235186578733
 10
0.6205704634554368
 20
16.736532870975452
 10
0.6153331364319787
 20
16.72955117674013
 10
0.6102493832976862
 20
16.722456876012384
 10
0.6053216243531732
 20
16.715253346285166
 10
0.47522062799962533
 20
16.520543351723234
 10
0.47045309566745386
 20
16.513236983522336
 10
0.4658460441299566
 20
16.50582837657121
 10
0.4614016649729258
 20
16.49832105516248
 10
0.4451376682561097
 20
16.470152060827512
 10
0.4408557468138763
 20
16.4625453514085
 10
0.43674083407930786
 20
16.45484701570462
 10
0.4327948896997062
 20
16.447060719898793
 10
0.32921789260586726
 20
16.23702572576778
 10
0.3254436085937115
 20
16.22915692109106
 10
0.32184189347751224
 20
16.22120764722067
 10
0.31841446174842564
 20
16.213181688175972
 10
0.3059684642638351
 20
16.18313369422082
 10
0.3027176703160724
 20
16.175036729411552
 10
0.29964425762963126
 20
16.16687078581193
 10
0.29674968854415557
 20
16.15863974880419
 10
0.22147769065928674
 20
15.93689675500177
 10
0.21876145985878548
 20
15.928598570156582
 10
0.21622700285482388
 20
15.920243074409376
 10
0.21387552728124898
 20
15.911834249038767
 10
0.2054505289861795
 20
15.88038725536124
 10
0.20328550819303232
 20
15.871938724064176
 10
0.20130520129189255
 20
15.863444998103825
 10
0.19951054973316634
 20
15.854910115451146
 10
0.15383055102050908
 20
15.62526312186822
 10
0.15222193507879062
 20
15.616688458196254
 10
0.15080070937545265
 20
15.60808075119407
 10
0.14956754999215094
 20
15.599444095575679
 10
0.1453165508575529
 20
15.567159102066052
 10
0.14427151766951318
 20
15.558492797452352
 10
0.14341584435951388
 20
15.549805752315592
 10
0.14274993842562733
 20
15.541102103695113
 10
0.136812954372851
 20
15.450519347008024
 10
0.1269019701942804
 20
15.299306588356147
 10
0.12625961575820394
 20
15.286230195834237
 10
0.12572661586795003
 20
15.2699451991871
 10
0.1255125437531201
 20
15.25686040461705
  0
LWPOLYLINE
  5
4E
330
17
100
AcDbEntity
  8
0
100
AcDbPolyline
 90
1016
 70
0
 10
5.8310634860791835
 20
6.518961543753124
 10
5.821246995911511
 20
6.519082016750707
 10
5.811436418842228
 20
6.51944336218484
 10
5.801637664395739
 20
6.520045362394562
 10
5.791856634974943
 20
6.520887654757479
 10
5.782099222305849
 20
6.521969731908199
 10
5.772371303888619
 20
6.5232909420439515
 10
5.762678739457179
 20
6.524850489317204
 10
5.753027367449542
 20
6.526647434315055
 10
5.743423001490942
 20
6.528680694625098
 10
5.733871426891932
 20
6.530949045487431
 10
5.724378397163524
 20
6.533451120532401
 10
5.714949630551492
 20
6.536185412603657
 10
5.705590806591913
 20
6.539150274666
 10
5.6963075626900315
 20
6.542343920797506
 10
5.68710549072449
 20
6.545764427265283
 10
5.677990133678998
 20
6.54940973368427
 10
5.668966982303442
 20
6.553277644258327
 10
5.660041471806465
 20
6.557365829102905
 10
5.651218978581497
 20
6.56167182564848
 10
5.642504816968222
 20
6.56619304012391
 10
5.633904236051415
 20
6.5709267491188275
 10
5.6254224164990925
 20
6.575870101224124
 10
5.6170644674418675
 20
6.581020118749525
 10
5.608835423395406
 20
6.586373699517246
 10
5.600740241227819
 20
6.59192761873062
 10
5.5927837971738334
 20
6.597678530916603
 10
5.584970883897528
 20
6.603622971940959
 10
5.577306207605416
 20
6.609757361094919
 10
5.569794385211596
 20
6.616078003252076
 10
5.562439941556705
 20
6.622581091094181
 10
5.555247306682315
 20
6.629262707404537
 10
5.548220813162446
 20
6.636118827427579
 10
5.541364693493786
 20
6.643145321293235
 10
5.534683077546189
 20
6.650337956504611
 10
5.528179990075004
 20
6.657692400487485
 10
5.521859348296705
 20
6.665204223200085
 10
5.515724959529312
 20
6.672868899801585
 10
5.509780518899
 20
6.6806818133776975
 10
5.5040296071142985
 20
6.688638257721729
 10
5.498475688309203
 20
6.696733440169428
 10
5.4931221079565145
 20
6.704962484485897
 10
5.4879720908526455
 20
6.713320433802862
 10
5.483028739175128
 20
6.721802253604502
 10
5.47829503061398
 20
6.730402834760052
 10
5.473773816578048
 20
6.739116996601354
 10
5.469467820477435
 20
6.747939490043494
 10
5.465379636083013
 20
6.756865000746659
 10
5.461511725964037
 20
6.765888152317293
 10
5.457866420004782
 20
6.775003509546635
 10
5.45444591400111
 20
6.784205581684689
 10
5.4512522683378055
 20
6.793488825747643
 10
5.448287406747472
 20
6.802847649856753
 10
5.445553115151756
 20
6.812276416606689
 10
5.443051040585566
 20
6.821769446461289
 10
5.440782690204965
 20
6.831321021174704
 10
5.438749430379317
 20
6.84092538723585
 10
5.436952485868232
 20
6.850576759334117
 10
5.4353929390838225
 20
6.860269323844211
 10
5.434071729438696
 20
6.869997242328076
 10
5.43298965278009
 20
6.8797546550517445
 10
5.432147360910478
 20
6.889535684515021
 10
5.431545361194955
 20
6.899334438991873
 10
5.431184016255616
 20
6.90914501607938
 10
5.431063543753129
 20
6.918961506253126
 10
5.431063543753129
 20
8.618961306007563
 10
5.43118401626333
 20
8.628777796495529
 10
5.4315453612258
 20
8.63858837389669
 10
5.432147360979846
 20
8.648387128686059
 10
5.432989652903323
 20
8.658168158460152
 10
5.434071729631074
 20
8.667925571492368
 10
5.435392939360541
 20
8.677653490281957
 10
5.436952486244383
 20
8.687346055094386
 10
5.438749430869875
 20
8.696997427491045
 10
5.440782690824767
 20
8.706601793846087
 10
5.443051041349289
 20
8.716153368848355
 10
5.445553116073906
 20
8.725646398986223
 10
5.448287407842363
 20
8.735075166013306
 10
5.451252269619539
 20
8.744433990392912
 10
5.454445915483564
 20
8.753717234719181
 10
5.457866421701589
 20
8.76291930711286
 10
5.461511727888569
 20
8.772034664589626
 10
5.465379638248363
 20
8.78105781639898
 10
5.4694678228964015
 20
8.78998332733167
 10
5.473773819263122
 20
8.79880582099366
 10
5.478295033577322
 20
8.807519983044662
 10
5.483028742428561
 20
8.8161205643993
 10
5.487972094407632
 20
8.824602384388964
 10
5.493122111824146
 20
8.832960333882449
 10
5.498475692500183
 20
8.841189378363506
 10
5.50402961163893
 20
8.849284560963442
 10
5.50978052376717
 20
8.85724100544696
 10
5.515724964750481
 20
8.865053919149414
 10
5.52185935387989
 20
8.872718595863734
 10
5.528179996028766
 20
8.880230418675268
 10
5.534683083878624
 20
8.887584862742843
 10
5.54136470021251
 20
8.89477749802435
 10
5.548220820274586
 20
8.90180399194525
 10
5.555247314194496
 20
8.908660112008342
 10
5.5624399494750385
 20
8.915341728343266
 10
5.569794393541674
 20
8.921844816194188
 10
5.577306216352295
 20
8.928165458344148
 10
5.584970893065729
 20
8.934299847474664
 10
5.592783806767324
 20
8.940244288459104
 10
5.600740251250011
 20
8.945995200588493
 10
5.608835433849146
 20
8.951549119728408
 10
5.617064478329429
 20
8.956902700405635
 10
5.62542242782217
 20
8.962052717823356
 10
5.63390424781112
 20
8.966996069803653
 10
5.642504829165075
 20
8.971729778656133
 10
5.651218991215424
 20
8.976250992971593
 10
5.660041484876791
 20
8.980556989339588
 10
5.6689669958088915
 20
8.984645173988916
 10
5.677990147617686
 20
8.988513084350014
 10
5.687105505093925
 20
8.99215839053831
 10
5.69630757748711
 20
8.995578896757664
 10
5.705590821812919
 20
8.99877254262303
 10
5.714949646192096
 20
9.001737404401558
 10
5.724378413218783
 20
9.004471696171377
 10
5.733871443356291
 20
9.006973770897364
 10
5.743423018358231
 20
9.009242121423267
 10
5.75302738471298
 20
9.011275381379546
 10
5.762678757109378
 20
9.013072326006432
 10
5.772371321921582
 20
9.014631872891675
 10
5.78209924071098
 20
9.015953082622547
 10
5.791856653743041
 20
9.017035159351707
 10
5.801637683517013
 20
9.017877451276597
 10
5.811436438306295
 20
9.018479451032057
 10
5.821247015707402
 20
9.018840795995946
 10
5.831063506195351
 20
9.018961268507566
 10
7.531063305949845
 20
9.018961268753129
 10
7.540879796437232
 20
9.018840796244358
 10
7.550690373837849
 20
9.01847945128335
 10
7.5604891286267115
 20
9.017877451530794
 10
7.570270158400336
 20
9.017035159608831
 10
7.580027571432126
 20
9.01595308288262
 10
7.589755490221324
 20
9.01463187315472
 10
7.599448055033405
 20
9.013072326272466
 10
7.609099427429756
 20
9.011275381648584
 10
7.618703793784536
 20
9.009242121695326
 10
7.628255368786583
 20
9.006973771172456
 10
7.637748398924275
 20
9.00447169644951
 10
7.647177165951227
 20
9.001737404682745
 10
7.656535990330747
 20
8.998772542907274
 10
7.66581923465698
 20
8.99557889704497
 10
7.675021307050668
 20
8.992158390828681
 10
7.68413666452749
 20
8.98851308464345
 10
7.69315981633695
 20
8.984645174285417
 10
7.702085327269796
 20
8.98055698963915
 10
7.71090782093199
 20
8.976250993274208
 10
7.719621982983246
 20
8.971729778961794
 10
7.72822256433819
 20
8.966996070112348
 10
7.736704384328212
 20
8.962052718135075
 10
7.745062333822107
 20
8.956902700720361
 10
7.753291378303624
 20
8.951549120046126
 10
7.761386560904073
 20
8.945995200909183
 10
7.769343005388158
 20
8.940244288782743
 10
7.77715591909123
 20
8.934299847801231
 10
7.784820595806222
 20
8.928165458673616
 10
7.792332418618483
 20
8.921844816526528
 10
7.799686862686835
 20
8.91534172867845
 10
7.806879497969176
 20
8.908660112346336
 10
7.8139059918909615
 20
8.901803992286021
 10
7.820762111954991
 20
8.894777498367862
 10
7.827443728290909
 20
8.887584863089055
 10
7.833946816142875
 20
8.88023041902414
 10
7.840267458293935
 20
8.872718596215222
 10
7.846401847425603
 20
8.865053919503474
 10
7.852346288411246
 20
8.857241005803544
 10
7.858097200541892
 20
8.8492845613225
 10
7.863651119683117
 20
8.841189378724987
 10
7.869004700361703
 20
8.832960334246302
 10
7.874154717780836
 20
8.82460238475513
 10
7.879098069762594
 20
8.816120564767722
 10
7.883831778616588
 20
8.80751998341528
 10
7.88835299293361
 20
8.798805821366415
 10
7.892658989303215
 20
8.789983327706498
 10
7.8967471739542034
 20
8.781057816775814
 10
7.900615084317009
 20
8.7720346649684
 10
7.904260390507059
 20
8.762919307493505
 10
7.9076808967282135
 20
8.753717235101625
 10
7.910874542595426
 20
8.74443399077708
 10
7.913839404375844
 20
8.73507516639913
 10
7.916573696147597
 20
8.725646399373623
 10
7.919075770875562
 20
8.716153369237254
 10
7.921344121403482
 20
8.706601794236406
 10
7.923377381361819
 20
8.696997427882701
 10
7.925174325990803
 20
8.687346055487302
 10
7.926733872878183
 20
8.677653490676045
 10
7.928055082611227
 20
8.667925571887546
 10
7.929137159342598
 20
8.658168158856327
 10
7.929979451269732
 20
8.648387129083149
 10
7.93058145102747
 20
8.638588374294605
 10
7.9309427959936665
 20
8.628777796894179
 10
7.931063268507626
 20
8.618961306406854
 10
7.931063268689456
 20
8.145837584869327
 10
10.15756432534866
 20
5.919336486985102
 10
13.204562418312985
 20
5.919336457927004
 10
14.284187347728317
 20
6.9989613540964335
 10
13.60961594259529
 20
7.673532860686705
 10
13.608283524085314
 20
7.673954969009733
 10
13.599000297404604
 20
7.677148609041964
 10
13.515841427049015
 20
7.706903328607716
 10
13.506639354653682
 20
7.710323834823848
 10
13.497523997175225
 20
7.713969141008995
 10
13.488500845364143
 20
7.71783705136702
 10
13.47957533442969
 20
7.721925236013353
 10
13.399733369287738
 20
7.759687673136836
 10
13.390910875623964
 20
7.763993669501907
 10
13.382196713571147
 20
7.768514883814524
 10
13.373596132214667
 20
7.773248592664244
 10
13.365114312223135
 20
7.778191944641858
 10
13.289358174065278
 20
7.823598426410438
 10
13.281000224569867
 20
7.8287484438255825
 10
13.272771180086863
 20
7.834102024500317
 10
13.26467599748496
 20
7.839655943637827
 10
13.256719552999462
 20
7.845406855764899
 10
13.185778814848097
 20
7.898020092937855
 10
13.177965901143677
 20
7.903964533920039
 10
13.170301224427376
 20
7.9100989230483885
 10
13.16278940161385
 20
7.916419565196271
 10
13.155434957544275
 20
7.922922653045201
 10
13.089992817488353
 20
7.982235951386957
 10
13.082800182204794
 20
7.9889175677200175
 10
13.075773688281842
 20
7.9957736877813375
 10
13.068917568216696
 20
8.002800181700556
 10
13.062235951879716
 20
8.009992816980475
 10
13.002922653502695
 20
8.075434957003676
 10
12.996419565649793
 20
8.082789401069673
 10
12.99009892349785
 20
8.090301223879719
 10
12.983964534365354
 20
8.097965900592637
 10
12.978020093378941
 20
8.10577881429378
 10
12.925406856167395
 20
8.176719552416353
 10
12.919655944035966
 20
8.184675996898745
 10
12.914102024894026
 20
8.192771179497647
 10
12.908748444214789
 20
8.201000223977761
 10
12.903598426795075
 20
8.209358173470395
 10
12.858191944985098
 20
8.285114311603724
 10
12.853248593002878
 20
8.293596131592537
 10
12.848514884148486
 20
8.302196712946412
 10
12.843993669831134
 20
8.310910874996736
 10
12.839687673461267
 20
8.319733368658136
 10
12.801925236294263
 20
8.399575333779504
 10
12.797837051643048
 20
8.408500844711767
 10
12.79396914128009
 20
8.417523996520782
 10
12.79032383508996
 20
8.426639353997292
 10
12.786903328868801
 20
8.435841426390802
 10
12.757148609257838
 20
8.519000296729956
 10
12.755012268683545
 20
8.525210181087877
 10
12.755012268753132
 20
8.015012506553399
 10
12.754891796244284
 20
8.005196016066023
 10
12.754530451283197
 20
7.99538543866542
 10
12.753928451530562
 20
7.985586683876573
 10
12.753086159608523
 20
7.975805654102966
 10
12.752004082882236
 20
7.966048241071196
 10
12.75068287315426
 20
7.956320322282019
 10
12.749123326271931
 20
7.946627757469961
 10
12.747326381647976
 20
7.936976385073635
 10
12.745293121694644
 20
7.9273720187188825
 10
12.743024771171703
 20
7.917820443716863
 10
12.740522696448688
 20
7.908327413579201
 10
12.73778840468185
 20
7.898898646552281
 10
12.734823542906312
 20
7.889539822172795
 10
12.73162989704394
 20
7.8802565778465965
 10
12.728209390827585
 20
7.871054505452945
 10
12.724564084642289
 20
7.861939147976162
 10
12.72069617428419
 20
7.852915996166741
 10
12.71660798963786
 20
7.843990485233936
 10
12.712301993272856
 20
7.835167991571784
 10
12.707780778960382
 20
7.826453829520571
 10
12.703047070110877
 20
7.817853248165672
 10
12.698103718133545
 20
7.809371428175697
 10
12.692953700718776
 20
7.80101347868185
 10
12.689085943938917
 20
7.795068309547142
 10
12.719612118128074
 20
7.774671676948498
 10
12.727707621341304
 20
7.769117614917585
 10
12.73566437787107
 20
7.763366545204509
 10
12.743477594527684
 20
7.757421932282253
 10
12.751142564590591
 20
7.751287357215194
 10
12.75865467064372
 20
7.744966515501847
 10
12.766009387357043
 20
7.738463214848685
 10
12.773202284212648
 20
7.731781372876349
 10
12.78022902817371
 20
7.724925014759659
 10
12.871384609841945
 20
7.633769433147736
 10
13.067418059632002
 20
7.483347506306062
 10
13.07513230090944
 20
7.477276316128073
 10
13.082695231612858
 20
7.471017646314199
 10
13.090102296547185
 20
7.464575266495957
 10
13.097349034396156
 20
7.457953056954414
 10
13.104431080409407
 20
7.451155006283079
 10
13.111344169031371
 20
7.444185208985546
 10
13.11808413647046
 20
7.437047863009356
 10
13.12464692320693
 20
7.429747267217544
 10
13.188705903630582
 20
7.356703289612448
 10
13.195087909551027
 20
7.349243418547931
 10
13.20128491730436
 20
7.341629170668269
 10
13.207293193979893
 20
7.333865132591465
 10
13.213109120353455
 20
7.325955981165103
 10
13.218729193067523
 20
7.317906480649146
 10
13.224150026741546
 20
7.309721479846067
 10
13.229368356011207
 20
7.301405909180069
 10
13.234381037495396
 20
7.292964777727126
 10
13.239185051689693
 20
7.284403170197648
 10
13.243777504785239
 20
7.275726243873596
 10
13.24815563041188
 20
7.266939225501864
 10
13.252316791304573
 20
7.258047408145837
 10
13.256258480891978
 20
7.249056147996984
 10
13.259978324806376
 20
7.23997086114844
 10
13.263474082313902
 20
7.23079702033249
 10
13.266743647664313
 20
7.221540151623947
 10
13.297973634959376
 20
7.129541189343256
 10
13.301015034443923
 20
7.120206882312803
 10
13.303826440877724
 20
7.110800746420347
 10
13.306406160750083
 20
7.101328447652702
 10
13.308752640111646
 20
7.091795691851302
 10
13.31086446551046
 20
7.082208221275166
 10
13.312740364843405
 20
7.072571811141925
 10
13.314379208122457
 20
7.0628922661489995
 10
13.315780008155372
 20
7.053175416977012
 10
13.316941921140337
 20
7.043427116777554
 10
13.317864247174255
 20
7.0336532376474175
 10
13.318546430674344
 20
7.023859667091406
 10
13.318988060712803
 20
7.014052304475876
 10
13.319188871264352
 20
7.004237057475125
 10
13.319148741366462
 20
6.994419838512778
 10
13.318867695192239
 20
6.984606561200314
 10
13.318345902035844
 20
6.974803136774875
 10
13.311991904732707
 20
6.877856176485417
 10
13.3112296739162
 20
6.868068454935791
 10
13.310227466861845
 20
6.858302387663301
 10
13.308985887277288
 20
6.848563857533663
 10
13.30750568306297
 20
6.838858730824828
 10
13.305787745861593
 20
6.829192853693251
 10
13.303833110521024
 20
6.819572048652298
 10
13.30164295447092
 20
6.810002111064893
 10
13.29921859701347
 20
6.800488805652518
 10
13.296561498528682
 20
6.791037863022664
 10
13.293673259594676
 20
6.78165497621685
 10
13.290555620023532
 20
6.772345797281248
 10
13.287210457813266
 20
6.763115933862018
 10
13.283639788016565
 20
6.753970945827387
 10
13.27984576152696
 20
6.7449163419185005
 10
13.275830663783186
 20
6.7359575764310815
 10
13.271596913392466
 20
6.72710004592988
 10
13.228625931080268
 20
6.639964081584132
 10
13.224176268822122
 20
6.631213485098272
 10
13.219513202453934
 20
6.622574721001725
 10
13.2146395406703
 20
6.614052992662434
 10
13.209558219013298
 20
6.605653432954449
 10
13.204272298104321
 20
6.597381101166255
 10
13.198784961800586
 20
6.589240979953422
 10
13.193099515277403
 20
6.5812379723374095
 10
13.187219383037382
 20
6.573376898752347
 10
13.18114810684775
 20
6.565662494141546
 10
13.174889343607061
 20
6.558099405105516
 10
13.168446863142531
 20
6.550692187103184
 10
13.16182454593937
 20
6.543445301708022
 10
13.155026380803458
 20
6.536363113920706
 10
13.148056462458781
 20
6.529449889539967
 10
13.140918989081058
 20
6.52270979259317
 10
13.133618259769067
 20
6.516146882828214
 10
13.060574289754586
 20
6.452087909000345
 10
13.053114418684
 20
6.4457059030687915
 10
13.045500170797819
 20
6.439508895304725
 10
13.037736132714056
 20
6.433500618618853
 10
13.02982698128031
 20
6.427684692235358
 10
13.02177748075656
 20
6.422064619511781
 10
13.013592479945299
 20
6.416643785828686
 10
13.005276909270744
 20
6.4114254565504005
 10
12.996835777808887
 20
6.406412775058049
 10
12.988274170270154
 20
6.401608760856065
 10
12.979597243936526
 20
6.39701630775332
 10
12.970810225554915
 20
6.392638182119974
 10
12.961918408188724
 20
6.388477021221087
 10
12.952927148029442
 20
6.384535331628001
 10
12.943841861170222
 20
6.3808154877084515
 10
12.934668020343368
 20
6.377319730196309
 10
12.925411151623717
 20
6.3740501648418215
 10
12.83341218294866
 20
6.342820175376158
 10
12.824361386122787
 20
6.339867434185488
 10
12.815242880523302
 20
6.33713092923309
 10
12.806061831534052
 20
6.334612210674117
 10
12.796823439968
 20
6.332312705293695
 10
12.787532939121105
 20
6.330233715698684
 10
12.778195591807812
 20
6.328376419579786
 10
12.768816687379807
 20
6.326741869044416
 10
12.759401538729744
 20
6.325330990020716
 10
12.749955479281633
 20
6.324144581733035
 10
12.74048385996961
 20
6.323183316249195
 10
12.73099204620677
 20
6.322447738099783
 10
12.698490062567478
 20
6.320317739115397
 10
12.689777760392225
 20
6.319842150488295
 10
12.68105715745344
 20
6.319556706764967
 10
12.672332403145244
 20
6.319461543763832
 10
10.592127416349822
 20
6.319461543753131
 10
10.582310906540355
 20
6.3195820167375985
 10
10.572500309852614
 20
6.319943363122397
 10
10.562701535846466
 20
6.320545365245118
 10
10.55292048696021
 20
6.321387660480766
 10
10.543163054955153
 20
6.322469741460188
 10
10.53343511736662
 20
6.323790956375698
 10
10.523742533963537
 20
6.325350509373703
 10
10.514091143218698
 20
6.327147461034091
 10
10.418803172382686
 20
6.346101455184165
 10
10.409198984673358
 20
6.348134678911762
 10
10.399647586340217
 20
6.35040298448293
 10
10.39015473057483
 20
6.352905005605944
 10
10.380726135306208
 20
6.355639235212804
 10
10.371367479756689
 20
6.358604026366991
 10
10.362084401021098
 20
6.361797593255492
 10
10.352882490671309
 20
6.365218012264461
 10
10.343767291388204
 20
6.368863223137892
 10
10.334744293623107
 20
6.3727310302185955
 10
10.325818932290654
 20
6.376819103770726
 10
10.316996583495127
 20
6.3811249813830795
 10
10.308282561292218
 20
6.385646069452304
 10
10.299682114488146
 20
6.390379644745128
 10
10.291200423478104
 20
6.395322856038675
 10
10.282842597125885
 20
6.400472725837869
 10
10.27461366968662
 20
6.405826152168901
 10
10.19383169437815
 20
6.459802135557775
 10
10.185736191153156
 20
6.465356197596973
 10
10.177779434612038
 20
6.471107267318909
 10
10.169966217944507
 20
6.47705188025058
 10
10.16230124787114
 20
6.483186455327597
 10
10.154789141808024
 20
6.489507297051423
 10
10.14743442508521
 20
6.496010597715573
 10
10.140241528220626
 20
6.502692439699385
 10
10.133214784251113
 20
6.509548797828019
 10
8.521650798149796
 20
8.121112783861593
 10
8.514794440069759
 20
8.128139527779464
 10
8.508112598131987
 20
8.135332424590045
 10
8.501609297511234
 20
8.142687141256589
 10
8.49528845582808
 20
8.150199247261268
 10
8.48915388078893
 20
8.15786421727413
 10
8.483209267892242
 20
8.165677433879189
 10
8.477458198202337
 20
8.173634190355976
 10
8.471904136192146
 20
8.181729693514889
 10
8.417928152677556
 20
8.262511668756161
 10
8.412574726334494
 20
8.270740596187633
 10
8.407424856523084
 20
8.279098422532353
 10
8.402481645217142
 20
8.287580113535201
 10
8.39774806991175
 20
8.296180560332385
 10
8.393226981829791
 20
8.304894582528718
 10
8.388921104204547
 20
8.31371693131798
 10
8.384833030639378
 20
8.32264229264449
 10
8.380965223545493
 20
8.331665290403967
 10
8.377320012658748
 20
8.340780489681775
 10
8.37389959363634
 20
8.349982400026596
 10
8.37070602673428
 20
8.35926547875755
 10
8.367741235566427
 20
8.368624134302767
 10
8.365007005945802
 20
8.378052729567422
 10
8.362504984808927
 20
8.387545585329184
 10
8.360236679223817
 20
8.39709698365904
 10
8.358203455482201
 20
8.406701171365427
 10
8.339249461195838
 20
8.501989142159971
 10
8.33745250951256
 20
8.511640532952944
 10
8.335892956494103
 20
8.521333116404909
 10
8.334571741560598
 20
8.531061054042981
 10
8.333489660565657
 20
8.540818486098143
 10
8.332647365316987
 20
8.550599535034978
 10
8.33204536318375
 20
8.560398309092088
 10
8.331684016790955
 20
8.57020890583108
 10
8.331563543801012
 20
8.580025415691994
 10
8.331563543758996
 20
8.679191778965572
 10
8.328349882028927
 20
8.725490441602135
 10
8.293316986993366
 20
8.87444455015178
 10
8.23339440876455
 20
9.010156863814494
 10
8.149553738764535
 20
9.132548841039368
 10
8.12351624077191
 20
9.158586339470373
 10
7.1697645549657345
 20
9.158586354726378
 10
7.168440760640176
 20
9.157980012516552
 10
7.1594176204277575
 20
9.154112107989583
 10
7.15030227480567
 20
9.150466807053778
 10
7.141100214502775
 20
9.14704630549632
 10
7.062561281919007
 20
9.11894462604638
 10
7.053278037592924
 20
9.115750980179111
 10
7.043919213213421
 20
9.112786118398708
 10
7.034490446186355
 20
9.110051826627043
 10
7.024997416048419
 20
9.10754975189924
 10
6.944082223633925
 20
9.087281551293236
 10
6.934530648631494
 20
9.085013200765546
 10
6.924926282276205
 20
9.082979940807515
 10
6.915274909879221
 20
9.081182996178914
 10
6.905582345066385
 20
9.07962344929199
 10
6.823070150356408
 20
9.067383921381396
 10
6.813342231566308
 20
9.066062711648879
 10
6.8035848185334995
 20
9.064980634918111
 10
6.7938037887587415
 20
9.064138342991656
 10
6.784005033968633
 20
9.063536343234674
 10
6.700690474504448
 20
9.059443361364181
 10
6.690879897102493
 20
9.059082016398815
 10
6.681063406613662
 20
9.05896154388576
 10
6.67124691612476
 20
9.059082016393154
 10
6.661436338722598
 20
9.05944336135286
 10
6.5781217792559685
 20
9.063536343175299
 10
6.568323024465513
 20
9.06413834292663
 10
6.558541994690268
 20
9.064980634847442
 10
6.548784581656836
 20
9.066062711572581
 10
6.539056662865973
 20
9.067383921299486
 10
6.456544468149203
 20
9.079623449162446
 10
6.446851903335491
 20
9.081182996043774
 10
6.437200530937495
 20
9.082979940666805
 10
6.427596164581057
 20
9.085013200619288
 10
6.41804458957734
 20
9.08728155114146
 10
6.337129397150795
 20
9.10754975170086
 10
6.327636367011356
 20
9.110051826423202
 10
6.318207599982654
 20
9.112786118189444
 10
6.3088487756013825
 20
9.115750979964469
 10
6.299565531273401
 20
9.118944625826407
 10
6.221026598673318
 20
9.147046305231113
 10
6.21182452627792
 20
9.1504668114471
 10
6.2027091687993945
 20
9.154112117632105
 10
6.193686016988241
 20
9.15798002798999
 10
6.1847605060537125
 20
9.162068212636184
 10
6.109354206134802
 20
9.197732736351524
 10
6.100531712470962
 20
9.202038732716453
 10
6.091817550418078
 20
9.206559947028929
 10
6.0832169690615245
 20
9.211293655878508
 10
6.074735149069916
 20
9.216237007855984
 10
6.003187685721748
 20
9.259120907022268
 10
5.9948297362262695
 20
9.26427092443727
 10
5.986600691743195
 20
9.269624505111862
 10
5.978505509141218
 20
9.275178424249232
 10
5.97054906465564
 20
9.280929336376163
 10
5.903549479061522
 20
9.330619615602076
 10
5.895736565356979
 20
9.336564056584155
 10
5.888071888640555
 20
9.3426984457124
 10
5.880560065826902
 20
9.349019087860183
 10
5.873205621757199
 20
9.355522175709018
 10
5.811399156552531
 20
9.411540290441883
 10
5.804206521268893
 20
9.418221906774805
 10
5.797180027345855
 20
9.425078026835987
 10
5.790323907280621
 20
9.43210452075507
 10
5.7836422909435505
 20
9.439297156034854
 10
5.727624176175102
 20
9.501103621207143
 10
5.721121088322045
 20
9.508458065273073
 10
5.7148004461699475
 20
9.515969888083058
 10
5.708666057037298
 20
9.52363456479592
 10
5.702721616050729
 20
9.53144747849701
 10
5.685000255909421
 20
9.555341966567838
 10
5.68180646806318
 20
9.550735550021411
 10
5.676016381141504
 20
9.54280733591601
 10
5.67003346631794
 20
9.535023608295159
 10
5.609884489425859
 20
9.458726637455026
 10
5.603746346878663
 20
9.451133102018087
 10
5.597424685878591
 20
9.443691652121599
 10
5.590923273289772
 20
9.436406721874045
 10
5.584245983084229
 20
9.429282652119143
 10
5.577396794033514
 20
9.422323687849273
 10
5.570379787337887
 20
9.415533975676043
 10
5.563199144194477
 20
9.408917561359456
 10
5.555859143305836
 20
9.402478387397174
 10
5.548364158330413
 20
9.39622029067533
 10
5.540718655276436
 20
9.390147000182248
 10
5.532927189840767
 20
9.384262134786459
 10
5.52499440469432
 20
9.378569201080357
 10
5.516925026715647
 20
9.373071591290724
 10
5.508723864174353
 20
9.367772581257421
 10
5.5011212902889035
 20
9.362990846698017
 10
5.49825060339964
 20
9.360727165528225
 10
5.490393691134111
 20
9.354838509240395
 10
5.482394609089355
 20
9.349144474672032
 10
5.474258177080328
 20
9.34364849274094
 10
5.465989297681656
 20
9.338353875029089
 10
5.457592953273614
 20
9.333263811787244
 10
5.45606881945304
 20
9.332390268787215
 10
5.317475138961321
 20
9.23745090625903
 10
5.212573915793912
 20
9.132549684857779
 10
5.128731698304628
 20
9.010155759613477
 10
5.0688093482791095
 20
8.874445971957337
 10
5.033778406752668
 20
8.725502064530183
 10
5.030563268836467
 20
8.679189564875617
 10
5.0305632687537685
 20
6.858729878203787
 10
5.033776429205775
 20
6.812431223517069
 10
5.0688095525338275
 20
6.663477173666715
 10
5.119270450917092
 20
6.549194606364146
 10
5.128731856303423
 20
6.527766747850967
 10
5.212573073741658
 20
6.4053739714669256
 10
5.317475961053618
 20
6.300471082388774
 10
5.439868163000687
 20
6.216630255422423
 10
5.5232516370517235
 20
6.179812878911423
 10
5.575577570182324
 20
6.15670874098577
 10
5.724527155597569
 20
6.121675900610209
 10
5.770834582287151
 20
6.118461268984772
 10
5.870000397092791
 20
6.118461268753127
 10
5.879816906784955
 20
6.118340795748551
 10
5.889627503355041
 20
6.1179794493494
 10
5.899426277243394
 20
6.117377447218085
 10
5.909207326011926
 20
6.1165351519796
 10
5.91896475789954
 20
6.115453071003086
 10
5.928692695371123
 20
6.11413185609621
 10
5.938385278657963
 20
6.112572303112547
 10
5.948036669287469
 20
6.110775351472171
 10
6.043324640123822
 20
6.091821357322033
 10
6.052928758560315
 20
6.089788149150159
 10
6.06248008842584
 20
6.087519862525353
 10
6.071972876653285
 20
6.085017863708162
 10
6.0814014054370125
 20
6.082283659731356
 10
6.090759995676872
 20
6.079318897492196
 10
6.100043010398905
 20
6.07612536276045
 10
6.10924485815067
 20
6.072704979102775
 10
6.11835999636915
 20
6.069059806724084
 10
6.127382934719212
 20
6.065192041226626
 10
6.1363082384006145
 20
6.061104012287505
 10
6.145130531421551
 20
6.056798182255435
 10
6.153844499836788
 20
6.052277144667602
 10
6.162444894948414
 20
6.047543622687482
 10
6.1709265364673
 20
6.042600467464604
 10
6.179284315633349
 20
6.037450656417205
 10
6.187513198292665
 20
6.032097291438843
 10
6.268294173601051
 20
5.978122308049889
 10
6.276389817405655
 20
5.972568181104198
 10
6.284346710696292
 20
5.966817040008618
 10
6.292160060051826
 20
5.960872349386873
 10
6.299825158525388
 20
5.954737690461516
 10
6.307337388479956
 20
5.948416758896505
 10
6.314692224370128
 20
5.941913362570852
 10
6.321885235468415
 20
5.935231419284668
 10
6.328912088534423
 20
5.9283749543989845
 10
8.656553641763072
 20
3.600732409139477
 10
8.750526823792487
 20
3.5286252219154752
 10
8.817808001719307
 20
3.4769989934541337
 10
8.989600630073234
 20
3.377814279772817
 10
8.993824401478827
 20
3.3753756666559647
 10
9.181599463511844
 20
3.297596176659194
 10
9.204723478259726
 20
3.291400276617408
 10
9.37792691749248
 20
3.2449902176971452
 10
9.579437376309434
 20
3.2184612696883677
 10
13.782688644551971
 20
3.2184612687589267
 10
13.9841996549695
 20
3.2449910828016955
 10
14.180525178567613
 20
3.2975961759024095
 10
14.368303399892307
 20
3.375376177987171
 10
14.544323291506034
 20
3.4770015711691955
 10
14.705559069226624
 20
3.6007222619886443
 10
16.849292498192995
 20
5.7444527540850885
 10
16.973023264439867
 20
5.905701562511479
 10
17.074648629460125
 20
6.081721402355392
 10
17.152428632927254
 20
6.269499623107742
 10
17.20503372747316
 20
6.465825146318734
 10
17.231563542846533
 20
6.667336155380727
 10
17.231563543718654
 20
7.330586644769749
 10
17.205033729704567
 20
7.532097654969621
 10
17.152428883421592
 20
7.728422257428167
 10
17.141602249498902
 20
7.754559808289748
 10
17.074650417100994
 20
7.916196859010316
 10
16.973021647935433
 20
8.092223236897345
 10
16.84929646833284
 20
8.253466215021394
 10
16.687074964327433
 20
8.415688617453768
 10
16.68703362032946
 20
8.415728961927647
 10
15.677908798178294
 20
9.424853783833106
 10
15.671052440094076
 20
9.431880527753934
 10
15.664370598152287
 20
9.439073424567658
 10
15.65786729752769
 20
9.446428141237526
 10
15.651546455840865
 20
9.4539402472457
 10
15.64541188079823
 20
9.461605217262223
 10
15.639467267898247
 20
9.469418433871104
 10
15.633716198205242
 20
9.477375190351864
 10
15.62816213619215
 20
9.485470693514896
 10
15.57418614709872
 20
9.566252677105622
 10
15.56883278349164
 20
9.574481505464771
 10
15.56368297151583
 20
9.582839229717683
 10
15.55873981303617
 20
9.59132081579099
 10
15.554006285444794
 20
9.59992115500614
 10
15.549485239867742
 20
9.608635067156497
 10
15.545179399447633
 20
9.617457303627512
 10
15.541091357703467
 20
9.626382550558095
 10
15.537223576968461
 20
9.635405432041294
 10
15.523416953616056
 20
9.668737655418763
 10
15.484643318059769
 20
9.735894822216771
 10
15.411964165306834
 20
9.861779052625696
 10
15.27625819734697
 20
10.038637383460243
 10
15.118636612288197
 20
10.19625896959645
 10
14.941786558197217
 20
10.331960131545337
 10
14.748745144073817
 20
10.44341331539799
 10
14.54279266271594
 20
10.528722689625063
 10
14.452945373281537
 20
10.552797061319508
 10
14.327475086244004
 20
10.586416614801346
 10
14.106469092813484
 20
10.615512542901694
 10
13.883555388970315
 20
10.61551254366353
 10
13.662552931910144
 20
10.586417465877984
 10
13.447233280769376
 20
10.52872347739526
 10
13.297737472100566
 20
10.466800443298247
 10
13.241287314965724
 20
10.443417338454893
 10
13.048250416478641
 20
10.331968727105618
 10
12.871386647026688
 20
10.196258415426218
 10
12.7802280269237
 20
10.105099796428858
 10
12.773201283184497
 20
10.098243438601408
 10
12.76600838656381
 20
10.091561596906292
 10
12.758653670098006
 20
10.085058296517865
 10
12.751141564304518
 20
10.078737455056324
 10
12.743476594512888
 20
10.07260288022771
 10
12.735663378138684
 20
10.06665826753012
 10
12.727706621901945
 20
10.060907198027532
 10
12.719611118991828
 20
10.055353136192553
 10
12.689085641014033
 20
10.03495696871601
 10
12.692953713421645
 20
10.029011313622394
 10
12.698103729787277
 20
10.020653364723586
 10
12.703047080752805
 20
10.01217154536728
 10
12.70778078862909
 20
10.003570964683199
 10
12.71230200200813
 20
9.994856803338434
 10
12.716607997480628
 20
9.986034310416805
 10
12.720696181276486
 20
9.977108800257005
 10
12.72456409082718
 20
9.968085649251451
 10
12.728209396249131
 20
9.958970292607738
 10
12.731629901747132
 20
9.94976822107468
 10
12.734823546937019
 20
9.940484977634885
 10
12.737788408086761
 20
9.931126154165872
 10
12.740522699275248
 20
9.921697388071735
 10
12.743024773468068
 20
9.91220435888738
 10
12.74529312350961
 20
9.902652784857388
 10
12.74732638303092
 20
9.893048419491556
 10
12.749123327272759
 20
9.883397048099203
 10
12.750682873823338
 20
9.873704484304316
 10
12.752004083270334
 20
9.863976566543636
 10
12.75308615976675
 20
9.854219154549808
 10
12.75392845151031
 20
9.844438125821698
 10
12.754530451136068
 20
9.834639372084004
 10
12.75489179602204
 20
9.824828795738307
 10
12.755012268507626
 20
9.81501230630768
 10
12.755012268577213
 20
9.304814631050906
 10
12.757148609041685
 20
9.311024515100614
 10
12.786903328607401
 20
9.394183385456367
 10
12.790323834823553
 20
9.403385457851781
 10
12.793969141008727
 20
9.41250081533032
 10
12.79783705136678
 20
9.42152396714148
 10
12.801925236013146
 20
9.43044947807601
 10
12.839687673136948
 20
9.510291443218673
 10
12.843993669502023
 20
9.519113936882459
 10
12.848514883814644
 20
9.527828098935284
 10
12.853248592664368
 20
9.536428680291774
 10
12.858191944641987
 20
9.544910500283317
 10
12.903598426410383
 20
9.620666638440875
 10
12.908748443825507
 20
9.629024587936257
 10
12.91410202450022
 20
9.637253632419231
 10
12.919655943637709
 20
9.645348815021105
 10
12.925406855764756
 20
9.65330525950658
 10
12.97802009293762
 20
9.72424599765788
 10
12.983964533919837
 20
9.732058911362348
 10
12.99009892304822
 20
9.739723588078693
 10
12.996419565196138
 20
9.747235410892264
 10
13.002922653045106
 20
9.754589854961882
 10
13.062235951386997
 20
9.820031995017931
 10
13.06891756772004
 20
9.827224630301467
 10
13.07577368778134
 20
9.834251124224398
 10
13.082800181700538
 20
9.841107244289525
 10
13.089992816980434
 20
9.847788860626485
 10
13.155434957003727
 20
9.907102159003605
 10
13.16278940106974
 20
9.913605246856521
 10
13.170301223879799
 20
9.919925889008478
 10
13.177965900592733
 20
9.926060278140985
 10
13.185778814293892
 20
9.932004719127411
 10
13.256719552416408
 20
9.984617956338907
 10
13.264675996898799
 20
9.990368868470332
 10
13.272771179497699
 20
9.99592278761227
 10
13.28100022397781
 20
10.001276368291506
 10
13.289358173470442
 20
10.00642638571122
 10
13.365114311603884
 20
10.051832867521261
 10
13.373596131592725
 20
10.056776219503496
 10
13.382196712946627
 20
10.0615099283579
 10
13.39091087499698
 20
10.066031142675264
 10
13.399733368658408
 20
10.070337139045142
 10
13.479575333779982
 20
10.10809957621221
 10
13.488500844712236
 20
10.112187760863417
 10
13.497523996521242
 20
10.116055671226368
 10
13.506639353997743
 20
10.119700977416493
 10
13.515841426391244
 20
10.123121483637645
 10
13.59900029673052
 20
10.15287620324863
 10
13.608283541056673
 20
10.156069849115758
 10
13.617642365436245
 20
10.159034710896018
 10
13.627071132463374
 20
10.161769002667537
 10
13.636564162601372
 20
10.164271077395192
 10
13.722239072777809
 20
10.185731525234743
 10
13.731790647780256
 20
10.187999875762275
 10
13.74139501413556
 20
10.190033135720146
 10
13.751046386532552
 20
10.191830080348591
 10
13.760738951345393
 20
10.193389627235357
 10
13.84810480513969
 20
10.206349127459406
 10
13.857832723929826
 20
10.20767033719177
 10
13.867590136962667
 20
10.208752413922381
 10
13.877371166737454
 20
10.209594705848682
 10
13.887169921527589
 20
10.210196705605508
 10
13.975385338008254
 20
10.214530451142384
 10
13.985195915410198
 20
10.21489179610759
 10
13.995012405899017
 20
10.21501226862049
 10
14.004828896387899
 20
10.214891796112939
 10
14.01463947379004
 20
10.214530451153076
 10
14.10285489027315
 20
10.210196705664254
 10
14.112653645063613
 20
10.209594705912766
 10
14.122434674838859
 20
10.208752413991796
 10
14.13219208787229
 20
10.207670337266498
 10
14.141920006663147
 20
10.206349127539434
 10
14.229285860464236
 20
10.19338962736302
 10
14.238978425277905
 20
10.19183008048154
 10
14.248629797675855
 20
10.190033135858357
 10
14.258234164032244
 20
10.187999875905723
 10
14.267785739035906
 20
10.185731525383403
 10
14.353460649224393
 20
10.164271077590456
 10
14.362953679363809
 20
10.161769002867958
 10
14.372382446392486
 20
10.15903471110156
 10
14.381741270773725
 20
10.15606984932638
 10
14.391024515101673
 20
10.152876203464288
 10
14.474183385457263
 20
10.123121483898537
 10
14.483385457852595
 20
10.119700977682404
 10
14.492500815331054
 20
10.116055671497257
 10
14.501523967142134
 20
10.112187761139232
 10
14.510449478076588
 20
10.108099576492899
 10
14.59029144321854
 20
10.070337139369416
 10
14.599113936882315
 20
10.066031143004345
 10
14.60782809893513
 20
10.061509928691727
 10
14.61642868029161
 20
10.056776219842009
 10
14.624910500283143
 20
10.051832867864395
 10
14.700666638441
 20
10.006426386095814
 10
14.70902458793641
 20
10.00127636868067
 10
14.717253632419414
 20
9.995922788005936
 10
14.725348815021317
 20
9.990368868868426
 10
14.733305259506816
 20
9.984617956741355
 10
14.80424599765818
 20
9.932004719568399
 10
14.8120589113626
 20
9.926060278586213
 10
14.819723588078901
 20
9.919925889457865
 10
14.827235410892428
 20
9.913605247309981
 10
14.834589854962003
 20
9.907102159461052
 10
14.900031995017924
 20
9.847788861119296
 10
14.907224630301483
 20
9.841107244786235
 10
14.914251124224435
 20
9.834251124724915
 10
14.921107244289582
 20
9.827224630805697
 10
14.927788860626562
 20
9.820031995525778
 10
14.987102159003582
 20
9.754589855502577
 10
14.993605246856484
 20
9.747235411436579
 10
14.999925889008427
 20
9.739723588626534
 10
15.006060278140923
 20
9.732058911913615
 10
15.012004719127336
 20
9.724245998212472
 10
15.064617956338882
 20
9.6533052600899
 10
15.070368868470311
 20
9.645348815607507
 10
15.075922787612251
 20
9.637253633008605
 10
15.081276368291489
 20
9.629024588528491
 10
15.086426385711203
 20
9.620666639035857
 10
15.13183286752118
 20
9.544910500902528
 10
15.136776219503398
 20
9.536428680913717
 10
15.141509928357788
 20
9.527828099559846
 10
15.146031142675138
 20
9.519113937509525
 10
15.150337139045005
 20
9.510291443848129
 10
15.188099576212009
 20
9.430449478726768
 10
15.192187760863225
 20
9.421523967794501
 10
15.196055671226185
 20
9.412500815985485
 10
15.199700977416317
 20
9.403385458508971
 10
15.203121483637476
 20
9.394183386115458
 10
15.23287620324844
 20
9.311024515776303
 10
15.236069849115149
 20
9.301741271451425
 10
15.23649194771807
 20
9.30040888330374
 10
16.494501405604087
 20
8.042399404560447
 10
16.5013575244545
 20
8.035372911795205
 10
16.508039139635546
 20
8.028180277726696
 10
16.557491614982215
 20
7.9736178793114885
 10
16.563994702817755
 20
7.966263435262764
 10
16.570315344953222
 20
7.958751612470798
 10
16.57644973407016
 20
7.951086935776731
 10
16.582394175041962
 20
7.943274022095182
 10
16.626260471563704
 20
7.884127168213326
 10
16.632011383695563
 20
7.876170723731245
 10
16.637565302837945
 20
7.868075541132642
 10
16.64291888351763
 20
7.859846496652818
 10
16.6480689009378
 20
7.8514885471604625
 10
16.685926563774842
 20
7.7883268526046745
 10
16.690869915757514
 20
7.779845032616148
 10
16.69560362461236
 20
7.7712444512625485
 10
16.700124838930176
 20
7.7625302892124886
 10
16.704430835300517
 20
7.7537077955513425
 10
16.735915274464762
 20
7.687139541967873
 10
16.740003459116473
 20
7.678214031035808
 10
16.743871369479933
 20
7.669190879226981
 10
16.747516675670568
 20
7.660075521750644
 10
16.750937181892237
 20
7.650873449357296
 10
16.775745185023265
 20
7.5815397254181365
 10
16.778938830890883
 20
7.5722564810921975
 10
16.781903692671644
 20
7.562897656712829
 10
16.784637984443666
 20
7.55346888968589
 10
16.787140059171833
 20
7.543975859548072
 10
16.805032711638376
 20
7.472544386915575
 10
16.807301062166456
 20
7.462992811913137
 10
16.809334322124876
 20
7.45338844555783
 10
16.811131266753865
 20
7.443737073160818
 10
16.81269081364117
 20
7.434044508347945
 10
16.82349579941838
 20
7.361203211153466
 10
16.82481700915126
 20
7.351475292363487
 10
16.82589908588239
 20
7.341717879330792
 10
16.826741377809213
 20
7.331936849556137
 10
16.827343377566567
 20
7.322138094766124
 10
16.830956638861725
 20
7.248588471942553
 10
16.83131798382901
 20
7.238777894477865
 10
16.8314384563409
 20
7.2289614039262515
 10
16.831438456346927
 20
6.768961408836144
 10
16.83131798383717
 20
6.759144918361019
 10
16.830956638875772
 20
6.749334340972676
 10
16.82734337762265
 20
6.675784718391294
 10
16.826741377871098
 20
6.665985963625396
 10
16.825899085951267
 20
6.6562049338746565
 10
16.82481700922831
 20
6.646447520865631
 10
16.823495799504773
 20
6.636719602099034
 10
16.81269081377508
 20
6.563878304897172
 10
16.811131266894115
 20
6.554185740083334
 10
16.80933432227144
 20
6.544534367685202
 10
16.807301062319308
 20
6.53493000132862
 10
16.80503271179748
 20
6.525378426324751
 10
16.787140059377975
 20
6.4539469536819585
 10
16.784637984656037
 20
6.444453923542589
 10
16.781903692890207
 20
6.435025156513945
 10
16.778938831115596
 20
6.425666332132722
 10
16.775745185254078
 20
6.416383087804776
 10
16.750937182168297
 20
6.347049363849018
 10
16.747516675952635
 20
6.337847291453384
 10
16.743871369767945
 20
6.328731933974616
 10
16.740003459410367
 20
6.3197087821632145
 10
16.735915274764473
 20
6.3107832712284315
 10
16.70443083564343
 20
6.2442150176236675
 10
16.70012483927884
 20
6.235392523959661
 10
16.695603624966694
 20
6.2266783619066
 10
16.690869916117446
 20
6.218077780549864
 10
16.685926564140292
 20
6.209595960558064
 10
16.648068901344832
 20
6.146434265978047
 10
16.64291888393017
 20
6.1380763164824
 10
16.637565303255915
 20
6.129847271999149
 10
16.63201138411888
 20
6.1217520893969875
 10
16.626260471992275
 20
6.113795644911216
 10
16.582394175509215
 20
6.054648791000625
 10
16.57644973452741
 20
6.046835877295815
 10
16.57031534539943
 20
6.039171200579117
 10
16.563994703251904
 20
6.031659377765187
 10
16.557491615403322
 20
6.024304933695199
 10
16.50803913991517
 20
5.969742535079079
 10
16.501357523537774
 20
5.962549899748182
 10
16.49450140342983
 20
5.955523405780105
 10
14.49450140690535
 20
3.9555234092470917
 10
14.487474912995841
 20
3.9486672891948533
 10
14.480282277726214
 20
3.941985672870253
 10
14.425719879311341
 20
3.892533197523911
 10
14.418365435262633
 20
3.886030109688389
 10
14.410853612470683
 20
3.8797094675529373
 10
14.403188935776635
 20
3.873575078436016
 10
14.395376022095105
 20
3.867630637464231
 10
14.336229168213306
 20
3.8237643409425317
 10
14.32827272373122
 20
3.818013428810668
 10
14.320177541132615
 20
3.8124595096682845
 10
14.311948496652787
 20
3.8071059289885976
 10
14.303590547160429
 20
3.801955911568425
 10
14.240428852604527
 20
3.76409824873132
 10
14.231947032615949
 20
3.7591548967486217
 10
14.223346451262298
 20
3.754421187893748
 10
14.214632289212185
 20
3.749899973575908
 10
14.205809795550984
 20
3.745593977205549
 10
14.139241541967301
 20
3.714109538041254
 10
14.130316031035274
 20
3.710021353389565
 10
14.121292879226488
 20
3.7061534430261265
 10
14.112177521750189
 20
3.702508136835511
 10
14.102975449356881
 20
3.6990876306138607
 10
14.033641725417601
 20
3.6742796274828042
 10
14.024358481091626
 20
3.671085981615174
 10
14.014999656712222
 20
3.6681211198344075
 10
14.005570889685247
 20
3.665386828062378
 10
13.996077859547391
 20
3.6628847533342075
 10
13.924646386915633
 20
3.644992100867892
 10
13.915094811913297
 20
3.6427237503398406
 10
13.905490445558094
 20
3.640690490381444
 10
13.895839073161188
 20
3.6388935457524734
 10
13.88614650834842
 20
3.6373339988651803
 10
13.81330521115362
 20
3.626529013087882
 10
13.803577292363563
 20
3.625207803354991
 10
13.793819879330789
 20
3.62412572662385
 10
13.784038849556055
 20
3.62328343469702
 10
13.774240094765961
 20
3.622681434939662
 10
13.700690471942242
 20
3.6190681736445187
 10
13.690879894475293
 20
3.618706828677182
 10
13.681063403921419
 20
3.618586356165347
 10
9.681063408831156
 20
3.6185863561593288
 10
9.671246918358332
 20
3.6187068286691444
 10
9.661436340972285
 20
3.619068173630485
 10
9.587886718391344
 20
3.6226814348835927
 10
9.57808796362544
 20
3.6232834346351463
 10
9.568306933874696
 20
3.6241257265549813
 10
9.558549520865665
 20
3.625207803277943
 10
9.548821602099062
 20
3.6265290130014782
 10
9.47598030489747
 20
3.6373339987311417
 10
9.466287740083711
 20
3.6388935456120968
 10
9.456636367685656
 20
3.640690490234755
 10
9.44703200132915
 20
3.6427237501868692
 10
9.437480426325358
 20
3.644992100708671
 10
9.366048953681549
 20
3.662884753128382
 10
9.356555923541992
 20
3.6653868278503654
 10
9.347127156513164
 20
3.668121119616253
 10
9.337768332131757
 20
3.671085981390927
 10
9.328485087803632
 20
3.674279627252517
 10
9.259151363848037
 20
3.69908763033834
 10
9.24994929145253
 20
3.702508136553968
 10
9.240833933973887
 20
3.706153442738616
 10
9.231810782162606
 20
3.7100213530961454
 10
9.222885271227943
 20
3.714109537741987
 10
9.156317017623882
 20
3.7455939768626973
 10
9.14749452395987
 20
3.7498999732272926
 10
9.138780361906802
 20
3.7544211875394384
 10
9.130179780550058
 20
3.759154896388693
 10
9.12169796055825
 20
3.7640982483658494
 10
9.058536265977935
 20
3.8019559111614942
 10
9.050178316482235
 20
3.80710592857619
 10
9.041949271998934
 20
3.8124595092504836
 10
9.033854089396721
 20
3.81801342838756
 10
9.025897644910902
 20
3.8237643405142063
 10
8.966750791000255
 20
3.8676306369973728
 10
8.958937877295535
 20
3.8735750779791163
 10
8.951273200578923
 20
3.879709467107031
 10
8.943761377765075
 20
3.8860301092544858
 10
8.936406933695167
 20
3.8925331971029955
 10
8.881844535078613
 20
3.9419856725915032
 10
8.87465189974758
 20
3.9486672889690264
 10
8.867625405779371
 20
3.955523409077102
 10
6.304187294957174
 20
6.518961519891186
 10
5.8310634860791835
 20
6.518961543753124
  0
LWPOLYLINE
  5
4F
330
17
100
AcDbEntity
  8
0
100
AcDbPolyline
 90
392
 70
0
 10
0.07551254875311991
 20
15.25686040461704
 10
0.07551254875580576
 20
2.573165407806965
 10
0.07575337988723951
 20
2.5584450138522112
 10
0.0762863797828367
 20
2.5421600171236176
 10
0.07700890996289611
 20
2.5274508845202353
 10
0.09285590965764068
 20
2.285656889341674
 10
0.09360535633913225
 20
2.2758615088015226
 10
0.09456845594218227
 20
2.266084822787879
 10
0.09574474945509664
 20
2.2563314908532908
 10
0.09999674861076685
 20
2.224044497346383
 10
0.10138375895978169
 20
2.2143316158695416
 10
0.10298219842576617
 20
2.2046512824266777
 10
0.10479130714704643
 20
2.1950080988275733
 10
0.15047130588089208
 20
1.965361105247846
 10
0.15249047793194914
 20
1.955758509490228
 10
0.15471854934035678
 20
1.9462022236607317
 10
0.1571544606783038
 20
1.936696791686873
 10
0.16558045899418966
 20
1.9052467980142422
 10
0.16822563142733338
 20
1.8957878890701736
 10
0.17107661392464474
 20
1.8863889638968745
 10
0.1741320483215118
 20
1.8770544999990553
 10
0.2494010462265534
 20
1.6553195062038673
 10
0.2526572778905659
 20
1.6460599922099863
 10
0.2561146910329822
 20
1.6368737014234258
 10
0.259771640750448
 20
1.6277650043257876
 10
0.27222163825485257
 20
1.5977070103788902
 10
0.27607791849616276
 20
1.5886767546307778
 10
0.28013031289746393
 20
1.5797327893025725
 10
0.28437689199002064
 20
1.5708793728893176
 10
0.3879488891032274
 20
1.3608563787673325
 10
0.39238693152229237
 20
1.3520990702504547
 10
0.39701496499124267
 20
1.3434406651326822
 10
0.40183078664176874
 20
1.3348852846733732
 10
0.4181017833771834
 20
1.3067032903491236
 10
0.4231025994338337
 20
1.2982558332486638
 10
0.4282864950541403
 20
1.2899194719984346
 10
0.4336510032743775
 20
1.2816981737888105
 10
0.47227523809596317
 20
1.223892822353247
 10
0.5637402363764492
 20
1.0870058249459165
 10
0.5692841840747462
 20
1.078901547872017
 10
0.575003638537517
 20
1.0709201630535612
 10
0.5808958766073364
 20
1.0630654706025129
 10
0.6007248726298049
 20
1.0372244758036078
 10
0.6067851639436979
 20
1.0295026138725576
 10
0.613012443360635
 20
1.0219147766606214
 10
0.6194037477934387
 20
1.014464574640631
 10
0.7737817434847016
 20
0.8384315795700245
 10
0.7803344916798094
 20
0.83112205585494
 10
0.7870451276980752
 20
0.8239572104218391
 10
0.7939104580169436
 20
0.8169404529468587
 10
0.8169394533948855
 20
0.7939114575840513
 10
0.8239562108130825
 20
0.7870461273284719
 10
0.8311210561867672
 20
0.7803354913708908
 10
0.8384305798398904
 20
0.7737827432337785
 10
1.0144635749240472
 20
0.619404747559128
 10
1.0219150793854477
 20
0.6130123502388007
 10
1.0295042660994107
 20
0.606784035277288
 10
1.0372275226999919
 20
0.6007227672811686
 10
1.0630665175118694
 20
0.5808957712756486
 10
1.0709195081220924
 20
0.575004919048533
 10
1.078899133399453
 20
0.5692867740767033
 10
1.0870015957666066
 20
0.5637440576781472
 10
1.2816905903288198
 20
0.4336560613244529
 10
1.2899116392528365
 20
0.4282916626535895
 10
1.2982477457923502
 20
0.42310786614206264
 10
1.3066949430953168
 20
0.41810713857141935
 10
1.3348869374300074
 20
0.40183014185472843
 10
1.3434436262028866
 20
0.3970135349764778
 10
1.3521033721433526
 20
0.3923847743624348
 10
1.3608620520729804
 20
0.38794606391165487
 10
1.5708730462053697
 20
0.28438106681714614
 10
1.5797228800627865
 20
0.28013620319114063
 10
1.5886631905000652
 20
0.2760853667599393
 10
1.5976897242055879
 20
0.27223048469036454
 10
1.6277627181604908
 20
0.25977348720599364
 10
1.6368743909450625
 20
0.25611514504411204
 10
1.646063712294263
 20
0.25265647167884164
 10
1.655326307362042
 20
0.24939911371311824
 10
1.872904802411412
 20
0.1755409456663165
 10
1.8770437994686944
 20
0.17413594667655363
 10
1.8863768039872997
 20
0.17108097963593072
 10
1.895774250221562
 20
0.16823040053024874
 10
1.9052316627681078
 20
0.16558556690825305
 10
1.9366916564463337
 20
0.1571565686131013
 10
1.9461984515014976
 20
0.15472022763970772
 10
1.9557561165236417
 20
0.15249178673090763
 10
1.9653601056075007
 20
0.15047230579843007
 10
2.1950070991895947
 20
0.10479230708595044
 10
2.204653243719985
 20
0.10298267623915236
 10
2.2143365594562567
 20
0.1013838440232725
 10
2.2240524403494186
 20
0.09999657095255154
 10
2.2563444338590637
 20
0.09574457181794893
 10
2.2660941890923927
 20
0.09456886813269871
 10
2.2758672786335934
 20
0.09360620147959325
 10
2.285659048077755
 20
0.0928570303257712
 10
2.498188010277733
 20
0.07892716389007391
 10
2.527444974376903
 20
0.07700929735111428
 10
2.5421600174352172
 20
0.0762863797699821
 10
2.558445014163619
 20
0.0757533798797353
 10
2.573165407971092
 20
0.07551254875312696
 10
22.876859404698838
 20
0.07551254875580571
 10
22.891580701665625
 20
0.07575340944328351
 10
22.907864698393958
 20
0.0762864093388807
 10
22.922580117351867
 20
0.07700938120646378
 10
22.948372398020314
 20
0.07870020293975274
 10
23.164364677282784
 20
0.09285702462469003
 10
23.174156476079414
 20
0.09360619642653634
 10
23.183929594889236
 20
0.09456886500476736
 10
23.193679379265607
 20
0.09574457188859015
 10
23.225971372772396
 20
0.09999657104438825
 10
23.23568725358085
 20
0.10138384410858975
 10
23.245370569232875
 20
0.10298267631428004
 10
23.255016713679602
 20
0.10479230714723653
 10
23.484663707257774
 20
0.15047230588075533
 10
23.494267696424313
 20
0.1524917868324807
 10
23.50382536152828
 20
0.15472022776413014
 10
23.513332156664287
 20
0.15715656876394535
 10
23.544792150337
 20
0.165585567079781
 10
23.55424944501864
 20
0.16823036635576405
 10
23.563646774943223
 20
0.17108090598787534
 10
23.572979664874648
 20
0.1741358284801076
 10
23.716403092584564
 20
0.2228213499112247
 10
23.794698089638253
 20
0.24940034892231788
 10
23.803951261993543
 20
0.25265443865352105
 10
23.81313131075904
 20
0.2561094355100367
 10
23.82223387437721
 20
0.25976369797906457
 10
23.852320868324846
 20
0.27222469548396006
 10
23.861355341448625
 20
0.2760825233472201
 10
23.87030344896074
 20
0.2801366462361472
 10
23.87916092649987
 20
0.28438513209474053
 10
24.089156920621427
 20
0.3879441292077456
 10
24.097911580229987
 20
0.39238080604668285
 10
24.106567397502296
 20
0.3970073591462667
 10
24.115120254911627
 20
0.40182158767953297
 10
24.143324249235715
 20
0.4181045844150239
 10
24.15177458872135
 20
0.42310693521475556
 10
24.160113760599096
 20
0.42829248854487123
 10
24.16833779370304
 20
0.43365877501237454
 10
24.36301978825218
 20
0.563741771383099
 10
24.371123790519803
 20
0.5692855523076614
 10
24.37910490831591
 20
0.5750048283473208
 10
24.386959341904106
 20
0.5808968766076286
 10
24.412800336702634
 20
0.6007258726298128
 10
24.420522198633652
 20
0.6067861639436813
 10
24.428110035845556
 20
0.6130134433605923
 10
24.435560237865516
 20
0.6194047477933684
 10
24.611593232936073
 20
0.773782743484539
 10
24.618902756651277
 20
0.7803354916797554
 10
24.626067602084493
 20
0.7870461276981346
 10
24.633084359559586
 20
0.7939114580171219
 10
24.65611335492265
 20
0.8169404533953623
 10
24.662978685178103
 20
0.8239572108134423
 10
24.669689321135568
 20
0.8311220561870053
 10
24.676242069272565
 20
0.8384315798400019
 10
24.830620064947187
 20
1.014464574924052
 10
24.837011369434084
 20
1.0219147770099024
 10
24.84323864890223
 20
1.029502614290042
 10
24.84929894026437
 20
1.0372244762915446
 10
24.86912793627031
 20
1.0630654711041916
 10
24.87501998447505
 20
1.070919904627551
 10
24.88073926046208
 20
1.0789010223565436
 10
24.886283041337023
 20
1.0870050245548684
 10
25.016366037690048
 20
1.2816870191160405
 10
25.02173084414775
 20
1.2899087290684763
 10
25.026915019544738
 20
1.2982455143196285
 10
25.031916096528903
 20
1.306693407066879
 10
25.048202093245493
 20
1.334901401401309
 10
25.05301808769408
 20
1.343457102927042
 10
25.057646279900755
 20
1.3521158365541006
 10
25.062084466758044
 20
1.3608734805606837
 10
25.16564046385252
 20
1.5708654746930073
 10
25.16988624984883
 20
1.5797172536946142
 10
25.17393792322565
 20
1.588659548314415
 10
25.177793555572364
 20
1.5976881024304819
 10
25.190257553056725
 20
1.627779096385176
 10
25.193915208370047
 20
1.6368893533560696
 10
25.19737325799337
 20
1.6460772321792507
 10
25.200630056147073
 20
1.655338360093972
 10
25.27588905403186
 20
1.8770453538958956
 10
25.278943950242898
 20
1.8863781762549907
 10
25.281794466586494
 20
1.8957754375912277
 10
25.284439245597746
 20
1.90523266276716
 10
25.292868243893075
 20
1.9366926564459686
 10
25.295304584866496
 20
1.9461994515012278
 10
25.297533025775323
 20
1.9557571165234675
 10
25.299552506707823
 20
1.9653611056074236
 10
25.345232505420295
 20
2.19500809918951
 10
25.347042136267103
 20
2.2046542437199568
 10
25.34864096848299
 20
2.2143375594562853
 10
25.350028241553716
 20
2.2240534403495045
 10
25.35428024068834
 20
2.2563454338594124
 10
25.355455917649046
 20
2.2660949451042804
 10
25.356418568238734
 20
2.2758677896068766
 10
25.357167734020823
 20
2.285659313311627
 10
25.37301573369162
 20
2.527447308330424
 10
25.37373846228687
 20
2.542159920335967
 10
25.374271462177095
 20
2.5584459170627034
 10
25.374512263753136
 20
2.5731654079700896
 10
25.374512263750464
 20
15.256860404699198
 10
25.3742714621696
 20
15.27157989575386
 10
25.373738462273973
 20
15.287865892482266
 10
25.37301573368192
 20
15.302578504365187
 10
25.357167733987136
 20
15.544366499545006
 10
25.356418568196634
 20
15.554158023339653
 10
25.355455917594618
 20
15.563930867931749
 10
25.354280240617673
 20
15.57368037926559
 10
25.350028241461818
 20
15.605972372772769
 10
25.348640968397618
 20
15.615688253581197
 10
25.34704213619193
 20
15.625371569233199
 10
25.34523250535898
 20
15.635017713679902
 10
25.299552506625645
 20
15.864664707257143
 10
25.297533025673957
 20
15.87426869642351
 10
25.295304584742354
 20
15.883826361527303
 10
25.292868243742593
 20
15.893333156663143
 10
25.2844392454266
 20
15.924793150336587
 10
25.28179441172293
 20
15.934250563140331
 10
25.278943832524348
 20
15.943648009628241
 10
25.27588886537972
 20
15.952981014396574
 10
25.27448369768139
 20
15.957120508419361
 10
25.200625698671345
 20
16.17469850546976
 10
25.197368340673798
 20
16.183961100623637
 10
25.19390966727296
 20
16.193150422057514
 10
25.190251325071813
 20
16.20226209492522
 10
25.177794327567227
 20
16.23233508887292
 10
25.17393944552597
 20
16.241361622498033
 10
25.169888609126527
 20
16.25030193285631
 10
25.165643745535668
 20
16.259151766636236
 10
25.062078748422373
 20
16.469162760758387
 10
25.05764003793161
 20
16.477921440762877
 10
25.053011277274326
 20
16.486581186776444
 10
25.048194670349638
 20
16.495137875620557
 10
25.031917673614522
 20
16.523329869944384
 10
25.026916946082345
 20
16.53177706717153
 10
25.0217331496125
 20
16.540113173637053
 10
25.016368750986476
 20
16.54833422248902
 10
24.88628075461479
 20
16.743023217039653
 10
24.880738038166744
 20
16.751125679475923
 10
24.87501989314242
 20
16.759105304820224
 10
24.869129040859878
 20
16.766958295495115
 10
24.849302044837078
 20
16.79279729029431
 10
24.84324077688906
 20
16.800520546824636
 10
24.837012461978606
 20
16.808109733470587
 10
24.830620064712214
 20
16.815561237866312
 10
24.676242069021534
 20
16.991594232936244
 10
24.669689320826507
 20
16.998903756651238
 10
24.662978684808326
 20
17.006068602084255
 10
24.65611335448955
 20
17.013085359559152
 10
24.63308435911179
 20
17.03611435492181
 10
24.626067601693517
 20
17.042979685177475
 10
24.618902756319752
 20
17.049690321135134
 10
24.611593232666547
 20
17.056243069272323
 10
24.435560237581807
 20
17.210621064947492
 10
24.428110229717113
 20
17.217012206461188
 10
24.420522593675198
 20
17.223239331506306
 10
24.41280093964674
 20
17.229299477222117
 10
24.3869639448347
 20
17.24912547322764
 10
24.37910916451659
 20
17.255017796296734
 10
24.371127688455633
 20
17.26073733166989
 10
24.363023316901135
 20
17.26628135608389
 10
24.168327322339948
 20
17.396373352436907
 10
24.160105802617487
 20
17.401738023050815
 10
24.151769213205096
 20
17.40692207111307
 10
24.143321521623406
 20
17.411923029449543
 10
24.11513952728835
 20
17.428194026166512
 10
24.106584146900254
 20
17.433009847770613
 10
24.097925741855562
 20
17.437637881196334
 10
24.08916843341353
 20
17.442075923575427
 10
23.879145439282038
 20
17.545647920669463
 10
23.87029202279132
 20
17.54989449979715
 10
23.861348057384134
 20
17.553946894230197
 10
23.85231780155564
 20
17.557803174499814
 10
23.822259807600854
 20
17.5702531719843
 10
23.813151110580076
 20
17.573910121664948
 10
23.803964819871812
 20
17.577367534773963
 10
23.794705305957553
 20
17.580623766408042
 10
23.572970312155224
 20
17.65589276429292
 10
23.56363584817616
 20
17.65894819871446
 10
23.55423692292056
 20
17.661799181232894
 10
23.544778013893247
 20
17.664444353683574
 10
23.513328020214853
 20
17.672870351978847
 10
23.503822588321842
 20
17.675306263290373
 10
23.49426630257417
 20
17.677534334675933
 10
23.484663706899237
 20
17.67955350670774
 10
23.25501671331578
 20
17.725233505420498
 10
23.24537352963295
 20
17.72704261415563
 10
23.235693196105775
 20
17.728641053631815
 10
23.22598031454416
 20
17.730028063987355
 10
23.193693321034516
 20
17.7342800631218
 10
23.183939989188904
 20
17.735456356618478
 10
23.174163303264763
 20
17.736419456209195
 10
23.16436792281451
 20
17.737168902882274
 10
22.92257392779823
 20
17.753015902552974
 10
22.907864795072342
 20
17.75373843273623
 10
22.89157979834279
 20
17.75427143262652
 10
22.87685940453518
 20
17.75451226375313
 10
2.5731654078073207
 20
17.754512263750453
 10
2.558445013852248
 20
17.75427143261901
 10
2.5421600171235337
 20
17.7537384327234
 10
2.527449398956223
 20
17.7530158051781
 10
2.2856524037760706
 20
17.737167805483274
 10
2.2758608713281854
 20
17.736418662880812
 10
2.266088017593595
 20
17.735456035123516
 10
2.2563384966388567
 20
17.734280380637735
 10
2.22405350313215
 20
17.730029381481913
 10
2.2143372656531253
 20
17.728642077183203
 10
2.204653595366844
 20
17.727043198278274
 10
2.195007098826448
 20
17.72523350535898
 10
1.9653601052480776
 20
17.67955350662544
 10
1.955758362187745
 20
17.677534523604013
 10
1.9462029204071092
 20
17.67530667831892
 10
1.9366983226236123
 20
17.672871029901884
 10
1.9052513289506685
 20
17.664446031585882
 10
1.895791400498544
 20
17.66180062158498
 10
1.886391467871765
 20
17.658949357478622
 10
1.8770560100086537
 20
17.655893597854853
 10
1.655313016213564
 20
17.580621599949833
 10
1.6460530995066418
 20
17.57736520970099
 10
1.6368664128851276
 20
17.57390762039773
 10
1.627757327404144
 20
17.570250477172202
 10
1.5977093334573917
 20
17.5578044796679
 10
1.5886801296188113
 20
17.553948619003684
 10
1.5797371965998648
 20
17.54989668953254
 10
1.5708847914222241
 20
17.54565062005697
 10
1.360849797300454
 20
17.442073622943834
 10
1.352090214450017
 20
17.43763443547983
 10
1.3434295867159673
 20
17.43300515861336
 10
1.334872038554195
 20
17.42818799694769
 10
1.3067030442302323
 20
17.41192400021252
 10
1.2982573077272113
 20
17.40692407370286
 10
1.2899226249870817
 20
17.40174114076852
 10
1.2817029608389348
 20
17.39637766694346
 10
1.0869929662887259
 20
17.266276670572022
 10
1.0788889952821554
 20
17.26073294171383
 10
1.0709079069020795
 20
17.255013719389257
 10
1.063053500828169
 20
17.249121726436563
 10
1.0372345060294286
 20
17.229309730414222
 10
1.0295122025755075
 20
17.223249121054963
 10
1.02192393840756
 20
17.217021504869177
 10
1.0144733246015578
 20
17.21062984543255
 10
0.8384303295302019
 20
17.056242849740677
 10
0.8311232937893085
 20
17.049692371512247
 10
0.8239608360148587
 20
17.042984112798614
 10
0.8169463624084217
 20
17.036121263800972
 10
0.7939193670455809
 20
17.013095268422767
 10
0.7870514985606865
 20
17.006076167865878
 10
0.7803384310414163
 20
16.998908873073887
 10
0.7737833614132406
 20
16.99159679728631
 10
0.6193943657390726
 20
16.815550802202704
 10
0.6130029166779118
 20
16.808100408171374
 10
0.6067755009007411
 20
16.800512372518995
 10
0.6007150817044616
 20
16.79279030598931
 10
0.5809030856990175
 20
16.766971311177432
 10
0.5750110928017181
 20
16.759116905168153
 10
0.5692918705296108
 20
16.75113581685498
 10
0.563748141720884
 20
16.743031845917486
 10
0.43364714536733634
 20
16.548321851355553
 10
0.4282836714973677
 20
16.54010218713525
 10
0.42310073852128255
 20
16.531767504321024
 10
0.4181008119730954
 20
16.52332176774207
 10
0.4018368152562793
 20
16.4951527734071
 10
0.3970196536371114
 20
16.486595225316652
 10
0.39239037681393635
 20
16.4779345976558
 10
0.38795118938996814
 20
16.469175014880328
 10
0.2843741922961292
 20
16.259140020749314
 10
0.28012812278540145
 20
16.250287615494155
 10
0.2760761932824911
 20
16.241344682396175
 10
0.2722203325899476
 20
16.232315478477158
 10
0.2597743351053571
 20
16.202267484522007
 10
0.25611719191666327
 20
16.193158399117905
 10
0.2526596026468189
 20
16.183971712574714
 10
0.24940321242791974
 20
16.17471179594744
 10
0.17413121454305092
 20
15.952968802145017
 10
0.1710754548946089
 20
15.943633344200663
 10
0.1682241907671323
 20
15.934233411491585
 10
0.16557878074869758
 20
15.924773482956219
 10
0.1571537824536281
 20
15.893326489278692
 10
0.15471813406302903
 20
15.883821891576096
 10
0.1524902888007939
 20
15.874266449877336
 10
0.15047130579862894
 20
15.86466470689974
 10
0.10479130708597167
 20
15.635017713316815
 10
0.10298161415279516
 20
15.625371216692551
 10
0.10138273523765029
 20
15.615687546321817
 10
0.09999543093239921
 20
15.605971308757876
 10
0.09574443179780118
 20
15.57368631524825
 10
0.09456876946207288
 20
15.563936722564607
 10
0.09360613698899223
 20
15.554163796792539
 10
0.0928569928138901
 20
15.5443721921013
 10
0.08692001072494099
 20
15.453789465377046
 10
0.07700902851247443
 20
15.302576736722193
 10
0.07628637977239022
 20
15.287865795145262
 10
0.07575337988213632
 20
15.271580798498125
 10
0.07551254875311991
 20
15.25686040461704
  0
LWPOLYLINE
  5
50
330
17
100
AcDbEntity
  8
0
100
AcDbPolyline
 90
616
 70
0
 10
5.831063483557441
 20
6.468961548753124
 10
5.8200199321264785
 20
6.46909708087531
 10
5.8089830329311996
 20
6.469503594488428
 10
5.797959434186554
 20
6.470180844723894
 10
5.7869557760958
 20
6.471128423631518
 10
5.775978686850692
 20
6.472345760425234
 10
5.765034778638908
 20
6.473832121826923
 10
5.754130643661112
 20
6.475586612508113
 10
5.74327285016006
 20
6.477608175629292
 10
5.732467938464139
 20
6.479895593476502
 10
5.721722417047714
 20
6.482447488194854
 10
5.711042758610671
 20
6.485262322618491
 10
5.700435396179501
 20
6.488338401196517
 10
5.689906719232287
 20
6.491673871014338
 10
5.679463069849922
 20
6.495266722909785
 10
5.669110738895878
 20
6.499114792683362
 10
5.65885596222682
 20
6.503215762401875
 10
5.648704916936369
 20
6.507567161794667
 10
5.638663717634242
 20
6.5121663697416245
 10
5.628738412763045
 20
6.517010615852032
 10
5.618934980954919
 20
6.522096982133358
 10
5.609259327430232
 20
6.527422404748942
 10
5.599717280440495
 20
6.532983675863539
 10
5.590314587757646
 20
6.538777445575592
 10
5.581056913211806
 20
6.544800223935095
 10
5.571949833279596
 20
6.551048383045802
 10
5.562998833725077
 20
6.557518159250541
 10
5.554209306295338
 20
6.564205655398296
 10
5.545586545472698
 20
6.57110684319171
 10
5.5371357452855205
 20
6.578217565613572
 10
5.528861996179514
 20
6.585533539430861
 10
5.520770281951444
 20
6.593050357774791
 10
5.5128654767470815
 20
6.600763492795355
 10
5.505152342125195
 20
6.6086682983887295
 10
5.497635524189369
 20
6.616760012995909
 10
5.4903195507893665
 20
6.625033762470896
 10
5.483208828793718
 20
6.633484563016703
 10
5.476307641435193
 20
6.642107324187402
 10
5.469620145730736
 20
6.650896851954425
 10
5.46315036997744
 20
6.659847851835245
 10
5.456902211326048
 20
6.668954932082581
 10
5.450879433433455
 20
6.678212606932179
 10
5.445085664195625
 20
6.687615299907236
 10
5.43952439356228
 20
6.697157347177455
 10
5.434198971434686
 20
6.70683300097073
 10
5.429112605647795
 20
6.7166364330353865
 10
5.42426836003797
 20
6.7265617381509015
 10
5.419669152597439
 20
6.736602937684989
 10
5.415317753716613
 20
6.746753983194902
 10
5.411216784515299
 20
6.757008760070791
 10
5.40736871526384
 20
6.767361091218913
 10
5.403775863895117
 20
6.777804740782482
 10
5.400440394608308
 20
6.78833341789792
 10
5.397364316565264
 20
6.798940780484233
 10
5.394549482680255
 20
6.809620439063241
 10
5.391997588503852
 20
6.8203659606083695
 10
5.389710171201585
 20
6.831170872419657
 10
5.387688608628019
 20
6.8420286660226655
 10
5.385934118496777
 20
6.85293280108895
 10
5.384447757647043
 20
6.863876709375698
 10
5.383230421406955
 20
6.874853798682202
 10
5.382282843054299
 20
6.885857456820747
 10
5.381605593374807
 20
6.8968810555995494
 10
5.381199080318333
 20
6.90791795481533
 10
5.381063548753128
 20
6.918961506253126
 10
5.381063548753128
 20
8.618961306007563
 10
5.381199080327011
 20
8.630004857798856
 10
5.381605593409508
 20
8.641041757367496
 10
5.382282843132338
 20
8.65206535649788
 10
5.383230421545592
 20
8.663069014986094
 10
5.384447757863468
 20
8.674046104639716
 10
5.385934118808084
 20
8.684990013270403
 10
5.387688609051189
 20
8.695894148676814
 10
5.389710171753464
 20
8.706751942615513
 10
5.391997589201128
 20
8.717556854757433
 10
5.394549483539444
 20
8.728302376627523
 10
5.397364317602683
 20
8.738982035525208
 10
5.400440395840061
 20
8.74958939842331
 10
5.403775865337067
 20
8.760118075843053
 10
5.407368716931601
 20
8.770561725702857
 10
5.411216786424207
 20
8.780914057138556
 10
5.415317755881711
 20
8.791168834292796
 10
5.419669155033457
 20
8.801319880071269
 10
5.424268362759308
 20
8.811361079863573
 10
5.429112608668503
 20
8.821286385226419
 10
5.434198974768447
 20
8.831089817526987
 10
5.439524397222392
 20
8.840765471544236
 10
5.445085668194984
 20
8.850307519025982
 10
5.450879437784539
 20
8.859710212199623
 10
5.456902216040899
 20
8.868967887234383
 10
5.4631503750676496
 20
8.878074967652987
 10
5.469620151207428
 20
8.887025967690729
 10
5.4763076473090075
 20
8.895815495599885
 10
5.4832088350748
 20
8.904438256897507
 10
5.490319557487348
 20
8.912889057554615
 10
5.497635531313358
 20
8.92116280712489
 10
5.505152349683759
 20
8.929254521810968
 10
5.512865484748239
 20
8.93715932746649
 10
5.520770290402647
 20
8.944872462532112
 10
5.528862005087639
 20
8.952389280903683
 10
5.537135754656858
 20
8.959705254730888
 10
5.545586555312939
 20
8.966815977144655
 10
5.554209316609564
 20
8.973717164911694
 10
5.562998844517755
 20
8.980404661014544
 10
5.571949844554561
 20
8.986874437155615
 10
5.5810569249722635
 20
8.993122596183682
 10
5.5903146000061525
 20
8.999145374441378
 10
5.599717293178958
 20
9.00493914403229
 10
5.6092593406599
 20
9.01050041500626
 10
5.61893499467638
 20
9.015825837461605
 10
5.628738426976214
 20
9.020912203562965
 10
5.638663732338359
 20
9.025756449473594
 10
5.648704932129999
 20
9.030355657200895
 10
5.6588559779078444
 20
9.034707056354108
 10
5.669110755061491
 20
9.038808025813093
 10
5.679463086496635
 20
9.042656095307194
 10
5.689906736355918
 20
9.046248946903235
 10
5.700435413775181
 20
9.049584416401764
 10
5.711042776672838
 20
9.052660494640673
 10
5.7217224355701175
 20
9.055475328705455
 10
5.732467957439837
 20
9.058027223045324
 10
5.7432728695814275
 20
9.060314640494548
 10
5.754130663519835
 20
9.062336203198392
 10
5.765034798925992
 20
9.064090693443072
 10
5.7759787075564635
 20
9.06557705438927
 10
5.78695579720991
 20
9.06679439070873
 10
5.797959455697987
 20
9.067741969123574
 10
5.808983054828274
 20
9.068419218847996
 10
5.820019954396855
 20
9.068825731932087
 10
5.831063506188128
 20
9.068961263507566
 10
6.291168635562594
 20
9.068961263574028
 10
6.28272104030181
 20
9.071867427270119
 10
6.204182107701728
 20
9.099969106674825
 10
6.193829776264094
 20
9.103817176165139
 10
6.183574999107874
 20
9.107918145620422
 10
6.173423953327375
 20
9.11226954477002
 10
6.163382753533004
 20
9.116868752493795
 10
6.087976453614094
 20
9.152533276209136
 10
6.078051148249167
 20
9.157377522116317
 10
6.068247715946479
 20
9.162463888214319
 10
6.058572061927077
 20
9.167789310666398
 10
6.049030014443143
 20
9.173350581637196
 10
5.977482551094975
 20
9.21623448080348
 10
5.968079857919091
 20
9.222028250391334
 10
5.958822182882061
 20
9.228051028646068
 10
5.949715102461162
 20
9.234299187671269
 10
5.9407641024211015
 20
9.240768963809575
 10
5.873764516826983
 20
9.290459243035489
 10
5.864974988915477
 20
9.297146739135682
 10
5.8563522276154885
 20
9.304047926900166
 10
5.847901426955998
 20
9.311158649311484
 10
5.839627677383327
 20
9.318474623136341
 10
5.777821212178659
 20
9.374492737869206
 10
5.769729497490185
 20
9.382009556238524
 10
5.761824691832258
 20
9.389722691301998
 10
5.754111556764226
 20
9.397627496955476
 10
5.7465947383902405
 20
9.405719211639614
 10
5.690576623621792
 20
9.467525676811903
 10
5.685244361587009
 20
9.473556015593388
 10
5.649150008035973
 20
9.427771532088077
 10
5.642244597675172
 20
9.419228804727453
 10
5.63513272905503
 20
9.410857173599718
 10
5.627818639897688
 20
9.402661627076911
 10
5.620306688421669
 20
9.394647048608212
 10
5.612601350744964
 20
9.386818213810045
 10
5.604707218217867
 20
9.379179787620467
 10
5.596628994687141
 20
9.371736321519474
 10
5.5883714936931534
 20
9.364492250816939
 10
5.579939635601658
 20
9.357451892009754
 10
5.571338444671907
 20
9.35061944020978
 10
5.562573046062867
 20
9.343998966644115
 10
5.553648662779311
 20
9.337594416229198
 10
5.544570612559609
 20
9.331409605220156
 10
5.535344304707061
 20
9.32544821893683
 10
5.529962842018254
 20
9.322063480227685
 10
5.528726269873222
 20
9.32108838082194
 10
5.51988724358064
 20
9.314463642502734
 10
5.510888276286539
 20
9.308057853617775
 10
5.50173479028274
 20
9.30187487394959
 10
5.492432300965694
 20
9.295918429027893
 10
5.482986413513206
 20
9.290192107884796
 10
5.482710248922154
 20
9.290033826740375
 10
5.349554362318033
 20
9.19881945862331
 10
5.251205363001991
 20
9.10047046096311
 10
5.172599869178539
 20
8.985721170892765
 10
5.116420477122919
 20
8.858488287615112
 10
5.083377793670246
 20
8.717998018987736
 10
5.080563263836388
 20
8.677456084129687
 10
5.080563263753848
 20
6.860462812143454
 10
5.083375944241011
 20
6.819934701405032
 10
5.116420707715848
 20
6.67943477224277
 10
5.165010092606401
 20
6.5693907613975995
 10
5.172600048767228
 20
6.552201295341067
 10
5.251204542314197
 20
6.437453173886814
 10
5.349555164123922
 20
6.339102550421214
 10
5.464302639601195
 20
6.260498496541407
 10
5.543447660671028
 20
6.225552578625879
 10
5.591535235300446
 20
6.204319857291026
 10
5.732031209987818
 20
6.171275300363191
 10
5.772567980189353
 20
6.168461263980723
 10
5.870000397209588
 20
6.1684612637531275
 10
5.881043970605603
 20
6.1683257316230735
 10
5.892080891739286
 20
6.167919216924311
 10
5.903104512356028
 20
6.167241964527053
 10
5.914108192212984
 20
6.1662943823844145
 10
5.9250853030789274
 20
6.165077041286681
 10
5.936029232726859
 20
6.163590674517478
 10
5.94693338891698
 20
6.1618361774120745
 10
5.957791203367635
 20
6.159814606818056
 10
6.0530791742039876
 20
6.140860612667918
 10
6.063883807437539
 20
6.138573253476149
 10
6.074629053528793
 20
6.136021431025013
 10
6.085308440277252
 20
6.133206682357628
 10
6.095915535151579
 20
6.130130702885857
 10
6.1064439491641105
 20
6.126795345369119
 10
6.1168873407191455
 20
6.1232026187984
 10
6.127239419432692
 20
6.1193546871861875
 10
6.137493949921359
 20
6.115253868263008
 10
6.147644755558131
 20
6.11090263208139
 10
6.157685722192736
 20
6.106303599528071
 10
6.167610801834398
 20
6.101459540745358
 10
6.1774140162947315
 20
6.096373373462577
 10
6.187089460788592
 20
6.091048161238641
 10
6.196631307490711
 20
6.085487111616764
 10
6.206033809045987
 20
6.079693574192464
 10
6.215291302031289
 20
6.07367103859599
 10
6.296072277339675
 20
6.019696055207035
 10
6.30517987661353
 20
6.013447662397472
 10
6.314131381559281
 20
6.0069776286694365
 10
6.322921399578151
 20
6.000289851724619
 10
6.33154463535492
 20
5.993388360438384
 10
6.339995894047941
 20
5.9862773124326845
 10
6.348270084418638
 20
5.978960991571406
 10
6.356362221898592
 20
5.97144380537967
 10
6.364267431592361
 20
5.963730282388633
 10
8.689591554892097
 20
3.638405168045715
 10
8.780964634086573
 20
3.5682930830186574
 10
8.845646042438036
 20
3.5186617111010134
 10
9.014600664144508
 20
3.421115524517457
 10
9.015986407064519
 20
3.420315459709775
 10
9.197705826124468
 20
3.345044315693287
 10
9.217664115414726
 20
3.339696647185213
 10
9.3877023596507
 20
3.294134705873356
 10
9.582714499258774
 20
3.2684612646876428
 10
13.779411424441733
 20
3.268461263759651
 10
13.97442418456977
 20
3.2941355544668647
 10
14.164418772051494
 20
3.3450442839072982
 10
14.346141519527883
 20
3.4203160357529065
 10
14.516485146121509
 20
3.5186642273687636
 10
14.672521049654614
 20
3.6383949102895654
 10
16.811619876140025
 20
5.777490806254359
 10
16.931360612106566
 20
5.933539714544311
 10
17.029708771857525
 20
6.103883283050622
 10
17.104980525040922
 20
6.2856060299731285
 10
17.155889255879956
 20
6.4756006170802465
 10
17.181563547850843
 20
6.670613375714006
 10
17.181563548714344
 20
7.327309424686751
 10
17.1558892580394
 20
7.522322184569868
 10
17.104980806268916
 20
7.712315735769635
 10
17.09540834364486
 20
7.735425478880331
 10
17.02971053218124
 20
7.894035035979529
 10
16.931358916932158
 20
8.064385210775324
 10
16.811623716361463
 20
8.220428308779399
 10
16.65171962879676
 20
8.380333281936585
 10
16.651678284809968
 20
8.38037362639955
 10
15.642553462658805
 20
9.389498448305009
 10
15.634840059819416
 20
9.39740353521045
 10
15.627322987640124
 20
9.40549554412027
 10
15.620006774442531
 20
9.413769600368125
 10
15.612895827549792
 20
9.422220719621452
 10
15.605994430631622
 20
9.430843810884053
 10
15.599306741123785
 20
9.43963367956294
 10
15.592836787723646
 20
9.44858503059758
 10
15.586588467963258
 20
9.457692471649665
 10
15.532612478869828
 20
9.53847445524039
 10
15.526589944816045
 20
9.547731887138005
 10
15.520796406347282
 20
9.557134326916001
 10
15.515235353061524
 20
9.566676111241845
 10
15.509910134524926
 20
9.576351492852169
 10
15.504823958254274
 20
9.586154644014513
 10
15.499979887785017
 20
9.596079660037514
 10
15.495380840826023
 20
9.606120562827446
 10
15.491029587502164
 20
9.616271304488997
 10
15.47847713573744
 20
9.646575681995156
 10
15.441342171480942
 20
9.710894618118425
 10
15.370301374569499
 20
9.833941127440008
 10
15.238585411502354
 20
10.005599498273112
 10
15.0855986293523
 20
10.15858628146892
 10
14.913948444698102
 20
10.290297462593765
 10
14.726583105157465
 20
10.398473543515387
 10
14.526686132019897
 20
10.481274612848557
 10
14.4400044910058
 20
10.504500756430566
 10
14.317699668029848
 20
10.537272129113369
 10
14.103191926941223
 20
10.565512547912894
 10
13.886832511707558
 20
10.565512548652329
 10
13.672328249106494
 20
10.537272961234486
 10
13.463339641602882
 20
10.481275349077613
 10
13.316871859908781
 20
10.420606561633205
 10
13.26344930587469
 20
10.398477567749364
 10
13.076088271524153
 20
10.290305880041023
 10
12.904424542939115
 20
10.158585640319163
 10
12.815583362233088
 20
10.069744460690657
 10
12.807678275531972
 20
10.062031058140134
 10
12.79958626683932
 20
10.054513986238348
 10
12.791312210821037
 20
10.047197773306449
 10
12.782861091809233
 20
10.040086826667155
 10
12.774238000799638
 20
10.033185429989754
 10
12.765448132384762
 20
10.02649774070961
 10
12.756496781624646
 20
10.020027787523693
 10
12.755811321648483
 20
10.019557515678288
 10
12.75696321372906
 20
10.017337365333596
 10
12.761807458632257
 20
10.007412060803654
 10
12.766406665399401
 20
9.997370861880853
 10
12.770758063640912
 20
9.987219817006654
 10
12.774859032237758
 20
9.976965040789597
 10
12.77870710092034
 20
9.966612710322096
 10
12.782299951756466
 20
9.95616906145958
 10
12.785635420547608
 20
9.945640385064252
 10
12.788711498132521
 20
9.935033023215714
 10
12.791526331597488
 20
9.924353365390731
 10
12.79407822539245
 20
9.913607844614452
 10
12.796365642352336
 20
9.902802933585395
 10
12.798387204623001
 20
9.891945140776539
 10
12.800141694491185
 20
9.881041006514863
 10
12.801628055118023
 20
9.870097099041697
 10
12.802845391175646
 20
9.859120010556264
 10
12.803792969386492
 20
9.848116353244782
 10
12.804470218965001
 20
9.837092755297531
 10
12.804876731961436
 20
9.826055856916286
 10
12.805012263507626
 20
9.8150123063145
 10
12.805012263543434
 20
9.552476140080488
 10
12.80974424745265
 20
9.561073587426918
 10
12.81530551842361
 20
9.570615634910776
 10
12.860712000192006
 20
9.646371773068335
 10
12.866505769779998
 20
9.65577446624411
 10
12.872528548034868
 20
9.665032141281026
 10
12.878776707060203
 20
9.674139221701811
 10
12.885246483198639
 20
9.683090221741752
 10
12.937859720371502
 20
9.754030959893052
 10
12.944547216471852
 20
9.762820487804476
 10
12.95144840423649
 20
9.771443249104376
 10
12.95855912664796
 20
9.779894049763774
 10
12.965875100472969
 20
9.788167799336348
 10
13.02518839881486
 20
9.853609939392397
 10
13.032705217184313
 20
9.861701654080756
 10
13.040418352247919
 20
9.869606459738565
 10
13.048323157901526
 20
9.877319594806476
 10
13.056414872585792
 20
9.884836413180336
 10
13.121857012609086
 20
9.944149711557456
 10
13.130130762177602
 20
9.951465685386907
 10
13.138581562833052
 20
9.95857640780292
 10
13.147204324129115
 20
9.965477595572198
 10
13.155993852036813
 20
9.972165091677283
 10
13.22693459015933
 20
10.024778328888779
 10
13.235885590195803
 20
10.03124810503214
 10
13.244992670613241
 20
10.037496264062481
 10
13.254250345646938
 20
10.043519042322439
 10
13.26365303881962
 20
10.049312811915593
 10
13.339409176953062
 20
10.094719293725634
 10
13.34895122443388
 20
10.100280564701785
 10
13.3586268784503
 20
10.105605987159292
 10
13.36843031075014
 20
10.110692353262795
 10
13.378355616112355
 20
10.115536599175543
 10
13.458197581233929
 20
10.153299036342611
 10
13.468238781025743
 20
10.157898244072026
 10
13.478389826803824
 20
10.162249643227325
 10
13.488644603957766
 20
10.166350612688365
 10
13.498996935393265
 20
10.17019868218449
 10
13.58215580573254
 20
10.199953401795474
 10
13.592599455592211
 20
10.2035462533935
 10
13.603128133011916
 20
10.206881722893975
 10
13.613735495910072
 20
10.209957801134797
 10
13.624415154807902
 20
10.212772635201455
 10
13.710090064984339
 20
10.234233083041007
 10
13.720835586854632
 20
10.236784977382706
 10
13.731640498996843
 20
10.239072394833723
 10
13.74249829293592
 20
10.24109395753932
 10
13.753402428342794
 20
10.242848447785713
 10
13.84076828213709
 20
10.255807948009762
 10
13.851712190768394
 20
10.25729430895764
 10
13.862689280422718
 20
10.258511645278734
 10
13.873692938911713
 20
10.259459223695162
 10
13.884716538042959
 20
10.260136473421122
 10
13.972931954523624
 20
10.264470218957998
 10
13.983968854093145
 20
10.264876732043573
 10
13.995012405885397
 20
10.26501226362049
 10
14.006055957677722
 20
10.26487673204959
 10
14.017092857247466
 20
10.264470218970025
 10
14.105308273730575
 20
10.260136473481204
 10
14.11633187286219
 20
10.259459223761251
 10
14.1273355313517
 20
10.258511645350817
 10
14.138312621006689
 20
10.257294309035704
 10
14.149256529638803
 20
10.255807948093787
 10
14.236622383439892
 20
10.242848447917373
 10
14.247526518847696
 20
10.241093957676926
 10
14.25838431278785
 20
10.23907239497725
 10
14.269189224931283
 20
10.236784977532125
 10
14.27993474680294
 20
10.234233083196287
 10
14.365609656991428
 20
10.21277263540334
 10
14.376289315890855
 20
10.209957801342485
 10
14.386896678790748
 20
10.206881723107424
 10
14.397425356212333
 20
10.203546253612663
 10
14.407869006074021
 20
10.199953402020304
 10
14.49102787642961
 20
10.170198682454552
 10
14.501380207867172
 20
10.166350612964077
 10
14.511634985023315
 20
10.162249643508632
 10
14.521786030803732
 20
10.157898244358877
 10
14.531827230598019
 20
10.153299036634946
 10
14.611669195739971
 20
10.115536599511463
 10
14.621594501104825
 20
10.110692353604122
 10
14.631397933407435
 20
10.10560598750596
 10
14.641073587426757
 20
10.100280565053724
 10
14.650615634910604
 20
10.09471929408277
 10
14.726371773068461
 20
10.04931281231419
 10
14.73577446624427
 20
10.043519042726176
 10
14.745032141281218
 20
10.037496264471281
 10
14.754139221702033
 20
10.031248105445922
 10
14.763090221742004
 20
10.024778329307459
 10
14.834030959893369
 20
9.972165092134503
 10
14.842820487804739
 20
9.965477596034189
 10
14.851443249104587
 20
9.95857640826959
 10
14.859894049763938
 20
9.95146568585816
 10
14.868167799336463
 20
9.944149712033195
 10
14.933609939392385
 20
9.884836413691438
 10
14.941701654080768
 20
9.877319595321964
 10
14.949606459738602
 20
9.869606460258336
 10
14.957319594806535
 20
9.861701654604705
 10
14.964836413180416
 20
9.853609939920414
 10
15.024149711557437
 20
9.788167799897213
 10
15.031465685386872
 20
9.779894050328712
 10
15.03857640780287
 20
9.77144324967328
 10
15.045477595572134
 20
9.762820488377235
 10
15.052165091677207
 20
9.754030960469555
 10
15.104778328888752
 20
9.683090222346982
 10
15.111248105032114
 20
9.674139222310506
 10
15.11749626406246
 20
9.665032141893064
 10
15.123519042322418
 20
9.655774466859366
 10
15.129312811915575
 20
9.646371773686683
 10
15.174719293725552
 20
9.570615635553354
 10
15.180280564701686
 20
9.561073588072569
 10
15.185605987159175
 20
9.551397934056181
 10
15.190692353262662
 20
9.541594501756379
 10
15.195536599175398
 20
9.5316691963942
 10
15.233299036342402
 20
9.451827231272839
 10
15.237898244071825
 20
9.441786031481012
 10
15.242249643227135
 20
9.431634985702917
 10
15.246350612688184
 20
9.42138020854896
 10
15.250198682184317
 20
9.411027877113447
 10
15.27995340179528
 20
9.327869006774293
 10
15.280064010255302
 20
9.32754749167787
 10
16.529856741420968
 20
8.077754739791153
 10
16.53756987512233
 20
8.069849935435744
 10
16.545086692195785
 20
8.06175822211429
 10
16.594539167542454
 20
8.007195823699083
 10
16.601855141352356
 20
7.998922074150014
 10
16.60896586374982
 20
7.99047127351492
 10
16.61586705150158
 20
7.981848512240084
 10
16.622554547590212
 20
7.973058984354445
 10
16.666420844111954
 20
7.913912130472589
 10
16.672890620255806
 20
7.9049611304364635
 10
16.679138779286646
 20
7.89585405001936
 10
16.685161557547108
 20
7.886596374985986
 10
16.690955327140777
 20
7.877193681813616
 10
16.72881298997782
 20
7.814031987257828
 10
16.73437426095446
 20
7.804489939777362
 10
16.739699683412464
 20
7.794814285761283
 10
16.744786049516478
 20
7.785010853461774
 10
16.749630295429743
 20
7.775085548099876
 10
16.781114734593988
 20
7.708517294516407
 10
16.785713942323973
 20
7.698476094724808
 10
16.790065341479842
 20
7.688325048946927
 10
16.79416631094146
 20
7.678070271793169
 10
16.79801438043816
 20
7.66771794035784
 10
16.82282238356919
 20
7.598384216418681
 10
16.82641523516777
 20
7.5879405665592525
 10
16.829750704668808
 20
7.577411889139776
 10
16.832826782910196
 20
7.566804526241835
 10
16.835641616977426
 20
7.556124867344206
 10
16.85353426944397
 20
7.484693394711709
 10
16.856086163786287
 20
7.4739478728414275
 10
16.858373581237924
 20
7.463142960699211
 10
16.86039514394413
 20
7.452285166760112
 10
16.862149634191134
 20
7.4413810313532025
 10
16.872954619968347
 20
7.368539734158723
 10
16.8744409809168
 20
7.357595825527597
 10
16.875658317238475
 20
7.346618735873438
 10
16.876605895655494
 20
7.335615077384593
 10
16.877283145382048
 20
7.324591478253483
 10
16.880896406677206
 20
7.2510418554299125
 10
16.88130291976512
 20
7.240004955789803
 10
16.8814384513409
 20
7.228961403926907
 10
16.881438451346927
 20
6.768961408836799
 10
16.881302919773546
 20
6.757917857059954
 10
16.880896406692255
 20
6.746880957505731
 10
16.877283145439133
 20
6.673331334924349
 10
16.87660589571911
 20
6.662307735820369
 10
16.875658317309956
 20
6.651304077358429
 10
16.87444098099747
 20
6.640326987730898
 10
16.872954620059527
 20
6.629383079126076
 10
16.862149634329835
 20
6.556541781924214
 10
16.860395144089967
 20
6.5456376465162185
 10
16.85837358139086
 20
6.53477985257586
 10
16.856086163946298
 20
6.5239749404322085
 10
16.853534269611018
 20
6.513229418560319
 10
16.835641617191513
 20
6.441797945917526
 10
16.83282678313129
 20
6.431118287018152
 10
16.82975070489686
 20
6.420510924118294
 10
16.82641523540274
 20
6.409982246696729
 10
16.82282238381103
 20
6.399538596835042
 10
16.79801438072525
 20
6.330204872879284
 10
16.7941663112353
 20
6.319852541441386
 10
16.790065341780373
 20
6.309597764284893
 10
16.78571394263112
 20
6.2994467185041145
 10
16.781114734907682
 20
6.289405518709457
 10
16.749630295786638
 20
6.222837265104693
 10
16.74478604987984
 20
6.212911959739578
 10
16.73969968378221
 20
6.203108527436694
 10
16.7343742613305
 20
6.193432873417084
 10
16.728812990360066
 20
6.183890825932936
 10
16.690955327564605
 20
6.120729131352919
 10
16.685161557977136
 20
6.111326438176845
 10
16.67913877972278
 20
6.102068763139617
 10
16.672890620697952
 20
6.092961682718509
 10
16.666420844560015
 20
6.084010682678232
 10
16.622554548076955
 20
6.024863828767642
 10
16.61586705197707
 20
6.016074300855834
 10
16.608965864212884
 20
6.007451539555539
 10
16.60185514180186
 20
5.9990007388957345
 10
16.594539167977285
 20
5.990726989322744
 10
16.545086692489132
 20
5.936164590706624
 10
16.537569874069778
 20
5.928072875964984
 10
16.529856738953697
 20
5.920168070256387
 10
14.529856742429219
 20
3.9201680737233735
 10
14.521951936786513
 20
3.9124549386699616
 10
14.5138602221138
 20
3.9049381203100064
 10
14.459297823698927
 20
3.855485644963664
 10
14.451024074149876
 20
3.8481696711537827
 10
14.442573273514803
 20
3.8410589487563382
 10
14.433950512239987
 20
3.8341577610045943
 10
14.425160984354369
 20
3.8274702649159797
 10
14.36601413047257
 20
3.7836039683942806
 10
14.35706313043644
 20
3.777134192250427
 10
14.347956050019333
 20
3.7708860332195844
 10
14.338698374985954
 20
3.7648632549591188
 10
14.32929568181358
 20
3.7590694853654485
 10
14.266133987257678
 20
3.7212118225283435
 10
14.256591939777156
 20
3.7156505515516693
 10
14.246916285761017
 20
3.7103251290936345
 10
14.237112853461449
 20
3.7052387629895973
 10
14.22718754809949
 20
3.700394517076307
 10
14.160619294515808
 20
3.668910077912012
 10
14.150578094724251
 20
3.6643108701820557
 10
14.140427048946412
 20
3.6599594710262093
 10
14.130172271792699
 20
3.655858501564615
 10
14.119819940357416
 20
3.6520104320679305
 10
14.050486216418136
 20
3.627202428936874
 10
14.040042566558666
 20
3.623609577338285
 10
14.02951388913915
 20
3.620274107837239
 10
14.018906526241167
 20
3.617198029595842
 10
14.008226867343497
 20
3.614383195528605
 10
13.936795394711739
 20
3.5964905430622895
 10
13.926049872841572
 20
3.593938648720004
 10
13.915244960699473
 20
3.5916512312683966
 10
13.904387166760495
 20
3.589629668562208
 10
13.893483031353703
 20
3.5878751783152216
 10
13.820641734158905
 20
3.5770701925379234
 10
13.809697825527689
 20
3.5755838315894533
 10
13.79872073587344
 20
3.574366495267765
 10
13.787717077384505
 20
3.573418916850739
 10
13.776693478253305
 20
3.572741667124182
 10
13.703143855429586
 20
3.5691284058290385
 10
13.692106955786933
 20
3.568721892741067
 10
13.681063403921494
 20
3.568586361165347
 10
9.68106340883123
 20
3.568586361159329
 10
9.670019857056971
 20
3.568721892732777
 10
9.658982957505335
 20
3.569128405814003
 10
9.585433334924394
 20
3.5727416670671106
 10
9.574409735820408
 20
3.573418916787138
 10
9.563406077358461
 20
3.574366495196294
 10
9.552428987730924
 20
3.575583831508781
 10
9.541485079126096
 20
3.5770701924467256
 10
9.468643781924504
 20
3.587875178176389
 10
9.457739646516597
 20
3.5896296684162454
 10
9.446881852576325
 20
3.5916512311153324
 10
9.436076940432763
 20
3.5939386485598717
 10
9.425331418560958
 20
3.596490542895127
 10
9.35389994591715
 20
3.6143831953148378
 10
9.343220287017564
 20
3.617198029375114
 10
9.332612924117498
 20
3.6202741076096014
 10
9.322084246695727
 20
3.6236095771037933
 10
9.311640596833838
 20
3.627202428695587
 10
9.242306872878244
 20
3.6520104317814104
 10
9.231954541440487
 20
3.6558585012713194
 10
9.221699764284136
 20
3.6599594707262004
 10
9.211548718503494
 20
3.6643108698753992
 10
9.20150751870897
 20
3.6689100775987775
 10
9.13493926510491
 20
3.700394516719488
 10
9.125013959739787
 20
3.7052387626262933
 10
9.115210527436894
 20
3.7103251287239254
 10
9.105534873417277
 20
3.7156505511756386
 10
9.09599282593312
 20
3.7212118221460777
 10
9.032831131352804
 20
3.7590694849417225
 10
9.023428438176671
 20
3.7648632545292315
 10
9.014170763139386
 20
3.7708860327836295
 10
9.005063682718223
 20
3.7771341918085013
 10
8.996112682677891
 20
3.7836039679464855
 10
8.936965828767244
 20
3.827470264429652
 10
8.928176300855537
 20
3.834157760529469
 10
8.919553539555338
 20
3.8410589482935813
 10
8.911102738895625
 20
3.84816967070453
 10
8.902828989322725
 20
3.855485644529023
 10
8.84826659070617
 20
3.9049381200175306
 10
8.840174875964378
 20
3.912454938437024
 10
8.832270070255634
 20
3.9201680735532523
 10
6.283476617865093
 20
6.468961525935726
 10
5.831063483557441
 20
6.468961548753124
  0
LWPOLYLINE
  5
51
330
17
100
AcDbEntity
  8
0
100
AcDbPolyline
 90
332
 70
0
 10
7.070958177332559
 20
9.068961263686667
 10
7.531063305942622
 20
9.06896126375313
 10
7.5421068577332635
 20
9.068825732180857
 10
7.553143757301293
 20
9.068419219100004
 10
7.564167356431109
 20
9.067741969378849
 10
7.575171014918795
 20
9.0667943909673
 10
7.586148104571935
 20
9.065577054651158
 10
7.597092013202183
 20
9.064090693708302
 10
7.607996148608202
 20
9.062336203466984
 10
7.618853942546557
 20
9.06031464076652
 10
7.62965885468818
 20
9.058027223320694
 10
7.640404376558021
 20
9.055475328984237
 10
7.651084035455509
 20
9.052660494922879
 10
7.661691398353463
 20
9.049584416687402
 10
7.672220075773112
 20
9.046248947192316
 10
7.682663725632871
 20
9.04265609559972
 10
7.69301605706858
 20
9.038808026109066
 10
7.7032708342228835
 20
9.034707056653529
 10
7.713421880001476
 20
9.030355657503764
 10
7.723463079793955
 20
9.025756449779905
 10
7.733388385157031
 20
9.020912203872712
 10
7.7431918174578875
 20
9.015825837774777
 10
7.75286747147548
 20
9.010500415322849
 10
7.762409518957628
 20
9.004939144352278
 10
7.77181221213173
 20
8.99914537476475
 10
7.781069887167008
 20
8.993122596510418
 10
7.79017696758619
 20
8.986874437485694
 10
7.799127967624568
 20
8.980404661347942
 10
7.807917495534421
 20
8.973717165248386
 10
7.816540256832799
 20
8.966815977484611
 10
7.824991057490723
 20
8.959705255074075
 10
7.833264807061875
 20
8.952389281250069
 10
7.841356521748888
 20
8.94487246288166
 10
7.849261327405407
 20
8.937159327819163
 10
7.856974462472085
 20
8.929254522166723
 10
7.864491280844772
 20
8.921162807483684
 10
7.871807254673153
 20
8.9128890579164
 10
7.878917977088157
 20
8.904438257262237
 10
7.885819164856492
 20
8.895815495967508
 10
7.892506660960696
 20
8.88702596806119
 10
7.8989764371031805
 20
8.878074968026233
 10
7.905224596132719
 20
8.868967887610355
 10
7.911247374391946
 20
8.859710212578262
 10
7.917041143984448
 20
8.850307519407224
 10
7.922602414960063
 20
8.840765471928016
 10
7.927927837417108
 20
8.83108981791324
 10
7.933014203520226
 20
8.821286385615073
 10
7.937858449432667
 20
8.811361080254558
 10
7.942457657161835
 20
8.801319880464511
 10
7.946809056316969
 20
8.79116883468822
 10
7.950910025777928
 20
8.780914057536085
 10
7.954758095274054
 20
8.77056172610241
 10
7.958350946872174
 20
8.76011807624455
 10
7.961686416372828
 20
8.749589398826666
 10
7.964762494613913
 20
8.738982035930338
 10
7.967577328680919
 20
8.728302377034339
 10
7.970129223023057
 20
8.717556855165848
 10
7.972416640474599
 20
8.706751943025434
 10
7.974438203180802
 20
8.695894149088147
 10
7.976192693427885
 20
8.684990013683057
 10
7.9776790543765275
 20
8.674046105053595
 10
7.978896390698474
 20
8.663069015401097
 10
7.9798439691158425
 20
8.652065356913912
 10
7.980521218842827
 20
8.641041757784455
 10
7.9809277319295155
 20
8.63000485821664
 10
7.981063263507626
 20
8.61896130642607
 10
7.981063263681497
 20
8.166548260653718
 10
10.178275001864913
 20
5.969336481787593
 10
13.183851742913875
 20
5.969336453124514
 10
14.21347667879513
 20
6.998961357299564
 10
13.582477332889042
 20
7.62996079810955
 10
13.582155806432256
 20
7.630071410485949
 10
13.498996936076667
 20
7.659826130051701
 10
13.488644604639106
 20
7.663674199542176
 10
13.478389827482962
 20
7.667775168997619
 10
13.468238781702546
 20
7.672126568147376
 10
13.458197581908259
 20
7.676725775871306
 10
13.378355616766306
 20
7.714488212994789
 10
13.368430311401452
 20
7.719332458902131
 10
13.358626879098843
 20
7.724418825000293
 10
13.34895122507952
 20
7.729744247452528
 10
13.339409177595673
 20
7.735305518423482
 10
13.263653039437816
 20
7.780712000192063
 10
13.254250346262008
 20
7.786505769780077
 10
13.24499267122506
 20
7.79252854803497
 10
13.235885590804244
 20
7.79877670706033
 10
13.226934590764273
 20
7.805246483198792
 10
13.155993852612909
 20
7.857859720371748
 10
13.147204324701539
 20
7.8645472164720625
 10
13.13858156340169
 20
7.871448404236663
 10
13.13013076274234
 20
7.878559126648092
 10
13.121857013169814
 20
7.885875100473058
 10
13.056414873113892
 20
7.945188398814814
 10
13.048323158425509
 20
7.952705217184288
 10
13.040418352767675
 20
7.960418352247916
 10
13.032705217699743
 20
7.968323157901548
 10
13.025188399325861
 20
7.9764148725858375
 10
12.96587510094884
 20
8.04185701260904
 10
12.958559127119406
 20
8.05013076217754
 10
12.951448404703408
 20
8.058581562832972
 10
12.944547216934144
 20
8.067204324129017
 10
12.93785972082907
 20
8.075993852036698
 10
12.885246483617525
 20
8.14693459015927
 10
12.878776707474163
 20
8.155885590195746
 10
12.872528548443817
 20
8.164992670613188
 10
12.86650577018386
 20
8.174250345646886
 10
12.860712000590702
 20
8.18365303881957
 10
12.815305518780725
 20
8.259409176952898
 10
12.80974424780459
 20
8.268951224433687
 10
12.805012263717325
 20
8.27754867209252
 10
12.805012263753133
 20
8.015012506560218
 10
12.804876732180773
 20
8.00396895476959
 10
12.804470219099832
 20
7.992932055201576
 10
12.803792969378588
 20
7.981908456071778
 10
12.802845390966953
 20
7.970904797584112
 10
12.801628054650724
 20
7.959927707930993
 10
12.800141693707783
 20
7.94898379930077
 10
12.798387203466381
 20
7.938079663894777
 10
12.796365640765837
 20
7.927221869956449
 10
12.794078223319927
 20
7.916416957814857
 10
12.79152632898339
 20
7.905671435945047
 10
12.788711494921952
 20
7.8949917770475935
 10
12.785635416686397
 20
7.884384414149675
 10
12.782299947191232
 20
7.873855736730064
 10
12.778707095598559
 20
7.863412086870344
 10
12.774859026107832
 20
7.853059755434676
 10
12.770758056652221
 20
7.842804978280415
 10
12.766406657502383
 20
7.8326539325018665
 10
12.761807449778454
 20
7.822612732709434
 10
12.75696320387119
 20
7.812687427346406
 10
12.755811584391589
 20
7.810467802689618
 10
12.756497781041158
 20
7.809997025437515
 10
12.765449132130929
 20
7.803527072014797
 10
12.774239000863515
 20
7.796839382481903
 10
12.782862092178298
 20
7.789937985536254
 10
12.7913132114822
 20
7.782827038613678
 10
12.799587267778941
 20
7.77551082538395
 10
12.807679276735877
 20
7.767993753170292
 10
12.815584363686584
 20
7.760280350294373
 10
12.904422643946146
 20
7.671442070089691
 10
13.097856149724684
 20
7.523015152713555
 10
13.106534671155773
 20
7.516185063768059
 10
13.115042968191212
 20
7.509144060232341
 10
13.123375916236542
 20
7.501896382941851
 10
13.131528496310974
 20
7.49444639721279
 10
13.139495798070348
 20
7.486798590212849
 10
13.147273022764656
 20
7.478957568258569
 10
13.154855486128366
 20
7.470928054040931
 10
13.162238621201768
 20
7.462714883780846
 10
13.22629760162542
 20
7.38967090617575
 10
13.233477358280934
 20
7.381278551233996
 10
13.240448991998594
 20
7.372712522375325
 10
13.247208303253874
 20
7.363977979544987
 10
13.253751220419588
 20
7.355080184196509
 10
13.260073802218523
 20
7.346024496122345
 10
13.266172240097562
 20
7.336816370225276
 10
13.272042860521855
 20
7.3274613532325255
 10
13.277682127187653
 20
7.317965080354559
 10
13.283086643152485
 20
7.308333271890585
 10
13.288253152881383
 20
7.298571729782805
 10
13.293178544207937
 20
7.288686334121471
 10
13.297859850208964
 20
7.278683039602887
 10
13.302294250991716
 20
7.2685678719424525
 10
13.306479075392506
 20
7.258346924244939
 10
13.310411802585742
 20
7.248026353334161
 10
13.314090063602402
 20
7.237612376044283
 10
13.345320050897465
 20
7.145613413763592
 10
13.348741625315203
 20
7.1351123183616245
 10
13.351904457551033
 20
7.124530415489961
 10
13.354806642405421
 20
7.11387407938376
 10
13.357446431685345
 20
7.103149729114632
 10
13.359822235257363
 20
7.092363824723969
 10
13.36193262200546
 20
7.081522863331601
 10
13.363776320693113
 20
7.070633375222122
 10
13.365352220729047
 20
7.059701919911228
 10
13.366659372836226
 20
7.048735082194454
 10
13.367696989623663
 20
7.0377394681806855
 10
13.36846444606073
 20
7.026721701312824
 10
13.368961279853652
 20
7.015688418378015
 10
13.369187191723986
 20
7.004646265509837
 10
13.369142045588893
 20
6.993601894184867
 10
13.36882586864311
 20
6.982561957216012
 10
13.368238851342575
 20
6.971533104745051
 10
13.361884854039438
 20
6.874586144455593
 10
13.361027344371463
 20
6.863574957719911
 10
13.359899861436094
 20
6.852588132045988
 10
13.35850308440444
 20
6.841632285657756
 10
13.356837854664487
 20
6.830714018117898
 10
13.354905175314281
 20
6.819839906352425
 10
13.352706210557667
 20
6.809016500688869
 10
13.350242285003011
 20
6.798250320910515
 10
13.347514882865275
 20
6.787547852329025
 10
13.344525647071965
 20
6.776915541877824
 10
13.341276378273465
 20
6.766359794228614
 10
13.337769033758363
 20
6.755886967933334
 10
13.334005726274427
 20
6.7455033715939114
 10
13.329988722755926
 20
6.735215260062096
 10
13.325720442958088
 20
6.725028830671672
 10
13.321203457999477
 20
6.714950219505325
 10
13.316440488813226
 20
6.704985497698393
 10
13.273469506501028
 20
6.617849533352645
 10
13.268463636464089
 20
6.608005112312889
 10
13.26321768680352
 20
6.598286502711023
 10
13.25773481730074
 20
6.588699558335978
 10
13.252018330440583
 20
6.579250053671058
 10
13.246071669422113
 20
6.569943680415802
 10
13.239898416084698
 20
6.560786044057724
 10
13.23350228875056
 20
6.551782660495962
 10
13.226887139985127
 20
6.542938952718908
 10
13.220056954276536
 20
6.534260247537784
 10
13.213015845635653
 20
6.525751772378158
 10
13.205768055118087
 20
6.517418652131322
 10
13.198317948269704
 20
6.5092659060674265
 10
13.190670012497115
 20
6.50129844481223
 10
13.182828854364798
 20
6.493521067389298
 10
13.174799196820436
 20
6.485938458329417
 10
13.16658587635015
 20
6.47855518484897
 10
13.093541906335668
 20
6.414496211021101
 10
13.085149551387088
 20
6.407316454353088
 10
13.076583522521084
 20
6.400344820623355
 10
13.067848979682914
 20
6.393585509356442
 10
13.05895118432613
 20
6.387042592179555
 10
13.0498954962432
 20
6.380720010369922
 10
13.040687370336926
 20
6.374621572480675
 10
13.031332353334548
 20
6.368750952046681
 10
13.021836080446553
 20
6.363111685371702
 10
13.01220427197217
 20
6.357707169398223
 10
13.002442729853616
 20
6.352540659661223
 10
12.992557334181168
 20
6.347615268327129
 10
12.98255403965115
 20
6.342933962319131
 10
12.972438871978982
 20
6.338499561529989
 10
12.962217924269456
 20
6.334314737123402
 10
12.951897353346414
 20
6.330382009924973
 10
12.941483376044038
 20
6.326703748903729
 10
12.849484407368982
 20
6.295473759438065
 10
12.839302260946944
 20
6.292151925600869
 10
12.82904394215465
 20
6.289073357531558
 10
12.818715262048915
 20
6.286239799154682
 10
12.808322071544323
 20
6.2836528556035045
 10
12.797870258098824
 20
6.281313992310741
 10
12.787365742378665
 20
6.279224534178431
 10
12.776814474904487
 20
6.277385664827418
 10
12.766222432680522
 20
6.275798425926856
 10
12.755595615808776
 20
6.274463716604142
 10
12.74494004409015
 20
6.273382292935573
 10
12.734261753614371
 20
6.272554767518059
 10
12.701759769975078
 20
6.2704247685336725
 10
12.691958430034726
 20
6.269889731328555
 10
12.682147751735405
 20
6.269568607140034
 10
12.672332403145502
 20
6.269461548763831
 10
10.59212741635008
 20
6.269461548753131
 10
10.5810838428221
 20
6.269597080860563
 10
10.570046921556054
 20
6.270003595543178
 10
10.559023300806793
 20
6.27068084793077
 10
10.548019620817396
 20
6.271628430070215
 10
10.53704250981933
 20
6.2728457711712196
 10
10.526098580039832
 20
6.274332137950137
 10
10.515194423718933
 20
6.276086635071673
 10
10.50433660913853
 20
6.278108205688206
 10
10.409048638302519
 20
6.29706219983828
 10
10.398243927137027
 20
6.299349576530239
 10
10.387498604019706
 20
6.30190142029603
 10
10.37681914129106
 20
6.304716194057466
 10
10.366211971621228
 20
6.307792202363047
 10
10.35568348413533
 20
6.311127592409192
 10
10.345240020565045
 20
6.31472035515626
 10
10.33488787142872
 20
6.318568326538678
 10
10.324633272242348
 20
6.322669188768441
 10
10.314482399763664
 20
6.32702047173121
 10
10.304441368271625
 20
6.3316195544741625
 10
10.294516225883552
 20
6.336463666784697
 10
10.284712950912086
 20
6.341549890859042
 10
10.275037448264225
 20
6.346875163059772
 10
10.265495545884553
 20
6.35243627576115
 10
10.256092991244836
 20
6.35822987928122
 10
10.246835447882091
 20
6.364252483899448
 10
10.166053472573623
 20
6.418228467288322
 10
10.156946031451827
 20
6.424476787078081
 10
10.147994680349287
 20
6.430946740510766
 10
10.13920481160442
 20
6.437634430054253
 10
10.130581720277869
 20
6.444535827011102
 10
10.122130600962732
 20
6.45164677394547
 10
10.113856544655311
 20
6.458962987187557
 10
10.105764535688275
 20
6.466480059414126
 10
10.097859448728062
 20
6.474193462303483
 10
8.486295462626746
 20
8.085757448337056
 10
8.47858205979206
 20
8.09366253523917
 10
8.471064987617288
 20
8.101754544145455
 10
8.46374877442402
 20
8.110028600389573
 10
8.45663782753541
 20
8.118479719638966
 10
8.449736430621158
 20
8.127102810897448
 10
8.44304874111703
 20
8.135892679572034
 10
8.43657878772038
 20
8.144844030602204
 10
8.430330467963254
 20
8.153951471649657
 10
8.376354484448663
 20
8.23473344689093
 10
8.370331879816902
 20
8.243990990244905
 10
8.364538276283088
 20
8.253393544876188
 10
8.358977163567765
 20
8.262935447247765
 10
8.353651891352897
 20
8.272610949887877
 10
8.348565667264225
 20
8.282414224851944
 10
8.34372155493919
 20
8.292339367232973
 10
8.339122472181568
 20
8.302380398718324
 10
8.33477118920397
 20
8.312531271190684
 10
8.330670326959229
 20
8.322785870371098
 10
8.326822355561692
 20
8.333138019501833
 10
8.323229592799372
 20
8.343581483066902
 10
8.319894202737853
 20
8.35410997054796
 10
8.316818194416784
 20
8.364717140213331
 10
8.314003420639756
 20
8.375396602937899
 10
8.311451576858278
 20
8.386141926051524
 10
8.309164200150548
 20
8.396946637213706
 10
8.290210205864184
 20
8.49223460800825
 10
8.288188635221902
 20
8.503092422642805
 10
8.286434138077356
 20
8.513996579018695
 10
8.284947771278194
 20
8.524940508853923
 10
8.283730430159734
 20
8.535917619908359
 10
8.282782848005638
 20
8.546921299954658
 10
8.282105595606216
 20
8.557944920761251
 10
8.281699080914603
 20
8.568981842084952
 10
8.281563548801012
 20
8.58002541567081
 10
8.281563548759731
 20
8.677458575608767
 10
8.278750426320093
 20
8.717986738722363
 10
8.245705797688968
 20
8.858487065489733
 10
8.189526147870934
 20
8.985722416219351
 10
8.110922270191995
 20
9.10046963861948
 10
8.102805564146475
 20
9.108586344801656
 10
7.1801106379795705
 20
9.108586359560883
 10
7.1785517871527995
 20
9.107918134749145
 10
7.168297023335072
 20
9.103817171199212
 10
7.157944705501504
 20
9.099969106949743
 10
7.0794057729177355
 20
9.071867427499804
 10
7.070958177332559
 20
9.068961263686667
  0
LWPOLYLINE
  5
52
330
17
100
AcDbEntity
  8
0
100
AcDbPolyline
 90
392
 70
0
 10
0.025512553753119616
 20
15.25686040461703
 10
0.025512553755805467
 20
2.573165407806955
 10
0.02578014390169442
 20
2.556809414532981
 10
0.026313143797291605
 20
2.5405244178043875
 10
0.02711595510802267
 20
2.524180937143042
 10
0.04296295480276724
 20
2.282386941964481
 10
0.04379567333729523
 20
2.2715031858148036
 10
0.04486578400675628
 20
2.2606402013612343
 10
0.04617277679815729
 20
2.2498031658843796
 10
0.050424775953827494
 20
2.2175161723774717
 10
0.05196589856298789
 20
2.2067240818536433
 10
0.05374194241309499
 20
2.195968155811993
 10
0.055752063213400815
 20
2.185253507374496
 10
0.10143206194724647
 20
1.9556065137947687
 10
0.1036755864471745
 20
1.9449369629588984
 10
0.10615122134402988
 20
1.9343188675986904
 10
0.10885778949580066
 20
1.9237572765224928
 10
0.11728378781168652
 20
1.8923072828498622
 10
0.12022286829132456
 20
1.8817973840289577
 10
0.12339062661991063
 20
1.871354133842205
 10
0.12678555372565464
 20
1.8609825072948347
 10
0.20205455163069624
 20
1.6392475134996467
 10
0.20567258681092238
 20
1.6289591646232724
 10
0.2095141569670284
 20
1.6187521748660982
 10
0.21357743442862198
 20
1.6086314003187894
 10
0.22602743193302655
 20
1.578573406371892
 10
0.23031218775432422
 20
1.5685397888795636
 10
0.2348148481977128
 20
1.5586020496315234
 10
0.23953326940904335
 20
1.548764920288927
 10
0.3431052665222501
 20
1.338741926166942
 10
0.3480364247629161
 20
1.3290115833758172
 10
0.3531786841700042
 20
1.319391133250303
 10
0.3585295971120603
 20
1.3098851549674633
 10
0.37480059384747494
 20
1.2817031606432137
 10
0.3803570561295549
 20
1.272317097203473
 10
0.386116940148918
 20
1.2630544735972529
 10
0.392077504834759
 20
1.2539196978138567
 10
0.43070176595980325
 20
1.1961143070123583
 10
0.5221667642402893
 20
1.0592273096050278
 10
0.5283267061238638
 20
1.0502225573056978
 10
0.534681655523412
 20
1.0413543519567847
 10
0.541228586708463
 20
1.0326269159049133
 10
0.5610575827309314
 20
1.0067859211060082
 10
0.567791239742627
 20
0.9982060745207189
 10
0.5747104390909353
 20
0.9897751442899182
 10
0.581811888456772
 20
0.9814971420500831
 10
0.736189884148035
 20
0.8054641469794765
 10
0.7434707154718876
 20
0.797342453967228
 10
0.7509269777102626
 20
0.7893815146015388
 10
0.7585551225047676
 20
0.7815851174114474
 10
0.7815841178827095
 20
0.7585561220486401
 10
0.7893805150097082
 20
0.7509279773244563
 10
0.7973414543093795
 20
0.7434717151535084
 10
0.8054631472527822
 20
0.7361908838940954
 10
0.9814961423369388
 20
0.5818128882194449
 10
0.9897755917338955
 20
0.5747102245341382
 10
0.998208021411392
 20
0.5677898745807466
 10
1.0067894176294923
 20
0.5610551323665776
 10
1.0326284124413698
 20
0.5412281363610576
 10
1.041353957558992
 20
0.5346827450012323
 10
1.0502202078622453
 20
0.5283292505916177
 10
1.0592229438207474
 20
0.5221706768188656
 10
1.2539119383829607
 20
0.39208268046517136
 10
1.263046437182349
 20
0.3861222375008567
 10
1.2723087777766628
 20
0.3803624636023602
 10
1.2816945525525227
 20
0.37480609963806555
 10
1.3098865468872134
 20
0.35852910292137463
 10
1.3193939788517972
 20
0.35317731750406933
 10
1.3290159187803028
 20
0.34803425015798994
 10
1.3387477853633714
 20
0.3431023496598633
 10
1.5487587794957607
 20
0.23953735256535458
 10
1.558591928220761
 20
0.23482083742796878
 10
1.5685256064788853
 20
0.23031990806246777
 10
1.5785550883683384
 20
0.22603670576531987
 10
1.6086280823232413
 20
0.21357970828094897
 10
1.618752163189363
 20
0.20951488365889437
 10
1.628962520238358
 20
0.2056719132551733
 10
1.6392542925301725
 20
0.2020526266286024
 10
1.8568328429467413
 20
0.12819443978714906
 10
1.8609718400040236
 20
0.1267894407973862
 10
1.8713418450189352
 20
0.12339503297635773
 10
1.8817834519400924
 20
0.12022772286069289
 10
1.8922916880970833
 20
0.1172890188378859
 10
1.923751681775309
 20
0.10886002054273414
 10
1.9343147873862896
 20
0.10615297501824517
 10
1.9449344151827719
 20
0.10367692956539842
 10
1.9556055141589093
 20
0.10143306186389217
 10
2.1852525077410028
 20
0.05575306315141254
 10
2.195970446102149
 20
0.05374236221164286
 10
2.20672968580314
 20
0.05196588197276325
 10
2.2175251090117674
 20
0.05042446745059631
 10
2.2498171025214124
 20
0.0461724683159937
 10
2.2606501638857592
 20
0.04486613088866359
 10
2.2715091522588384
 20
0.04379650127469625
 10
2.2823888960796404
 20
0.04296408888202308
 10
2.494917632246817
 20
0.029034237261279475
 10
2.5241743702988813
 20
0.02711638554026813
 10
2.5405244181323687
 20
0.026313143783900816
 10
2.5568094148607705
 20
0.025780143893654017
 10
2.5731654079710986
 20
0.025512553753126666
 10
22.876859404698845
 20
0.02551255375580541
 10
22.89321640131952
 20
0.025780176741743266
 10
22.909500398047854
 20
0.026313176637340452
 10
22.92585086354756
 20
0.02711647871198647
 10
22.951642842258348
 20
0.028807280650338288
 10
23.16763481956188
 20
0.042964082543925475
 10
23.178514595996536
 20
0.0437964956566258
 10
23.189373616890308
 20
0.04486612740962154
 10
23.20020671063581
 20
0.046172468390920984
 10
23.2324987041426
 20
0.05042446754671909
 10
23.243294127257105
 20
0.05196588206164249
 10
23.25405336686449
 20
0.05374236228920021
 10
23.264771305132676
 20
0.05575306321359019
 10
23.494418298710848
 20
0.101433061947109
 10
23.505089397778853
 20
0.1036769296700018
 10
23.515709025666247
 20
0.10615297514823668
 10
23.526272131367055
 20
0.10886002070208295
 10
23.557732125039767
 20
0.1172890190179186
 10
23.56824023023575
 20
0.12022768487848928
 10
23.57868170792393
 20
0.123394951134631
 10
23.589051585619753
 20
0.12678930945744799
 10
23.73247583899271
 20
0.1754751111704384
 10
23.810770836046398
 20
0.20205411018153158
 10
23.821052138657674
 20
0.20566976543641557
 10
23.831252192835894
 20
0.2095086508304113
 10
23.84136615240602
 20
0.21356894246040847
 10
23.871453146353655
 20
0.22602993996530396
 10
23.881491449818945
 20
0.23031641536654507
 10
23.891433791493547
 20
0.2348209963517391
 10
23.901275433198226
 20
0.23954153619199808
 10
24.11127142731978
 20
0.3431005333050032
 10
24.120998826879443
 20
0.3480301742344171
 10
24.13061640162111
 20
0.35317078878665464
 10
24.14011957651509
 20
0.35851993159842277
 10
24.168323570839178
 20
0.3748029283339137
 10
24.17771283692911
 20
0.3803610958860835
 10
24.186978583454792
 20
0.38612282180523294
 10
24.19611639800965
 20
0.39208536232136865
 10
24.390798392558793
 20
0.5221683586920931
 10
24.399802839517815
 20
0.5283281152715176
 10
24.40867074817523
 20
0.5346828664231644
 10
24.41739789660171
 20
0.5412295867087584
 10
24.443238891400238
 20
0.5610585827309427
 10
24.45181873798549
 20
0.5677922397426112
 10
24.460249668216257
 20
0.5747114390908905
 10
24.46852767045606
 20
0.5818128884566967
 10
24.644560665526615
 20
0.7361908841478673
 10
24.652682358538996
 20
0.7434717154718408
 10
24.660643297904816
 20
0.7509279777103424
 10
24.66843969509503
 20
0.7585561225049787
 10
24.691468690458095
 20
0.781585117883219
 10
24.69909683518214
 20
0.7893815150100886
 10
24.706553097352955
 20
0.7973424543096246
 10
24.713833928612242
 20
0.805464147252886
 10
24.868211924286864
 20
0.981497142336936
 10
24.875313373712807
 20
0.9897751446499493
 10
24.88223257311801
 20
0.9982060749565318
 10
24.888966230183314
 20
1.0067859216201007
 10
24.908795226189255
 20
1.0326269164327477
 10
24.915341946413104
 20
1.0413540647871882
 10
24.921696697506274
 20
1.0502219733700306
 10
24.927856454030568
 20
1.0592264202520556
 10
25.057939450383593
 20
1.2539084148132278
 10
25.063900346444395
 20
1.2630436480886365
 10
25.069660541326737
 20
1.2723067428069923
 10
25.075217293528276
 20
1.281693290298723
 10
25.091503290244866
 20
1.309901284633153
 10
25.09685439518477
 20
1.3194076196564637
 10
25.101996830967106
 20
1.3290284347922952
 10
25.10692814969469
 20
1.3387591503497596
 10
25.210484146789163
 20
1.5487511444820832
 10
25.215201686782443
 20
1.5585864544784047
 10
25.219703546087523
 20
1.5685223373837747
 10
25.223987582025934
 20
1.5785540641738312
 10
25.236451579510295
 20
1.6086450581285252
 10
25.240515640967285
 20
1.618767565868339
 10
25.244357918324393
 20
1.6289763201106464
 10
25.24797658293761
 20
1.6392664622323978
 10
25.3232355808224
 20
1.8609734560343214
 10
25.32662990994389
 20
1.8713432586497767
 10
25.329797150323902
 20
1.8817846601286838
 10
25.332735793668103
 20
1.8922926880961044
 10
25.341164791963433
 20
1.9237526817749129
 10
25.343871837487956
 20
1.9343157873859989
 10
25.34634788294083
 20
1.9449354151825877
 10
25.34859175064236
 20
1.955606514158833
 10
25.394271749354832
 20
2.18525350774092
 10
25.396282450294613
 20
2.1959714461021282
 10
25.3980589305335
 20
2.2067306858031825
 10
25.399600345055674
 20
2.217526109011873
 10
25.403852344190298
 20
2.249818102521781
 10
25.405158651923692
 20
2.2606508927878384
 10
25.406228263689414
 20
2.2715096088958013
 10
25.407060670113495
 20
2.2823890796728135
 10
25.42290866978429
 20
2.52417707469161
 10
25.42371170155635
 20
2.540524421355354
 10
25.424244701446575
 20
2.5568104180820908
 10
25.424512258753136
 20
2.5731654079701003
 10
25.424512258750465
 20
15.256860404699209
 10
25.42424470143854
 20
15.273215394750858
 10
25.423711701542913
 20
15.289501391479265
 10
25.42290866977441
 20
15.30584873800676
 10
25.407060670079627
 20
15.54763673318658
 10
25.4062282636462
 20
15.558516204063478
 10
25.405158651866774
 20
15.569374920270883
 10
25.40385234411534
 20
15.580207710635799
 10
25.399600344959484
 20
15.612499704142978
 10
25.398058930444563
 20
15.623295127257457
 10
25.396282450217008
 20
15.634054366864815
 10
25.394271749292624
 20
15.644772305132976
 10
25.34859175055929
 20
15.874419298710217
 10
25.34634788283644
 20
15.88509039777803
 10
25.343871837358254
 20
15.895710025665235
 10
25.34116479180447
 20
15.906273131365854
 10
25.332735793488478
 20
15.937733125039298
 10
25.32979708937492
 20
15.948241361482065
 10
25.326629779156036
 20
15.958682968685052
 10
25.323235371219447
 20
15.969052973977439
 10
25.321830184765158
 20
15.973192523253434
 10
25.247972185755113
 20
16.190770520303833
 10
25.244352899093183
 20
16.20106229269131
 10
25.240509928649942
 20
16.211272649834395
 10
25.236445103984256
 20
16.22139673079289
 10
25.22398810647967
 20
16.251469724740588
 10
25.219704904213987
 20
16.261499206540698
 10
25.215203974883774
 20
16.27143288471104
 10
25.21048745978544
 20
16.28126603334994
 10
25.106922462672145
 20
16.49127702747209
 10
25.101990562129593
 20
16.50100889413834
 10
25.09684749473547
 20
16.51063083414807
 10
25.091495709266567
 20
16.5201382661918
 10
25.075218712531452
 20
16.548330260515627
 10
25.0696623486099
 20
16.55771603520724
 10
25.063902574757716
 20
16.566978375719344
 10
25.05794213184322
 20
16.576112874438678
 10
24.927854135471534
 20
16.77080186898931
 10
24.921695561643794
 20
16.77980460502461
 10
24.91534206717585
 20
16.78867085540224
 10
24.90879667575444
 20
16.797396400591715
 10
24.88896967973164
 20
16.82323539539091
 10
24.88223493757092
 20
16.83181679153095
 10
24.875314587674257
 20
16.840249221132876
 10
24.868211924048882
 20
16.84852867045686
 10
24.713833928358202
 20
17.024561665526793
 10
24.706553097034437
 20
17.032683358538943
 10
24.699096834796155
 20
17.040644297904535
 10
24.69146869000175
 20
17.048440695094538
 10
24.66843969462399
 20
17.071469690457196
 10
24.66064329749691
 20
17.07909783518147
 10
24.65268235819715
 20
17.086554097352508
 10
24.644560665253657
 20
17.093834928612004
 10
24.468527670168918
 20
17.248212924287174
 10
24.46024988365719
 20
17.25531419263178
 10
24.451819176948636
 20
17.262233220455844
 10
24.443239561366227
 20
17.268966715691896
 10
24.417402566554188
 20
17.28879271169742
 10
24.408675032872242
 20
17.295339737326106
 10
24.399806726142774
 20
17.301694776626086
 10
24.390801868864997
 20
17.307854803749326
 10
24.19610587430381
 20
17.437946800102342
 10
24.186970852395042
 20
17.443907545225596
 10
24.17770797527531
 20
17.4496675986249
 10
24.16832165130087
 20
17.455224218995674
 10
24.140139656965815
 20
17.471495215712643
 10
24.130633678762102
 20
17.476846128603118
 10
24.12101322871779
 20
17.481988387962176
 10
24.11128288600982
 20
17.486919546158425
 10
23.90125989187833
 20
17.590491543252462
 10
23.89142276244966
 20
17.59520996450283
 10
23.881485023113868
 20
17.59971262498149
 10
23.871451405532227
 20
17.603997380834237
 10
23.841393411577442
 20
17.616447378318725
 10
23.831272637115532
 20
17.620510655739405
 10
23.821065647445355
 20
17.624352225858402
 10
23.81077729865745
 20
17.627970261005366
 10
23.58904230485512
 20
17.703239258890243
 10
23.578670678217478
 20
17.706634186023404
 10
23.568227427939277
 20
17.70980194437546
 10
23.55771752902588
 20
17.712741024874585
 10
23.526267535347486
 20
17.72116702316986
 10
23.51570594436112
 20
17.72387359129227
 10
23.50508784909183
 20
17.726349226163737
 10
23.49441829834783
 20
17.728592750642278
 10
23.264771304764373
 20
17.774272749355035
 10
23.254056656233846
 20
17.776282870170732
 10
23.243300730098518
 20
17.778058914032172
 10
23.232508639480496
 20
17.779600036648585
 10
23.200221645970853
 20
17.78385203578303
 10
23.18938461059286
 20
17.78515902855639
 10
23.178521626238737
 20
17.786229139212146
 10
23.167637870188948
 20
17.787061857737328
 10
22.925843875172667
 20
17.802908857408028
 10
22.909500394375204
 20
17.80371166872231
 10
22.89321539764565
 20
17.8042446686126
 10
22.87685940453517
 20
17.80451225875313
 10
2.573165407807314
 20
17.804512258750453
 10
2.5568094145329865
 20
17.804244668604554
 10
2.540524417804272
 20
17.803711668708942
 10
2.524179286516341
 20
17.802908749214613
 10
2.2823822913361886
 20
17.787060749519785
 10
2.2715028108445825
 20
17.786228368850846
 10
2.260644084478848
 20
17.785158782454445
 10
2.249811283424046
 20
17.783852499693193
 10
2.217526289917339
 20
17.77960150053737
 10
2.2067304705021984
 20
17.778060051317436
 10
2.1959708368567523
 20
17.776283519201836
 10
2.185252507373378
 20
17.774272749292624
 10
1.9556055137950077
 20
17.728592750559084
 10
1.9449369104005647
 20
17.726349436092082
 10
1.9343197528724232
 20
17.72387405244335
 10
1.9237590886744054
 20
17.721167776425926
 10
1.8923120950014616
 20
17.712742778109924
 10
1.881801063393829
 20
17.70980343366611
 10
1.8713566938143216
 20
17.706635362438586
 10
1.8609839628610718
 20
17.703240073969617
 10
1.6392409690659822
 20
17.627968076064597
 10
1.6289521727306735
 20
17.624349864679
 10
1.6187447431568842
 20
17.62050809878863
 10
1.608623537072525
 20
17.616444606318076
 10
1.5785755431257729
 20
17.603998608813775
 10
1.5685430944218124
 20
17.59971431918925
 10
1.558606502184059
 20
17.59521217533492
 10
1.5487704964365896
 20
17.590494320364687
 10
1.3387355023148195
 20
17.48691732325155
 10
1.3290026324864077
 20
17.48198489273873
 10
1.3193797127872546
 20
17.476841251778843
 10
1.3098713259461228
 20
17.471488849931074
 10
1.28170233162216
 20
17.455224853195904
 10
1.2723181799573506
 20
17.44966937929937
 10
1.263057421362351
 20
17.44391056493108
 10
1.2539244612028173
 20
17.437951149573212
 10
1.0592144666526084
 20
17.307850153201773
 10
1.0502100544280877
 20
17.30169045447387
 10
1.041342178455152
 20
17.295335763005653
 10
1.0326150606001003
 20
17.288789104172963
 10
1.00679606580136
 20
17.268977108150622
 10
0.9982157286351028
 20
17.262243097755185
 10
0.9897843240087342
 20
17.255323524219268
 10
0.9815058642288869
 20
17.24822168040474
 10
0.8054628691575311
 20
17.093834684712867
 10
0.7973439405610483
 20
17.08655637557421
 10
0.7893856541494139
 20
17.079102754785424
 10
0.7815917945910371
 20
17.071477367014502
 10
0.7585647992281963
 20
17.048451371636297
 10
0.7509338342492186
 20
17.040652371021864
 10
0.7434748703430628
 20
17.032688710146303
 10
0.7361914596491366
 20
17.02456418149795
 10
0.5818024639749686
 20
16.848518186414346
 10
0.574700853910958
 20
16.840239970828577
 10
0.5677815030512792
 20
16.831808820108396
 10
0.5610477039480424
 20
16.823228746191294
 10
0.5412357079425982
 20
16.797409751379416
 10
0.5346890491714595
 20
16.788682633596174
 10
0.5283343577615374
 20
16.779814757697576
 10
0.5221746590885951
 20
16.77081034554981
 10
0.3920736627350473
 20
16.576100350987875
 10
0.3861142473272825
 20
16.566967390748168
 10
0.3803554329126091
 20
16.557706632070836
 10
0.374799958973265
 20
16.548322480321655
 10
0.3585359622564489
 20
16.520153485986686
 10
0.353183560460347
 20
16.510645099224806
 10
0.34803991954856583
 20
16.501022179606984
 10
0.3431074890802301
 20
16.491289309861866
 10
0.23953049198639115
 20
16.281254315730852
 10
0.2348126369770927
 20
16.27141830989725
 10
0.2303104930874713
 20
16.261481717571684
 10
0.22602620343146956
 20
16.251449268778348
 10
0.21358020594687904
 20
16.221401274823197
 10
0.2095167135172546
 20
16.211280068824262
 10
0.20567494766400624
 20
16.2010726393375
 10
0.20205673631168392
 20
16.19078384309069
 10
0.1267847384268151
 20
15.969040849288264
 10
0.12338944993043244
 20
15.958668118244745
 10
0.12022137867944072
 20
15.948223748573792
 10
0.1172820342161463
 20
15.937712716873671
 10
0.10885703592107682
 20
15.906265723196144
 10
0.1061507599330257
 20
15.895705059088014
 10
0.10367537630969526
 20
15.885087901650847
 10
0.10143206186409154
 20
15.874419298348334
 10
0.05575206315143427
 20
15.644772304765409
 10
0.05374129322679966
 20
15.634053975188849
 10
0.051964761099847934
 20
15.623294341449567
 10
0.050423311872647536
 20
15.612498521940074
 10
0.046172312738049504
 20
15.580213528430447
 10
0.04486602125463268
 20
15.569380647676862
 10
0.04379642961847058
 20
15.558521841269487
 10
0.0429640472021528
 20
15.547642280507487
 10
0.03702706707703095
 20
15.457059583746071
 10
0.027116086830668407
 20
15.30584688508824
 10
0.0263131437865764
 20
15.289501394456284
 10
0.025780143896322494
 20
15.273216397809147
 10
0.025512553753119616
 20
15.25686040461703
  0
LWPOLYLINE
  5
53
330
17
100
AcDbEntity
  8
0
100
AcDbPolyline
 90
586
 70
0
 10
5.831063481035697
 20
6.418961553753125
 10
5.818792868341445
 20
6.419112144999913
 10
5.80652964702017
 20
6.419563826792015
 10
5.794281203977369
 20
6.420316327053227
 10
5.782054917216657
 20
6.421369192505558
 10
5.769858151395535
 20
6.422721788942268
 10
5.757698253389197
 20
6.424373301609894
 10
5.745582547865044
 20
6.4263227356990225
 10
5.7335183328705766
 20
6.428568916943528
 10
5.721512875437335
 20
6.431110492327905
 10
5.7095734072034965
 20
6.4339459309022775
 10
5.697707120057818
 20
6.43707352470458
 10
5.68592116180751
 20
6.4404913897893765
 10
5.67422263187266
 20
6.444197467362675
 10
5.6626185770098125
 20
6.448189525022065
 10
5.651115987067265
 20
6.452465158101442
 10
5.639721790774643
 20
6.45702179111948
 10
5.628442851569297
 20
6.461856679331008
 10
5.61728596346202
 20
6.466966910380344
 10
5.606257846944595
 20
6.472349406055584
 10
5.595365144941617
 20
6.4780009241428065
 10
5.584614418809048
 20
6.483918060379057
 10
5.574012144381897
 20
6.490097250502954
 10
5.563564708073425
 20
6.496534772401659
 10
5.553278403028206
 20
6.503226748352944
 10
5.543159425331371
 20
6.510169147360984
 10
5.533213870276321
 20
6.517357787584477
 10
5.523447728693147
 20
6.524788338855633
 10
5.513866883339983
 20
6.532456325288499
 10
5.504477105359445
 20
6.540357127975069
 10
5.495284050802323
 20
6.54848598776754
 10
5.4862932572205745
 20
6.556838008145045
 10
5.477510140331717
 20
6.565408158163133
 10
5.468939990756604
 20
6.574191275484225
 10
5.460587970832548
 20
6.583182069487207
 10
5.452459111503728
 20
6.592375124454308
 10
5.444558309290731
 20
6.60176490283332
 10
5.436890323341074
 20
6.611345748573219
 10
5.429459772562472
 20
6.621111890531152
 10
5.4222711328405815
 20
6.631057445948761
 10
5.415328734342891
 20
6.641176423995734
 10
5.4086367589103945
 20
6.651462729378463
 10
5.402199237538604
 20
6.66191016601161
 10
5.396020047949433
 20
6.672512440750407
 10
5.390102912255393
 20
6.683263167181407
 10
5.3844513947175425
 20
6.694155869469418
 10
5.379068899598504
 20
6.705183986258309
 10
5.3739586691118655
 20
6.716340874623318
 10
5.369123781469189
 20
6.727619814072511
 10
5.364567149025816
 20
6.739014010594947
 10
5.360291516526571
 20
6.750516600753136
 10
5.356299459452429
 20
6.762120655817323
 10
5.352593382469146
 20
6.773819185939088
 10
5.3491755179787726
 20
6.785605144361775
 10
5.346047924774944
 20
6.797471431665192
 10
5.343212486802738
 20
6.809410900042036
 10
5.340670912023854
 20
6.8214163576034625
 10
5.338424731387805
 20
6.833480572711215
 10
5.336475297909731
 20
6.845596278333688
 10
5.334823785855388
 20
6.857756176423321
 10
5.33347119003382
 20
6.8699529423126595
 10
5.332418325198121
 20
6.882179229126473
 10
5.3316658255546585
 20
6.894427672207226
 10
5.33121414438105
 20
6.906690893551281
 10
5.331063553753128
 20
6.918961506253126
 10
5.331063553753128
 20
8.618961306007563
 10
5.331214144390692
 20
8.631231919102182
 10
5.331665825593215
 20
8.643495140838303
 10
5.332418325284831
 20
8.655743584309704
 10
5.333471190187861
 20
8.667969871512037
 10
5.3348237860958605
 20
8.680166637787064
 10
5.336475298255628
 20
8.692326536258848
 10
5.3384247318579945
 20
8.70444224225924
 10
5.340670912637052
 20
8.716506457739982
 10
5.34321248757749
 20
8.72851191566878
 10
5.346047925729598
 20
8.74045138440669
 10
5.34917551913146
 20
8.752317672064192
 10
5.352593383837759
 20
8.764103630833313
 10
5.356299461054596
 20
8.775802161293196
 10
5.360291518379638
 20
8.78740621668653
 10
5.364567151146824
 20
8.798908807164251
 10
5.369123783874853
 20
8.810303003995964
 10
5.373958671818552
 20
8.821581943743558
 10
5.379068902622213
 20
8.832738832395474
 10
5.384451398073884
 20
8.843766949459177
 10
5.390102915959571
 20
8.854659652009312
 10
5.396020052016223
 20
8.865410378689171
 10
5.402199241982338
 20
8.876012653663
 10
5.408636763744933
 20
8.886460090516797
 10
5.415328739581615
 20
8.896746396105259
 10
5.42227113849637
 20
8.906865374342532
 10
5.429459778647685
 20
8.916810929934497
 10
5.436890329867534
 20
8.926577072050357
 10
5.444558316269711
 20
8.936157917931281
 10
5.45245911894593
 20
8.945547696433962
 10
5.460587978748092
 20
8.954740751506938
 10
5.468939999155008
 20
8.963731545597586
 10
5.477510149221891
 20
8.97251466298773
 10
5.486293266610799
 20
8.981084813055883
 10
5.49528406070024
 20
8.989436833464099
 10
5.504477115772042
 20
8.997565693267587
 10
5.5138668942735825
 20
9.005466495945164
 10
5.523447740153398
 20
9.013134482348724
 10
5.533213882268185
 20
9.020565033569984
 10
5.543159437859112
 20
9.027753673722735
 10
5.553278416095381
 20
9.034696072638953
 10
5.5635647216828765
 20
9.04138804847712
 10
5.574012158535744
 20
9.047825570241224
 10
5.584614433508679
 20
9.054004760208871
 10
5.595365160187684
 20
9.059921896267076
 10
5.606257862737003
 20
9.065573414154336
 10
5.617285979799927
 20
9.0709559096076
 10
5.628442868451107
 20
9.076066140412873
 10
5.6397218081980025
 20
9.080901028358202
 10
5.651116005029058
 20
9.085457661087876
 10
5.66261859550616
 20
9.089733293856723
 10
5.674222650898917
 20
9.09372535118344
 10
5.685921181358265
 20
9.097431428401968
 10
5.697707140126892
 20
9.10084929310997
 10
5.709573427783943
 20
9.103976886513546
 10
5.721512896521444
 20
9.106812324667379
 10
5.733518354449874
 20
9.10935389960955
 10
5.745582569930291
 20
9.111600080390351
 10
5.757698275930402
 20
9.113549513994467
 10
5.769858174401948
 20
9.115201026155992
 10
5.78205494067678
 20
9.116553622065753
 10
5.794281227878961
 20
9.11760648697055
 10
5.806529671350253
 20
9.118358986663935
 10
5.818792893086308
 20
9.118810667868228
 10
5.8310635061809055
 20
9.118961258507566
 10
6.043599691888724
 20
9.118961258538267
 10
6.033927154792628
 20
9.124284965454287
 10
6.02332487981637
 20
9.130464155418409
 10
5.951777416468202
 20
9.173348054584693
 10
5.941329979611913
 20
9.179785576345397
 10
5.931043674020928
 20
9.186477552180273
 10
5.920924695781105
 20
9.193419951093308
 10
5.910979140186564
 20
9.200608591242986
 10
5.843979554592446
 20
9.2502988704689
 10
5.834213412473975
 20
9.257729421687209
 10
5.824632566590421
 20
9.265397408087932
 10
5.815242788085093
 20
9.273298210762784
 10
5.806049733009456
 20
9.281427070563666
 10
5.744243267804787
 20
9.33744518529653
 10
5.735252473711477
 20
9.345797205702244
 10
5.72646935631866
 20
9.354367355768009
 10
5.7178992062478295
 20
9.363150473155882
 10
5.709547185836931
 20
9.372141267244375
 10
5.687834452756719
 20
9.396097576492991
 10
5.680742848471682
 20
9.38732450743682
 10
5.67284077223147
 20
9.378022695077837
 10
5.664714006505605
 20
9.36891653227978
 10
5.656367393759109
 20
9.360011445097282
 10
5.647805907456416
 20
9.351312739770819
 10
5.639034649097848
 20
9.34282559956489
 10
5.630058845179804
 20
9.334555081679493
 10
5.620883844080472
 20
9.326506114236704
 10
5.611515112872905
 20
9.318683493344178
 10
5.601958234067379
 20
9.311091880237312
 10
5.592218902284967
 20
9.303735798501773
 10
5.582302920864303
 20
9.29661963137804
 10
5.572216198403571
 20
9.289747619149587
 10
5.561964745239768
 20
9.283123856616239
 10
5.558675547081975
 20
9.281055074024867
 10
5.549380796027168
 20
9.27408877576507
 10
5.539381943483721
 20
9.266971232563517
 10
5.52921140348515
 20
9.260101255158238
 10
5.518875304249731
 20
9.253482983026696
 10
5.5097596997508616
 20
9.247956887248344
 10
5.381633585674735
 20
9.160188010987584
 10
5.289836810210079
 20
9.068391237068454
 10
5.216468040052446
 20
8.961286582172043
 10
5.164031605966728
 20
8.842530603272891
 10
5.1329771805878215
 20
8.710493973445285
 10
5.130563258836309
 20
8.675722603383772
 10
5.130563258753926
 20
6.86219574608312
 10
5.132975459276246
 20
6.827438179292993
 10
5.164031862897869
 20
6.6953923708188245
 10
5.21074973429571
 20
6.589586916431053
 10
5.2164682412310315
 20
6.576635842831169
 10
5.289836010886732
 20
6.4695323763067085
 10
5.381634367194232
 20
6.377734018453651
 10
5.4887371162017
 20
6.304366737660394
 10
5.563643710459846
 20
6.271292266785375
 10
5.607492900418566
 20
6.2519309735962825
 10
5.739535264378068
 20
6.220874700116172
 10
5.774301378091554
 20
6.218461258976674
 10
5.870000397326384
 20
6.218461258753128
 10
5.8822710344262505
 20
6.218310667497596
 10
5.89453428012353
 20
6.217858984499221
 10
5.90678274746866
 20
6.217106481836019
 10
5.9190090584140425
 20
6.216053612789228
 10
5.9312058482583145
 20
6.214701011570275
 10
5.943365770082593
 20
6.2130494929387465
 10
5.955481499175998
 20
6.211100051711603
 10
5.967545737447801
 20
6.2088538621639415
 10
6.0628337082841535
 20
6.1898998680138035
 10
6.074838856314763
 20
6.187358357802138
 10
6.086778018631746
 20
6.184522999524674
 10
6.098644003901219
 20
6.181395501007094
 10
6.110429664866146
 20
6.1779777460403595
 10
6.122127902651348
 20
6.174271793246041
 10
6.133731671039386
 20
6.17027987483635
 10
6.145233980714713
 20
6.1660043952696
 10
6.15662790347357
 20
6.161447929801932
 10
6.1679065763970495
 20
6.156613222936154
 10
6.179063205984857
 20
6.151503186768639
 10
6.1900910722472435
 20
6.14612089923528
 10
6.200983532752675
 20
6.140469602257552
 10
6.211734026628768
 20
6.134552699789799
 10
6.222336078514123
 20
6.128373755768925
 10
6.232783302458625
 20
6.121936491967722
 10
6.243069405769913
 20
6.115244785753135
 10
6.323850381078299
 20
6.061269802364181
 10
6.333969935821404
 20
6.054327143690746
 10
6.343916052422268
 20
6.047138217330256
 10
6.353682739104477
 20
6.039707354062364
 10
6.363264112184453
 20
6.032039030415253
 10
6.372654399615925
 20
6.024137865968865
 10
6.381847944467148
 20
6.016008620571961
 10
6.390839208328768
 20
6.007656191474672
 10
6.3996227746502985
 20
5.999085610378281
 10
8.722629468021134
 20
3.676077926951943
 10
8.811402444380656
 20
3.6079609441218397
 10
8.873484083156695
 20
3.560324428747931
 10
9.03814838565515
 20
3.4652552639453793
 10
9.213812188737096
 20
3.392492454727378
 10
9.230604752569723
 20
3.3879930177530175
 10
9.397477801808924
 20
3.3432791940495656
 10
9.585991622208113
 20
3.3184612596869183
 10
13.776134204331498
 20
3.318461258760376
 10
13.964648714170048
 20
3.343280026132035
 10
14.148312365535372
 20
3.3924923919121848
 10
14.323979639163461
 20
3.465255893518643
 10
14.48864700073698
 20
3.560326883568328
 10
14.639483030082603
 20
3.6760675585904843
 10
16.773947254087066
 20
5.810528858423635
 10
16.88969795977327
 20
5.961377866577142
 10
16.984768914254925
 20
6.1260451637458475
 10
17.057532417154597
 20
6.3017124368385184
 10
17.106744784286747
 20
6.485376087841733
 10
17.13156355285515
 20
6.6738905960472845
 10
17.131563553710034
 20
7.324032204603727
 10
17.10674478637423
 20
7.512546714170167
 10
17.057532729116247
 20
7.6962092141111
 10
17.04921443779082
 20
7.716291149470914
 10
16.984770647261485
 20
7.871873212948745
 10
16.889696185928884
 20
8.036547184653301
 10
16.77395096439008
 20
8.187390402537408
 10
16.616364293266013
 20
8.34497794641947
 10
16.61632294929048
 20
8.345018290871451
 10
15.607198127139315
 20
9.35414311277691
 10
15.598627679544755
 20
9.362926542666967
 10
15.59027537712796
 20
9.371917663672884
 10
15.582146251357374
 20
9.381111059498725
 10
15.57424519925872
 20
9.390501191997206
 10
15.566576980465012
 20
9.400082404505884
 10
15.559146214349322
 20
9.409848925254776
 10
15.55195737724205
 20
9.419794870843294
 10
15.545014799734364
 20
9.429914249784435
 10
15.491038810640934
 20
9.51069623337516
 10
15.484347106140449
 20
9.520982268811238
 10
15.477909841178732
 20
9.531429424114322
 10
15.47173089308688
 20
9.5420314066927
 10
15.46581398360506
 20
9.5527818306982
 10
15.460162676640806
 20
9.563674220872532
 10
15.4547803761224
 20
9.574702016447514
 10
15.44967032394858
 20
9.585858575096797
 10
15.444835598035866
 20
9.597137176936698
 10
15.433537317858825
 20
9.624413708571549
 10
15.398041024902113
 20
9.685894414020082
 10
15.328638583832166
 20
9.80610320225431
 10
15.200912625657725
 20
9.972561613085995
 10
15.052560646416401
 20
10.120913593341392
 10
14.886110331198976
 20
10.2486347936422
 10
14.70442106624112
 20
10.353533771632783
 10
14.510579601323856
 20
10.43382653607205
 10
14.427063608730064
 20
10.456204451541625
 10
14.307924249815681
 20
10.488127643425397
 10
14.099914761068977
 20
10.515512552924093
 10
13.890109634444801
 20
10.515512553641129
 10
13.682103566302846
 20
10.488128456590987
 10
13.479446002436392
 20
10.433827220759966
 10
13.336006247795993
 20
10.374412680000885
 10
13.285611296783635
 20
10.353537797043822
 10
13.103926126569673
 20
10.248643032976434
 10
12.93746243885152
 20
10.12091286521209
 10
12.850938697542476
 20
10.034389124952458
 10
12.84215526787945
 20
10.02581867767886
 10
12.833164147114832
 20
10.017466375570404
 10
12.823970751544069
 20
10.009337250095033
 10
12.817826492295692
 20
10.004167343057613
 10
12.821508668226386
 20
9.994959788971457
 10
12.825784300093545
 20
9.983457199569512
 10
12.829776356575913
 20
9.971853145284273
 10
12.833482433008458
 20
9.960154615962631
 10
12.836900296989795
 20
9.948368658359692
 10
12.84002788972691
 20
9.93650237189408
 10
12.842863327275293
 20
9.924562904371514
 10
12.845404901673755
 20
9.912557447679232
 10
12.847651081973243
 20
9.900493233453872
 10
12.84960051515903
 20
9.888377528725409
 10
12.851252026965712
 20
9.876217631539758
 10
12.852604622584543
 20
9.864020866562718
 10
12.853657487262675
 20
9.851794580667864
 10
12.854409986793932
 20
9.839546138511057
 10
12.854861667900833
 20
9.827282918094264
 10
12.855012258507626
 20
9.81501230632132
 10
12.855012258519732
 20
9.726259045072641
 10
12.897699347805384
 20
9.783815922128223
 10
12.905129899023867
 20
9.793582064246602
 10
12.91279788542476
 20
9.803162910130059
 10
12.920698688099783
 20
9.812552688635284
 10
12.928827547900832
 20
9.821745743710816
 10
12.988140846242723
 20
9.887187883766865
 10
12.996492866648586
 20
9.896178677860046
 10
13.005063016714498
 20
9.904961795252731
 10
13.013846134102517
 20
9.913531945323426
 10
13.022836928191149
 20
9.921883965734185
 10
13.088279068214442
 20
9.981197264111305
 10
13.097472123285465
 20
9.98932612391729
 10
13.106861901786303
 20
9.99722692659736
 10
13.116442747665497
 20
10.004894913003412
 10
13.126208889779736
 20
10.012325464227155
 10
13.197149627902252
 20
10.06493870143865
 10
13.207095183492807
 20
10.072127341593946
 10
13.217214161728785
 20
10.079069740512692
 10
13.227500467316066
 20
10.085761716353371
 10
13.237947904168797
 20
10.092199238119965
 10
13.31370404230224
 20
10.137605719930006
 10
13.324306317275036
 20
10.143784909900075
 10
13.335057043953976
 20
10.149702045960684
 10
13.3459497465033
 20
10.155353563850325
 10
13.3569778635663
 20
10.160736059305945
 10
13.436819828687874
 20
10.198498496473013
 10
13.447976717339246
 20
10.203608727280633
 10
13.459255657086404
 20
10.20844361522828
 10
13.470649853917788
 20
10.213000247960238
 10
13.482152444395286
 20
10.217275880731334
 10
13.565311314734561
 20
10.247030600342319
 10
13.576915370127749
 20
10.251022657671239
 10
13.588613900587589
 20
10.254728734891932
 10
13.60039985935677
 20
10.258146599602059
 10
13.612266147014433
 20
10.261274193007718
 10
13.697941057190869
 20
10.28273464084727
 10
13.709880525929005
 20
10.285570079003138
 10
13.721885983858126
 20
10.288111653947302
 10
13.733950199339288
 20
10.29035783473005
 10
13.746065905340195
 20
10.292307268336069
 10
13.833431759134491
 20
10.305266768560118
 10
13.845591657606963
 20
10.30691828072351
 10
13.857788423882768
 20
10.308270876635085
 10
13.87001471108597
 20
10.309323741541643
 10
13.882263154558327
 20
10.310076241236734
 10
13.970478571038992
 20
10.31440998677361
 10
13.982741792776093
 20
10.314861667979555
 10
13.995012405871778
 20
10.31501225862049
 10
14.007283018967543
 20
10.314861667986241
 10
14.01954624070489
 20
10.314409986786977
 10
14.107761657188
 20
10.310076241298155
 10
14.120010100660767
 20
10.309323741609735
 10
14.132236387864543
 20
10.308270876709837
 10
14.144433154141087
 20
10.306918280804908
 10
14.156593052614458
 20
10.30526676864814
 10
14.243958906415546
 20
10.292307268471726
 10
14.256074612417487
 20
10.290357834872312
 10
14.268138827899845
 20
10.288111654096141
 10
14.280144285830323
 20
10.285570079158527
 10
14.292083754569976
 20
10.282734641009172
 10
14.377758664758463
 20
10.261274193216225
 10
14.3896249524179
 20
10.258146599817012
 10
14.401410911189013
 20
10.254728735113288
 10
14.41310944165094
 20
10.251022657898945
 10
14.424713497046369
 20
10.24703060057632
 10
14.507872367401959
 20
10.217275881010568
 10
14.519374957881746
 20
10.213000248245748
 10
14.530769154715577
 20
10.20844361552001
 10
14.542048094465331
 20
10.203608727578521
 10
14.553204983119452
 20
10.198498496776994
 10
14.633046948261404
 20
10.16073605965351
 10
14.644075065327335
 20
10.155353564203898
 10
14.65496776787974
 20
10.149702046320192
 10
14.665718494561903
 20
10.143784910265438
 10
14.676320769538066
 20
10.137605720301146
 10
14.752076907695923
 20
10.092199238532565
 10
14.762524344552126
 20
10.085761716771682
 10
14.772810650143022
 20
10.079069740936628
 10
14.782929628382751
 20
10.07212734202342
 10
14.792875183977193
 20
10.064938701873565
 10
14.863815922128557
 20
10.01232546470061
 10
14.873582064246875
 20
10.004894913482167
 10
14.883162910130276
 20
9.997226927081314
 10
14.892552688635446
 20
9.989326124406338
 10
14.901745743710924
 20
9.981197264605337
 10
14.967187883766846
 20
9.92188396626358
 10
14.976178677860055
 20
9.913531945857695
 10
14.984961795252767
 20
9.904961795791758
 10
14.993531945323488
 20
9.896178678403713
 10
15.00188396573427
 20
9.887187884315052
 10
15.061197264111291
 20
9.821745744291851
 10
15.069326123917259
 20
9.812552689220848
 10
15.077226926597312
 20
9.803162910720028
 10
15.084894913003346
 20
9.793582064840855
 10
15.092325464227075
 20
9.783815922726635
 10
15.14493870143862
 20
9.712875184604062
 10
15.15212734159392
 20
9.702929629013504
 10
15.159069740512669
 20
9.692810650777524
 10
15.16576171635335
 20
9.68252434519024
 10
15.172199238119946
 20
9.672076908337507
 10
15.217605719929923
 20
9.596320770204178
 10
15.223784909899972
 20
9.585718495231419
 10
15.229702045960563
 20
9.574967768552517
 10
15.235353563850186
 20
9.56407506600323
 10
15.24073605930579
 20
9.55304694894027
 10
15.278498496472794
 20
9.47320498381891
 10
15.283608727280427
 20
9.462048095167523
 10
15.288443615228084
 20
9.450769155420351
 10
15.293000247960054
 20
9.439374958588951
 10
15.297275880731158
 20
9.427872368111437
 10
15.323365552464018
 20
9.354956620384995
 10
16.56521207723785
 20
8.113110075021858
 10
16.573782225790158
 20
8.104326959076285
 10
16.582134244756023
 20
8.095336166501886
 10
16.631586720102693
 20
8.040773768086678
 10
16.639715579886957
 20
8.031580713037265
 10
16.647616382546413
 20
8.022190934559044
 10
16.655284368933
 20
8.012610088703436
 10
16.662714920138463
 20
8.002843946613707
 10
16.706581216660204
 20
7.943697092731852
 10
16.713769856816047
 20
7.933751537141682
 10
16.720712255735343
 20
7.923632558906078
 10
16.727404231576585
 20
7.913346253319155
 10
16.733841753343754
 20
7.90289881646677
 10
16.771699416180795
 20
7.839737121910982
 10
16.777878606151408
 20
7.829134846938576
 10
16.783795742212572
 20
7.818384120260016
 10
16.789447260102776
 20
7.8074914177110575
 10
16.794829755558972
 20
7.796463300648409
 10
16.826314194723217
 20
7.72989504706494
 10
16.83142442553147
 20
7.718738158413807
 10
16.83625931347975
 20
7.707459218666871
 10
16.84081594621235
 20
7.696065021835693
 10
16.84509157898409
 20
7.684562431358385
 10
16.869899582115117
 20
7.6152287074192255
 10
16.873891639444654
 20
7.603624652026307
 10
16.877597716665967
 20
7.59192612156672
 10
16.881015581376726
 20
7.580140162797778
 10
16.884143174783024
 20
7.5682738751403384
 10
16.902035827249566
 20
7.496842402507841
 10
16.904871265406122
 20
7.4849029337697175
 10
16.907412840350972
 20
7.4728974758405915
 10
16.9096590211344
 20
7.460833260359407
 10
16.911608454741096
 20
7.44871755435846
 10
16.92241344051831
 20
7.375876257163981
 10
16.92406495268234
 20
7.363716358691707
 10
16.92541754859456
 20
7.351519592416083
 10
16.926470413501775
 20
7.339293305213048
 10
16.927222913197525
 20
7.327044861740841
 10
16.930836174492683
 20
7.253495238917271
 10
16.931287855701225
 20
7.24123201710174
 10
16.931438446340902
 20
7.228961403927562
 10
16.931438446346927
 20
6.768961408837454
 10
16.93128785570992
 20
6.756690795758887
 10
16.930836174508737
 20
6.744427574038786
 10
16.927222913255616
 20
6.670877951457404
 10
16.926470413567117
 20
6.658629508015343
 10
16.92541754866864
 20
6.646403220842201
 10
16.92406495276663
 20
6.634206454596165
 10
16.92241344061428
 20
6.622046556153118
 10
16.91160845488459
 20
6.549205258951257
 10
16.909659021285815
 20
6.537089552949103
 10
16.907412840510283
 20
6.525025337466519
 10
16.90487126557329
 20
6.513019879535799
 10
16.902035827424555
 20
6.501080410795887
 10
16.88414317500505
 20
6.429648938153094
 10
16.881015581606537
 20
6.417782650493716
 10
16.877597716903516
 20
6.405996691722644
 10
16.873891639689887
 20
6.394298161260736
 10
16.86989958236798
 20
6.382694105865308
 10
16.8450915792822
 20
6.3133603819095505
 10
16.840815946517967
 20
6.301857791429388
 10
16.8362593137928
 20
6.29046359459517
 10
16.83142442585187
 20
6.279184654845016
 10
16.82631419505089
 20
6.2680277661904835
 10
16.794829755929847
 20
6.2014595125857195
 10
16.789447260480838
 20
6.1904313955194965
 10
16.783795742597725
 20
6.179538692966788
 10
16.777878606543556
 20
6.168787966284306
 10
16.771699416579843
 20
6.158185691307809
 10
16.733841753784382
 20
6.095023996727791
 10
16.727404232024103
 20
6.084576559871293
 10
16.720712256189646
 20
6.074290254280087
 10
16.71376985727703
 20
6.064171276040033
 10
16.70658121712776
 20
6.054225720445249
 10
16.6627149206447
 20
5.995078866534659
 10
16.65528436942673
 20
5.985312724415855
 10
16.647616383026342
 20
5.975731878531959
 10
16.63971558035181
 20
5.966342100026282
 10
16.631586720551244
 20
5.957149044950289
 10
16.58213424506309
 20
5.902586646334169
 10
16.573782224601786
 20
5.893595852181787
 10
16.565212074477568
 20
5.884812734732669
 10
14.565212077953088
 20
3.8848127381996553
 10
14.556428960577183
 20
3.87624258814507
 10
14.547438166501387
 20
3.8678905677497597
 10
14.492875768086513
 20
3.8184380924034174
 10
14.483682713037119
 20
3.810309232619176
 10
14.474292934558921
 20
3.8024084299597383
 10
14.464712088703337
 20
3.7947404435731715
 10
14.45494594661363
 20
3.787309892367728
 10
14.395799092731831
 20
3.743443595846029
 10
14.385853537141658
 20
3.736254955690185
 10
14.375734558906048
 20
3.7293125567708834
 10
14.365448253319121
 20
3.7226205809296395
 10
14.355000816466731
 20
3.7161830591624714
 10
14.29183912191083
 20
3.6783253963253664
 10
14.281236846938361
 20
3.672146206354717
 10
14.270486120259736
 20
3.666229070293521
 10
14.259593417710711
 20
3.660577552403286
 10
14.248565300647995
 20
3.655195056947065
 10
14.181997047064312
 20
3.62371061778277
 10
14.170840158413226
 20
3.6186003869745464
 10
14.159561218666338
 20
3.613765499026292
 10
14.148167021835208
 20
3.6092088662937183
 10
14.136664431357952
 20
3.6049332335220003
 10
14.067330707418671
 20
3.580125230390944
 10
14.055726652025708
 20
3.576133173061396
 10
14.044028121566077
 20
3.5724270958400703
 10
14.03224216279709
 20
3.5690092311293062
 10
14.020375875139603
 20
3.5658816377230025
 10
13.948944402507845
 20
3.547988985256687
 10
13.937004933769849
 20
3.545153547100167
 10
13.924999475840853
 20
3.5426119721553486
 10
13.9129352603598
 20
3.5403657913719426
 10
13.900819554358986
 20
3.538416357765263
 10
13.827978257164187
 20
3.5276113719879647
 10
13.815818358691814
 20
3.5259598598239155
 10
13.803621592416091
 20
3.5246072639116797
 10
13.791395305212957
 20
3.523554399004458
 10
13.77914686174065
 20
3.5228018993087016
 10
13.70559723891693
 20
3.519188638013558
 10
13.693334017098573
 20
3.518736956804952
 10
13.681063403921568
 20
3.518586366165347
 10
9.681063408831305
 20
3.5185863661593286
 10
9.668792795755612
 20
3.5187369567964093
 10
9.656529574038386
 20
3.519188637997521
 10
9.582979951457444
 20
3.5228018992506285
 10
9.570731508015376
 20
3.5235543989391296
 10
9.558505220842227
 20
3.5246072638376074
 10
9.546308454596184
 20
3.5259598597396185
 10
9.53414855615313
 20
3.5276113718919735
 10
9.461307258951539
 20
3.538416357621637
 10
9.449191552949484
 20
3.540365791220394
 10
9.437127337466997
 20
3.5426119719959095
 10
9.425121879536373
 20
3.5451535469328745
 10
9.413182410796557
 20
3.5479889850815827
 10
9.341750938152748
 20
3.5658816375012936
 10
9.329884650493133
 20
3.569009230899863
 10
9.318098691721831
 20
3.5724270956029507
 10
9.306400161259695
 20
3.57613317281666
 10
9.294796105864043
 20
3.5801252301386577
 10
9.225462381908448
 20
3.604933233224481
 10
9.213959791428444
 20
3.609208865988671
 10
9.202565594594383
 20
3.6137654987137853
 10
9.191286654844381
 20
3.6186003866546534
 10
9.180129766189998
 20
3.623710617455568
 10
9.113561512585937
 20
3.6551950565762783
 10
9.102533395519705
 20
3.660577552025294
 10
9.091640692966987
 20
3.666229069908412
 10
9.080889966284495
 20
3.672146205962584
 10
9.070287691307989
 20
3.678325395926306
 10
9.007125996727673
 20
3.716183058721951
 10
8.996678559871107
 20
3.7226205804822734
 10
8.986392254279838
 20
3.7293125563167755
 10
8.976273276039722
 20
3.7362549552294433
 10
8.966327720444879
 20
3.7434435953787646
 10
8.907180866534231
 20
3.787309891861931
 10
8.897414724415539
 20
3.7947404430798226
 10
8.887833878531751
 20
3.8024084294801312
 10
8.878444100026178
 20
3.810309232154574
 10
8.869251044950284
 20
3.81843809195505
 10
8.81468864633373
 20
3.8678905674435575
 10
8.805697852181178
 20
3.8762425879050215
 10
8.796914734731896
 20
3.8848127380294026
 10
6.262765940773011
 20
6.418961531980266
 10
5.831063481035697
 20
6.418961553753125
  0
LWPOLYLINE
  5
54
330
17
100
AcDbEntity
  8
0
100
AcDbPolyline
 90
289
 70
0
 10
7.7691881706001915
 20
9.058586355138127
 10
7.77751237861277
 20
9.05400476053335
 10
7.788114653587044
 20
9.047825570569481
 10
7.7985620904413535
 20
9.041388048809138
 10
7.808848396030392
 20
9.034696072974707
 10
7.818967374268306
 20
9.027753674062206
 10
7.828912929860978
 20
9.020565033913142
 10
7.838679071977612
 20
9.013134482695541
 10
7.848259917859376
 20
9.005466496295607
 10
7.857649696362964
 20
8.997565693621622
 10
7.866842751436914
 20
8.989436833821687
 10
7.875833545528601
 20
8.981084813416985
 10
7.8846166629198535
 20
8.972514663352303
 10
7.893186812989179
 20
8.963731545965583
 10
7.901538833398635
 20
8.954740751878312
 10
7.909667693203431
 20
8.94554769680866
 10
7.917568495882381
 20
8.93615791830925
 10
7.925236482287381
 20
8.926577072431542
 10
7.932667033510146
 20
8.916810930318837
 10
7.939855673664469
 20
8.906865374729964
 10
7.946798072582321
 20
8.896746396495722
 10
7.953490048422189
 20
8.886460090910221
 10
7.959927570188059
 20
8.876012654059316
 10
7.966106760157532
 20
8.86541037908831
 10
7.972023896217628
 20
8.854659652411197
 10
7.977675414106841
 20
8.843766949863731
 10
7.98305790956212
 20
8.832738832802619
 10
7.988168140369467
 20
8.821581944153209
 10
7.99300302831693
 20
8.810303004408041
 10
7.997559661048797
 20
8.798908807578664
 10
8.001835293819896
 20
8.787406217103195
 10
8.005827351148922
 20
8.775802161712019
 10
8.009533428369812
 20
8.764103631254201
 10
8.01295129308023
 20
8.752317672487052
 10
8.016078886486277
 20
8.740451384831424
 10
8.018914324642633
 20
8.728511916095288
 10
8.021455899587377
 20
8.716506458168164
 10
8.0237020803708
 20
8.704442242688994
 10
8.025651513977587
 20
8.692326536690068
 10
8.027303026141828
 20
8.680166638219642
 10
8.02865562205435
 20
8.667969871945868
 10
8.029708486961953
 20
8.655743584744677
 10
8.030460986658184
 20
8.643495141274306
 10
8.030912667865366
 20
8.631231919539102
 10
8.031063258507627
 20
8.618961306445286
 10
8.031063258673539
 20
8.187258936438107
 10
10.198985678381163
 20
6.019336476590083
 10
13.163141067514765
 20
6.019336448322025
 10
14.142766009861944
 20
6.998961360502695
 10
13.55506820235668
 20
7.586659256399195
 10
13.482152445104319
 20
7.612748931495685
 10
13.47064985462453
 20
7.617024564260505
 10
13.4592556577907
 20
7.621581196986244
 10
13.447976718040946
 20
7.626416084927731
 10
13.436819829386826
 20
7.63152631572926
 10
13.356977864244874
 20
7.669288752852743
 10
13.345949747178942
 20
7.674671248302355
 10
13.335057044626538
 20
7.680322766186062
 10
13.324306317944375
 20
7.686239902240813
 10
13.313704042968212
 20
7.692419092205107
 10
13.237947904810355
 20
7.737825573973687
 10
13.227500467954151
 20
7.744263095734571
 10
13.217214162363256
 20
7.750955071569624
 10
13.207095184123528
 20
7.757897470482833
 10
13.197149628529084
 20
7.765086110632686
 10
13.12620889037772
 20
7.817699347805642
 10
13.116442748259402
 20
7.825129899024086
 10
13.106861902376002
 20
7.832797885424937
 10
13.097472123870832
 20
7.840698688099914
 10
13.088279068795353
 20
7.848827547900915
 10
13.022836928739432
 20
7.908140846242671
 10
13.013846134646222
 20
7.916492866648557
 10
13.00506301725351
 20
7.925063016714494
 10
12.99649286718279
 20
7.933846134102539
 10
12.988140846772007
 20
7.9428369281912
 10
12.928827548394986
 20
8.008279068214401
 10
12.920698688589018
 20
8.017472123285405
 10
12.912797885908965
 20
8.026861901786225
 10
12.905129899502931
 20
8.036442747665397
 10
12.897699348279202
 20
8.046208889779617
 10
12.855012258741027
 20
8.10376576711006
 10
12.855012258753133
 20
8.015012506567038
 10
12.85486166811726
 20
8.002741893473157
 10
12.854409986916465
 20
7.990478671737732
 10
12.853657487226615
 20
7.978230228266984
 10
12.85260462232538
 20
7.966003941065257
 10
12.851252026419212
 20
7.953807174790791
 10
12.849600514261306
 20
7.94164727631952
 10
12.847651080660834
 20
7.929531570319591
 10
12.845404899883697
 20
7.917467354839265
 10
12.84286332494521
 20
7.905461896910831
 10
12.840027886795077
 20
7.893522428173231
 10
12.836900293395216
 20
7.881656140515986
 10
12.833482428690942
 20
7.869870181747069
 10
12.829776351476152
 20
7.858171651287334
 10
12.825784294153177
 20
7.846567595894092
 10
12.821508661388078
 20
7.835065005416405
 10
12.817826744045895
 20
7.8258580990365365
 10
12.823971752320679
 20
7.820687561725508
 10
12.83316514820084
 20
7.812558435919216
 10
12.842156269259107
 20
7.804206133464236
 10
12.850939699199458
 20
7.795635685829088
 10
12.937460678050348
 20
7.709114707031645
 10
13.128294239817368
 20
7.562682799121046
 10
13.13793704140211
 20
7.555093811408045
 10
13.147390704769567
 20
7.547270474150482
 10
13.1566495359259
 20
7.539217499387745
 10
13.165707958225793
 20
7.530939737471164
 10
13.17456051573129
 20
7.5224421741426175
 10
13.183201876497943
 20
7.513729927531592
 10
13.191626835786273
 20
7.504808245072505
 10
13.199830319196607
 20
7.495682500344148
 10
13.26388929962026
 20
7.422638522739052
 10
13.271866807010843
 20
7.413313683920061
 10
13.279613066692827
 20
7.403795874082381
 10
13.287123412527855
 20
7.394090826498508
 10
13.294393320485721
 20
7.384204387227914
 10
13.301418411369523
 20
7.374142511595544
 10
13.30819445345358
 20
7.3639112606044845
 10
13.314717365032505
 20
7.353516797284981
 10
13.32098321687991
 20
7.3429653829819905
 10
13.326988234615275
 20
7.332263373583522
 10
13.332728800977529
 20
7.321417215692014
 10
13.338201458003992
 20
7.310433442741079
 10
13.343402909113353
 20
7.299318671059938
 10
13.348330021091453
 20
7.288079595887922
 10
13.352979825978638
 20
7.276722987341437
 10
13.357349522857582
 20
7.265255686335833
 10
13.361436479540489
 20
7.253684600464619
 10
13.392666466835552
 20
7.161685638183928
 10
13.396468216186483
 20
7.150017754410446
 10
13.399982474224343
 20
7.138260084559574
 10
13.40320712406076
 20
7.126419711114818
 10
13.406140223259046
 20
7.114503766377963
 10
13.408780005004266
 20
7.102519428172772
 10
13.411124879167515
 20
7.090473915521278
 10
13.413173433263768
 20
7.078374484295245
 10
13.414924433302724
 20
7.066228422845444
 10
13.416376824532115
 20
7.054043047611354
 10
13.41752973207307
 20
7.0418256987139545
 10
13.418382461447115
 20
7.029583735534242
 10
13.418934498994501
 20
7.017324532280154
 10
13.41918551218362
 20
7.005055473544551
 10
13.419135349811324
 20
6.992783949856957
 10
13.418784042093984
 20
6.9805173532317095
 10
13.418131800649306
 20
6.968263072715228
 10
13.411777803346169
 20
6.87131611242577
 10
13.410825014826726
 20
6.859081460504032
 10
13.409572256010346
 20
6.846873876428678
 10
13.408020281531591
 20
6.8347007137818485
 10
13.406170026266006
 20
6.822569305410968
 10
13.404022604766968
 20
6.8104869590116
 10
13.401579310594311
 20
6.798460952725441
 10
13.398841615535103
 20
6.7864985307561385
 10
13.39581116871708
 20
6.774606899005533
 10
13.392489795615246
 20
6.762793220732984
 10
13.388879496952253
 20
6.751064612240377
 10
13.384982447493194
 20
6.73942813858542
 10
13.380800994735587
 20
6.727890809325804
 10
13.37633765749529
 20
6.716459574296804
 10
13.371595124389215
 20
6.705141319424844
 10
13.366576252215769
 20
6.6939428625795685
 10
13.361284064233985
 20
6.682870949466907
 10
13.318313081921787
 20
6.595734985121159
 10
13.312751004106056
 20
6.584796739527507
 10
13.306922171153108
 20
6.573998284420321
 10
13.30083009393118
 20
6.563346124009523
 10
13.294478441867867
 20
6.552846674387666
 10
13.287871040739905
 20
6.542506259665349
 10
13.28101187036881
 20
6.532331108162026
 10
13.273905062223715
 20
6.522327348654516
 10
13.266554896932876
 20
6.512501006685469
 10
13.258965801705324
 20
6.502858000934022
 10
13.251142347664242
 20
6.493404139650802
 10
13.243089247093645
 20
6.4841451171594615
 10
13.234811350600038
 20
6.475086510426832
 10
13.226313644190773
 20
6.466233775703754
 10
13.217601246270817
 20
6.45759224523863
 10
13.208679404559815
 20
6.449167124065665
 10
13.199553492931233
 20
6.440963486869726
 10
13.126509522916752
 20
6.376904513041857
 10
13.117184684090178
 20
6.368927005637386
 10
13.107666874244348
 20
6.361180745941986
 10
13.097961826651774
 20
6.353670400094033
 10
13.088075387371951
 20
6.346400492123753
 10
13.078013511729843
 20
6.339375401228064
 10
13.067782260728555
 20
6.332599359132664
 10
13.057387797398354
 20
6.326076447542961
 10
13.046836383084221
 20
6.319810595685355
 10
13.036134373674184
 20
6.31380557794038
 10
13.025288215770706
 20
6.308065011569125
 10
13.014304442807422
 20
6.3025923545342835
 10
13.003189671113576
 20
6.297390903417176
 10
12.991950595928522
 20
6.292463791431978
 10
12.980593987368692
 20
6.287813986538353
 10
12.969126686349462
 20
6.283444289653636
 10
12.95755560046436
 20
6.2793573329656365
 10
12.865556631789303
 20
6.248127343499972
 10
12.854243135771103
 20
6.24443641701625
 10
12.842845003785996
 20
6.241015785830028
 10
12.831368692563778
 20
6.237867387635247
 10
12.819820703120648
 20
6.234993005913313
 10
12.808207577076544
 20
6.232394268922797
 10
12.79653589294952
 20
6.230072648777076
 10
12.784812262429169
 20
6.2280294606104185
 10
12.7730433266313
 20
6.226265861832998
 10
12.76123575233592
 20
6.22478285147525
 10
12.749396228210692
 20
6.223581269621952
 10
12.737531461021973
 20
6.222661796936336
 10
12.70502947738268
 20
6.220531797951949
 10
12.694139099677226
 20
6.219937312168816
 10
12.68323834601737
 20
6.219580507515102
 10
12.67233240314576
 20
6.219461553763831
 10
10.592127416350337
 20
6.21946155375313
 10
10.579856779103842
 20
6.219612144983527
 10
10.567593533259494
 20
6.22006382796396
 10
10.555345065767119
 20
6.220816330616421
 10
10.543118754674582
 20
6.221869199659665
 10
10.530921964683506
 20
6.223221800882252
 10
10.518762042713043
 20
6.224873319524575
 10
10.50664631347433
 20
6.226822760769643
 10
10.494582075058362
 20
6.229068950342321
 10
10.399294104222351
 20
6.248022944492395
 10
10.387288869600697
 20
6.250564474148716
 10
10.375349621699195
 20
6.25339985610913
 10
10.363483552007292
 20
6.256527382508989
 10
10.351697807936247
 20
6.259945169513291
 10
10.339999488513973
 20
6.263651158451393
 10
10.32839564010899
 20
6.267643117057029
 10
10.31689325218613
 20
6.2719186408128955
 10
10.305499253096492
 20
6.27647515439899
 10
10.294220505904219
 20
6.281309913243825
 10
10.283063804252597
 20
6.2864200051776
 10
10.272035868271976
 20
6.2918023521863145
 10
10.261143340531953
 20
6.297453712265781
 10
10.250392782040302
 20
6.303370681374415
 10
10.239790668291002
 20
6.309549695483624
 10
10.229343385363787
 20
6.31598703272457
 10
10.219057226077563
 20
6.322678815629995
 10
10.138275250769095
 20
6.376654799018869
 10
10.1281558717505
 20
6.383597376559189
 10
10.118209926086536
 20
6.390786213702623
 10
10.108443405264332
 20
6.398216979857924
 10
10.098862192684598
 20
6.405885198694609
 10
10.08947206011744
 20
6.413786250839515
 10
10.080278664225414
 20
6.421915376659541
 10
10.071287543155924
 20
6.430267679128866
 10
10.062504113205012
 20
6.438838126778946
 10
8.450940127103696
 20
8.05040211281252
 10
8.44236967951436
 20
8.059185542698879
 10
8.434017377102586
 20
8.068176663700866
 10
8.425888251336808
 20
8.077370059522556
 10
8.41798719924274
 20
8.086760192016666
 10
8.410318980453388
 20
8.096341404520766
 10
8.402888214341818
 20
8.106107925264881
 10
8.395699377238422
 20
8.116053870848432
 10
8.388756799734361
 20
8.126173249784426
 10
8.334780816219771
 20
8.206955225025698
 10
8.328089033299308
 20
8.217241384302179
 10
8.321651696043093
 20
8.227688667220022
 10
8.315472681918388
 20
8.238290780960329
 10
8.309555712794044
 20
8.24904133944337
 10
8.30390435269866
 20
8.25993386717517
 10
8.298522005673833
 20
8.270961803147964
 10
8.293411913723759
 20
8.282118504792155
 10
8.288577154862448
 20
8.293397251977401
 10
8.284020641259712
 20
8.304791251060418
 10
8.279745117487044
 20
8.316293638977069
 10
8.275753158864463
 20
8.327897487376255
 10
8.272047169909278
 20
8.339595806793152
 10
8.268629382887768
 20
8.35138155085924
 10
8.265501856470586
 20
8.36324762054661
 10
8.262666474492741
 20
8.375186868444006
 10
8.260124944818896
 20
8.387192103061983
 10
8.241170950532533
 20
8.482480073856527
 10
8.238924760931244
 20
8.494544312332662
 10
8.23697531966061
 20
8.506660041632477
 10
8.235323800995793
 20
8.518819963664866
 10
8.23397119975381
 20
8.531016753718571
 10
8.232918330694288
 20
8.543243064874334
 10
8.232165828028682
 20
8.55549153243041
 10
8.231714145038252
 20
8.567754778338822
 10
8.231563553801012
 20
8.580025415649626
 10
8.231563553760465
 20
8.675725372251964
 10
8.229150970611256
 20
8.710483035842605
 10
8.198094608384572
 20
8.842529580827678
 10
8.145657886977322
 20
8.961287968624202
 10
8.079006774014555
 20
9.058586350182336
 10
7.7691881706001915
 20
9.058586355138127
  0
LWPOLYLINE
  5
55
330
17
100
AcDbEntity
  8
0
100
AcDbPolyline
 90
392
 70
0
 10
-0.024487441246880737
 20
15.256860404617019
 10
-0.024487441244194885
 20
2.573165407806944
 10
-0.024193092083850898
 20
2.5551738152137515
 10
-0.023660092188253712
 20
2.538888818485158
 10
-0.02277699974685088
 20
2.5209109897658495
 10
-0.006930000052106311
 20
2.2791169945872882
 10
-0.006014009664541908
 20
2.2671448628280855
 10
-0.004836887928669764
 20
2.2551955799345906
 10
-0.0033991958587822335
 20
2.243274840915469
 10
0.0008528032968879717
 20
2.210987847408561
 10
0.0025480381661938667
 20
2.199116547837746
 10
0.004501686400423699
 20
2.187285029197308
 10
0.006712819279755089
 20
2.175498915921419
 10
0.05239281801360074
 20
1.9458519223416915
 10
0.05486069496239976
 20
1.934115416427569
 10
0.057583893347702864
 20
1.9224355115366492
 10
0.06056111831329747
 20
1.9108177613581125
 10
0.06898711662918333
 20
1.8793677676854819
 10
0.07222010515531563
 20
1.867806878987742
 10
0.07570463931517646
 20
1.8563193037875358
 10
0.07943905912979743
 20
1.8449105145906142
 10
0.15470805703483903
 20
1.6231755207954262
 10
0.15868789573127873
 20
1.6118583370365585
 10
0.16291362290107458
 20
1.6006306483087704
 10
0.16738322810679584
 20
1.5894977963117911
 10
0.1798332256112004
 20
1.5594398023648937
 10
0.1845464570124855
 20
1.5484028231283493
 10
0.18949938349796158
 20
1.5374713099604738
 10
0.194689646828066
 20
1.5266504676885366
 10
0.29826164394127275
 20
1.3166274735665515
 10
0.3036859180035398
 20
1.3059240965011791
 10
0.3093424033487655
 20
1.295341601367924
 10
0.3152284075823518
 20
1.2848850252615531
 10
0.3314994043177665
 20
1.2567030309373035
 10
0.33761151282527635
 20
1.246378361158282
 10
0.3439473852436957
 20
1.2361894751960711
 10
0.35050400639514045
 20
1.2261412218389027
 10
0.38912829382364317
 20
1.1683357916714698
 10
0.4805932921041292
 20
1.0314487942641393
 10
0.48736922817298123
 20
1.0215435667393786
 10
0.4943596725093065
 20
1.0117885408600085
 10
0.5015612968095893
 20
1.0021883612073132
 10
0.5213902928320577
 20
0.9763473664084081
 10
0.5287973155415561
 20
0.96690953516888
 10
0.5364084348212357
 20
0.9576355119192147
 10
0.5442200291201054
 20
0.9485297094595351
 10
0.6985980248113683
 20
0.7724967143889285
 10
0.7066069392639658
 20
0.7635628520795161
 10
0.7148088277224501
 20
0.7548058187812384
 10
0.7231997869925917
 20
0.746229781876036
 10
0.7462287823705336
 20
0.7232007865132286
 10
0.7548048192063339
 20
0.7148098273204406
 10
0.7635618524319919
 20
0.7066079389361262
 10
0.7724957146656739
 20
0.698599024554412
 10
0.9485287097498305
 20
0.5442210288797615
 10
0.9576361040823431
 20
0.5364080988294757
 10
0.966911776723373
 20
0.528795713884205
 10
0.9763513125589928
 20
0.5213874974519864
 10
1.0021903073708702
 20
0.5015605014464665
 10
1.011788406995892
 20
0.49436057095393127
 10
1.0215412823250372
 20
0.48737172710653215
 10
1.0314442918748885
 20
0.4805972959595841
 10
1.2261332864371017
 20
0.35050929960588983
 10
1.2361812351118617
 20
0.3439528123481239
 10
1.2463698097609759
 20
0.3376170610626575
 10
1.2566941620097287
 20
0.33150506070471164
 10
1.2848861563444194
 20
0.3152280639880207
 10
1.2953443315007078
 20
0.3093411000316607
 10
1.3059284654172527
 20
0.30368372595354504
 10
1.3166335186537625
 20
0.2982586354080717
 10
1.5266445127861519
 20
0.19469363831356296
 10
1.5374609763787355
 20
0.1895054716647968
 10
1.5483880224577056
 20
0.1845544493649962
 10
1.559420452531089
 20
0.17984292684027503
 10
1.589493446485992
 20
0.16738592935590413
 10
1.600629935433664
 20
0.16291462227367648
 10
1.6118613281824532
 20
0.15868735483150487
 10
1.6231822776983031
 20
0.15470613954408652
 10
1.8407608834820706
 20
0.08084793390798173
 10
1.8448998805393528
 20
0.07944293491821885
 10
1.8563068860505705
 20
0.07570908631678464
 10
1.8677926536586227
 20
0.07222504519113693
 10
1.8793517134260584
 20
0.06899247076751847
 10
1.9108117071042843
 20
0.06056347247236671
 10
1.9224311232710813
 20
0.0575857223967825
 10
1.9341127138419019
 20
0.05486207239988916
 10
1.9458509227103176
 20
0.05239381792935416
 10
2.1754979162924113
 20
0.006713819216874528
 10
2.187287648484313
 20
0.004502048184133245
 10
2.1991228121500237
 20
0.002547919922253894
 10
2.2109977776741156
 20
0.0008523639486410772
 10
2.2432897711837607
 20
-0.003399635185961536
 10
2.255206138679126
 20
-0.004836606355371531
 10
2.267151025884084
 20
-0.006013198930200803
 10
2.2791187440815257
 20
-0.006928852561725152
 10
2.4916472542159016
 20
-0.020858689367515063
 10
2.5209037662208593
 20
-0.022776526270578135
 10
2.5388888188295207
 20
-0.02366009220218057
 10
2.5551738155579224
 20
-0.02419309209242737
 10
2.573165407971105
 20
-0.02448744124687363
 10
22.87685940469885
 20
-0.024487441244194885
 10
22.894852100973416
 20
-0.02419305595979715
 10
22.91113609770175
 20
-0.023660056064199964
 10
22.92912160974325
 20
-0.022776423782490895
 10
22.954913286500947
 20
-0.02108564163877686
 10
23.170904961840975
 20
-0.006928859536839083
 10
23.182872715913657
 20
-0.0060132051132850695
 10
23.194817638891372
 20
-0.004836610185524615
 10
23.206734042006012
 20
-0.0033996351067483443
 10
23.2390260355128
 20
0.0008523640490497586
 10
23.25090100093336
 20
0.0025479200146947267
 10
23.262736164496104
 20
0.004502048264120151
 10
23.27452589658575
 20
0.006713819279943745
 10
23.50417289016392
 20
0.052393818013462545
 10
23.51591109913339
 20
0.05486207250752273
 10
23.527592689804216
 20
0.057585722532343175
 10
23.539212106069822
 20
0.06056347264022033
 10
23.570672099742534
 20
0.06899247095605598
 10
23.582231015452866
 20
0.0722250034012144
 10
23.59371664090464
 20
0.07570899628138661
 10
23.60512350636486
 20
0.07944279043478819
 10
23.74854858540085
 20
0.12812887242965199
 10
23.82684358245454
 20
0.15470787144074516
 10
23.838153015321804
 20
0.15868509221930915
 10
23.849373074912744
 20
0.16290786615078545
 10
23.86049843043483
 20
0.16737418694175232
 10
23.890585424382465
 20
0.1798351844466478
 10
23.901627558189265
 20
0.18455030738586986
 10
23.912564134026358
 20
0.18950534646733092
 10
23.92338993989658
 20
0.19469794028925558
 10
24.133385934018136
 20
0.29825693740226067
 10
24.1440860735289
 20
0.3036795424221507
 10
24.154665405739927
 20
0.3093342184270414
 10
24.16511889811855
 20
0.31521827551731246
 10
24.193322892442637
 20
0.3315012722528034
 10
24.20365108513687
 20
0.33761525655741087
 10
24.213843406310488
 20
0.34395315506559504
 10
24.223895002316265
 20
0.3505119496303626
 10
24.418576996865408
 20
0.480594946001087
 10
24.42848188851583
 20
0.4873706782353749
 10
24.43823658803455
 20
0.4943609044990083
 10
24.447836451299313
 20
0.5015622968098885
 10
24.47367744609784
 20
0.5213912928320728
 10
24.48311527733733
 20
0.5287983155415408
 10
24.492389300586957
 20
0.5364094348211887
 10
24.5014951030466
 20
0.5442210291200249
 10
24.677528098117158
 20
0.6985990248111955
 10
24.686461960426715
 20
0.7066079392639255
 10
24.695218993725135
 20
0.7148098277225488
 10
24.703795030630474
 20
0.7232007869928354
 10
24.726824025993537
 20
0.7462297823710757
 10
24.735214985186175
 20
0.7548058192067335
 10
24.743416873570343
 20
0.7635628524322433
 10
24.75142578795192
 20
0.7724967146657699
 10
24.905803783626542
 20
0.9485297097498199
 10
24.913615377991526
 20
0.9576355122899961
 10
24.921226497333794
 20
0.9669095356230213
 10
24.92863352010226
 20
0.9763473669486566
 10
24.9484625161082
 20
1.0021883617613037
 10
24.955663908351163
 20
1.0117882249468249
 10
24.96265413455047
 20
1.0215429243835175
 10
24.969429866724113
 20
1.0314478159492424
 10
25.099512863077138
 20
1.2261298105104146
 10
25.10606984874104
 20
1.236178567108797
 10
25.112406063108736
 20
1.2463679712943572
 10
25.118518490527652
 20
1.256693173530567
 10
25.134804487244242
 20
1.284901167864997
 10
25.14069070267546
 20
1.2953581363858864
 10
25.146347382033458
 20
1.3059410330304901
 10
25.151771832631333
 20
1.3166448201388352
 10
25.255327829725807
 20
1.5266368142711588
 10
25.260517123716056
 20
1.5374556552621952
 10
25.26546916894939
 20
1.548385126453134
 10
25.270181608479504
 20
1.5594200259171802
 10
25.282645605963864
 20
1.5895110198718743
 10
25.287116073564523
 20
1.600645778380608
 10
25.29134257865542
 20
1.6118754080420417
 10
25.295323109728148
 20
1.6231945643708234
 10
25.370582107612936
 20
1.844901558172747
 10
25.37431586964488
 20
1.8563083410445627
 10
25.37779983406131
 20
1.8677938826661398
 10
25.38103234173846
 20
1.8793527134250487
 10
25.38946134003379
 20
1.9108127071038572
 10
25.392439090109413
 20
1.92243212327077
 10
25.395162740106336
 20
1.9341137138417082
 10
25.397630994576897
 20
1.9458519227102427
 10
25.44331099328937
 20
2.1754989162923293
 10
25.445522764322124
 20
2.1872886484842993
 10
25.447476892584014
 20
2.1991238121500793
 10
25.44917244855763
 20
2.2109987776742415
 10
25.453424447692253
 20
2.2432907711841494
 10
25.454861386198335
 20
2.255206840471396
 10
25.456037959140097
 20
2.267151428184726
 10
25.45695360620617
 20
2.2791188460339997
 10
25.472801605876967
 20
2.5209068410527964
 10
25.473684940825827
 20
2.538888922374741
 10
25.474217940716052
 20
2.5551749191014776
 10
25.474512253753137
 20
2.573165407970111
 10
25.474512253750465
 20
15.25686040469922
 10
25.47421794070748
 20
15.274850893747855
 10
25.473684940811854
 20
15.291136890476261
 10
25.472801605866906
 20
15.309118971648335
 10
25.45695360617212
 20
15.550906966828155
 10
25.456037959095767
 20
15.562874384787301
 10
25.454861386138933
 20
15.57481897261002
 10
25.453424447613006
 20
15.58673504200601
 10
25.44917244845715
 20
15.61902703551319
 10
25.447476892491512
 20
15.630902000933718
 10
25.44552276424209
 20
15.642737164496433
 10
25.44331099322627
 20
15.65452689658605
 10
25.397630994492935
 20
15.884173890163291
 10
25.395162739998923
 20
15.89591209913255
 10
25.392439089974157
 20
15.907593689803164
 10
25.389461339866347
 20
15.919213106068563
 10
25.381032341550355
 20
15.950673099742007
 10
25.377799767026914
 20
15.962232159823797
 10
25.374315725787724
 20
15.97371792774186
 10
25.370581877059173
 20
15.985124933558303
 10
25.369176671848926
 20
15.98926453808751
 10
25.29531867283888
 20
16.206842535137906
 10
25.29133745751257
 20
16.21816348475899
 10
25.287110190026922
 20
16.229394877611274
 10
25.282638882896702
 20
16.240531366660555
 10
25.270181885392116
 20
16.270604360608253
 10
25.265470362902008
 20
16.28163679058336
 10
25.26051934064102
 20
16.29256383656577
 10
25.255331174035213
 20
16.30338030006364
 10
25.151766176921917
 20
16.51339129418579
 10
25.146341086327578
 20
16.5240963475138
 10
25.140683712196612
 20
16.534680481519693
 10
25.134796748183494
 20
16.545138656763044
 10
25.11851975144838
 20
16.57333065108687
 10
25.11240775113745
 20
16.583655003242953
 10
25.10607199990293
 20
16.593843577801636
 10
25.099515512699966
 20
16.603891526388335
 10
24.96942751632828
 20
16.798580520938966
 10
24.96265308512084
 20
16.808483530573294
 10
24.955664241209284
 20
16.818236405984255
 10
24.948464310649005
 20
16.827834505688315
 10
24.928637314626204
 20
16.85367350048751
 10
24.92122909825278
 20
16.863113036237262
 10
24.913616713369912
 20
16.872388708795167
 10
24.905803783385547
 20
16.88149610304741
 10
24.751425787694867
 20
17.057529098117342
 10
24.743416873242367
 20
17.066462960426644
 10
24.735214984783987
 20
17.07521999372482
 10
24.726824025513952
 20
17.08379603062992
 10
24.703795030136195
 20
17.106825025992578
 10
24.695218993300305
 20
17.11521598518547
 10
24.68646196007455
 20
17.123417873569878
 10
24.677528097840767
 20
17.131426787951685
 10
24.501495102756028
 20
17.285804783626855
 10
24.492389537597266
 20
17.293616178802374
 10
24.48311576022207
 20
17.30122710940538
 10
24.47367818308571
 20
17.308633954161674
 10
24.44784118827367
 20
17.328459950167197
 10
24.438240901227893
 20
17.33566167835548
 10
24.428485763829915
 20
17.34265222158228
 10
24.418580420828864
 20
17.349428251414764
 10
24.223884426267677
 20
17.47952024776778
 10
24.2138359021726
 20
17.48607706740038
 10
24.203646737345526
 20
17.492413126136732
 10
24.193321780978334
 20
17.49852540854181
 10
24.165139786643277
 20
17.514796405258778
 10
24.154683210623944
 20
17.520682409435622
 10
24.144100715580013
 20
17.526338894728013
 10
24.133397338606116
 20
17.531763168741424
 10
23.923374344474624
 20
17.63533516583546
 10
23.912553502108008
 20
17.640525429208502
 10
23.9016219888436
 20
17.645478355732777
 10
23.890585009508815
 20
17.65019158716866
 10
23.86052701555403
 20
17.662641584653148
 10
23.849394163650988
 20
17.667111189813866
 10
23.838166475018895
 20
17.67133691694284
 10
23.826849291357345
 20
17.675316755602694
 10
23.605114297555016
 20
17.75058575348757
 10
23.593705508258793
 20
17.75432017333235
 10
23.582217932957995
 20
17.757804707518027
 10
23.570657044158512
 20
17.761037696065593
 10
23.53920705048012
 20
17.769463694360866
 10
23.527589300400397
 20
17.772440919294166
 10
23.515909395609487
 20
17.775164117651542
 10
23.504172889796425
 20
17.777631994576815
 10
23.274525896212968
 20
17.823311993289572
 10
23.262739782834746
 20
17.825523126185836
 10
23.25090826409126
 20
17.82747677443253
 10
23.239036964416833
 20
17.829172009309815
 10
23.20674997090719
 20
17.83342400844426
 10
23.194829231996813
 20
17.8348617004943
 10
23.18287994921271
 20
17.836038822215098
 10
23.170907817563382
 20
17.836954812592385
 10
22.9291138225471
 20
17.852801812263085
 10
22.91113599367807
 20
17.85368490470839
 10
22.894850996948517
 20
17.85421790459868
 10
22.876859404535168
 20
17.854512253753132
 10
2.573165407807308
 20
17.854512253750453
 10
2.5551738152137253
 20
17.8542179045901
 10
2.538888818485011
 20
17.85368490469449
 10
2.520909174076459
 20
17.852801693251127
 10
2.2791121788963067
 20
17.8369536935563
 10
2.2671447503609796
 20
17.83603807482088
 10
2.255200151364101
 20
17.834861529785375
 10
2.243284070209235
 20
17.83342461874865
 10
2.210999076702528
 20
17.82917361959283
 10
2.1991236753512715
 20
17.827478025451672
 10
2.187288078346661
 20
17.825523840125403
 10
2.175497915920308
 20
17.823311993226273
 10
1.9458509223419378
 20
17.777631994492733
 10
1.934115458613385
 20
17.77516434858015
 10
1.9224365853377379
 20
17.772441426567784
 10
1.9108198547251984
 20
17.76946452294997
 10
1.8793728610522547
 20
17.76103952463397
 10
1.8678107262891146
 20
17.757806245747243
 10
1.8563219197568783
 20
17.75432136739855
 10
1.8449119157134901
 20
17.750586550084382
 10
1.6231689219184005
 20
17.675314552179362
 10
1.6118512459547054
 20
17.671334519657016
 10
1.6006230734286406
 20
17.667108577179526
 10
1.5894897467409062
 20
17.66263873546395
 10
1.559441752794154
 20
17.65019273795965
 10
1.548406059224814
 20
17.645480019374812
 10
1.5374758077682538
 20
17.640527661137305
 10
1.5266562014509548
 20
17.635338020672407
 10
1.3166212073291848
 20
17.53176102355927
 10
1.3059150505227985
 20
17.526335349997634
 10
1.2953298388585408
 20
17.52067734494433
 10
1.2848706133380505
 20
17.514789702914456
 10
1.2567016190140878
 20
17.498525706179286
 10
1.2463790521874887
 20
17.492414684895877
 10
1.23619221773762
 20
17.48607998909364
 10
1.2261459615666999
 20
17.479524632202963
 10
1.031435967016491
 20
17.349423635831524
 10
1.0215311135740204
 20
17.342647967233912
 10
1.0117764500082256
 20
17.335657806622052
 10
1.0021766203720317
 20
17.328456481909367
 10
0.9763576255732913
 20
17.308644485887026
 10
0.9669192546946996
 20
17.30123707445541
 10
0.9576447096099101
 20
17.293625543569362
 10
0.9485384038562159
 20
17.285813515376933
 10
0.7724954087848601
 20
17.13142651968506
 10
0.7635645873327894
 20
17.123420379636176
 10
0.7548104722839706
 20
17.115221396772238
 10
0.7462372267736522
 20
17.106833470228036
 10
0.7232102314108114
 20
17.08380747484983
 10
0.7148161699377518
 20
17.075228574177853
 10
0.7066113096447095
 20
17.06646854721872
 10
0.6985995578850325
 20
17.057531565709592
 10
0.5442105622108645
 20
16.881485570625987
 10
0.5363987911440032
 20
16.87237953348578
 10
0.528787505201816
 20
16.863105267697797
 10
0.521380326191623
 20
16.853667186393274
 10
0.5015683301861789
 20
16.827848191581396
 10
0.494367005541199
 20
16.818248362024192
 10
0.48737684499346196
 20
16.80849369854017
 10
0.480601176456306
 20
16.798588845182127
 10
0.35050018010275824
 20
16.603878850620195
 10
0.3439448231571962
 20
16.593832594361082
 10
0.3376101273039349
 20
16.583645759820648
 10
0.3314991059734345
 20
16.573323192901242
 10
0.3152351092566184
 20
16.545154198566273
 10
0.30934746728358253
 20
16.53469497313296
 10
0.30368946228319516
 20
16.52410976155817
 10
0.2982637887704919
 20
16.513403604843404
 10
0.19468679167665298
 20
16.30336861071239
 10
0.18949715116878385
 20
16.292549004300348
 10
0.1845447928924514
 20
16.28161875274719
 10
0.17983207427299142
 20
16.270583059079538
 10
0.1673860767884009
 20
16.240535065124387
 10
0.1629162351178458
 20
16.22940173853062
 10
0.15869029268119328
 20
16.218173566100283
 10
0.15471026019544798
 20
16.206855890233935
 10
0.07943826231057916
 20
15.985112896431511
 10
0.0757034449662558
 20
15.973702892288825
 10
0.07221856659174897
 20
15.962214085656
 10
0.0689852876835948
 20
15.950651950791123
 10
0.06056028938852531
 20
15.919204957113596
 10
0.05758338580302225
 20
15.907588226599934
 10
0.05486046381859644
 20
15.895909353424358
 10
0.05239281792955408
 20
15.884173889796928
 10
0.006712819216896815
 20
15.654526896214003
 10
0.004500972300804151
 20
15.642736733685146
 10
0.0025467869620454664
 20
15.630901136577316
 10
0.0008511928128956958
 20
15.619025735122271
 10
-0.0033998063217023367
 20
15.586740741612644
 10
-0.0048367269528075685
 20
15.574824572789119
 10
-0.006013277752051183
 20
15.562879885746433
 10
-0.006928898409584439
 20
15.550912368913675
 10
-0.012865876571172614
 20
15.460329702110617
 10
-0.022776854851137673
 20
15.309117033454285
 10
-0.02366009219923737
 20
15.291136993767307
 10
-0.024193092089491275
 20
15.27485199712017
 10
-0.024487441246880737
 20
15.256860404617019
  0
LWPOLYLINE
  5
56
330
17
100
AcDbEntity
  8
0
100
AcDbPolyline
 90
560
 70
0
 10
5.831063478513954
 20
6.368961558753124
 10
5.817565804556412
 20
6.369127209124517
 10
5.804076261109142
 20
6.369624059095603
 10
5.790602973768184
 20
6.37045180938256
 10
5.777154058337514
 20
6.371609961379597
 10
5.763737615940379
 20
6.373097817459302
 10
5.750361728139487
 20
6.374914481392865
 10
5.7370344520689756
 20
6.3770588588899315
 10
5.723763815581094
 20
6.3795296582577645
 10
5.71055781241053
 20
6.382325391179308
 10
5.697424397359278
 20
6.3854443736097
 10
5.684371481504965
 20
6.388884726790669
 10
5.67140692743552
 20
6.392644378382236
 10
5.658538544513034
 20
6.396721063711011
 10
5.6457740841697035
 20
6.401112327134345
 10
5.633121235238652
 20
6.4058155235195215
 10
5.620587619322465
 20
6.410827819837085
 10
5.608180786202223
 20
6.4161461968673486
 10
5.595908209289798
 20
6.421767451019063
 10
5.583777281126144
 20
6.427688196259136
 10
5.571795308928316
 20
6.433904866152254
 10
5.559969510187864
 20
6.440413716009172
 10
5.5483070083233
 20
6.447210825142369
 10
5.536814828389204
 20
6.454292099227725
 10
5.525499892844606
 20
6.461653272770793
 10
5.514369017383148
 20
6.4692899116761655
 10
5.503428906827565
 20
6.477197415918415
 10
5.492686151090957
 20
6.485371022312971
 10
5.482147221207265
 20
6.493805807385289
 10
5.47181846543337
 20
6.5024966903365655
 10
5.461706105425132
 20
6.511438436104219
 10
5.451816232489704
 20
6.520625658515298
 10
5.442154803916352
 20
6.5300528235309105
 10
5.432727639388013
 20
6.53971425257972
 10
5.423540417475728
 20
6.5496041259785045
 10
5.41459867221809
 20
6.559716486437719
 10
5.405907789787744
 20
6.570045242649938
 10
5.397473005246955
 20
6.580584172959036
 10
5.389299399394208
 20
6.591326929107879
 10
5.381391895703723
 20
6.602267040062276
 10
5.3737552573597345
 20
6.613397915908887
 10
5.366394084387334
 20
6.624712851824746
 10
5.359312810881584
 20
6.636205032115984
 10
5.352515702336585
 20
6.6478675343233595
 10
5.3460068530761
 20
6.6596933333920845
 10
5.33979018378729
 20
6.67167530590345
 10
5.333869439159039
 20
6.683806234365715
 10
5.3282481856262915
 20
6.696078811561648
 10
5.3229298092217645
 20
6.708485644950121
 10
5.317917513536332
 20
6.721019261119102
 10
5.3132143177893
 20
6.733672110287359
 10
5.308823055009741
 20
6.746436570852163
 10
5.3047463703299815
 20
6.759304953980255
 10
5.300986719392281
 20
6.772269508239319
 10
5.297546366869633
 20
6.785322424267145
 10
5.294427385101624
 20
6.798455839475703
 10
5.291631652846123
 20
6.811661842787269
 10
5.2891608541475925
 20
6.824932479399765
 10
5.287016477322686
 20
6.838259755578427
 10
5.285199814063734
 20
6.851635643470942
 10
5.283711958660685
 20
6.865052085943118
 10
5.282553807341943
 20
6.878501001432199
 10
5.2817260577345095
 20
6.891974288814904
 10
5.281229208443767
 20
6.905463832287232
 10
5.281063558753128
 20
6.918961506253126
 10
5.281063558753128
 20
8.618961306007563
 10
5.281229208454373
 20
8.63245898040551
 10
5.281726057776923
 20
8.64594852430911
 10
5.282553807437323
 20
8.659421812121527
 10
5.283711958830131
 20
8.67287072803798
 10
5.285199814328253
 20
8.686287170934412
 10
5.2870164777031725
 20
8.699663059247294
 10
5.2891608546648
 20
8.712990335841669
 10
5.291631653520641
 20
8.726260972864452
 10
5.294427385953851
 20
8.739466976580125
 10
5.297546367919753
 20
8.752600392185858
 10
5.300986720660237
 20
8.765653308603177
 10
5.304746371835456
 20
8.778617863243317
 10
5.308823056772125
 20
8.79148624674334
 10
5.313214319827675
 20
8.804250707670205
 10
5.317917515869442
 20
8.816903557189946
 10
5.322929811867995
 20
8.829437173699134
 10
5.328248188603647
 20
8.841844007415848
 10
5.333869442485119
 20
8.854116584927379
 10
5.339790187479266
 20
8.866247513691937
 10
5.346006857150695
 20
8.87822948649164
 10
5.352515706810054
 20
8.890055285834109
 10
5.35931281576969
 20
8.901717788300019
 10
5.366394089705326
 20
8.913209968833971
 10
5.373755263122331
 20
8.924524904976137
 10
5.38139190192509
 20
8.935655781032077
 10
5.389299406087942
 20
8.946595892178266
 10
5.397473012426062
 20
8.957338648500828
 10
5.4059077974646215
 20
8.967877578965053
 10
5.414598680404512
 20
8.978206335313308
 10
5.423540426182825
 20
8.988318695888987
 10
5.432727648626258
 20
8.998208569384202
 10
5.442154813695544
 20
9.007869998508971
 10
5.451816242818952
 20
9.017297163579652
 10
5.461706116312841
 20
9.026484386024514
 10
5.4718184768872264
 20
9.035426131804288
 10
5.482147233234226
 20
9.044117014745671
 10
5.4926861636972335
 20
9.052551799785753
 10
5.5034289200186155
 20
9.060725406125425
 10
5.514369031163662
 20
9.068632910289857
 10
5.5254999072184985
 20
9.076269549094224
 10
5.5368148433596005
 20
9.083630722512863
 10
5.548307023892532
 20
9.090711996450159
 10
5.559969526357459
 20
9.09750910541148
 10
5.5717953256989885
 20
9.104017955072546
 10
5.583777298497794
 20
9.110234624745708
 10
5.595908227261496
 20
9.116155369741607
 10
5.608180804772215
 20
9.121776623624852
 10
5.620587638488161
 20
9.127095000362296
 10
5.633121254996625
 20
9.132107296362658
 10
5.645774104515686
 20
9.136810492406253
 10
5.6585385654419165
 20
9.141201755463648
 10
5.67140694894135
 20
9.145278440402175
 10
5.684371503580947
 20
9.149038091579266
 10
5.69742441999777
 20
9.152478444321636
 10
5.710557835603051
 20
9.155597426289436
 10
5.7237638393183214
 20
9.158393158724554
 10
5.737034476340748
 20
9.160863957582311
 10
5.750361752934812
 20
9.163008334545864
 10
5.763737641247433
 20
9.164824997922715
 10
5.77715408414365
 20
9.166312853422776
 10
5.790603000059936
 20
9.167471004817525
 10
5.804076287872232
 20
9.168298754479872
 10
5.817565831775762
 20
9.168795603804371
 10
5.831063506173684
 20
9.168961253507566
 10
5.86971567923767
 20
9.16896125351315
 10
5.814194592357907
 20
9.210138497902312
 10
5.8034518360324725
 20
9.218312104238738
 10
5.792912905565354
 20
9.226746889275697
 10
5.782584149214188
 20
9.235437772214086
 10
5.772471788635583
 20
9.24437951799099
 10
5.710665323430915
 20
9.300397632723854
 10
5.700775449932769
 20
9.309584855165962
 10
5.691114020805062
 20
9.319012020234018
 10
5.688650040472755
 20
9.321537230215315
 10
5.683010464167868
 20
9.315807265731591
 10
5.673362079977829
 20
9.306471411509314
 10
5.663488695672469
 20
9.297373841839512
 10
5.653396194467791
 20
9.288519977656469
 10
5.64309059014415
 20
9.279915094678602
 10
5.632578023462851
 20
9.271564320264845
 10
5.621864758507067
 20
9.263472630359429
 10
5.610957178949295
 20
9.25564484652688
 10
5.599861784247533
 20
9.24808563307902
 10
5.588585185772476
 20
9.240799494295649
 10
5.586987469442167
 20
9.239794590494926
 10
5.578874348473697
 20
9.23371390902741
 10
5.567875610680906
 20
9.225884611509258
 10
5.556688016687563
 20
9.218327636366887
 10
5.545318307533769
 20
9.2110475370255
 10
5.536925100892431
 20
9.205959375972299
 10
5.4137128090314475
 20
9.121556563351866
 10
5.3284682574181605
 20
9.03631201317379
 10
5.260336210926358
 20
8.93685199345133
 10
5.211642734810537
 20
8.826572918930669
 10
5.182576567505397
 20
8.702989927902829
 10
5.180563253836231
 20
8.673989122637856
 10
5.180563253754006
 20
6.863928680022786
 10
5.182574974311483
 20
6.834941657180956
 10
5.21164301807989
 20
6.711349969394879
 10
5.256489375985019
 20
6.6097830714645065
 10
5.260336433694836
 20
6.6010703903212695
 10
5.328467479459269
 20
6.5016115787266004
 10
5.413713570264539
 20
6.4163654864860895
 10
5.513171592802208
 20
6.348234978779379
 10
5.583839739856631
 20
6.317031963948827
 10
5.623450565536688
 20
6.299542089901538
 10
5.7470393187683175
 20
6.270474099869153
 10
5.776034775993755
 20
6.268461253972625
 10
5.870000397443182
 20
6.268461253753128
 10
5.883498098246899
 20
6.268295603372118
 10
5.896987668507775
 20
6.267798752074132
 10
5.910460982581293
 20
6.266970999144986
 10
5.9239099246151
 20
6.265812843194042
 10
5.937326393437702
 20
6.26432498185387
 10
5.950702307438328
 20
6.262508311360015
 10
5.964029609435015
 20
6.260363926011132
 10
5.977300271527966
 20
6.257893117509827
 10
6.0725882423643185
 20
6.238939123359689
 10
6.085793905191986
 20
6.236143462128128
 10
6.098926983734698
 20
6.2330245680243355
 10
6.111979567525186
 20
6.229584319656561
 10
6.124943794580713
 20
6.225824789194862
 10
6.137811856138586
 20
6.221748241122965
 10
6.1505760013596245
 20
6.2173571308743005
 10
6.163228541996735
 20
6.212654103353013
 10
6.17576185702578
 20
6.207641991340857
 10
6.188168397235969
 20
6.202323813790918
 10
6.200440689776978
 20
6.196702774009206
 10
6.212571342660089
 20
6.1907822577252025
 10
6.224553049210617
 20
6.184565831052528
 10
6.236378592468945
 20
6.1780572383409575
 10
6.248040849537534
 20
6.171260399921085
 10
6.259532795871262
 20
6.164179409742982
 10
6.2708475095085365
 20
6.156818532910282
 10
6.351628484816922
 20
6.102843549521327
 10
6.362759995029279
 20
6.09520662498402
 10
6.373700723285256
 20
6.087298805991075
 10
6.3844440786308025
 20
6.07912485640011
 10
6.394983589013985
 20
6.070689700392122
 10
6.4053129051839095
 20
6.061998419505046
 10
6.415425804515658
 20
6.053056249572515
 10
6.4253161947589446
 20
6.043868577569674
 10
6.434978117708236
 20
6.034440938367929
 10
8.755667381150158
 20
3.7137506858581832
 10
8.841840254674741
 20
3.6476288052250223
 10
8.901322123875286
 20
3.6019871463948903
 10
9.060310338504577
 20
3.5101950788434113
 10
9.229918551349723
 20
3.4399405937614698
 10
9.243545389724723
 20
3.4362893883208225
 10
9.407253243967142
 20
3.392423682225777
 10
9.589268745157455
 20
3.3684612546861943
 10
13.77285698422126
 20
3.368461253761101
 10
13.954873243770324
 20
3.3924244977972045
 10
14.132205959019256
 20
3.4399404999170744
 10
14.301817758799041
 20
3.510195751284379
 10
14.460808855352443
 20
3.6019895397678883
 10
14.6064450105106
 20
3.71374020689141
 10
16.7362746320341
 20
5.843566910592908
 10
16.848035307439968
 20
5.989216018609971
 10
16.939829056652325
 20
6.148207044441078
 10
17.010084309268276
 20
6.317818843703931
 10
17.05760031269353
 20
6.495151558603191
 10
17.08156355785946
 20
6.677167816380591
 10
17.081563558705724
 20
7.320754984520729
 10
17.05760031470906
 20
7.502771243770438
 10
17.01008465196358
 20
7.680102692452546
 10
17.003020531936777
 20
7.6971568200614975
 10
16.93983076234173
 20
7.849711389917961
 10
16.848033454925606
 20
8.008709158531278
 10
16.736278212418704
 20
8.154352496295413
 10
16.58100895773534
 20
8.309622610902288
 10
16.58096761377099
 20
8.309662955343354
 10
15.571842791619826
 20
9.318787777248813
 10
15.562415299270095
 20
9.328449550123484
 10
15.553227766615796
 20
9.338339783225495
 10
15.544285728272214
 20
9.348452518629326
 10
15.535594570967648
 20
9.358781664372957
 10
15.527159530298402
 20
9.369320998127714
 10
15.518985687574858
 20
9.380064170946612
 10
15.511077966760455
 20
9.391004711089009
 10
15.503441131505472
 20
9.402136027919203
 10
15.449465142412041
 20
9.482918011509929
 10
15.442104267464854
 20
9.494232650484472
 10
15.435023276010185
 20
9.50572452131264
 10
15.428226433112236
 20
9.517386702143556
 10
15.421717832685191
 20
9.52921216854423
 10
15.41550139502734
 20
9.541193797730548
 10
15.409580864459784
 20
9.553324372857517
 10
15.403959807071134
 20
9.56559658736615
 10
15.398641608569568
 20
9.578003049384401
 10
15.388597499980209
 20
9.602251735147943
 10
15.354739878323286
 20
9.660894209921736
 10
15.28697579309484
 20
9.778265277068604
 10
15.16323983981309
 20
9.939523727898885
 10
15.01952266348051
 20
10.083240905213856
 10
14.858272217699861
 20
10.206972124690628
 10
14.682259027324752
 20
10.308593999750189
 10
14.494473070627826
 20
10.38637845929554
 10
14.414122726454329
 20
10.407908146652684
 10
14.298148831601525
 20
10.43898315773742
 10
14.096637595196714
 20
10.465512557935293
 10
13.893386757182045
 20
10.465512558629928
 10
13.6918788834992
 20
10.438983951947488
 10
13.495552363269894
 20
10.386379092442317
 10
13.355140635739062
 20
10.328218798391703
 10
13.30777328769258
 20
10.30859802633828
 10
13.131763981615201
 20
10.206980185911851
 10
12.970500334763923
 20
10.083240090105011
 10
12.886294032851865
 20
9.99903378921426
 10
12.876632260226927
 20
9.989606297217586
 10
12.876563067788235
 20
9.989542020898014
 10
12.87725276139536
 20
9.987537229108968
 10
12.881329445469305
 20
9.974668846861011
 10
12.885089095847068
 20
9.96170429350367
 10
12.888529447856332
 20
9.948651378397432
 10
12.891648429158133
 20
9.935517964128579
 10
12.894444160995171
 20
9.92231196177307
 10
12.896914959323487
 20
9.909041326131208
 10
12.899059335826879
 20
9.895714050935954
 10
12.900875998813401
 20
9.882338164037819
 10
12.902363853993439
 20
9.868921722569175
 10
12.90251489101153
 20
9.86716782028501
 10
12.951093293670585
 20
9.920765828141331
 10
12.960280516112858
 20
9.930655701639335
 10
12.969707681181076
 20
9.940317130766898
 10
12.979369110303505
 20
9.949744295840377
 10
12.989258983796507
 20
9.958931518288036
 10
13.0547011238198
 20
10.018244816665156
 10
13.064813484393328
 20
10.027186562447676
 10
13.075142240739556
 20
10.035877445391803
 10
13.085681171201877
 20
10.044312230434622
 10
13.096423927522657
 20
10.052485836777025
 10
13.167364665645174
 20
10.105099073988521
 10
13.178304776789812
 20
10.113006578155753
 10
13.189435652844328
 20
10.120643216962902
 10
13.200750588985194
 20
10.128004390384303
 10
13.212242769517973
 20
10.135085664324338
 10
13.287998907651415
 20
10.180492146134378
 10
13.29966141011619
 20
10.187289255098365
 10
13.311487209457649
 20
10.193798104762077
 10
13.32346918225646
 20
10.200014774437856
 10
13.335600111020247
 20
10.205935519436347
 10
13.41544207614182
 20
10.243697956603414
 10
13.427714653652751
 20
10.249319210489242
 10
13.440121487368986
 20
10.254637587229235
 10
13.452655103877811
 20
10.259649883232111
 10
13.465307953397307
 20
10.26435307927818
 10
13.548466823736582
 20
10.294107798889165
 10
13.561231284663286
 20
10.29849906194898
 10
13.574099668163262
 20
10.30257574688989
 10
13.587064222803468
 20
10.306335398069319
 10
13.600117139220965
 20
10.309775750813982
 10
13.685792049397401
 20
10.331236198653533
 10
13.69892546500338
 20
10.33435518062357
 10
13.712131468719411
 20
10.33715091306088
 10
13.725402105742656
 20
10.33962171192078
 10
13.738729382337596
 20
10.341766088886427
 10
13.826095236131891
 20
10.354725589110476
 10
13.83947112444553
 20
10.35654225248938
 10
13.852887567342817
 20
10.358030107991436
 10
13.866336483260227
 20
10.359188259388123
 10
13.879809771073695
 20
10.360016009052348
 10
13.96802518755436
 20
10.364349754589224
 10
13.98151473145904
 20
10.364846603915538
 10
13.995012405858157
 20
10.36501225362049
 10
14.008510080257365
 20
10.36484660392289
 10
14.021999624162316
 20
10.364349754603927
 10
14.110215040645425
 20
10.360016009115105
 10
14.123688328459345
 20
10.35918825945822
 10
14.137137244377385
 20
10.358030108068858
 10
14.150553687275483
 20
10.356542252574112
 10
14.163929575590112
 20
10.354725589202495
 10
14.2512954293912
 20
10.34176608902608
 10
14.264622705987279
 20
10.339621712067698
 10
14.277893343011838
 20
10.337150913215035
 10
14.291099346729363
 20
10.334355180784929
 10
14.304232762337012
 20
10.331236198822056
 10
14.3899076725255
 20
10.30977575102911
 10
14.402960588944948
 20
10.306335398291539
 10
14.415925143587277
 20
10.30257574711915
 10
14.42879352708955
 20
10.298499062185225
 10
14.441557988018719
 20
10.294107799132334
 10
14.524716858374308
 20
10.264353079566582
 10
14.537369707896325
 20
10.25964988352742
 10
14.54990332440784
 20
10.254637587531384
 10
14.562310158126929
 20
10.249319210798166
 10
14.574582735640883
 20
10.24369795691904
 10
14.654424700782835
 20
10.205935519795556
 10
14.666555629549848
 20
10.200014774803675
 10
14.678537602352044
 20
10.193798105134423
 10
14.690363401697047
 20
10.187289255477154
 10
14.702025904165525
 20
10.180492146519521
 10
14.777782042323382
 20
10.13508566475094
 10
14.789274222859984
 20
10.128004390817187
 10
14.800589159004826
 20
10.120643217401975
 10
14.811720035063468
 20
10.113006578600917
 10
14.822660146212382
 20
10.105099074439671
 10
14.893600884363746
 20
10.052485837266715
 10
14.904343640689014
 20
10.044312230930144
 10
14.914882571155962
 20
10.03587744589304
 10
14.925211327506956
 20
10.027186562954517
 10
14.935323688085385
 20
10.01824481717748
 10
15.000765828141306
 20
9.958931518835724
 10
15.010655701639342
 20
9.949744296393424
 10
15.020317130766934
 20
9.94031713132518
 10
15.029744295840441
 20
9.930655702202722
 10
15.038931518288127
 20
9.92076582870969
 10
15.098244816665147
 20
9.85532368868649
 10
15.107186562447646
 20
9.845211328112981
 10
15.115877445391755
 20
9.834882571766775
 10
15.124312230434558
 20
9.824343641304473
 10
15.132485836776945
 20
9.813600884983716
 10
15.185099073988491
 20
9.742660146861143
 10
15.193006578155725
 20
9.731720035716501
 10
15.200643216962877
 20
9.720589159661984
 10
15.20800439038428
 20
9.709274223521115
 10
15.215085664324318
 20
9.697782042988333
 10
15.260492146134295
 20
9.622025904855004
 10
15.267289255098259
 20
9.610363402390268
 10
15.27379810476195
 20
9.598537603048852
 10
15.28001477443771
 20
9.586555630250082
 10
15.285935519436185
 20
9.57442470148634
 10
15.323697956603189
 20
9.494582736364979
 10
15.32931921048903
 20
9.482310158854032
 10
15.334637587229034
 20
9.469903325137782
 10
15.339649883231921
 20
9.45736970862894
 10
15.344353079278
 20
9.444716859109427
 10
15.366660194142387
 20
9.382372649622582
 10
16.600567413054733
 20
8.148465410252562
 10
16.609994576457986
 20
8.138803982716823
 10
16.619181797316262
 20
8.12891411088948
 10
16.66863427266293
 20
8.074351712474273
 10
16.677576018421558
 20
8.064239351924515
 10
16.68626690134301
 20
8.053910595603167
 10
16.69470168636442
 20
8.04337166516679
 10
16.702875292686716
 20
8.03262890887297
 10
16.746741589208458
 20
7.9734820549911145
 10
16.754649093376287
 20
7.962541943846901
 10
16.762285732184043
 20
7.951411067792796
 10
16.769646905606063
 20
7.940096131652324
 10
16.776728179546726
 20
7.928603951119924
 10
16.814585842383767
 20
7.865442256564136
 10
16.821382951348355
 20
7.853779754099792
 10
16.827891801012676
 20
7.841953954758751
 10
16.834108470689078
 20
7.829971981960342
 10
16.8400292156882
 20
7.817841053196943
 10
16.871513654852446
 20
7.751272799613474
 10
16.87713490873897
 20
7.7390002221028045
 10
16.882453285479663
 20
7.726593388386815
 10
16.88746558148324
 20
7.714059771878216
 10
16.892168777530017
 20
7.701406922358929
 10
16.916976780661045
 20
7.63207319841977
 10
16.92136804372154
 20
7.619308737493361
 10
16.925444728663134
 20
7.606440353993665
 10
16.929204379843256
 20
7.593475799353722
 10
16.93264473258862
 20
7.580422882936471
 10
16.950537385055163
 20
7.508991410303974
 10
16.953656367025957
 20
7.495857994698007
 10
16.956452099464016
 20
7.482651990981971
 10
16.958922898324666
 20
7.469381353958701
 10
16.961067275291057
 20
7.456054077363717
 10
16.97187226106827
 20
7.383212780169238
 10
16.973688924447877
 20
7.369836891855817
 10
16.975176779950647
 20
7.35642044895873
 10
16.976334931348056
 20
7.342971533041504
 10
16.977162681013006
 20
7.3294982452282005
 10
16.980775942308163
 20
7.25594862240463
 10
16.981272791637334
 20
7.242459078413677
 10
16.981438441340902
 20
7.228961403928216
 10
16.981438441346928
 20
6.768961408838108
 10
16.981272791646294
 20
6.75546373445782
 10
16.98077594232522
 20
6.741974190571841
 10
16.977162681072098
 20
6.668424567990459
 10
16.976334931415124
 20
6.654951280210316
 10
16.97517678002733
 20
6.641502364325973
 10
16.973688924535796
 20
6.628085921461432
 10
16.971872261169036
 20
6.6147100331801605
 10
16.961067275439344
 20
6.541868735978299
 10
16.958922898481667
 20
6.528541459381988
 10
16.9564520996297
 20
6.515270822357176
 10
16.953656367200285
 20
6.502064818639386
 10
16.95053738523809
 20
6.488931403031454
 10
16.932644732818584
 20
6.4174999303886615
 10
16.929204380081785
 20
6.4044470139692775
 10
16.925444728910172
 20
6.391482459326991
 10
16.921368043977033
 20
6.378614075824744
 10
16.91697678092493
 20
6.365849614895575
 10
16.89216877783915
 20
6.296515890939817
 10
16.887465581800633
 20
6.283863041417389
 10
16.882453285805227
 20
6.2713294249054465
 10
16.877134909072623
 20
6.258922591185916
 10
16.8715136551941
 20
6.246650013671509
 10
16.840029216073056
 20
6.180081760066745
 10
16.834108471081837
 20
6.167950831299414
 10
16.827891801413237
 20
6.15596885849688
 10
16.821382951756615
 20
6.144143059151526
 10
16.814585842799616
 20
6.1324805566826806
 10
16.776728180004156
 20
6.069318862102663
 10
16.769646906071067
 20
6.0578266815657384
 10
16.762285732656512
 20
6.046511745420555
 10
16.754649093856102
 20
6.035380869361555
 10
16.7467415896955
 20
6.0244407582122665
 10
16.70287529321244
 20
5.965293904301676
 10
16.694701686876392
 20
5.954551147975874
 10
16.686266901839797
 20
5.944012217508379
 10
16.677576018901764
 20
5.9336834611568285
 10
16.668634273125203
 20
5.923571100577833
 10
16.61918179763705
 20
5.869008701961713
 10
16.60999457513379
 20
5.8591188283985876
 10
16.600567410001435
 20
5.8494573992089505
 10
14.600567413476957
 20
3.8494574026759367
 10
14.590905984367852
 20
3.8400302376201783
 10
14.581016110888973
 20
3.830843015189513
 10
14.5264537124741
 20
3.7813905398431706
 10
14.516341351924362
 20
3.77244879408457
 10
14.506012595603039
 20
3.7637579111631387
 10
14.495473665166687
 20
3.7553231261417492
 10
14.484730908872894
 20
3.7471495198194766
 10
14.425584054991095
 20
3.7032832232977775
 10
14.414643943846876
 20
3.695375719129944
 10
14.403513067792765
 20
3.687739080322183
 10
14.392198131652288
 20
3.6803779069001603
 10
14.380705951119882
 20
3.6732966329594943
 10
14.31754425656398
 20
3.6354389701223893
 10
14.305881754099566
 20
3.628641861157764
 10
14.294055954758454
 20
3.6221330114934074
 10
14.282073981959973
 20
3.6159163418169746
 10
14.2699430531965
 20
3.609995596817823
 10
14.203374799612817
 20
3.578511157653528
 10
14.191102222102199
 20
3.572889903767037
 10
14.178695388386263
 20
3.5675715270263746
 10
14.166161771877718
 20
3.562559231022822
 10
14.153508922358487
 20
3.5578560349760697
 10
14.084175198419207
 20
3.5330480318450133
 10
14.07141073749275
 20
3.528656768784507
 10
14.058542353993003
 20
3.524580083842902
 10
14.04557779935301
 20
3.52082043266277
 10
14.032524882935709
 20
3.5173800799174
 10
13.96109341030395
 20
3.4994874274510845
 10
13.947959994698126
 20
3.4963684454803303
 10
13.934753990982232
 20
3.4935727130423
 10
13.921483353959106
 20
3.491101914181677
 10
13.908156077364268
 20
3.4889575372153043
 10
13.835314780169469
 20
3.478152551438006
 10
13.82193889185594
 20
3.4763358880583777
 10
13.808522448958742
 20
3.4748480325555944
 10
13.795073533041407
 20
3.4736898811581773
 10
13.781600245227994
 20
3.4728621314932213
 10
13.708050622404274
 20
3.469248870198078
 10
13.694561078410214
 20
3.4687520208688367
 10
13.681063403921645
 20
3.4685863711653466
 10
9.681063408831381
 20
3.4685863711593283
 10
9.667565734454254
 20
3.468752020860042
 10
9.654076190571434
 20
3.4692488701810387
 10
9.580526567990493
 20
3.4728621314341463
 10
9.567053280210342
 20
3.473689881091121
 10
9.553604364325992
 20
3.4748480324789206
 10
9.540187921461444
 20
3.4763358879704565
 10
9.526812033180166
 20
3.478152551337221
 10
9.453970735978574
 20
3.4889575370668844
 10
9.440643459382372
 20
3.4911019140245423
 10
9.427372822357666
 20
3.493572712876486
 10
9.414166818639982
 20
3.496368445305877
 10
9.401033403032155
 20
3.499487427268038
 10
9.329601930388346
 20
3.517380079687749
 10
9.316549013968704
 20
3.520820432424612
 10
9.303584459326164
 20
3.524580083596299
 10
9.290716075823664
 20
3.528656768529527
 10
9.27795161489425
 20
3.5330480315817283
 10
9.208617890938655
 20
3.5578560346675516
 10
9.1959650414164
 20
3.5625592307060225
 10
9.18343142490463
 20
3.5675715267013697
 10
9.171024591185267
 20
3.572889903433907
 10
9.158752013671025
 20
3.5785111573123585
 10
9.092183760066964
 20
3.6099955964330688
 10
9.080052831299623
 20
3.6159163414242945
 10
9.068070858497078
 20
3.622133011092899
 10
9.056245059151713
 20
3.628641860749529
 10
9.044582556682858
 20
3.635438969706534
 10
8.981420862102542
 20
3.6732966325021787
 10
8.969928681565543
 20
3.680377906435315
 10
8.95861374542029
 20
3.687739079849921
 10
8.947482869361222
 20
3.6953757186503844
 10
8.936542758211868
 20
3.7032832228110437
 10
8.87739590430122
 20
3.74714951929421
 10
8.866653147975542
 20
3.7553231256301753
 10
8.856114217508166
 20
3.7637579106666808
 10
8.84578546115673
 20
3.7724487936046174
 10
8.835673100577843
 20
3.7813905393810767
 10
8.781110701961289
 20
3.8308430148695845
 10
8.771220828397976
 20
3.8400302373730186
 10
8.761559399208158
 20
3.849457402505553
 10
6.24205526368093
 20
6.368961538024807
 10
5.831063478513954
 20
6.368961558753124
  0
LWPOLYLINE
  5
57
330
17
100
AcDbEntity
  8
0
100
AcDbPolyline
 90
265
 70
0
 10
7.919237838139735
 20
9.008586357737965
 10
7.9199719984343
 20
9.007869998885445
 10
7.929399163506273
 20
8.998208569764444
 10
7.938586385952499
 20
8.988318696272941
 10
7.94752813173371
 20
8.978206335700921
 10
7.956219014676604
 20
8.967877579356264
 10
7.96465379971827
 20
8.957338648895574
 10
7.972827406059596
 20
8.946595892576482
 10
7.980734910225757
 20
8.935655781433697
 10
7.988371549031924
 20
8.92452490538109
 10
7.995732722452433
 20
8.913209969242182
 10
8.00281399639167
 20
8.90171778871141
 10
8.009611105355
 20
8.890055286248604
 10
8.016119955018148
 20
8.878229486909154
 10
8.022336624693457
 20
8.866247514112388
 10
8.028257369691572
 20
8.85411658535068
 10
8.033878623577099
 20
8.841844007841907
 10
8.039197000316891
 20
8.829437174127861
 10
8.044209296319666
 20
8.816903557621245
 10
8.048912492365737
 20
8.804250708103979
 10
8.053303755425668
 20
8.791486247179488
 10
8.057380440366796
 20
8.778617863681738
 10
8.061140091546546
 20
8.765653309043767
 10
8.064580444291634
 20
8.752600392628509
 10
8.067699426262209
 20
8.739466977024728
 10
8.070495158700156
 20
8.726260973310895
 10
8.072965957560799
 20
8.71299033628984
 10
8.07511033452729
 20
8.699663059697079
 10
8.07692699790713
 20
8.686287171385692
 10
8.078414853410226
 20
8.672870728490636
 10
8.079573004808063
 20
8.65942181257544
 10
8.08040075447354
 20
8.645948524764156
 10
8.080897603801214
 20
8.632458980861564
 10
8.081063253507628
 20
8.618961306464502
 10
8.08106325366558
 20
8.2079696122225
 10
10.219696354897415
 20
6.069336471392573
 10
13.142430392115655
 20
6.069336443519535
 10
14.072055340928756
 20
6.998961363705825
 10
13.52765217106484
 20
7.543364615449354
 10
13.46530795413197
 20
7.565671732939669
 10
13.452655104609953
 20
7.570374928978834
 10
13.440121488098438
 20
7.575387224974868
 10
13.427714654379349
 20
7.580705601708087
 10
13.415442076865395
 20
7.586326855587212
 10
13.335600111723442
 20
7.624089292710695
 10
13.323469182956432
 20
7.6300100377025775
 10
13.311487210154233
 20
7.636226707371829
 10
13.29966141080923
 20
7.642735557029098
 10
13.287998908340752
 20
7.649532665986731
 10
13.212242770182895
 20
7.694939147755312
 10
13.200750589646294
 20
7.702020421689064
 10
13.189435653501452
 20
7.7093815951042775
 10
13.17830477744281
 20
7.717018233905336
 10
13.167364666293896
 20
7.724925738066581
 10
13.096423928142531
 20
7.777538975239537
 10
13.085681171817264
 20
7.785712581576108
 10
13.075142241350315
 20
7.7941473666132115
 10
13.064813484999322
 20
7.802838249551735
 10
13.054701124420893
 20
7.811779995328772
 10
12.989258984364971
 20
7.871093293670528
 10
12.979369110866935
 20
7.880280516112828
 10
12.969707681739344
 20
7.889707681181073
 10
12.960280516665836
 20
7.899369110303531
 10
12.95109329421815
 20
7.909258983796562
 10
12.90251489116539
 20
7.962856992028622
 10
12.90236385368381
 20
7.961103084546403
 10
12.9008759981877
 20
7.947686641650589
 10
12.899059334814831
 20
7.93431075333827
 10
12.896914957855284
 20
7.920983476744407
 10
12.894444159001559
 20
7.9077128397220795
 10
12.891648426570493
 20
7.894506836006805
 10
12.888529444606764
 20
7.881373420401415
 10
12.885089091868482
 20
7.868320503984378
 10
12.881329440695488
 20
7.855355949344462
 10
12.877252755761072
 20
7.8424875658446025
 10
12.876563310195266
 20
7.840483495289252
 10
12.876633261782336
 20
7.84041851375818
 10
12.886295034712331
 20
7.830991021363801
 10
12.970498712154553
 20
7.746787343973597
 10
13.15873232991005
 20
7.602350445528538
 10
13.169339411648444
 20
7.594002559048032
 10
13.17973844134792
 20
7.585396888068623
 10
13.18992315561526
 20
7.576538615833639
 10
13.19988742014061
 20
7.5674330777295395
 10
13.20962523339223
 20
7.558085758072387
 10
13.219130730231228
 20
7.548502286804615
 10
13.22839818544418
 20
7.538688436104081
 10
13.237422017191445
 20
7.528650116907451
 10
13.301480997615098
 20
7.455606139302355
 10
13.31025625574075
 20
7.445348816606127
 10
13.318777141387061
 20
7.434879225789438
 10
13.327038521801835
 20
7.42420367345203
 10
13.335035420551852
 20
7.41332859025932
 10
13.342763020520524
 20
7.402260527068743
 10
13.3502166668096
 20
7.391006150983694
 10
13.357391869543154
 20
7.379572241337437
 10
13.364284306572166
 20
7.367965685609423
 10
13.370889826078066
 20
7.356193475276458
 10
13.377204449073675
 20
7.344262701601222
 10
13.383224371800047
 20
7.332180551360686
 10
13.388945968017746
 20
7.319954302516988
 10
13.394365791191191
 20
7.3075913198333895
 10
13.39948057656477
 20
7.295099050437935
 10
13.404287243129424
 20
7.282485019337504
 10
13.408782895478577
 20
7.269756824884954
 10
13.44001288277364
 20
7.177757862604263
 10
13.444194807057762
 20
7.164923190459267
 10
13.448060490897651
 20
7.151989753629186
 10
13.451607605716097
 20
7.138965342845875
 10
13.454834014832747
 20
7.125857803641292
 10
13.457737774751168
 20
7.112675031621575
 10
13.46031713632957
 20
7.099424967710954
 10
13.462570545834426
 20
7.086115593368368
 10
13.4644966458764
 20
7.072754925779659
 10
13.466094276228004
 20
7.059351013028253
 10
13.46736247452248
 20
7.0459119292472225
 10
13.468300476833502
 20
7.03244576975566
 10
13.468907718135348
 20
7.018960646182292
 10
13.469183832643257
 20
7.005464681579264
 10
13.469128654033755
 20
6.991966005529046
 10
13.468742215544856
 20
6.978472749247408
 10
13.468024749956037
 20
6.964993040685405
 10
13.4616707526529
 20
6.868046080395947
 10
13.460622685281988
 20
6.854587963288153
 10
13.459244650584598
 20
6.841159620811366
 10
13.457537478658743
 20
6.82776914190594
 10
13.455502197867524
 20
6.8144245927040386
 10
13.453140034219658
 20
6.801134011670774
 10
13.450452410630955
 20
6.787905404762013
 10
13.447440946067195
 20
6.774746740601761
 10
13.444107454568885
 20
6.761665945682041
 10
13.440453944158529
 20
6.748670899588143
 10
13.43648261563104
 20
6.73576943025214
 10
13.432195861228024
 20
6.722969309237506
 10
13.427596263196747
 20
6.710278247057697
 10
13.422686592234651
 20
6.697703888531512
 10
13.41746980582034
 20
6.6852538081780155
 10
13.41194904643206
 20
6.672935505653812
 10
13.406127639654743
 20
6.66075640123542
 10
13.363156657342545
 20
6.573620436889672
 10
13.357038371748024
 20
6.561588366742123
 10
13.350626655502694
 20
6.549710066129618
 10
13.34392537056162
 20
6.537992689683066
 10
13.336938553295152
 20
6.526443295104274
 10
13.329670412057697
 20
6.515068838914895
 10
13.322125324652921
 20
6.503876172266327
 10
13.314307835696871
 20
6.4928720368130675
 10
13.30622265388062
 20
6.48206306065203
 10
13.29787464913411
 20
6.471455754330259
 10
13.289268849692832
 20
6.461056506923444
 10
13.2804104390692
 20
6.450871582187599
 10
13.271304752930373
 20
6.440907114786235
 10
13.261957275884429
 20
6.431169106595275
 10
13.252373638176834
 20
6.421663423087961
 10
13.242559612299193
 20
6.412395789801913
 10
13.232521109512316
 20
6.403371788890481
 10
13.159477139497834
 20
6.339312815062612
 10
13.149219816793266
 20
6.330537556921683
 10
13.13875022596761
 20
6.322016671260616
 10
13.128074673620633
 20
6.313755290831623
 10
13.117199590417771
 20
6.30575839206795
 10
13.106131527216482
 20
6.2980307920862035
 10
13.094877151120182
 20
6.290577145784653
 10
13.083443241462158
 20
6.283401943039241
 10
13.071836685721888
 20
6.276509505999007
 10
13.060064475376198
 20
6.269903986482538
 10
13.048133701687796
 20
6.263589363477027
 10
13.036051551433674
 20
6.257569440741437
 10
13.023825302576002
 20
6.25184784451522
 10
13.011462319878062
 20
6.2464280213339665
 10
12.998970050467928
 20
6.241313235953304
 10
12.986356019352508
 20
6.236506569382301
 10
12.973627824884682
 20
6.232010917027544
 10
12.881628856209625
 20
6.20078092756188
 10
12.869184010595262
 20
6.19672090843163
 10
12.856646065417342
 20
6.192958214128496
 10
12.844022123078643
 20
6.189494976115812
 10
12.831319334696971
 20
6.186333156223122
 10
12.818544896054265
 20
6.183474545534853
 10
12.805706043520374
 20
6.180920763375721
 10
12.792810049953848
 20
6.178673256393419
 10
12.779864220582077
 20
6.176733297739138
 10
12.766875888863064
 20
6.175101986346356
 10
12.75385241233123
 20
6.17378024630833
 10
12.740801168429574
 20
6.172768826354613
 10
12.708299184790281
 20
6.170638827370226
 10
12.696319769319727
 20
6.169984893009076
 10
12.684328940299336
 20
6.1695924078901685
 10
12.672332403146017
 20
6.169461558763831
 10
10.592127416350595
 20
6.16946155875313
 10
10.578629715385587
 20
6.1696272091064905
 10
10.565140144962935
 20
6.170124060384742
 10
10.551666830727447
 20
6.170951813302072
 10
10.538217888531767
 20
6.172109969249114
 10
10.524801419547684
 20
6.173597830593283
 10
10.511425505386253
 20
6.175414501099014
 10
10.498098203229729
 20
6.177558886467613
 10
10.484827540978195
 20
6.180029694996436
 10
10.389539570142183
 20
6.19898368914651
 10
10.376333812064367
 20
6.201779371767191
 10
10.363200639378686
 20
6.2048982919222295
 10
10.350147962723524
 20
6.208338570960511
 10
10.337183644251269
 20
6.212098136663535
 10
10.324315492892614
 20
6.216174724493594
 10
10.311551259652935
 20
6.220565878957797
 10
10.298898632943542
 20
6.225268955087113
 10
10.286365233950637
 20
6.230281120029538
 10
10.273958612044776
 20
6.235599354756439
 10
10.261686240233571
 20
6.241220455881036
 10
10.2495555106604
 20
6.247141037587931
 10
10.237573730151823
 20
6.253357533672519
 10
10.225748115816382
 20
6.259866199689057
 10
10.214085790697451
 20
6.266663115206098
 10
10.20259377948274
 20
6.27374418616792
 10
10.191279004273037
 20
6.281105147360543
 10
10.110497028964568
 20
6.335081130749416
 10
10.099365712049174
 20
6.342717966040297
 10
10.088425171823786
 20
6.350625686894479
 10
10.077681998924243
 20
6.358799529661595
 10
10.067142665091328
 20
6.367234570378114
 10
10.056813519272149
 20
6.375925727733561
 10
10.046700783795517
 20
6.384867766131525
 10
10.036810550623573
 20
6.394055298843606
 10
10.027148777681962
 20
6.403482791254409
 10
8.415584791580645
 20
8.015046777287983
 10
8.406157299236662
 20
8.024708550158586
 10
8.396969766587887
 20
8.034598783256277
 10
8.388027728249595
 20
8.044711518655538
 10
8.37933657095007
 20
8.055040664394364
 10
8.370901530285618
 20
8.065579998144083
 10
8.362727687566606
 20
8.076323170957727
 10
8.354819966756466
 20
8.08726371109466
 10
8.347183131505469
 20
8.098395027919192
 10
8.293207147990879
 20
8.179177003160465
 10
8.285846186781717
 20
8.190491778359451
 10
8.278765115803097
 20
8.201983789563855
 10
8.271968200269011
 20
8.213646114672892
 10
8.265459534235191
 20
8.225471728998862
 10
8.259243038133096
 20
8.237453509498394
 10
8.253322456408476
 20
8.249584239062955
 10
8.24770135526595
 20
8.261856610865987
 10
8.242383120520925
 20
8.274263232764119
 10
8.237370955560193
 20
8.286796631749741
 10
8.232667879412398
 20
8.299449258452304
 10
8.228276724929554
 20
8.312213491685608
 10
8.224200137080704
 20
8.325081643038347
 10
8.22044057135875
 20
8.338045961505149
 10
8.217000292301414
 20
8.351098638155324
 10
8.213881372127203
 20
8.36423181083649
 10
8.211085689487245
 20
8.377437568910262
 10
8.192131695200882
 20
8.472725539704806
 10
8.189660886640587
 20
8.485996202022523
 10
8.187516501243863
 20
8.49932350424626
 10
8.185699830713391
 20
8.512699418475808
 10
8.184211969347885
 20
8.526115887528787
 10
8.183053813382937
 20
8.539564829794012
 10
8.182226060451148
 20
8.553038144099572
 10
8.1817292091619
 20
8.566527714592693
 10
8.181563558801011
 20
8.580025415628441
 10
8.181563558761198
 20
8.673992168895158
 10
8.17955151490242
 20
8.702979332962839
 10
8.150483419080173
 20
8.826572096165638
 10
8.10178962608371
 20
8.93685352102905
 10
8.052651365160717
 20
9.008586355603912
 10
7.919237838139735
 20
9.008586357737965
  0
LWPOLYLINE
  5
58
330
17
100
AcDbEntity
  8
0
100
AcDbPolyline
 90
392
 70
0
 10
-0.07448743624688081
 20
15.256860404617008
 10
-0.07448743624419496
 20
2.5731654078069335
 10
-0.07416632806939583
 20
2.5535382158945215
 10
-0.07363332817379864
 20
2.537253219165928
 10
-0.0726699546017241
 20
2.517641042388657
 10
-0.05682295490697953
 20
2.2758470472100956
 10
-0.055823692666378655
 20
2.262786539841367
 10
-0.05453955986409553
 20
2.2497509585079465
 10
-0.05297116851572137
 20
2.236746515946558
 10
-0.04871916936005116
 20
2.20445952243965
 10
-0.04686982223059988
 20
2.1915090138218485
 10
-0.044738569612247425
 20
2.1786019025826233
 10
-0.04232642465389047
 20
2.165744324468342
 10
0.0033535740799551794
 20
1.9360973308886142
 10
0.0060458034776254
 20
1.9232938698962394
 10
0.009016565351376182
 20
1.910552155474608
 10
0.012264447130794554
 20
1.8978782461937325
 10
0.020690445446680417
 20
1.8664282525211018
 10
0.02421734201930692
 20
1.8538163739465268
 10
0.028018652010442513
 20
1.8412844737328666
 10
0.03209256453394038
 20
1.8288385218863938
 10
0.10736156243898198
 20
1.6071035280912058
 10
0.11170320465163519
 20
1.594757509449845
 10
0.11631308883512093
 20
1.5825091217514429
 10
0.12118902178496993
 20
1.570364192304793
 10
0.1336390192893745
 20
1.5403061983578956
 10
0.13878072627064697
 20
1.5282658573771353
 10
0.14418391879821058
 20
1.5163405702894246
 10
0.14984602424708893
 20
1.5045360150881464
 10
0.2534180213602957
 20
1.2945130209661613
 10
0.2593354112441637
 20
1.2828366096265413
 10
0.26550612252752703
 20
1.2712920694855452
 10
0.2719272180526435
 20
1.2598848955556434
 10
0.2881982147880582
 20
1.2317029012313938
 10
0.29486596952099786
 20
1.220439625113091
 10
0.3017778303384736
 20
1.2093244767948894
 10
0.3089305079555221
 20
1.198362745863949
 10
0.3475548216874834
 20
1.1405572763305813
 10
0.43901981996796946
 20
1.0036702789232508
 10
0.4464117502220989
 20
0.9928645761730595
 10
0.4540376894952015
 20
0.9822227297632322
 10
0.4618940069107159
 20
0.9717498065097135
 10
0.4817230029331844
 20
0.9459088117108084
 10
0.48980339134048545
 20
0.9356129958170414
 10
0.4981064305515363
 20
0.9254958795485113
 10
0.5066281697834389
 20
0.9155622768689873
 10
0.6610061654747019
 20
0.7395292817983807
 10
0.669743163056044
 20
0.7297832501918045
 10
0.6786906777346379
 20
0.7202301229609381
 10
0.6878444514804157
 20
0.7108744463406248
 10
0.7108734468583576
 20
0.6878454509778175
 10
0.7202291234029594
 20
0.6786916773164252
 10
0.7297822505546043
 20
0.6697441627187439
 10
0.7395282820785659
 20
0.6610071652147289
 10
0.9155612771627225
 20
0.5066291695400784
 10
0.925496616430791
 20
0.49810597312481325
 10
0.9356155320353544
 20
0.48980155318766355
 10
0.9459132074884934
 20
0.48171986253739546
 10
0.971752202300371
 20
0.4618928665318755
 10
0.9822228564327921
 20
0.45403839690663056
 10
0.9928623567878296
 20
0.44641420362144657
 10
1.0036656399290296
 20
0.4390239151003027
 10
1.1983546344912428
 20
0.3089359187466084
 10
1.2093160330413744
 20
0.30178338719539133
 10
1.2204308417452887
 20
0.29487165852295516
 10
1.2316937714669347
 20
0.28820402177135795
 10
1.2598857658016254
 20
0.27192702505466704
 10
1.2712946841496187
 20
0.2655048825592524
 10
1.2828410120542029
 20
0.25933320174910035
 10
1.2945192519441537
 20
0.25341492115628017
 10
1.504530246076543
 20
0.14984992406177144
 10
1.51633002453671
 20
0.14419010590162507
 10
1.5282504384365254
 20
0.13878899066752481
 10
1.5402858166938398
 20
0.13364914791523053
 10
1.5703588106487427
 20
0.12119215043085962
 10
1.5825077076779648
 20
0.11631436088845892
 10
1.5947601361265482
 20
0.11170279640783665
 10
1.607110262866434
 20
0.10735965245957091
 10
1.8246889240174
 20
0.033501428028814506
 10
1.8288279210746823
 20
0.03209642903905163
 10
1.8412719270822062
 20
0.028023139657211704
 10
1.8538018553771531
 20
0.024222367521581245
 10
1.8664117387550339
 20
0.020695922697151592
 10
1.8978717324332597
 20
0.012266924401999835
 10
1.910547459155873
 20
0.00901846977532017
 10
1.923291012501032
 20
0.00604721523438001
 10
1.9360963312617259
 20
0.0033545739948163122
 10
2.16574332484382
 20
-0.04232542471766332
 10
2.178604850866477
 20
-0.044738265843376146
 10
2.191515938496907
 20
-0.046870042128255185
 10
2.2044704463364644
 20
-0.04871973955331399
 10
2.2367624398461095
 20
-0.0529717386879166
 10
2.2497621134724928
 20
-0.054539343599406376
 10
2.262792899509329
 20
-0.05582289913509764
 10
2.275848592083411
 20
-0.056821794005472936
 10
2.4883768761576834
 20
-0.0707516159945197
 10
2.517633162142838
 20
-0.07266943808142423
 10
2.5372532195266726
 20
-0.07363332818826185
 10
2.5535382162550744
 20
-0.07416632807850865
 10
2.5731654079711115
 20
-0.0744874362468737
 10
22.876859404698855
 20
-0.07448743624419496
 10
22.896487800627312
 20
-0.07416628866133723
 10
22.912771797355646
 20
-0.07363328876574005
 10
22.93239235593894
 20
-0.0726693262769681
 10
22.95818373071982
 20
-0.07097856392944693
 10
23.17417510412007
 20
-0.05682180161760353
 10
23.18723083583078
 20
-0.055822905883195495
 10
23.200261660892444
 20
-0.054539347780670155
 10
23.213261373376216
 20
-0.052971738604417284
 10
23.245553366883005
 20
-0.04871973944861918
 10
23.258507874609617
 20
-0.046870042032252424
 10
23.27141896212772
 20
-0.04473826576095952
 10
23.284280488038824
 20
-0.04232542465370248
 10
23.513927481616996
 20
0.0033545740798163193
 10
23.52673280048793
 20
0.0060472153450440436
 10
23.539476353942185
 20
0.009018469916449834
 10
23.55215208077259
 20
0.012266924578357985
 10
23.583612074445302
 20
0.02069592289419364
 10
23.596221800669976
 20
0.024222321923940138
 10
23.60875157388535
 20
0.028023041428143047
 10
23.621195427109967
 20
0.032096271412128674
 10
23.764621331808996
 20
0.08078263368886585
 10
23.842916328862685
 20
0.10736163269995902
 10
23.855253891985935
 20
0.11170041900220351
 10
23.8674939569896
 20
0.11630708147115942
 10
23.879630708463637
 20
0.1211794314230964
 10
23.90971770241127
 20
0.13364042892799188
 10
23.921763666559585
 20
0.13878419940519449
 10
23.933694476559165
 20
0.14418969658292347
 10
23.94550444659494
 20
0.14985434438651324
 10
24.155500440716494
 20
0.25341334149951833
 10
24.16717332017836
 20
0.25932891060988617
 10
24.178714409858742
 20
0.26549764806743004
 10
24.190118219722013
 20
0.2719166194362024
 10
24.2183222140461
 20
0.2881996161716933
 10
24.22958933334463
 20
0.29486941722873905
 10
24.24070822916618
 20
0.3017834883259569
 10
24.251673606622877
 20
0.30893853693935686
 10
24.44635560117202
 20
0.43902153331008126
 10
24.45716093751384
 20
0.4464132411992312
 10
24.46780242789387
 20
0.45403894257485206
 10
24.478275005996917
 20
0.4618950069110186
 10
24.504116000795445
 20
0.48172400293320283
 10
24.51441181668917
 20
0.4898043913404707
 10
24.524528932957658
 20
0.49810743055148715
 10
24.534462535637143
 20
0.5066291697833532
 10
24.7104955307077
 20
0.6610071654745238
 10
24.72024156231444
 20
0.6697441630560113
 10
24.729794689545457
 20
0.6786916777347567
 10
24.73915036616592
 20
0.6878454514806924
 10
24.762179361528982
 20
0.7108744468589328
 10
24.771333135190208
 20
0.7202301234033794
 10
24.78028064978773
 20
0.7297832505548616
 10
24.789017647291594
 20
0.7395292820786539
 10
24.943395642966216
 20
0.9155622771627039
 10
24.951917382270246
 20
0.9254958799300413
 10
24.96022042154957
 20
0.9356129962895092
 10
24.9683008100212
 20
0.9459088122772128
 10
24.988129806027143
 20
0.9717498070898598
 10
24.995985870289218
 20
0.9822223851064608
 10
25.003611571594664
 20
0.992863875397004
 10
25.011003279417658
 20
1.0036692116464296
 10
25.141086275770682
 20
1.1983512062076018
 10
25.148239351037684
 20
1.2093134861289574
 10
25.155151584890735
 20
1.2204291997817216
 10
25.161819687527025
 20
1.2316930567624116
 10
25.178105684243615
 20
1.2599010510968416
 10
25.18452701016615
 20
1.2713086531153084
 10
25.19069793309981
 20
1.2828536312686851
 10
25.196615515567977
 20
1.2945304899279113
 10
25.300171512662452
 20
1.504522484060235
 10
25.30583256064967
 20
1.5163248560459857
 10
25.311234791811263
 20
1.5282479155224937
 10
25.316375634933074
 20
1.5402859876605295
 10
25.328839632417434
 20
1.5703769816152235
 10
25.333716506161757
 20
1.5825239908928777
 10
25.338327238986448
 20
1.5947744959734373
 10
25.342669636518686
 20
1.6071226665092493
 10
25.417928634403474
 20
1.8288296603111729
 10
25.42200182934587
 20
1.8412734234393493
 10
25.42580251779872
 20
1.8538031052035966
 10
25.429328889808822
 20
1.8664127387539933
 10
25.43775788810415
 20
1.8978727324328017
 10
25.44100634273087
 20
1.910548459155542
 10
25.443977597271843
 20
1.9232920125008293
 10
25.446670238511437
 20
1.9360973312616523
 10
25.49235023722391
 20
2.1657443248437387
 10
25.494763078349635
 20
2.178605850866471
 10
25.496894854634522
 20
2.191516938496977
 10
25.498744552059588
 20
2.20447144633661
 10
25.50299655119421
 20
2.236763439846518
 10
25.50456412047298
 20
2.2497627881549542
 10
25.505847654590777
 20
2.262793247473651
 10
25.506846542298845
 20
2.2758486123951864
 10
25.522694541969642
 20
2.517636607413983
 10
25.523658180095303
 20
2.5372534233941284
 10
25.52419117998553
 20
2.553539420120865
 10
25.524512248753137
 20
2.5731654079701216
 10
25.524512248750465
 20
15.25686040469923
 10
25.524191179976423
 20
15.276486392744854
 10
25.523658180080798
 20
15.29277238947326
 10
25.5226945419594
 20
15.312389205289907
 10
25.506846542264615
 20
15.554177200469727
 10
25.505847654545335
 20
15.567232565511125
 10
25.504564120411093
 20
15.580263024949154
 10
25.502996551110677
 20
15.59326237337622
 10
25.49874455195482
 20
15.6255543668834
 10
25.496894854538457
 20
15.638508874609979
 10
25.49476307826717
 20
15.651419962128049
 10
25.49235023715992
 20
15.664281488039125
 10
25.446670238426584
 20
15.893928481616365
 10
25.443977597161407
 20
15.90673380048707
 10
25.44100634259006
 20
15.919477353941094
 10
25.437757887928225
 20
15.932153080771274
 10
25.429328889612233
 20
15.963613074444718
 10
25.425802444678904
 20
15.976222958165529
 10
25.42200167241941
 20
15.988752886798672
 10
25.417928382898896
 20
16.001196893139166
 10
25.416523158932694
 20
16.00533655292158
 10
25.34266515992265
 20
16.22291454997198
 10
25.33832201593195
 20
16.235264676826663
 10
25.333710451403903
 20
16.24751710538815
 10
25.328832661809148
 20
16.25966600252822
 10
25.316375664304562
 20
16.28973899647592
 10
25.311235821590028
 20
16.30177437462602
 10
25.30583470639827
 20
16.3136947884205
 10
25.300174888284985
 20
16.325494566777344
 10
25.19660989117169
 20
16.535505560899495
 10
25.19069161052556
 20
16.547183800889265
 10
25.184519929657753
 20
16.558730128891316
 10
25.178097787100423
 20
16.570139047334287
 10
25.161820790365308
 20
16.598331041658113
 10
25.155153153665
 20
16.609593971278663
 10
25.14824142504814
 20
16.620708779883927
 10
25.14108889355671
 20
16.631670178337995
 10
25.011000897185024
 20
16.826359172888626
 10
25.00361060859789
 20
16.83716245612198
 10
24.995986415242715
 20
16.847801956566272
 10
24.988131945543568
 20
16.858272610784915
 10
24.968304949520768
 20
16.88411160558411
 10
24.960223258934636
 20
16.894409280943577
 10
24.951918839065563
 20
16.904528196457456
 10
24.943395642722212
 20
16.914463535637957
 10
24.78901764703153
 20
17.090496530707888
 10
24.780280649450297
 20
17.100242562314346
 10
24.771333134771815
 20
17.1097956895451
 10
24.762179361026156
 20
17.119151366165305
 10
24.7391503656484
 20
17.142180361527963
 10
24.729794689103695
 20
17.151334135189465
 10
24.720241561951944
 20
17.160281649787255
 10
24.710495530427874
 20
17.16901864729137
 10
24.534462535343135
 20
17.32339664296654
 10
24.52452919153734
 20
17.331918164972965
 10
24.514412343495504
 20
17.340220998354923
 10
24.504116804805193
 20
17.34830119263145
 10
24.478279809993154
 20
17.368127188636972
 10
24.467806769583547
 20
17.37598361938485
 10
24.457164801517056
 20
17.383609666538472
 10
24.44635897279273
 20
17.391001699080203
 10
24.251662978231543
 20
17.52109369543322
 10
24.240700951950156
 20
17.52824658957516
 10
24.22958549941574
 20
17.535158653648566
 10
24.2183219106558
 20
17.54182659808794
 10
24.190139916320742
 20
17.55809759480491
 10
24.17873274248579
 20
17.564518690268123
 10
24.167188202442237
 20
17.57068940149385
 10
24.155511791202407
 20
17.576606791324423
 10
23.945488797070915
 20
17.68017878841846
 10
23.93368424176635
 20
17.68584089391418
 10
23.921758954573335
 20
17.69124408648407
 10
23.9097186134854
 20
17.69638579350308
 10
23.879660619530615
 20
17.708835790987568
 10
23.867515690186444
 20
17.713711723888323
 10
23.855267302592438
 20
17.718321608027278
 10
23.84292128405724
 20
17.722663250200018
 10
23.62118629025491
 20
17.797932248084894
 10
23.60874033830011
 20
17.80200616064129
 10
23.596208437976713
 20
17.805807470660593
 10
23.583596559291145
 20
17.8093343672566
 10
23.55214656561275
 20
17.817760365551873
 10
23.539472656439674
 20
17.821008247296064
 10
23.526730942127145
 20
17.823979009139347
 10
23.513927481245016
 20
17.826671238511352
 10
23.284280487661558
 20
17.87235123722411
 10
23.271422909435643
 20
17.87476338220094
 10
23.258515798084
 20
17.87689463483289
 10
23.24556528935317
 20
17.878743981971045
 10
23.213278295843526
 20
17.88299598110549
 10
23.20027385340077
 20
17.884564372432212
 10
23.187238272186683
 20
17.88584850521805
 10
23.17417776493782
 20
17.88684776744744
 10
22.93238376992154
 20
17.90269476711814
 10
22.91277159298093
 20
17.90365814069447
 10
22.89648659625138
 20
17.90419114058476
 10
22.87685940453516
 20
17.904512248753132
 10
2.573165407807301
 20
17.904512248750454
 10
2.553538215894464
 20
17.904191140575644
 10
2.5372532191657498
 20
17.903658140680033
 10
2.517639061636577
 20
17.902694637287638
 10
2.2758420664564247
 20
17.88684663759281
 10
2.2627866898773767
 20
17.885847780790915
 10
2.2497562182493542
 20
17.884564277116304
 10
2.2367568569944245
 20
17.88299673780411
 10
2.2044718634877176
 20
17.878745738648288
 10
2.1915168802003446
 20
17.876895999585905
 10
2.1786053198365694
 20
17.874764161048965
 10
2.1657433244672384
 20
17.87235123715992
 10
1.936096330888868
 20
17.82667123842638
 10
1.9232940068262052
 20
17.82397926106822
 10
1.9105534178030528
 20
17.821008800692216
 10
1.8978806207759917
 20
17.817761269474016
 10
1.866433627103048
 20
17.809336271158013
 10
1.8538203891844005
 20
17.805809057828377
 10
1.8412871456994355
 20
17.802007372358513
 10
1.8288398685659084
 20
17.797933026199146
 10
1.6070968747708188
 20
17.722661028294127
 10
1.5947503191787373
 20
17.71831917463503
 10
1.5825014037003975
 20
17.713709055570423
 10
1.5703559564092875
 20
17.708832864609825
 10
1.5403079624625353
 20
17.696386867105524
 10
1.5282690240278154
 20
17.691245719560374
 10
1.5163451133524477
 20
17.685843146939686
 10
1.5045419064653203
 20
17.680181720980123
 10
1.2945069123435502
 20
17.576604723866986
 10
1.282827468559189
 20
17.570685807256535
 10
1.2712799649298279
 20
17.56451343810981
 10
1.2598699007299785
 20
17.55809055589784
 10
1.2317009064060158
 20
17.541826559162672
 10
1.2204399244176287
 20
17.535159990492385
 10
1.2093270141128902
 20
17.5282494132562
 10
1.1983674619305824
 20
17.521098114832718
 10
1.0036574673803735
 20
17.39099711846128
 10
0.9928521727199539
 20
17.383605479993957
 10
0.9822107215612985
 20
17.375979850238448
 10
0.9717381801439633
 20
17.368123859645767
 10
0.9459191853452229
 20
17.348311863623426
 10
0.9356227807542952
 20
17.340231051155634
 10
0.9255050952110846
 20
17.331927562919454
 10
0.9155709434835453
 20
17.323405350349123
 10
0.7395279484121895
 20
17.16901835465725
 10
0.7297852341045299
 20
17.16028438369814
 10
0.7202352904185272
 20
17.15134003875905
 10
0.7108826589562677
 20
17.14218957344157
 10
0.6878556635934269
 20
17.119163578063365
 10
0.6786985056262852
 20
17.109804777333842
 10
0.6697477489463566
 20
17.10024838429113
 10
0.6610076561209286
 20
17.090498949921233
 10
0.5066186604467606
 20
16.91445295483763
 10
0.4980967283770487
 20
16.904519096142984
 10
0.4897935073523534
 20
16.8944017152872
 10
0.481712948435204
 20
16.884105626595254
 10
0.46190095242975987
 20
16.858286631783375
 10
0.45404496191093885
 20
16.847814090452214
 10
0.446419332225387
 20
16.837172639382764
 10
0.43902769382401713
 20
16.826367344814447
 10
0.30892669747046936
 20
16.631657350252514
 10
0.30177539898711025
 20
16.620697797973996
 10
0.29486482169526107
 20
16.609584887570463
 10
0.28819825297360424
 20
16.59832390548083
 10
0.27193425625678813
 20
16.57015491114586
 10
0.26551137410681824
 20
16.558744847041112
 10
0.2593390050178249
 20
16.54719734350935
 10
0.25342008846075403
 20
16.535517899824942
 10
0.1498430913669151
 20
16.325482905693928
 10
0.1441816653604755
 20
16.313679698703442
 10
0.1387790926974316
 20
16.301755787922698
 10
0.13363794511451343
 20
16.289716849380728
 10
0.12119194762992291
 20
16.259668855425577
 10
0.1163157567184373
 20
16.247523408236976
 10
0.11170563769838071
 20
16.235274492863066
 10
0.10736378407921232
 20
16.222927937377182
 10
0.0320917861943435
 20
16.00118494357476
 10
0.02801744000207984
 20
15.98873766633291
 10
0.024215754504057663
 20
15.97620442273821
 10
0.02068854115104357
 20
15.963591184708575
 10
0.012263542855974086
 20
15.932144191031048
 10
0.00901601167301902
 20
15.919471394111852
 10
0.0060455513274979555
 20
15.906730805197869
 10
0.0033535739950167898
 20
15.893928481245522
 10
-0.042326424717640476
 20
15.664281487662597
 10
-0.044739348625191355
 20
15.651419492181443
 10
-0.046871187175757
 20
15.638507931705064
 10
-0.048720926246855756
 20
15.625552948304467
 10
-0.05297192538145379
 20
15.59326795479484
 10
-0.05453947516024793
 20
15.580268497901372
 10
-0.05582298512257278
 20
15.56723793022338
 10
-0.05682184402132151
 20
15.554182457319861
 10
-0.0627588202130534
 20
15.463599820571627
 10
-0.07266979653294359
 20
15.31238718182033
 10
-0.07363332818505097
 20
15.29277259307833
 10
-0.07416632807530488
 20
15.276487596431194
 10
-0.07448743624688081
 20
15.256860404617008
  0
LWPOLYLINE
  5
59
330
17
100
AcDbEntity
  8
0
100
AcDbPolyline
 90
528
 70
0
 10
5.83106347599221
 20
6.318961563753124
 10
5.8163387407713785
 20
6.31914227324912
 10
5.801622875198112
 20
6.3196842913991915
 10
5.786924743558999
 20
6.320587291711893
 10
5.772253199458371
 20
6.321850730253636
 10
5.757617080485222
 20
6.323473845976336
 10
5.743025202889776
 20
6.325455661175836
 10
5.728486356272907
 20
6.327794982080841
 10
5.714009298291612
 20
6.3304903995720005
 10
5.699602749383725
 20
6.3335402900307125
 10
5.685275387515059
 20
6.336942816317123
 10
5.671035842952112
 20
6.34069592887676
 10
5.656892693063528
 20
6.344797366975097
 10
5.642854457153407
 20
6.349244660059348
 10
5.6289295913295945
 20
6.354035129246625
 10
5.615126483410039
 20
6.359165888937602
 10
5.601453447870287
 20
6.364633848554691
 10
5.58791872083515
 20
6.37043571440369
 10
5.574530455117576
 20
6.376567991657782
 10
5.5612967153076935
 20
6.383026986462688
 10
5.548225472915013
 20
6.389808808161703
 10
5.53532460156668
 20
6.396909371639287
 10
5.522601872264702
 20
6.404324399781784
 10
5.510064948704984
 20
6.412049426053793
 10
5.497721382661006
 20
6.4200797971886425
 10
5.485578609434924
 20
6.428410675991348
 10
5.473643943378809
 20
6.437037044252352
 10
5.4619245734887665
 20
6.445953705770308
 10
5.45042755907455
 20
6.45515528948208
 10
5.439159825507295
 20
6.464636252698062
 10
5.428128160047941
 20
6.474390884440898
 10
5.417339207758833
 20
6.484413308885552
 10
5.406799467500988
 20
6.494697488898688
 10
5.396515288019422
 20
6.505237229675215
 10
5.386492864118908
 20
6.516026182469803
 10
5.3767382329324525
 20
6.527057848421131
 10
5.367257270284757
 20
6.538325582466555
 10
5.358055687152836
 20
6.549822597344853
 10
5.349139026225944
 20
6.561541967684607
 10
5.340512658566864
 20
6.573476634175791
 10
5.332181780376578
 20
6.585619407822041
 10
5.324151409864274
 20
6.597962974271029
 10
5.316426384224564
 20
6.6104998982203576
 10
5.309011356723737
 20
6.623222627896313
 10
5.3019107938968055
 20
6.636123499602761
 10
5.295128972857038
 20
6.649194742337482
 10
5.288669978719574
 20
6.662428482473122
 10
5.282537702140717
 20
6.675816748499978
 10
5.27673583697434
 20
6.68935147582773
 10
5.271267878046849
 20
6.7030245116432585
 10
5.266137119052031
 20
6.716827619821583
 10
5.261346650567052
 20
6.7307524858870025
 10
5.256899358190819
 20
6.744790722021423
 10
5.252797920805789
 20
6.758933872116862
 10
5.249044808964323
 20
6.7731734168690965
 10
5.24564228340051
 20
6.787500778909369
 10
5.242592393668391
 20
6.801907327971075
 10
5.23989697690738
 20
6.8163843860883135
 10
5.23755765673564
 20
6.830923232823166
 10
5.2355758422720795
 20
6.845515110518565
 10
5.233952727287551
 20
6.860151229573575
 10
5.232689289485765
 20
6.874822773737924
 10
5.2317862899143615
 20
6.8895209054225806
 10
5.231244272506483
 20
6.904236771023183
 10
5.2310635637531275
 20
6.918961506253125
 10
5.2310635637531275
 20
8.618961306007563
 10
5.231244272518054
 20
8.633686041708836
 10
5.23178628996063
 20
8.648401907779917
 10
5.232689289589816
 20
8.663100039933349
 10
5.2339527274724
 20
8.677771584563923
 10
5.235575842560646
 20
8.69240770408176
 10
5.237557657150716
 20
8.70699958223574
 10
5.239896977471607
 20
8.721538429424095
 10
5.242592394404229
 20
8.736015487988922
 10
5.245642284330213
 20
8.750422037491473
 10
5.249044810109908
 20
8.764749399965025
 10
5.252797922189014
 20
8.778988945142162
 10
5.256899359833154
 20
8.793132095653322
 10
5.261346652489654
 20
8.807170332193483
 10
5.266137121275712
 20
8.821095198653879
 10
5.27126788059206
 20
8.83489830721564
 10
5.2767358398611375
 20
8.848571343402302
 10
5.282537705388741
 20
8.862106071088137
 10
5.288669982348024
 20
8.87549433745928
 10
5.295128976884648
 20
8.888728077924695
 10
5.3019107983418206
 20
8.901799320973964
 10
5.309011361603886
 20
8.914700192979044
 10
5.316426389557043
 20
8.927422922937035
 10
5.32415141566572
 20
8.939959847151146
 10
5.332181786663047
 20
8.952303413847014
 10
5.340512665353811
 20
8.964446187721622
 10
5.3491390335282
 20
8.976380854422034
 10
5.358055694984589
 20
8.9881002249513
 10
5.367257278659532
 20
8.999597239998828
 10
5.3767382418630945
 20
9.010864974192655
 10
5.386492873617559
 20
9.021896640271034
 10
5.396515298097508
 20
9.03268559317082
 10
5.406799478169197
 20
9.043225334030211
 10
5.417339219027104
 20
9.053509514103423
 10
5.428128171925442
 20
9.06353193858493
 10
5.4391598380024115
 20
9.073286570340988
 10
5.45042757219487
 20
9.082767533546178
 10
5.461924587241068
 20
9.091969117222783
 10
5.473643957769045
 20
9.100885778680864
 10
5.4855786244682125
 20
9.109512146856977
 10
5.497721398341616
 20
9.117843025549496
 10
5.510064965036325
 20
9.125873396548606
 10
5.5226018892493185
 20
9.133598422659093
 10
5.535324619206238
 20
9.141013450614087
 10
5.548225491210293
 20
9.148114013878017
 10
5.561296734258584
 20
9.154895835337078
 10
5.574530474723065
 20
9.161354829875613
 10
5.587918741093324
 20
9.16748710683683
 10
5.601453468778319
 20
9.17328897236639
 10
5.615126504964191
 20
9.17875693163744
 10
5.628929613525211
 20
9.183887690955784
 10
5.642854479984916
 20
9.188678159743853
 10
5.6568927165244345
 20
9.19312545240238
 10
5.671035867035001
 20
9.197226890048563
 10
5.685275412211596
 20
9.200980002129727
 10
5.699602774684657
 20
9.204382527911491
 10
5.714009324186768
 20
9.207432417839556
 10
5.728486382751204
 20
9.21012783477427
 10
5.7347050878812835
 20
9.211128432903223
 10
5.688611589165512
 20
9.252905144950239
 10
5.685908544855109
 20
9.250533841076233
 10
5.674666067415396
 20
9.241146696013026
 10
5.663197812858322
 20
9.232036760292377
 10
5.651510614729168
 20
9.223209462217087
 10
5.639611437034287
 20
9.214670061675724
 10
5.627507370091496
 20
9.206423647008453
 10
5.615314965111574
 20
9.198545778963114
 10
5.608367900920226
 20
9.193339042289749
 10
5.596369277878089
 20
9.184797990455001
 10
5.584164629889974
 20
9.176554017575537
 10
5.5717613108178075
 20
9.168612091024304
 10
5.564090502034045
 20
9.16396186469628
 10
5.445792032388153
 20
9.082925115716142
 10
5.367099704626244
 20
9.00423278927913
 10
5.304204381800267
 20
8.912417404730615
 10
5.259253863654349
 20
8.810615234588452
 10
5.232175954422974
 20
8.695485882360376
 10
5.230563248836153
 20
8.672255641891928
 10
5.230563248754085
 20
6.865661613962453
 10
5.232174489346718
 20
6.8424451350689175
 10
5.259254173261911
 20
6.727307567970937
 10
5.30222901776442
 20
6.6299792262939246
 10
5.304204626158641
 20
6.62550493781137
 10
5.367098948031806
 20
6.533690781146492
 10
5.445792773334849
 20
6.454996954518526
 10
5.537606069402713
 20
6.392103219898365
 10
5.6040357634759355
 20
6.362771663663284
 10
5.639408230654812
 20
6.347153206206794
 10
5.754543373158567
 20
6.320073499622135
 10
5.777768173895955
 20
6.3184612489685765
 10
5.870000397559978
 20
6.318461248753128
 10
5.8847251620675465
 20
6.31828053924664
 10
5.899441056892019
 20
6.317738519649042
 10
5.9141392176939265
 20
6.316835516453953
 10
5.928810790816159
 20
6.315572073598856
 10
5.943446938617089
 20
6.313948952137466
 10
5.958038844794063
 20
6.311967129781282
 10
5.972577719694033
 20
6.309627800310659
 10
5.987054805608132
 20
6.306932372855711
 10
6.082342776444484
 20
6.287978378705573
 10
6.09674895406921
 20
6.284928566454117
 10
6.111075948837651
 20
6.281526136523995
 10
6.125315131149153
 20
6.277773138306027
 10
6.1394579242952805
 20
6.273671832349363
 10
6.1534958096258245
 20
6.269224688999888
 10
6.167420331679865
 20
6.26443438691225
 10
6.181223103278756
 20
6.259303811436426
 10
6.19489581057799
 20
6.25383605287978
 10
6.208430218074887
 20
6.248034404645681
 10
6.221818173569099
 20
6.241902361249773
 10
6.235051613072936
 20
6.235443616215125
 10
6.2481225656685595
 20
6.228662059847503
 10
6.261023158309122
 20
6.221561776892116
 10
6.273745620560946
 20
6.214147044073245
 10
6.286282289283901
 20
6.206422327518241
 10
6.29862561324716
 20
6.198392280067427
 10
6.379406588555546
 20
6.144417296678473
 10
6.391550054237153
 20
6.136086106277294
 10
6.403485394148244
 20
6.127459394651895
 10
6.415205418157127
 20
6.118542358737856
 10
6.426703065843517
 20
6.109340370368991
 10
6.437971410751893
 20
6.0998589730412265
 10
6.449003664564167
 20
6.09010387857307
 10
6.45979318118912
 20
6.080080963664676
 10
6.470333460766173
 20
6.069796266357578
 10
8.78870529427919
 20
3.7514234447644172
 10
8.872278064968826
 20
3.6872966663282045
 10
8.929160164593815
 20
3.6436498640418837
 10
9.082472291353994
 20
3.5551348937414455
 10
9.246024913962351
 20
3.4873887327955604
 10
9.25648602687972
 20
3.484585758888627
 10
9.41702868612537
 20
3.441568170401986
 10
9.592545868106788
 20
3.41846124968547
 10
13.769579764111029
 20
3.418461248761826
 10
13.945097773370597
 20
3.4415689694623732
 10
14.116099552503137
 20
3.487388607921962
 10
14.279655878434617
 20
3.5551356090501143
 10
14.432970709967913
 20
3.643652195967453
 10
14.573406990938597
 20
3.751412855192336
 10
16.69860200998114
 20
5.876604962762185
 10
16.806372655106657
 20
6.017054170642784
 10
16.894889199049736
 20
6.1703689251363265
 10
16.96263620138194
 20
6.333925250569292
 10
17.008455841100325
 20
6.504927029364705
 10
17.031563562863766
 20
6.68044503671387
 10
17.031563563701418
 20
7.317477764437732
 10
17.008455843043894
 20
7.4929957733706845
 10
16.9626365748109
 20
7.663996170794038
 10
16.956826626082737
 20
7.678022490652081
 10
16.894890877421954
 20
7.82754956688722
 10
16.80637072392234
 20
7.980871132409255
 10
16.698605460447347
 20
8.121314590053395
 10
16.545653622204664
 20
8.274267275385103
 10
16.5456122782515
 20
8.274307619815255
 10
15.536487456100337
 20
9.283432441720715
 10
15.526202918995436
 20
9.293972557579998
 10
15.516180156103633
 20
9.304761902778107
 10
15.506425205187059
 20
9.315793977759924
 10
15.496943942676575
 20
9.32706213674871
 10
15.487742080131794
 20
9.338559591749542
 10
15.478825160800397
 20
9.350279416638447
 10
15.470198556278861
 20
9.362214551334723
 10
15.46186746327658
 20
9.374357806053972
 10
15.407891474183149
 20
9.455139789644697
 10
15.399861428789258
 20
9.467483032157705
 10
15.392136710841637
 20
9.480019618510957
 10
15.384721973137593
 20
9.492741997594411
 10
15.377621681765323
 20
9.50564250639026
 10
15.370840113413871
 20
9.518713374588565
 10
15.364381352797167
 20
9.531946729267517
 10
15.35824929019369
 20
9.5453345996355
 10
15.35244761910327
 20
9.558868921832103
 10
15.343657682101595
 20
9.580089761724329
 10
15.311438731744458
 20
9.63589400582339
 10
15.245313002357502
 20
9.750427351882916
 10
15.125567053968474
 20
9.906485842711756
 10
14.986484680544612
 20
10.045568217086327
 10
14.83043410420074
 20
10.16530945573906
 10
14.660096988408405
 20
10.263654227867583
 10
14.478366539931784
 20
10.338930382519035
 10
14.401181844178591
 20
10.359611841763742
 10
14.288373413387358
 20
10.389838672049448
 10
14.093360429324454
 20
10.415512562946494
 10
13.896663879919302
 20
10.41551256361873
 10
13.70165420069554
 20
10.389839447303988
 10
13.511658724103409
 20
10.338930964124673
 10
13.374275023547277
 20
10.28202491672666
 10
13.329935278601546
 20
10.263658255632752
 10
13.159601836660714
 20
10.165317338847258
 10
13.003538230676323
 20
10.045567314997934
 10
12.933217860799102
 20
9.975246945973602
 10
12.933277894704341
 20
9.97503992864765
 10
12.933375139297189
 20
9.974670976455679
 10
12.934352345647657
 20
9.975672466281065
 10
12.944892086504495
 20
9.985956646357328
 10
12.955681039401863
 20
9.995979070841887
 10
13.021123179425157
 20
10.055292369219007
 10
13.032154845501191
 20
10.06504700097806
 10
13.043422579692807
 20
10.074527964186244
 10
13.054919594738257
 20
10.083729547865834
 10
13.066638965265579
 20
10.092646209326897
 10
13.137579703388095
 20
10.145259446538393
 10
13.149514370086816
 20
10.15388581471756
 10
13.16165714395987
 20
10.162216693413113
 10
13.17400071065432
 20
10.170247064415234
 10
13.18653763486715
 20
10.17797209052871
 10
13.262293773000593
 20
10.223378572338751
 10
13.275016502957346
 20
10.230793600296655
 10
13.287917374961323
 20
10.23789416356347
 10
13.30098861800962
 20
10.244675985025387
 10
13.314222358474193
 20
10.251134979566746
 10
13.394064323595767
 20
10.288897416733814
 10
13.407452589966256
 20
10.29502969369785
 10
13.420987317651566
 20
10.30083155923019
 10
13.434660353837835
 20
10.306299518503984
 10
13.448463462399328
 20
10.311430277825025
 10
13.531622332738603
 20
10.34118499743601
 10
13.545547199198824
 20
10.34597546622672
 10
13.559585435738935
 20
10.350422758887847
 10
13.573728586250166
 20
10.35452419653658
 10
13.587968131427495
 20
10.358277308620245
 10
13.673643041603931
 20
10.379737756459797
 10
13.687970404077756
 20
10.383140282244002
 10
13.702376953580695
 20
10.386190172174457
 10
13.716854012146024
 20
10.388885589111508
 10
13.731392859334997
 20
10.391224909436783
 10
13.818758713129293
 20
10.404184409660832
 10
13.833350591284098
 20
10.40616622425525
 10
13.84798671080287
 20
10.407789339347786
 10
13.862658255434486
 20
10.409052777234605
 10
13.877356387589066
 20
10.409955776867962
 10
13.96557180406973
 20
10.414289522404838
 10
13.980287670141989
 20
10.41483153985152
 10
13.99501240584454
 20
10.415012248620489
 10
14.009737141547188
 20
10.414831539859541
 10
14.02445300761974
 20
10.414289522420876
 10
14.11266842410285
 20
10.409955776932055
 10
14.127366556257922
 20
10.409052777306703
 10
14.142038100890227
 20
10.407789339427879
 10
14.156674220409883
 20
10.406166224343316
 10
14.171266098565768
 20
10.404184409756848
 10
14.258631952366857
 20
10.391224909580433
 10
14.27317079955707
 20
10.388885589263085
 10
14.287647858123835
 20
10.386190172333928
 10
14.302054407628402
 20
10.38314028241133
 10
14.316381770104048
 20
10.37973775663494
 10
14.402056680292535
 20
10.358277308841993
 10
14.416296225471994
 20
10.354524196766066
 10
14.430439375985541
 20
10.350422759125014
 10
14.444477612528155
 20
10.345975466471508
 10
14.458402478991067
 20
10.34118499768835
 10
14.541561349346656
 20
10.311430278122598
 10
14.5553644579109
 20
10.306299518809091
 10
14.569037494100101
 20
10.300831559542761
 10
14.582572221788526
 20
10.29502969401781
 10
14.595960488162314
 20
10.288897417061087
 10
14.675802453304266
 20
10.251134979937603
 10
14.689036193772358
 20
10.244675985403452
 10
14.702107436824349
 20
10.237894163948654
 10
14.715008308832193
 20
10.23079360068887
 10
14.727731038792987
 20
10.223378572737897
 10
14.803487176950844
 20
10.177972090969316
 10
14.81602410116784
 20
10.170247064862693
 10
14.82836766786663
 20
10.162216693867322
 10
14.840510441744184
 20
10.153885815178413
 10
14.85244510844757
 20
10.145259447005778
 10
14.923385846598935
 20
10.092646209832822
 10
14.93510521713115
 20
10.08372954837812
 10
14.946602232181649
 20
10.074527964704766
 10
14.957869966378464
 20
10.065047001502695
 10
14.968901632459845
 20
10.055292369749623
 10
15.034343772515767
 20
9.995979071407866
 10
15.045132725418627
 20
9.985956646929155
 10
15.055672466281099
 20
9.975672466858601
 10
15.065956646357392
 20
9.96513272600173
 10
15.075979070841981
 20
9.954343773104329
 10
15.135292369219002
 20
9.888901633081128
 10
15.145047000978034
 20
9.877869967005115
 10
15.154527964186196
 20
9.866602232813522
 10
15.163729547865769
 20
9.855105217768095
 10
15.172646209326814
 20
9.843385847240798
 10
15.22525944653836
 20
9.772445109118225
 10
15.23388581471753
 20
9.7605104424195
 10
15.242216693413084
 20
9.748367668546445
 10
15.25024706441521
 20
9.73602410185199
 10
15.257972090528689
 20
9.723487177639157
 10
15.303378572338666
 20
9.647731039505828
 10
15.310793600296547
 20
9.635008309549118
 10
15.317894163563338
 20
9.622107437545187
 10
15.324675985025234
 20
9.609036194496936
 10
15.331134979566578
 20
9.59580245403241
 10
15.368897416733581
 20
9.51596048891105
 10
15.37502969369763
 20
9.502572222540543
 10
15.380831559229984
 20
9.489037494855216
 10
15.386299518503789
 20
9.47536445866893
 10
15.39143027782484
 20
9.461561350107417
 10
15.409954835820754
 20
9.409788678860172
 10
16.635922748871614
 20
8.183820745483267
 10
16.646206927125814
 20
8.173281006357362
 10
16.6562293498765
 20
8.162492055277076
 10
16.70568182522317
 20
8.107929656861868
 10
16.71543645695616
 20
8.096897990811764
 10
16.724917420139608
 20
8.085630256647288
 10
16.734119003795843
 20
8.074133241630141
 10
16.743035665234967
 20
8.062413871132232
 10
16.78690196175671
 20
8.003267017250376
 10
16.795528329936527
 20
7.991332350552119
 10
16.803859208632744
 20
7.979189576679513
 10
16.81188957963554
 20
7.966846009985492
 10
16.819614605749702
 20
7.954309085773077
 10
16.857472268586744
 20
7.891147391217289
 10
16.8648872965453
 20
7.878424661261005
 10
16.87198785981278
 20
7.865523789257484
 10
16.87876968127538
 20
7.8524525462096255
 10
16.88522867581743
 20
7.839218805745476
 10
16.916713114981675
 20
7.772650552162007
 10
16.922845391946467
 20
7.759262285791802
 10
16.92864725747957
 20
7.7457275581067595
 10
16.934115216754133
 20
7.732054521920739
 10
16.939245976075945
 20
7.718251413359473
 10
16.964053979206973
 20
7.648917689420314
 10
16.96884444799842
 20
7.634992822960415
 10
16.973291740660294
 20
7.62095458642061
 10
16.977393178309786
 20
7.606811435909666
 10
16.981146290394214
 20
7.5925718907326045
 10
16.999038942860757
 20
7.521140418100107
 10
17.002441468645788
 20
7.506813055626298
 10
17.005491358577064
 20
7.492406506123352
 10
17.008186775514933
 20
7.477929447557995
 10
17.01052609584102
 20
7.4633906003689745
 10
17.021331081618232
 20
7.390549303174495
 10
17.02331289621342
 20
7.3759574250199265
 10
17.024936011306732
 20
7.3613213055013755
 10
17.026199449194333
 20
7.346649760869959
 10
17.027102448828487
 20
7.33195162871556
 10
17.030715710123644
 20
7.258402005891989
 10
17.03125772757344
 20
7.2436861397256145
 10
17.031438436340903
 20
7.228961403928872
 10
17.031438436346928
 20
6.768961408838764
 10
17.03125772758267
 20
6.754236673156754
 10
17.030715710141703
 20
6.739520807104896
 10
17.02710244888858
 20
6.665971184523515
 10
17.026199449263135
 20
6.651273052405289
 10
17.024936011386018
 20
6.636601507809745
 10
17.023312896304958
 20
6.621965388326698
 10
17.021331081723787
 20
6.607373510207203
 10
17.010526095994095
 20
6.534532213005341
 10
17.00818677567752
 20
6.519993365814873
 10
17.005491358749122
 20
6.505516307247834
 10
17.002441468827275
 20
6.491109757742976
 10
16.999038943051627
 20
6.476782395267022
 10
16.98114629063212
 20
6.405350922624229
 10
16.977393178557033
 20
6.39111137744484
 10
16.973291740916828
 20
6.37696822693134
 10
16.96884444826418
 20
6.36292999038875
 10
16.964053979481882
 20
6.349005123925841
 10
16.9392459763961
 20
6.279671399970083
 10
16.934115217083296
 20
6.26586829140539
 10
16.928647257817655
 20
6.252195255215724
 10
16.922845392293375
 20
6.238660527526817
 10
16.91671311533731
 20
6.2252722611525355
 10
16.885228676216265
 20
6.1587040075477715
 10
16.878769681682833
 20
6.145470267079332
 10
16.87198786022875
 20
6.132399024026974
 10
16.86488729696967
 20
6.119498152018747
 10
16.85747226901939
 20
6.106775422057552
 10
16.81961460622393
 20
6.043613727477535
 10
16.81188958011803
 20
6.031076803260183
 10
16.803859209123374
 20
6.018733236561023
 10
16.795528330435175
 20
6.006590462683077
 10
16.78690196226324
 20
5.994655795979283
 10
16.74303566578018
 20
5.935508942068693
 10
16.73411900432605
 20
5.9237895715358935
 10
16.724917420653252
 20
5.9122925564848
 10
16.715436457451716
 20
5.901024822287377
 10
16.705681825699166
 20
5.889993156205379
 10
16.656229350211014
 20
5.8354307575892586
 10
16.646206925665798
 20
5.824641804615391
 10
16.635922745525306
 20
5.814102063685232
 10
14.635922749000827
 20
3.8141020671522186
 10
14.625383008158522
 20
3.803817887095287
 10
14.614594055276559
 20
3.7937954626292667
 10
14.560031656861685
 20
3.7443429872829244
 10
14.548999990811605
 20
3.7345883555499637
 10
14.537732256647157
 20
3.7251073923665388
 10
14.526235241630037
 20
3.715905808710327
 10
14.514515871132156
 20
3.706989147271225
 10
14.455369017250357
 20
3.663122850749526
 10
14.443434350552094
 20
3.654496482569702
 10
14.431291576679483
 20
3.6461656038734827
 10
14.418948009985456
 20
3.638135232870682
 10
14.406411085773035
 20
3.630410206756517
 10
14.343249391217133
 20
3.592552543919412
 10
14.330526661260773
 20
3.5851375159608128
 10
14.317625789257175
 20
3.578036952693295
 10
14.304554546209236
 20
3.5712551312306644
 10
14.291320805745006
 20
3.5647961366885808
 10
14.224752552161323
 20
3.5333116975242858
 10
14.211364285791175
 20
3.5271794205595284
 10
14.19782955810619
 20
3.521377555026458
 10
14.184156521920228
 20
3.515909595751926
 10
14.170353413359022
 20
3.5107788364301395
 10
14.101019689419742
 20
3.485970833299083
 10
14.08709482295979
 20
3.481180364507618
 10
14.07305658641993
 20
3.476733071845733
 10
14.058913435908932
 20
3.472631634196234
 10
14.044673890731815
 20
3.4688785221117975
 10
13.973242418100057
 20
3.450985869645482
 10
13.958915055626402
 20
3.4475833438604937
 10
13.944508506123611
 20
3.4445334539292527
 10
13.930031447558411
 20
3.441838036991412
 10
13.91549260036955
 20
3.4394987166653457
 10
13.842651303174751
 20
3.4286937308880474
 10
13.828059425020063
 20
3.42671191629284
 10
13.813423305501393
 20
3.4250888011995095
 10
13.798751760869857
 20
3.4238253633118965
 10
13.784053628715338
 20
3.422922363677741
 10
13.710504005891618
 20
3.4193091023825977
 10
13.695788139721854
 20
3.4187670849327216
 10
13.68106340392172
 20
3.4185863761653463
 10
9.681063408831456
 20
3.418586376159328
 10
9.666338673152895
 20
3.4187670849236746
 10
9.651622807104484
 20
3.4193091023645565
 10
9.578073184523543
 20
3.422922363617664
 10
9.56337505240531
 20
3.4238253632431133
 10
9.548703507809757
 20
3.425088801120234
 10
9.534067388326703
 20
3.4267119162012944
 10
9.519475510207199
 20
3.4286937307824683
 10
9.446634213005607
 20
3.439498716512132
 10
9.432095365815258
 20
3.4418380368286914
 10
9.417618307248336
 20
3.4445334537570638
 10
9.403211757743593
 20
3.44758334367888
 10
9.388884395267754
 20
3.4509858694544944
 10
9.317452922623945
 20
3.4688785218742053
 10
9.303213377444274
 20
3.4726316339493613
 10
9.289070226930496
 20
3.4767330715896483
 10
9.275031990387632
 20
3.4811803642423937
 10
9.261107123924454
 20
3.4859708330247985
 10
9.19177339996886
 20
3.510778836110622
 10
9.177970291404357
 20
3.515909595423375
 10
9.164297255214876
 20
3.521377554688955
 10
9.150762527526153
 20
3.527179420213162
 10
9.13737426115205
 20
3.533311697169149
 10
9.07080600754799
 20
3.5647961362898593
 10
9.05757226707954
 20
3.571255130823296
 10
9.04450102402717
 20
3.578036952277386
 10
9.031600152018932
 20
3.585137515536475
 10
9.018877422057727
 20
3.592552543486762
 10
8.955715727477411
 20
3.6304102062824066
 10
8.94317880325998
 20
3.6381352323883567
 10
8.930835236560743
 20
3.646165603383067
 10
8.918692462682722
 20
3.654496482071326
 10
8.906757795978857
 20
3.6631228502433233
 10
8.84761094206821
 20
3.7069891467264897
 10
8.835891571535544
 20
3.7159058081805285
 10
8.82439455648458
 20
3.725107391853231
 10
8.813126822287282
 20
3.7345883550546612
 10
8.802095156205402
 20
3.7443429868071036
 10
8.747532757588848
 20
3.7937954622956114
 10
8.736743804614775
 20
3.803817886841016
 10
8.72620406368442
 20
3.8141020669817034
 10
6.221344586588851
 20
6.318961544069347
 10
5.83106347599221
 20
6.318961563753124
  0
LWPOLYLINE
  5
5A
330
17
100
AcDbEntity
  8
0
100
AcDbPolyline
 90
244
 70
0
 10
8.025634439783586
 20
8.95858636103607
 10
8.029945025481526
 20
8.952303414266456
 10
8.037975396482675
 20
8.939959847574142
 10
8.045700422595282
 20
8.927422923363503
 10
8.05311545055247
 20
8.914700193408898
 10
8.060216013818668
 20
8.901799321407113
 10
8.066997835280073
 20
8.888728078361046
 10
8.073456829821025
 20
8.87549433789874
 10
8.07958910678473
 20
8.862106071530606
 10
8.085390972316851
 20
8.84857134384768
 10
8.090858931590535
 20
8.834898307663824
 10
8.095989690911578
 20
8.821095199104763
 10
8.100780159702417
 20
8.807170332646956
 10
8.10522745236378
 20
8.793132096109275
 10
8.109328890012863
 20
8.778988945600481
 10
8.113082002096991
 20
8.764749400425593
 10
8.116484527881783
 20
8.75042203795417
 10
8.119534417812936
 20
8.736015488453626
 10
8.122229834750796
 20
8.721538429890686
 10
8.12456915507699
 20
8.706999582704091
 10
8.12655096967243
 20
8.69240770455174
 10
8.128174084766103
 20
8.677771585035407
 10
8.129437522654174
 20
8.663100040406203
 10
8.130340522288897
 20
8.648401908254009
 10
8.130882539737064
 20
8.633686042184028
 10
8.131063248507626
 20
8.618961306483719
 10
8.131063248657618
 20
8.228680288006895
 10
10.24040703141367
 20
6.1193364661950636
 10
13.121719716716544
 20
6.1193364387170455
 10
14.00134467199557
 20
6.998961366908956
 10
13.500236139773003
 20
7.500069974499515
 10
13.448463463159621
 20
7.518594534383654
 10
13.434660354595378
 20
7.5237252936971615
 10
13.420987318406176
 20
7.529193252963492
 10
13.407452590717751
 20
7.5349951184884425
 10
13.394064324343963
 20
7.541127395445166
 10
13.314222359202011
 20
7.578889832568649
 10
13.30098861873392
 20
7.585348827102801
 10
13.287917375681928
 20
7.592130648557597
 10
13.275016503674085
 20
7.599231211817383
 10
13.26229377371329
 20
7.606646239768357
 10
13.186537635555434
 20
7.652052721536937
 10
13.174000711338435
 20
7.65977774764356
 10
13.161657144639648
 20
7.667808118638931
 10
13.149514370762093
 20
7.67613899732784
 10
13.137579704058707
 20
7.684765365500475
 10
13.066638965907343
 20
7.737378602673431
 10
13.054919595375127
 20
7.746295264128132
 10
13.043422580324629
 20
7.755496847801486
 10
13.032154846127812
 20
7.764977811003558
 10
13.021123180046432
 20
7.77473244275663
 10
12.95568103999051
 20
7.834045741098386
 10
12.94489208708765
 20
7.844068165577098
 10
12.934352346225179
 20
7.854352345647651
 10
12.933375139278148
 20
7.855353836083334
 10
12.933277890341746
 20
7.854984867452771
 10
12.933218085857884
 20
7.854778641272984
 10
13.003536746258765
 20
7.784459980915542
 10
13.189170420002732
 20
7.642018091936029
 10
13.200741781894779
 20
7.632911306688017
 10
13.212086177926276
 20
7.623523301986765
 10
13.223196775304617
 20
7.613859732279534
 10
13.23406688205543
 20
7.603926417987915
 10
13.244689951053171
 20
7.593729342002156
 10
13.255059583964515
 20
7.583274646077638
 10
13.265169535102086
 20
7.572568627135656
 10
13.275013715186283
 20
7.561617733470753
 10
13.339072695609936
 20
7.488573755865657
 10
13.348645704470659
 20
7.477383949292192
 10
13.357941216081294
 20
7.465962577496494
 10
13.366953631075816
 20
7.454316520405551
 10
13.375677520617986
 20
7.442452793290725
 10
13.384107629671524
 20
7.430378542541943
 10
13.392238880165618
 20
7.418101041362903
 10
13.400066374053802
 20
7.405627685389892
 10
13.407585396264423
 20
7.392965988236856
 10
13.414791417540856
 20
7.380123576969395
 10
13.421680097169821
 20
7.367108187510431
 10
13.428247285596102
 20
7.353927659980293
 10
13.434489026922137
 20
7.340589933974039
 10
13.440401561290928
 20
7.327103043778859
 10
13.4459813271509
 20
7.313475113534434
 10
13.451224963401264
 20
7.299714352339176
 10
13.456129311416664
 20
7.28582904930529
 10
13.487359298711727
 20
7.193830087024599
 10
13.491921397929042
 20
7.1798286265080895
 10
13.49613850757096
 20
7.1657194226988
 10
13.500008087371436
 20
7.151510974576933
 10
13.503527806406446
 20
7.137211840904623
 10
13.50669554449807
 20
7.122830635070379
 10
13.509509393491625
 20
7.108376019900631
 10
13.511967658405082
 20
7.093856702441491
 10
13.514068858450075
 20
7.079281428713875
 10
13.515811727923893
 20
7.064658978445153
 10
13.517195216971887
 20
7.049998159780491
 10
13.518218492219887
 20
7.035307803977078
 10
13.518880937276197
 20
7.020596760084431
 10
13.519182153102891
 20
7.005873889613977
 10
13.519121958256184
 20
6.991148061201136
 10
13.518700388995727
 20
6.976428145263106
 10
13.517917699262767
 20
6.961723008655582
 10
13.51156370195963
 20
6.864776048366124
 10
13.510420355737251
 20
6.850094466072274
 10
13.508917045158848
 20
6.835445365194055
 10
13.507054675785893
 20
6.820837570030033
 10
13.504834369469041
 20
6.806279879997109
 10
13.502257463672345
 20
6.791781064329949
 10
13.4993255106676
 20
6.777349856798584
 10
13.496040276599286
 20
6.762994950447384
 10
13.49240374042069
 20
6.748724992358548
 10
13.488418092701812
 20
6.734548578443304
 10
13.484085734309827
 20
6.720474248263904
 10
13.479409274962855
 20
6.706510479889592
 10
13.474391531657908
 20
6.69266568478959
 10
13.469035526974015
 20
6.678948202766221
 10
13.463344487251467
 20
6.665366296931187
 10
13.457321840648351
 20
6.6519281487280555
 10
13.450971215075503
 20
6.638641853003933
 10
13.408000232763305
 20
6.551505888658185
 10
13.401325739389991
 20
6.53837999395674
 10
13.39433113985228
 20
6.525421847838916
 10
13.38702064719206
 20
6.512639255356611
 10
13.379398664722435
 20
6.5000399158208815
 10
13.371469783375488
 20
6.487631418164442
 10
13.363238778937033
 20
6.47542123637063
 10
13.354710609170027
 20
6.46341672497162
 10
13.34589041082837
 20
6.451625114618592
 10
13.336783496562896
 20
6.440053507726498
 10
13.327395351721421
 20
6.428708874196087
 10
13.317731631044758
 20
6.417598047215738
 10
13.30779815526071
 20
6.406727719145641
 10
13.297600907578087
 20
6.396104437486799
 10
13.287146030082852
 20
6.385734600937293
 10
13.276439820038572
 20
6.375624455538161
 10
13.2654887260934
 20
6.365780090911237
 10
13.192444756078919
 20
6.301721117083368
 10
13.181254949496354
 20
6.29214810820598
 10
13.169833577690875
 20
6.2828525965792466
 10
13.158187520589493
 20
6.273840181569214
 10
13.14632379346359
 20
6.265116292012148
 10
13.134249542703122
 20
6.256686182944345
 10
13.121972041511809
 20
6.248554932436642
 10
13.109498685525962
 20
6.240727438535521
 10
13.096836988359554
 20
6.233208416312659
 10
13.083994577078212
 20
6.226002395024695
 10
13.070979187604884
 20
6.219113715384929
 10
13.057798660059927
 20
6.212546526948592
 10
13.044460934038426
 20
6.2063047856132645
 10
13.030974043827602
 20
6.200392251235954
 10
13.017346113567163
 20
6.194812485368254
 10
13.003585352355552
 20
6.189568849110964
 10
12.989700049305002
 20
6.184664501089451
 10
12.897701080629945
 20
6.153434511623787
 10
12.884124885419418
 20
6.149005399847011
 10
12.870447127048688
 20
6.144900642426965
 10
12.856675553593504
 20
6.141122564596377
 10
12.842817966273294
 20
6.13767330653293
 10
12.828882215031985
 20
6.13455482214691
 10
12.814876194091225
 20
6.131768877974366
 10
12.800807837478528
 20
6.12931705217642
 10
12.786685114532855
 20
6.127200733645278
 10
12.772516025390207
 20
6.125421121217464
 10
12.758308596451771
 20
6.123979222994708
 10
12.744070875837174
 20
6.1228758557728895
 10
12.711568892197882
 20
6.120745856788503
 10
12.698500438962228
 20
6.120032473849337
 10
12.685419534581301
 20
6.119604308265236
 10
12.672332403146275
 20
6.1194615637638305
 10
10.592127416350852
 20
6.11946156375313
 10
10.57740265166733
 20
6.119642273229456
 10
10.562686756666375
 20
6.120184292805524
 10
10.547988595687773
 20
6.121087295987723
 10
10.533317022388953
 20
6.122350738838563
 10
10.51868087441186
 20
6.123973860304315
 10
10.504088968059463
 20
6.125955682673452
 10
10.489550092985125
 20
6.128295012165585
 10
10.475073006898027
 20
6.130990439650551
 10
10.379785036062016
 20
6.149944433800625
 10
10.365378754528036
 20
6.152994269385668
 10
10.351051657058175
 20
6.156396727735331
 10
10.336812373439756
 20
6.160149759412033
 10
10.322669480566288
 20
6.164251103813778
 10
10.308631497271257
 20
6.1686982905357945
 10
10.294706879196882
 20
6.173488640858565
 10
10.280904013700953
 20
6.178619269361331
 10
10.26723121480478
 20
6.184087085660087
 10
10.253696718185331
 20
6.189888796269054
 10
10.240308676214543
 20
6.196020906584474
 10
10.227075153048824
 20
6.202479722989549
 10
10.21400411977169
 20
6.209261355079257
 10
10.20110344959246
 20
6.216361718003701
 10
10.1883809131039
 20
6.223776534928573
 10
10.175844173601691
 20
6.231501339611271
 10
10.163500782468509
 20
6.23953147909109
 10
10.08271880716004
 20
6.293507462479964
 10
10.070575552347846
 20
6.301838555521405
 10
10.058640417561035
 20
6.310465160086336
 10
10.046920592584156
 20
6.319382079465267
 10
10.035423137498057
 20
6.328583942061621
 10
10.024154978426857
 20
6.338065204627608
 10
10.01312290336562
 20
6.347820155603509
 10
10.002333558091221
 20
6.3578429185583465
 10
9.991793442158912
 20
6.368127455729873
 10
8.380229456057595
 20
7.979691441763446
 10
8.369944918958964
 20
7.990231557618293
 10
8.359922156073187
 20
8.001020902811687
 10
8.350167205162382
 20
8.012052977788521
 10
8.340685942657402
 20
8.023321136772061
 10
8.331484080117846
 20
8.0348185917674
 10
8.322567160791394
 20
8.046538416650574
 10
8.313940556274508
 20
8.058473551340889
 10
8.305609463276577
 20
8.07061680605396
 10
8.251633479761987
 20
8.151398781295233
 10
8.243603340264125
 20
8.163742172416724
 10
8.235878535563103
 20
8.176278911907689
 10
8.228463718619635
 20
8.189001448385456
 10
8.221363355676338
 20
8.201902118554354
 10
8.21458172356753
 20
8.21497315182162
 10
8.208122907143121
 20
8.228206674977947
 10
8.201990796808142
 20
8.24159471693982
 10
8.196189086179402
 20
8.255129213550836
 10
8.190721269860674
 20
8.268802012439062
 10
8.18559064133775
 20
8.28260487792754
 10
8.180800290994645
 20
8.29652949599496
 10
8.17635310425213
 20
8.31056747928354
 10
8.172251759829734
 20
8.32471037215106
 10
8.168498728132242
 20
8.338949655764038
 10
8.165096269761666
 20
8.353276753228972
 10
8.162046434155593
 20
8.36768303475854
 10
8.14309243986923
 20
8.462971005553085
 10
8.14039701234993
 20
8.477448091712382
 10
8.138057682827117
 20
8.491986966860043
 10
8.136075860430989
 20
8.506578873286749
 10
8.134452738941961
 20
8.521215021339001
 10
8.133189296071588
 20
8.53588659471369
 10
8.132286292873614
 20
8.550584755768732
 10
8.131744273285548
 20
8.565300650846563
 10
8.131563563801013
 20
8.580025415607256
 10
8.131563563761935
 20
8.672258965538328
 10
8.129952059193586
 20
8.695475630083063
 10
8.102872229775773
 20
8.810614611503592
 10
8.057921365190097
 20
8.9124190734339
 10
8.026295956306878
 20
8.958586361025489
 10
8.025634439783586
 20
8.95858636103607
  0
LWPOLYLINE
  5
5B
330
17
100
AcDbEntity
  8
0
100
AcDbPolyline
 90
392
 70
0
 10
-0.124487431246881
 20
15.256860404616999
 10
-0.12448743124419515
 20
2.573165407806923
 10
-0.12413956405494109
 20
2.551902616575292
 10
-0.1236065641593439
 20
2.535617619846698
 10
-0.12256290945659765
 20
2.514371095011464
 10
-0.10671590976185308
 20
2.272577099832903
 10
-0.10563337566821573
 20
2.258428216854648
 10
-0.10424223179952152
 20
2.2443063370813023
 10
-0.10254314117266083
 20
2.230218190977647
 10
-0.09829114201699063
 20
2.197931197470739
 10
-0.09628768262739373
 20
2.1839014798059506
 10
-0.09397882562491855
 20
2.169918775967938
 10
-0.09136566858753614
 20
2.155989733015265
 10
-0.04568566985369049
 20
1.926342739435537
 10
-0.04276908800714929
 20
1.91247232336491
 10
-0.03955076264495083
 20
1.8986687994125668
 10
-0.03603222405170858
 20
1.8849387310293524
 10
-0.02760622573582272
 20
1.8534887373567217
 10
-0.02378542111670201
 20
1.839825868905311
 10
-0.019667335294291655
 20
1.8262496436781974
 10
-0.015253930061916887
 20
1.8127665291821733
 10
0.060015067843124714
 20
1.5910315353869853
 10
0.06471851357199154
 20
1.5776566818631312
 10
0.06971255476916716
 20
1.564387595194115
 10
0.0749948154631439
 20
1.5512305882977948
 10
0.08744481296754847
 20
1.5211725943508974
 10
0.09301499552880821
 20
1.508128891625921
 10
0.09886845409845946
 20
1.4952098306183752
 10
0.10500240166611152
 20
1.482421562487756
 10
0.20857439877931827
 20
1.2723985683657708
 10
0.21498490448478735
 20
1.2597491227519035
 10
0.22166984170628845
 20
1.2472425376031664
 10
0.228626028522935
 20
1.2348847658497335
 10
0.24489702525834967
 20
1.2067027715254839
 10
0.25212042621671915
 20
1.1945008890679
 10
0.25960827543325127
 20
1.182459478393708
 10
0.2673570095159036
 20
1.170584269888995
 10
0.3059813495513234
 20
1.1127787609896926
 10
0.39744634783180943
 20
0.9758917635823621
 10
0.40545427227121633
 20
0.9641855856067403
 10
0.41371570648109646
 20
0.9526569186664556
 10
0.42222671701184233
 20
0.9413112518121136
 10
0.4420557130343108
 20
0.9154702570132085
 10
0.4508094671394147
 20
0.9043164564652022
 10
0.4598044262818367
 20
0.8933562471778079
 10
0.4690363104467723
 20
0.8825948442784393
 10
0.6234143061380353
 20
0.7065618492078327
 10
0.6328793868481224
 20
0.6960036483040923
 10
0.6425725277468257
 20
0.6856544271406375
 10
0.6524891159682398
 20
0.6755191108052134
 10
0.6755181113461817
 20
0.6524901154424061
 10
0.6856534275995854
 20
0.6425735273124094
 10
0.6960026486772167
 20
0.6328803865013616
 10
0.7065608494914577
 20
0.6234153058750458
 10
0.8825938445756143
 20
0.4690373102003953
 10
0.8933571287792387
 20
0.4598038474201507
 10
0.9043192873473356
 20
0.450807392491122
 10
0.9154751024179939
 20
0.4420522276228044
 10
0.9413140972298715
 20
0.4222252316172844
 10
0.952657305869692
 20
0.41371622285932963
 10
0.9641834312506218
 20
0.40545668013636094
 10
0.9758869879831705
 20
0.39745053424102117
 10
1.1705759825453836
 20
0.2673625378873269
 10
1.182450830970887
 20
0.2596139620426585
 10
1.1944918737296013
 20
0.25212625598325267
 10
1.2066933809241405
 20
0.24490298283800416
 10
1.2348853752588311
 20
0.22862598612131324
 10
1.2472450367985288
 20
0.22166866508684413
 10
1.2597535586911532
 20
0.2149826775446554
 10
1.2724049852345447
 20
0.20857120690448872
 10
1.482415979366934
 20
0.10500620980997999
 10
1.4951990726946844
 20
0.09887474013845321
 10
1.5081128544153457
 20
0.09302353197005331
 10
1.5211511808565905
 20
0.08745536899018569
 10
1.5512241748114934
 20
0.07499837150581479
 10
1.5643854799222656
 20
0.06971409950324114
 10
1.5776589440706437
 20
0.0647182379841682
 10
1.5910382480345646
 20
0.060013165375054967
 10
1.8086169645527292
 20
-0.013845077850352938
 10
1.8127559616100115
 20
-0.015250076840115812
 10
1.8262369681138415
 20
-0.019662807002361338
 10
1.8398110570956834
 20
-0.023780310147974548
 10
1.853471764084009
 20
-0.027600625373215726
 10
1.8849317577622349
 20
-0.03602962366836748
 10
1.8986637950406648
 20
-0.039548782846142494
 10
1.9124693111601625
 20
-0.04276764193112925
 10
1.9263417398131344
 20
-0.045684669939721534
 10
2.155988733395228
 20
-0.09136466865220116
 10
2.1699220532486407
 20
-0.09397857987088565
 10
2.18390906484379
 20
-0.09628800417876437
 10
2.1979431149988127
 20
-0.09829184305526939
 10
2.2302351085084577
 20
-0.102543842189872
 10
2.2443180882658593
 20
-0.10424208084344155
 10
2.258434773134574
 20
-0.10563259933999469
 10
2.272578440085297
 20
-0.10671473544922128
 10
2.4851064981418696
 20
-0.12064454262430416
 10
2.514362558064816
 20
-0.12256234989227044
 10
2.5356176202238245
 20
-0.12360656417434313
 10
2.5519026169522263
 20
-0.12413956406458992
 10
2.573165407971118
 20
-0.124487431246874
 10
22.876859404698862
 20
-0.12448743124419526
 10
22.89812350028121
 20
-0.12413952136287765
 10
22.91440749700954
 20
-0.12360652146728046
 10
22.935663102134633
 20
-0.12256222877144551
 10
22.961454174966985
 20
-0.12087148621826277
 10
23.177445246399166
 20
-0.10671474369836809
 10
23.1915889557479
 20
-0.10563260665310625
 10
23.205705682893512
 20
-0.10424208537581625
 10
23.219788704746417
 20
-0.10254384210208645
 10
23.252080698253206
 20
-0.09829184294628834
 10
23.26611474828587
 20
-0.09628800407920013
 10
23.280101759759333
 20
-0.09397857978603963
 10
23.2940350794919
 20
-0.09136466858734904
 10
23.52368207307007
 20
-0.04568466985383024
 10
23.537554501842468
 20
-0.042767641817434976
 10
23.551360018080153
 20
-0.03954878269944362
 10
23.565092055475358
 20
-0.03602962348350447
 10
23.59655204914807
 20
-0.027600625167668813
 10
23.61021258588709
 20
-0.023780359553334574
 10
23.623786506866058
 20
-0.01966291342510129
 10
23.637267347855072
 20
-0.015250247610530954
 10
23.78069407821714
 20
0.033436394948079484
 10
23.85898907527083
 20
0.06001539395917266
 10
23.87235476865007
 20
0.06471574578509809
 10
23.885614839066452
 20
0.06970629679153395
 10
23.898762986492446
 20
0.07498467590444025
 10
23.92884998044008
 20
0.08744567340933573
 10
23.9418997749299
 20
0.09301809142451944
 10
23.954824819091975
 20
0.0988740466985153
 10
23.967618953293293
 20
0.10501074848377068
 10
24.17761494741485
 20
0.20856974559677577
 10
24.190260566827817
 20
0.21497827879761977
 10
24.202763413977557
 20
0.22166107770781696
 10
24.215117541325473
 20
0.22861496335509213
 10
24.24332153564956
 20
0.24489796009058307
 10
24.25552758155239
 20
0.252123577900066
 10
24.267573052021877
 20
0.25961382158631807
 10
24.279452210929488
 20
0.2673651242483509
 10
24.47413420547863
 20
0.3974481206190753
 10
24.485839986511852
 20
0.4054558041630879
 10
24.497368267753192
 20
0.4137169806506966
 10
24.508713560694524
 20
0.42222771701214856
 10
24.534554555493052
 20
0.4420567130343328
 10
24.54570835604101
 20
0.45081046713940165
 10
24.55666856532836
 20
0.45980542628178594
 10
24.567429968227685
 20
0.4690373104466814
 10
24.743462963298242
 20
0.623415306137852
 10
24.754021164202157
 20
0.6328803868480961
 10
24.764370385365776
 20
0.6425735277469631
 10
24.77450570170136
 20
0.6524901159685491
 10
24.797534697064425
 20
0.6755191113467894
 10
24.807451285194244
 20
0.6856544276000243
 10
24.817144426005118
 20
0.6960036486774801
 10
24.82660950663127
 20
0.7065618494915378
 10
24.980987502305894
 20
0.8825948445755878
 10
24.990219386548965
 20
0.8933562475700881
 10
24.999214345765353
 20
0.9043164569559989
 10
25.007968099940147
 20
0.9154702576057687
 10
25.027797095946088
 20
0.9413112524184157
 10
25.036307832227273
 20
0.9526565452660976
 10
25.04456900863886
 20
0.964184826410491
 10
25.052576692111202
 20
0.9758906073436167
 10
25.182659688464227
 20
1.1705726019047888
 10
25.19040885333433
 20
1.1824484051491178
 10
25.197897106672734
 20
1.1944904282690865
 10
25.2051208845264
 20
1.2066929399942556
 10
25.22140688124299
 20
1.2349009343286856
 10
25.22836331765684
 20
1.2472591698447308
 10
25.23504848416616
 20
1.25976622950688
 10
25.24145919850462
 20
1.272416159716987
 10
25.345015195599096
 20
1.4824081538493106
 10
25.351147997583283
 20
1.4951940568297761
 10
25.357000414673134
 20
1.5081107045918531
 10
25.362569661386644
 20
1.5211519494038785
 10
25.375033658871004
 20
1.5512429433585726
 10
25.380316938758995
 20
1.5644022034051472
 10
25.385311899317472
 20
1.5776735839048337
 10
25.390016163309227
 20
1.5910507686476751
 10
25.465275161194015
 20
1.8127577624495987
 10
25.469687789046862
 20
1.8262385058341362
 10
25.473805201536127
 20
1.839812327741053
 10
25.47762543787918
 20
1.8534727640829378
 10
25.48605443617451
 20
1.8849327577617463
 10
25.48957359535233
 20
1.8986647950403133
 10
25.49279245443735
 20
1.9124703111599497
 10
25.495709482445974
 20
1.9263427398130617
 10
25.541389481158447
 20
2.1559897333951485
 10
25.544003392377146
 20
2.1699230532486427
 10
25.546312816685035
 20
2.1839100648438743
 10
25.548316655561546
 20
2.197944114998979
 10
25.55256865469617
 20
2.230236108508887
 10
25.554266854747624
 20
2.244318735838512
 10
25.55565735004146
 20
2.2584350667625763
 10
25.556739478391517
 20
2.2725783787563727
 10
25.572587478062314
 20
2.5143663737751694
 10
25.57363141936478
 20
2.5356179244135153
 10
25.574164419255005
 20
2.551903921140252
 10
25.574512243753137
 20
2.573165407970132
 10
25.574512243750466
 20
15.25686040469924
 10
25.574164419245363
 20
15.27812189174185
 10
25.573631419349738
 20
15.294407888470257
 10
25.57258747805189
 20
15.315659438931482
 10
25.556739478357105
 20
15.557447434111301
 10
25.5556573499949
 20
15.571590746234948
 10
25.554266854683252
 20
15.585707077288289
 10
25.552568654608343
 20
15.59978970474643
 10
25.54831665545249
 20
15.632081698253609
 10
25.546312816585402
 20
15.646115748286238
 10
25.544003392292247
 20
15.660102759759665
 10
25.541389481093564
 20
15.674036079492197
 10
25.49570948236023
 20
15.903683073069438
 10
25.49279245432389
 20
15.917555501841587
 10
25.489573595205965
 20
15.931361018079023
 10
25.486054435990102
 20
15.945093055473984
 10
25.47762543767411
 20
15.976553049147428
 10
25.473805122330898
 20
15.990213756507263
 10
25.469687619051097
 20
16.003787845855484
 10
25.46527488873862
 20
16.017268852720033
 10
25.463869646016462
 20
16.021408567755657
 10
25.390011647006418
 20
16.238986564806055
 10
25.385306574351336
 20
16.25236586889434
 10
25.380310712780883
 20
16.26563933316503
 10
25.37502644072159
 20
16.278800638395886
 10
25.362569443217005
 20
16.308873632343584
 10
25.357001280278045
 20
16.321911958668686
 10
25.35115007215552
 20
16.334825740275228
 10
25.345018602534758
 20
16.347608833491048
 10
25.241453605421462
 20
16.5576198276132
 10
25.235042134723543
 20
16.57027125426473
 10
25.228356147118898
 20
16.582779776262942
 10
25.22139882601735
 20
16.59513943790553
 10
25.205121829282234
 20
16.623331432229357
 10
25.197898556192552
 20
16.635532939314377
 10
25.190410850193356
 20
16.647573981966218
 10
25.182662274413453
 20
16.65944883028765
 10
25.052574278041767
 20
16.854137824838283
 10
25.04456813207494
 20
16.865841381670666
 10
25.036308589276146
 20
16.87736750714829
 10
25.02779958043813
 20
16.888710715881516
 10
25.00797258441533
 20
16.91454971068071
 10
24.999217419616496
 20
16.92570552564989
 10
24.990220964761214
 20
16.936667684119747
 10
24.980987502058877
 20
16.947430968228506
 10
24.826609506368197
 20
17.123463963298438
 10
24.817144425658228
 20
17.13402216420205
 10
24.807451284759647
 20
17.144371385365382
 10
24.79753469653836
 20
17.15450670170069
 10
24.774505701160603
 20
17.177535697063348
 10
24.76437038490709
 20
17.187452285193462
 10
24.754021163829343
 20
17.197145426004628
 10
24.743462963014984
 20
17.20661050663105
 10
24.567429967930245
 20
17.36098850230622
 10
24.556668845477414
 20
17.370220151143556
 10
24.54570892676894
 20
17.37921488730446
 10
24.534555426524676
 20
17.38796843110123
 10
24.508718431712637
 20
17.40779442710675
 10
24.4973726379392
 20
17.416305560414227
 10
24.485843839204197
 20
17.424567111494664
 10
24.474137524756596
 20
17.432575146745638
 10
24.27944153019541
 20
17.562667143098654
 10
24.26756600172771
 20
17.570416111749946
 10
24.255524261485956
 20
17.5779041811604
 10
24.24332204033326
 20
17.58512778763407
 10
24.215140045998204
 20
17.60139878435104
 10
24.202782274347634
 20
17.608354971100628
 10
24.190275689304457
 20
17.61503990825969
 10
24.1776262437987
 20
17.62145041390742
 10
23.967603249667206
 20
17.725022411001458
 10
23.954814981424693
 20
17.731156358619856
 10
23.941895920303068
 20
17.737009817235357
 10
23.928852217461987
 20
17.742579999837503
 10
23.898794223507203
 20
17.75502999732199
 10
23.8856372167219
 20
17.76031225796278
 10
23.87236813016598
 20
17.765306299111714
 10
23.858993276757136
 20
17.770009744797342
 10
23.637258282954807
 20
17.84527874268222
 10
23.623775168341428
 20
17.849692147950236
 10
23.61019894299543
 20
17.85381023380316
 10
23.596536074423778
 20
17.85763103844761
 10
23.565086080745385
 20
17.866057036742884
 10
23.55135601247895
 20
17.86957557529796
 10
23.537552488644803
 20
17.872793900627155
 10
23.52368207269361
 20
17.87571048244589
 10
23.294035079110152
 20
17.921390481158646
 10
23.28010603603654
 20
17.92400363821604
 10
23.266123332076745
 20
17.926312495233248
 10
23.252093614289507
 20
17.928315954632275
 10
23.219806620779863
 20
17.93256795376672
 10
23.205718474804726
 20
17.934267044370124
 10
23.191596595160657
 20
17.935658188221
 10
23.177447712312258
 20
17.936740722302492
 10
22.935653717295978
 20
17.95258772197319
 10
22.914407192283797
 20
17.953631376680555
 10
22.898122195554244
 20
17.954164376570844
 10
22.876859404535153
 20
17.954512243753133
 10
2.5731654078072945
 20
17.954512243750454
 10
2.5519026165752026
 20
17.954164376561188
 10
2.535617619846488
 20
17.953631376665577
 10
2.514368949196695
 20
17.952587581324153
 10
2.2725719540165428
 20
17.936739581629325
 10
2.2584286293937743
 20
17.93565748676095
 10
2.2443122851346073
 20
17.934267024447234
 10
2.2302296437796136
 20
17.932568856859568
 10
2.1979446502729068
 20
17.928317857703746
 10
2.183910085049418
 20
17.92631397372014
 10
2.169922561326478
 20
17.924004481972528
 10
2.1559887330141687
 20
17.921390481093567
 10
1.926341739435798
 20
17.875710482360027
 10
1.9124725550390254
 20
17.872794173556287
 10
1.898670250268367
 20
17.86957617481665
 10
1.8849413868267848
 20
17.866058015998057
 10
1.853494393153841
 20
17.857633017682055
 10
1.8398300520796853
 20
17.85381186990951
 10
1.826252371641992
 20
17.849693377318477
 10
1.8127678214183265
 20
17.84527950231391
 10
1.5910248276232368
 20
17.77000750440889
 10
1.577649392402769
 20
17.765303829613046
 10
1.564379733972154
 20
17.760309533961323
 10
1.5512221660776686
 20
17.7550269937557
 10
1.5211741721309164
 20
17.742580996251398
 10
1.5081319888308171
 20
17.73701141974594
 10
1.4952144189366428
 20
17.73115863274207
 10
1.4824276114796857
 20
17.725025421287842
 10
1.2723926173579156
 20
17.621448424174705
 10
1.2597398865955798
 20
17.615036264515435
 10
1.2472300910011147
 20
17.608349531275294
 10
1.2348691881219063
 20
17.601391408881224
 10
1.2067001937979436
 20
17.585127412146054
 10
1.1945007966477668
 20
17.577905296088893
 10
1.1824618104881592
 20
17.57041883741876
 10
1.1705889622944647
 20
17.56267159746247
 10
0.9758789677442559
 20
17.43257060109103
 10
0.964173231865886
 20
17.424562992753998
 10
0.952644993114371
 20
17.416301893854847
 10
0.9412997399158947
 20
17.407791237382167
 10
0.9154807451171543
 20
17.387979241359826
 10
0.9043263068138907
 20
17.37922502785586
 10
0.8933654808122589
 20
17.37022958226955
 10
0.8826034831108744
 20
17.360997185321313
 10
0.7065604880395187
 20
17.20661018962944
 10
0.6960058808762704
 20
17.197148387760105
 10
0.6856601085530832
 20
17.187458680745863
 10
0.6755280911388829
 20
17.177545676655104
 10
0.6525010957760421
 20
17.1545196812769
 10
0.6425808413148184
 20
17.144380980489835
 10
0.6328841882480034
 20
17.134028221363547
 10
0.6234157543568246
 20
17.123466334132875
 10
0.4690267586826566
 20
16.94742033904927
 10
0.4597946656100946
 20
16.936658658800187
 10
0.4507995095028915
 20
16.925698162876603
 10
0.4420455706787847
 20
16.914544066797237
 10
0.42223357467334055
 20
16.88872507198536
 10
0.4137229182806794
 20
16.877379818880236
 10
0.4054618194573122
 20
16.865851580225357
 10
0.3974542111917281
 20
16.854145844446766
 10
0.2673532148381803
 20
16.659435849884833
 10
0.25960597481702385
 20
16.647563001586914
 10
0.2521195160865869
 20
16.635524015320275
 10
0.2448973999737738
 20
16.623324618060416
 10
0.2286334032569577
 20
16.595155623725447
 10
0.22167528093005373
 20
16.582794720949266
 10
0.21498854775245435
 20
16.570284925460534
 10
0.2085763881510161
 20
16.55763219480648
 10
0.10499939105717715
 20
16.347597200675466
 10
0.09886617955216659
 20
16.334810393106537
 10
0.0930133925024118
 20
16.321892823098203
 10
0.08744381595603534
 20
16.308850639681918
 10
0.07499781847144482
 20
16.278802645726767
 10
0.06971527831902857
 20
16.265645077943333
 10
0.06472098271556792
 20
16.25237541962585
 10
0.06001730796297644
 20
16.23899998452043
 10
-0.015254689921892384
 20
16.017256990718007
 10
-0.01966856496209657
 20
16.00377244037699
 10
-0.023787057583633975
 20
15.990194759820419
 10
-0.027608205381507878
 20
15.976530418626027
 10
-0.03603320367657736
 20
15.9450834249485
 10
-0.03955136245698421
 20
15.931354561623772
 10
-0.04276936116360086
 20
15.91755225697138
 10
-0.04568566993952061
 20
15.903683072694117
 10
-0.09136566865217788
 20
15.674036079111191
 10
-0.09397966955118686
 20
15.66010225067774
 10
-0.09628916131355947
 20
15.646114726832812
 10
-0.09829304530660754
 20
15.632080161486664
 10
-0.10254404444120557
 20
15.599795167977037
 10
-0.10424222336768807
 20
15.585712423013627
 10
-0.10563269249309437
 20
15.571595974700328
 10
-0.1067147896330588
 20
15.557452545726049
 10
-0.11265176385493442
 20
15.46686993903264
 10
-0.12256273821474972
 20
15.315657330186378
 10
-0.1236065641708648
 20
15.294408192389353
 10
-0.1241395640611187
 20
15.278123195742216
 10
-0.124487431246881
 20
15.256860404616999
  0
LWPOLYLINE
  5
5C
330
17
100
AcDbEntity
  8
0
100
AcDbPolyline
 90
6
 70
0
 10
13.083184150075377
 20
6.169336434084546
 10
13.101009041317434
 20
6.169336433914556
 10
13.121250909283317
 20
6.189578301257112
 10
13.107924678780225
 20
6.182100803566853
 10
13.093824673521974
 20
6.174638067292832
 10
13.083184150075377
 20
6.169336434084546
  0
LWPOLYLINE
  5
5D
330
17
100
AcDbEntity
  8
0
100
AcDbPolyline
 90
56
 70
0
 10
13.444169121314989
 20
6.512496503344861
 10
13.930634003062384
 20
6.998961370112086
 10
13.472820108481164
 20
7.456775333549673
 10
13.431618972187271
 20
7.471517335827638
 10
13.416665604580801
 20
7.47707565841549
 10
13.410447747585955
 20
7.479562230402957
 10
13.416319620684119
 20
7.47157699632213
 10
13.425452238822524
 20
7.458496558015142
 10
13.434261093521634
 20
7.445195931742112
 10
13.442740878564452
 20
7.431683129442348
 10
13.45088648595668
 20
7.417966290864288
 10
13.458693009003646
 20
7.404053678662332
 10
13.466155745265967
 20
7.38995367341964
 10
13.473270199392159
 20
7.3756747685999
 10
13.480032085826528
 20
7.36122556543109
 10
13.486437331390666
 20
7.3466147677243265
 10
13.49248207773703
 20
7.3318511766309316
 10
13.498162683673105
 20
7.316943685340848
 10
13.503475727354752
 20
7.301901273725626
 10
13.534705714649816
 20
7.209902311444935
 10
13.539647988800322
 20
7.19473406255691
 10
13.544216524244268
 20
7.179449091768412
 10
13.548408569026774
 20
7.164056606307991
 10
13.552221597980147
 20
7.148565878167953
 10
13.555653314244973
 20
7.132986238519182
 10
13.55870165065368
 20
7.1173270720903075
 10
13.561364770975738
 20
7.1015978115146146
 10
13.563641071023753
 20
7.085807931648091
 10
13.565529179619782
 20
7.0699669438620525
 10
13.567027959421296
 20
7.05408439031376
 10
13.568136507606274
 20
7.038169838198496
 10
13.568854156417046
 20
7.02223287398657
 10
13.569180473562527
 20
7.006283097648691
 10
13.569115262478615
 20
6.990330116873225
 10
13.5686585624466
 20
6.974383541278804
 10
13.567810648569498
 20
6.958452976625759
 10
13.561456651266361
 20
6.8615060163363015
 10
13.560218026192514
 20
6.845600968856394
 10
13.5585894397331
 20
6.829731109576745
 10
13.556571872913045
 20
6.813905998154126
 10
13.55416654107056
 20
6.798135167290179
 10
13.551374893125033
 20
6.782428116989124
 10
13.548198610704244
 20
6.766794308835156
 10
13.544639607131378
 20
6.751243160293006
 10
13.540700026272495
 20
6.735784039035057
 10
13.536382241245093
 20
6.720426257298464
 10
13.531688852988616
 20
6.705179066275668
 10
13.526622688697685
 20
6.690051650541678
 10
13.52118680011907
 20
6.675053122521484
 10
13.515384461713378
 20
6.66019251700093
 10
13.509219168682593
 20
6.645478785684359
 10
13.502694634864643
 20
6.630920791802299
 10
13.495814790496262
 20
6.616527304772447
 10
13.452843808184063
 20
6.529391340426699
 10
13.445613107031958
 20
6.5151716211713575
 10
13.444169121314989
 20
6.512496503344861
  0
LWPOLYLINE
  5
5E
330
17
100
AcDbEntity
  8
0
100
AcDbPolyline
 90
392
 70
0
 10
-0.17448742624688152
 20
15.256860404616988
 10
-0.17448742624419566
 20
2.573165407806912
 10
-0.17411280004048635
 20
2.5502670172560618
 10
-0.17357980014488916
 20
2.533982020527468
 10
-0.1724558643114712
 20
2.5111011476342715
 10
-0.15660886461672663
 20
2.2693071524557102
 10
-0.15544305867005292
 20
2.2540698938679298
 10
-0.15394490373494762
 20
2.2388617156546586
 10
-0.1521151138296003
 20
2.223689866008736
 10
-0.1478631146739301
 20
2.191402872501828
 10
-0.1457055430241878
 20
2.1762939457900528
 10
-0.14321908163759
 20
2.1612356493532534
 10
-0.14040491252118203
 20
2.1462351415621876
 10
-0.09472491378733638
 20
1.9165881479824598
 10
-0.09158397949192398
 20
1.9016507768335804
 10
-0.08811809064127785
 20
1.8867854433505258
 10
-0.08432889523421183
 20
1.871999215864972
 10
-0.07590289691832597
 20
1.8405492221923414
 10
-0.07178818425271094
 20
1.8258353638640952
 10
-0.06735332259902593
 20
1.811214813623528
 10
-0.06260042465777416
 20
1.7966945364779527
 10
0.012668573247267445
 20
1.5749595426827647
 10
0.017733822492347895
 20
1.560555854276417
 10
0.023112020703213276
 20
1.5462660686367875
 10
0.028800609141317657
 20
1.5320969842907968
 10
0.04125060664572222
 20
1.5020389903438993
 10
0.04724926478696945
 20
1.4879919258747067
 10
0.05355298939870823
 20
1.4740790909473258
 10
0.06015877908513412
 20
1.4603071098873655
 10
0.16373077619834087
 20
1.2502841157653803
 10
0.170634397725411
 20
1.2366616358772657
 10
0.17783356088504965
 20
1.2231930057207874
 10
0.1853248389932265
 20
1.2098846361438236
 10
0.20159583572864115
 20
1.181702641819574
 10
0.20937488291244033
 20
1.168562153022709
 10
0.2174387205280286
 20
1.1555944799925264
 10
0.22578351107628503
 20
1.1428057939140412
 10
0.26440787741516325
 20
1.085000245648804
 10
0.3558728756956493
 20
0.9481132482414735
 10
0.3644967943203338
 20
0.935506595040421
 10
0.37339372346699107
 20
0.9230911075696794
 10
0.38255942711296875
 20
0.9108726971145138
 10
0.4023884231354372
 20
0.8850317023156087
 10
0.4118155429383439
 20
0.8730199171133632
 10
0.42150242201213706
 20
0.8612166148071043
 10
0.43144445111010565
 20
0.8496274116878912
 10
0.5858224468013686
 20
0.6735944166172847
 10
0.5960156106402005
 20
0.6622240464163802
 10
0.6064543777590132
 20
0.651078731320337
 10
0.6171337804560637
 20
0.640163775269802
 10
0.6401627758340056
 20
0.6171347799069946
 10
0.651077731796211
 20
0.6064553773083936
 10
0.662223046799829
 20
0.5960166102839792
 10
0.6735934169043494
 20
0.5858234465353624
 10
0.849626411988506
 20
0.43144545086071195
 10
0.8612176411276864
 20
0.42150172171548805
 10
0.8730230426593166
 20
0.4118132317945804
 10
0.8850369973474943
 20
0.40238459270821325
 10
0.9108759921593719
 20
0.3825575967026933
 10
0.9230917553065918
 20
0.37339404881202864
 10
0.9355045057134139
 20
0.3644991566512752
 10
0.9481083360373115
 20
0.35587715338173953
 10
1.1427973305995247
 20
0.22578915702804525
 10
1.1555856289003996
 20
0.2174445368899256
 10
1.1685529057139141
 20
0.20938085344355006
 10
1.1816929903813462
 20
0.20160194390465025
 10
1.209884984716037
 20
0.18532494718795933
 10
1.2231953894474394
 20
0.1778324476144355
 10
1.2366661053281032
 20
0.17063215334021042
 10
1.2502907185249357
 20
0.16372749265269693
 10
1.460301712657325
 20
0.0601624955581882
 10
1.474068120852659
 20
0.05355937437528113
 10
1.4879752703941658
 20
0.04725807327258158
 10
1.502016545019341
 20
0.04126159006514085
 10
1.532089538974244
 20
0.02880459258076995
 10
1.5462632521665662
 20
0.023113838118023255
 10
1.5605577520147385
 20
0.01773367956049976
 10
1.5749662332026952
 20
0.012666678290539135
 10
1.7925450050880585
 20
-0.06119158372952038
 10
1.7966840021453407
 20
-0.06259658271928326
 10
1.811202009145477
 20
-0.06734875366193449
 10
1.8258202588142136
 20
-0.07178298781753056
 10
1.8405317894129842
 20
-0.07589717344358304
 10
1.87199178309121
 20
-0.0843261717387348
 10
1.8867801309254566
 20
-0.08811603546760516
 10
1.9016476098192925
 20
-0.09158249909663863
 10
1.9165871483645427
 20
-0.0947239138742596
 10
2.1462341419466364
 20
-0.14040391258673923
 10
2.161239255630805
 20
-0.14321889389839537
 10
2.176302191190674
 20
-0.1457059662292739
 10
2.1914157836611614
 20
-0.1478639465572248
 10
2.2237077771708065
 20
-0.1521159456918274
 10
2.2388740630592263
 20
-0.15394481808747684
 10
2.2540766467598194
 20
-0.15544229954489186
 10
2.269308288087182
 20
-0.1566076768929695
 10
2.4818361201048535
 20
-0.1705374692526989
 10
2.511091953986794
 20
-0.17245526170311676
 10
2.5339820209209765
 20
-0.17357980016042462
 10
2.5502670176493782
 20
-0.17411280005067142
 10
2.573165407971125
 20
-0.1744874262468744
 10
22.87685940469887
 20
-0.17448742624419566
 10
22.899759199935104
 20
-0.17411275406441806
 10
22.916043196663438
 20
-0.17357975416882088
 10
22.938933848330326
 20
-0.17245513126592293
 10
22.96472461921504
 20
-0.17076440850702032
 10
23.18071538867826
 20
-0.15660768577913287
 10
23.195947075665018
 20
-0.15544230742301735
 10
23.211149704894577
 20
-0.15394482297096257
 10
23.226316036116618
 20
-0.15211594559975583
 10
23.258608029623407
 20
-0.14786394644395773
 10
23.273721621962125
 20
-0.14570596612614795
 10
23.288784557390944
 20
-0.14321889381111985
 10
23.303789670944973
 20
-0.1404039125209956
 10
23.533436664523144
 20
-0.0947239137874768
 10
23.54837620319701
 20
-0.091582498979914
 10
23.563243682218122
 20
-0.0881160353153373
 10
23.578032030178125
 20
-0.08432617154536715
 10
23.609492023850837
 20
-0.07589717322953149
 10
23.6242033711042
 20
-0.07178304103060962
 10
23.638821439846765
 20
-0.06734886827834574
 10
23.653339268600178
 20
-0.0625967666331908
 10
23.796766824625283
 20
-0.013909843792706988
 10
23.875061821678973
 20
0.012669155218386186
 10
23.889455645314197
 20
0.017731072567991557
 10
23.903735721143303
 20
0.023105512111908033
 10
23.917895264521256
 20
0.028789920385784096
 10
23.94798225846889
 20
0.041250917890679584
 10
23.96203588330022
 20
0.04725198344384418
 10
23.975955161624782
 20
0.05355839681410712
 10
23.989733459991648
 20
0.060167152581028116
 10
24.199729454113204
 20
0.1637261496940332
 10
24.213347813477274
 20
0.17062764698535382
 10
24.226812418096372
 20
0.17782450734820476
 10
24.240116862928936
 20
0.18531330727398188
 10
24.268320857253023
 20
0.20159630400947282
 10
24.28146582976015
 20
0.2093777385713943
 10
24.294437874877573
 20
0.21744415484668056
 10
24.307230815236103
 20
0.2257917115573448
 10
24.501912809785246
 20
0.3558747079280692
 10
24.514519035509867
 20
0.36449836712694506
 10
24.52693410761251
 20
0.3733950187265406
 10
24.539152115392127
 20
0.3825604271132784
 10
24.564993110190656
 20
0.40238942313546266
 10
24.57700489539285
 20
0.41181654293833114
 10
24.588808197699063
 20
0.421503422012084
 10
24.600397400818228
 20
0.43144545111000954
 10
24.776430395888784
 20
0.5858234468011801
 10
24.787800766089877
 20
0.5960166106401814
 10
24.7989460811861
 20
0.6064553777591707
 10
24.809861037236807
 20
0.6171347804564058
 10
24.83289003259987
 20
0.6401637758346461
 10
24.84356943519828
 20
0.6510787317966704
 10
24.85400820222251
 20
0.6622240468000994
 10
24.86420136597095
 20
0.6735944169044217
 10
25.01857936164557
 20
0.8496274119884717
 10
25.028521390827684
 20
0.8612166152101344
 10
25.038208269981133
 20
0.8730199176224873
 10
25.04763538985909
 20
0.8850317029343246
 10
25.06746438586503
 20
0.9108726977469717
 10
25.076629794165328
 20
0.9230907054257331
 10
25.085526445683055
 20
0.9355057774239772
 10
25.094150104804747
 20
0.9481120030408037
 10
25.224233101157772
 20
1.1427939976019759
 10
25.232578355630974
 20
1.155583324169278
 10
25.240642628454733
 20
1.1685516567564502
 10
25.248422081525774
 20
1.1816928232260997
 10
25.264708078242364
 20
1.2099008175605297
 10
25.272199625147525
 20
1.2232096865741524
 10
25.27939903523251
 20
1.2366788277450746
 10
25.286302881441266
 20
1.2503018295060628
 10
25.38985887853574
 20
1.4602938236383864
 10
25.396463434516896
 20
1.4740632576135666
 10
25.402766037535002
 20
1.4879734936612126
 10
25.408763687840214
 20
1.5020179111472278
 10
25.421227685324574
 20
1.5321089051019219
 10
25.426917371356232
 20
1.5462804159174164
 10
25.4322965596485
 20
1.560572671836229
 10
25.437362690099764
 20
1.5749788707861008
 10
25.512621687984552
 20
1.7966858645880244
 10
25.51737374874785
 20
1.8112035882289224
 10
25.521807885273535
 20
1.8258215502785096
 10
25.52592198594954
 20
1.8405327894118821
 10
25.53435098424487
 20
1.8719927830906906
 10
25.538140847973786
 20
1.886781130925085
 10
25.54160731160286
 20
1.9016486098190701
 10
25.54474872638051
 20
1.9165881483644713
 10
25.590428725092984
 20
2.146235141946558
 10
25.593243706404657
 20
2.1612402556308137
 10
25.595730778735547
 20
2.176303191190771
 10
25.597888759063505
 20
2.191416783661347
 10
25.60214075819813
 20
2.223708777171255
 10
25.60396958902227
 20
2.23887468352207
 10
25.60546704549214
 20
2.254076886051501
 10
25.606632414484192
 20
2.269308145117559
 10
25.62248041415499
 20
2.5110961401363556
 10
25.62360465863426
 20
2.533982425432902
 10
25.624137658524486
 20
2.550268422159639
 10
25.624512238753137
 20
2.5731654079701425
 10
25.624512238750466
 20
15.256860404699252
 10
25.624137658514304
 20
15.27975739073885
 10
25.623604658618678
 20
15.296043387467256
 10
25.622480414144384
 20
15.318929672573056
 10
25.6066324144496
 20
15.560717667752876
 10
25.605467045444467
 20
15.575948926958773
 10
25.60396958895541
 20
15.591151129627425
 10
25.60214075810601
 20
15.606317036116641
 10
25.597888758950155
 20
15.63860902962382
 10
25.59573077863235
 20
15.6537226219625
 10
25.593243706317327
 20
15.668785557391281
 10
25.59042872502721
 20
15.683790670945271
 10
25.544748726293875
 20
15.913437664522512
 10
25.541607311486374
 20
15.928377203196108
 10
25.538140847821868
 20
15.943244682216955
 10
25.53435098405198
 20
15.958033030176695
 10
25.525921985735987
 20
15.98949302385014
 10
25.521807799982888
 20
16.004204554848997
 10
25.51737356568278
 20
16.018822804912293
 10
25.512621394578346
 20
16.033340812300896
 10
25.51121613310023
 20
16.03748058258973
 10
25.437358134090186
 20
16.255058579640128
 10
25.432291132770718
 20
16.269467060962015
 10
25.426910974157867
 20
16.283761560941908
 10
25.421220219634037
 20
16.29793527426355
 10
25.40876322212945
 20
16.32800826821125
 10
25.402766738966065
 20
16.342049542711347
 10
25.396465437912767
 20
16.355956692129958
 10
25.38986231678453
 20
16.36972310020475
 10
25.286297319671235
 20
16.579734094326902
 10
25.279392658921527
 20
16.59335870764019
 10
25.27219236458004
 20
16.606829423634565
 10
25.26469986493428
 20
16.620139828476773
 10
25.248422868199164
 20
16.6483318228006
 10
25.240643958720103
 20
16.661471907350087
 10
25.232580275338567
 20
16.67443918404851
 10
25.224235655270196
 20
16.687227482237308
 10
25.09414765889851
 20
16.88191647678794
 10
25.085525655551987
 20
16.894520307219352
 10
25.076630763309577
 20
16.906933057730306
 10
25.067467215332695
 20
16.91914882097812
 10
25.047640219309894
 20
16.944987815777314
 10
25.038211580298352
 20
16.957001770356204
 10
25.02852309045687
 20
16.96880717178204
 10
25.018579361395542
 20
16.980398400819055
 10
24.86420136570486
 20
17.156431395888987
 10
24.854008201866158
 20
17.167801766089752
 10
24.843569434747476
 20
17.178947081185665
 10
24.832890032050564
 20
17.18986203723607
 10
24.809861036672807
 20
17.21289103259873
 10
24.798946080710483
 20
17.22357043519746
 10
24.787800765706745
 20
17.234009202221998
 10
24.776430395602095
 20
17.244202365970732
 10
24.600397400517355
 20
17.3985803616459
 10
24.588808499417492
 20
17.40852213731415
 10
24.577005510042373
 20
17.418208776254
 10
24.56499404824416
 20
17.427635669571007
 10
24.53915705343212
 20
17.44746166557653
 10
24.526938506294854
 20
17.4566275014436
 10
24.514522876891338
 20
17.46552455645086
 10
24.501916076720462
 20
17.474148594411076
 10
24.307220082159276
 20
17.604240590764093
 10
24.29443105150527
 20
17.612585633924727
 10
24.28146302355617
 20
17.620649708672232
 10
24.268322170010723
 20
17.628428977180203
 10
24.240140175675666
 20
17.644699973897172
 10
24.22683180620948
 20
17.652191251933132
 10
24.213363176166684
 20
17.659390415025527
 10
24.199740696394993
 20
17.66629403649042
 10
23.9897177022635
 20
17.769866033584456
 10
23.97594572108304
 20
17.77647182332553
 10
23.962032886032805
 20
17.782775547986645
 10
23.947985821438575
 20
17.788774206171926
 10
23.91792782748379
 20
17.801224203656414
 10
23.903758743257356
 20
17.80691279203724
 10
23.889468957739524
 20
17.812290990196153
 10
23.875065269457032
 20
17.81735623939467
 10
23.653330275654703
 20
17.892625237279546
 10
23.638809998382744
 20
17.89737813525918
 10
23.62418944801415
 20
17.901812996945722
 10
23.609475589556414
 20
17.90592770963862
 10
23.57802559587802
 20
17.91435370793389
 10
23.563239368518232
 20
17.918142903299856
 10
23.54837403516246
 20
17.92160879211496
 10
23.5334366641422
 20
17.924749726380426
 10
23.303789670558743
 20
17.970429725093183
 10
23.288789162637435
 20
17.973243894231143
 10
23.27373086606949
 20
17.975730355633605
 10
23.258621939225844
 20
17.9778879272935
 10
23.2263349457162
 20
17.982139926427948
 10
23.211163096208683
 20
17.983969716308035
 10
23.195954918134635
 20
17.985467871223953
 10
23.180717659686696
 20
17.986633677157545
 10
22.938923664670416
 20
18.002480676828245
 10
22.91604279158666
 20
18.003604612666635
 10
22.899757794857106
 20
18.004137612556924
 10
22.876859404535146
 20
18.004512238753133
 10
2.573165407807288
 20
18.004512238750454
 10
2.5502670172559414
 20
18.00413761254673
 10
2.533982020527227
 20
18.00360461265112
 10
2.5110988367568132
 20
18.002480525360664
 10
2.269301841576661
 20
17.986632525665836
 10
2.254070568910171
 20
17.985467192730983
 10
2.23886835201986
 20
17.983969771778163
 10
2.2237024305648028
 20
17.982140975915023
 10
2.191417437058096
 20
17.9778899767592
 10
2.176303289898491
 20
17.975731947854374
 10
2.1612398028163855
 20
17.97324480289609
 10
2.1462341415610986
 20
17.970429725027213
 10
1.9165871479827281
 20
17.924749726293673
 10
1.901651103251845
 20
17.921609086044356
 10
1.8867870827336815
 20
17.91814354894108
 10
1.8720021528775779
 20
17.914354762522102
 10
1.840555159204634
 20
17.9059297642061
 10
1.8258397149749708
 20
17.90181468199064
 10
1.8112175975845488
 20
17.89737938227844
 10
1.7966957742707446
 20
17.892625978428676
 10
1.574952780475655
 20
17.817353980523656
 10
1.5605484656268005
 20
17.812288484591058
 10
1.5462580642439105
 20
17.80691001235222
 10
1.5320883757460497
 20
17.801221122901573
 10
1.5020403817992976
 20
17.788775125397272
 10
1.4879949536338184
 20
17.782777119931502
 10
1.474083724520837
 20
17.776474118544453
 10
1.4603133164940512
 20
17.76986912159556
 10
1.250278322372281
 20
17.66629212448242
 10
1.2366523046319706
 20
17.65938672177434
 10
1.2231802170724013
 20
17.65218562444078
 10
1.209868475513834
 20
17.64469226186461
 10
1.1816994811898713
 20
17.62842826512944
 10
1.168561668877906
 20
17.6206506016854
 10
1.1555966068634282
 20
17.61258826158132
 10
1.142810462658347
 20
17.60424508009222
 10
0.9481004681081383
 20
17.47414408372078
 10
0.9354942910118185
 20
17.46552050551404
 10
0.9230792646674447
 20
17.456623937471242
 10
0.9108612996878258
 20
17.44745861511857
 10
0.8850423048890854
 20
17.42764661909623
 10
0.8730298328734869
 20
17.418219004556086
 10
0.8612258664134332
 20
17.40853160161964
 10
0.8496360227382034
 20
17.398589020293503
 10
0.6735930276668476
 20
17.24420202460163
 10
0.6622265276480098
 20
17.23401239182207
 10
0.6510849266876382
 20
17.223577322732673
 10
0.6401735233214982
 20
17.212901779868634
 10
0.6171465279586574
 20
17.18987578449043
 10
0.6064631770033503
 20
17.17895718364582
 10
0.5960206275496498
 20
17.167808058435963
 10
0.5858238525927204
 20
17.156433718344516
 10
0.43143485691855243
 20
16.98038772326091
 10
0.42149260284313983
 20
16.96879822145739
 10
0.4118055116534284
 20
16.956994610466005
 10
0.4023781929223653
 20
16.944982506999217
 10
0.3825661969169212
 20
16.91916351218734
 10
0.37340087465041927
 20
16.906945547308258
 10
0.36450430668923806
 20
16.894530521067953
 10
0.35588072855943875
 20
16.88192434407909
 10
0.22577973220589098
 20
16.687214349517156
 10
0.21743655064693845
 20
16.67442820519983
 10
0.20937421047791327
 20
16.66146314307009
 10
0.20159654697394325
 20
16.648325330640002
 10
0.18533255025712714
 20
16.620156336305033
 10
0.17783918775328866
 20
16.606844594857417
 10
0.17063809048708256
 20
16.593372507411715
 10
0.1637326878412777
 20
16.579746489788015
 10
0.06015569074743876
 20
16.369711495657
 10
0.0535506937438569
 20
16.35594108750963
 10
0.04724769230739134
 20
16.34202985827371
 10
0.04124968679755714
 20
16.327984429983108
 10
0.02880368931296662
 20
16.297936436027957
 10
0.023114799919619622
 20
16.28376674764969
 10
0.01773632773275502
 20
16.269476346388636
 10
0.012670831846740338
 20
16.255072031663676
 10
-0.06260116603812849
 20
16.033329037861254
 10
-0.06735456992627331
 20
16.01880721442107
 10
-0.07178986967132572
 20
16.004185096902628
 10
-0.07590495191405944
 20
15.989469652543479
 10
-0.08432995020912892
 20
15.958022658865952
 10
-0.08811873658698777
 20
15.943237729135692
 10
-0.09158427365469968
 20
15.928373708744891
 10
-0.09472491387405824
 20
15.91343766414271
 10
-0.1404049125867155
 20
15.683790670559786
 10
-0.14321999047718248
 20
15.668785009174037
 10
-0.14570713545136205
 20
15.653721521960561
 10
-0.14786516436635944
 20
15.638607374668862
 10
-0.15211616350095747
 20
15.606322381159234
 10
-0.15394497157512865
 20
15.591156348125882
 10
-0.1554423998636163
 20
15.575954019177274
 10
-0.1566077352447962
 20
15.560722634132235
 10
-0.16254470750284458
 20
15.470140057401663
 10
-0.17245567989655586
 20
15.318927478552423
 10
-0.17357980015667873
 20
15.296043791700377
 10
-0.17411280004693264
 20
15.27975879505324
 10
-0.17448742624688152
 20
15.256860404616988
  0
LWPOLYLINE
  5
5F
330
17
100
AcDbEntity
  8
0
100
AcDbPolyline
 90
29
 70
0
 10
13.590771681846523
 20
6.729809729320781
 10
13.859923334129197
 20
6.998961373315217
 10
13.555915481050377
 20
7.302969272117587
 10
13.582052130587904
 20
7.22597453586527
 10
13.587374579671602
 20
7.209639498605731
 10
13.592294540917578
 20
7.193178760838025
 10
13.596809050682113
 20
7.176602238039048
 10
13.600915389553847
 20
7.159919915431282
 10
13.604611083991875
 20
7.143141841967984
 10
13.607893907815734
 20
7.126278124279984
 10
13.610761883546393
 20
7.109338920587737
 10
13.613213283597428
 20
7.092334434582306
 10
13.61524663131567
 20
7.075274909278952
 10
13.616860701870703
 20
7.058170620847027
 10
13.61805452299266
 20
7.041031872419914
 10
13.618827375557895
 20
7.023868987888709
 10
13.619178794022162
 20
7.006692305683403
 10
13.619108566701046
 20
6.989512172545314
 10
13.618616735897472
 20
6.972338937294502
 10
13.617703597876227
 20
6.955182944595936
 10
13.61134960057309
 20
6.858235984306479
 10
13.610015696647777
 20
6.841107471640514
 10
13.60826183430735
 20
6.824016853959433
 10
13.606089070040197
 20
6.806974426278218
 10
13.603498712672078
 20
6.78999045458325
 10
13.600492322577722
 20
6.773075169648298
 10
13.597071710740888
 20
6.756238760871727
 10
13.59323893766347
 20
6.739491370138628
 10
13.590771681846523
 20
6.729809729320781
  0
LWPOLYLINE
  5
60
330
17
100
AcDbEntity
  8
0
100
AcDbPolyline
 90
392
 70
0
 10
-0.2244874212468817
 20
15.256860404616978
 10
-0.22448742124419585
 20
2.5731654078069015
 10
-0.2240860360260315
 20
2.5486314179368317
 10
-0.2235530361304343
 20
2.532346421208238
 10
-0.22234881916634475
 20
2.507831200257079
 10
-0.20650181947160018
 20
2.2660372050785176
 10
-0.20525274167189
 20
2.2497115708812108
 10
-0.20364757567037362
 20
2.2334170942280145
 10
-0.20168708648653977
 20
2.217161541039825
 10
-0.19743508733086956
 20
2.184874547532917
 10
-0.19512340342098178
 20
2.168686411774155
 10
-0.19245933765026113
 20
2.1525525227385685
 10
-0.18944415645482782
 20
2.1364805501091104
 10
-0.14376415772098217
 20
1.9068335565293826
 10
-0.14039887097669868
 20
1.890829230302251
 10
-0.13668541863760486
 20
1.8749020872884845
 10
-0.13262556641671497
 20
1.859059700700592
 10
-0.1241995681008291
 20
1.8276097070279613
 10
-0.11979094738871987
 20
1.8118448588228795
 10
-0.1150393099037601
 20
1.7961799835688588
 10
-0.10994691925363143
 20
1.7806225437737322
 10
-0.034677921348589824
 20
1.5588875499785442
 10
-0.029250868587295753
 20
1.5434550266897034
 10
-0.023488513362740604
 20
1.5281445420794597
 10
-0.01739359718050837
 20
1.5129633802837985
 10
-0.004943599676103805
 20
1.482905386336901
 10
0.0014835340451306855
 20
1.4678549601234925
 10
0.008237524698957
 20
1.4529483512762764
 10
0.015315156504156824
 20
1.438192657286975
 10
0.11888715361736357
 20
1.2281696631649899
 10
0.12628389096603465
 20
1.213574149002628
 10
0.13399728006381106
 20
1.1991434738384084
 10
0.14202364946351798
 20
1.1848845064379137
 10
0.15829464619893263
 20
1.156702512113664
 10
0.16662933960816162
 20
1.142623416977518
 10
0.17526916562280648
 20
1.1287294815913445
 10
0.18421001263666648
 20
1.1150273179390873
 10
0.22283440527900322
 20
1.0572217303079154
 10
0.31429940355948927
 20
0.9203347329005849
 10
0.3235393163694512
 20
0.9068276044741017
 10
0.3330717404528858
 20
0.893525296472903
 10
0.34289213721409517
 20
0.8804341424169139
 10
0.36272113323656363
 20
0.8545931476180088
 10
0.37282161873727304
 20
0.8417233777615245
 10
0.3832004177424374
 20
0.8290769824364008
 10
0.3938525917734389
 20
0.8166599790973432
 10
0.5482305874647019
 20
0.6406269840267367
 10
0.5591518344322788
 20
0.6284444445286683
 10
0.5703362277712007
 20
0.6165030355000365
 10
0.5817784449438878
 20
0.6048084397343906
 10
0.6048074403218296
 20
0.5817794443715832
 10
0.6165020359928366
 20
0.5703372273043779
 10
0.6284434449224414
 20
0.5591528340665969
 10
0.640625984317241
 20
0.5482315871956792
 10
0.8166589794013976
 20
0.3938535915210287
 10
0.829078153476134
 20
0.3831995960108254
 10
0.8417267979712977
 20
0.3728190710980388
 10
0.8545988922769947
 20
0.3627169577936221
 10
0.8804378870888723
 20
0.34288996178810216
 10
0.8935262047434918
 20
0.33307187476472766
 10
0.906825580176206
 20
0.32354163316618956
 10
0.9203296840914524
 20
0.314303772522458
 10
1.1150186786536658
 20
0.18421577616876372
 10
1.1287204268299122
 20
0.17527511173719268
 10
1.142613937698227
 20
0.16663545090384735
 10
1.1566925998385522
 20
0.15830090497129634
 10
1.1848845941732429
 20
0.14202390825460542
 10
1.1991457420963503
 20
0.13399623014202688
 10
1.2135786519650533
 20
0.12628162913576557
 10
1.2281764518153269
 20
0.11888377840090536
 10
1.4381874459477162
 20
0.015318781306396634
 10
1.4529371690106334
 20
0.008244008612109277
 10
1.4678376863729858
 20
0.001492614575110074
 10
1.4828819091820917
 20
-0.004932188859903874
 10
1.5129549031369947
 20
-0.017389186344274776
 10
1.528141024410867
 20
-0.023486423267194523
 10
1.5434565599588337
 20
-0.029250878863168683
 10
1.5588942183708259
 20
-0.03467980879397681
 10
1.7764730456233877
 20
-0.10853808960868783
 10
1.78061204268067
 20
-0.1099430885984507
 10
1.7961670501771123
 20
-0.11503470032150753
 10
1.811829460532744
 20
-0.11978566548708658
 10
1.8275918147419596
 20
-0.12419372151395036
 10
1.8590518084201855
 20
-0.13262271980910212
 10
1.8748964668102484
 20
-0.13668328808906782
 10
1.8908259084784227
 20
-0.1403973562621479
 10
1.906832556915951
 20
-0.14376315780879767
 10
2.136479550498045
 20
-0.1894431565212773
 10
2.152556458012969
 20
-0.19245920792590498
 10
2.1686953175375576
 20
-0.1951239282797832
 10
2.1848884523235097
 20
-0.19743605005917997
 10
2.2171804458331548
 20
-0.20168804919378258
 10
2.2334300378525924
 20
-0.2036475553315119
 10
2.249718520385064
 20
-0.20525199974978892
 10
2.2660381360890676
 20
-0.20650061833671762
 10
2.4785657420678375
 20
-0.22043039588109348
 10
2.507821349908772
 20
-0.22234817351396297
 10
2.532346421618128
 20
-0.223553036146506
 10
2.5486314183465297
 20
-0.2240860360367528
 10
2.5731654079711315
 20
-0.2244874212468747
 10
22.876859404698877
 20
-0.22448742124419596
 10
22.901394899589
 20
-0.22408598676595848
 10
22.917678896317334
 20
-0.2235529868703613
 10
22.942204594526014
 20
-0.22234803376040035
 10
22.96799506345218
 20
-0.2206573307964932
 10
23.183985530957354
 20
-0.2065006278598973
 10
23.200305195582143
 20
-0.205252008192928
 10
23.216593726895645
 20
-0.20364756056610844
 10
23.232843367486822
 20
-0.2016880490974251
 10
23.26513536099361
 20
-0.197436049941627
 10
23.28132849563838
 20
-0.19512392817309532
 10
23.29746735502256
 20
-0.19245920783619974
 10
23.313544262398047
 20
-0.18944315645464194
 10
23.543191255976218
 20
-0.14376315772112314
 10
23.559197904551546
 20
-0.14039735614239301
 10
23.57512734635609
 20
-0.13668328793123075
 10
23.590972004880893
 20
-0.1326227196072296
 10
23.622431998553605
 20
-0.12419372129139394
 10
23.638194156321315
 20
-0.119785722507884
 10
23.653856372827477
 20
-0.11503482313158953
 10
23.669411189345286
 20
-0.10994328565585054
 10
23.81283957103343
 20
-0.06125608253349346
 10
23.891134568087118
 20
-0.03467708352240029
 10
23.90655652197833
 20
-0.029253600649113976
 10
23.921856603220157
 20
-0.02349527256771733
 10
23.937027542550066
 20
-0.017404835132872054
 10
23.9671145364977
 20
-0.004943837627976566
 10
23.98217199167054
 20
0.0014858754631690285
 10
23.99708550415759
 20
0.008242746929698952
 10
24.011847966690002
 20
0.015323556678285666
 10
24.221843960811558
 20
0.11888255379129076
 10
24.23643506012673
 20
0.12627701517308798
 10
24.250861422215188
 20
0.13398793698859257
 10
24.2651161845324
 20
0.14201165119287162
 10
24.293320178856487
 20
0.15829464792836256
 10
24.307404077967913
 20
0.16663189924272226
 10
24.32130269773327
 20
0.17527448810704227
 10
24.335009419542715
 20
0.18421829886633878
 10
24.529691414091857
 20
0.3143012952370632
 10
24.54319808450788
 20
0.3235409300908012
 10
24.55649994747183
 20
0.33307305680238397
 10
24.56959067008973
 20
0.3428931372144084
 10
24.59543166488826
 20
0.36272213323659264
 10
24.60830143474469
 20
0.37282261873726086
 10
24.620947830069763
 20
0.38320141774238226
 10
24.63336483340877
 20
0.3938535917733377
 10
24.809397828479327
 20
0.5482315874645083
 10
24.821580367977596
 20
0.5591528344322662
 10
24.83352177700642
 20
0.5703372277713772
 10
24.84521637277225
 20
0.5817794449442625
 10
24.868245368135312
 20
0.6048084403225028
 10
24.879687585202312
 20
0.6165030359933148
 10
24.890871978439893
 20
0.6284444449227169
 10
24.901793225310623
 20
0.6406269843173056
 10
25.056171220985245
 20
0.8166599794013556
 10
25.066823395106404
 20
0.82907698285018
 10
25.077202194196914
 20
0.8417233782889764
 10
25.087302679778034
 20
0.8545931482628808
 10
25.107131675783975
 20
0.8804341430755278
 10
25.116951756103386
 20
0.8935248655853701
 10
25.12648388272725
 20
0.9068267284374643
 10
25.135723517498292
 20
0.9203333987379907
 10
25.265806513851317
 20
1.1150153932991629
 10
25.27474785792762
 20
1.1287182431894378
 10
25.283388150236732
 20
1.142612885243814
 10
25.291723278525147
 20
1.1566927064579438
 10
25.308009275241737
 20
1.1849007007923738
 10
25.316035932638215
 20
1.199160203303574
 10
25.323749586298863
 20
1.2135914259832692
 10
25.33114656437791
 20
1.2281874992951387
 10
25.434702561472385
 20
1.4381794934274623
 10
25.44177887145051
 20
1.452932458397357
 10
25.448531660396874
 20
1.4678362827305722
 10
25.454957714293784
 20
1.4828838728905769
 10
25.467421711778144
 20
1.512974866845271
 10
25.473517803953467
 20
1.5281586284296855
 10
25.479281219979526
 20
1.5434717597676244
 10
25.4847092168903
 20
1.5589069729245264
 10
25.55996821477509
 20
1.78061396672645
 10
25.565059708448842
 20
1.7961686706237083
 10
25.569810569010944
 20
1.8118307728159657
 10
25.5742185340199
 20
1.8275928147408267
 10
25.582647532315228
 20
1.8590528084196352
 10
25.586708100595242
 20
1.8748974668098564
 10
25.590422168768367
 20
1.890826908478191
 10
25.593787970315052
 20
1.9068335569158807
 10
25.639467969027525
 20
2.1364805504979674
 10
25.642484020432168
 20
2.1525574580129856
 10
25.64514874078606
 20
2.168696317537669
 10
25.647460862565463
 20
2.184889452323716
 10
25.651712861700087
 20
2.217181445833624
 10
25.653672323296913
 20
2.233430631205628
 10
25.655276740942824
 20
2.2497187053404257
 10
25.656525350576864
 20
2.2660379114787452
 10
25.67237335024766
 20
2.507825906497542
 10
25.673577897903737
 20
2.5323469264522895
 10
25.674110897793962
 20
2.548632923179026
 10
25.674512233753138
 20
2.573165407970153
 10
25.674512233750466
 20
15.256860404699262
 10
25.674110897783248
 20
15.281392889735848
 10
25.673577897887622
 20
15.297678886464254
 10
25.672373350236878
 20
15.32219990621463
 10
25.656525350542093
 20
15.56398790139445
 10
25.65527674089403
 20
15.580307107682597
 10
25.653672323227568
 20
15.59659518196656
 10
25.65171286160368
 20
15.61284436748685
 10
25.647460862447826
 20
15.64513636099403
 10
25.645148740679296
 20
15.66132949563876
 10
25.64248402034241
 20
15.6774683550229
 10
25.639467968960854
 20
15.693545262398345
 10
25.59378797022752
 20
15.923192255975586
 10
25.590422168648857
 20
15.939198904550627
 10
25.58670810043777
 20
15.955128346354886
 10
25.582647532113857
 20
15.970973004879406
 10
25.574218533797865
 20
16.002432998552848
 10
25.56981047763488
 20
16.01819535319073
 10
25.56505951231447
 20
16.033857763969106
 10
25.559967900418073
 20
16.049412771881762
 10
25.558562620184
 20
16.053552597423803
 10
25.484704621173954
 20
16.2711305944742
 10
25.479275691190104
 20
16.28656825302969
 10
25.473511235534847
 20
16.301883788718786
 10
25.467413998546483
 20
16.317069910131217
 10
25.454957001041898
 20
16.347142904078915
 10
25.448532197654085
 20
16.36218712675401
 10
25.441780803670014
 20
16.377087643984687
 10
25.434706031034302
 20
16.391837366918452
 10
25.331141033921007
 20
16.601848361040602
 10
25.32374318311951
 20
16.61644616101565
 10
25.316028582041184
 20
16.630879071006188
 10
25.30800090385121
 20
16.645140219048017
 10
25.291723907116094
 20
16.673332213371843
 10
25.283389361247654
 20
16.687410875385797
 10
25.27474970048378
 20
16.7013043861308
 10
25.26580903612694
 20
16.715006134186964
 10
25.135721039755254
 20
16.909695128737596
 10
25.126483179029037
 20
16.923199232768038
 10
25.116952937343008
 20
16.93649860831232
 10
25.107134850227258
 20
16.94958692607472
 10
25.087307854204457
 20
16.975425920873914
 10
25.07720574098021
 20
16.98829801506252
 10
25.06682521615252
 20
17.000946659444327
 10
25.05617122073221
 20
17.013365833409605
 10
24.90179322504153
 20
17.189398828479536
 10
24.890871978074088
 20
17.201581367977457
 10
24.879687584735308
 20
17.213522777005945
 10
24.868245367562768
 20
17.225217372771457
 10
24.84521637218501
 20
17.248246368134115
 10
24.833521776513876
 20
17.25968858520146
 10
24.82158036758414
 20
17.27087297843937
 10
24.8093978281892
 20
17.281794225310417
 10
24.633364833104462
 20
17.436172220985586
 10
24.620948153357567
 20
17.446824123484745
 10
24.608302093315807
 20
17.457202665203543
 10
24.595432669963643
 20
17.467302908040786
 10
24.569595675151604
 20
17.48712890404631
 10
24.556504374650505
 20
17.49694944247297
 10
24.54320191457848
 20
17.506482001407054
 10
24.52969462868433
 20
17.515722042076515
 10
24.334998634123142
 20
17.64581403842953
 10
24.321296101282826
 20
17.654755156099508
 10
24.307401785626382
 20
17.663395236184066
 10
24.29332229968819
 20
17.671730166726338
 10
24.265140305353132
 20
17.688001163443307
 10
24.250881338071324
 20
17.696027532765637
 10
24.236450663028908
 20
17.70374092179137
 10
24.221855148991285
 20
17.711137659073415
 10
24.011832154859793
 20
17.81470965616745
 10
23.997076460741383
 20
17.821787288031206
 10
23.982169851762535
 20
17.828541278737937
 10
23.96711942541516
 20
17.83496841250635
 10
23.937061431460375
 20
17.847418409990837
 10
23.921880269792812
 20
17.8535133261117
 10
23.906569785313064
 20
17.85927568128059
 10
23.891137262156928
 20
17.864702733991994
 10
23.6694022683546
 20
17.93997173187687
 10
23.653844828424063
 20
17.945064122568123
 10
23.638179953032868
 20
17.94981576008829
 10
23.622415104689047
 20
17.95422438082963
 10
23.590965111010654
 20
17.962650379124902
 10
23.57512272455751
 20
17.966710231301754
 10
23.559195581680118
 20
17.970423683602764
 10
23.543191255590795
 20
17.973788970314967
 10
23.313544262007337
 20
18.019468969027724
 10
23.297472289238335
 20
18.022484150246246
 10
23.281338400062232
 20
18.025148216033966
 10
23.26515026416218
 20
18.02745989995473
 10
23.232863270652537
 20
18.031711899089178
 10
23.21660771761264
 20
18.033672388245947
 10
23.20031324110861
 20
18.03527755422691
 10
23.183987607061134
 20
18.0365266320126
 10
22.942193612044854
 20
18.0523736316833
 10
22.917678390889524
 20
18.053577848652715
 10
22.90139339415997
 20
18.054110848543004
 10
22.87685940453514
 20
18.054512233753133
 10
2.573165407807281
 20
18.054512233750454
 10
2.54863141793668
 20
18.054110848532275
 10
2.5323464212079654
 20
18.053577848636664
 10
2.5078287243169313
 20
18.05237346939718
 10
2.266031729136779
 20
18.03652546970235
 10
2.2497125084265686
 20
18.03527689870102
 10
2.2334244189051136
 20
18.033672519109093
 10
2.2171752173499923
 20
18.03171309497048
 10
2.1848902238432855
 20
18.02746209581466
 10
2.168696494747564
 20
18.02514992198861
 10
2.1525570443062945
 20
18.022485123819653
 10
2.136479550108029
 20
18.01946896896086
 10
1.9068325565296582
 20
17.97378897022732
 10
1.8908296514646656
 20
17.970423998532425
 10
1.8749039151989964
 20
17.966710923065516
 10
1.859062918928371
 20
17.962651509046147
 10
1.8276159252554272
 20
17.954226510730145
 10
1.8118493778702562
 20
17.949817494071773
 10
1.796182823527106
 20
17.945065387238404
 10
1.7806237271231629
 20
17.93997245454344
 10
1.5588807333280732
 20
17.86470045663842
 10
1.5434475388508324
 20
17.859273139569073
 10
1.5281363945156672
 20
17.85351049074312
 10
1.512954585414431
 20
17.847415252047448
 10
1.482906591467679
 20
17.834969254543147
 10
1.46785791843682
 20
17.828542820117068
 10
1.4529530301050315
 20
17.821789604346833
 10
1.4381990215084164
 20
17.814712821903278
 10
1.2281640273866463
 20
17.71113582479014
 10
1.2135647226683612
 20
17.70373717903324
 10
1.199130343143688
 20
17.696021717606264
 10
1.1848677629057618
 20
17.68799311484799
 10
1.156698768581799
 20
17.67172911811282
 10
1.1426225411080444
 20
17.66339590728191
 10
1.128731403238697
 20
17.654757685743878
 10
1.1150319630222296
 20
17.64581856272197
 10
0.9203219684720207
 20
17.51571756635053
 10
0.9068153501577505
 20
17.50647801827408
 10
0.8935135362205169
 20
17.496945981087638
 10
0.8804228594597572
 20
17.48712599285497
 10
0.8546038646610168
 20
17.46731399683263
 10
0.8417333589330828
 20
17.45721298125631
 10
0.8290862520146086
 20
17.446833620969734
 10
0.8166685623655325
 20
17.436180855265697
 10
0.6406255672941767
 20
17.281793859573824
 10
0.6284471744197511
 20
17.270876395884034
 10
0.6165097448221951
 20
17.259695964719487
 10
0.6048189555041134
 20
17.248257883082168
 10
0.5817919601412725
 20
17.225231887703963
 10
0.5703455126918835
 20
17.21353338680181
 10
0.5591570668512966
 20
17.201587895508375
 10
0.5482319508286164
 20
17.189401102556157
 10
0.39384295515444845
 20
17.013355107472552
 10
0.38319054007618514
 20
17.000937784114598
 10
0.37281151380396516
 20
16.988291058055403
 10
0.36271081516594617
 20
16.975420947201197
 10
0.342898819160502
 20
16.94960195238932
 10
0.3330788310201588
 20
16.936511275736276
 10
0.3235467939211627
 20
16.92320946191055
 10
0.31430724592714976
 20
16.909702843711408
 10
0.184206249573602
 20
16.714992849149475
 10
0.17526712647685228
 20
16.701293408812745
 10
0.1666289048692391
 20
16.687402270819902
 10
0.1582956939741128
 20
16.67332604321959
 10
0.1420316972572967
 20
16.64515704888462
 10
0.13400309457652415
 20
16.63089446876557
 10
0.12628763322171188
 20
16.616460089362896
 10
0.11888898753153976
 20
16.601860784769553
 10
0.015311990437700818
 20
16.39182579063854
 10
0.008235207935547995
 20
16.377071781912726
 10
0.001481992112371544
 20
16.362166893449217
 10
-0.004944442360920953
 20
16.347118220284298
 10
-0.017390439845511474
 20
16.317070226329147
 10
-0.023485678479789107
 20
16.301888417356047
 10
-0.02924832725005777
 20
16.28657727315142
 10
-0.03467564426949554
 20
16.271144078806923
 10
-0.10994764215436437
 20
16.0494010850045
 10
-0.11504057489044983
 20
16.033841988465152
 10
-0.11979268175901736
 20
16.018175433984837
 10
-0.12420169844661078
 20
16.00240888646093
 10
-0.13262669674168026
 20
15.970961892783404
 10
-0.1366861107169911
 20
15.95512089664761
 10
-0.14039918614579838
 20
15.939195160518402
 10
-0.14376415780859575
 20
15.923192255591305
 10
-0.18944415652125302
 20
15.69354526200838
 10
-0.19246031140317799
 20
15.677467767670334
 10
-0.1951251095891645
 20
15.66132831708831
 10
-0.19743728342611122
 20
15.645134587851059
 10
-0.20168828256070925
 20
15.612849594341432
 10
-0.2036477197825688
 20
15.596600273238138
 10
-0.205252107234138
 20
15.58031206365422
 10
-0.2065006808565335
 20
15.563992722538423
 10
-0.21243765115707722
 20
15.473410175674221
 10
-0.22234862157836188
 20
15.322197626918468
 10
-0.22355303614249256
 20
15.2976793910114
 10
-0.22408603603274646
 20
15.281394394364263
 10
-0.2244874212468817
 20
15.256860404616978
  0
LWPOLYLINE
  5
61
330
17
100
AcDbEntity
  8
0
100
AcDbPolyline
 90
14
 70
0
 10
13.662366531160014
 20
6.872115246388445
 10
13.78921266519601
 20
6.998961376518348
 10
13.657930234204123
 20
7.130243827255444
 10
13.66015899611705
 20
7.11708002966086
 10
13.662785496171104
 20
7.098860937516522
 10
13.66496408301156
 20
7.0805828746958515
 10
13.666693444320112
 20
7.062256851380296
 10
13.667972538379047
 20
7.043893906641332
 10
13.668800594698743
 20
7.025505101790848
 10
13.669177114481798
 20
7.0071015137181165
 10
13.669101870923477
 20
6.988694228217404
 10
13.668574909348344
 20
6.970294333310201
 10
13.667596547182958
 20
6.951912912566113
 10
13.662366531160014
 20
6.872115246388445
  0
ENDSEC
  0
SECTION
  2
OBJECTS
  0
DICTIONARY
  5
A
330
0
100
AcDbDictionary
281
1
  3
ACAD_COLOR
350
B
  3
ACAD_GROUP
350
C
  3
ACAD_LAYOUT
350
D
  3
ACAD_MATERIAL
350
E
  3
ACAD_MLEADERSTYLE
350
F
  3
ACAD_MLINESTYLE
350
10
  3
ACAD_PLOTSETTINGS
350
11
  3
ACAD_PLOTSTYLENAME
350
12
  3
ACAD_SCALELIST
350
14
  3
ACAD_TABLESTYLE
350
15
  3
ACAD_VISUALSTYLE
350
16
  0
DICTIONARY
  5
B
330
A
100
AcDbDictionary
281
1
  0
DICTIONARY
  5
C
330
A
100
AcDbDictionary
281
1
  0
DICTIONARY
  5
D
330
A
100
AcDbDictionary
281
1
  3
Model
350
1A
  3
Layout1
350
1E
  0
DICTIONARY
  5
E
330
A
100
AcDbDictionary
281
1
  3
ByBlock
350
1F
  3
ByLayer
350
20
  3
Global
350
21
  0
DICTIONARY
  5
F
330
A
100
AcDbDictionary
281
1
  3
Standard
350
2C
  0
DICTIONARY
  5
10
330
A
100
AcDbDictionary
281
1
  3
Standard
350
22
  0
DICTIONARY
  5
11
330
A
100
AcDbDictionary
281
1
  0
ACDBDICTIONARYWDFLT
  5
12
330
A
100
AcDbDictionary
281
1
  3
Normal
350
13
100
AcDbDictionaryWithDefault
340
13
  0
ACDBPLACEHOLDER
  5
13
330
12
  0
DICTIONARY
  5
14
330
A
100
AcDbDictionary
281
1
  0
DICTIONARY
  5
15
330
A
100
AcDbDictionary
281
1
  0
DICTIONARY
  5
16
330
A
100
AcDbDictionary
281
1
  0
LAYOUT
  5
1A
330
D
100
AcDbPlotSettings
  1

  2
Adobe PDF
  4
A4
  6

 40
3.175
 41
3.175
 42
3.175
 43
3.175
 44
209.91
 45
297.03
 46
0.0
 47
0.0
 48
0.0
 49
0.0
140
0.0
141
0.0
142
1.0
143
1.0
 70
1024
 72
0
 73
1
 74
5
  7

 75
16
 76
0
 77
2
 78
300
147
1.0
148
0.0
149
0.0
100
AcDbLayout
  1
Model
 70
1
 71
0
 10
-3.175
 20
-3.175
 11
293.857
 21
206.735
 12
0.0
 22
0.0
 32
0.0
 14
29.068
 24
20.356
 34
0.0
 15
261.614
 25
183.204
 35
0.0
146
0.0
 13
0.0
 23
0.0
 33
0.0
 16
1.0
 26
0.0
 36
0.0
 17
0.0
 27
1.0
 37
0.0
 76
1
330
17
  0
LAYOUT
  5
1E
330
D
100
AcDbPlotSettings
  1

  2
Adobe PDF
  4
A4
  6

 40
3.175
 41
3.175
 42
3.175
 43
3.175
 44
209.91
 45
297.03
 46
0.0
 47
0.0
 48
0.0
 49
0.0
140
0.0
141
0.0
142
1.0
143
1.0
 70
0
 72
0
 73
1
 74
5
  7

 75
16
 76
0
 77
2
 78
300
147
1.0
148
0.0
149
0.0
100
AcDbLayout
  1
Layout1
 70
1
 71
1
 10
-3.175
 20
-3.175
 11
293.857
 21
206.735
 12
0.0
 22
0.0
 32
0.0
 14
29.068
 24
20.356
 34
0.0
 15
261.614
 25
183.204
 35
0.0
146
0.0
 13
0.0
 23
0.0
 33
0.0
 16
1.0
 26
0.0
 36
0.0
 17
0.0
 27
1.0
 37
0.0
 76
1
330
1B
  0
MATERIAL
  5
1F
102
{ACAD_REACTORS
330
E
102
}
330
E
100
AcDbMaterial
  1
ByBlock
  2

 70
0
 40
1.0
 71
1
 41
1.0
 91
-1023410177
 42
1.0
 72
1
  3

 73
1
 74
1
 75
1
 44
0.5
 73
0
 45
1.0
 46
1.0
 77
1
  4

 78
1
 79
1
170
1
 48
1.0
171
1
  6

172
1
173
1
174
1
140
1.0
141
1.0
175
1
  7

176
1
177
1
178
1
143
1.0
179
1
  8

270
1
271
1
272
1
145
1.0
146
1.0
273
1
  9

274
1
275
1
276
1
 42
1.0
 72
1
  3

 73
1
 74
1
 75
1
 94
63
  0
MATERIAL
  5
20
102
{ACAD_REACTORS
330
E
102
}
330
E
100
AcDbMaterial
  1
ByLayer
  2

 70
0
 40
1.0
 71
1
 41
1.0
 91
-1023410177
 42
1.0
 72
1
  3

 73
1
 74
1
 75
1
 44
0.5
 73
0
 45
1.0
 46
1.0
 77
1
  4

 78
1
 79
1
170
1
 48
1.0
171
1
  6

172
1
173
1
174
1
140
1.0
141
1.0
175
1
  7

176
1
177
1
178
1
143
1.0
179
1
  8

270
1
271
1
272
1
145
1.0
146
1.0
273
1
  9

274
1
275
1
276
1
 42
1.0
 72
1
  3

 73
1
 74
1
 75
1
 94
63
  0
MATERIAL
  5
21
102
{ACAD_REACTORS
330
E
102
}
330
E
100
AcDbMaterial
  1
Global
  2

 70
0
 40
1.0
 71
1
 41
1.0
 91
-1023410177
 42
1.0
 72
1
  3

 73
1
 74
1
 75
1
 44
0.5
 73
0
 45
1.0
 46
1.0
 77
1
  4

 78
1
 79
1
170
1
 48
1.0
171
1
  6

172
1
173
1
174
1
140
1.0
141
1.0
175
1
  7

176
1
177
1
178
1
143
1.0
179
1
  8

270
1
271
1
272
1
145
1.0
146
1.0
273
1
  9

274
1
275
1
276
1
 42
1.0
 72
1
  3

 73
1
 74
1
 75
1
 94
63
  0
MLINESTYLE
  5
22
102
{ACAD_REACTORS
330
10
102
}
330
10
100
AcDbMlineStyle
  2
Standard
 70
0
  3

 62
256
 51
90.0
 52
90.0
 71
2
 49
0.5
 62
256
  6
BYLAYER
 49
-0.5
 62
256
  6
BYLAYER
  0
MLEADERSTYLE
  5
2C
102
{ACAD_REACTORS
330
F
102
}
330
F
100
AcDbMLeaderStyle
179
2
170
2
171
1
172
0
 90
2
 40
0.0
 41
0.0
173
1
 91
-1056964608
 92
-2
290
1
 42
2.0
291
1
 43
8.0
  3
Standard
 44
4.0
300

342
29
174
1
175
1
176
0
178
1
 93
-1056964608
 45
4.0
292
0
297
0
 46
4.0
 94
-1056964608
 47
1.0
 49
0.0
140
1.0
294
1
141
0.0
177
0
142
1.0
295
0
296
0
143
3.75
271
0
272
9
272
9
  0
ENDSEC
  0
EOF
