  0
SECTION
  2
HEADER
  9
$ACADVER
  1
AC1024
  9
$ACADMAINTVER
 70
6
  9
$DWGCODEPAGE
  3
ANSI_1252
  9
$LASTSAVEDBY
  1
ezdxf
  9
$INSBASE
 10
0.0
 20
0.0
 30
0.0
  9
$EXTMIN
 10
-100
 20
-100
 30
-100
  9
$EXTMAX
 10
100
 20
100
 30
100
  9
$LIMMIN
 10
0.0
 20
0.0
  9
$LIMMAX
 10
420.0
 20
297.0
  9
$ORTHOMODE
 70
0
  9
$REGENMODE
 70
1
  9
$FILLMODE
 70
1
  9
$QTEXTMODE
 70
0
  9
$MIRRTEXT
 70
1
  9
$LTSCALE
 40
1.0
  9
$ATTMODE
 70
1
  9
$TEXTSIZE
 40
2.5
  9
$TRACEWID
 40
1.0
  9
$TEXTSTYLE
  7
Standard
  9
$CLAYER
  8
0
  9
$CELTYPE
  6
ByLayer
  9
$CECOLOR
 62
256
  9
$CELTSCALE
 40
1.0
  9
$DISPSILH
 70
0
  9
$DIMSCALE
 40
1.0
  9
$DIMASZ
 40
2.5
  9
$DIMEXO
 40
0.625
  9
$DIMDLI
 40
3.75
  9
$DIMRND
 40
0.0
  9
$DIMDLE
 40
0.0
  9
$DIMEXE
 40
1.25
  9
$DIMTP
 40
0.0
  9
$DIMTM
 40
0.0
  9
$DIMTXT
 40
2.5
  9
$DIMCEN
 40
2.5
  9
$DIMTSZ
 40
0.0
  9
$DIMTOL
 70
0
  9
$DIMLIM
 70
0
  9
$DIMTIH
 70
0
  9
$DIMTOH
 70
0
  9
$DIMSE1
 70
0
  9
$DIMSE2
 70
0
  9
$DIMTAD
 70
1
  9
$DIMZIN
 70
8
  9
$DIMBLK
  1

  9
$DIMASO
 70
1
  9
$DIMSHO
 70
1
  9
$DIMPOST
  1

  9
$DIMAPOST
  1

  9
$DIMALT
 70
0
  9
$DIMALTD
 70
3
  9
$DIMALTF
 40
0.03937007874
  9
$DIMLFAC
 40
1.0
  9
$DIMTOFL
 70
1
  9
$DIMTVP
 40
0.0
  9
$DIMTIX
 70
0
  9
$DIMSOXD
 70
0
  9
$DIMSAH
 70
0
  9
$DIMBLK1
  1

  9
$DIMBLK2
  1

  9
$DIMSTYLE
  2
ISO-25
  9
$DIMCLRD
 70
0
  9
$DIMCLRE
 70
0
  9
$DIMCLRT
 70
0
  9
$DIMTFAC
 40
1.0
  9
$DIMGAP
 40
0.625
  9
$DIMJUST
 70
0
  9
$DIMSD1
 70
0
  9
$DIMSD2
 70
0
  9
$DIMTOLJ
 70
0
  9
$DIMTZIN
 70
8
  9
$DIMALTZ
 70
0
  9
$DIMALTTZ
 70
0
  9
$DIMUPT
 70
0
  9
$DIMDEC
 70
2
  9
$DIMTDEC
 70
2
  9
$DIMALTU
 70
2
  9
$DIMALTTD
 70
3
  9
$DIMTXSTY
  7
Standard
  9
$DIMAUNIT
 70
0
  9
$DIMADEC
 70
0
  9
$DIMALTRND
 40
0.0
  9
$DIMAZIN
 70
0
  9
$DIMDSEP
 70
44
  9
$DIMATFIT
 70
3
  9
$DIMFRAC
 70
0
  9
$DIMLDRBLK
  1

  9
$DIMLUNIT
 70
2
  9
$DIMLWD
 70
-2
  9
$DIMLWE
 70
-2
  9
$DIMTMOVE
 70
0
  9
$DIMFXL
 40
1.0
  9
$DIMFXLON
 70
0
  9
$DIMJOGANG
 40
0.785398163397
  9
$DIMTFILL
 70
0
  9
$DIMTFILLCLR
 70
0
  9
$DIMARCSYM
 70
0
  9
$DIMLTYPE
  6

  9
$DIMLTEX1
  6

  9
$DIMLTEX2
  6

  9
$DIMTXTDIRECTION
 70
0
  9
$LUNITS
 70
2
  9
$LUPREC
 70
4
  9
$SKETCHINC
 40
1.0
  9
$FILLETRAD
 40
10.0
  9
$AUNITS
 70
0
  9
$AUPREC
 70
2
  9
$MENU
  1
.
  9
$ELEVATION
 40
0.0
  9
$PELEVATION
 40
0.0
  9
$THICKNESS
 40
0.0
  9
$LIMCHECK
 70
0
  9
$CHAMFERA
 40
0.0
  9
$CHAMFERB
 40
0.0
  9
$CHAMFERC
 40
0.0
  9
$CHAMFERD
 40
0.0
  9
$SKPOLY
 70
0
  9
$TDCREATE
 40
2461298.561111111
  9
$TDUCREATE
 40
2458532.153996898
  9
$TDUPDATE
 40
2461298.561111111
  9
$TDUUPDATE
 40
2458532.1544311
  9
$TDINDWG
 40
0.0
  9
$TDUSRTIMER
 40
0.0
  9
$USRTIMER
 70
1
  9
$ANGBASE
 50
0.0
  9
$ANGDIR
 70
0
  9
$PDMODE
 70
0
  9
$PDSIZE
 40
0.0
  9
$PLINEWID
 40
0.0
  9
$SPLFRAME
 70
0
  9
$SPLINETYPE
 70
6
  9
$SPLINESEGS
 70
8
  9
$HANDSEED
  5
44
  9
$SURFTAB1
 70
6
  9
$SURFTAB2
 70
6
  9
$SURFTYPE
 70
6
  9
$SURFU
 70
6
  9
$SURFV
 70
6
  9
$UCSBASE
  2

  9
$UCSNAME
  2

  9
$UCSORG
 10
0.0
 20
0.0
 30
0.0
  9
$UCSXDIR
 10
1.0
 20
0.0
 30
0.0
  9
$UCSYDIR
 10
0.0
 20
1.0
 30
0.0
  9
$UCSORTHOREF
  2

  9
$UCSORTHOVIEW
 70
0
  9
$UCSORGTOP
 10
0.0
 20
0.0
 30
0.0
  9
$UCSORGBOTTOM
 10
0.0
 20
0.0
 30
0.0
  9
$UCSORGLEFT
 10
0.0
 20
0.0
 30
0.0
  9
$UCSORGRIGHT
 10
0.0
 20
0.0
 30
0.0
  9
$UCSORGFRONT
 10
0.0
 20
0.0
 30
0.0
  9
$UCSORGBACK
 10
0.0
 20
0.0
 30
0.0
  9
$PUCSBASE
  2

  9
$PUCSNAME
  2

  9
$PUCSORG
 10
0.0
 20
0.0
 30
0.0
  9
$PUCSXDIR
 10
1.0
 20
0.0
 30
0.0
  9
$PUCSYDIR
 10
0.0
 20
1.0
 30
0.0
  9
$PUCSORTHOREF
  2

  9
$PUCSORTHOVIEW
 70
0
  9
$PUCSORGTOP
 10
0.0
 20
0.0
 30
0.0
  9
$PUCSORGBOTTOM
 10
0.0
 20
0.0
 30
0.0
  9
$PUCSORGLEFT
 10
0.0
 20
0.0
 30
0.0
  9
$PUCSORGRIGHT
 10
0.0
 20
0.0
 30
0.0
  9
$PUCSORGFRONT
 10
0.0
 20
0.0
 30
0.0
  9
$PUCSORGBACK
 10
0.0
 20
0.0
 30
0.0
  9
$USERI1
 70
0
  9
$USERI2
 70
0
  9
$USERI3
 70
0
  9
$USERI4
 70
0
  9
$USERI5
 70
0
  9
$USERR1
 40
0.0
  9
$USERR2
 40
0.0
  9
$USERR3
 40
0.0
  9
$USERR4
 40
0.0
  9
$USERR5
 40
0.0
  9
$WORLDVIEW
 70
1
  9
$SHADEDGE
 70
3
  9
$SHADEDIF
 70
70
  9
$TILEMODE
 70
1
  9
$MAXACTVP
 70
64
  9
$PINSBASE
 10
0.0
 20
0.0
 30
0.0
  9
$PLIMCHECK
 70
0
  9
$PEXTMIN
 10
1e+20
 20
1e+20
 30
1e+20
  9
$PEXTMAX
 10
-1e+20
 20
-1e+20
 30
-1e+20
  9
$PLIMMIN
 10
0.0
 20
0.0
  9
$PLIMMAX
 10
420.0
 20
297.0
  9
$UNITMODE
 70
0
  9
$VISRETAIN
 70
1
  9
$PLINEGEN
 70
0
  9
$PSLTSCALE
 70
1
  9
$TREEDEPTH
 70
3020
  9
$CMLSTYLE
  2
Standard
  9
$CMLJUST
 70
0
  9
$CMLSCALE
 40
20.0
  9
$PROXYGRAPHICS
 70
1
  9
$MEASUREMENT
 70
1
  9
$CELWEIGHT
370
-1
  9
$ENDCAPS
280
0
  9
$JOINSTYLE
280
0
  9
$LWDISPLAY
290
0
  9
$INSUNITS
 70
6
  9
$HYPERLINKBASE
  1

  9
$STYLESHEET
  1

  9
$XEDIT
290
1
  9
$CEPSNTYPE
380
0
  9
$PSTYLEMODE
290
1
  9
$FINGERPRINTGUID
  2
040F36AA-B06A-11F1-BA49-BCEE7B8C4939
  9
$VERSIONGUID
  2
04150D80-B06A-11F1-8870-BCEE7B8C4939
  9
$EXTNAMES
290
1
  9
$PSVPSCALE
 40
0.0
  9
$OLESTARTUP
290
0
  9
$SORTENTS
280
127
  9
$INDEXCTL
280
0
  9
$HIDETEXT
280
1
  9
$XCLIPFRAME
280
2
  9
$HALOGAP
280
0
  9
$OBSCOLOR
 70
257
  9
$OBSLTYPE
280
0
  9
$INTERSECTIONDISPLAY
280
0
  9
$INTERSECTIONCOLOR
 70
257
  9
$DIMASSOC
280
2
  9
$PROJECTNAME
  1

  9
$CAMERADISPLAY
290
0
  9
$LENSLENGTH
 40
50.0
  9
$CAMERAHEIGHT
 40
0.0
  9
$STEPSPERSEC
 40
24.0
  9
$STEPSIZE
 40
100.0
  9
$3DDWFPREC
 40
2.0
  9
$PSOLWIDTH
 40
0.005
  9
$PSOLHEIGHT
 40
0.08
  9
$LOFTANG1
 40
1.570796326795
  9
$LOFTANG2
 40
1.570796326795
  9
$LOFTMAG1
 40
0.0
  9
$LOFTMAG2
 40
0.0
  9
$LOFTPARAM
 70
7
  9
$LOFTNORMALS
280
1
  9
$LATITUDE
 40
37.795
  9
$LONGITUDE
 40
-122.394
  9
$NORTHDIRECTION
 40
0.0
  9
$TIMEZONE
 70
-8000
  9
$LIGHTGLYPHDISPLAY
280
1
  9
$TILEMODELIGHTSYNCH
280
1
  9
$CMATERIAL
347
20
  9
$SOLIDHIST
280
0
  9
$SHOWHIST
280
1
  9
$DWFFRAME
280
2
  9
$DGNFRAME
280
2
  9
$REALWORLDSCALE
290
1
  9
$INTERFERECOLOR
 62
256
  9
$CSHADOW
280
0
  9
$SHADOWPLANELOCATION
 40
0.0
  0
ENDSEC
  0
SECTION
  2
CLASSES
  0
CLASS
  1
ACDBDICTIONARYWDFLT
  2
AcDbDictionaryWithDefault
  3
ObjectDBX Classes
 90
0
 91
0
280
0
281
0
  0
CLASS
  1
SUN
  2
AcDbSun
  3
SCENEOE
 90
1153
 91
0
280
0
281
0
  0
CLASS
  1
VISUALSTYLE
  2
AcDbVisualStyle
  3
ObjectDBX Classes
 90
4095
 91
0
280
0
281
0
  0
CLASS
  1
MATERIAL
  2
AcDbMaterial
  3
ObjectDBX Classes
 90
1153
 91
0
280
0
281
0
  0
CLASS
  1
SCALE
  2
AcDbScale
  3
ObjectDBX Classes
 90
1153
 91
0
280
0
281
0
  0
CLASS
  1
TABLESTYLE
  2
AcDbTableStyle
  3
ObjectDBX Classes
 90
4095
 91
0
280
0
281
0
  0
CLASS
  1
MLEADERSTYLE
  2
AcDbMLeaderStyle
  3
ACDB_MLEADERSTYLE_CLASS
 90
4095
 91
0
280
0
281
0
  0
CLASS
  1
DICTIONARYVAR
  2
AcDbDictionaryVar
  3
ObjectDBX Classes
 90
0
 91
0
280
0
281
0
  0
CLASS
  1
CELLSTYLEMAP
  2
AcDbCellStyleMap
  3
ObjectDBX Classes
 90
1152
 91
0
280
0
281
0
  0
CLASS
  1
MENTALRAYRENDERSETTINGS
  2
AcDbMentalRayRenderSettings
  3
SCENEOE
 90
1024
 91
0
280
0
281
0
  0
CLASS
  1
ACDBDETAILVIEWSTYLE
  2
AcDbDetailViewStyle
  3
ObjectDBX Classes
 90
1025
 91
0
280
0
281
0
  0
CLASS
  1
ACDBSECTIONVIEWSTYLE
  2
AcDbSectionViewStyle
  3
ObjectDBX Classes
 90
1025
 91
0
280
0
281
0
  0
CLASS
  1
RASTERVARIABLES
  2
AcDbRasterVariables
  3
ISM
 90
0
 91
0
280
0
281
0
  0
CLASS
  1
LAYOUT
  2
AcDbLayout
  3
ObjectDBX Classes
 90
0
 91
0
280
0
281
0
  0
CLASS
  1
ACDBPLACEHOLDER
  2
AcDbPlaceHolder
  3
ObjectDBX Classes
 90
0
 91
0
280
0
281
0
  0
ENDSEC
  0
SECTION
  2
TABLES
  0
TABLE
  2
VPORT
  5
8
330
0
100
AcDbSymbolTable
 70
1
  0
VPORT
  5
23
330
8
100
AcDbSymbolTableRecord
100
AcDbViewportTableRecord
  2
*Active
 70
0
 10
0.0
 20
0.0
 11
1.0
 21
1.0
 12
70.0
 22
50.0
 13
0.0
 23
0.0
 14
0.5
 24
0.5
 15
0.5
 25
0.5
 16
0.0
 26
0.0
 36
1.0
 17
0.0
 27
0.0
 37
0.0
 40
1.0
 41
1.34
 42
50.0
 43
0.0
 44
0.0
 50
0.0
 51
0.0
 71
0
 72
1000
 73
1
 74
3
 75
0
 76
0
 77
0
 78
0
281
0
 65
0
146
0.0
  0
ENDTAB
  0
TABLE
  2
LTYPE
  5
2
330
0
100
AcDbSymbolTable
 70
3
  0
LTYPE
  5
24
330
2
100
AcDbSymbolTableRecord
100
AcDbLinetypeTableRecord
  2
ByBlock
 70
0
  3

 72
65
 73
0
 40
0.0
  0
LTYPE
  5
25
330
2
100
AcDbSymbolTableRecord
100
AcDbLinetypeTableRecord
  2
ByLayer
 70
0
  3

 72
65
 73
0
 40
0.0
  0
LTYPE
  5
26
330
2
100
AcDbSymbolTableRecord
100
AcDbLinetypeTableRecord
  2
Continuous
 70
0
  3

 72
65
 73
0
 40
0.0
  0
ENDTAB
  0
TABLE
  2
LAYER
  5
1
330
0
100
AcDbSymbolTable
 70
2
  0
LAYER
  5
27
330
1
100
AcDbSymbolTableRecord
100
AcDbLayerTableRecord
  2
0
 70
0
 62
7
  6
Continuous
370
-3
390
13
347
21
  0
LAYER
  5
28
330
1
100
AcDbSymbolTableRecord
100
AcDbLayerTableRecord
  2
Defpoints
 70
0
 62
7
  6
Continuous
290
0
370
-3
390
13
347
21
  0
ENDTAB
  0
TABLE
  2
STYLE
  5
5
330
0
100
AcDbSymbolTable
 70
1
  0
STYLE
  5
29
330
5
100
AcDbSymbolTableRecord
100
AcDbTextStyleTableRecord
  2
Standard
 70
0
 40
0.0
 41
1.0
 50
0.0
 71
0
 42
2.5
  3
txt
  4

  0
ENDTAB
  0
TABLE
  2
VIEW
  5
7
330
0
100
AcDbSymbolTable
 70
0
  0
ENDTAB
  0
TABLE
  2
UCS
  5
6
330
0
100
AcDbSymbolTable
 70
0
  0
ENDTAB
  0
TABLE
  2
APPID
  5
3
330
0
100
AcDbSymbolTable
 70
2
  0
APPID
  5
2A
330
3
100
AcDbSymbolTableRecord
100
AcDbRegAppTableRecord
  2
ACAD
 70
0
  0
APPID
  5
43
330
3
100
AcDbSymbolTableRecord
100
AcDbRegAppTableRecord
  2
HATCHBACKGROUNDCOLOR
 70
0
  0
ENDTAB
  0
TABLE
  2
DIMSTYLE
  5
4
330
0
100
AcDbSymbolTable
 70
1
100
AcDbDimStyleTable
  0
DIMSTYLE
105
2B
330
4
100
AcDbSymbolTableRecord
100
AcDbDimStyleTableRecord
  2
Standard
 70
0
 40
1.0
 41
2.5
 42
0.625
 43
3.75
 44
1.25
 45
0.0
 46
0.0
 47
0.0
 48
0.0
 49
2.5
140
2.5
141
2.5
142
0.0
143
0.03937007874
144
1.0
145
0.0
146
1.0
147
0.625
148
0.0
 69
0
 70
0
 71
0
 72
0
 73
0
 74
0
 75
0
 76
0
 77
1
 78
8
 79
0
170
0
171
3
172
1
173
0
174
0
175
0
176
0
177
0
178
0
179
0
271
0
272
2
273
2
274
3
275
0
276
0
277
2
278
44
279
0
280
0
281
0
282
0
283
0
284
8
285
0
286
0
288
0
289
3
290
0
371
-2
372
-2
  0
ENDTAB
  0
TABLE
  2
BLOCK_RECORD
  5
9
330
0
100
AcDbSymbolTable
 70
2
  0
BLOCK_RECORD
  5
17
330
9
100
AcDbSymbolTableRecord
100
AcDbBlockTableRecord
  2
*Model_Space
340
1A
 70
0
280
1
281
0
  0
BLOCK_RECORD
  5
1B
330
9
100
AcDbSymbolTableRecord
100
AcDbBlockTableRecord
  2
*Paper_Space
340
1E
 70
0
280
1
281
0
  0
ENDTAB
  0
ENDSEC
  0
SECTION
  2
BLOCKS
  0
BLOCK
  5
18
330
17
100
AcDbEntity
  8
0
100
AcDbBlockBegin
  2
*Model_Space
 70
0
 10
0.0
 20
0.0
 30
0.0
  3
*Model_Space
  1

  0
ENDBLK
  5
19
330
17
100
AcDbEntity
  8
0
100
AcDbBlockEnd
  0
BLOCK
  5
1C
330
1B
100
AcDbEntity
  8
0
100
AcDbBlockBegin
  2
*Paper_Space
 70
0
 10
0.0
 20
0.0
 30
0.0
  3
*Paper_Space
  1

  0
ENDBLK
  5
1D
330
1B
100
AcDbEntity
  8
0
100
AcDbBlockEnd
  0
ENDSEC
  0
SECTION
  2
ENTITIES
  0
LWPOLYLINE
  5
2D
330
17
100
AcDbEntity
  8
0
100
AcDbPolyline
 90
582
 70
0
 10
-6.918936518768618
 20
-1.8810385137468728
 10
-6.300837987898262
 20
-1.8810385449205924
 10
-3.634887268054456
 20
-4.54698926475595
 10
-3.6340089562700086
 20
-4.547846279806954
 10
-3.633109876814302
 20
-4.548681481890682
 10
-3.5785474781977484
 20
-4.59813395737919
 10
-3.5776281726487866
 20
-4.598946843395815
 10
-3.5766891947559714
 20
-4.599736923698821
 10
-3.5757311101244795
 20
-4.600503722373354
 10
-3.5747544958686603
 20
-4.60124677752858
 10
-3.515607641958013
 20
-4.645113074011746
 10
-3.5146130863537905
 20
-4.6458319380590325
 10
-3.5136011884842446
 20
-4.646526177981535
 10
-3.5125725578788263
 20
-4.647195375595096
 10
-3.511527814146149
 20
-4.647839127800097
 10
-3.448366119565833
 20
-4.685696790595742
 10
-3.4473058920204664
 20
-4.686314709619921
 10
-3.4462308193038496
 20
-4.686906423251962
 10
-3.4451415489995725
 20
-4.687471575065707
 10
-3.444038737243318
 20
-4.6880098246348325
 10
-3.3774704836392573
 20
-4.719494263755543
 10
-3.3763547947235963
 20
-4.72000528685863
 10
-3.3752269006978395
 20
-4.720488775674475
 10
-3.374087480963169
 20
-4.720944438967493
 10
-3.3729372218633955
 20
-4.721372002263152
 10
-3.303603497907801
 20
-4.746180005348975
 10
-3.3024430923160253
 20
-4.746579211099139
 10
-3.3012732392171813
 20
-4.746949818837187
 10
-3.3000946432869966
 20
-4.7472916053228715
 10
-3.2989080144676564
 20
-4.747604364676803
 10
-3.2274765418238474
 20
-4.765497017096514
 10
-3.2262825948961336
 20
-4.765780560924142
 10
-3.225082049049064
 20
-4.766034718429282
 10
-3.2238756274465175
 20
-4.766259336516939
 10
-3.2226640567917855
 20
-4.766454279885586
 10
-3.1498227595901938
 20
-4.77725926561525
 10
-3.148606769691156
 20
-4.777424416837917
 10
-3.147387093011673
 20
-4.777559676434208
 10
-3.146164464239348
 20
-4.777664962928789
 10
-3.1449396198400166
 20
-4.77774021290103
 10
-3.0713899972590752
 20
-4.7813534741541375
 10
-3.0701636750321484
 20
-4.7813986422762795
 10
-3.068936613669365
 20
-4.781413701340668
 10
0.9310633814208984
 20
-4.78141370133465
 10
0.9322904427937999
 20
-4.7813986422700125
 10
0.9335167650308165
 20
-4.781353474147117
 10
1.007066387854536
 20
-4.777740212851974
 10
1.0082912322568802
 20
-4.777664962879008
 10
1.009513861032218
 20
-4.777559676383554
 10
1.0107335377146853
 20
-4.777424416786239
 10
1.0119495276166504
 20
-4.777259265562407
 10
1.0847908248114493
 20
-4.766454279785108
 10
1.0860023954660392
 20
-4.766259336415665
 10
1.0872088170684435
 20
-4.766034718327219
 10
1.088409362915371
 20
-4.765780560821298
 10
1.089603309842886
 20
-4.765497016992889
 10
1.161034782474644
 20
-4.747604364526573
 10
1.1622214112937854
 20
-4.747291605171867
 10
1.1634000072237143
 20
-4.746949818685408
 10
1.164569860322331
 20
-4.746579210946599
 10
1.1657302659138509
 20
-4.746180005195683
 10
1.2350639898531313
 20
-4.721372002064626
 10
1.2362142489526207
 20
-4.720944438768214
 10
1.2373536686870068
 20
-4.7204887754744504
 10
1.238481562712451
 20
-4.720005286657866
 10
1.239597251627771
 20
-4.719494263554047
 10
1.3061655052114531
 20
-4.688009824389752
 10
1.3072683169673383
 20
-4.687471574819909
 10
1.3083575872712743
 20
-4.686906423005453
 10
1.3094326599874933
 20
-4.686314709372709
 10
1.3104928875324617
 20
-4.685696790347841
 10
1.3736545820883634
 20
-4.647839127510736
 10
1.3746993258206146
 20
-4.647195375305046
 10
1.3757279564256066
 20
-4.646526177690809
 10
1.3767398542946978
 20
-4.645831937767639
 10
1.3777344098984656
 20
-4.645113073719706
 10
1.4368812637802648
 20
-4.601246777198007
 10
1.437857878033185
 20
-4.600503722044024
 10
1.438815962661863
 20
-4.5997369233708625
 10
1.4397549405519214
 20
-4.598946843069363
 10
1.44067424609824
 20
-4.598133957054358
 10
1.4952366445131133
 20
-4.548681481708016
 10
1.496135723961146
 20
-4.547846279630903
 10
1.4970140357382604
 20
-4.546989264586877
 10
3.49701403226274
 20
-2.5469892680538635
 10
3.497871047313737
 20
-2.5461109562694233
 10
3.4987062493974577
 20
-2.545211876813731
 10
3.54815872488561
 20
-2.4906494781976107
 10
3.5489716109022424
 20
-2.489730172648642
 10
3.549761691205248
 20
-2.4887911947558194
 10
3.550528489879781
 20
-2.4878331101243205
 10
3.551271545035007
 20
-2.486856495868487
 10
3.595137841518067
 20
-2.4277096419578967
 10
3.595856705565353
 20
-2.426715086353667
 10
3.5965509454878486
 20
-2.4257031884841282
 10
3.597220143101424
 20
-2.424674557878724
 10
3.5978638953064035
 20
-2.4236298141460537
 10
3.6357215581018636
 20
-2.360468119566036
 10
3.6363394771260573
 20
-2.359407892020677
 10
3.636931190758105
 20
-2.358332819304053
 10
3.6374963425718363
 20
-2.3572435489997616
 10
3.6380345921409685
 20
-2.356140737243514
 10
3.6695190312620127
 20
-2.28957248363875
 10
3.6700300543650997
 20
-2.288456794723089
 10
3.6705135431809595
 20
-2.287328900697318
 10
3.670969206473984
 20
-2.2861894809626193
 10
3.6713967697696432
 20
-2.2850392218628457
 10
3.696204772855424
 20
-2.215705497907088
 10
3.696603978605566
 20
-2.2145450923153263
 10
3.6969745863436003
 20
-2.2133752392164965
 10
3.697316372829306
 20
-2.2121966432863474
 10
3.6976291321832093
 20
-2.211010014467014
 10
3.715521784602714
 20
-2.1395785418242212
 10
3.715805328430349
 20
-2.1383845948965003
 10
3.7160594859354887
 20
-2.1371840490494023
 10
3.7162841040231456
 20
-2.135977627446856
 10
3.7164790473918003
 20
-2.1347660567921167
 10
3.7272840331214923
 20
-2.061924759590255
 10
3.7274491843441524
 20
-2.0607087696912316
 10
3.727584443940458
 20
-2.0594890930117415
 10
3.7276897304350314
 20
-2.0582664642394093
 10
3.7277649804072723
 20
-2.057041619840085
 10
3.7313782416603942
 20
-1.983491997258703
 10
3.7314234097825363
 20
-1.9822656750315133
 10
3.7314384688469318
 20
-1.9810386136684386
 10
3.7314384688409064
 20
-1.5210386185783307
 10
3.731423409776255
 20
-1.5198115572056992
 10
3.731378241653374
 20
-1.5185852349689597
 10
3.7277649803582165
 20
-1.4450356121453893
 10
3.7276897303852365
 20
-1.4438107677430523
 10
3.727584443889782
 20
-1.4425881389677286
 10
3.7274491842924817
 20
-1.4413684622852827
 10
3.7272840330686563
 20
-1.4401524723833319
 10
3.7164790472914433
 20
-1.3673111751888527
 10
3.7162841039219927
 20
-1.3660996045342415
 10
3.71605948583354
 20
-1.36489318293183
 10
3.7158053283276047
 20
-1.3636926370848954
 10
3.7155217844992023
 20
-1.3624986901573521
 10
3.6976291320326595
 20
-1.291067217524855
 10
3.6973163726779603
 20
-1.2898805887057136
 10
3.6969745861914873
 20
-1.2887019927757848
 10
3.6966039784526856
 20
-1.2875321396771824
 10
3.696204772701776
 20
-1.2863717340856695
 10
3.671396769570748
 20
-1.21703801014651
 10
3.6709692062743216
 20
-1.2158877510470205
 10
3.670513542980558
 20
-1.2147483313126273
 10
3.6700300541639876
 20
-1.213620437287176
 10
3.6695190310601618
 20
-1.212504748371856
 10
3.6380345918959165
 20
-1.145936494788387
 10
3.6374963423260738
 20
-1.1448336830324948
 10
3.636931190511632
 20
-1.14374441272858
 10
3.6363394768788737
 20
-1.1426693400123469
 10
3.635721557853998
 20
-1.1416091124673997
 10
3.597863895016957
 20
-1.0784474179116117
 10
3.597220142811267
 20
-1.0774026741793605
 10
3.5965509451970377
 20
-1.0763740435743756
 10
3.59585670527386
 20
-1.0753621457052844
 10
3.5951378412259487
 20
-1.0743675901015095
 10
3.551271544704207
 20
-1.0152207362196535
 10
3.550528489550203
 20
-1.0142441219667404
 10
3.5497616908770624
 20
-1.0132860373380623
 10
3.5489716105755633
 20
-1.0123470594479826
 10
3.548158724560551
 20
-1.0114277539016712
 10
3.498706249213882
 20
-0.9568653554864639
 10
3.497871047279716
 20
-0.955966276188569
 10
3.49701403238592
 20
-0.9550879645544867
 10
2.171888425770476
 20
0.37003766403098126
 10
2.154760150251036
 20
0.43841757285174765
 10
2.154447390896422
 20
0.4396042016707469
 10
2.154105604410063
 20
0.4407827976005336
 10
2.1537349966713464
 20
0.441952650699001
 10
2.1533357909205506
 20
0.4431130562903789
 10
2.1235810713095873
 20
0.5262719266295335
 10
2.123153508013246
 20
0.5274221857290442
 10
2.1226978447195393
 20
0.5285616054634588
 10
2.1222143559030258
 20
0.5296894994889243
 10
2.1217033327992567
 20
0.5308051884042726
 10
2.083940895632253
 20
0.6106471535256333
 10
2.083402646062467
 20
0.6117499652815539
 10
2.082837494248082
 20
0.6128392355855041
 10
2.0822457806153807
 20
0.6139143083017728
 10
2.0816278615905617
 20
0.6149745358467555
 10
2.036221379780585
 20
0.6907306739800845
 10
2.0355776275749804
 20
0.6917754177123783
 10
2.0349084299607796
 20
0.6928040483173916
 10
2.0342141900376873
 20
0.6938159461865183
 10
2.0334953259898043
 20
0.6948105017903359
 10
1.9808820887782588
 20
0.7657512399129089
 10
1.9801390336224358
 20
0.7667278541682734
 10
1.9793722349473342
 20
0.7676859387993105
 10
1.9785821546437603
 20
0.7686249166916426
 10
1.977769268626588
 20
0.7695442222401141
 10
1.9184559702495676
 20
0.8349863622633151
 10
1.9176207681709059
 20
0.8358854417126409
 10
1.9167637531252808
 20
0.8367637534909704
 10
1.9158854413464894
 20
0.8376207685361265
 10
1.9149863618966947
 20
0.838455970614298
 10
1.8495442218407732
 20
0.8977692689560541
 10
1.8486249162918682
 20
0.8985821549727362
 10
1.8476859383990814
 20
0.8993722352757842
 10
1.8467278537676464
 20
0.9001390339503743
 10
1.8457512395118556
 20
0.9008820891056573
 10
1.7748105013604913
 20
0.9534953262786132
 10
1.7738159457562972
 20
0.9542141903259491
 10
1.7728040478867797
 20
0.9549084302485156
 10
1.7717754172813898
 20
0.9555776278621337
 10
1.7707306735487691
 20
0.9562213800671913
 10
1.6949745353909123
 20
1.0016278618357717
 10
1.6939143078455743
 20
1.002245780860008
 10
1.6928392351289858
 20
1.0028374944921055
 10
1.6917499648247372
 20
1.0034026463059078
 10
1.690647153068511
 20
1.0039408958750897
 10
1.6108051879265588
 20
1.0417033329985728
 10
1.6096894990109547
 20
1.0422143561017236
 10
1.6085616049851978
 20
1.0426978449176332
 10
1.607422185250556
 20
1.0431535082107075
 10
1.6062719261508107
 20
1.0435810715064306
 10
1.5231130557952213
 20
1.0733357910721821
 10
1.521952650203474
 20
1.0737349968224095
 10
1.52078279710463
 20
1.074105604560522
 10
1.5196042011744737
 20
1.0744473910462773
 10
1.5184175723551334
 20
1.074760150400266
 10
1.4327426621666461
 20
1.096220598193213
 10
1.4315487152389608
 20
1.0965041420209118
 10
1.4303481693918911
 20
1.0967582995261083
 10
1.4291417477893447
 20
1.0969829176138362
 10
1.427930177134641
 20
1.0971778609825478
 10
1.3405643233335525
 20
1.1101373611589622
 10
1.3393483334315022
 20
1.11030251238207
 10
1.338128656748978
 20
1.1104377719786527
 10
1.3369060279735834
 20
1.1105430584733753
 10
1.3356811835711824
 20
1.1106183084456092
 10
1.247465767088073
 20
1.1149520539344309
 10
1.2462394448591567
 20
1.1149972220563882
 10
1.2450123834943554
 20
1.1150122811204923
 10
1.243785322129554
 20
1.1149972220557203
 10
1.242558999900666
 20
1.114952053933095
 10
1.154343583420001
 20
1.1106183083962193
 10
1.153118739017657
 20
1.1105430584233176
 10
1.151896110242319
 20
1.110437771927927
 10
1.1506764335598518
 20
1.1103025123306836
 10
1.1494604436578868
 20
1.110137361106915
 10
1.062094589863591
 20
1.0971778608828657
 10
1.0608830192089727
 20
1.0969829175134933
 10
1.0596765976065683
 20
1.0967582994251046
 10
1.0584760517596408
 20
1.0965041419192545
 10
1.0572821048320975
 20
1.096220598090909
 10
0.971607194655661
 20
1.0747601502513575
 10
0.9704205658364913
 20
1.0744473908967151
 10
0.969241969906534
 20
1.0741056044103203
 10
0.9680721168079174
 20
1.0737349966715755
 10
0.966911711216369
 20
1.0733357909207157
 10
0.8837528408770936
 20
1.043581071309731
 10
0.8826025817775758
 20
1.0431535080133827
 10
0.8814631620431612
 20
1.042697844719683
 10
0.880335268017717
 20
1.0422143559031625
 10
0.8792195791023687
 20
1.0417033327994005
 10
0.7993776139807949
 20
1.0039408956323328
 10
0.7982748022248529
 20
1.003402646062554
 10
0.7971855319209169
 20
1.002837494248162
 10
0.7961104592046411
 20
1.0022457806154677
 10
0.7950502316596442
 20
1.0016278615906558
 10
0.7192940935262016
 20
0.9562213797806152
 10
0.718249349793922
 20
0.9555776275749892
 10
0.7172207191889015
 20
0.9549084299608097
 10
0.7162088213197535
 20
0.954214190037689
 10
0.7152142657159573
 20
0.9534953259898131
 10
0.644273527593441
 20
0.9008820887783173
 10
0.6432969133380766
 20
0.9001390336225086
 10
0.6423388287070395
 20
0.8993722349473927
 10
0.6413998508147074
 20
0.8985821546438331
 10
0.6404805452662288
 20
0.8977692686266536
 10
0.5750384052429354
 20
0.8384559702495338
 10
0.5741393257936238
 20
0.8376207681708792
 10
0.5732610140152872
 20
0.8367637531252399
 10
0.5724039989701168
 20
0.8358854413464485
 10
0.5715687968919667
 20
0.834986361896668
 10
0.5122554985500756
 20
0.7695442218406185
 10
0.5114426125333864
 20
0.7686249162917065
 10
0.5106525322303241
 20
0.7676859383989267
 10
0.5098857335557341
 20
0.7667278537674704
 10
0.5091426784004511
 20
0.7657512395116797
 10
0.45652944122758754
 20
0.6948105013603794
 10
0.45581057718024454
 20
0.6938159457561852
 10
0.4551163372576923
 20
0.6928040478866819
 10
0.45444713964408834
 20
0.6917754172813062
 10
0.4538033874390237
 20
0.6907306735486713
 10
0.40839690567062803
 20
0.6149745353911129
 10
0.40777898664637746
 20
0.6139143078457892
 10
0.40718727301427293
 20
0.6128392351291936
 10
0.4066221212004848
 20
0.6117499648249307
 10
0.4060838716312958
 20
0.6106471530687116
 10
0.368321434507493
 20
0.5308051879260489
 10
0.3678104114043492
 20
0.5296894990104235
 10
0.3673269225884326
 20
0.5285616049846809
 10
0.36687125929535114
 20
0.5274221852500105
 10
0.3664436959996351
 20
0.5262719261502582
 10
0.33668897643391915
 20
0.44311305579450533
 10
0.3362897706836918
 20
0.4419526502027651
 10
0.3359191629455722
 20
0.4407827971039495
 10
0.3355773764598382
 20
0.4396042011738217
 10
0.33526461710584954
 20
0.43841757235449563
 10
0.3138041693131015
 20
0.35274266216703865
 10
0.3135206254854097
 20
0.35154871523933906
 10
0.31326646798018487
 20
0.3503481693922552
 10
0.3130418498924712
 20
0.34914174778971585
 10
0.31284690652375957
 20
0.34793017713499097
 10
0.2998874063473238
 20
0.2605643233336039
 10
0.2997222551242089
 20
0.2593483334315536
 10
0.29958699552764756
 20
0.2581286567490224
 10
0.2994817090329036
 20
0.2569060279736277
 10
0.2994064590606911
 20
0.2556811835712409
 10
0.29507271357184095
 20
0.1674657670879327
 10
0.2950275454498694
 20
0.1662394448590021
 10
0.29501248638575817
 20
0.16501238349420078
 10
0.29502754545055154
 20
0.16378532212940655
 10
0.29507271357317677
 20
0.16255899990050438
 10
0.299406459110088
 20
0.07434358341994596
 10
0.29948170908298266
 20
0.0731187390176089
 10
0.2995869955783519
 20
0.07189611024227816
 10
0.29972225517559536
 20
0.07067643355983222
 10
0.29988740639936395
 20
0.0694604436578743
 10
0.3128469066233208
 20
-0.01790541013613023
 10
0.31304184999271456
 20
-0.019116980790755633
 10
0.31326646808108194
 20
-0.020323402393174206
 10
0.3135206255869605
 20
-0.021523948240123048
 10
0.313804169415306
 20
-0.022717895167680524
 10
0.33526461725509193
 20
-0.10839280534484175
 10
0.3355773766097343
 20
-0.1095794341640044
 10
0.335919163096122
 20
-0.11075803009395457
 10
0.3362897708348669
 20
-0.11192788319257829
 10
0.3366889765857195
 20
-0.11308828878411248
 10
0.3664436961966828
 20
-0.19624715912326707
 10
0.3668712594930241
 20
-0.1973974182227778
 10
0.36732692278673085
 20
-0.19853683795719235
 10
0.36781041160324435
 20
-0.19966473198265788
 10
0.3683214347070134
 20
-0.20078042089800618
 10
0.4060838718740172
 20
-0.28062238601937395
 10
0.40662212144380305
 20
-0.2817251977752946
 10
0.40718727325818804
 20
-0.2828144680792448
 10
0.4077789868908894
 20
-0.28388954079551354
 10
0.40839690591570843
 20
-0.28494976834049623
 10
0.45380338772568507
 20
-0.36070590647382517
 10
0.4544471399312897
 20
-0.36175065020611896
 10
0.4551163375454905
 20
-0.3627792808111323
 10
0.4558105774685828
 20
-0.363791178680259
 10
0.4565294415164658
 20
-0.36478573428407657
 10
0.5091426787280113
 20
-0.43572647240664963
 10
0.5098857338838343
 20
-0.4367030866620141
 10
0.510652532558936
 20
-0.43766117129305115
 10
0.5114426128625098
 20
-0.43860014918538326
 10
0.5122554988796821
 20
-0.4395194547338548
 10
0.5715687972567025
 20
-0.5049615947570558
 10
0.5724039993353642
 20
-0.5058606742063816
 10
0.5732610143809893
 20
-0.5067389859847111
 10
0.5741393261597807
 20
-0.5075960010298672
 10
0.5750384056095754
 20
-0.5084312031080387
 10
0.640480545665497
 20
-0.5677445014497948
 10
0.6413998512144019
 20
-0.5685573874664769
 10
0.6423388291071888
 20
-0.5693474677695249
 10
0.6432969137386237
 20
-0.570114266444115
 10
0.6442735279944145
 20
-0.570857321599398
 10
0.7152142661457788
 20
-0.6234705587723539
 10
0.7162088217499729
 20
-0.6241894228196898
 10
0.7172207196194904
 20
-0.6248836627422563
 10
0.7182493502248803
 20
-0.6255528603558744
 10
0.719294093957501
 20
-0.626196612560932
 10
0.7950502321153579
 20
-0.6716030943295124
 10
0.7961104596606958
 20
-0.6722210133537487
 10
0.7971855323772843
 20
-0.6728127269858462
 10
0.798274802681533
 20
-0.6733778787996485
 10
0.7993776144377591
 20
-0.6739161283688304
 10
0.8792195795797113
 20
-0.7116785654923135
 10
0.8803352684953154
 20
-0.7121895885954643
 10
0.8814631625210723
 20
-0.7126730774113739
 10
0.8826025822557142
 20
-0.7131287407044482
 10
0.8837528413554594
 20
-0.7135563040001713
 10
0.9669117117110488
 20
-0.7433110235659228
 10
0.968072115096902
 20
-0.7437102285874175
 10
0.9692419659554048
 20
-0.7440808357055104
 10
0.9704205596147801
 20
-0.7444226216811671
 10
0.9716071861369926
 20
-0.7447353806360795
 10
1.0399871488230303
 20
-0.761863683113468
 10
2.0291620077606183
 20
-1.7510386908254745
 10
0.5995371236067797
 20
-3.180663530955563
 10
-2.7374104327651025
 20
-3.180663499132322
 10
-5.168936718754821
 20
-0.7491371681214076
 10
-5.16893671899237
 20
-0.13103871622765695
 10
-5.168951778057277
 20
-0.12981165486305457
 10
-5.1689969461800445
 20
-0.12858533263435135
 10
-5.169072196153053
 20
-0.12736048823219903
 10
-5.169177482648536
 20
-0.12613785945706013
 10
-5.169312742245893
 20
-0.12491818277479894
 10
-5.169477893469747
 20
-0.12370219287303286
 10
-5.169672836839197
 20
-0.12249062221862062
 10
-5.16989745492765
 20
-0.1212842006164152
 10
-5.170151612433557
 20
-0.12008365476967953
 10
-5.170435156261931
 20
-0.11888970784233521
 10
-5.17074791561663
 20
-0.11770307902337862
 10
-5.171089702103046
 20
-0.1165244830936274
 10
-5.1714603098418195
 20
-0.11535462999520263
 10
-5.171859515592672
 20
-0.1141942244038674
 10
-5.172287078889013
 20
-0.11304396530455563
 10
-5.17274274218272
 20
-0.11190454557034712
 10
-5.173226230999234
 20
-0.11077665154507343
 10
-5.173737254102946
 20
-0.10966096262992409
 10
-5.174275503672703
 20
-0.10855815087418819
 10
-5.17484065548706
 20
-0.1074688805704227
 10
-5.175432369119704
 20
-0.10639380785433161
 10
-5.176050288144438
 20
-0.10533358030951945
 10
-5.176694040350014
 20
-0.1042888365774175
 10
-5.1773632379641015
 20
-0.10326020597258179
 10
-5.178057477887137
 20
-0.10224830810361851
 10
-5.178776341934906
 20
-0.10125375249997859
 10
-5.1795193970906155
 20
-0.10027713824476336
 10
-5.180286195765632
 20
-0.0993190536138755
 10
-5.181076276069064
 20
-0.0983800757216784
 10
-5.181889162086122
 20
-0.09746077017334898
 10
-5.18272436416467
 20
-0.09656169072415821
 10
-5.183581379210153
 20
-0.09568337894596368
 10
-5.1844596909888025
 20
-0.09482636390092836
 10
-5.185358770438427
 20
-0.0939911618228777
 10
-5.186278075987218
 20
-0.09317827580630222
 10
-5.187217053879806
 20
-0.09238819550335364
 10
-5.188175138511099
 20
-0.09162139682884884
 10
-5.189151752766719
 20
-0.09087834167365116
 10
-5.190146308370743
 20
-0.09015947762640053
 10
-5.191158206240061
 20
-0.08946523770390513
 10
-5.192186836845252
 20
-0.08879604009035091
 10
-5.193231580577702
 20
-0.08815228788535023
 10
-5.194291808122841
 20
-0.08753436886115651
 10
-5.195366880839231
 20
-0.0869426552290875
 10
-5.196456151143309
 20
-0.08637750341530648
 10
-5.197558962899336
 20
-0.08583925384613877
 10
-5.198674651814741
 20
-0.08532823074300211
 10
-5.199802545840271
 20
-0.08484474192709257
 10
-5.200941965574714
 20
-0.08438907863400402
 10
-5.20209222467426
 20
-0.08396151533825957
 10
-5.203252630265808
 20
-0.08356230958801092
 10
-5.204422483364425
 20
-0.08319170184986291
 10
-5.205601079294354
 20
-0.08284991536406494
 10
-5.206787708113495
 20
-0.08253715601001232
 10
-5.207981655040982
 20
-0.08225361218224947
 10
-5.209182200887852
 20
-0.08199945467696779
 10
-5.210388622490171
 20
-0.08177483658916174
 10
-5.2116001931447045
 20
-0.08157989322035064
 10
-5.212816183046527
 20
-0.08141474199713628
 10
-5.214035859728881
 20
-0.08127948240043992
 10
-5.215258488504077
 20
-0.08117419590558939
 10
-5.21648333290625
 20
-0.08109894593322764
 10
-5.217709655134996
 20
-0.08105377781112821
 10
-5.218936716499599
 20
-0.08103871874686774
 10
-6.918936516254092
 20
-0.08103871899243131
 10
-6.920163577618766
 20
-0.08105377805704705
 10
-6.921389899847554
 20
-0.08109894617950886
 10
-6.922614744249813
 20
-0.08117419615223298
 10
-6.923837373025037
 20
-0.08127948264744589
 10
-6.925057049707419
 20
-0.08141474224451173
 10
-6.926273039609285
 20
-0.08157989346809558
 10
-6.927484610263818
 20
-0.08177483683727615
 10
-6.928691031866151
 20
-0.0819994549254659
 10
-6.929891577713022
 20
-0.08225361243112417
 10
-6.931085524640494
 20
-0.08253715625926361
 10
-6.932272153459593
 20
-0.08284991561369281
 10
-6.933450749389493
 20
-0.08319170209987448
 10
-6.934620602488081
 20
-0.08356230983840618
 10
-6.935781008079573
 20
-0.08396151558904563
 10
-6.936931267179048
 20
-0.08438907888516667
 10
-6.93807068691342
 20
-0.08484474217863891
 10
-6.939198580938864
 20
-0.08532823099493214
 10
-6.940314269854184
 20
-0.0858392540984525
 10
-6.941417081610112
 20
-0.0863775036680039
 10
-6.942506351914062
 20
-0.08694265548216151
 10
-6.943581424630338
 20
-0.0875343691146071
 10
-6.944641652175335
 20
-0.08815228813917741
 10
-6.945686395907643
 20
-0.08879604034455468
 10
-6.946715026512678
 20
-0.08946523795848549
 10
-6.94772692438184
 20
-0.09015947788135037
 10
-6.948721479985693
 20
-0.09087834192897049
 10
-6.949698094241114
 20
-0.09162139708453765
 10
-6.950656178872208
 20
-0.09238819575939772
 10
-6.9515951567646255
 20
-0.09317827606270868
 10
-6.952514462313175
 20
-0.09399116207963942
 10
-6.953413541762572
 20
-0.09482636415804535
 10
-6.95429185354098
 20
-0.09568337920342884
 10
-6.955148868586235
 20
-0.09656169098196443
 10
-6.955984070664513
 20
-0.09746077043148915
 10
-6.956796956681316
 20
-0.09838007598015253
 10
-6.957587036984492
 20
-0.09931905387267648
 10
-6.95835383565921
 20
-0.10027713850388409
 10
-6.959096890814635
 20
-0.10125375275941906
 10
-6.95981575486212
 20
-0.10224830836336452
 10
-6.960509994784829
 20
-0.10326020623263332
 10
-6.9611791923986175
 20
-0.10428883683776746
 10
-6.961822944603838
 20
-0.10533358057016073
 10
-6.9624408636282595
 20
-0.10639380811525001
 10
-6.963032577260549
 20
-0.10746888083161821
 10
-6.96359772907455
 20
-0.1085581511356466
 10
-6.964135978643938
 20
-0.1096609628916454
 10
-6.964647001747309
 20
-0.11077665180704344
 10
-6.965130490563425
 20
-0.1119045458325516
 10
-6.965586153856734
 20
-0.11304396556700169
 10
-6.966013717152691
 20
-0.11419422466653373
 10
-6.96641292290316
 20
-0.11535463025808923
 10
-6.966783530641521
 20
-0.11652448335672005
 10
-6.96712531712754
 20
-0.11770307928666313
 10
-6.967438076481798
 20
-0.11888970810581156
 10
-6.96772162030976
 20
-0.12008365503333351
 10
-6.967975777815241
 20
-0.12128420088023972
 10
-6.968200395903267
 20
-0.12249062248260145
 10
-6.968395339272277
 20
-0.12370219313716291
 10
-6.968560490495676
 20
-0.12491818303905688
 10
-6.968695750092564
 20
-0.12613785972144598
 10
-6.968801036587607
 20
-0.12736048849669857
 10
-6.96887628656016
 20
-0.12858533289895746
 10
-6.9689214546824445
 20
-0.12981165512775306
 10
-6.968936513746868
 20
-0.1310387164924336
 10
-6.968936513746868
 20
-1.8310385162468705
 10
-6.968921454683397
 20
-1.8322655775722723
 10
-6.9688762865640115
 20
-1.8334918997618601
 10
-6.968801036596275
 20
-1.8347167441250534
 10
-6.968695750107969
 20
-1.8359393728614535
 10
-6.968560490519721
 20
-1.8371590495052743
 10
-6.968395339306866
 20
-1.8383750393689553
 10
-6.9682003959502765
 20
-1.839586609985723
 10
-6.967975777876575
 20
-1.8407930315507883
 10
-6.967721620387238
 20
-1.8419935773609595
 10
-6.967438076577267
 20
-1.8431875242523716
 10
-6.967125317242804
 20
-1.8443741530361066
 10
-6.966783530778386
 20
-1.8455527489314179
 10
-6.9664129230633876
 20
-1.846722601996234
 10
-6.966013717338001
 20
-1.84788300755487
 10
-6.965586154068845
 20
-1.849033266622449
 10
-6.965130490804
 20
-1.850172686325969
 10
-6.964647002017969
 20
-1.8513005803216416
 10
-6.964135978946317
 20
-1.852416269208348
 10
-6.963597729410182
 20
-1.853519080936863
 10
-6.963032577630969
 20
-1.8546083512146865
 10
-6.962440864034946
 20
-1.8556834239061644
 10
-6.961822945048212
 20
-1.856743651427756
 10
-6.961179192882071
 20
-1.8577883951380798
 10
-6.960509995308698
 20
-1.8588170257226437
 10
-6.959815755427698
 20
-1.859828923572877
 10
-6.959096891423158
 20
-1.860823479159393
 10
-6.958353836311858
 20
-1.8618000933991325
 10
-6.957587037682387
 20
-1.8627581780162359
 10
-6.956796957425539
 20
-1.8636971558963893
 10
-6.955984071456072
 20
-1.8646164614344727
 10
-6.955148869426083
 20
-1.8655155408752293
 10
-6.954291854430011
 20
-1.8663938526468584
 10
-6.953413542701597
 20
-1.8672508676872326
 10
-6.952514463302961
 20
-1.868086069762569
 10
-6.951595157805883
 20
-1.8688989557783984
 10
-6.950656179965577
 20
-1.8696890360826046
 10
-6.9496980953871486
 20
-1.8704558347603992
 10
-6.948721481184876
 20
-1.8711988899209544
 10
-6.947726925634612
 20
-1.8719177539756515
 10
-6.946715027819394
 20
-1.8726119939076966
 10
-6.945686397268588
 20
-1.8732811915329393
 10
-6.944641653590722
 20
-1.8739249437517742
 10
-6.943581426100309
 20
-1.8745428627919694
 10
-6.942506353438674
 20
-1.8751345764422283
 10
-6.94141708318935
 20
-1.8756997282763805
 10
-6.940314271487978
 20
-1.8762379778681222
 10
-6.939198582627057
 20
-1.8767490009960568
 10
-6.938070688655756
 20
-1.877232489838967
 10
-6.936931268975229
 20
-1.877688153161273
 10
-6.935781009929201
 20
-1.8781157164884519
 10
-6.934620604390702
 20
-1.8785149222723518
 10
-6.93345075134458
 20
-1.878885530046361
 10
-6.9322721554665065
 20
-1.8792273165702227
 10
-6.9310855266985385
 20
-1.8795400759645275
 10
-6.92989157982143
 20
-1.879823619834724
 10
-6.928691034024084
 20
-1.8800777773845994
 10
-6.9274846124703515
 20
-1.880302395519152
 10
-6.926273041863411
 20
-1.8804973389368413
 10
-6.925057052008057
 20
-1.8806624902110372
 10
-6.923837375371065
 20
-1.8807977498607897
 10
-6.922614746639965
 20
-1.8809030364107642
 10
-6.921389902280566
 20
-1.8809782864402678
 10
-6.920163580093259
 20
-1.8810234546215128
 10
-6.918936518768618
 20
-1.8810385137468728
  0
LWPOLYLINE
  5
2E
330
17
100
AcDbEntity
  8
0
100
AcDbPolyline
 90
723
 70
0
 10
-8.069436718662999
 20
-0.058676092402983215
 10
-8.063417324170373
 20
0.02803036082735133
 10
-8.01446857612757
 20
0.2361497398528627
 10
-7.928345520312746
 20
0.4311978581584839
 10
-7.80784623716265
 20
0.6071042296204396
 10
-7.657079447035656
 20
0.7578710172090695
 10
-7.479258649371374
 20
0.8796817167633577
 10
-7.471226134729321
 20
0.8841554113558772
 10
-7.470161290903533
 20
0.8847657166043987
 10
-7.469111747806608
 20
0.8854019745374657
 10
-7.468078137836557
 20
0.8860638017804021
 10
-7.467061083790938
 20
0.8867507995518409
 10
-7.4660611984915874
 20
0.8874625539040295
 10
-7.465079084415436
 20
0.8881986359722092
 10
-7.464115333331378
 20
0.8889586022330818
 10
-7.463170525943781
 20
0.8897419947719953
 10
-7.462245231542568
 20
0.8905483415589188
 10
-7.4613400076601835
 20
0.8913771567328013
 10
-7.460455399735679
 20
0.8922279408943794
 10
-7.459591940786012
 20
0.8931001814070427
 10
-7.458750151084942
 20
0.8939933527057562
 10
-7.457930537849464
 20
0.8949069166137207
 10
-7.457798671439136
 20
0.8950613629400905
 10
-7.427619242054604
 20
0.9140430950015599
 10
-7.426594096692085
 20
0.914705471284698
 10
-7.425585424400623
 20
0.9153926725384665
 10
-7.424593826213936
 20
0.9161042892828632
 10
-7.423619892991866
 20
0.916839897489524
 10
-7.422664205068315
 20
0.9175990588343694
 10
-7.421727331905402
 20
0.9183813209588294
 10
-7.42080983175417
 20
0.9191862177393233
 10
-7.419912251321975
 20
0.9200132695650822
 10
-7.419035125446655
 20
0.9208619836238654
 10
-7.4181789767778525
 20
0.9217318541956558
 10
-7.417344315465641
 20
0.9226223629539803
 10
-7.416531638856483
 20
0.9235329792747677
 10
-7.415741431196906
 20
0.92446316055252
 10
-7.414974163344937
 20
0.925412352523665
 10
-7.354825186452857
 20
1.001709323363798
 10
-7.354077322067198
 20
1.0026822893589724
 10
-7.353353561170323
 20
1.0036733161655036
 10
-7.352654339745413
 20
1.0046818068030703
 10
-7.351980078993421
 20
1.0057071537713895
 10
-7.351331185079346
 20
1.0067487394161603
 10
-7.350708048887569
 20
1.0078059363011391
 10
-7.350111045786392
 20
1.0088781075860922
 10
-7.3495405354019
 20
1.0099646074104385
 10
-7.348996861401375
 20
1.011064781282272
 10
-7.348480351286227
 20
1.0121779664726418
 10
-7.3479913161947366
 20
1.0133034924147708
 10
-7.347530050714624
 20
1.0144406811079776
 10
-7.3470968327055886
 20
1.015588847526125
 10
-7.346691923131942
 20
1.0167473000302323
 10
-7.3463155659054
 20
1.0179153407851516
 10
-7.345967987738163
 20
1.0190922661798822
 10
-7.3195959986322805
 20
1.11259922789867
 10
-7.319277422545767
 20
1.1137842756084524
 10
-7.318988024181195
 20
1.1149767844696044
 10
-7.318727977852333
 20
1.1161760361963928
 10
-7.318497440193312
 20
1.1173813084416224
 10
-7.318296550064218
 20
1.1185918752317647
 10
-7.318125428467553
 20
1.119807007404205
 10
-7.317984178475228
 20
1.1210259730464713
 10
-7.3178728851665795
 20
1.1222480379370552
 10
-7.317791615577107
 20
1.123472465987689
 10
-7.317740418658019
 20
1.1246985196866888
 10
-7.3177193252468555
 20
1.1259254605431934
 10
-7.3177283480488455
 20
1.1271525495319779
 10
-7.317767481629247
 20
1.1283790475385942
 10
-7.317836702416699
 20
1.1296042158045623
 10
-7.317935968717322
 20
1.130827316372347
 10
-7.318065220739882
 20
1.1320476125298526
 10
-7.329483217291738
 20
1.2285285829856676
 10
-7.3296423870864515
 20
1.2297454088106647
 10
-7.329831372269197
 20
1.230957961783794
 10
-7.330050058995255
 20
1.2321655114630161
 10
-7.330298315527713
 20
1.233367330420272
 10
-7.330575992316838
 20
1.2345626946797026
 10
-7.3308829220900975
 20
1.2357508841537452
 10
-7.331218919952946
 20
1.2369311830769405
 10
-7.3315837835002355
 20
1.238102880437097
 10
-7.33692690995484
 20
1.2545477222044639
 10
-7.368936718721798
 20
1.456640643711431
 10
-7.368936717417583
 20
1.6612831588863344
 10
-7.336926929115663
 20
1.8633768974768046
 10
-7.273691959848364
 20
2.057993881538536
 10
-7.180792798123164
 20
2.2403149355522416
 10
-7.178167423650876
 20
2.2439285808002083
 10
-6.880304491943221
 20
1.9460650936449184
 10
-6.899433588867453
 20
1.9056200163068056
 10
-6.899944611970511
 20
1.9045043273913151
 10
-6.900428100786314
 20
1.9033764333657146
 10
-6.900883764079325
 20
1.9022370136311935
 10
-6.9013113273749696
 20
1.9010867545315975
 10
-6.929413006779598
 20
1.8225478219317353
 10
-6.9298122125297965
 20
1.8213874163399666
 10
-6.930182820267888
 20
1.8202175632411297
 10
-6.930524606753622
 20
1.8190389673109806
 10
-6.930837366107596
 20
1.8178523384916332
 10
-6.951105566666982
 20
1.7369371460651095
 10
-6.9513891104946595
 20
1.73574319913741
 10
-6.951643267999842
 20
1.7345426532903332
 10
-6.951867886087555
 20
1.733336231687801
 10
-6.9520628294562385
 20
1.732124661033076
 10
-6.964302357319212
 20
1.6496124663161211
 10
-6.964467508542313
 20
1.6483964764140637
 10
-6.96460276813886
 20
1.6471767997315254
 10
-6.964708054633576
 20
1.6459541709561378
 10
-6.964783304605788
 20
1.644729326553744
 10
-6.9688762864282126
 20
1.5614147670874203
 10
-6.9689214545501414
 20
1.5601884448584968
 10
-6.968936513614224
 20
1.5589613834937026
 10
-6.968921454549445
 20
1.5577343221289155
 10
-6.9688762864267915
 20
1.5565079999000204
 10
-6.964783304556292
 20
1.4731934404355798
 10
-6.964708054583383
 20
1.4719685960332285
 10
-6.964602768087957
 20
1.4707459672578906
 10
-6.964467508490699
 20
1.4695262905754234
 10
-6.9643023572669165
 20
1.4683103006734584
 10
-6.952062829356322
 20
1.385798105963545
 10
-6.951867885986928
 20
1.3845865353089408
 10
-6.951643267898518
 20
1.3833801137065365
 10
-6.951389110392654
 20
1.382179567859609
 10
-6.95110556656428
 20
1.3809856209320728
 10
-6.930837365958283
 20
1.3000704285175289
 10
-6.930524606603626
 20
1.2988837996983662
 10
-6.93018282011721
 20
1.297705203768409
 10
-6.929812212378451
 20
1.2965353506697852
 10
-6.92941300662757
 20
1.295374945078251
 10
-6.901311327177567
 20
1.2168360124944115
 10
-6.900883763881197
 20
1.215685753394915
 10
-6.900428100587476
 20
1.2145463336605076
 10
-6.899944611770948
 20
1.2134184396350491
 10
-6.899433588667165
 20
1.2123027507197222
 10
-6.863769064908382
 20
1.1368964508214532
 10
-6.863230815338582
 20
1.1357936390655254
 10
-6.862665663524169
 20
1.1347043687615823
 10
-6.862073949891453
 20
1.1336292960453136
 10
-6.86145603086662
 20
1.132569068500331
 10
-6.818572131658783
 20
1.061021605176478
 10
-6.81792837945315
 20
1.0599768614442056
 10
-6.817259181838949
 20
1.0589482308392064
 10
-6.8165649419158285
 20
1.0579363329700868
 10
-6.815846077867931
 20
1.0569417773662977
 10
-6.766155798603464
 20
0.9899421918009992
 10
-6.765412743447641
 20
0.9889655775456347
 10
-6.764645944772511
 20
0.9880074929146119
 10
-6.763855864468923
 20
0.9870685150222869
 10
-6.763042978451736
 20
0.9861492094738225
 10
-6.707024863683287
 20
0.9243427443015335
 10
-6.706189661604611
 20
0.9234436648522291
 10
-6.705332646558958
 20
0.9225653530739208
 10
-6.704454334780166
 20
0.9217083380287789
 10
-6.703555255330372
 20
0.9208731359506217
 10
-6.641748790125703
 20
0.8648550212177568
 10
-6.64082948457677
 20
0.864042135201089
 10
-6.639890506683983
 20
0.863252054898048
 10
-6.6389324220525054
 20
0.8624852562234722
 10
-6.637955807796715
 20
0.8617422010682034
 10
-6.570956222202597
 20
0.8120519218422899
 10
-6.569961666598388
 20
0.8113330577949682
 10
-6.568949768728871
 20
0.8106388178724302
 10
-6.567921138123495
 20
0.8099696202588262
 10
-6.566876394390846
 20
0.8093258680537829
 10
-6.495328931042678
 20
0.7664419688874986
 10
-6.49426870349734
 20
0.7658240498632836
 10
-6.493193630780752
 20
0.7652323362312003
 10
-6.492104360476475
 20
0.7646671844174193
 10
-6.491001548720249
 20
0.7641289348482516
 10
-6.415595248801338
 20
0.7284644111329115
 10
-6.414479559885706
 20
0.7279533880297819
 10
-6.413351665859977
 20
0.7274698992138937
 10
-6.412212246125307
 20
0.7270142359208336
 10
-6.411061987025562
 20
0.7265866726251247
 10
-6.332523054425479
 20
0.6984849932204185
 10
-6.331362648833704
 20
0.6980857874702124
 10
-6.33019279573486
 20
0.6977151797321213
 10
-6.329014199804703
 20
0.6973733932463873
 10
-6.327827570985363
 20
0.6970606338924057
 10
-6.246912378558818
 20
0.6767924333330058
 10
-6.245718431631104
 20
0.6765088895053282
 10
-6.244517885784035
 20
0.6762547320001531
 10
-6.243311464181517
 20
0.6760301139124465
 10
-6.242099893526785
 20
0.6758351705437491
 10
-6.1595876988100144
 20
0.6635956426807894
 10
-6.158371708907964
 20
0.6634304914577029
 10
-6.157152032225412
 20
0.6632952318611416
 10
-6.155929403450045
 20
0.6631899453664332
 10
-6.154704559047644
 20
0.6631146953942277
 10
-6.071389999581015
 20
0.6590217135717893
 10
-6.070163677352099
 20
0.6589765454498462
 10
-6.0689366159872975
 20
0.6589614863857634
 10
-6.067709554622496
 20
0.6589765454505567
 10
-6.066483232393608
 20
0.6590217135732033
 10
-5.983168672929423
 20
0.6631146954436957
 10
-5.981943828527079
 20
0.6631899454166117
 10
-5.980721199751741
 20
0.6632952319120236
 10
-5.979501523069274
 20
0.6634304915092883
 10
-5.978285533167309
 20
0.6635956427330783
 10
-5.895773338457332
 20
0.6758351706436727
 10
-5.894561767802713
 20
0.6760301140130665
 10
-5.893355346200309
 20
0.6762547321014694
 10
-5.8921548003533815
 20
0.6765088896073408
 10
-5.890960853425838
 20
0.6767924334357076
 10
-5.810045661011344
 20
0.697060634041712
 10
-5.808859032192203
 20
0.6973733933963686
 10
-5.807680436262245
 20
0.6977151798827776
 10
-5.806510583163629
 20
0.6980857876215438
 10
-5.805350177572109
 20
0.6984849933724178
 10
-5.72681124498834
 20
0.7265866728223571
 10
-5.725660987400147
 20
0.7270142355357478
 10
-5.724521569147527
 20
0.7274698981726573
 10
-5.723393676571618
 20
0.727953386259685
 10
-5.72227798907096
 20
0.728464408562445
 10
-5.658590582461386
 20
0.7585862984797345
 10
-4.481837489365574
 20
0.7585862796566474
 10
-4.480794750966965
 20
0.7578719852562941
 10
-4.330026003727681
 20
0.6071032354785828
 10
-4.209527787480141
 20
0.43119797448051855
 10
-4.123404710375837
 20
0.23614692028611017
 10
-4.074453950509223
 20
0.02801633926056013
 10
-4.06843651374615
 20
-0.058675820036619086
 10
-4.068436513698998
 20
-0.1699746066597072
 10
-4.068421454574576
 20
-0.17120167044600265
 10
-4.068376286273519
 20
-0.1724279950920291
 10
-4.068301036003561
 20
-0.17365284190275787
 10
-4.068195749092865
 20
-0.1748754730733495
 10
-4.068060488962601
 20
-0.1760951521336125
 10
-4.067895337088686
 20
-0.1773111443915667
 10
-4.067700392952844
 20
-0.17852271737606884
 10
-4.067475773982608
 20
-0.17972914127797424
 10
-4.0485217796962445
 20
-0.27501711207251844
 10
-4.048267626717433
 20
-0.27621763558833834
 10
-4.047984088506865
 20
-0.27741156043180837
 10
-4.047671335851078
 20
-0.27859816745394284
 10
-4.0473295571335655
 20
-0.2797767419135866
 10
-4.046958958221353
 20
-0.28094657390791866
 10
-4.046559762341133
 20
-0.2821069588000569
 10
-4.046132209944631
 20
-0.28325719764347923
 10
-4.045676558563855
 20
-0.284396597603056
 10
-4.04519308265597
 20
-0.28552447237233736
 10
-4.0446820734379685
 20
-0.28664014258696113
 10
-4.04414383871125
 20
-0.2877429362338617
 10
-4.043578702676285
 20
-0.288832189056059
 10
-4.042987005737217
 20
-0.2899072449527438
 10
-4.042369104296938
 20
-0.2909674563744815
 10
-4.041725370542366
 20
-0.29201218471327905
 10
-4.041056192220196
 20
-0.2930408006872156
 10
-3.9870802087056063
 20
-0.3738227759284882
 10
-3.9863859509239603
 20
-0.374834713867628
 10
-3.985667067181282
 20
-0.3758293084707347
 10
-3.984923990536686
 20
-0.37680596058909543
 10
-3.984157168623227
 20
-0.3777640818826242
 10
-3.9833670633782674
 20
-0.3787030951742878
 10
-3.982554150765111
 20
-0.379622434797831
 10
-3.981718920486344
 20
-0.38052154693848905
 10
-3.980861875688845
 20
-0.3813998899666444
 10
-2.3692978895875285
 20
-1.9929638760002177
 10
-2.3684195465529285
 20
-1.993820920803799
 10
-2.3675204344055203
 20
-1.9946561510883143
 10
-2.36660109477495
 20
-1.9954690637068921
 10
-2.3656620814759606
 20
-1.9962591689569393
 10
-2.364703960174893
 20
-1.997025990875116
 10
-2.363727308048709
 20
-1.9977690675240822
 10
-2.362732713437566
 20
-1.998487951270775
 10
-2.36172077549017
 20
-1.9991822090560518
 10
-2.2809388001817013
 20
-2.0531581924449256
 10
-2.279910184206784
 20
-2.0538273707655748
 10
-2.2788654558670487
 20
-2.0544711045186403
 10
-2.2778052444444086
 20
-2.0550890059573703
 10
-2.2767301885468783
 20
-2.055680702894854
 10
-2.2756409357238567
 20
-2.056245838928234
 10
-2.2745381420761532
 20
-2.0567840736533256
 10
-2.2734224718607834
 20
-2.0572950828697003
 10
-2.27229459709082
 20
-2.0577785587759436
 10
-2.2711551971305823
 20
-2.0582342101550566
 10
-2.2700049582865347
 20
-2.0586617625498818
 10
-2.2688445733938067
 20
-2.059060958428411
 10
-2.2676747413989347
 20
-2.059431557338897
 10
-2.2664961669387935
 20
-2.059773336054711
 10
-2.2653095599162043
 20
-2.060086088708772
 10
-2.2641156350723293
 20
-2.06036962691757
 10
-2.26291511155614
 20
-2.060623779894641
 10
-2.1676271407201284
 20
-2.079577774044715
 10
-2.166420716824234
 20
-2.0798023930120877
 10
-2.165209143845857
 20
-2.0799973371453646
 10
-2.1639931515940987
 20
-2.0801624890170345
 10
-2.1627734725400956
 20
-2.080297749145373
 10
-2.1615508413758278
 20
-2.0804030360544417
 10
-2.1603259945714797
 20
-2.0804782863230713
 10
-2.1590996699318623
 20
-2.0805234546231475
 10
-2.157872606151983
 20
-2.080538513746866
 10
-0.07766761935656064
 20
-2.0805385137361654
 10
-0.07657702502032748
 20
-2.0805266183605013
 10
-0.07548694960527769
 20
-2.080490937893522
 10
-0.07439791178572364
 20
-2.080431489312538
 10
-0.04189592814643106
 20
-2.078301490328151
 10
-0.0407094513741697
 20
-2.0782095430554506
 10
-0.03952549890837531
 20
-2.078089384864711
 10
-0.03834474142570343
 20
-2.0779410838222674
 10
-0.037167847792943576
 20
-2.077764723936589
 10
-0.03599548468815783
 20
-2.0775604051107237
 10
-0.034828316222927924
 20
-2.0773282430857094
 10
-0.03366700356627916
 20
-2.077068369374963
 10
-0.03251220456999704
 20
-2.0767809311898304
 10
-0.0313645733961323
 20
-2.0764660913561883
 10
-0.030224760146325025
 20
-2.076124028222175
 10
-0.029093410493601368
 20
-2.0757549355571925
 10
0.06290555818145549
 20
-2.044524946091528
 10
0.064062666822025
 20
-2.044116250404336
 10
0.06520939697557537
 20
-2.043679280696203
 10
0.06634505788264278
 20
-2.043214300185916
 10
0.06746896545172376
 20
-2.0427215889652217
 10
0.06858044267113428
 20
-2.042201443830109
 10
0.06967882001688963
 20
-2.041654178101993
 10
0.07076343585603695
 20
-2.0410801214390375
 10
0.07183363684521282
 20
-2.040479619637516
 10
0.07288877832411345
 20
-2.039853034423558
 10
0.0739282247039057
 20
-2.0392007432352344
 10
0.07495134985006757
 20
-2.0385231389952025
 10
0.07595753745957268
 20
-2.0378206298740196
 10
0.07694618143202092
 20
-2.0370936390442793
 10
0.07791668623497117
 20
-2.036342604425684
 10
0.0788684672623674
 20
-2.035567978421291
 10
0.07980095118699637
 20
-2.034770227644941
 10
0.15284492120147775
 20
-1.970711253817072
 10
0.1537575124054058
 20
-1.9698908900605616
 10
0.1546496966166444
 20
-1.9690483779053523
 10
0.15552093644785714
 20
-1.9681842248199573
 10
0.1563707071270244
 20
-1.9672989513078107
 10
0.15719849681363485
 20
-1.9663930905937832
 10
0.15800380690691895
 20
-1.9654671883029806
 10
0.15878615234623794
 20
-1.9645218021321185
 10
0.15954506190314532
 20
-1.9635575015135842
 10
0.16028007846531978
 20
-1.9625748672724583
 10
0.16099075931180096
 20
-1.9615744912766928
 10
0.1616766763797841
 20
-1.960556976080568
 10
0.16233741652229128
 20
-1.9595229345618108
 10
0.1629725817572023
 20
-1.9584729895523765
 10
0.16358178950682145
 20
-1.957407773463359
 10
0.164164672828349
 20
-1.9563279279040486
 10
0.1647208806349454
 20
-1.95523410329546
 10
0.2076918629471436
 20
-1.868098138949712
 10
0.20822108176915322
 20
-1.8669909475886257
 10
0.20872296900907372
 20
-1.8658711018537062
 10
0.20919722234103233
 20
-1.864739276315575
 10
0.2096435560851262
 20
-1.8635961527612324
 10
0.2100617013797148
 20
-1.8624424197833562
 10
0.21045140634316795
 20
-1.8612787723654947
 10
0.21081243622569446
 20
-1.8601059114634566
 10
0.2111445735508255
 20
-1.8589245435830364
 10
0.21144761824626812
 20
-1.8577353803544625
 10
0.21172138776449856
 20
-1.856539138103706
 10
0.21196571719278268
 20
-1.8553365374209676
 10
0.2121804593523393
 20
-1.8541283027266644
 10
0.21236548488721496
 20
-1.8529151618349857
 10
0.212520682342074
 20
-1.851697845515524
 10
0.21264595822935917
 20
-1.8504770870530507
 10
0.212741237085595
 20
-1.849253621805822
 10
0.2190952343887318
 20
-1.7523066615163643
 10
0.21916045853612331
 20
-1.7510812334095718
 10
0.21919558930943595
 20
-1.7498545736918487
 10
0.21920060554688803
 20
-1.7486274212678694
 10
0.21917550422685395
 20
-1.7474005153390948
 10
0.21912030046962627
 20
-1.746174594958518
 10
0.2190350275284061
 20
-1.744950398585459
 10
0.21891973676912357
 20
-1.743728663640745
 10
0.21877449763962886
 20
-1.7425101260624984
 10
0.2185993976278553
 20
-1.7412955198628595
 10
0.2183945422090119
 20
-1.7400855766858072
 10
0.21816005478214606
 20
-1.738881025366453
 10
0.21789607659573562
 20
-1.7376825914920104
 10
0.21760276666270784
 20
-1.7364909969646973
 10
0.21728030166457302
 20
-1.735306959566941
 10
0.2169288758449568
 20
-1.7341311925289489
 10
0.21654870089275846
 20
-1.7329644040990928
 10
0.18531871359769525
 20
-1.6409654418184019
 10
0.18491001791102235
 20
-1.6398083331792108
 10
0.18447304820344357
 20
-1.638661603027046
 10
0.18400806769381006
 20
-1.637525942121293
 10
0.18351535647383344
 20
-1.6364020345535124
 10
0.18299521133948815
 20
-1.6352905573353809
 10
0.18244794561221056
 20
-1.6341921799908619
 10
0.18187388895015033
 20
-1.6331075641529011
 10
0.18127338714958796
 20
-1.6320373631648977
 10
0.1806468019366605
 20
-1.6309822216871126
 10
0.17999451074942385
 20
-1.6299427753083862
 10
0.17931690651050758
 20
-1.6289196501632404
 10
0.17861439739053253
 20
-1.627913462554723
 10
0.1778874065620073
 20
-1.626924818583177
 10
0.17713637194472653
 20
-1.625954313781115
 10
0.176361745941648
 20
-1.6250025327545146
 10
0.17556399516669785
 20
-1.62407004883066
 10
0.1115050147430452
 20
-1.5510260712255644
 10
0.11068466636510266
 20
-1.5501134967116599
 10
0.10984217039836608
 20
-1.5492213284256025
 10
0.1089780342828135
 20
-1.5483501037252978
 10
0.10809277849241994
 20
-1.5475003473542088
 10
0.10718693622166597
 20
-1.546672571125299
 10
0.10626105306437239
 20
-1.5458672736127923
 10
0.1053156866850884
 20
-1.545084939851833
 10
0.10435140648323227
 20
-1.544326041046375
 10
-0.10988165138752493
 20
-1.3799390479458893
 10
-0.21725834291640922
 20
-1.2725623564833342
 10
-0.2181366859499576
 20
-1.2717053116812522
 10
-0.2190357980962574
 20
-1.270870081398165
 10
-0.21995513772563413
 20
-1.2700571687809585
 10
-0.22089415102337284
 20
-1.2692670635322187
 10
-0.22185227232316151
 20
-1.2685002416152926
 10
-0.22282892444795266
 20
-1.2677571649674988
 10
-0.22382351905770292
 20
-1.2670382812219145
 10
-0.2248354570036213
 20
-1.2663440234376822
 10
-0.30561743231208993
 20
-1.2123680400488155
 10
-0.30664604828700703
 20
-1.211698861728152
 10
-0.30769077662671407
 20
-1.2110551279750936
 10
-0.3087509880493542
 20
-1.2104372265363637
 10
-0.30982604394691293
 20
-1.2098455295988728
 10
-0.31091529676993446
 20
-1.2092803935654999
 10
-0.31201809041760953
 20
-1.2087421588404084
 10
-0.3131337606329794
 20
-1.2082311496240337
 10
-0.31426163540297125
 20
-1.2077476737177975
 10
-0.31540103536320885
 20
-1.2072920223386845
 10
-0.3165512742072565
 20
-1.2068644699438522
 10
-0.317711659099956
 20
-1.20646527406533
 10
-0.3188814910948281
 20
-1.2060946751548443
 10
-0.32006006555496924
 20
-1.20575289643903
 10
-0.32124667257755846
 20
-1.205440143784969
 10
-0.3224405974214335
 20
-1.205156605576171
 10
-0.3236411209376229
 20
-1.2049024525991072
 10
-0.41892909177363435
 20
-1.185948458449026
 10
-0.42013550463713045
 20
-1.185723841395955
 10
-0.4213470664957981
 20
-1.185528898634331
 10
-0.4225630475605726
 20
-1.1853637475887098
 10
-0.42378271538035506
 20
-1.1852284877384704
 10
-0.42500533528343
 20
-1.185123200557939
 10
-0.426230170819764
 20
-1.1850479494672541
 10
-0.42745648420481075
 20
-1.1850027797942104
 10
-0.42868353676382753
 20
-1.184987718746953
 10
-0.9949877077468727
 20
-1.1849867041823927
 10
-0.9949876197468939
 20
-0.7849875137279696
 10
-0.39498771622797335
 20
-0.7849875135011573
 10
-0.393760654863371
 20
-0.7849724544362573
 10
-0.39253433263468196
 20
-0.7849272863135184
 10
-0.39130948823250833
 20
-0.7848520363405171
 10
-0.39008685945736943
 20
-0.7847467498450271
 10
-0.38886718277512955
 20
-0.7846114902476913
 10
-0.38765119287336347
 20
-0.7844463390238445
 10
-0.3864396222189441
 20
-0.784251395654401
 10
-0.3852332006167387
 20
-0.7840267775659626
 10
-0.38403265477001014
 20
-0.7837726200600557
 10
-0.3828387078426658
 20
-0.7834890762316675
 10
-0.381652079023695
 20
-0.7831763168769967
 10
-0.3804734830939367
 20
-0.7828345303905877
 10
-0.37930362999551903
 20
-0.7824639226518286
 10
-0.3781432244041696
 20
-0.7820647169009689
 10
-0.37699296530487914
 20
-0.7816371536046276
 10
-0.3758535455706635
 20
-0.7811814903109422
 10
-0.37472565154538984
 20
-0.78069800149445
 10
-0.3736099626302405
 20
-0.7801869783907236
 10
-0.3725071508744975
 20
-0.7796487288209875
 10
-0.371417880570732
 20
-0.779083577006638
 10
-0.3703428078546267
 20
-0.7784918633740077
 10
-0.36928258030982875
 20
-0.7778739443492668
 10
-0.3682378365777197
 20
-0.777230192143719
 10
-0.36720920597286977
 20
-0.7765609945296248
 10
-0.3661973081039207
 20
-0.7758667546066036
 10
-0.36520275250026657
 20
-0.7751478905588343
 10
-0.36422613824504424
 20
-0.774404835403125
 10
-0.36326805361414927
 20
-0.7736380367281299
 10
-0.36232907572195927
 20
-0.772847956424684
 10
-0.36140977017362275
 20
-0.7720350704076324
 10
-0.3605106907244249
 20
-0.7711998683291128
 10
-0.35963237894623035
 20
-0.7703428532836227
 10
-0.3587753639011737
 20
-0.7694645415049806
 10
-0.35794016182310884
 20
-0.7685654620553564
 10
-0.35712727580653336
 20
-0.7676461565066006
 10
-0.3563371955035848
 20
-0.7667071786139985
 10
-0.35557039682908
 20
-0.7657490939827127
 10
-0.3548273416738823
 20
-0.7647724797271067
 10
-0.35410847762662456
 20
-0.7637779241230902
 10
-0.35341423770410074
 20
-0.7627660262537717
 10
-0.35274504009055363
 20
-0.7617373956485878
 10
-0.35210128788554584
 20
-0.7606926519161448
 10
-0.3514833688613521
 20
-0.7596324243710129
 10
-0.350891655229276
 20
-0.7585573516546162
 10
-0.3503265034154879
 20
-0.7574680813505594
 10
-0.34978825384629886
 20
-0.7563652695945464
 10
-0.3492772307431551
 20
-0.7552495806791342
 10
-0.34879374192723844
 20
-0.7541216866536118
 10
-0.348338078634157
 20
-0.7529822669191617
 10
-0.34791051533838413
 20
-0.7518320078196297
 10
-0.34751130958812837
 20
-0.7506716022280884
 10
-0.34714070184998036
 20
-0.7495017491294718
 10
-0.3467989153641611
 20
-0.7483231531995429
 10
-0.34648615601011556
 20
-0.7471365243804229
 10
-0.3462026121823385
 20
-0.7459425774529294
 10
-0.3459484546770568
 20
-0.7447420316060658
 10
-0.34572383658922945
 20
-0.7435356100037396
 10
-0.34552889322040414
 20
-0.7423240393492279
 10
-0.34536374199717557
 20
-0.7411080494473836
 10
-0.3452284824004721
 20
-0.7398883727650514
 10
-0.34512319590561447
 20
-0.7386657439898627
 10
-0.3450479459332598
 20
-0.7374408995876678
 10
-0.3450027778111462
 20
-0.7362145773589361
 10
-0.3449877187468644
 20
-0.7349875159943338
 10
-0.34498771899237113
 20
1.0650122837599483
 10
-0.3450027780537255
 20
1.0662393449924608
 10
-0.34504794616645995
 20
1.0674656670893228
 10
-0.3451231961229837
 20
1.0686905113601242
 10
-0.3452284825955303
 20
1.0699131400046298
 10
-0.3453637421634994
 20
1.071132816557217
 10
-0.34552889335159875
 20
1.0723488063305027
 10
-0.3457238366789568
 20
1.0735603768578699
 10
-0.34594845471900726
 20
1.074766798334693
 10
-0.3462026121702877
 20
1.0759673440579434
 10
-0.346486155937896
 20
1.077161290863927
 10
-0.3467989152256621
 20
1.078347919563889
 10
-0.34714070163917654
 20
1.0795265153772178
 10
-0.347511309299108
 20
1.0806963683620268
 10
-0.34791051496532077
 20
1.081856773842766
 10
-0.34833807817128104
 20
1.0830070328347219
 10
-0.3487937413689508
 20
1.0841464524650348
 10
-0.34927723008394196
 20
1.0852743463900794
 10
-0.34978825308078854
 20
1.086390035208865
 10
-0.3503265025383939
 20
1.0874928468723155
 10
-0.3508916542354825
 20
1.088582117088066
 10
-0.3514833677459137
 20
1.0896571897206115
 10
-0.35210128664363083
 20
1.0907174171865321
 10
-0.35274503871750085
 20
1.0917621608445955
 10
-0.35341423619541956
 20
1.0927907913804091
 10
-0.35410847597793804
 20
1.0938026891855444
 10
-0.3548273398810693
 20
1.094797244730728
 10
-0.355570394888133
 20
1.0957738589330148
 10
-0.3563371934107238
 20
1.0967319435166658
 10
-0.3571272735581488
 20
1.0976709213674667
 10
-0.35794015941581847
 20
1.0985902268803969
 10
-0.3587753613317375
 20
1.0994893063003062
 10
-0.3596323762116356
 20
1.1003676180554933
 10
-0.3605106878218862
 20
1.101224633083909
 10
-0.36140976710058226
 20
1.1020598351518558
 10
-0.36232907247605795
 20
1.1028727211649496
 10
-0.3632680501932555
 20
1.1036628014711596
 10
-0.36422613464725373
 20
1.104429600155754
 10
-0.36520274872387404
 20
1.1051726553279764
 10
-0.36619730414750506
 20
1.1058915193992647
 10
-0.36720920183526573
 20
1.106585759352889
 10
-0.3682378322579041
 20
1.1072549570047414
 10
-0.36928257580711943
 20
1.1078987092552737
 10
-0.37034280316856893
 20
1.108516628332275
 10
-0.37141787570104157
 20
1.1091083420244843
 10
-0.37250714582123123
 20
1.109673493905781
 10
-0.3736099573936542
 20
1.1102117435498684
 10
-0.37472564612605197
 20
1.110722766735364
 10
-0.37585353996931303
 20
1.111206255641079
 10
-0.37699295952259604
 20
1.1116619190314267
 10
-0.3781432184422613
 20
1.1120894824318839
 10
-0.3793036238554919
 20
1.112488688294306
 10
-0.3804734767776381
 20
1.1128592961520525
 10
-0.38165207253317135
 20
1.11320108276486
 10
-0.38283870118024765
 20
1.1135138422532975
 10
-0.38403264793828384
 20
1.1137973862227852
 10
-0.38523319361854647
 20
1.1140515438770748
 10
-0.3864396150573839
 20
1.1142761621211292
 10
-0.387651185551789
 20
1.114471105653351
 10
-0.3888671752971504
 20
1.1146362570470671
 10
-0.3900868518268794
 20
1.1147715168212784
 10
-0.3913094804535717
 20
1.1148768035005645
 10
-0.3925343247116473
 20
1.1149520536641901
 10
-0.393760646800871
 20
1.1149972219842823
 10
-0.3949877080308397
 20
1.1150122812531293
 10
-0.9949876083325933
 20
1.1150123827915763
 10
-0.9949867250188333
 20
1.515012486257021
 10
-0.4286836258513915
 20
1.515012486301032
 10
-0.4274565495163358
 20
1.5150275457330693
 10
-0.42623021234422254
 20
1.515072714957519
 10
-0.42500535305271114
 20
1.5151479667654684
 10
-0.4237827094692932
 20
1.5152532558269414
 10
-0.4225630180866915
 20
1.51538851871819
 10
-0.42134701361931093
 20
1.5155536739599214
 10
-0.42013542856065555
 20
1.5157486220663685
 10
-0.4189289927420816
 20
1.5159732456052097
 10
-0.3236420219475349
 20
1.5349272398915303
 10
-0.32244150506477354
 20
1.5351813939061643
 10
-0.3212475868422189
 20
1.5354649328395809
 10
-0.3200609864174737
 20
1.5357776859066306
 10
-0.3188824185204453
 20
1.5361194647254663
 10
-0.31771259304272803
 20
1.5364900634310743
 10
-0.31655221461005567
 20
1.5368892587992136
 10
-0.3154019821579368
 20
1.537316810380915
 10
-0.31426258851055877
 20
1.5377724606472896
 10
-0.3131347199635286
 20
1.5382559351446474
 10
-0.31201905587056444
 20
1.5387669426598265
 10
-0.31091626823410934
 20
1.5393051753955902
 10
-0.309827021300805
 20
1.539870309156008
 10
-0.3087519711611151
 20
1.5404620035417622
 10
-0.30769176535446263
 20
1.541079902155161
 10
-0.3066470424788861
 20
1.5417236328148078
 10
-0.3056184318065789
 20
1.5423928077797981
 10
-0.22483645656501494
 20
1.5963687912946654
 10
-0.22382451865698272
 20
1.5970630490544053
 10
-0.22282992408386804
 20
1.5977819327736853
 10
-0.22185327199434823
 20
1.5985250093933914
 10
-0.22089515072849508
 20
1.5992918312805173
 10
-0.21995613746321396
 20
1.60008193649778
 10
-0.21903679786476005
 20
1.6008948490818966
 10
-0.2181376857478483
 20
1.6017300793303306
 10
-0.21725934274201109
 20
1.602587124096253
 10
-0.10988125437651775
 20
1.7099652111593997
 10
-0.09695930767239247
 20
1.7198810278835737
 10
0.1033854086599888
 20
1.8736086340577387
 10
0.3361533561030683
 20
2.0079957108936597
 10
0.4137967339296722
 20
2.040157592033779
 10
0.5844887324348349
 20
2.110860353118788
 10
0.8441256890357067
 20
2.180428975882485
 10
1.1106155073096033
 20
2.215512486241934
 10
1.3794092314192596
 20
2.215512485323295
 10
1.6459029912431618
 20
2.18042799211716
 10
1.7935315267116891
 20
2.1408711730421004
 10
1.9055383550881686
 20
2.110859204560626
 10
2.1538793939882623
 20
2.0079916960762034
 10
2.386653330191166
 20
1.8735987917062502
 10
2.59990247033943
 20
1.709967763989205
 10
2.789967675759357
 20
1.519902557270079
 10
2.953603677968175
 20
1.306644506425549
 10
3.0377513216115517
 20
1.1608962284051927
 10
3.0879956562664006
 20
1.073871446883949
 10
3.1105814807325487
 20
1.019344302407383
 10
3.1110649533455614
 20
1.018216442172637
 10
3.111575958585945
 20
1.017100786257501
 10
3.1121141886620194
 20
1.0159980066503778
 10
3.112679319383858
 20
1.0149087675839326
 10
3.1132710103586874
 20
1.013833725135001
 10
3.1138889051956653
 20
1.0127735268294558
 10
3.114532631720806
 20
1.0117288112521337
 10
3.1152018022009713
 20
1.0107002076622393
 10
3.169177791294402
 20
0.929918224071514
 10
3.1698720490764174
 20
0.9289062861318627
 10
3.1705909328194934
 20
0.9279116915282515
 10
3.1713340094644877
 20
0.9269350394094147
 10
3.1721008313783727
 20
0.9259769181154311
 10
3.172890936623787
 20
0.9250379048233341
 10
3.1737038492374268
 20
0.9241185651993788
 10
3.1745390795167054
 20
0.92321945305833
 10
3.175396124314716
 20
0.922341110029798
 10
4.184520946465881
 20
-0.08678371187566114
 10
4.184562290542601
 20
-0.08682405642638003
 10
4.363005709632375
 20
-0.2652684637845155
 10
4.514660742458375
 20
-0.46291060274852924
 10
4.639229589039303
 20
-0.6786704022742285
 10
4.714959567977189
 20
-0.8614999083443351
 10
4.734565400990249
 20
-0.9088321134619903
 10
4.799045008860787
 20
-1.1494740747324101
 10
4.831563486248797
 20
-1.3964728371490764
 10
4.831563485316366
 20
-2.10560440945239
 10
4.799045006125624
 20
-2.35260317151166
 10
4.734565365631568
 20
-2.5932452474499286
 10
4.639227610178239
 20
-2.8234117850113734
 10
4.514661808273047
 20
-3.0391655242182267
 10
4.363000830063726
 20
-3.2368136335998514
 10
2.1868251837307184
 20
-5.412986298617767
 10
1.9891902866977489
 20
-5.564637044727739
 10
1.7734365399432477
 20
-5.689202848872974
 10
1.5432700016804404
 20
-5.784540602631807
 10
1.3026279252675863
 20
-5.849020241354488
 10
1.0556291628236352
 20
-5.8815387187461425
 10
-3.1935025068359835
 20
-5.881538717806556
 10
-3.4405012001150226
 20
-5.849021222036335
 10
-3.635861004325278
 20
-5.796674339857219
 10
-3.681145097276527
 20
-5.784540819079446
 10
-3.911309660121077
 20
-5.6892029072206824
 10
-3.935399630925673
 20
-5.675294455939664
 10
-4.127062515312673
 20
-5.564637622212807
 10
-4.136832768670814
 20
-5.557139906646398
 10
-4.212537870766113
 20
-5.499049828306795
 10
-4.324711772640086
 20
-5.412976925704207
 10
-6.668575335371145
 20
-3.0691123640285483
 10
-6.669453692042822
 20
-3.068255305880342
 10
-6.670352818469439
 20
-3.0674200629330244
 10
-6.671272172995941
 20
-3.0666071383567512
 10
-6.672211201781337
 20
-3.065817021876562
 10
-6.673169339132457
 20
-3.06505018947734
 10
-6.674146007844627
 20
-3.064307103117116
 10
-6.675140619549467
 20
-3.0635882104487138
 10
-6.676152575069324
 20
-3.062893944550133
 10
-6.75693355037771
 20
-3.0089189611611715
 10
-6.7579621607551275
 20
-3.008249790509602
 10
-6.759006883196591
 20
-3.0076060641005142
 10
-6.760067088432834
 20
-3.0069881696706204
 10
-6.761142137868816
 20
-3.0063964793972175
 10
-6.76223138396837
 20
-3.0058313496740183
 10
-6.763334170644242
 20
-3.005293120896461
 10
-6.764449833653231
 20
-3.004782117256717
 10
-6.765577700996332
 20
-3.004298646548378
 10
-6.766717093323493
 20
-3.00384299998111
 10
-6.767867324342774
 20
-3.0034154520051928
 10
-6.769027701233796
 20
-3.0030162601462607
 10
-6.770197525064958
 20
-3.0026456648501565
 10
-6.771376091214492
 20
-3.0023038893381013
 10
-6.772562689794839
 20
-3.001991139472267
 10
-6.773756606080255
 20
-3.0017076036317647
 10
-6.774957120937344
 20
-3.001453452599158
 10
-6.870245091773697
 20
-2.98249945844902
 10
-6.871451515655167
 20
-2.9822748394841483
 10
-6.872663088619021
 20
-2.982079895352662
 10
-6.87387908085617
 20
-2.981914743482079
 10
-6.875098759895479
 20
-2.981779483354096
 10
-6.876321391045039
 20
-2.981674196444679
 10
-6.877546237834679
 20
-2.9815989461749695
 10
-6.878772562459588
 20
-2.9815537778731027
 10
-6.879999626224787
 20
-2.9815387187468687
 10
-6.991299225528309
 20
-2.981538718486881
 10
-7.078001247634148
 20
-2.9755199201606644
 10
-7.286126108144543
 20
-2.9265690956510113
 10
-7.3681206206239125
 20
-2.8903650107521983
 10
-7.481173195702837
 20
-2.840447454910482
 10
-7.6570784829385445
 20
-2.7199492163382786
 10
-7.807847228766107
 20
-2.569180467972302
 10
-7.928345513443205
 20
-2.393275107079752
 10
-7.950907066487133
 20
-2.3421784943966557
 10
-8.014468556240303
 20
-2.1982260388657124
 10
-8.063420198540882
 20
-1.990093144198653
 10
-8.069436718746786
 20
-1.9034006818737979
 10
-8.069436718662999
 20
-0.058676092402983215
  0
LWPOLYLINE
  5
2F
330
17
100
AcDbEntity
  8
0
100
AcDbPolyline
 90
76
 70
0
 10
-2.194987524708438
 20
-0.78498751374687
 10
-1.5949876241611776
 20
-0.784987615285317
 10
-1.594988507474767
 20
-1.1849876470485086
 10
-2.2401404308137387
 20
-1.1849867219203674
 10
-2.2907764812680114
 20
-1.179542567661862
 10
-2.36452536270113
 20
-1.152035336219555
 10
-2.612037021021905
 20
-0.9045236646628609
 10
-2.6395444710887546
 20
-0.8307700607095896
 10
-2.6449877145064704
 20
-0.7801396432842083
 10
-2.6449866937170157
 20
-0.13498752474687592
 10
-2.2449875137469064
 20
-0.13498761274685478
 10
-2.2449875137469064
 20
-0.7349875162468678
 10
-2.244972454685694
 20
-0.7362145774794868
 10
-2.2449272865731302
 20
-0.7374408995764625
 10
-2.244852036616777
 20
-0.7386657438473776
 10
-2.2447467501443725
 20
-0.739888372492004
 10
-2.2446114905765455
 20
-0.741108049044712
 10
-2.2444463393885883
 20
-0.7423240388181256
 10
-2.2442513960613724
 20
-0.7435356093456207
 10
-2.2440267780214356
 20
-0.7447420308225787
 10
-2.243772620570269
 20
-0.7459425765459642
 10
-2.2434890768028026
 20
-0.7471365233520899
 10
-2.243176317515122
 20
-0.7483231520521869
 10
-2.2428345311016926
 20
-0.7495017478656578
 10
-2.242463923441875
 20
-0.7506716008506089
 10
-2.2420647177757473
 20
-0.7518320063314903
 10
-2.2416371545698723
 20
-0.7529822653235954
 10
-2.241181491372288
 20
-0.7541216849540504
 10
-2.240698002657382
 20
-0.755249578879237
 10
-2.240186979660592
 20
-0.7563652676981718
 10
-2.2396487302030437
 20
-0.7574680793617716
 10
-2.2390835785059835
 20
-0.7585573495776714
 10
-2.238491864995609
 20
-0.7596324222103661
 10
-2.237873946097949
 20
-0.7606926496764359
 10
-2.2372301940241073
 20
-0.7617373933346414
 10
-2.236560996546217
 20
-0.7627660238706042
 10
-2.235866756763727
 20
-0.7637779216758815
 10
-2.235147892860624
 20
-0.7647724772212143
 10
-2.2344048378535604
 20
-0.7657490914236504
 10
-2.2336380393309696
 20
-0.7667071760074435
 10
-2.2328479591835446
 20
-0.7676461538583794
 10
-2.2320350733259033
 20
-0.7685654593714517
 10
-2.2311998714099843
 20
-0.7694645387915031
 10
-2.230342856530058
 20
-0.7703428505468182
 10
-2.2294645449197787
 20
-0.7711998655753689
 10
-2.2285654656410827
 20
-0.7720350676434506
 10
-2.2276461602655786
 20
-0.7728479536566724
 10
-2.2267071825483242
 20
-0.7736380339630102
 10
-2.2257490980942976
 20
-0.7744048326477255
 10
-2.2247724840176204
 20
-0.7751478878200615
 10
-2.2237779285939325
 20
-0.7758667518914706
 10
-2.2227660309061434
 20
-0.7765609918452085
 10
-2.2217374004834483
 20
-0.7772301894971676
 10
-2.220692656934176
 20
-0.7778739417478064
 10
-2.2196324295726697
 20
-0.7784918608249143
 10
-2.218557357040112
 20
-0.7790835745172231
 10
-2.2174680869198653
 20
-0.7796487263986123
 10
-2.216365275347357
 20
-0.780186976042792
 10
-2.2152495866149025
 20
-0.7806979992283729
 10
-2.2141216927715277
 20
-0.7811814881341661
 10
-2.212982273218188
 20
-0.7816371515245919
 10
-2.2118320142984373
 20
-0.7820647149251201
 10
-2.210671608885093
 20
-0.7824639207876061
 10
-2.2095017559628616
 20
-0.7828345286454166
 10
-2.208323160207243
 20
-0.783176315258288
 10
-2.2071365315600815
 20
-0.7834890747467753
 10
-2.2059425848019316
 20
-0.7837726187163128
 10
-2.2047420391215553
 20
-0.784026776370645
 10
-2.2035356176826326
 20
-0.784251394614742
 10
-2.202324047188114
 20
-0.7844463381469993
 10
-2.2011080574426387
 20
-0.7846114895407439
 10
-2.1998883809128245
 20
-0.7847467493149765
 10
-2.1986657522860185
 20
-0.7848520359942839
 10
-2.197440908027829
 20
-0.7849272861579237
 10
-2.1962145859385203
 20
-0.7849724544780159
 10
-2.194987524708438
 20
-0.78498751374687
  0
LWPOLYLINE
  5
30
330
17
100
AcDbEntity
  8
0
100
AcDbPolyline
 90
58
 70
0
 10
-6.456040776101503
 20
2.3703290890706015
 10
-6.753903044673265
 20
2.668191504792098
 10
-6.750277799387021
 20
2.6708251995789567
 10
-6.567959422620191
 20
2.76372061450207
 10
-6.373352197291922
 20
2.826951687279056
 10
-6.171258374809014
 20
2.858961486228047
 10
-5.966615841113594
 20
2.8589614849238174
 10
-5.764522102523131
 20
2.8269516966219186
 10
-5.569904974678764
 20
2.7637166806368114
 10
-5.387591386684818
 20
2.670822703309959
 10
-5.383970664009581
 20
2.6681920772811694
 10
-5.681834313773862
 20
2.37032992510899
 10
-5.722277983692976
 20
2.3894583563736163
 10
-5.723393672608466
 20
2.3899693794766677
 10
-5.724521566634053
 20
2.390452868292485
 10
-5.725660986368581
 20
2.390908531585481
 10
-5.726811245468184
 20
2.391336094881133
 10
-5.805350178068267
 20
2.4194377742858393
 10
-5.806510583660042
 20
2.4198369800360453
 10
-5.807680436758886
 20
2.4202075877741365
 10
-5.808859032689043
 20
2.4205493742598705
 10
-5.810045661508383
 20
2.420862133613852
 10
-5.890960853934928
 20
2.441130334173252
 10
-5.892154800862642
 20
2.4414138780009296
 10
-5.893355346709711
 20
2.4416680355061047
 10
-5.894561768312229
 20
2.4418926535938112
 10
-5.895773338966961
 20
2.4420875969625087
 10
-5.9782855336837315
 20
2.4543271248254683
 10
-5.979501523585782
 20
2.454492276048555
 10
-5.980721200268334
 20
2.454627535645116
 10
-5.981943829043701
 20
2.4547328221398246
 10
-5.983168673446102
 20
2.45480807211203
 10
-6.066483232912731
 20
2.4589010539344685
 10
-6.067709555141647
 20
2.4589462220564116
 10
-6.0689366165064484
 20
2.4589612811204944
 10
-6.07016367787125
 20
2.458946222055701
 10
-6.071390000100138
 20
2.4589010539330545
 10
-6.154704559564323
 20
2.454808072062562
 10
-6.155929403966667
 20
2.454732822089646
 10
-6.157152032742005
 20
2.454627535594234
 10
-6.158371709424472
 20
2.4544922759969694
 10
-6.159587699326437
 20
2.4543271247731795
 10
-6.242099894036414
 20
2.442087596862585
 10
-6.243311464691033
 20
2.4418926534931913
 10
-6.244517886293437
 20
2.4416680354047884
 10
-6.2457184321403645
 20
2.441413877898917
 10
-6.246912379067908
 20
2.44113033407055
 10
-6.327827571482402
 20
2.4208621334645457
 10
-6.329014200301543
 20
2.420549374109889
 10
-6.3301927962315006
 20
2.42020758762348
 10
-6.331362649330117
 20
2.419836979884714
 10
-6.332523054921637
 20
2.41943777413384
 10
-6.411061987505406
 20
2.3913360946839006
 10
-6.412212236604404
 20
2.3909085352451527
 10
-6.41335164653367
 20
2.39045287629758
 10
-6.414479530967242
 20
2.389969392308302
 10
-6.415595210521587
 20
2.3894583745048976
 10
-6.456040776101503
 20
2.3703290890706015
  0
LWPOLYLINE
  5
31
330
17
100
AcDbEntity
  8
0
100
AcDbPolyline
 90
582
 70
0
 10
-6.918936523812107
 20
-1.9810385087468703
 10
-6.34225934415349
 20
-1.981038537831509
 10
-3.7055979426374677
 20
-4.617699939339182
 10
-3.7029630072841258
 20
-4.620270984492194
 10
-3.700265768916978
 20
-4.622776590743385
 10
-3.6457033703004242
 20
-4.672229066231893
 10
-3.642945453653539
 20
-4.674667724281775
 10
-3.6401285199751214
 20
-4.67703796519077
 10
-3.637254266080646
 20
-4.679338361214377
 10
-3.6343244233131884
 20
-4.681567526680055
 10
-3.575177569402541
 20
-4.725433823163222
 10
-3.5721939025898166
 20
-4.727590415305066
 10
-3.569158208981179
 20
-4.729673135072595
 10
-3.566072317164924
 20
-4.731680727913286
 10
-3.5629380859669197
 20
-4.733611984528288
 10
-3.499776391386604
 20
-4.771469647323933
 10
-3.496595708750533
 20
-4.773323404396471
 10
-3.493370490600654
 20
-4.7750985452926
 10
-3.490102679687766
 20
-4.77679400073383
 10
-3.4867942444190305
 20
-4.778408749441198
 10
-3.42022599081497
 20
-4.809893188561908
 10
-3.416878924068044
 20
-4.811426257871169
 10
-3.4134952419907734
 20
-4.812876724318706
 10
-3.410076982786734
 20
-4.814243714197751
 10
-3.4066262054874414
 20
-4.8155264040847285
 10
-3.337292481531847
 20
-4.840334407170552
 10
-3.3338112647564913
 20
-4.841532024421042
 10
-3.330301705459931
 20
-4.842643847635188
 10
-3.3267659176694337
 20
-4.843669207092255
 10
-3.323206031211356
 20
-4.84460748515405
 10
-3.251774558567547
 20
-4.862500137573761
 10
-3.2481927177844057
 20
-4.863350769056652
 10
-3.2445910802431683
 20
-4.864113241572049
 10
-3.240971815435529
 20
-4.864787095835027
 10
-3.2373371034713614
 20
-4.865371925940977
 10
-3.1644958062697697
 20
-4.87617691167064
 10
-3.1608478365726853
 20
-4.876672365338642
 10
-3.157188806534208
 20
-4.877078144127502
 10
-3.153520920217204
 20
-4.877394003611265
 10
-3.149846387019238
 20
-4.8776197535279735
 10
-3.076296764438297
 20
-4.881233014781081
 10
-3.072617797757573
 20
-4.881368519147507
 10
-3.068936613669223
 20
-4.881413696340665
 10
0.9310633814210405
 20
-4.881413696334647
 10
0.9347445655398019
 20
-4.881368519140736
 10
0.9384235322508516
 20
-4.88123301477205
 10
1.0119731550745712
 20
-4.877619753476907
 10
1.0156476882816037
 20
-4.877394003558024
 10
1.0193155746076172
 20
-4.877078144071646
 10
1.0229746046549906
 20
-4.876672365279717
 10
1.0266225743608572
 20
-4.876176911608205
 10
1.0994638715556562
 20
-4.865371925830907
 10
1.1030985835194542
 20
-4.864787095722583
 10
1.1067178483266389
 20
-4.86411324145724
 10
1.1103194858674215
 20
-4.863350768939483
 10
1.1139013266499944
 20
-4.862500137454248
 10
1.1853327992817526
 20
-4.844607484987932
 10
1.188892685739205
 20
-4.8436692069238205
 10
1.1924284735289916
 20
-4.842643847464451
 10
1.195938032824813
 20
-4.841532024248018
 10
1.199419249599373
 20
-4.840334406995261
 10
1.2687529735386534
 20
-4.8155264038642045
 10
1.2722037508371216
 20
-4.814243713974967
 10
1.27562201004028
 20
-4.812876724093684
 10
1.2790056921166126
 20
-4.811426257643937
 10
1.2823527588625439
 20
-4.809893188332481
 10
1.348921012446226
 20
-4.778408749168186
 10
1.3522294477139098
 20
-4.776794000458658
 10
1.3554972586256895
 20
-4.77509854501529
 10
1.3587224767744033
 20
-4.7733234041170505
 10
1.3619031594092803
 20
-4.771469647042437
 10
1.425064853965182
 20
-4.733611984205332
 10
1.4281990851619355
 20
-4.7316807275882695
 10
1.4312849769768832
 20
-4.729673134745553
 10
1.4343206705841567
 20
-4.727590414976042
 10
1.4373043373954886
 20
-4.725433822832244
 10
1.4964511912772878
 20
-4.681567526310545
 10
1.4993810340360483
 20
-4.679338360848597
 10
1.502255287922054
 20
-4.677037964829111
 10
1.505072221592286
 20
-4.674667723924614
 10
1.5078301382312134
 20
-4.6722290658796055
 10
1.5623925366460867
 20
-4.622776590533263
 10
1.5650897749901844
 20
-4.620270984301918
 10
1.567724710321528
 20
-4.617699939169846
 10
3.5677247068460076
 20
-2.6176999426368326
 10
3.5702957519989695
 20
-2.615065007283526
 10
3.572801358250132
 20
-2.6123677689164353
 10
3.6222538337382844
 20
-2.557805370300315
 10
3.6246924917881813
 20
-2.5550474536534082
 10
3.6270627326971976
 20
-2.552230519974948
 10
3.6293631287208257
 20
-2.549356266080437
 10
3.6315922941865324
 20
-2.546426423312951
 10
3.6754585906695922
 20
-2.487279569402361
 10
3.6776151828114223
 20
-2.4842959025896647
 10
3.679697902578937
 20
-2.481260208981041
 10
3.6817054954196067
 20
-2.4781743171648145
 10
3.6836367520346016
 20
-2.4750400859668247
 10
3.7214944148300617
 20
-2.411878391386807
 10
3.723348171902586
 20
-2.4086977087507293
 10
3.725123312798729
 20
-2.40547249060085
 10
3.7268187682399514
 20
-2.4022046796879835
 10
3.7284335169473195
 20
-2.398896244419234
 10
3.7599179560683638
 20
-2.33232799081447
 10
3.761451025377653
 20
-2.328980924067494
 10
3.762901491825204
 20
-2.325597241990181
 10
3.7642684817042777
 20
-2.322178982786099
 10
3.7655511715912553
 20
-2.3187282054867637
 10
3.790359174677036
 20
-2.249394481531006
 10
3.7915567919274906
 20
-2.245913264755721
 10
3.792668615141622
 20
-2.2424037054592176
 10
3.793693974598682
 20
-2.2388679176687845
 10
3.794632252660449
 20
-2.235308031210778
 10
3.812524905079954
 20
-2.163876558567985
 10
3.8133755365628588
 20
-2.1602947177848293
 10
3.814138009078249
 20
-2.156693080243535
 10
3.814811863341248
 20
-2.1530738154358957
 10
3.815396693447184
 20
-2.1494391034716855
 10
3.826201679176876
 20
-2.076597806269824
 10
3.8266971328448847
 20
-2.0729498365727537
 10
3.8271029116337445
 20
-2.0692908065342834
 10
3.827418771117493
 20
-2.0656229202172867
 10
3.827644521034216
 20
-2.0619483870193136
 10
3.831257782287338
 20
-1.9883987644379317
 10
3.8313932866537925
 20
-1.9847197977563482
 10
3.831438463846922
 20
-1.981038613667124
 10
3.8314384638408967
 20
-1.5210386185770162
 10
3.8313932866469713
 20
-1.5173574344591145
 10
3.8312577822783
 20
-1.5136784677489032
 10
3.8276445209831422
 20
-1.4401288449253329
 10
3.8274187710642593
 20
-1.4364543117183146
 10
3.8271029115778674
 20
-1.4327864253923508
 10
3.8266971327859665
 20
-1.4291273953450059
 10
3.8262016791144617
 20
-1.4254794256391605
 10
3.8153966933372487
 20
-1.3526381284446813
 10
3.814811863228897
 20
-1.3490034164808407
 10
3.8141380089635675
 20
-1.3453841516736205
 10
3.8133755364457897
 20
-1.3417825141328095
 10
3.8125249049605543
 20
-1.3382006733501868
 10
3.7946322524940115
 20
-1.2667692007176896
 10
3.7936939744298854
 20
-1.2632093142602656
 10
3.7926686149705233
 20
-1.259673526470472
 10
3.7915567917540898
 20
-1.2561639671746576
 10
3.790359174501333
 20
-1.2526827504001332
 10
3.765551171370305
 20
-1.1833490264609736
 10
3.764268481481082
 20
-1.1798982491624912
 10
3.7629014915997914
 20
-1.1764799899593186
 10
3.7614510251500235
 20
-1.1730963078829717
 10
3.7599179558385742
 20
-1.169749241137012
 10
3.728433516674329
 20
-1.103180987553543
 10
3.726818767964801
 20
-1.0998725522858734
 10
3.725123312521447
 20
-1.0966047413741293
 10
3.7233481716232006
 20
-1.0933795232254298
 10
3.7214944145486015
 20
-1.090198840590574
 10
3.6836367517115605
 20
-1.027037146034786
 10
3.6817054950944907
 20
-1.0239029148380325
 10
3.679697902251803
 20
-1.020817023023092
 10
3.6776151824822705
 20
-1.0177813294158042
 10
3.6754585903384793
 20
-1.0147976626044866
 10
3.6315922938167375
 20
-0.9556508087226305
 10
3.6293631283547825
 20
-0.95272096596387
 10
3.627062732335304
 20
-0.9498467120778429
 10
3.6246924914308067
 20
-0.947029778407618
 10
3.62225383338577
 20
-0.9442718617686907
 10
3.5728013580391007
 20
-0.8897094633534834
 10
3.5702957522366034
 20
-0.8870122254597916
 10
3.5677247075552145
 20
-0.8843772905575449
 10
2.2621673795050583
 20
0.42118005913820156
 10
2.251763270713383
 20
0.46271558965491266
 10
2.250824992649541
 20
0.46627547611190323
 10
2.249799633190463
 20
0.4698112639012777
 10
2.2486878099743706
 20
0.4733208231966728
 10
2.247490192721955
 20
0.4768020399708064
 10
2.2177354731109915
 20
0.559960910309961
 10
2.216452783221939
 20
0.5634116876085002
 10
2.215085793340819
 20
0.5668299468117439
 10
2.21363532689125
 20
0.5702136288881618
 10
2.2121022575799714
 20
0.5735606956341925
 10
2.1743398204129676
 20
0.6534026607555532
 10
2.1727250717036384
 20
0.6567110960233222
 10
2.171029616260455
 20
0.6599789069351587
 10
2.1692544753623793
 20
0.6632041250839649
 10
2.1674007182879507
 20
0.6663848077189201
 10
2.121994236477974
 20
0.742140945852249
 10
2.1200629798611033
 20
0.7452751770491162
 10
2.1180553870185577
 20
0.7483610688641633
 10
2.1159726672491956
 20
0.7513967624715576
 10
2.113816075105575
 20
0.7543804292829961
 10
2.0612028378940295
 20
0.8253211674055692
 10
2.058973672426589
 20
0.8282510101716767
 10
2.0566732764012556
 20
0.8311252640647737
 10
2.054303035490591
 20
0.8339421977417842
 10
2.0518643774390455
 20
0.8367001143871846
 10
1.992551079062025
 20
0.9021422544103856
 10
1.99004547282604
 20
0.904839492758363
 10
1.9874744276891363
 20
0.9074744280933515
 10
1.9848394923527337
 20
0.910045473228827
 10
1.9821422540034064
 20
0.9125510794633414
 10
1.9167001139474849
 20
0.9718643778050975
 10
1.9139421973007416
 20
0.9743030358551366
 10
1.9111252636224378
 20
0.9766732767642878
 10
1.908251009728076
 20
0.9789736727880651
 10
1.9053211669607322
 20
0.9812028382539069
 10
1.834380428809368
 20
1.0338160754268628
 10
1.831396761996757
 20
1.0359726675688634
 10
1.828361068388233
 20
1.0380553873365557
 10
1.82527517657212
 20
1.0400629801774102
 10
1.8221409453742012
 20
1.0419942367925827
 10
1.7463848072163444
 20
1.0874007185611632
 10
1.743204124580359
 20
1.0892544756338722
 10
1.739978906430565
 20
1.0910296165301787
 10
1.7367110955177907
 20
1.0927250719715857
 10
1.7334026602491406
 20
1.0943398206791315
 10
1.6535606951071884
 20
1.1321022578026145
 10
1.6502136283603477
 20
1.1336353271120672
 10
1.6468299462831624
 20
1.1350857935597816
 10
1.6434116870791797
 20
1.1364527834390117
 10
1.6399609097799726
 20
1.137735473326181
 10
1.556802039424383
 20
1.1674901928919326
 10
1.5533208226491126
 20
1.1686878101426146
 10
1.5498112633525807
 20
1.169799633356945
 10
1.5462754755621404
 20
1.1708249928142038
 10
1.5427155891041195
 20
1.1717632708761911
 10
1.4570406789156323
 20
1.1932237186691381
 10
1.4534588381325477
 20
1.1940743501522206
 10
1.4498572005913388
 20
1.194836822667817
 10
1.4462379357837563
 20
1.1955106769309936
 10
1.4426032238196171
 20
1.1960955070371355
 10
1.3552373700185285
 20
1.20905500721355
 10
1.3515894003123492
 20
1.2095504608828733
 10
1.3479303702647485
 20
1.2099562396726142
 10
1.344262483938536
 20
1.2102720991567963
 10
1.3405879507313614
 20
1.2104978490734837
 10
1.2523725342482521
 20
1.2148315945623054
 10
1.248693567561503
 20
1.2149670989281844
 10
1.245012383467099
 20
1.2150122761204898
 10
1.2413311993727518
 20
1.2149670989261807
 10
1.2376522326860595
 20
1.214831594558298
 10
1.1494368162053945
 20
1.2104978490214222
 10
1.1457622829983336
 20
1.2102720991027311
 10
1.14209439667232
 20
1.2099562396165524
 10
1.1384353666249183
 20
1.209550460824822
 10
1.1347873969190232
 20
1.209055007153509
 10
1.0474215431247274
 20
1.1960955069294599
 10
1.0437868311609009
 20
1.1955106768213355
 10
1.0401675663536878
 20
1.1948368225561836
 10
1.0365659288128768
 20
1.1940743500386262
 10
1.032984088030247
 20
1.1932237185535897
 10
0.9473091778538105
 20
1.1717632707140382
 10
0.9437492913963297
 20
1.1708249926501182
 10
0.9402135036064578
 20
1.1697996331909337
 10
0.9367039443105796
 20
1.1686878099746991
 10
0.9332227275359628
 20
1.167490192722127
 10
0.8500638571966874
 20
1.1377354731111424
 10
0.8466130798981624
 20
1.1364527832220972
 10
0.8431948206949187
 20
1.1350857933409912
 10
0.8398111386185008
 20
1.1336353268914294
 10
0.8364640718724843
 20
1.1321022575801507
 10
0.7566221067509105
 20
1.094339820413083
 10
0.753313671483113
 20
1.0927250717037396
 10
0.7500458605712765
 20
1.091029616260549
 10
0.746820642422449
 20
1.0892544753624875
 10
0.7436399597874868
 20
1.0874007182880447
 10
0.6678838216540441
 20
1.0419942364780042
 10
0.664749590457177
 20
1.0400629798611192
 10
0.661663698642144
 20
1.0380553870185736
 10
0.6586280050347284
 20
1.0359726672492329
 10
0.6556443382233113
 20
1.033816075105591
 10
0.584703600100795
 20
0.9812028378940951
 10
0.5817737573346733
 20
0.9789736724266618
 10
0.578899503441562
 20
0.9766732764013284
 10
0.5760825697645657
 20
0.9743030354906423
 10
0.5733246531191298
 20
0.9718643774391111
 10
0.5078825130958364
 20
0.9125510790619913
 10
0.5051852747478733
 20
0.9100454728260061
 10
0.5025503394128918
 20
0.9074744276891025
 10
0.4999792942774377
 20
0.9048394923527283
 10
0.49747368804293046
 20
0.9021422540033939
 10
0.4381603897010393
 20
0.8367001139473444
 10
0.43572173165097183
 20
0.8339421973005798
 10
0.43335149074181345
 20
0.8311252636222548
 10
0.43105109471801484
 20
0.8282510097278717
 10
0.428821929252166
 20
0.8253211669605207
 10
0.3762086920793024
 20
0.7543804288092204
 10
0.3740520999373018
 20
0.7513967619966309
 10
0.3719693801696451
 20
0.7483610683881139
 10
0.3699617873287764
 20
0.7452751765719867
 10
0.3680305307136109
 20
0.7421409453741035
 10
0.32262404894521524
 20
0.666384807216545
 10
0.3207702918725204
 20
0.6632041245805596
 10
0.3189951509762068
 20
0.6599789064307728
 10
0.31729969553478554
 20
0.6567110955179984
 10
0.3156849468272469
 20
0.6534026602493341
 10
0.2779225097034441
 20
0.5735606951066714
 10
0.2763894403939844
 20
0.5702136283597881
 10
0.2749389739462629
 20
0.5668299462825672
 10
0.27357198406701855
 20
0.5634116870785633
 10
0.27228929417984205
 20
0.5599609097793135
 10
0.24253457461412609
 20
0.4768020394235606
 10
0.2413369573634725
 20
0.47332082264833275
 10
0.24022513414914215
 20
0.46981126335188605
 10
0.23919977469191167
 20
0.4662754755615026
 10
0.23826149662994567
 20
0.4627155891035315
 10
0.21680104883719764
 20
0.3770406789160745
 10
0.21595041735409382
 20
0.37345883813296865
 10
0.21518794483850456
 20
0.3698572005917171
 10
0.21451409057530668
 20
0.36623793578410613
 10
0.21392926046917182
 20
0.3626032238199315
 10
0.20096976029273605
 20
0.2752373700185444
 10
0.2004743066234198
 20
0.27158940031239354
 10
0.2000685278336789
 20
0.2679303702647857
 10
0.19975266834947547
 20
0.26426248393861584
 10
0.19952691843280945
 20
0.26058795073144836
 10
0.19519317294395933
 20
0.17237253424814014
 10
0.19505766857807316
 20
0.16869356756136256
 10
0.19501249138576782
 20
0.16501238346695146
 10
0.1950576685800911
 20
0.1613311993725688
 10
0.1951931729479668
 20
0.15765223268586226
 10
0.19952691848487802
 20
0.06943681620530384
 10
0.19975266840356198
 20
0.06576228299827847
 10
0.2000685278897265
 20
0.062094396672300434
 10
0.20047430668145694
 20
0.05843536662494131
 10
0.2009697603527627
 20
0.05478739691907464
 10
0.21392926057671957
 20
-0.032578456874929884
 10
0.21451409068487237
 20
-0.0362131688388061
 10
0.21518794495000293
 20
-0.039832433646061816
 10
0.2159504174675817
 20
-0.043434071186915446
 10
0.21680104895264662
 20
-0.04701591196958077
 10
0.23826149679243258
 20
-0.132690822146742
 10
0.23919977485633126
 20
-0.13625070860422284
 10
0.24022513431552284
 20
-0.13978649639407337
 10
0.24133695753175743
 20
-0.14329605568994452
 10
0.24253457478431528
 20
-0.14677727246453998
 10
0.2722892943952786
 20
-0.22993614280369457
 10
0.27357198428433094
 20
-0.23338692010222672
 10
0.2749389741654511
 20
-0.2368051793054704
 10
0.2763894406149916
 20
-0.24018886138188122
 10
0.2779225099262703
 20
-0.24353592812791902
 10
0.3156849470932741
 20
-0.3233778932492868
 10
0.31729969580263173
 20
-0.3266863285170558
 10
0.3189951512458151
 20
-0.3299541394288923
 10
0.32077029214386243
 20
-0.33317935757770556
 10
0.32262404921831944
 20
-0.33636004021266075
 10
0.3680305310282961
 20
-0.4121161783459897
 10
0.36996178764516685
 20
-0.41525040954285686
 10
0.37196938048771244
 20
-0.418336301357904
 10
0.37405210025707447
 20
-0.4213719949652983
 10
0.3762086924006951
 20
-0.4243556617767368
 10
0.42882192961224064
 20
-0.49529639989930985
 10
0.4310510950796811
 20
-0.4982262426654174
 10
0.4333514911050145
 20
-0.5011004965585144
 10
0.4357217320156792
 20
-0.5039174302355249
 10
0.4381603900672246
 20
-0.5066753468809253
 10
0.497473688444245
 20
-0.5721174869041263
 10
0.49997929468023017
 20
-0.5748147252521036
 10
0.5025503398171338
 20
-0.5774496605870922
 10
0.5051852751535364
 20
-0.5800207057225677
 10
0.5078825135028637
 20
-0.582526311957082
 10
0.5733246535587853
 20
-0.6418396102988382
 10
0.5760825702055286
 20
-0.6442782683488772
 10
0.5788995038838323
 20
-0.6466485092580285
 10
0.5817737577781941
 20
-0.6489489052818058
 10
0.5847036005455379
 20
-0.6511780707476476
 10
0.6556443386969022
 20
-0.7037913079206035
 10
0.6586280055095131
 20
-0.7059479000626041
 10
0.6616636991180371
 20
-0.7080306198302964
 10
0.6647495909341501
 20
-0.7100382126711509
 10
0.6678838221320689
 20
-0.7119694692863234
 10
0.7436399602899257
 20
-0.7573759510549039
 10
0.7468206429259112
 20
-0.7592297081276129
 10
0.750045861075705
 20
-0.7610048490239194
 10
0.7533136719884794
 20
-0.7627003044653264
 10
0.7566221072571295
 20
-0.7643150531728722
 10
0.8364640723990817
 20
-0.8020774902963552
 10
0.8398111391459224
 20
-0.8036105596058079
 10
0.8431948212231077
 20
-0.8050610260535223
 10
0.8466130804270904
 20
-0.8064280159327524
 10
0.8500638577262976
 20
-0.8077107058199218
 10
0.933222728081887
 20
-0.8374654253856733
 10
0.9367039382394466
 20
-0.8386630404501574
 10
0.9402134908149264
 20
-0.8397748618044218
 10
0.9437492717930809
 20
-0.8408002197313991
 10
0.9473091513597183
 20
-0.8417384965961503
 10
0.988844742303371
 20
-0.8521426287031915
 10
1.8877406628231768
 20
-1.751038684419207
 10
0.5581157707374587
 20
-3.0806635355605465
 10
-2.6959890776615225
 20
-3.080663504527344
 10
-5.068936723770747
 20
-0.7077158144815598
 10
-5.06893672399238
 20
-0.1310387161892237
 10
-5.068981901187101
 20
-0.12735753209542366
 10
-5.069117405555346
 20
-0.12367856540931399
 10
-5.069343155474371
 20
-0.12000403220284284
 10
-5.069659014960877
 20
-0.11633614587743324
 10
-5.070064793752891
 20
-0.11267711583064255
 10
-5.070560247424453
 20
-0.10902914612535852
 10
-5.071145077532805
 20
-0.1053944341621218
 10
-5.071818931798163
 20
-0.10177516935549846
 10
-5.0725814043158834
 20
-0.09817353181529143
 10
-5.073432035801062
 20
-0.09459169103326559
 10
-5.074370313865103
 20
-0.0910318045763816
 10
-5.07539567332438
 20
-0.08749601678712793
 10
-5.076507496540671
 20
-0.08398645749185363
 10
-5.077705113793286
 20
-0.08050524071784793
 10
-5.078987803682338
 20
-0.07705446341991973
 10
-5.0803547935634015
 20
-0.07363620421728712
 10
-5.0818052600129135
 20
-0.07025252214147315
 10
-5.083338329324107
 20
-0.06690545539603221
 10
-5.084953078033351
 20
-0.0635970201288174
 10
-5.086648533476421
 20
-0.060329209217528046
 10
-5.088423674374326
 20
-0.05710399106925479
 10
-5.090277431448584
 20
-0.0539233084348254
 10
-5.092208688065256
 20
-0.05078907723851245
 10
-5.0942162809075455
 20
-0.04770318542399821
 10
-5.096299000676623
 20
-0.04466749181711549
 10
-5.09845559281996
 20
-0.04168382500618861
 10
-5.100684758287116
 20
-0.038753982240535834
 10
-5.102985154312137
 20
-0.035879728347879336
 10
-5.10535539522246
 20
-0.03306279467129514
 10
-5.107794053273665
 20
-0.03030487802629267
 10
-5.110299659509252
 20
-0.02760763967874169
 10
-5.112870704645729
 20
-0.024972704344150998
 10
-5.115505639981677
 20
-0.022401659209052127
 10
-5.118202878330578
 20
-0.019896052974885947
 10
-5.120960794976867
 20
-0.017457394925166625
 10
-5.123777728654687
 20
-0.01508715401630667
 10
-5.126651982548566
 20
-0.012786757992813591
 10
-5.129581825315398
 20
-0.01055759252722055
 10
-5.132565492127469
 20
-0.008401000385454438
 10
-5.135601185735453
 20
-0.0063182806179824524
 10
-5.138687077551026
 20
-0.004310687777312694
 10
-5.141821308748348
 20
-0.0023794311622964415
 10
-5.145001991383765
 20
-0.0005256740897223722
 10
-5.148227209532962
 20
0.0012494668064846337
 10
-5.151495020445168
 20
0.0029449222478135084
 10
-5.154803455713221
 20
0.004559670955316619
 10
-5.1581505224594935
 20
0.00609274026473372
 10
-5.1615342045360535
 20
0.0075432067124552304
 10
-5.164952463739411
 20
0.008910196591727981
 10
-5.168403241038021
 20
0.010192886478954222
 10
-5.171884457812666
 20
0.011390503729714396
 10
-5.175394017108516
 20
0.01250232694415132
 10
-5.178929804898331
 20
0.01352768640155233
 10
-5.182489691355698
 20
0.014465964463703074
 10
-5.186071532138186
 20
0.015316595946998746
 10
-5.189673169678798
 20
0.016079068462829582
 10
-5.193292434485755
 20
0.016752922726261943
 10
-5.196927146449326
 20
0.01733775283269523
 10
-5.200575116154852
 20
0.017833206502338328
 10
-5.2042341462018555
 20
0.018238985292420296
 10
-5.207902032527443
 20
0.01855484477697189
 10
-5.2115765657340205
 20
0.01878059469405713
 10
-5.215255532420201
 20
0.018916099060362512
 10
-5.218936716514037
 20
0.01896127625312971
 10
-6.918936516268545
 20
0.01896127600756614
 10
-6.922617700362579
 20
0.01891609881373313
 10
-6.926296667048945
 20
0.01878059444634772
 10
-6.929971200255693
 20
0.01855484452817535
 10
-6.933639086581394
 20
0.018238985042522415
 10
-6.937298116628497
 20
0.017833206251332
 10
-6.940946086334122
 20
0.017337752580580457
 10
-6.9445807982977215
 20
0.016752922473024512
 10
-6.948200063104707
 20
0.016079068208462388
 10
-6.951801700645319
 20
0.015316595691501789
 10
-6.95538354142775
 20
0.014465964207069248
 10
-6.95894342788506
 20
0.013527686143774531
 10
-6.962479215674762
 20
0.012502326685236653
 10
-6.965988774970498
 20
0.011390503469641544
 10
-6.9694699917449725
 20
0.010192886217737396
 10
-6.972920769043384
 20
0.008910196329360076
 10
-6.976339028246528
 20
0.0075432064489433515
 10
-6.979722710322861
 20
0.006092740000070762
 10
-6.983069777068835
 20
0.004559670689502582
 10
-6.986378212336589
 20
0.0029449219808626026
 10
-6.98964602324844
 20
0.001249466538389754
 10
-6.992871241397268
 20
-0.0005256743589541202
 10
-6.996051924032287
 20
-0.0023794314326721633
 10
-6.999186155229182
 20
-0.004310688048803968
 10
-7.0022720470443005
 20
-0.006318280890596384
 10
-7.005307740651787
 20
-0.008401000659183921
 10
-7.008291407463332
 20
-0.01055759280205848
 10
-7.01122125022961
 20
-0.012786758268745757
 10
-7.014095504122892
 20
-0.015087154293333072
 10
-7.016912437800116
 20
-0.017457395203265946
 10
-7.019670354445765
 20
-0.019896053254051083
 10
-7.0223675927939695
 20
-0.022401659489268866
 10
-7.025002528129221
 20
-0.024972704625412234
 10
-7.027573573264974
 20
-0.027607639961033215
 10
-7.030079179499808
 20
-0.03030487830960027
 10
-7.032517837550188
 20
-0.033062794955597496
 10
-7.034888078459716
 20
-0.035879728633162244
 10
-7.037188474483898
 20
-0.03875398252678508
 10
-7.039417639950159
 20
-0.04168382529338288
 10
-7.0415742320926
 20
-0.04466749210524057
 10
-7.043656951860754
 20
-0.047703185713025675
 10
-7.045664544702092
 20
-0.050789077528428095
 10
-7.047595801317783
 20
-0.05392330872560791
 10
-7.049449558391032
 20
-0.05710399136088995
 10
-7.051224699287914
 20
-0.06032920950998033
 10
-7.052920154729918
 20
-0.0635970204220726
 10
-7.054534903438082
 20
-0.0669054556900619
 10
-7.056067972748167
 20
-0.07025252243625602
 10
-7.057518439196542
 20
-0.07363620451280184
 10
-7.058885429076469
 20
-0.07705446371613789
 10
-7.0601681189643415
 20
-0.0805052410147411
 10
-7.061365736215748
 20
-0.0839864577893934
 10
-7.062477559430832
 20
-0.08749601708528587
 10
-7.063502918888858
 20
-0.0910318048751364
 10
-7.064441196951648
 20
-0.09459169133258172
 10
-7.065291828435548
 20
-0.09817353211513336
 10
-7.066054300952004
 20
-0.10177516965585198
 10
-7.06672815521604
 20
-0.10539443446293717
 10
-7.0673129853230705
 20
-0.10902914642661443
 10
-7.067808438993296
 20
-0.11267711613231057
 10
-7.068214217783947
 20
-0.11633614617947785
 10
-7.068530077269074
 20
-0.12000403250522851
 10
-7.06875582718672
 20
-0.1236785657120052
 10
-7.068891331553573
 20
-0.12735753239839198
 10
-7.068936508746873
 20
-0.1310387164924336
 10
-7.068936508746873
 20
-1.8310385162468705
 10
-7.068891331556458
 20
-1.8347197002230757
 10
-7.068755827198288
 20
-1.8383986667918464
 10
-7.06853007729508
 20
-1.8420731998814261
 10
-7.06821421783016
 20
-1.8457410860906265
 10
-7.0678084390654305
 20
-1.8494001160220819
 10
-7.067312985426838
 20
-1.853048085613132
 10
-7.066728155357097
 20
-1.856682797463435
 10
-7.0660543011359636
 20
-1.860302062158631
 10
-7.065291828667981
 20
-1.8639036995891303
 10
-7.06444119723804
 20
-1.8674855402633668
 10
-7.063502919234665
 20
-1.871045426614586
 10
-7.062477559841412
 20
-1.8745812143005054
 10
-7.061365736696402
 20
-1.8780907734949608
 10
-7.06016811952027
 20
-1.881571990170876
 10
-7.058885429712774
 20
-1.8850227673736129
 10
-7.0575184399182405
 20
-1.8884410264841662
 10
-7.056067973560175
 20
-1.8918247084711908
 10
-7.054534904345189
 20
-1.8951717751313097
 10
-7.052920155736814
 20
-1.8984802103168548
 10
-7.05122470039916
 20
-1.9017480211503113
 10
-7.049449559611077
 20
-1.904973239224745
 10
-7.047595802650903
 20
-1.9081539217895198
 10
-7.045664546152452
 20
-1.9112881529205055
 10
-7.043656953432361
 20
-1.914374044674183
 10
-7.0415742337893334
 20
-1.9174097382248831
 10
-7.039417641775728
 20
-1.9203934049844307
 10
-7.037188476441827
 20
-1.9233232477036566
 10
-7.034888080553415
 20
-1.9261975015549666
 10
-7.032517839782855
 20
-1.929014435195434
 10
-7.03007918187447
 20
-1.9317723518096699
 10
-7.027573575784501
 20
-1.9344695901319398
 10
-7.025002530796272
 20
-1.9371045254468342
 10
-7.022367595611044
 20
-1.9396755705679638
 10
-7.019670357415137
 20
-1.9421811767939658
 10
-7.016912440923903
 20
-1.944619834841447
 10
-7.0140955074029705
 20
-1.94699007575408
 10
-7.011221253667685
 20
-1.9492904717874566
 10
-7.008291411060881
 20
-1.951519637269115
 10
-7.0053077444101035
 20
-1.9536762294332064
 10
-7.00227205096445
 20
-1.9557589492293417
 10
-6.999186159312018
 20
-1.9577665421050696
 10
-6.996051928278433
 20
-1.9596977987615887
 10
-6.992871245807166
 20
-1.9615515558821741
 10
-6.9896460278222605
 20
-1.9633266968329366
 10
-6.986378217074318
 20
-1.9650221523353935
 10
-6.983069781970201
 20
-1.9666369011106326
 10
-6.97972271538741
 20
-1.9681699704944222
 10
-6.976339033473536
 20
-1.9696204370231527
 10
-6.972920774431927
 20
-1.970987426990078
 10
-6.969469997293871
 20
-1.9722701169716075
 10
-6.965988780678373
 20
-1.9734677343233216
 10
-6.962479221539979
 20
-1.9745795576453418
 10
-6.958943433905787
 20
-1.9756049172169199
 10
-6.955383547601883
 20
-1.9765431953998345
 10
-6.951801706970542
 20
-1.9773938270104239
 10
-6.948200069578505
 20
-1.97815629966005
 10
-6.944580804917294
 20
-1.978830154063722
 10
-6.9409460930964855
 20
-1.979414984316783
 10
-6.937298123530425
 20
-1.9799104381393633
 10
-6.933639093619433
 20
-1.9803162170886353
 10
-6.9299712074261635
 20
-1.9806320767385515
 10
-6.926296674347967
 20
-1.9808578268270693
 10
-6.922617707786031
 20
-1.9809933313708044
 10
-6.918936523812107
 20
-1.9810385087468703
  0
LWPOLYLINE
  5
32
330
17
100
AcDbEntity
  8
0
100
AcDbPolyline
 90
711
 70
0
 10
-7.969436723663151
 20
-0.062143054068066306
 10
-7.964218545375289
 20
0.013022268992045838
 10
-7.9192463136788405
 20
0.20423436957263164
 10
-7.840609174178084
 20
0.3823286782736304
 10
-7.730583338883349
 20
0.542945778623185
 10
-7.5929209971143194
 20
0.6806081180744883
 10
-7.426560619114184
 20
0.7945682076055789
 10
-7.422568899362375
 20
0.7967913887467688
 10
-7.419374367885013
 20
0.7986223044923264
 10
-7.416225738594235
 20
0.8005310782915203
 10
-7.4131249086840825
 20
0.8025165600203295
 10
-7.410073746547198
 20
0.80457755333466
 10
-7.407074090649189
 20
0.8067128163912116
 10
-7.404127748420706
 20
0.8089210625957577
 10
-7.401236495168519
 20
0.8112009613783684
 10
-7.398402073005741
 20
0.8135511389951233
 10
-7.395626189802101
 20
0.8159701793558796
 10
-7.395416526061766
 20
0.816162145666965
 10
-7.374378358327149
 20
0.8293943661279428
 10
-7.371302922239607
 20
0.8313814949773644
 10
-7.368276905365221
 20
0.8334430987386696
 10
-7.36530211080516
 20
0.83557794897186
 10
-7.362380311138949
 20
0.837784773591828
 10
-7.35951324736827
 20
0.8400622576263785
 10
-7.356702627879528
 20
0.8424090439997372
 10
-7.353950127425861
 20
0.8448237343412401
 10
-7.3512573861292765
 20
0.8473048898185098
 10
-7.348626008503288
 20
0.8498510319948664
 10
-7.3460575624969096
 20
0.8524606437102378
 10
-7.343553578560275
 20
0.8551321699852039
 10
-7.341115548732802
 20
0.8578640189475522
 10
-7.338744925754071
 20
0.8606545627808231
 10
-7.336443122198162
 20
0.8635021386942583
 10
-7.276294145306082
 20
0.9397991095343912
 10
-7.274050552149092
 20
0.9427180075199146
 10
-7.271879269458466
 20
0.9456910879395082
 10
-7.269781605183738
 20
0.9487165598522083
 10
-7.2677588229277745
 20
0.9517926007571589
 10
-7.265812141185549
 20
0.954917357691464
 10
-7.263942732610218
 20
0.9580889483464006
 10
-7.262151723306673
 20
0.961305462201274
 10
-7.260440192153212
 20
0.9645649616743128
 10
-7.258809170151636
 20
0.9678654832898061
 10
-7.257259639806193
 20
0.9712050388609157
 10
-7.255792534531707
 20
0.9745816166872956
 10
-7.254408738091357
 20
0.977993182766923
 10
-7.253109084064249
 20
0.9814376820213582
 10
-7.25189435534331
 20
0.9849130395336942
 10
-7.250765283663711
 20
0.9884171617984379
 10
-7.249722549161987
 20
0.991947937982637
 10
-7.2233505600561045
 20
1.0854548997014248
 10
-7.222394831796564
 20
1.0890100428307647
 10
-7.221526636702848
 20
1.0925875694142348
 10
-7.220746497716277
 20
1.0961853245945932
 10
-7.220054884739184
 20
1.099801141330289
 10
-7.219452214351932
 20
1.1034328417007089
 10
-7.2189388495619085
 20
1.1070782382180369
 10
-7.218515099584934
 20
1.1107351351448287
 10
-7.218181219659016
 20
1.1144013298165945
 10
-7.2179374108905705
 20
1.1180746139684956
 10
-7.217783820133334
 20
1.1217527750654952
 10
-7.21772053989983
 20
1.125433597635002
 10
-7.217747608305785
 20
1.1291148646013625
 10
-7.217865009047017
 20
1.1327943586212115
 10
-7.2180726714093595
 20
1.1364698634191228
 10
-7.218370470311214
 20
1.140139165122477
 10
-7.21875822637891
 20
1.1438000535949868
 10
-7.230176222930766
 20
1.2402810240508018
 10
-7.23065373231492
 20
1.2439315015258003
 10
-7.231220687863129
 20
1.2475691604451882
 10
-7.2318767480413015
 20
1.2511918094828474
 10
-7.232621517638719
 20
1.2547972663546147
 10
-7.23345454800608
 20
1.2583833591328997
 10
-7.2343753373258295
 20
1.2619479275550347
 10
-7.235383330914374
 20
1.2654888243246276
 10
-7.236477921556272
 20
1.269003916405083
 10
-7.239389299587131
 20
1.2779644288408747
 10
-7.268936723671629
 20
1.4645111620536824
 10
-7.268936722467743
 20
1.6534126763100545
 10
-7.239389365128105
 20
1.8399598616244788
 10
-7.181018469262497
 20
2.0196067855017716
 10
-7.152073557246311
 20
2.0764131847105745
 10
-6.999410763395659
 20
1.9237501061780122
 10
-7.023567408599888
 20
1.8562368055593694
 10
-7.024765025850513
 20
1.8527555887840705
 10
-7.025876849064787
 20
1.8492460294875457
 10
-7.026902208521989
 20
1.8457102416970912
 10
-7.027840486583912
 20
1.842150355239049
 10
-7.048108687143298
 20
1.7612351628125253
 10
-7.048959318626331
 20
1.7576533220294266
 10
-7.049721791141877
 20
1.7540516844881893
 10
-7.05039564540499
 20
1.7504324196805925
 10
-7.050980475511068
 20
1.746797707716432
 10
-7.063220003374042
 20
1.6642855129994771
 10
-7.063715457043315
 20
1.660637543293312
 10
-7.064121235832985
 20
1.6569785132456971
 10
-7.064437095317118
 20
1.653310626919513
 10
-7.064662845233741
 20
1.6496360937123384
 10
-7.068755827056165
 20
1.5663215342460148
 10
-7.06889133142198
 20
1.5626425675592515
 10
-7.068936508614229
 20
1.5589613834648617
 10
-7.068891331419863
 20
1.5552801993705003
 10
-7.068755827051916
 20
1.5516012326838151
 10
-7.064662845181417
 20
1.4682866732193744
 10
-7.064437095262676
 20
1.4646121400123207
 10
-7.064121235776426
 20
1.460944253686307
 10
-7.063715456984639
 20
1.4572852236389195
 10
-7.063220003313276
 20
1.4536372539330245
 10
-7.050980475402682
 20
1.371125059223111
 10
-7.0503956452945005
 20
1.3674903472592916
 10
-7.049721791029285
 20
1.3638710824520928
 10
-7.0489593185116775
 20
1.360269444911303
 10
-7.048108687026584
 20
1.3566876041286946
 10
-7.027840486420587
 20
1.2757724117141507
 10
-7.026902208356603
 20
1.2722125252566556
 10
-7.025876848897354
 20
1.2686767374667909
 10
-7.024765025681063
 20
1.2651671781709126
 10
-7.02356740842842
 20
1.261685961396303
 10
-6.995465728978417
 20
1.1831470288124635
 10
-6.994183039089322
 20
1.1796962515139668
 10
-6.992816049208173
 20
1.1762779923107658
 10
-6.9913655827585615
 20
1.1728943102343976
 10
-6.98983251344724
 20
1.1695472434884095
 10
-6.954167989688457
 20
1.0941409435901406
 10
-6.952553240979043
 20
1.0908325083223644
 10
-6.950857785535803
 20
1.087564697410528
 10
-6.94908264463767
 20
1.0843394792617218
 10
-6.9472288875631705
 20
1.0811587966267666
 10
-6.904344988355334
 20
1.0096113333029137
 10
-6.902413731738406
 20
1.0064771021061034
 10
-6.900406138895832
 20
1.003391210291106
 10
-6.8983234191264415
 20
1.0003555166837614
 10
-6.896166826982778
 20
0.9973718498723798
 10
-6.846476547718311
 20
0.9303722643070813
 10
-6.844247382250813
 20
0.9274424215409951
 10
-6.841946986225437
 20
0.9245681676479194
 10
-6.839576745314702
 20
0.9217512339709373
 10
-6.837138087263114
 20
0.9189933173255511
 10
-6.781119972494665
 20
0.8571868521532622
 10
-6.778614366258637
 20
0.8544896138053417
 10
-6.776043321121691
 20
0.8518546784704029
 10
-6.773408385785274
 20
0.8492836333349771
 10
-6.770711147435904
 20
0.8467780271005125
 10
-6.7089046822312355
 20
0.7907599123676476
 10
-6.706146765584435
 20
0.7883212543176441
 10
-6.703329831906075
 20
0.7859510134085212
 10
-6.70045557801167
 20
0.7836506173847866
 10
-6.697525735244284
 20
0.7814214519189875
 10
-6.630526149650166
 20
0.731731172693074
 10
-6.627542482837541
 20
0.7295745805511231
 10
-6.624506789228988
 20
0.7274918607834877
 10
-6.621420897412833
 20
0.725484267942683
 10
-6.6182866662149
 20
0.7235530113275672
 10
-6.546739202866746
 20
0.6806691121612829
 10
-6.543558520230732
 20
0.6788153550886307
 10
-6.54033330208091
 20
0.6770402141923739
 10
-6.537065491168107
 20
0.6753447587510166
 10
-6.533757055899429
 20
0.6737300100435277
 10
-6.458350755980518
 20
0.6380654863281876
 10
-6.455003689233649
 20
0.6365324170187918
 10
-6.451620007156436
 20
0.6350819505711272
 10
-6.4482017479524245
 20
0.6337149606919468
 10
-6.444750970653189
 20
0.6324322708048271
 10
-6.366212038053106
 20
0.6043305914001209
 10
-6.3627308212778075
 20
0.6031329741495028
 10
-6.359221261981276
 20
0.6020211509352222
 10
-6.355685474190835
 20
0.6009957914780202
 10
-6.352125587732786
 20
0.6000575134160968
 10
-6.271210395306241
 20
0.5797893128566969
 10
-6.2676285545231565
 20
0.5789386813736641
 10
-6.264026916981919
 20
0.5781762088581246
 10
-6.260407652174337
 20
0.577502354595012
 10
-6.256772940210169
 20
0.5769175244889269
 10
-6.174260745493399
 20
0.5646779966259672
 10
-6.17061277578722
 20
0.5641825429567007
 10
-6.16695374573959
 20
0.5637767641670237
 10
-6.163285859413406
 20
0.5634609046828984
 10
-6.159611326206232
 20
0.563235154766268
 10
-6.076296766739603
 20
0.5591421729438295
 10
-6.072617800052825
 20
0.5590066685780144
 10
-6.0689366159584495
 20
0.5589614913857659
 10
-6.065255431864074
 20
0.5590066685801389
 10
-6.061576465177382
 20
0.5591421729480786
 10
-5.978261905713197
 20
0.563235154818571
 10
-5.974587372506136
 20
0.5634609047373189
 10
-5.970919486180151
 20
0.5637767642235545
 10
-5.967260456132777
 20
0.5641825430153489
 10
-5.963612486426882
 20
0.5646779966867186
 10
-5.881100291716905
 20
0.576917524597313
 10
-5.877465579753078
 20
0.5775023547054943
 10
-5.873846314945865
 20
0.578176208970703
 10
-5.870244677405054
 20
0.5789386814883244
 10
-5.8666628366224245
 20
0.5797893129734177
 10
-5.78574764420793
 20
0.6000575135794222
 10
-5.782187757750478
 20
0.600995791643399
 10
-5.7786519699606345
 20
0.6020211511026332
 10
-5.775142410664785
 20
0.6031329743189247
 10
-5.771661193890196
 20
0.6043305915715464
 10
-5.693122261306428
 20
0.6324322710214858
 10
-5.689671488541876
 20
0.6337149591616509
 10
-5.6862532337840435
 20
0.6350819470723863
 10
-5.682869556056346
 20
0.6365324113334552
 10
-5.6795224935543445
 20
0.6380654782417352
 10
-5.636134840202942
 20
0.6585863031205363
 10
-4.5229304006719815
 20
0.6585862853139659
 10
-4.407288944735939
 20
0.5429448274309223
 10
-4.2972643136541535
 20
0.3823290768466947
 10
-4.218627093745766
 20
0.20423194936628875
 10
-4.17365286688684
 20
0.013008932750580016
 10
-4.168436508744662
 20
-0.06214222692359783
 10
-4.1684365086989885
 20
-0.16997460670207687
 10
-4.168391331325779
 20
-0.1736557980609703
 10
-4.168255826422552
 20
-0.17733477199904968
 10
-4.168030075612705
 20
-0.18100931243122886
 10
-4.167714214880647
 20
-0.18467720594301085
 10
-4.167308434489797
 20
-0.1883362431237785
 10
-4.166812978868052
 20
-0.19198421989765535
 10
-4.166228146460554
 20
-0.19561893885116177
 10
-4.165554289549846
 20
-0.19923821055687085
 10
-4.146600295263482
 20
-0.29452618135141506
 10
-4.1458378363270185
 20
-0.29812775189887475
 10
-4.144987221695374
 20
-0.30170952642927773
 10
-4.144048963728011
 20
-0.305269347495674
 10
-4.143023627575417
 20
-0.3088050708746124
 10
-4.141911830838808
 20
-0.3123145668576086
 10
-4.140714243198147
 20
-0.31579572153401614
 10
-4.139431586008641
 20
-0.3192464380642903
 10
-4.138064631866314
 20
-0.3226646379430136
 10
-4.1366142041426315
 20
-0.3260482622508505
 10
-4.135081176488626
 20
-0.3293952728947218
 10
-4.133466472308527
 20
-0.33270365383543776
 10
-4.131771064203605
 20
-0.33597141230202965
 10
-4.129995973386428
 20
-0.33919657999207686
 10
-4.128142269065592
 20
-0.34237721425729717
 10
-4.126211067801847
 20
-0.3455113992736827
 10
-4.124203532835367
 20
-0.34859724719549945
 10
-4.0702275493207765
 20
-0.42937922243677207
 10
-4.06814477597581
 20
-0.4324150362541772
 10
-4.065988124747747
 20
-0.4353988200635115
 10
-4.063758894813958
 20
-0.4383287764185937
 10
-4.061458429073639
 20
-0.44120314029917296
 10
-4.05908811333876
 20
-0.4440201801741708
 10
-4.0566493754992905
 20
-0.4467781990447932
 10
-4.054143684662989
 20
-0.44947553546676744
 10
-4.0515725502704925
 20
-0.45211056455125487
 10
-2.440008564169176
 20
-2.063674550584828
 10
-2.437373535065319
 20
-2.0662456849955504
 10
-2.4346761986230945
 20
-2.0687513758491036
 10
-2.431918179731383
 20
-2.0711901137048514
 10
-2.429101139834472
 20
-2.073560429454993
 10
-2.4262267759312124
 20
-2.075860895209516
 10
-2.4232968195526894
 20
-2.0780901251564217
 10
-2.420313035719232
 20
-2.0802467763965
 10
-2.4172772218770433
 20
-2.0823295497523233
 10
-2.3364952465685747
 20
-2.136305533141197
 10
-2.3334093986438518
 20
-2.138313068103159
 10
-2.3302752136246454
 20
-2.1402442693623485
 10
-2.327094579356725
 20
-2.1420979736785313
 10
-2.3238694116641057
 20
-2.1438730644909967
 10
-2.320601653195041
 20
-2.1455684725911297
 10
-2.3172932722519874
 20
-2.1471831767664042
 10
-2.313946261605878
 20
-2.1487162044155284
 10
-2.3105626372959307
 20
-2.150166632134244
 10
-2.307144437415218
 20
-2.15153358627159
 10
-2.303693720883075
 20
-2.1528162434560656
 10
-2.300212566204948
 20
-2.154013831091646
 10
-2.2967030702203317
 20
-2.155125627823111
 10
-2.2931673468399083
 20
-2.156150963970539
 10
-2.2896075257721407
 20
-2.157089221932722
 10
-2.2860257512405155
 20
-2.157939836559123
 10
-2.2824241806919474
 20
-2.158702295490336
 10
-2.187136209855936
 20
-2.17765628964041
 10
-2.1835169381682817
 20
-2.1783301465425353
 10
-2.179882219233093
 20
-2.178914978942373
 10
-2.17623424247779
 20
-2.1794104345573615
 10
-2.172575205315809
 20
-2.1798162149423987
 10
-2.1689073118230056
 20
-2.18013207566959
 10
-2.165232771409933
 20
-2.180357826475486
 10
-2.161553797491081
 20
-2.1804933313757147
 10
-2.1578726061514715
 20
-2.1805385087468636
 10
-0.07766761935604904
 20
-2.180538508736163
 10
-0.07439583634734959
 20
-2.180502822609178
 10
-0.07112561010222862
 20
-2.1803957812082473
 10
-0.06785849664356647
 20
-2.1802174354652806
 10
-0.03535651300427389
 20
-2.1780874364808938
 10
-0.03179708268748982
 20
-2.177811594662799
 10
-0.028245225290078224
 20
-2.1774511200905877
 10
-0.024702952842062587
 20
-2.1770062169632425
 10
-0.021172271943811438
 20
-2.1764771373062075
 10
-0.017655182629454202
 20
-2.1758641808286256
 10
-0.014153677233764483
 20
-2.1751676947535685
 10
-0.010669739263761358
 20
-2.17438807362133
 10
-0.007205342274914983
 20
-2.173525759065946
 10
-0.0037624487533207684
 20
-2.1725812395650053
 10
-0.00034300900392736366
 20
-2.171555050162965
 10
0.003051039954272028
 20
-2.1704477721680178
 10
0.09505000862932889
 20
-2.139217782702353
 10
0.09852133455106582
 20
-2.1379916956407783
 10
0.10196152501166011
 20
-2.136680786516372
 10
0.10536850773291917
 20
-2.1352858449855106
 10
0.10874023044016212
 20
-2.133807711323435
 10
0.11207466209836525
 20
-2.1322472759180897
 10
0.11536979413563131
 20
-2.130605478733756
 10
0.11862364165310169
 20
-2.128883308744882
 10
0.12183424462057246
 20
-2.1270818033403174
 10
0.12499966905727433
 20
-2.1252020476984512
 10
0.1281180081966511
 20
-2.12324517413348
 10
0.13118738363516513
 20
-2.1212123614133844
 10
0.1342059464636236
 20
-2.1191048340498355
 10
0.13717187838102518
 20
-2.1169238615606076
 10
0.14008339278981907
 20
-2.114670757704836
 10
0.14293873587206463
 20
-2.1123468796916356
 10
0.1457361876459231
 20
-2.1099536273626
 10
0.21878015766040448
 20
-2.045894653534731
 10
0.22151793127218866
 20
-2.0434335622652
 10
0.22419448390593288
 20
-2.040906025799572
 10
0.22680820339954266
 20
-2.0383135665433727
 10
0.229357515437016
 20
-2.0356577460069403
 10
0.2318408844968758
 20
-2.0329401638648577
 10
0.23425681477675653
 20
-2.030162456992457
 10
0.2366038510947135
 20
-2.0273262984798635
 10
0.23888057976540722
 20
-2.0244333966242536
 10
0.24108562945190215
 20
-2.021485493900883
 10
0.24321767199137412
 20
-2.0184843659135794
 10
0.24527542319529516
 20
-2.015431820325219
 10
0.2472576436228735
 20
-2.0123296957689263
 10
0.249163139327635
 20
-2.0091798607406233
 10
0.2509907625764356
 20
-2.005984212473585
 10
0.2527394125410183
 20
-2.002744675795647
 10
0.25440803596083583
 20
-1.9994632019698884
 10
0.29737901827303403
 20
-1.9123272376241403
 10
0.29896667473900607
 20
-1.9090056635408672
 10
0.300472336458796
 20
-1.9056461263361086
 10
0.3018950964546434
 20
-1.9022506497217222
 10
0.30323409768698184
 20
-1.8988212790587014
 10
0.30448853357071926
 20
-1.8953600801250587
 10
0.30565764846105026
 20
-1.8918691378714811
 10
0.30674073810868663
 20
-1.8883505551653599
 10
0.30773715008407976
 20
-1.8848064515241134
 10
0.3086462841703792
 20
-1.881238961838399
 10
0.30946759272509894
 20
-1.877650235086115
 10
0.31020058100989445
 20
-1.8740424330379142
 10
0.3108448074885928
 20
-1.8704177289549904
 10
0.31139988409324815
 20
-1.8667783062799543
 10
0.31186547645782525
 20
-1.863126357321569
 10
0.31224130411965234
 20
-1.8594640819341564
 10
0.31252714068835985
 20
-1.8557936861924702
 10
0.31888113799149664
 20
-1.7588467259030125
 10
0.3190768104336996
 20
-1.755170441582635
 10
0.3191822027536375
 20
-1.7514904624294587
 10
0.31919725146599376
 20
-1.7478090051575208
 10
0.3191219475058915
 20
-1.744128287371204
 10
0.3189563362342085
 20
-1.7404505262294805
 10
0.3187005174104911
 20
-1.736777937110297
 10
0.31835464513264355
 20
-1.7331127322761475
 10
0.31791892774421626
 20
-1.729457119541415
 10
0.31739362770889556
 20
-1.7258133009425052
 10
0.31677906145236534
 20
-1.7221834714113484
 10
0.316075599171711
 20
-1.718569817453286
 10
0.3152836646125081
 20
-1.7149745158299439
 10
0.31440373481342476
 20
-1.7113997322480188
 10
0.3134363398189919
 20
-1.7078476200547499
 10
0.31238206236017163
 20
-1.7043203189407592
 10
0.31124153750357664
 20
-1.700819953651198
 10
0.2800115502085134
 20
-1.6088209913705072
 10
0.2787854631484663
 20
-1.605349665452934
 10
0.2774745540257868
 20
-1.6019094749964395
 10
0.27607961249685786
 20
-1.5985024922791808
 10
0.274601478836928
 20
-1.595130769575853
 10
0.2730410434338921
 20
-1.5917963379214584
 10
0.27139924625205936
 20
-1.5885012058878942
 10
0.2696770762659071
 20
-1.5852473583740192
 10
0.26787557086422
 20
-1.5820367554100017
 10
0.26599581522540916
 20
-1.5788713309766607
 10
0.2640389416636708
 20
-1.5757529918404813
 10
0.26200612894697883
 20
-1.572683616405044
 10
0.25989860158699685
 20
-1.5696650535794987
 10
0.2577176291015064
 20
-1.566699121664854
 10
0.2554645252496073
 20
-1.5637876072586678
 10
0.2531406472404285
 20
-1.5609322641788737
 10
0.25074739491554965
 20
-1.558134812407296
 10
0.186688414491897
 20
-1.4850908348022003
 10
0.18422736935804096
 20
-1.482353111260494
 10
0.18169988145783122
 20
-1.4796766064023288
 10
0.17910747311117348
 20
-1.4770629323014006
 10
0.17645170574002123
 20
-1.4745136631881195
 10
0.17373417892775933
 20
-1.4720303345013974
 10
0.17095652945585016
 20
-1.4696144419638628
 10
0.16812043031799817
 20
-1.4672674406809776
 10
0.16522758971240137
 20
-1.4649907442646253
 10
-0.04380557987522593
 20
-1.3045937702947796
 10
-0.14654766835511168
 20
-1.2018516818783738
 10
-0.1491826974558137
 20
-1.199280547472135
 10
-0.1518800338946562
 20
-1.1967748566228806
 10
-0.15463805278281484
 20
-1.194336118771247
 10
-0.15745509267600255
 20
-1.1919658030250417
 10
-0.16032945657534015
 20
-1.1896653372742492
 10
-0.16325941294977042
 20
-1.1874361073308677
 10
-0.16624319677896437
 20
-1.185279456094115
 10
-0.16927901061674788
 20
-1.1831966827414035
 10
-0.25006098592521653
 20
-1.1292206993525369
 10
-0.2531468338499394
 20
-1.127213164390568
 10
-0.2562810188691458
 20
-1.1252819631313784
 10
-0.25946165313706615
 20
-1.1234282588152027
 10
-0.26268682082968553
 20
-1.1216531680027302
 10
-0.2659545792987501
 20
-1.1199577599026043
 10
-0.26926296024180374
 20
-1.1183430557273297
 10
-0.2726099708879133
 20
-1.1168100280782056
 10
-0.27599359519783206
 20
-1.1153596003594899
 10
-0.27941179507854486
 20
-1.113992646222151
 10
-0.28286251161068776
 20
-1.1127099890376684
 10
-0.2863436662888432
 20
-1.1115124014020878
 10
-0.28985316227343105
 20
-1.1104006046706303
 10
-0.29338888565385446
 20
-1.1093752685231948
 10
-0.2969487067216221
 20
-1.108437010561019
 10
-0.3005304812532472
 20
-1.107586395934618
 10
-0.30413205180181535
 20
-1.106823937003412
 10
-0.39942002263782683
 20
-1.087869942853331
 10
-0.4030392612283151
 20
-1.0871960916941248
 10
-0.40667394680437496
 20
-1.0866112634092602
 10
-0.4103218899986416
 20
-1.0861158102723891
 10
-0.4139808934580458
 20
-1.0857100307216854
 10
-0.4176487531672137
 20
-1.08539416918007
 10
-0.42132325977621576
 20
-1.085168415908015
 10
-0.42500219993138444
 20
-1.085032906888891
 10
-0.4286833576084348
 20
-1.084987723747112
 10
-0.8949876907468592
 20
-1.0849868883376672
 10
-0.8949876467469267
 20
-0.8849875086901662
 10
-0.3949877161901725
 20
-0.8849875085011547
 10
-0.39130653209636534
 20
-0.884942331306469
 10
-0.3876275654102699
 20
-0.8848068269382381
 10
-0.38395303220380583
 20
-0.8845810770192344
 10
-0.38028514587838913
 20
-0.8842652175327643
 10
-0.37662611583161265
 20
-0.883859438740771
 10
-0.3729781461263144
 20
-0.8833639850692308
 10
-0.3693434341630848
 20
-0.8827791549609003
 10
-0.36572416935646856
 20
-0.8821053006955708
 10
-0.3621225318162544
 20
-0.8813428281778641
 10
-0.3585406910342215
 20
-0.8804921966926997
 10
-0.3549808045773375
 20
-0.8795539186286874
 10
-0.3514450167880909
 20
-0.878528559169446
 10
-0.3479354574928095
 20
-0.8774167359531759
 10
-0.3444542407187896
 20
-0.8762191187005968
 10
-0.3410034634208614
 20
-0.8749364288115729
 10
-0.3375852042182146
 20
-0.8735694389305237
 10
-0.3342015221423935
 20
-0.872118972481033
 10
-0.33085445539694547
 20
-0.870585903169868
 10
-0.3275460201297449
 20
-0.8689711544606453
 10
-0.32427820921842
 20
-0.8672756990176111
 10
-0.32105299107016094
 20
-0.8655005581197202
 10
-0.31787230843571024
 20
-0.8636468010454834
 10
-0.3147380772393831
 20
-0.86171554442884
 10
-0.3116521854248617
 20
-0.8597079515865644
 10
-0.3086164918179861
 20
-0.8576252318175079
 10
-0.3056328250070237
 20
-0.8554686396741928
 10
-0.3027029822413567
 20
-0.8532394742070721
 10
-0.2998287283487002
 20
-0.8509390781820727
 10
-0.2970117946721018
 20
-0.8485688372717561
 10
-0.29425387802709224
 20
-0.8461301792205944
 10
-0.29155663967952705
 20
-0.8436245729850285
 10
-0.28892170434491504
 20
-0.8410535278485582
 10
-0.28635065920980196
 20
-0.8384185925126317
 10
-0.28384505297560736
 20
-0.8357213541637734
 10
-0.28140639492588093
 20
-0.832963437517499
 10
-0.27903615401700677
 20
-0.8301465038396785
 10
-0.27673575799349237
 20
-0.8272722499458283
 10
-0.2745065925278709
 20
-0.8243424071790173
 10
-0.2723500003860977
 20
-0.8213587403669678
 10
-0.2702672806186115
 20
-0.8183230467590121
 10
-0.2682596877779133
 20
-0.8152371549434534
 10
-0.26632843116286153
 20
-0.8121029237461386
 10
-0.26447467409028036
 20
-0.8089222411107428
 10
-0.26269953319405204
 20
-0.8056970229615459
 10
-0.26100407775268764
 20
-0.8024292120493755
 10
-0.2593893290451774
 20
-0.7991207767813293
 10
-0.2578562597357177
 20
-0.7957737100350926
 10
-0.25640579328796775
 20
-0.7923900279585254
 10
-0.255038803408695
 20
-0.7889717687551823
 10
-0.25375611352143324
 20
-0.7855209914565862
 10
-0.25255849627066596
 20
-0.7820397746819623
 10
-0.2514466730561935
 20
-0.7785302153861124
 10
-0.2504213135987641
 20
-0.7749944275963259
 10
-0.2494830355365707
 20
-0.7714345411389587
 10
-0.24863240405326792
 20
-0.7678527003564923
 10
-0.24786993153739445
 20
-0.7642510628158874
 10
-0.24719607727394077
 20
-0.760631798008923
 10
-0.24661124716749327
 20
-0.7569970860453878
 10
-0.24611579349780754
 20
-0.7533491163398409
 10
-0.24571001470769716
 20
-0.7496900862928513
 10
-0.24539415522312424
 20
-0.7460221999672783
 10
-0.24516840530600348
 20
-0.7423476667606934
 10
-0.24503290093966257
 20
-0.7386687000745127
 10
-0.24498772374687405
 20
-0.7349875159806984
 10
-0.24498772399238078
 20
1.0650122837735836
 10
-0.24503290117644383
 20
1.068693467471121
 10
-0.24516840551461883
 20
1.0723724337617142
 10
-0.24539415538416165
 20
1.0760469665741113
 10
-0.24571001480180144
 20
1.079714852507621
 10
-0.24611579350570878
 20
1.0833738821653895
 10
-0.2466112470700068
 20
1.0870218514852397
 10
-0.2471960770520809
 20
1.0906565630673413
 10
-0.24786993117223233
 20
1.0942758274978175
 10
-0.24863240352610205
 20
1.097877464667576
 10
-0.24948303482887013
 20
1.1014593050855268
 10
-0.25042131269225365
 20
1.1050191911854057
 10
-0.2514466719327686
 20
1.1085549786253992
 10
-0.2525584949125914
 20
1.112064537579819
 10
-0.25375611191117287
 20
1.115545754022044
 10
-0.25503880152905367
 20
1.1189965309979186
 10
-0.2564057911220914
 20
1.1224147898888575
 10
-0.25785625726706485
 20
1.1257984716639768
 10
-0.25938932625757616
 20
1.1291455381203335
 10
-0.2610040746303923
 20
1.1324539731106924
 10
-0.26269952972171495
 20
1.135721783757944
 10
-0.2644746702529801
 20
1.1389470016555734
 10
-0.2663284269461599
 20
1.1421276840533423
 10
-0.26825968316776994
 20
1.1452619150275183
 10
-0.2702672756015261
 20
1.1483478066349662
 10
-0.2723499949490815
 20
1.1513835000503718
 10
-0.27450658665841843
 20
1.1543671666859225
 10
-0.27673575167966646
 20
1.1572970092927974
 10
-0.2790361472474103
 20
1.1601712630437433
 10
-0.2814063876897137
 20
1.162988196596146
 10
-0.28384504526266596
 20
1.1657461131349294
 10
-0.286350651010423
 20
1.1684433513946644
 10
-0.28892169565011727
 20
1.1710782866602187
 10
-0.29155663048092606
 20
1.173649331745466
 10
-0.2942538683169573
 20
1.1761549379493133
 10
-0.2970117844433844
 20
1.1785935959886018
 10
-0.2998287175950054
 20
1.1809638369072317
 10
-0.30270297095697174
 20
1.1832642329610081
 10
-0.3056328131868895
 20
1.1854933984776679
 10
-0.3086164794577826
 20
1.187649990691547
 10
-0.31165217252100774
 20
1.1897327105524127
 10
-0.3147380637889796
 20
1.1917403035079701
 10
-0.31787229443659726
 20
1.1936715602595527
 10
-0.32105297652088893
 20
1.1955253174905636
 10
-0.32427819411836367
 20
1.1973004585671987
 10
-0.3275460044789327
 20
1.198995914211089
 10
-0.33085443919623003
 20
1.2006106631433582
 10
-0.33420150539336646
 20
1.2021437326998452
 10
-0.3375851869232065
 20
1.203594199416976
 10
-0.34100344558299867
 20
1.204961189588019
 10
-0.3444542223419944
 20
1.2062438797893975
 10
-0.3479354385816862
 20
1.2074414973766565
 10
-0.35144499734812484
 20
1.2085533209498962
 10
-0.3549807846147246
 20
1.2095786807883186
 10
-0.3585406705559535
 20
1.2105169592536313
 10
-0.3621225108300621
 20
1.2113675911620945
 10
-0.36572414787087837
 20
1.2121300641249633
 10
-0.36934341218741906
 20
1.2128039188571336
 10
-0.37297812367063443
 20
1.2133887494537916
 10
-0.37662609290671867
 20
1.2138842036349473
 10
-0.3802851224958488
 20
1.214289982957574
 10
-0.38395300837595414
 20
1.2146058429954465
 10
-0.38762754115018083
 20
1.2148315934863234
 10
-0.3913065074178519
 20
1.2149670984465857
 10
-0.3949876911077581
 20
1.2150122762531268
 10
-0.8949873925040208
 20
1.2150123608684638
 10
-0.8949869508469703
 20
1.4150124912647968
 10
-0.4286836258436324
 20
1.4150124913010345
 10
-0.4250023968384653
 20
1.4150576695971324
 10
-0.421323385322097
 20
1.4151931772704884
 10
-0.4176488074476197
 20
1.4154189326943438
 10
-0.4139808766973374
 20
1.4157347998787557
 10
-0.4103218025495039
 20
1.4161405885525085
 10
-0.4066737891473906
 20
1.4166360542777028
 10
-0.4030390339714245
 20
1.4172208985970371
 10
-0.39941972651567426
 20
1.4178947692135608
 10
-0.3041327557211275
 20
1.4368487634998814
 10
-0.3005312050728719
 20
1.437611225543776
 10
-0.2969494504051795
 20
1.43846184234404
 10
-0.29338964913097243
 20
1.439400101545175
 10
-0.28985394543985876
 20
1.4404254380017036
 10
-0.28634446900667854
 20
1.4415372341185204
 10
-0.2828633337086899
 20
1.4427348202229453
 10
-0.27941263635230484
 20
1.4440174749680494
 10
-0.27599445541017076
 20
1.445384425767159
 10
-0.2726108497691371
 20
1.4468348492592398
 10
-0.2692638574901878
 20
1.448367871804784
 10
-0.2659554945808793
 20
1.449982570012061
 10
-0.26268775378088094
 20
1.4516779712933214
 10
-0.2594626033618681
 20
1.4534530544505841
 10
-0.25628198594188234
 20
1.4553067502907808
 10
-0.25314781731512426
 20
1.4572379422697281
 10
-0.2500619852982311
 20
1.4592454671646848
 10
-0.16928001005666715
 20
1.513221450679552
 10
-0.16624419633254206
 20
1.5153042239587862
 10
-0.16326041261322644
 20
1.5174608751166119
 10
-0.16033045634472387
 20
1.5196901049757372
 10
-0.15745609254710757
 20
1.521990570637115
 10
-0.15463905275129264
 20
1.524360886288889
 10
-0.1518810339559593
 20
1.5267996240412458
 10
-0.14918369760519568
 20
1.5293053147865407
 10
-0.14654866858771243
 20
1.5318764490843222
 10
-0.04380440991985779
 20
1.6346207065060199
 10
-0.03608256954953504
 20
1.6405461568765176
 10
0.15906112153484742
 20
1.790282935762285
 10
0.3804773401372188
 20
1.9181161649886391
 10
0.4520655110047471
 20
1.9477698238959178
 10
0.6167014557125015
 20
2.015964091738695
 10
0.8636763244059296
 20
2.0821399616810297
 10
1.117169753111824
 20
2.1155124912195333
 10
1.3728548993470042
 20
2.1155124903457008
 10
1.6263521538373027
 20
2.082139015826762
 10
1.767649760866135
 20
2.0442785584345913
 10
1.8733252920854113
 20
2.0159630462628186
 10
2.1095553139393814
 20
1.9181121478170198
 10
2.3309771004090862
 20
1.7902734496368566
 10
2.533826501163844
 20
1.6346223839668852
 10
2.714622100302819
 20
1.4538267835920706
 10
2.8702780923272257
 20
1.2509686532703839
 10
2.9511490241237937
 20
1.1108958177084816
 10
2.9981160160151887
 20
1.029547497820566
 10
3.0181934971805617
 20
0.9810760453893721
 10
3.0196439150196284
 20
0.9776924646851342
 10
3.021176930740779
 20
0.9743454969397405
 10
3.0227916209689454
 20
0.9710371581183708
 10
3.024487013134518
 20
0.9677694409190281
 10
3.0262620860589493
 20
0.9645443135722473
 10
3.0281157705699115
 20
0.9613637186556048
 10
3.0300469501453335
 20
0.9582295719236456
 10
3.032054461585801
 20
0.9551437611539555
 10
3.0860304506792318
 20
0.8743617775632302
 10
3.088113224025278
 20
0.8713259637442832
 10
3.0902698752545064
 20
0.8683421799334567
 10
3.0924991051895176
 20
0.8654122235769393
 10
3.0947995709311726
 20
0.8625378596949886
 10
3.097169886667416
 20
0.8597208198186763
 10
3.0996086245083347
 20
0.8569628009468175
 10
3.1021143153461423
 20
0.8542654645236638
 10
3.1046854497402023
 20
0.8516304354380679
 10
4.113810271891367
 20
-0.15749438646739122
 10
4.113851615944952
 20
-0.15753473099555038
 10
4.287660201922449
 20
-0.33134427957241996
 10
4.431335276285608
 20
-0.5185866577764315
 10
4.549349814705806
 20
-0.7229940505519608
 10
4.622571751649701
 20
-0.8997685690765991
 10
4.63966924194014
 20
-0.941045158389862
 10
4.700756060615959
 20
-1.1690250165092664
 10
4.731563491240195
 20
-1.4030272776429769
 10
4.731563490324987
 20
-2.099049968457976
 10
4.700756058024751
 20
-2.333052229011237
 10
4.639669145114084
 20
-2.5610324321085542
 10
4.54934789047914
 20
-2.779088021404597
 10
4.431336499440192
 20
-2.983489217368735
 10
4.287655582190467
 20
-3.17073752595757
 10
2.120749141282971
 20
-5.337640998248602
 10
1.9335139931447713
 20
-5.48131172816241
 10
1.729112776998278
 20
-5.599323128847487
 10
1.511057187037494
 20
-5.689644381877244
 10
1.2830769834906164
 20
-5.750731293109702
 10
1.049074722275435
 20
-5.781538723744696
 10
-3.1869482606095687
 20
-5.781538722808008
 10
-3.4209503148210274
 20
-5.750732240769466
 10
-3.609979728721214
 20
-5.700081593891973
 10
-3.6489323704406615
 20
-5.689644536266449
 10
-3.8669856467334967
 20
-5.599323316619085
 10
-3.8853995602831333
 20
-5.588691962120258
 10
-4.071384190644125
 20
-5.481313476278146
 10
-4.075956951767978
 20
-5.477804328773587
 10
-4.151662247134169
 20
-5.419714102133646
 10
-4.258635943078218
 20
-5.337631404124487
 10
-6.5978646457197385
 20
-2.998401704513718
 10
-6.60049971573477
 20
-2.9958305300690995
 10
-6.603197095014636
 20
-2.9933248012271534
 10
-6.605955158594114
 20
-2.990886027498334
 10
-6.60877224495033
 20
-2.988515678057759
 10
-6.611646657003675
 20
-2.9862151808601
 10
-6.614576663140184
 20
-2.9839859217794142
 10
-6.6175604982547185
 20
-2.9818292437742215
 10
-6.620596364814261
 20
-2.9797464460784653
 10
-6.701377340122647
 20
-2.925771462689511
 10
-6.7044631712549005
 20
-2.923763950734795
 10
-6.707597338579276
 20
-2.921832771507532
 10
-6.7107779542880195
 20
-2.9199790882178505
 10
-6.714003102595981
 20
-2.918204017397649
 10
-6.717270840894656
 20
-2.916508628228037
 10
-6.720579200922245
 20
-2.9148939418953717
 10
-6.723926189949196
 20
-2.9133609309761326
 10
-6.727309791978513
 20
-2.91191051885113
 10
-6.730727968959982
 20
-2.910543579149312
 10
-6.734178662017868
 20
-2.9092609352215746
 10
-6.73765979269092
 20
-2.908063359644771
 10
-6.741169264184407
 20
-2.9069515737564444
 10
-6.744704962632994
 20
-2.905926247220286
 10
-6.74826475837402
 20
-2.90498799762279
 10
-6.751846507230297
 20
-2.904137390101276
 10
-6.755448051801551
 20
-2.9033749370034627
 10
-6.8507360226379035
 20
-2.8844209428533247
 10
-6.854355294282314
 20
-2.883747085958703
 10
-6.85799001317389
 20
-2.883162253564244
 10
-6.861637989885338
 20
-2.8826667979524885
 10
-6.86529702700328
 20
-2.8822610175685455
 10
-6.868964920451944
 20
-2.8819451568402954
 10
-6.872639460820835
 20
-2.8817194060311735
 10
-6.876318434695577
 20
-2.881583901125566
 10
-6.879999625991189
 20
-2.8815387237468713
 10
-6.987832429550494
 20
-2.881538723494984
 10
-7.062993138103266
 20
-2.8763211156947577
 10
-7.254210776312533
 20
-2.831346858279389
 10
-7.3277285485938535
 20
-2.798885616804064
 10
-7.432304240058372
 20
-2.7527109682856903
 10
-7.592920073590022
 20
-2.6426862764102452
 10
-7.730584287757864
 20
-2.5050220599246344
 10
-7.840609124128804
 20
-2.3444060096560477
 10
-7.85942777603843
 20
-2.3017861879632946
 10
-7.919246241115175
 20
-2.166310840117788
 10
-7.964221163510459
 20
-1.9750861876724173
 10
-7.969436723746625
 20
-1.8999348138212397
 10
-7.969436723663151
 20
-0.062143054068066306
  0
LWPOLYLINE
  5
33
330
17
100
AcDbEntity
  8
0
100
AcDbPolyline
 90
76
 70
0
 10
-2.1949875416315194
 20
-0.8849875087468675
 10
-1.69498783998975
 20
-0.8849875933622044
 10
-1.6949882816463457
 20
-1.0849875086517855
 10
-2.2347800367676314
 20
-1.0849867346069004
 10
-2.267598139613739
 20
-1.081458283774687
 10
-2.309196711111838
 20
-1.0659426378200436
 10
-2.5259436416610015
 20
-0.8491956956801019
 10
-2.5414599817349313
 20
-0.8075929299626168
 10
-2.544987711025584
 20
-0.7747796984308337
 10
-2.5449868569415344
 20
-0.2349875417468823
 10
-2.3449875087468968
 20
-0.234987585746822
 10
-2.3449875087468968
 20
-0.7349875162468678
 10
-2.344942331563317
 20
-0.738668699944732
 10
-2.344806827225625
 20
-0.7423476662356592
 10
-2.3445810773565654
 20
-0.7460221990484044
 10
-2.344265217939352
 20
-0.7496900849822765
 10
-2.343859439235871
 20
-0.7533491146404074
 10
-2.343363985671971
 20
-0.7569970839606412
 10
-2.342779155690323
 20
-0.7606317955431336
 10
-2.342105301570541
 20
-0.7642510599740007
 10
-2.341342829217041
 20
-0.7678526971441642
 10
-2.3404921979145854
 20
-0.7714345375625271
 10
-2.339553920051543
 20
-0.7749944236628181
 10
-2.338528560811312
 20
-0.7785302111032308
 10
-2.337416737831802
 20
-0.7820397700580841
 10
-2.3362191208334764
 20
-0.7855209865007424
 10
-2.3349364312158514
 20
-0.7889717634770435
 10
-2.3335694416230695
 20
-0.7923900223684228
 10
-2.3321189754783234
 20
-0.7957737041439827
 10
-2.3305859064879826
 20
-0.7991207706007799
 10
-2.328971158115337
 20
-0.8024292055915794
 10
-2.327275703024185
 20
-0.8056970162392787
 10
-2.325500562493062
 20
-0.8089222341373556
 10
-2.323646805800024
 20
-0.8121029165355722
 10
-2.3217155495785278
 20
-0.8152371475101887
 10
-2.319707957144857
 20
-0.8183230391180771
 10
-2.3176252377973867
 20
-0.8213587325339162
 10
-2.3154686460880782
 20
-0.8243423991699075
 10
-2.313239481066887
 20
-0.8272722417772158
 10
-2.310939085499143
 20
-0.830146495528588
 10
-2.308568845056868
 20
-0.8329634290814099
 10
-2.306130187483916
 20
-0.8357213456206196
 10
-2.3036245817361305
 20
-0.8384185838807667
 10
-2.301053537096408
 20
-0.8410535191467261
 10
-2.298418602265542
 20
-0.8436245642323783
 10
-2.2957213644294256
 20
-0.8461301704366164
 10
-2.2929634483029133
 20
-0.8485688284762887
 10
-2.290146515151207
 20
-0.8509390693952952
 10
-2.287272261789127
 20
-0.8532394654494411
 10
-2.284342419559067
 20
-0.8554686309664561
 10
-2.281358753288032
 20
-0.8576252231806833
 10
-2.2783230602246363
 20
-0.8597079430418901
 10
-2.2752371689565223
 20
-0.8617155359977744
 10
-2.2721029383087057
 20
-0.8636467927496838
 10
-2.268922256224215
 20
-0.8655005499810002
 10
-2.2656970386265414
 20
-0.8672756910579267
 10
-2.2624292282657734
 20
-0.8689711467020942
 10
-2.2591207935482487
 20
-0.8705858956346333
 10
-2.255773727350885
 20
-0.8721189651913832
 10
-2.252390045820789
 20
-0.8735694319087557
 10
-2.248971787160741
 20
-0.8749364220800331
 10
-2.245521010401518
 20
-0.8762191122816319
 10
-2.2420397941615136
 20
-0.8774167298690898
 10
-2.238530235394819
 20
-0.8785285534425213
 10
-2.234994448127935
 20
-0.8795539132811214
 10
-2.231434562186422
 20
-0.8804921917465975
 10
-2.227852721912029
 20
-0.8813428236552028
 10
-2.2242510848709003
 20
-0.8821052966182066
 10
-2.2206318205540754
 20
-0.8827791513504906
 10
-2.2169971090705474
 20
-0.8833639819472552
 10
-2.2133491398341505
 20
-0.883859436128489
 10
-2.2096901102446793
 20
-0.8842652154511867
 10
-2.2060222243642613
 20
-0.8845810754891161
 10
-2.202347691589722
 20
-0.8848068259800357
 10
-2.1986687253217383
 20
-0.8849423309403193
 10
-2.1949875416315194
 20
-0.8849875087468675
  0
LWPOLYLINE
  5
34
330
17
100
AcDbEntity
  8
0
100
AcDbPolyline
 90
46
 70
0
 10
-6.5863883703398045
 20
2.6420981318018306
 10
-6.5295729741952755
 20
2.671046885583337
 10
-6.349935329648417
 20
2.7294140965472096
 10
-6.163387893507377
 20
2.7589614911778924
 10
-5.974486323689916
 20
2.758961489973977
 10
-5.787939138375435
 20
2.7294141326343606
 10
-5.608291783149298
 20
2.671043096614909
 10
-5.551485767226154
 20
2.6420988099423894
 10
-5.7041493078703525
 20
2.489436036856503
 10
-5.7716611944406395
 20
2.513592176106137
 10
-5.775142411215938
 20
2.514789793356755
 10
-5.77865197051247
 20
2.5159016165710355
 10
-5.782187758302911
 20
2.5169269760282376
 10
-5.78574764476096
 20
2.517865254090161
 10
-5.866662837187505
 20
2.538133454649561
 10
-5.8702446779705895
 20
2.5389840861325936
 10
-5.873846315511827
 20
2.539746558648133
 10
-5.877465580319409
 20
2.5404204129112458
 10
-5.881100292283577
 20
2.541005243017331
 10
-5.963612487000347
 20
2.5532447708802906
 10
-5.967260456706526
 20
2.553740224549557
 10
-5.9709194867541555
 20
2.554146003339234
 10
-5.97458737308034
 20
2.5544618628233593
 10
-5.978261906287514
 20
2.55468761273999
 10
-6.061576465754143
 20
2.5587805945624282
 10
-6.065255432440921
 20
2.5589160989282433
 10
-6.0689366165352965
 20
2.558961276120492
 10
-6.072617800629672
 20
2.558916098926119
 10
-6.076296767316364
 20
2.558780594558179
 10
-6.159611326780549
 20
2.5546876126876867
 10
-6.16328585998761
 20
2.554461862768939
 10
-6.166953746313595
 20
2.5541460032827032
 10
-6.170612776360969
 20
2.553740224490909
 10
-6.174260746066864
 20
2.553244770819539
 10
-6.256772940776841
 20
2.5410052429089447
 10
-6.260407652740668
 20
2.5404204128007635
 10
-6.264026917547881
 20
2.5397465585355548
 10
-6.267628555088692
 20
2.5389840860179334
 10
-6.2712103958713215
 20
2.53813345453284
 10
-6.352125588285816
 20
2.5178652539268356
 10
-6.355685474743268
 20
2.5169269758628587
 10
-6.3592212625331115
 20
2.5159016164036245
 10
-6.362730821828961
 20
2.514789793187333
 10
-6.36621203860355
 20
2.5135921759347113
 10
-6.433725711455622
 20
2.489435397499335
 10
-6.5863883703398045
 20
2.6420981318018306
  0
LWPOLYLINE
  5
35
330
17
100
AcDbEntity
  8
0
100
AcDbPolyline
 90
582
 70
0
 10
-6.918936528855596
 20
-2.0810385037468677
 10
-6.383680700408718
 20
-2.0810385307424255
 10
-3.7763086172204794
 20
-4.688410613922414
 10
-3.7719170582982144
 20
-4.692695689177434
 10
-3.767421661019654
 20
-4.6968716995960875
 10
-3.7128592624031
 20
-4.746324175084595
 10
-3.7082627346583195
 20
-4.750388605167728
 10
-3.703567845194243
 20
-4.75433900668272
 10
-3.698777422036784
 20
-4.7581730000554
 10
-3.6938943507577164
 20
-4.761888275831538
 10
-3.634747496847069
 20
-4.805754572314704
 10
-3.629774718825871
 20
-4.809348892551107
 10
-3.6247152294781415
 20
-4.812820092163648
 10
-3.6195720764510497
 20
-4.8161660802314685
 10
-3.6143483577876907
 20
-4.819384841256472
 10
-3.5511866632073747
 20
-4.857242504052117
 10
-3.5458855254805712
 20
-4.860332099173014
 10
-3.54051016189743
 20
-4.863290667333239
 10
-3.5350638103759877
 20
-4.866116426401952
 10
-3.529549751594743
 20
-4.868807674247563
 10
-3.4629814979906826
 20
-4.900292113368273
 10
-3.457403053412463
 20
-4.902847228883715
 10
-3.451763583283679
 20
-4.905264672962929
 10
-3.4460664846102986
 20
-4.907542989428009
 10
-3.4403151891114874
 20
-4.909680805906305
 10
-3.370981465155893
 20
-4.934488808992128
 10
-3.3651794371969856
 20
-4.936484837742952
 10
-3.3593301717026804
 20
-4.938337876433188
 10
-3.3534371920518424
 20
-4.940046808861638
 10
-3.3475040479550557
 20
-4.941610605631297
 10
-3.2760725753112467
 20
-4.959503258051008
 10
-3.270102840672706
 20
-4.960920977189154
 10
-3.2641001114372727
 20
-4.962191764714824
 10
-3.258068003424569
 20
-4.963314855153122
 10
-3.2520101501509373
 20
-4.9642895719963605
 10
-3.1791688529493456
 20
-4.975094557726024
 10
-3.1730889034542145
 20
-4.97592031383936
 10
-3.166990520056771
 20
-4.976596611820803
 10
-3.160877376195117
 20
-4.977123044293727
 10
-3.154753154198488
 20
-4.97749929415491
 10
-3.081203531617547
 20
-4.981112555408018
 10
-3.075071920483026
 20
-4.981338396018735
 10
-3.0689366136690808
 20
-4.981413691340663
 10
0.9310633814211826
 20
-4.9814136913346445
 10
0.9371986882857755
 20
-4.981338396011459
 10
0.9433302994708868
 20
-4.98111255539699
 10
1.0168799222946063
 20
-4.977499294101847
 10
1.0230041443063556
 20
-4.9771230442370396
 10
1.029117288182988
 20
-4.976596611759739
 10
1.0352156715952958
 20
-4.975920313773187
 10
1.0412956211050641
 20
-4.975094557654003
 10
1.114136918299863
 20
-4.964289571876705
 10
1.1201947715728693
 20
-4.963314855029502
 10
1.1262268795848343
 20
-4.96219176458726
 10
1.1322296088194719
 20
-4.960920977057668
 10
1.138199343457103
 20
-4.959503257915607
 10
1.2096308160888611
 20
-4.941610605449291
 10
1.2155639601845962
 20
-4.940046808675774
 10
1.221456939834269
 20
-4.938337876243487
 10
1.2273062053273236
 20
-4.936484837549436
 10
1.233108233284895
 20
-4.934488808794839
 10
1.3024419572241754
 20
-4.909680805663783
 10
1.3081932527216225
 20
-4.907542989181721
 10
1.3138903513935531
 20
-4.90526467271291
 10
1.3195298215207742
 20
-4.9028472286299944
 10
1.3251082660973452
 20
-4.900292113110908
 10
1.3916765196810275
 20
-4.868807673946613
 10
1.3971905784605099
 20
-4.866116426097392
 10
1.4026369299801047
 20
-4.863290667025119
 10
1.4080122935613133
 20
-4.8603320988613845
 10
1.4133134312860989
 20
-4.857242503737034
 10
1.4764751258420006
 20
-4.819384840899929
 10
1.4816988445032564
 20
-4.816166079871493
 10
1.4868419975281597
 20
-4.812820091800305
 10
1.491901486873644
 20
-4.809348892184445
 10
1.4968742648925115
 20
-4.805754571944782
 10
1.5560211187743107
 20
-4.7618882754230825
 10
1.5609041900389116
 20
-4.758172999653176
 10
1.5656946131822451
 20
-4.754339006287367
 10
1.5703895026326222
 20
-4.750388604779879
 10
1.5749860303641583
 20
-4.74632417470486
 10
1.6295484287790316
 20
-4.696871699358518
 10
1.634043826019223
 20
-4.692695688972947
 10
1.6384353849047955
 20
-4.688410613752815
 10
3.638435381429275
 20
-2.6884106172198017
 10
3.6427204566842306
 20
-2.684019058297622
 10
3.646896467102806
 20
-2.6795236610191395
 10
3.6963489425909586
 20
-2.624961262403019
 10
3.7004133726741486
 20
-2.6203647346581747
 10
3.7043637741891757
 20
-2.61566984519407
 10
3.7081977675618987
 20
-2.610879422036554
 10
3.7119130433380576
 20
-2.6059963507574153
 10
3.7557793398211174
 20
-2.546849496846825
 10
3.7593736600574914
 20
-2.5418767188256624
 10
3.7628448596700252
 20
-2.536817229477954
 10
3.7661908477378176
 20
-2.531674076450912
 10
3.7694096087627997
 20
-2.5264503577875956
 10
3.80726727155826
 20
-2.463288663207578
 10
3.810356866679143
 20
-2.4579875254807746
 10
3.813315434839353
 20
-2.4526121618976404
 10
3.8161411939080665
 20
-2.447165810376198
 10
3.818832441753699
 20
-2.4416517515949607
 10
3.850316880874743
 20
-2.3750834979901967
 10
3.8528719963902063
 20
-2.369505053411899
 10
3.8552894404694484
 20
-2.3638655832830437
 10
3.8575677569345714
 20
-2.358168484609571
 10
3.8597055734128674
 20
-2.3524171891106747
 10
3.884513576498648
 20
-2.283083465154917
 10
3.8865096052494437
 20
-2.277281437196116
 10
3.8883626439396437
 20
-2.271432171701946
 10
3.890071576368058
 20
-2.2655391920512216
 10
3.8916353731376887
 20
-2.2596060479545415
 10
3.9095280255571936
 20
-2.1881745753117485
 10
3.91094574469534
 20
-2.182204840673151
 10
3.912216532221038
 20
-2.176202111437668
 10
3.913339622659322
 20
-2.1701700034249356
 10
3.914314339502596
 20
-2.1641121501512544
 10
3.925119325232288
 20
-2.0912708529493926
 10
3.925945081345617
 20
-2.0851909034542686
 10
3.9266213793270595
 20
-2.0790925200568253
 10
3.9271478117999834
 20
-2.072979376195164
 10
3.9275240616611597
 20
-2.0668551541985423
 10
3.9311373229142816
 20
-1.9933055316171604
 10
3.9313631635250204
 20
-1.9871739204811902
 10
3.9314384588469125
 20
-1.9810386136658167
 10
3.931438458840887
 20
-1.5210386185757088
 10
3.931363163517659
 20
-1.51490331171253
 10
3.9311373229032256
 20
-1.5087717005288468
 10
3.927524061608068
 20
-1.4352220777052764
 10
3.927147811743282
 20
-1.429097855693584
 10
3.926621379265981
 20
-1.422984711816973
 10
3.9259450812794228
 20
-1.4168863284047362
 10
3.925119325160267
 20
-1.4108063788949963
 10
3.914314339383054
 20
-1.337965081700517
 10
3.9133396225358297
 20
-1.3319072284274398
 10
3.912216532093595
 20
-1.3258751204154038
 10
3.910945744563975
 20
-1.3198723911807235
 10
3.9095280254219062
 20
-1.3139026565430214
 10
3.8916353729553634
 20
-1.2424711839105242
 10
3.890071576181839
 20
-1.2365380398148176
 10
3.8883626437495593
 20
-1.230645060165159
 10
3.8865096050555223
 20
-1.224795794672147
 10
3.884513576300918
 20
-1.218993766714597
 10
3.85970557316989
 20
-1.1496600427754373
 10
3.857567756687814
 20
-1.143908747277976
 10
3.8552894402189963
 20
-1.138211648606017
 10
3.8528719961360594
 20
-1.1325721784787675
 10
3.8503168806169583
 20
-1.1269937339021752
 10
3.818832441452713
 20
-1.060425480318706
 10
3.816141193603528
 20
-1.054911421539245
 10
3.813315434531262
 20
-1.0494650700196857
 10
3.8103568663675276
 20
-1.0440897064385126
 10
3.807267271243205
 20
-1.0387885687137555
 10
3.769409608406164
 20
-0.9756268741579674
 10
3.7661908473777146
 20
-0.9704031554967116
 10
3.76284485930654
 20
-0.9652600024718012
 10
3.759373659690681
 20
-0.960200513126324
 10
3.75577933945101
 20
-0.9552277351074636
 10
3.711913042929268
 20
-0.8960808812256076
 10
3.708197767159362
 20
-0.8911978099610067
 10
3.7043637737935455
 20
-0.8864073868176376
 10
3.70041337228605
 20
-0.8817124973672534
 10
3.696348942211017
 20
-0.8771159696357032
 10
3.646896466864348
 20
-0.8225535712204959
 10
3.642720457193491
 20
-0.8180581747310072
 10
3.6384353827245093
 20
-0.8136666165605959
 10
2.352446333239641
 20
0.47232245424543606
 10
2.3487663911757295
 20
0.4870136064580777
 10
2.3472025944026598
 20
0.4929467505530667
 10
2.3454936619708917
 20
0.49883973020202177
 10
2.3436406232773663
 20
0.5046889956943446
 10
2.341644594523359
 20
0.5104910236512339
 10
2.3118898749123957
 20
0.5936498939903885
 10
2.3097520584306324
 20
0.5994011894879492
 10
2.307473741962127
 20
0.605098288160022
 10
2.305056297879503
 20
0.6107377582873852
 10
2.3025011823607144
 20
0.6163162028641054
 10
2.2647387451937107
 20
0.696158167985466
 10
2.2620474973448097
 20
0.7016722267650835
 10
2.259221738272828
 20
0.7071185782848133
 10
2.2562631701094062
 20
0.7124939418661569
 10
2.2531735749853397
 20
0.7177950795910846
 10
2.207767093175363
 20
0.7935512177244135
 10
2.204548332147226
 20
0.798774936385847
 10
2.2012023440763073
 20
0.803918089410935
 10
2.1977311444607324
 20
0.8089775787565969
 10
2.1941368242213457
 20
0.8139503567756492
 10
2.1415235870098
 20
0.8848910948982223
 10
2.137808311230742
 20
0.8897741661750729
 10
2.1339743178552055
 20
0.8945645893302228
 10
2.1300239163374215
 20
0.8992594787919046
 10
2.1259594862515314
 20
0.9038560065342551
 10
2.066646187874511
 20
0.9692981465574562
 10
2.0624701774812024
 20
0.9737935438040779
 10
2.058185102252992
 20
0.9781851026957256
 10
2.053793543359035
 20
0.9824701779215204
 10
2.049298146110118
 20
0.9866461883123847
 10
1.9838560060541965
 20
1.0459594866541408
 10
1.979259478309615
 20
1.050023916737544
 10
1.974564588845766
 20
1.0539743182527985
 10
1.9697741656885057
 20
1.0578083116257488
 10
1.9648910944096087
 20
1.0615235874021565
 10
1.8939503562582445
 20
1.1141368245751124
 10
1.8889775782372453
 20
1.1177311448117848
 10
1.8839180888897147
 20
1.1212023444245958
 10
1.8787749358628218
 20
1.1245483324926937
 10
1.8735512171996334
 20
1.1277670935179742
 10
1.7977950790417765
 20
1.1731735752865546
 10
1.7924939413151435
 20
1.1762631704077364
 10
1.7871185777321728
 20
1.1792217385682449
 10
1.781672226210901
 20
1.1820474976372566
 10
1.7761581674297986
 20
1.1847387454831733
 10
1.6963162022878464
 20
1.2225011826066563
 10
1.6907377577097407
 20
1.2250562981223965
 10
1.6850982875810985
 20
1.22747374220193
 10
1.6794011889078035
 20
1.229752058667323
 10
1.673649893409106
 20
1.2318898751459315
 10
1.5904910230535165
 20
1.261644594711683
 10
1.584688995094723
 20
1.2636406234628197
 10
1.5788397296005314
 20
1.265493662153375
 10
1.5729467499497787
 20
1.2672025945821446
 10
1.5670136058530773
 20
1.2687663913521163
 10
1.48133869566459
 20
1.2902268391450633
 10
1.4753689610261347
 20
1.2916445582835436
 10
1.469366231790758
 20
1.2929153458095328
 10
1.4633341237781394
 20
1.294038436248158
 10
1.4572762705045648
 20
1.2950131530917304
 10
1.3699104167034761
 20
1.3079726532681448
 10
1.3638304671931962
 20
1.3087984093836837
 10
1.3577320837804905
 20
1.309474707366583
 10
1.351618939903517
 20
1.3100011398402245
 10
1.3454947178915404
 20
1.3103773897013582
 10
1.2572793014084311
 20
1.31471113519018
 10
1.2511476902638492
 20
1.3149369757999807
 10
1.245012383439871
 20
1.3150122711204872
 10
1.2388770766159496
 20
1.314936975796634
 10
1.2327454654714813
 20
1.3147111351835008
 10
1.1445300489908163
 20
1.310377389646625
 10
1.1384058269790387
 20
1.3100011397821518
 10
1.1322926831023494
 20
1.3094747073051778
 10
1.1261942996900132
 20
1.3087984093189604
 10
1.120114350180188
 20
1.3079726532001033
 10
1.0327484963858922
 20
1.295013152976054
 10
1.026690643112829
 20
1.2940384361291848
 10
1.0206585351008073
 20
1.2929153456872697
 10
1.0146558058661128
 20
1.2916445581579978
 10
1.0086860712283965
 20
1.2902268390162703
 10
0.92301116105196
 20
1.2687663911767189
 10
0.9170780169561397
 20
1.2672025944035141
 10
0.9111850373063817
 20
1.2654936619715542
 10
0.9053357718132418
 20
1.2636406232778228
 10
0.8995337438555566
 20
1.2616445945235384
 10
0.8163748735162812
 20
1.2318898749125538
 10
0.8106235780187205
 20
1.2297520584308046
 10
0.8049264793466762
 20
1.2274737419622994
 10
0.799287009219313
 20
1.2250562978796964
 10
0.7937085646425999
 20
1.2225011823609009
 10
0.713866599521026
 20
1.1847387451938332
 10
0.7083525407414015
 20
1.182047497344918
 10
0.7029061892216362
 20
1.1792217382729433
 10
0.6975308256402855
 20
1.1762631701095003
 10
0.6922296879153294
 20
1.1731735749854337
 10
0.6164735497818867
 20
1.1277670931753931
 10
0.6112498311204604
 20
1.1245483321472491
 10
0.6061066780953581
 20
1.1212023440763375
 10
0.6010471887497033
 20
1.1177311444607625
 10
0.5960744107306368
 20
1.1141368242213687
 10
0.5251336726081206
 20
1.061523587009873
 10
0.52025060133127
 20
1.0578083112308079
 10
0.515460178176113
 20
1.053974317855257
 10
0.5107652887144241
 20
1.0500239163374587
 10
0.5061687609720593
 20
1.0459594862515686
 10
0.4407266209487659
 20
0.9866461878744488
 10
0.4362312237021513
 20
0.9824701774811473
 10
0.43183966481052494
 20
0.9781851022529722
 10
0.42755458958475856
 20
0.9737935433590081
 10
0.4233785791938942
 20
0.9692981461101269
 10
0.36406528085200307
 20
0.9038560060540775
 10
0.3600008507685857
 20
0.8992594783094674
 10
0.35605044925330276
 20
0.89456458884559
 10
0.352216455880324
 20
0.8897741656882943
 10
0.3485011801039093
 20
0.8848910944093618
 10
0.2958879429310457
 20
0.8139503562580614
 10
0.2922936226943875
 20
0.8089775782370836
 10
0.28882242308156947
 20
0.8039180888895601
 10
0.28547643501349285
 20
0.7987749358626814
 10
0.28225767398822654
 20
0.7935512171995285
 10
0.23685119221983086
 20
0.71779507904197
 10
0.23376159709863487
 20
0.71249394131533
 10
0.23080302893814064
 20
0.7071185777323521
 10
0.2279772698691147
 20
0.7016722262110591
 10
0.22528602202319803
 20
0.6961581674299566
 10
0.18752358489939525
 20
0.6163162022872939
 10
0.18496846938364797
 20
0.6107377577091526
 10
0.18255102530409317
 20
0.6050982875804465
 10
0.18027270883868596
 20
0.599401188907116
 10
0.17813489236004898
 20
0.5936498934083616
 10
0.14838017279433302
 20
0.5104910230526087
 10
0.14638414404325317
 20
0.5046889950939004
 10
0.14453110535271207
 20
0.4988397295998155
 10
0.14282217292398514
 20
0.4929467499491764
 10
0.1412583761540418
 20
0.48701360585256737
 10
0.11979792836129377
 20
0.4013386956651104
 10
0.11838020922277792
 20
0.39536896102659114
 10
0.11710942169679583
 20
0.389366231791179
 10
0.11598633125814217
 20
0.3833341237784964
 10
0.11501161441458407
 20
0.3772762705048649
 10
0.1020521142381483
 20
0.28991041670347784
 10
0.10122635812260228
 20
0.28383046719322635
 10
0.10055006013971024
 20
0.27773208378055614
 10
0.10002362766607575
 20
0.271618939903604
 10
0.09964737780492783
 20
0.2654947178916629
 10
0.0953136323160777
 20
0.17727930140835468
 10
0.0950877917062769
 20
0.1711476902637159
 10
0.09501249638577747
 20
0.16501238343970215
 10
0.09508779170963066
 20
0.15887707661573103
 10
0.0953136323227568
 20
0.15274546547121304
 10
0.09964737785966804
 20
0.06453004899065462
 10
0.1000236277241413
 20
0.05840582697894803
 10
0.10055006020110113
 20
0.05229268310232271
 10
0.10122635818731851
 20
0.046194299690057505
 10
0.10205211430616146
 20
0.04011435018028209
 10
0.11501161453011832
 20
-0.047251503613722434
 10
0.11598633137700176
 20
-0.05330935688684946
 10
0.11710942181892392
 20
-0.05934146489894232
 10
0.11838020934820292
 20
-0.06534419413370074
 10
0.11979792848995885
 20
-0.07131392877147391
 10
0.1412583763297448
 20
-0.15698883894863513
 10
0.14282217310295664
 20
-0.16292198304443417
 10
0.14453110553492365
 20
-0.16881496269418506
 10
0.14638414422864798
 20
-0.17466422818730365
 10
0.14838017298291106
 20
-0.18046625614496747
 10
0.17813489259387438
 20
-0.26362512648412206
 10
0.18027270907563775
 20
-0.26937642198168277
 10
0.18255102554414293
 20
-0.27507352065374846
 10
0.18496846962676727
 20
-0.28071299078111167
 10
0.18752358514555567
 20
-0.28629143535783186
 10
0.22528602231255945
 20
-0.3661334004791996
 10
0.2279772701614604
 20
-0.37164745925881704
 10
0.2308030292334422
 20
-0.37709381077854687
 10
0.23376159739686386
 20
-0.3824691743598976
 10
0.23685119252093045
 20
-0.38777031208482526
 10
0.2822576743309071
 20
-0.4635264502181542
 10
0.285476435359044
 20
-0.46875016887958765
 10
0.2888224234299628
 20
-0.4738933219046757
 10
0.29229362304553774
 20
-0.4789528112503376
 10
0.2958879432849244
 20
-0.4839255892693899
 10
0.34850118049646994
 20
-0.554866327391963
 10
0.3522164562755279
 20
-0.5597493986688136
 10
0.3560504496510646
 20
-0.5645398218239635
 10
0.3600008511688486
 20
-0.5692347112856453
 10
0.3640652812547387
 20
-0.5738312390279958
 10
0.42337857963175907
 20
-0.6392733790511969
 10
0.4275545900250677
 20
-0.6437687762978186
 10
0.4318396652532783
 20
-0.6481603351894663
 10
0.43623122414723525
 20
-0.652445410415261
 10
0.44072662139615204
 20
-0.6566214208061254
 10
0.5061687614520736
 20
-0.7159347191478815
 10
0.5107652891966552
 20
-0.7199991492312847
 10
0.5154601786605042
 20
-0.7239495507465392
 10
0.5202506018177644
 20
-0.7277835441194895
 10
0.5251336730966614
 20
-0.7314988198958972
 10
0.5960744112480256
 20
-0.7841120570688531
 10
0.6010471892690248
 20
-0.7877063773055255
 10
0.6061066786165554
 20
-0.7911775769183365
 10
0.6112498316434483
 20
-0.7945235649864344
 10
0.6164735503066368
 20
-0.7977423260117149
 10
0.6922296884644936
 20
-0.8431488077802953
 10
0.6975308261911266
 20
-0.8462384029014771
 10
0.7029061897740974
 20
-0.8491969710619856
 10
0.7083525412953691
 20
-0.8520227301309973
 10
0.7138666000764715
 20
-0.854713977976914
 10
0.7937085652184237
 20
-0.892476415100397
 10
0.7992870097965294
 20
-0.8950315306161372
 10
0.8049264799251716
 20
-0.8974489746956706
 10
0.8106235785984666
 20
-0.8997272911610636
 10
0.8163748740971641
 20
-0.9018651076396722
 10
0.8995337444527536
 20
-0.9316198272054237
 10
0.9053357613820197
 20
-0.9336158523128972
 10
0.9111850156744765
 20
-0.9354688879033404
 10
0.91707798397141
 20
-0.9371778177816381
 10
0.923011116582444
 20
-0.9387416125562211
 10
0.9377023357837402
 20
-0.9424215742929221
 10
1.7463193178857352
 20
-1.7510386780129608
 10
0.5166944178681945
 20
-2.98066354016553
 10
-2.6545677225579425
 20
-2.9806635099223655
 10
-4.968936728786673
 20
-0.6662944608416836
 10
-4.968936728992389
 20
-0.13103871615079044
 10
-4.969012024316896
 20
-0.12490340932779276
 10
-4.969237864930648
 20
-0.11877179818426953
 10
-4.969614114795689
 20
-0.11264757617349375
 10
-4.970140547273189
 20
-0.10653443229780635
 10
-4.97081684525989
 20
-0.10043604888649327
 10
-4.971642601379159
 20
-0.09435609937767708
 10
-4.972617318226412
 20
-0.08829824610561587
 10
-4.973740408668675
 20
-0.08226613809458172
 10
-4.975011196198238
 20
-0.07626340886089622
 10
-4.976428915340193
 20
-0.07029367422419597
 10
-4.977992712113604
 20
-0.06436053012938459
 10
-4.979701644545713
 20
-0.05846755048062846
 10
-4.981554683239551
 20
-0.05261828498850463
 10
-4.983550711993871
 20
-0.04681625703182135
 10
-4.9856885284756345
 20
-0.04106496153527672
 10
-4.987966844944083
 20
-0.03536786286422
 10
-4.9903842890265935
 20
-0.029728392737858655
 10
-4.99293940454524
 20
-0.024149948162126122
 10
-4.995630652393999
 20
-0.01863588938343952
 10
-4.998456411465753
 20
-0.013189537864619183
 10
-5.001414979628947
 20
-0.00781417428417086
 10
-5.00450457475273
 20
-0.0025130365601171434
 10
-5.007723335780497
 20
0.002710682100406814
 10
-5.01106932385099
 20
0.007853835124592479
 10
-5.014540523466138
 20
0.012913324469394638
 10
-5.018134843705042
 20
0.01788610248760847
 10
-5.0218501194836165
 20
0.022769173763698802
 10
-5.025684112858642
 20
0.027559596918116824
 10
-5.029634514375886
 20
0.032254486379095226
 10
-5.033698944461179
 20
0.03685101412076364
 10
-5.037874954853834
 20
0.041346411366696145
 10
-5.042160030081305
 20
0.0457379702576759
 10
-5.046551588974552
 20
0.05002304548284542
 10
-5.051046986222701
 20
0.05419905587311291
 10
-5.0556435139665155
 20
0.058263485955983185
 10
-5.060338403429597
 20
0.0622138874707403
 10
-5.065128826586033
 20
0.06604788084323587
 10
-5.070011897864077
 20
0.06976315661922428
 10
-5.074984675884195
 20
0.07335747685549876
 10
-5.080044165230845
 20
0.07682867646795444
 10
-5.0851873182568
 20
0.08017466453573974
 10
-5.090411036919022
 20
0.08339342556075735
 10
-5.095712174644717
 20
0.08648302068172598
 10
-5.101087538226722
 20
0.08944158884206388
 10
-5.106533889747027
 20
0.0922673479109477
 10
-5.112047948527135
 20
0.09495859575677912
 10
-5.117626393104246
 20
0.09751371127248376
 10
-5.123265863231865
 20
0.09993115535201724
 10
-5.128962961904136
 20
0.10220947181745998
 10
-5.134714257401811
 20
0.10434728829617512
 10
-5.140516285359553
 20
0.10634331704743971
 10
-5.146365550852636
 20
0.10819635573817976
 10
-5.1522585305023085
 20
0.1099052881671696
 10
-5.158191674597958
 20
0.11146908493743268
 10
-5.1641614092353905
 20
0.11288680407624696
 10
-5.170164138469744
 20
0.11415759160263406
 10
-5.176196246481368
 20
0.11528068204169273
 10
-5.182254099753976
 20
0.1162553988857482
 10
-5.188334049263204
 20
0.11708115500180583
 10
-5.194432432674887
 20
0.11775745298528051
 10
-5.200545576550837
 20
0.11828388545953317
 10
-5.206669798561819
 20
0.1186601353213419
 10
-5.212801409705463
 20
0.11888597593185324
 10
-5.218936716528503
 20
0.11896127125312717
 10
-6.918936516282983
 20
0.1189612710075636
 10
-6.925071823106364
 20
0.11888597568451331
 10
-6.931203434250321
 20
0.11866013507219719
 10
-6.937327656261559
 20
0.11828388520857658
 10
-6.943440800137736
 20
0.11775745273249072
 10
-6.949539183549589
 20
0.11708115474717573
 10
-6.95561913305896
 20
0.11625539862925649
 10
-6.961676986331611
 20
0.11528068178333228
 10
-6.967709094343263
 20
0.11415759134239778
 10
-6.973711823577602
 20
0.11288680381412064
 10
-6.979681558214992
 20
0.11146908467340921
 10
-6.985614702310514
 20
0.10990528790124898
 10
-6.991507681960002
 20
0.10819635547034778
 10
-6.9973569474529
 20
0.10634331677769637
 10
-7.003158975410372
 20
0.10434728802452042
 10
-7.00891027090772
 20
0.10220947154389393
 10
-7.014607369579622
 20
0.09993115507653272
 10
-7.020246839706843
 20
0.09751371099508077
 10
-7.025825284283471
 20
0.09495859547746477
 10
-7.031339343063067
 20
0.0922673476297291
 10
-7.036785694582804
 20
0.08944158855893392
 10
-7.042161058164197
 20
0.08648302039669886
 10
-7.047462195889224
 20
0.0833934252738473
 10
-7.052685914550722
 20
0.08017466424694675
 10
-7.057829067575909
 20
0.07682867617729272
 10
-7.06288855692172
 20
0.07335747656298253
 10
-7.067861334940957
 20
0.06976315632486063
 10
-7.072744406218092
 20
0.06604788054704613
 10
-7.077534829373576
 20
0.062213887172731575
 10
-7.082229718835606
 20
0.05826348565617678
 10
-7.0868262465783545
 20
0.05419905557153726
 10
-7.091321643825367
 20
0.05002304517950762
 10
-7.095713202717448
 20
0.045737969952604374
 10
-7.099998277943712
 20
0.041346411059912214
 10
-7.104174288335088
 20
0.03685101381229572
 10
-7.108238718419074
 20
0.03225448606895753
 10
-7.112189119934953
 20
0.027559596606351988
 10
-7.116023113308572
 20
0.022769173450321034
 10
-7.119738389085683
 20
0.017886102172653295
 10
-7.12333270932308
 20
0.012913324152890482
 10
-7.126803908936665
 20
0.007853834806581972
 10
-7.13014989700558
 20
0.0027106817809041672
 10
-7.1333686580317135
 20
-0.0025130368810621917
 10
-7.136458253153805
 20
-0.007814174606522784
 10
-7.139416821315265
 20
-0.013189538188342453
 10
-7.142242580385272
 20
-0.01863588970849861
 10
-7.144933828232212
 20
-0.024149948488485506
 10
-7.147488943749025
 20
-0.029728393065468595
 10
-7.14990638782966
 20
-0.03536786319304497
 10
-7.1521847042961895
 20
-0.04106496186526698
 10
-7.154322520775992
 20
-0.04681625736294137
 10
-7.156318549528336
 20
-0.052618285320697566
 10
-7.158171588220142
 20
-0.05846755081385879
 10
-7.159880520650191
 20
-0.06436053046360257
 10
-7.161444317421484
 20
-0.07029367455934477
 10
-7.162862036561336
 20
-0.0762634091969332
 10
-7.164132824088739
 20
-0.08226613843145714
 10
-7.165255914528814
 20
-0.08829824644327289
 10
-7.166230631373864
 20
-0.09435609971607306
 10
-7.167056387490902
 20
-0.10043604922556426
 10
-7.167732685475329
 20
-0.10653443263750262
 10
-7.168259117950541
 20
-0.11264757651375845
 10
-7.16863536781328
 20
-0.11877179852505293
 10
-7.168861208424701
 20
-0.12490340966903801
 10
-7.1689365037468775
 20
-0.1310387164924336
 10
-7.1689365037468775
 20
-1.8310385162468705
 10
-7.168861208429519
 20
-1.8371738228738792
 10
-7.1686353678325645
 20
-1.8433054338218327
 10
-7.168259117993898
 20
-1.849429655637799
 10
-7.167732685552352
 20
-1.8555427993197924
 10
-7.16705638761114
 20
-1.8616411825388894
 10
-7.16623063154681
 20
-1.8677211318573086
 10
-7.165255914763904
 20
-1.873778984941147
 10
-7.164132824395352
 20
-1.8798110927664666
 10
-7.162862036948724
 20
-1.885813821817301
 10
-7.1614443178988125
 20
-1.891783556274362
 10
-7.159880521226526
 20
-1.8977167001930653
 10
-7.1581715889044375
 20
-1.903609679669593
 10
-7.156318550329416
 20
-1.9094589449936876
 10
-7.154322521702525
 20
-1.915260972786875
 10
-7.152184705356703
 20
-1.9210122681247768
 10
-7.149906389032495
 20
-1.9267093666423634
 10
-7.147488945102367
 20
-1.93234883662074
 10
-7.144933829744062
 20
-1.9379272810542716
 10
-7.142242582063446
 20
-1.9434413396968466
 10
-7.139416823167352
 20
-1.9488876910859432
 10
-7.1364582551872076
 20
-1.9542630545433326
 10
-7.133368660253581
 20
-1.9595641921512836
 10
-7.130149899422847
 20
-1.964787910702924
 10
-7.126803911556024
 20
-1.9699310636257295
 10
-7.123332712150983
 20
-1.9749905528768963
 10
-7.1197383921282835
 20
-1.9799633308094755
 10
-7.116023116571796
 20
-1.9848464020081735
 10
-7.112189123424443
 20
-1.9896368250936973
 10
-7.108238722140172
 20
-1.9943317144944714
 10
-7.104174292292868
 20
-1.998928242184867
 10
-7.09999828214292
 20
-2.00342363938865
 10
-7.095713207162532
 20
-2.007815198246817
 10
-7.091321648520491
 20
-2.012100273448688
 10
-7.086826251527313
 20
-2.0162762838253627
 10
-7.082229724041909
 20
-2.0203407139044955
 10
-7.077534834840378
 20
-2.024291115425548
 10
-7.0727444119482215
 20
-2.028125108814514
 10
-7.067861340936901
 20
-2.0318403846172757
 10
-7.062888563185595
 20
-2.0354347048907684
 10
-7.057829074109506
 20
-2.038905904550994
 10
-7.052685921355447
 20
-2.042251892677207
 10
-7.047462202966145
 20
-2.045470653771403
 10
-7.042161065514023
 20
-2.048560248972379
 10
-7.036785702205847
 20
-2.051518817223645
 10
-7.031339350959271
 20
-2.0543445763944135
 10
-7.025825292452424
 20
-2.057035824353136
 10
-7.020246848147764
 20
-2.0595909399927876
 10
-7.014607378291316
 20
-2.0620083842073385
 10
-7.0089102798886245
 20
-2.064286700818876
 10
-7.0031589846585405
 20
-2.06642451745477
 10
-6.99735695696603
 20
-2.068420546374284
 10
-6.991507691735393
 20
-2.0702735852443226
 10
-6.985614712345054
 20
-2.071982517863624
 10
-6.979681568505228
 20
-2.0735463148351414
 10
-6.973711834119669
 20
-2.074964034186131
 10
-6.967709105132926
 20
-2.0762348219355005
 10
-6.9616769973642505
 20
-2.077357912608292
 10
-6.95561914432956
 20
-2.0783326296967175
 10
-6.949539195052793
 20
-2.0791583860676965
 10
-6.943440811867802
 20
-2.0798346843164808
 10
-6.937327668212362
 20
-2.0803611170663387
 10
-6.931203446415367
 20
-2.080737367213871
 10
-6.925071835478818
 20
-2.080963208120089
 10
-6.918936528855596
 20
-2.0810385037468677
  0
LWPOLYLINE
  5
36
330
17
100
AcDbEntity
  8
0
100
AcDbPolyline
 90
704
 70
0
 10
-7.8694367286633025
 20
-0.06561001573317071
 10
-7.86501976658019
 20
-0.0019858228432738656
 10
-7.824024051230111
 20
0.1723189992924219
 10
-7.752872828043451
 20
0.33345949838874134
 10
-7.653320440604077
 20
0.4787873276258878
 10
-7.52876254719294
 20
0.6033452189399213
 10
-7.3738554861259615
 20
0.7094595639564787
 10
-7.368587444866478
 20
0.7124788923802541
 10
-7.363339729381863
 20
0.715660182045589
 10
-7.358171679531594
 20
0.718969318260271
 10
-7.353086409303472
 20
0.7224043071174862
 10
-7.3480869828067625
 20
0.7259630788784079
 10
-7.343176412425976
 20
0.7296434892193204
 10
-7.338357657005673
 20
0.7334433205236621
 10
-7.336002601233275
 20
0.7353960287105892
 10
-7.321137474599681
 20
0.7447456372543257
 10
-7.316011747787115
 20
0.7480575186700378
 10
-7.3109683863298045
 20
0.7514935249388799
 10
-7.30601039539637
 20
0.7550516086608638
 10
-7.301140729286018
 20
0.7587296496941391
 10
-7.296362289668238
 20
0.7625254564183876
 10
-7.291677923853655
 20
0.7664367670406591
 10
-7.287090423097553
 20
0.770461250943157
 10
-7.282602520936578
 20
0.7745965100719374
 10
-7.278216891559936
 20
0.7788400803658604
 10
-7.273936148215952
 20
0.7831894332248126
 10
-7.269762841654909
 20
0.7876419770164276
 10
-7.26569945860912
 20
0.7921950586203437
 10
-7.261748420311221
 20
0.7968459650091262
 10
-7.257912081051387
 20
0.8015919248648515
 10
-7.197763104159307
 20
0.8778888957049844
 10
-7.194023782230985
 20
0.8827537256808498
 10
-7.19040497774661
 20
0.8877088597135128
 10
-7.1869088706220765
 20
0.8927513129013462
 10
-7.183537566862128
 20
0.8978780477429282
 10
-7.180293097291752
 20
0.9030859759667749
 10
-7.177177416332867
 20
0.9083719603916691
 10
-7.174192400826968
 20
0.9137328168164558
 10
-7.171339848904523
 20
0.9191653159381872
 10
-7.168621478901898
 20
0.9246661852973475
 10
-7.166038928326159
 20
0.9302321112491967
 10
-7.163593752868692
 20
0.9358597409598204
 10
-7.161287425468103
 20
0.9415456844258685
 10
-7.159121335422924
 20
0.9472865165165913
 10
-7.157096787554693
 20
0.9530787790371491
 10
-7.1552150014220075
 20
0.9589189828117242
 10
-7.153477110585811
 20
0.9648036097853918
 10
-7.127105121479929
 20
1.0583105715041796
 10
-7.12551224104736
 20
1.0642358100530842
 10
-7.1240652492245005
 20
1.0701983543588653
 10
-7.122765017580207
 20
1.0761946129928006
 10
-7.121612329285071
 20
1.0822209742189486
 10
-7.120607878639632
 20
1.088273808169653
 10
-7.119752270656264
 20
1.0943494690318687
 10
-7.119046020694654
 20
1.1004442972431931
 10
-7.118489554151452
 20
1.1065546216961266
 10
-7.118083206204048
 20
1.1126767619492952
 10
-7.117827221608636
 20
1.1188070304442945
 10
-7.117721754552818
 20
1.1249417347268178
 10
-7.117766868562725
 20
1.13107717967074
 10
-7.117962536464788
 20
1.1372096697038359
 10
-7.11830864040202
 20
1.1433355110336834
 10
-7.118804971905121
 20
1.149451013872607
 10
-7.119451232017937
 20
1.155552494660121
 10
-7.130869228569793
 20
1.252033465115936
 10
-7.1316650775433885
 20
1.258117594240936
 10
-7.132610003457074
 20
1.2641803591065752
 10
-7.133703437087348
 20
1.2702181075026715
 10
-7.134944719749711
 20
1.2762272022889576
 10
-7.136333103695321
 20
1.2822040235861039
 10
-7.137867752561576
 20
1.2881449709563242
 10
-7.139547741875816
 20
1.2940464655723076
 10
-7.1413720596123085
 20
1.299904952373069
 10
-7.141851689219422
 20
1.3013811354772784
 10
-7.168936728621475
 20
1.4723816803959338
 10
-7.168936727517888
 20
1.6455421937337675
 10
-7.141851801140561
 20
1.8165428257721672
 10
-7.115310468806584
 20
1.8982285466900422
 10
-7.114898456809996
 20
1.897816533925159
 10
-7.1177218104201785
 20
1.8899257891870036
 10
-7.119717839171216
 20
1.8841237612281674
 10
-7.121570877861686
 20
1.8782744957339617
 10
-7.123279810290356
 20
1.8723815160831947
 10
-7.124843607060228
 20
1.8664483719864648
 10
-7.145111807619614
 20
1.7855331795599412
 10
-7.146529526758002
 20
1.7795634449214361
 10
-7.147800314283899
 20
1.7735607156860453
 10
-7.148923404722424
 20
1.767528607673384
 10
-7.149898121565897
 20
1.761470754399781
 10
-7.162137649428871
 20
1.678958559682826
 10
-7.162963405544318
 20
1.6728786101725532
 10
-7.16363970352711
 20
1.6667802267598617
 10
-7.164166136000645
 20
1.6606670828828953
 10
-7.164542385861694
 20
1.654542860870933
 10
-7.168635367684118
 20
1.5712283014046093
 10
-7.168861208293819
 20
1.565096690260006
 10
-7.168936503614233
 20
1.5589613834360279
 10
-7.168861208290281
 20
1.5528260766120923
 10
-7.168635367677041
 20
1.546694465467617
 10
-7.164542385806541
 20
1.4633799060031762
 10
-7.164166135941969
 20
1.4572556839914128
 10
-7.163639703464895
 20
1.4511425401147235
 10
-7.162963405478578
 20
1.4450441567024086
 10
-7.162137649359636
 20
1.4389642071925834
 10
-7.149898121449041
 20
1.35645201248267
 10
-7.148923404602073
 20
1.3503941592096353
 10
-7.147800314160065
 20
1.344362051197642
 10
-7.146529526630701
 20
1.338359321962983
 10
-7.145111807488874
 20
1.3323895873253093
 10
-7.124843606882877
 20
1.2514743949107654
 10
-7.12327981010958
 20
1.245541250814938
 10
-7.121570877677513
 20
1.2396482711651657
 10
-7.119717838983675
 20
1.233799005672033
 10
-7.117721810229284
 20
1.227996977714355
 10
-7.089620130779281
 20
1.1494580451305154
 10
-7.087482314297446
 20
1.1437067496330187
 10
-7.08520399782887
 20
1.138009650961024
 10
-7.082786553746175
 20
1.132370180833739
 10
-7.080231438227315
 20
1.1267917362570898
 10
-7.044566914468533
 20
1.0513854363588209
 10
-7.041875666619518
 20
1.0458713775792035
 10
-7.039049907547437
 20
1.0404250260594736
 10
-7.036091339383887
 20
1.0350496624781371
 10
-7.033001744259721
 20
1.0297485247532094
 10
-6.990117845051884
 20
0.9582010614293566
 10
-6.986899084023676
 20
0.9529773427680013
 10
-6.983553095952701
 20
0.9478341897430056
 10
-6.980081896337069
 20
0.9427747003974218
 10
-6.976487576097611
 20
0.9378019223784548
 10
-6.9267972968331435
 20
0.8708023368131563
 10
-6.923082021054
 20
0.8659192655363412
 10
-6.91924802767835
 20
0.8611288423812269
 10
-6.915297626160466
 20
0.8564339529195877
 10
-6.911233196074491
 20
0.8518374251772798
 10
-6.855215081306042
 20
0.7900309600049908
 10
-6.851039070912677
 20
0.7855355627584544
 10
-6.846753995684423
 20
0.781144003866892
 10
-6.8423624367903955
 20
0.7768589286411824
 10
-6.83786703954145
 20
0.7726829182504034
 10
-6.776060574336782
 20
0.7166648035175385
 10
-6.771464046592115
 20
0.7126003734341992
 10
-6.766769157128181
 20
0.7086499719190087
 10
-6.761978733970835
 20
0.7048159785461152
 10
-6.757095662691867
 20
0.7011007027697715
 10
-6.690096077097749
 20
0.651410423543858
 10
-6.685123299076707
 20
0.647816103307278
 10
-6.68006380972912
 20
0.6443449036945523
 10
-6.674920656702184
 20
0.6409989156265468
 10
-6.6696969380389675
 20
0.6377801546013515
 10
-6.5981494746908
 20
0.5948962554350672
 10
-6.592848336964124
 20
0.5918066603139707
 10
-6.587472973381097
 20
0.5888480921535475
 10
-6.582026621859768
 20
0.586022333084621
 10
-6.576512563078623
 20
0.5833310852388038
 10
-6.501106263159727
 20
0.5476665615234637
 10
-6.495527818581593
 20
0.5451114460078088
 10
-6.489888348452894
 20
0.5426940019283677
 10
-6.48419124977957
 20
0.54041568546306
 10
-6.478439954280816
 20
0.5382778689845367
 10
-6.3999010216807335
 20
0.5101761895798305
 10
-6.3940989937219115
 20
0.5081801608287932
 10
-6.3882497282276915
 20
0.5063271221383303
 10
-6.382356748576939
 20
0.5046181897096602
 10
-6.376423604480209
 20
0.5030543929397879
 10
-6.295508412053664
 20
0.482786192380388
 10
-6.28953867741518
 20
0.48136847324200005
 10
-6.283535948179775
 20
0.48009768571610323
 10
-6.277503840167128
 20
0.47897459527757036
 10
-6.271445986893525
 20
0.4779998784340975
 10
-6.188933792176755
 20
0.46576035057113785
 10
-6.182853842666475
 20
0.4649345944556984
 10
-6.176755459253769
 20
0.46425829647289873
 10
-6.170642315376796
 20
0.4637318639993566
 10
-6.164518093364819
 20
0.4633556141383153
 10
-6.08120353389819
 20
0.45926263231587683
 10
-6.07507192275358
 20
0.4590367917061826
 10
-6.068936615929601
 20
0.45896149638576844
 10
-6.062801309105652
 20
0.4590367917097211
 10
-6.056669697961183
 20
0.45926263232295383
 10
-5.9733551384969985
 20
0.4633556141934463
 10
-5.967230916485249
 20
0.463731864058019
 10
-5.96111777260856
 20
0.46425829653508544
 10
-5.955019389196252
 20
0.4649345945214023
 10
-5.948939439686455
 20
0.4657603506403518
 10
-5.866427244976478
 20
0.4779998785509463
 10
-5.860369391703415
 20
0.478974595397915
 10
-5.854337283691393
 20
0.4800976858399295
 10
-5.848334554456727
 20
0.4813684733692938
 10
-5.842364819819039
 20
0.48278619251112787
 10
-5.761449627404545
 20
0.5030543931171323
 10
-5.755516483308753
 20
0.5046181898904223
 10
-5.7496235036590235
 20
0.5063271223224817
 10
-5.743774238165912
 20
0.5081801610163055
 10
-5.737972210208284
 20
0.5101761897706751
 10
-5.659433277624515
 20
0.5382778692206145
 10
-5.653681989683577
 20
0.5404156827875539
 10
-5.647984898420532
 20
0.5426939959721082
 10
-5.642345435541046
 20
0.5451114364072254
 10
-5.636766998037729
 20
0.5476665479210254
 10
-5.613679097944527
 20
0.5585863077613453
 10
-4.564351755993954
 20
0.5585862909765353
 10
-4.484551885744139
 20
0.47878641938316946
 10
-4.385000839828223
 20
0.33346017921299165
 10
-4.313849477115696
 20
0.17231697844648153
 10
-4.2728517832644854
 20
-0.0019984737592082524
 10
-4.268436503743203
 20
-0.0656086338109958
 10
-4.268436503698979
 20
-0.16997460674444653
 10
-4.268361208076982
 20
-0.17610992567593797
 10
-4.268135366571613
 20
-0.18224154890607025
 10
-4.267759115221878
 20
-0.18836578295969986
 10
-4.267232680668428
 20
-0.1944789388126722
 10
-4.266556380016993
 20
-0.20057733411395162
 10
-4.2657306206474175
 20
-0.206657295403744
 10
-4.264755899968236
 20
-0.2127151603262547
 10
-4.263632805117055
 20
-0.21874727983576747
 10
-4.244678810830692
 20
-0.3140352506303117
 10
-4.243408045936604
 20
-0.32003786820941826
 10
-4.241990354883882
 20
-0.3260074924267471
 10
-4.2404265916049155
 20
-0.3319405275374194
 10
-4.238717698017268
 20
-0.3378333998356453
 10
-4.236864703456291
 20
-0.34368255980730567
 10
-4.234868724055161
 20
-0.3494844842679825
 10
-4.232730962072651
 20
-0.3552356784851156
 10
-4.230452705168744
 20
-0.36093267828298536
 10
-4.228035325629321
 20
-0.3665720521293778
 10
-4.225480279539312
 20
-0.3721504032025038
 10
-4.222789105905775
 20
-0.377664371437028
 10
-4.219963425730924
 20
-0.3831106355480074
 10
-4.21700494103564
 20
-0.38848591503141705
 10
-4.213915433834245
 20
-0.39378697214011993
 10
-4.2106967650613
 20
-0.3990106138341005
 10
-4.207350873450508
 20
-0.4041536937037833
 10
-4.153374889935918
 20
-0.4849356689450559
 10
-4.149903601027688
 20
-0.4899953586407406
 10
-4.146309182314241
 20
-0.4949683316562954
 10
-4.142593799091259
 20
-0.49985159224810616
 10
-4.138759689524051
 20
-0.5046421987157359
 10
-4.134809163299224
 20
-0.509337265174068
 10
-4.130744600233442
 20
-0.5139339632917626
 10
-4.126568448839635
 20
-0.51842952399506
 10
-4.1222832248521115
 20
-0.5228212391358582
 10
-2.510719238750795
 20
-2.1343852251694315
 10
-2.50632752357771
 20
-2.138670449187316
 10
-2.5018319628406687
 20
-2.1428466006099
 10
-2.4972352646878164
 20
-2.1469111637028178
 10
-2.4925401981929554
 20
-2.1508616899530466
 10
-2.4877495916875034
 20
-2.154695799543923
 10
-2.4828663310566697
 20
-2.158411182788761
 10
-2.477893358000898
 20
-2.1620056015222247
 10
-2.4728336682639167
 20
-2.165476890448595
 10
-2.392051692955448
 20
-2.2194528738374686
 10
-2.386908613080891
 20
-2.22279876544075
 10
-2.3816849713822137
 20
-2.2260174342060637
 10
-2.3763839142690415
 20
-2.2291069413996922
 10
-2.3710086347813046
 20
-2.2320654260871393
 10
-2.3655623706662254
 20
-2.2348911062540324
 10
-2.3600484024277932
 20
-2.23758227987949
 10
-2.354470051350944
 20
-2.2401373259613564
 10
-2.3488306775010415
 20
-2.2425547054925516
 10
-2.3431336776998535
 20
-2.2448329623881236
 10
-2.3373824834796153
 20
-2.2469707243622565
 10
-2.3315805590160323
 20
-2.2489667037548955
 10
-2.3257313990417003
 20
-2.250819698307332
 10
-2.3198385267409947
 20
-2.2525285918863815
 10
-2.3139054916280486
 20
-2.254092355156679
 10
-2.3079358674086734
 20
-2.2555100462006834
 10
-2.3019332498277265
 20
-2.2567808110860312
 10
-2.206645278991715
 20
-2.2757348052361053
 10
-2.2006131595122724
 20
-2.276857900072983
 10
-2.1945552946203293
 20
-2.2778326207393746
 10
-2.1884753333615095
 20
-2.2786583800976956
 10
-2.1823769380915223
 20
-2.2793346807394244
 10
-2.1762637822701834
 20
-2.2798611152847386
 10
-2.170139548248386
 20
-2.280237366627901
 10
-2.1640079250502993
 20
-2.2804632081282747
 10
-2.15787260615096
 20
-2.280538503746861
 10
-0.07766761935553745
 20
-2.2805385037361603
 10
-0.07221464767434327
 20
-2.2804790268578543
 10
-0.06676427059915113
 20
-2.2803006245229653
 10
-0.06131908150138088
 20
-2.280003381618023
 10
-0.028817097862088303
 20
-2.2778733826336364
 10
-0.022884714000781514
 20
-2.2774136462701406
 10
-0.016964951671781137
 20
-2.2768128553164573
 10
-0.011061164258393319
 20
-2.2760713501042176
 10
-0.005176696094679301
 20
-2.275189550675826
 10
0.0006851194292778473
 20
-2.2741679565465205
 10
0.006520961755398957
 20
-2.2730071464214276
 10
0.012327525038756448
 20
-2.2717077778676966
 10
0.018101520020167072
 20
-2.270270586942054
 10
0.023839675889490763
 20
-2.268696387773822
 10
0.02953874213849872
 20
-2.266986072103748
 10
0.035195490402145424
 20
-2.265140608778843
 10
0.12719445907720228
 20
-2.2339106193131784
 10
0.13298000228010665
 20
-2.2318671408772204
 10
0.13871365304771643
 20
-2.2296822923365482
 10
0.14439195758316714
 20
-2.227357389785112
 10
0.15001149542857206
 20
-2.224893833681655
 10
0.1555688815255678
 20
-2.2222931080060704
 10
0.16106076825434457
 20
-2.2195567793655115
 10
0.166483847450138
 20
-2.2166864960507198
 10
0.1718348523959321
 20
-2.213683987043119
 10
0.1771105597904068
 20
-2.210551060973337
 10
0.18230779168939648
 20
-2.2072896050317183
 10
0.18742341742023427
 20
-2.203901583831559
 10
0.19245435546767453
 20
-2.2003890382256515
 10
0.19739757533002944
 20
-2.196754084076936
 10
0.2022500993446954
 20
-2.192998910983981
 10
0.20700900448176185
 20
-2.1891257809619873
 10
0.21167142410484985
 20
-2.185137027080259
 10
0.2847153941193312
 20
-2.12107805325239
 10
0.2892783501389431
 20
-2.1169762344698384
 10
0.29373927119519294
 20
-2.1127636736937916
 10
0.29809547035119976
 20
-2.1084429082667953
 10
0.302344323747036
 20
-2.10401654070607
 10
0.3064832721800883
 20
-2.099487237135939
 10
0.3105098226465941
 20
-2.0948577256819405
 10
0.3144215498431606
 20
-2.0901307948276155
 10
0.31821609762769754
 20
-2.08530929173493
 10
0.3218911804384845
 20
-2.080396120529308
 10
0.3254445846709473
 20
-2.075394240550473
 10
0.3288741700108062
 20
-2.07030666456987
 10
0.3321778707234557
 20
-2.065136456976049
 10
0.3353536968980393
 20
-2.0598867319288843
 10
0.33839973564607817
 20
-2.0545606514838113
 10
0.34131415225368755
 20
-2.049161423687252
 10
0.34409519128669785
 20
-2.0436923006443166
 10
0.38706617359889606
 20
-1.9565563362985685
 10
0.3897122677088589
 20
-1.951020379493123
 10
0.3922217039085183
 20
-1.9454211508185182
 10
0.3945929705682545
 20
-1.9397620231278765
 10
0.3968246392888375
 20
-1.9340464053561774
 10
0.3989153657617237
 20
-1.9282777404667755
 10
0.40086389057893257
 20
-1.9224595033774747
 10
0.4026690399916504
 20
-1.9165951988672774
 10
0.4043297266173056
 20
-1.9106883594651975
 10
0.4058449500945187
 20
-1.9047425433223353
 10
0.4072137976856993
 20
-1.8987613320685242
 10
0.4084354448270062
 20
-1.8927483286548608
 10
0.40950915562484624
 20
-1.8867071551833234
 10
0.41043428329928133
 20
-1.88064145072493
 10
0.4112102705735765
 20
-1.8745548691276142
 10
0.4118366500099455
 20
-1.8684510768152691
 10
0.4123130442910963
 20
-1.8623337505791184
 10
0.41866704159423307
 20
-1.7653867902896607
 10
0.4189931623312475
 20
-1.7592596497556983
 10
0.4191688161978391
 20
-1.7531263511670758
 10
0.4191938973850995
 20
-1.7469905890471722
 10
0.41906839078490066
 20
-1.7408560594033133
 10
0.4187923719987907
 20
-1.734726457500436
 10
0.4183660072925761
 20
-1.7286054756351419
 10
0.41778955349616353
 20
-1.72249680091155
 10
0.41706335784877524
 20
-1.7164041130203316
 10
0.4161878577899074
 20
-1.7103310820221438
 10
0.41516358069569037
 20
-1.7042813661368896
 10
0.4139911435613044
 20
-1.6982586095401189
 10
0.41267125262930904
 20
-1.6922664401678773
 10
0.4112047029641701
 20
-1.6863084675313402
 10
0.40959237797341075
 20
-1.6803882805425587
 10
0.40783524887538647
 20
-1.6745094453525695
 10
0.4059343741143948
 20
-1.6686755032033034
 10
0.3747043868193316
 20
-1.5766765409226124
 10
0.37266090838591026
 20
-1.5708909977266572
 10
0.37047605984813003
 20
-1.5651573469658402
 10
0.36815115729990566
 20
-1.5594790424370757
 10
0.3656876011999941
 20
-1.5538595045981864
 10
0.3630868755282961
 20
-1.5483021185075359
 10
0.3603505468919366
 20
-1.5428102317849337
 10
0.3574802635816354
 20
-1.5373871525951373
 10
0.354477754578852
 20
-1.5320361476551057
 10
0.3513448285141578
 20
-1.5267604402662087
 10
0.34808337257791777
 20
-1.5215632083725765
 10
0.3446953513834501
 20
-1.5164475826468475
 10
0.34118280578346116
 20
-1.5114166446042674
 10
0.3375478516409771
 20
-1.506473424746524
 10
0.3337926785544596
 20
-1.5016209007362278
 10
0.3299195485391806
 20
-1.4968619956032327
 10
0.32593079466440145
 20
-1.492199575983932
 10
0.2618718142407488
 20
-1.4191555983788362
 10
0.2577700723510077
 20
-1.414592725809328
 10
0.25355759251726795
 20
-1.410131884379048
 10
0.24923691193953346
 20
-1.4057757608775105
 10
0.2448106329875941
 20
-1.4015269790220373
 10
0.24028142163382427
 20
-1.3973880978775028
 10
0.23565200584732793
 20
-1.3933616103149404
 10
0.23092517395090795
 20
-1.3894499415101365
 10
0.22610377294157047
 20
-1.3856554474828826
 10
0.022270491636959378
 20
-1.229248492643606
 10
-0.07583699379384257
 20
-1.1311410072734134
 10
-0.08022870896164136
 20
-1.1268557832630037
 10
-0.08472426969308344
 20
-1.122679631847582
 10
-0.08932096784002397
 20
-1.1186150687615353
 10
-0.09401603432863226
 20
-1.1146645425178576
 10
-0.0988066408275472
 20
-1.1108304329331986
 10
-0.10368990145155976
 20
-1.1071150496942437
 10
-0.10866287450022583
 20
-1.1035206309663081
 10
-0.11372256422987448
 20
-1.100049342045125
 10
-0.19450453953834312
 20
-1.0460733586562583
 10
-0.1996476194129002
 20
-1.042727467052977
 10
-0.20487126111154907
 20
-1.0395087982876703
 10
-0.2101723182247497
 20
-1.0364192910940346
 10
-0.21554759771245813
 20
-1.0334608064065876
 10
-0.22099386182756575
 20
-1.0306351262397015
 10
-0.22650783006599795
 20
-1.027943952614244
 10
-0.23208618114281876
 20
-1.0253889065323776
 10
-0.23772555499274972
 20
-1.0229715270011823
 10
-0.24342255479390928
 20
-1.0206932701056104
 10
-0.24917374901414746
 20
-1.0185555081314774
 10
-0.2549756734777304
 20
-1.0165595287388456
 10
-0.2608248334520624
 20
-1.0147065341864092
 10
-0.2667177057527681
 20
-1.0129976406073595
 10
-0.27265074086571417
 20
-1.011433877337062
 10
-0.27862036508508936
 20
-1.0100161862930577
 10
-0.28462298266603625
 20
-1.008745421407717
 10
-0.37991095350204773
 20
-0.9897914272576358
 10
-0.3859430178194998
 20
-0.9886683419922875
 10
-0.3920008271129234
 20
-0.9876936281841822
 10
-0.398080732436739
 20
-0.9868678729560685
 10
-0.4041790715357081
 20
-0.9861915737048932
 10
-0.41029217105096905
 20
-0.9856651378022079
 10
-0.41641634873266753
 20
-0.985288882348776
 10
-0.4225479156579297
 20
-0.9850630339835789
 10
-0.4286831784530136
 20
-0.9849877287472708
 10
-0.554376209444996
 20
-0.9849875035614062
 10
-0.3949877161523716
 20
-0.9849875035011522
 10
-0.38885240932938814
 20
-0.9849122081766737
 10
-0.3827207981858578
 20
-0.9846863675629578
 10
-0.37659657617510334
 20
-0.9843101176979516
 10
-0.37048343229940883
 20
-0.9837836852205015
 10
-0.36438504888809575
 20
-0.9831073872338507
 10
-0.3583050993792938
 20
-0.9822816311146099
 10
-0.35224724610722546
 20
-0.9813069142673925
 10
-0.3462151380961984
 20
-0.9801838238251861
 10
-0.3402124088624987
 20
-0.9789130362956655
 10
-0.33424267422580556
 20
-0.977495317153732
 10
-0.32830953013097997
 20
-0.975931520380378
 10
-0.32241655048221673
 20
-0.9742225879483115
 10
-0.3165672849901
 20
-0.9723695492545161
 10
-0.3107652570334096
 20
-0.9703735205002246
 10
-0.3050139615368437
 20
-0.968235704018511
 10
-0.29931686286579406
 20
-0.9659573875500982
 10
-0.2936773927394256
 20
-0.9635399434676231
 10
-0.28809894816367887
 20
-0.9609848279490123
 10
-0.28258488938496384
 20
-0.9582935801003032
 10
-0.2771385378661364
 20
-0.9554678210285772
 10
-0.27176317428566676
 20
-0.9525092528654326
 10
-0.26646203656159173
 20
-0.9494196577417071
 10
-0.2612383179010749
 20
-0.9462008967139681
 10
-0.2560951648768537
 20
-0.9428549086435041
 10
-0.2510356755320515
 20
-0.9393837090284123
 10
-0.24606289751380928
 20
-0.9357893887895443
 10
-0.24117982623769763
 20
-0.9320741130110122
 10
-0.23638940308325118
 20
-0.9282401196360226
 10
-0.23169451362224436
 20
-0.9242897181188141
 10
-0.22709798588056174
 20
-0.9202252880335564
 10
-0.2226025886346008
 20
-0.9160492776409441
 10
-0.21821102974359974
 20
-0.9117642024134938
 10
-0.2139259545184018
 20
-0.9073726435202829
 10
-0.20974994412810588
 20
-0.9028772462721761
 10
-0.20568551404520008
 20
-0.8982807185283974
 10
-0.20173511253042875
 20
-0.8935858290653655
 10
-0.19790111915790476
 20
-0.8887954059089438
 10
-0.19418584338188793
 20
-0.8839123346309208
 10
-0.19059152314557082
 20
-0.8789395566108453
 10
-0.1871203235330654
 20
-0.8738800672642455
 10
-0.183774335465273
 20
-0.8687369142383119
 10
-0.18055557444020565
 20
-0.8635131955761182
 10
-0.1774659793192086
 20
-0.8582120578504586
 10
-0.17450741115882806
 20
-0.8528366942684755
 10
-0.17168165208991581
 20
-0.8473903427481915
 10
-0.16899040424402756
 20
-0.8418762839681051
 10
-0.16643528872828028
 20
-0.8362978393910439
 10
-0.16401784464872549
 20
-0.830658369263432
 10
-0.161739528183233
 20
-0.8249612705911886
 10
-0.15960171170448234
 20
-0.8192099750935427
 10
-0.15760568295317512
 20
-0.8134079471358291
 10
-0.15575264426237823
 20
-0.807558681642746
 10
-0.15404371183333865
 20
-0.8016657019931017
 10
-0.15247991506305425
 20
-0.7957325578974874
 10
-0.15106219592419734
 20
-0.7897628232600482
 10
-0.1497914083977605
 20
-0.783760094025709
 10
-0.1486683179586521
 20
-0.7777279860140993
 10
-0.14769360111455399
 20
-0.7716701327415336
 10
-0.14686784499843952
 20
-0.7655901832322982
 10
-0.1461915470149222
 20
-0.759491799820637
 10
-0.1456651145406056
 20
-0.7533786559446867
 10
-0.14528886467874713
 20
-0.747254433933719
 10
-0.14506302406820737
 20
-0.7411228227900821
 10
-0.1449877287468837
 20
-0.734987515967056
 10
-0.14498772899239043
 20
1.065012283787226
 10
-0.14506302429916218
 20
1.0711475899497884
 10
-0.1452888648627777
 20
1.0772792004341056
 10
-0.1456651146453396
 20
1.0834034217880983
 10
-0.146191547008101
 20
1.0895165650106193
 10
-0.14686784484794657
 20
1.0956149477735622
 10
-0.1476936007884433
 20
1.1016948966399838
 10
-0.14866831742520503
 20
1.1077527492768198
 10
-0.14979140762548582
 20
1.1137848566609492
 10
-0.151062194881888
 20
1.1197875852772086
 10
-0.15247991371987268
 20
1.1257573193071337
 10
-0.1540437101588168
 20
1.1316904628069295
 10
-0.15575264222638907
 20
1.1375834418735806
 10
-0.1576056805260464
 20
1.1434327067976184
 10
-0.15960170885705338
 20
1.149234734201329
 10
-0.1617395248868263
 20
1.1549860291611083
 10
-0.16401784087523197
 20
1.16068312731268
 10
-0.16643528445015932
 20
1.1663225969378743
 10
-0.16899039943436378
 20
1.1719010410318091
 10
-0.17168164672241915
 20
1.1774150993490693
 10
-0.17450740520794739
 20
1.182861450427822
 10
-0.17746597276007492
 20
1.1882368135905423
 10
-0.18055556724868893
 20
1.1935379509201596
 10
-0.18377432761803902
 20
1.1987616692104552
 10
-0.18712031500760418
 20
1.2039048218895303
 10
-0.19059151392019658
 20
1.2089643109151993
 10
-0.19418583343579598
 20
1.2139370886411243
 10
-0.1979011084711999
 20
1.21882015965258
 10
-0.2017351010841253
 20
1.2236105825708208
 10
-0.20568550182127865
 20
1.2283054718248252
 10
-0.20974993110951345
 20
1.232901999389469
 10
-0.21392594068910853
 20
1.2373973964890226
 10
-0.21821101508859897
 20
1.2417889552649513
 10
-0.22260257313993748
 20
1.24607403040703
 10
-0.2270979695333608
 20
1.2502500407467707
 10
-0.23169449641073925
 20
1.254314470812254
 10
-0.23638938499675533
 20
1.2582648723432968
 10
-0.24117980726668975
 20
1.2620988657662622
 10
-0.24606287764990498
 20
1.2658141416273594
 10
-0.2510356547680601
 20
1.2694084619838222
 10
-0.25609514320674975
 20
1.2728796617519365
 10
-0.26123829532005516
 20
1.2762256500111988
 10
-0.2664620130660751
 20
1.279444411263846
 10
-0.27176314987323735
 20
1.2825340066488593
 10
-0.2771385125356858
 20
1.2854925751099202
 10
-0.2825848631366341
 20
1.28831833451639
 10
-0.28809892099880585
 20
1.2910095827368409
 10
-0.29367736466068095
 20
1.2935646986643263
 10
-0.29931683387709995
 20
1.295982143192873
 10
-0.3050139316434297
 20
1.2982604601446184
 10
-0.31076522624172753
 20
1.3003982771469111
 10
-0.3165672533079089
 20
1.3023943064590071
 10
-0.3224165179186116
 20
1.30424734574774
 10
-0.32830949669627785
 20
1.3059562788117844
 10
-0.33424263993165937
 20
1.3075200762539723
 10
-0.3402123737218403
 20
1.3089377961014108
 10
-0.3462151021232387
 20
1.3102085843728517
 10
-0.35224720931745424
 20
1.3113316755931308
 10
-0.35830506178945143
 20
1.3123063932542394
 10
-0.3643850105162585
 20
1.3131321502228204
 10
-0.3704833931648466
 20
1.3138084490938766
 10
-0.37659653629833656
 20
1.3143348824903285
 10
-0.3827207575887144
 20
1.3147111333084567
 10
-0.38885236803486123
 20
1.3149369749088962
 10
-0.3949876741846765
 20
1.3150122712531243
 10
-0.7949871766750789
 20
1.3150124962725656
 10
-0.42868362583584485
 20
1.315012496301037
 10
-0.42254824416053793
 20
1.3150877934612026
 10
-0.41641655829994306
 20
1.315313639583458
 10
-0.4102922618424998
 20
1.3156898986232193
 10
-0.4041790439253532
 20
1.3162163439305772
 10
-0.3980805870123163
 20
1.316892658386827
 10
-0.39200056467544186
 20
1.3177184345954842
 10
-0.385942639382165
 20
1.3186931751277058
 10
-0.3799104602892669
 20
1.319816292821912
 10
-0.28462348949472016
 20
1.3387702871082325
 10
-0.27862090508094184
 20
1.3400410571813879
 10
-0.2726513139681117
 20
1.3414587518484922
 10
-0.2667183118444427
 20
1.3430225171837264
 10
-0.2608254723592438
 20
1.3447314112779338
 10
-0.25497634497062904
 20
1.3465844048059665
 10
-0.2491744528073241
 20
1.34858038164667
 10
-0.2434232905467013
 20
1.3507181395551768
 10
-0.23772632230978274
 20
1.3529963908870357
 10
-0.23208697957474556
 20
1.3554137633738321
 10
-0.22650865910983953
 20
1.3579688009497346
 10
-0.22099472092762085
 20
1.3606599646285318
 10
-0.21554848626098533
 20
1.3634856334306278
 10
-0.21017323556264955
 20
1.366444105359406
 10
-0.20487220652930205
 20
1.3695335984264005
 10
-0.19964859215139086
 20
1.3727522517246484
 10
-0.1945055387898833
 20
1.3760981265495715
 10
-0.11372356354831936
 20
1.4300741100644387
 10
-0.10866387400812982
 20
1.433545398863167
 10
-0.10369090114261326
 20
1.4371398174595384
 10
-0.09880764069507109
 20
1.440855200558083
 10
-0.09401703436572006
 20
1.4446893099937057
 10
-0.08932196803939974
 20
1.4486398360800052
 10
-0.08472527004715857
 20
1.452704399000595
 10
-0.08022970946254304
 20
1.4568805502427509
 10
-0.07583799443341377
 20
1.4611657740723913
 10
0.022272434536802166
 20
1.5592762018526756
 10
0.02479416903776155
 20
1.561211286225884
 10
0.21473683440959235
 20
1.7069572374667814
 10
0.42480132417131244
 20
1.828236619083576
 10
0.4903342898673202
 20
1.8553820564984775
 10
0.6489141789901112
 20
1.9210678303585809
 10
0.883226959776124
 20
1.9838509474795742
 10
1.1237239989140448
 20
2.0155124961971396
 10
1.3663005672747488
 20
2.0155124953680996
 10
1.6068013164314436
 20
1.9838500395363639
 10
1.7417679950205525
 20
1.947685943827075
 10
1.8411122290827393
 20
1.9210668879649688
 10
2.065231233890472
 20
1.8282325995578361
 10
2.2753008706270066
 20
1.7069481075674844
 10
2.4677505319882584
 20
1.559277003944537
 10
2.6392765248462524
 20
1.387751009914055
 10
2.7869525066862764
 20
1.1952928001151903
 10
2.864546726636007
 20
1.0608954070117704
 10
2.90823637576392
 20
0.9852235487571832
 10
2.9258055136285464
 20
0.9428077883713613
 10
2.9282228766936953
 20
0.9371684871976456
 10
2.930777902895585
 20
0.93159020762198
 10
2.9334690532758714
 20
0.9260763095863638
 10
2.936294706885178
 20
0.9206301142541164
 10
2.9392531617592113
 20
0.9152549020094867
 10
2.942342635944158
 20
0.9099539104817538
 10
2.945561268569861
 20
0.9047303325951503
 10
2.9489071209706594
 20
0.8995873146456717
 10
3.00288311006409
 20
0.8188053310549464
 10
3.006354398974139
 20
0.8137456413566895
 10
3.0099488176895193
 20
0.8087726683386478
 10
3.013664200914576
 20
0.8038894077444567
 10
3.017498310483944
 20
0.799098801274539
 10
3.021448836711045
 20
0.7944037348140256
 10
3.0255133997792427
 20
0.7898070366942491
 10
3.0296895511755793
 20
0.7853114759889905
 10
3.0339747751656887
 20
0.7809197608463379
 10
4.0430995973168535
 20
-0.2282050610591213
 10
4.0431409413485255
 20
-0.22824540556588602
 10
4.2123146942124094
 20
-0.3974200953601965
 10
4.3480098101127
 20
-0.5742627128041633
 10
4.459470040372281
 20
-0.7673176988297072
 10
4.530183935322242
 20
-0.9380372298088631
 10
4.5447730828900035
 20
-0.9732582033175632
 10
4.602467112371187
 20
-1.1885759582863145
 10
4.631563496231593
 20
-1.409581718136657
 10
4.631563495333609
 20
-2.0924955274635764
 10
4.602467109923879
 20
-2.313501286510615
 10
4.5447729245966
 20
-2.5288196167671515
 10
4.4594681707799
 20
-2.7347642577980125
 10
4.348011190607224
 20
-2.9278129105193926
 10
4.212310334317436
 20
-3.1046614183150396
 10
2.0546730988349964
 20
-5.26229569787963
 10
1.8778376995920496
 20
-5.397986411596925
 10
1.684789014053166
 20
-5.509443408822065
 10
1.4788443723947182
 20
-5.594748161122617
 10
1.2635260417135612
 20
-5.652442344864923
 10
1.042520281727235
 20
-5.681538728743249
 10
-3.180394014383154
 20
-5.6815387278094605
 10
-3.4013994295271175
 20
-5.65244325950259
 10
-3.58409845311715
 20
-5.603488847926727
 10
-3.6167196436047675
 20
-5.594748253453446
 10
-3.8226616333459162
 20
-5.50944372601748
 10
-3.8353994896405936
 20
-5.502089468300852
 10
-4.015706137369648
 20
-5.397989173653741
 10
-4.090786623502197
 20
-5.340378375960498
 10
-4.192560113516436
 20
-5.262285882544674
 10
-6.527153956068332
 20
-2.9276910449988875
 10
-6.5315457394267185
 20
-2.9234057542578498
 10
-6.536041371559833
 20
-2.9192295395212824
 10
-6.5406381441923145
 20
-2.9151649166399167
 10
-6.545333288119309
 20
-2.9112143342389487
 10
-6.550123974874879
 20
-2.90738017224286
 10
-6.555007318435742
 20
-2.9036647404417195
 10
-6.55998037695997
 20
-2.900070277099722
 10
-6.565040154559199
 20
-2.8965989476067975
 10
-6.645821129867585
 20
-2.842623964217843
 10
-6.650964181754674
 20
-2.839278110959988
 10
-6.656187793961976
 20
-2.8360594789145495
 10
-6.661488820143205
 20
-2.8329700067650805
 10
-6.666864067323132
 20
-2.830011555398073
 10
-6.672310297820928
 20
-2.8271859067820557
 10
-6.677824231200248
 20
-2.8244947628942754
 10
-6.683402546245176
 20
-2.821939744695541
 10
-6.689041882960694
 20
-2.8195223911538747
 10
-6.694738844596486
 20
-2.8172441583175214
 10
-6.700489999692948
 20
-2.815106418437942
 10
-6.706291884148058
 20
-2.8131104591432816
 10
-6.71214100330387
 20
-2.8112574826627394
 10
-6.718033834051511
 20
-2.8095486051024707
 10
-6.72396682695323
 20
-2.807984855773313
 10
-6.729936408380354
 20
-2.8065671765707876
 10
-6.735938982665772
 20
-2.8052964214077676
 10
-6.831226953502124
 20
-2.7863424272576296
 10
-6.837259072909475
 20
-2.7852193324332575
 10
-6.843316937728773
 20
-2.7842446117758257
 10
-6.84939689891452
 20
-2.783418852422905
 10
-6.85549529411108
 20
-2.782742551782995
 10
-6.861608449858863
 20
-2.7822161172359046
 10
-6.86773268380702
 20
-2.7818398658873775
 10
-6.87386430693158
 20
-2.7816140243780225
 10
-6.8799996257576055
 20
-2.781538728746874
 10
-6.984365633572793
 20
-2.7815387285030795
 10
-7.0479850285723415
 20
-2.777122311228858
 10
-7.222295444480508
 20
-2.7361246209077734
 10
-7.287336486085479
 20
-2.707406218651691
 10
-7.383435284413935
 20
-2.6649744816608845
 10
-7.528761664241472
 20
-2.565423336482233
 10
-7.653321346749678
 20
-2.440863651876896
 10
-7.752872734814375
 20
-2.295536912232407
 10
-7.767948485589713
 20
-2.2613938815299406
 10
-7.824023925990005
 20
-2.1343956413699345
 10
-7.865022128480035
 20
-1.9600792311460964
 10
-7.869436728746464
 20
-1.8964689457686887
 10
-7.8694367286633025
 20
-0.06561001573317071
  0
LWPOLYLINE
  5
37
330
17
100
AcDbEntity
  8
0
100
AcDbPolyline
 90
17
 70
0
 10
-2.444987503746887
 20
-0.6406169010900484
 10
-2.444987503746887
 20
-0.7349875162468678
 10
-2.4449122084409396
 20
-0.7411228224099702
 10
-2.44468636787812
 20
-0.7472544328948558
 10
-2.4443101180963254
 20
-0.7533786542494241
 10
-2.4437836857343314
 20
-0.7594917974725419
 10
-2.4431073878951963
 20
-0.7655901802361029
 10
-2.4422816319553817
 20
-0.7716701291031569
 10
-2.4413069153192737
 20
-0.7777279817406395
 10
-2.440183825119618
 20
-0.7837600891254226
 10
-2.438913037863813
 20
-0.789762817742357
 10
-2.4374953190263966
 20
-0.7957325517729643
 10
-2.437319904875636
 20
-0.7963980842571772
 10
-2.439850262300098
 20
-0.7938677266974068
 10
-2.443375492381108
 20
-0.784415799215644
 10
-2.4449877075446977
 20
-0.7694197535774663
 10
-2.444987503746887
 20
-0.6406169010900484
  0
LWPOLYLINE
  5
38
330
17
100
AcDbEntity
  8
0
100
AcDbPolyline
 90
16
 70
0
 10
-2.256398096829372
 20
-0.9773199019784187
 10
-2.255732592812791
 20
-0.9774953087464198
 10
-2.2497628590220984
 20
-0.9789130285940999
 10
-2.243760130620217
 20
-0.9801838168657611
 10
-2.237728023425518
 20
-0.981306908086232
 10
-2.231670170952981
 20
-0.9822816257475111
 10
-2.2255902222256623
 20
-0.9831073827162342
 10
-2.2194918395765626
 20
-0.9837836815874041
 10
-2.2133786964425326
 20
-0.9843101149839484
 10
-2.2072544751516148
 20
-0.9846863658021476
 10
-2.2011228647049563
 20
-0.9849122074026226
 10
-2.1950451795760557
 20
-0.9849867965853676
 10
-2.2294196427215525
 20
-0.9849867472934406
 10
-2.2444197979594094
 20
-0.9833739998875117
 10
-2.2538680595226026
 20
-0.9798499394204896
 10
-2.256398096829372
 20
-0.9773199019784187
  0
LWPOLYLINE
  5
39
330
17
100
AcDbEntity
  8
0
100
AcDbPolyline
 90
44
 70
0
 10
-6.408204362274972
 20
2.605335419809343
 10
-6.326518462004856
 20
2.63187650581537
 10
-6.155517412205711
 20
2.6589614961277306
 10
-5.982356806266267
 20
2.658961495024144
 10
-5.811356174227711
 20
2.6318765686467955
 10
-5.729671039813809
 20
2.605335426879776
 10
-5.730082775814964
 20
2.604923692948752
 10
-5.7379722108130125
 20
2.6077465779264273
 10
-5.7437742387718345
 20
2.6097426066774645
 10
-5.749623504266054
 20
2.6115956453679274
 10
-5.755516483916807
 20
2.6133045777965975
 10
-5.761449628013537
 20
2.61486837456647
 10
-5.842364820440082
 20
2.6351365751258697
 10
-5.848334555078566
 20
2.6365542942642577
 10
-5.854337284313971
 20
2.6378250817901545
 10
-5.860369392326618
 20
2.6389481722286874
 10
-5.866427245600221
 20
2.63992288907216
 10
-5.948939440316991
 20
2.65216241693512
 10
-5.955019389827271
 20
2.6529881730505593
 10
-5.961117773239977
 20
2.653664471033359
 10
-5.96723091711695
 20
2.654190903506901
 10
-5.973355139128927
 20
2.6545671533679425
 10
-6.056669698595556
 20
2.658660135190381
 10
-6.062801309740166
 20
2.658885975800075
 10
-6.0689366165641445
 20
2.6589612711204893
 10
-6.075071923388094
 20
2.6588859757965366
 10
-6.081203534532563
 20
2.658660135183304
 10
-6.164518093996747
 20
2.6545671533128115
 10
-6.170642316008497
 20
2.6541909034482387
 10
-6.176755459885186
 20
2.6536644709711723
 10
-6.182853843297494
 20
2.6529881729848555
 10
-6.1889337928072905
 20
2.652162416865906
 10
-6.271445987517268
 20
2.6399228889553115
 10
-6.277503840790331
 20
2.6389481721083428
 10
-6.283535948802353
 20
2.6378250816663282
 10
-6.289538678037019
 20
2.636554294136964
 10
-6.295508412674707
 20
2.63513657499513
 10
-6.376423605089201
 20
2.6148683743891254
 10
-6.382356749184993
 20
2.6133045776158355
 10
-6.388249728834722
 20
2.611595645183776
 10
-6.394098994327834
 20
2.6097426064899523
 10
-6.399901022285462
 20
2.6077465777355826
 10
-6.407792061444212
 20
2.6049231187748987
 10
-6.408204362274972
 20
2.605335419809343
  0
LWPOLYLINE
  5
3A
330
17
100
AcDbEntity
  8
0
100
AcDbPolyline
 90
578
 70
0
 10
-6.918936533899071
 20
-2.1810384987468723
 10
-6.425102056663945
 20
-2.181038523653349
 10
-3.847019291803491
 20
-4.759121288505646
 10
-3.8408711093123316
 20
-4.765120393862674
 10
-3.8345775531223296
 20
-4.770966808448783
 10
-3.780015154505776
 20
-4.820419283937291
 10
-3.7735800156630717
 20
-4.826109486053689
 10
-3.767007170413393
 20
-4.831640048174677
 10
-3.7603005779929504
 20
-4.837007638896431
 10
-3.753464278202216
 20
-4.842209024983013
 10
-3.694317424291569
 20
-4.88607532146618
 10
-3.687355535061897
 20
-4.891107369797147
 10
-3.6802722499750757
 20
-4.8959670492547005
 10
-3.6730718357371757
 20
-4.900651432549644
 10
-3.66575862960849
 20
-4.905157697984656
 10
-3.602596935028174
 20
-4.943015360780301
 10
-3.595175342210638
 20
-4.94734079394955
 10
-3.587649833194263
 20
-4.9514827893738556
 10
-3.580024941064238
 20
-4.955438852070067
 10
-3.572305258770484
 20
-4.959206599053928
 10
-3.5057370051664236
 20
-4.9906910381746385
 10
-3.4979271827569107
 20
-4.994268199896247
 10
-3.4900319245766127
 20
-4.997652621607152
 10
-3.4820559864338634
 20
-5.000842264658267
 10
-3.4740041727355333
 20
-5.003835207727889
 10
-3.404670448779939
 20
-5.028643210813712
 10
-3.3965476096374516
 20
-5.031437651064856
 10
-3.3883586379454584
 20
-5.0340319052311955
 10
-3.3801084664342795
 20
-5.036424410631021
 10
-3.3718020646987554
 20
-5.038613726108537
 10
-3.3003705920549464
 20
-5.056506378528248
 10
-3.2920129635609783
 20
-5.058491185321664
 10
-3.283609142631377
 20
-5.060270287857598
 10
-3.2751641914136087
 20
-5.06184261447121
 10
-3.2666831968305132
 20
-5.063207218051751
 10
-3.1938418996289215
 20
-5.074012203781415
 10
-3.1853299703357436
 20
-5.075168262340085
 10
-3.1767922335793344
 20
-5.076115079514096
 10
-3.1682338321730015
 20
-5.076852084976196
 10
-3.159659921377738
 20
-5.077378834781854
 10
-3.0861102987967968
 20
-5.0809920960349615
 10
-3.0775260432084224
 20
-5.081308272889963
 10
-3.0689366136689102
 20
-5.081413686340667
 10
0.9310633814213531
 20
-5.081413686334649
 10
0.9396528110317774
 20
-5.081308272882183
 10
0.9482370666909219
 20
-5.08099209602193
 10
1.0217866895146415
 20
-5.077378834726787
 10
1.030360600331079
 20
-5.076852084916048
 10
1.0389190017583871
 20
-5.076115079447831
 10
1.047456738535601
 20
-5.075168262266658
 10
1.0559686678492994
 20
-5.074012203699802
 10
1.1288099650440984
 20
-5.063207217922503
 10
1.1372909596263128
 20
-5.06184261433642
 10
1.1457359108430865
 20
-5.06027028771728
 10
1.1541397317715507
 20
-5.058491185175846
 10
1.1624973602642399
 20
-5.056506378376973
 10
1.233928832895998
 20
-5.038613725910658
 10
1.2422352346300158
 20
-5.0364244104277205
 10
1.2504854061395747
 20
-5.034031905022523
 10
1.2586743778298057
 20
-5.0314376508508545
 10
1.2667972169704171
 20
-5.028643210594424
 10
1.3361309409096975
 20
-5.003835207463368
 10
1.344182754606095
 20
-5.000842264388481
 10
1.352158692746798
 20
-4.9976526213321435
 10
1.3600539509249074
 20
-4.994268199616066
 10
1.3678637733321182
 20
-4.990691037889341
 10
1.4344320269158004
 20
-4.959206598725046
 10
1.4421517092070815
 20
-4.95543885173614
 10
1.44977660133452
 20
-4.951482789034955
 10
1.4573021103482233
 20
-4.947340793605726
 10
1.4647237031629174
 20
-4.94301536043163
 10
1.5278853977188191
 20
-4.905157697594525
 10
1.5351986038445773
 20
-4.900651432154724
 10
1.5423990180794647
 20
-4.895967048855056
 10
1.5494823031631313
 20
-4.891107369392856
 10
1.5564441923895345
 20
-4.8860753210573264
 10
1.6155910462713337
 20
-4.842209024535627
 10
1.6224273460417464
 20
-4.837007638457756
 10
1.6291339384424646
 20
-4.831640047745616
 10
1.6357067836729868
 20
-4.826109485635136
 10
1.6421419224971316
 20
-4.820419283530107
 10
1.696704320912005
 20
-4.770966808183765
 10
1.7029978770482899
 20
-4.765120393643954
 10
1.7091460594880914
 20
-4.759121288335791
 10
3.709146056012571
 20
-2.759121291802778
 10
3.7151451613694633
 20
-2.752973109311718
 10
3.7209915759554804
 20
-2.7466795531218438
 10
3.770444051443633
 20
-2.6921171545057234
 10
3.7761342535600875
 20
-2.685682015662948
 10
3.7816648156811254
 20
-2.6791091704131986
 10
3.7870324064029433
 20
-2.6724025779926706
 10
3.792233792489583
 20
-2.6655662782018794
 10
3.8361000889726427
 20
-2.606419424291289
 10
3.8411321373035605
 20
-2.599457535061653
 10
3.845991816761085
 20
-2.592374249974867
 10
3.850676200056
 20
-2.5851738357370024
 10
3.855182465490998
 20
-2.5778606296083595
 10
3.893040128286458
 20
-2.514698935028342
 10
3.8973655614557003
 20
-2.50727734221082
 10
3.9015075568800057
 20
-2.4997518331944377
 10
3.90546361957621
 20
-2.49212694106442
 10
3.90923136656005
 20
-2.4844072587706805
 10
3.9407158056810943
 20
-2.4178390051659164
 10
3.9442929674027596
 20
-2.410029182756304
 10
3.947677389113693
 20
-2.4021339245759066
 10
3.950867032164865
 20
-2.3941579864330365
 10
3.953859975234508
 20
-2.3861061727345927
 10
3.9786679783202885
 20
-2.316772448778835
 10
3.9814624185713683
 20
-2.308649609636504
 10
3.984056672737637
 20
-2.300460637944667
 10
3.986449178137434
 20
-2.2922104664336587
 10
3.9886384936149
 20
-2.283904064698305
 10
4.006531146034405
 20
-2.212472592055512
 10
4.00851595282785
 20
-2.20411496356148
 10
4.010295055363798
 20
-2.195711142631808
 10
4.011867381977424
 20
-2.1872661914139755
 10
4.013231985557979
 20
-2.178785196830823
 10
4.024036971287671
 20
-2.1059438996289614
 10
4.025193029846321
 20
-2.0974319703357907
 10
4.026139847020346
 20
-2.088894233579367
 10
4.026876852482445
 20
-2.0803358321730414
 10
4.0274036022881035
 20
-2.071761921377771
 10
4.031016863541225
 20
-1.998212298796389
 10
4.031333040396277
 20
-1.9896280432060252
 10
4.031438453846931
 20
-1.9810386136645093
 10
4.031438453840906
 20
-1.5210386185744014
 10
4.031333040388375
 20
-1.5124491889659524
 10
4.03101686352818
 20
-1.5038649333087903
 10
4.027403602233022
 20
-1.43031531048522
 10
4.026876852422276
 20
-1.4217413996688464
 10
4.026139846954067
 20
-1.413182998241595
 10
4.0251930297729075
 20
-1.4046452614644593
 10
4.024036971206073
 20
-1.396133332150832
 10
4.01323198542886
 20
-1.3232920349563528
 10
4.011867381842762
 20
-1.314811040374046
 10
4.010295055223594
 20
-1.306366089157187
 10
4.00851595268216
 20
-1.2979622682286305
 10
4.00653114588323
 20
-1.289604639735849
 10
3.988638493416687
 20
-1.2181731671033518
 10
3.986449177933764
 20
-1.2098667653693553
 10
3.984056672528567
 20
-1.201616593859839
 10
3.9814624183569265
 20
-1.1934276221696294
 10
3.9786679781005034
 20
-1.1853047830290535
 10
3.9538599749694754
 20
-1.115971059089894
 10
3.9508670318945747
 20
-1.1079192453934539
 10
3.9476773888382013
 20
-1.0999433072527083
 10
3.9442929671221236
 20
-1.0920480490745703
 10
3.940715805395371
 20
-1.0842382266673312
 10
3.9092313662311255
 20
-1.017669973083862
 10
3.9054636192422265
 20
-1.0099502907926237
 10
3.901507556541077
 20
-1.0023253986652279
 10
3.8973655611118545
 20
-0.9947998896515884
 10
3.8930401279377804
 20
-0.9873782968369369
 10
3.8551824651007394
 20
-0.9242166022811489
 10
3.8506761996609384
 20
-0.9169033961553836
 10
3.845991816361277
 20
-0.9097029819205176
 10
3.841132136899091
 20
-0.902619696836851
 10
3.836100088563569
 20
-0.8956578076104407
 10
3.792233792041827
 20
-0.8365109537285846
 10
3.7870324059639415
 20
-0.8296746539581434
 10
3.781664815251787
 20
-0.8229680615574253
 10
3.7761342531412936
 20
-0.8163952163268888
 10
3.770444051036236
 20
-0.8099600775027227
 10
3.720991575689567
 20
-0.7553976790875154
 10
3.715145162150378
 20
-0.7491041240022227
 10
3.709146057893804
 20
-0.742955942563654
 10
2.4423581781851738
 20
0.5238319581478095
 10
2.441187690751292
 20
0.5278681965027658
 10
2.4385934365803905
 20
0.5360571681920163
 10
2.4357989963247633
 20
0.5441800073316614
 10
2.4060442767138
 20
0.627338877670816
 10
2.4030513336393255
 20
0.6353906913674052
 10
2.3998616905834353
 20
0.6433666295083
 10
2.3964772688677556
 20
0.6512618876866085
 10
2.3929001071414575
 20
0.6590717100940253
 10
2.3551376699744537
 20
0.738913675215386
 10
2.351369922985981
 20
0.7466333575068447
 10
2.347413860285201
 20
0.7542582496344679
 10
2.343271864856405
 20
0.7617837586483489
 10
2.3389464316827286
 20
0.7692053514632491
 10
2.293539949872752
 20
0.844961489596578
 10
2.289033684433349
 20
0.8522746957225849
 10
2.2843493011340854
 20
0.8594751099577067
 10
2.279489621672269
 20
0.8665583950416362
 10
2.2744575733371164
 20
0.8735202842683094
 10
2.221844336125571
 20
0.9444610223908825
 10
2.2166429500348954
 20
0.9512973221784691
 10
2.211275359309127
 20
0.9580039145956931
 10
2.2057447971842237
 20
0.9645767598420392
 10
2.200054595063989
 20
0.9710118986813256
 10
2.1407412966869686
 20
1.0364540387045267
 10
2.1348948821363365
 20
1.0427475948498
 10
2.1288957768168757
 20
1.0488957772980925
 10
2.1227475943653076
 20
1.0548948826142066
 10
2.116454038216858
 20
1.060741297161421
 10
2.0510118981609367
 20
1.120054595503177
 10
2.0445767593185167
 20
1.1257447976199302
 10
2.0380039140691224
 20
1.131275359741288
 10
2.0312973216489354
 20
1.1366429504634326
 10
2.0244610218584853
 20
1.141844336550406
 10
1.953520283707121
 20
1.194457573723362
 10
1.9465583944777336
 20
1.1994896220546991
 10
1.939475109391168
 20
1.2043493015126359
 10
1.9322746951534953
 20
1.2090336848079701
 10
1.9249614890250655
 20
1.2135399502433728
 10
1.8492053508672086
 20
1.2589464320119532
 10
1.841783758049928
 20
1.2632718651816077
 10
1.834258249033752
 20
1.267413860606318
 10
1.8266333569039546
 20
1.2713699233029345
 10
1.8189136746104282
 20
1.275137670287215
 10
1.739071709468476
 20
1.312900107410698
 10
1.731261887059162
 20
1.31647726913274
 10
1.7233666288790346
 20
1.3198616908440783
 10
1.7153906907364558
 20
1.3230513338956271
 10
1.7073388770382678
 20
1.326044276965682
 10
1.6241800066826784
 20
1.3557989965314334
 10
1.6160571675403617
 20
1.3585934367830177
 10
1.6078681958484822
 20
1.361187690949805
 10
1.5996180243374454
 20
1.363580196350071
 10
1.5913116226020634
 20
1.3657695118280415
 10
1.505636712413576
 20
1.3872299596209885
 10
1.4972790839197216
 20
1.3892147664148524
 10
1.4888752629902058
 20
1.3909938689512416
 10
1.480430311772551
 20
1.3925661955653155
 10
1.4719493171895408
 20
1.3939307991463181
 10
1.3845834633884522
 20
1.4068902993227326
 10
1.3760715340740433
 20
1.408046357884487
 10
1.3675337972962893
 20
1.4089931750605444
 10
1.358975395868498
 20
1.4097301805236384
 10
1.3504014850517478
 20
1.4102569303292398
 10
1.2621860685686386
 20
1.4145906758180615
 10
1.2536018129661954
 20
1.4149068526717699
 10
1.245012383412643
 20
1.4150122661204918
 10
1.2364229538591474
 20
1.4149068526670945
 10
1.2278386982568747
 20
1.4145906758087037
 10
1.1396232817762098
 20
1.410256930271828
 10
1.1310493709597438
 20
1.4097301804615583
 10
1.1224909695323504
 20
1.4089931749938032
 10
1.1139532327550796
 20
1.4080463578130988
 10
1.1054413034413244
 20
1.4068902992466974
 10
1.0180754496470286
 20
1.3939307990226482
 10
1.0095944550647573
 20
1.392566195437027
 10
1.0011495038479268
 20
1.3909938688183487
 10
0.9927456829193488
 20
1.3892147662773766
 10
0.9843880544265744
 20
1.387229959478951
 10
0.8987131442501379
 20
1.3657695116393995
 10
0.8904067425159781
 20
1.3635801961569172
 10
0.8821565710063055
 20
1.3611876907521676
 10
0.873967599315904
 20
1.3585934365809464
 10
0.8658447601751504
 20
1.3557989963249497
 10
0.7826858898358751
 20
1.326044276713965
 10
0.7746340761393071
 20
1.323051333639512
 10
0.7666581379984052
 20
1.3198616905836147
 10
0.7587628798201251
 20
1.3164772688679633
 10
0.7509530574127155
 20
1.312900107141651
 10
0.6711110922911416
 20
1.2751376699745833
 10
0.6633914099996616
 20
1.2713699229861035
 10
0.6557665178719958
 20
1.2674138602853304
 10
0.6482410088580934
 20
1.2632718648565202
 10
0.6408194160431719
 20
1.2589464316828227
 10
0.5650632779097293
 20
1.2135399498727821
 10
0.5577500717837154
 20
1.2090336844333862
 10
0.5505496575486006
 20
1.2043493011341084
 10
0.5434663724646782
 20
1.1994896216722992
 10
0.5365044832379908
 20
1.1944575733371536
 10
0.4655637451154746
 20
1.1418443361256578
 10
0.4587274453278667
 20
1.1366429500349753
 10
0.45202085291063554
 20
1.1312753593091998
 10
0.4454480076642824
 20
1.1257447971842751
 10
0.4390128688249888
 20
1.1200545950640262
 10
0.3735707288016954
 20
1.0607412966869063
 10
0.36727717265642923
 20
1.0548948821362885
 10
0.36112899020815803
 20
1.0488957768168348
 10
0.355129884892051
 20
1.042747594365288
 10
0.34928347034485796
 20
1.0364540382168528
 10
0.2899701720029668
 20
0.9710118981608034
 10
0.2842799698861711
 20
0.9645767593183479
 10
0.27874940776479207
 20
0.9580039140689109
 10
0.2733818170426332
 20
0.9512973216486955
 10
0.26818043095562416
 20
0.9444610218582028
 10
0.21556719378276057
 20
0.8735202837069025
 10
0.2105351454514448
 20
0.8665583944775292
 10
0.20567546599352227
 20
0.859475109390992
 10
0.2009910826982093
 20
0.8522746951533691
 10
0.19648481726281375
 20
0.8449614890249606
 10
0.15107833549441807
 20
0.7692053508674022
 10
0.14675290232477778
 20
0.7617837580501003
 10
0.14261090690004607
 20
0.7542582490339313
 10
0.13865484420344387
 20
0.7466333569041197
 10
0.13488709721914915
 20
0.7389136746105791
 10
0.09712466009534637
 20
0.6590717094679164
 10
0.09354749837328313
 20
0.6512618870585172
 10
0.09016307666192347
 20
0.6433666288783328
 10
0.08697343361035337
 20
0.6353906907356688
 10
0.08398049054025591
 20
0.6273388770374169
 10
0.054225770974539955
 20
0.544180006681664
 10
0.05143133072300543
 20
0.5360571675394681
 10
0.048837076556282
 20
0.527868195847752
 10
0.0464445711560586
 20
0.5196180243368502
 10
0.044255255678109506
 20
0.5113116226016032
 10
0.02279480788536148
 20
0.42563671241414625
 10
0.02081000109149045
 20
0.41727908392022073
 10
0.019030898555087106
 20
0.4088752629906338
 10
0.017458571940977663
 20
0.4004303117728867
 10
0.016093968359967903
 20
0.3919493171898054
 10
0.0031344681835321353
 20
0.30458346338841835
 10
0.001978409621784749
 20
0.2960715340740592
 10
0.0010315924457415804
 20
0.28753379729631945
 10
0.0002945869826476155
 20
0.2789753958685921
 10
-0.00023216282295379642
 20
0.27040148505187034
 10
-0.004565908311803923
 20
0.18218606856856212
 10
-0.0048820851655193565
 20
0.17360181296606925
 10
-0.004987498614241304
 20
0.16501238341244573
 10
-0.004882085160829774
 20
0.15642295385888616
 10
-0.004565908302424759
 20
0.14783869825656382
 10
-0.00023216276551352166
 20
0.0596232817760054
 10
0.0002945870447490506
 20
0.05104937095961759
 10
0.0010315925124757541
 20
0.042490969532337886
 10
0.001978409693180083
 20
0.03395323275515949
 10
0.003134468259560208
 20
0.025441303441482432
 10
0.016093968483517074
 20
-0.06192455035252209
 10
0.017458572069159572
 20
-0.07040554493489992
 10
0.01903089868784491
 20
-0.07885049615182993
 10
0.02081000122885257
 20
-0.08725431708048603
 10
0.022794808027299496
 20
-0.09561194557336705
 10
0.04425525586708545
 20
-0.18128685575052828
 10
0.0464445713495536
 20
-0.1895932574846526
 10
0.04883707675429605
 20
-0.19784342899430385
 10
0.05143133092553853
 20
-0.20603240068466278
 10
0.05422577118150684
 20
-0.21415523982539497
 10
0.08398049079247016
 20
-0.29731411016454956
 10
0.08697343386694456
 20
-0.3053659238611388
 10
0.09016307692283476
 20
-0.3133418620020336
 10
0.09354749863851453
 20
-0.3212371201803421
 10
0.0971246603648126
 20
-0.3290469425877518
 10
0.13488709753181638
 20
-0.40888890770911956
 10
0.1386548445202891
 20
-0.41660859000057826
 10
0.14261090722104086
 20
-0.42423348212820144
 10
0.1467529026498653
 20
-0.4317589911420825
 10
0.15107833582354147
 20
-0.4391805839569898
 10
0.1964848176335181
 20
-0.5149367220903187
 10
0.20099108307292113
 20
-0.5222499282163255
 10
0.2056754663721847
 20
-0.5294503424514474
 10
0.21053514583400101
 20
-0.5365336275353769
 10
0.2155671941691537
 20
-0.5434955167620501
 10
0.26818043138069925
 20
-0.6144362548846232
 10
0.2733818174713747
 20
-0.6212725546722098
 10
0.2787494081971431
 20
-0.6279791470894338
 10
0.28427997032204644
 20
-0.6345519923357799
 10
0.2899701724422812
 20
-0.6409871311750663
 10
0.34928347081930156
 20
-0.7064292711982674
 10
0.3551298853699336
 20
-0.7127228273435406
 10
0.3611289906893944
 20
-0.7188710097918332
 10
0.36727717314096253
 20
-0.7248701151079473
 10
0.37357072928941193
 20
-0.7307165296551617
 10
0.43901286934533346
 20
-0.7900298279969178
 10
0.44544800818775343
 20
-0.7957200301136709
 10
0.4520208534371477
 20
-0.8012505922350286
 10
0.4587274458573347
 20
-0.8066181829571732
 10
0.4655637456477848
 20
-0.8118195690441468
 10
0.5365044837991491
 20
-0.8644328062171027
 10
0.5434663730285365
 20
-0.8694648545484398
 10
0.5505496581151021
 20
-0.8743245340063766
 10
0.5577500723527749
 20
-0.8790089173017108
 10
0.5650632784812046
 20
-0.8835151827371135
 10
0.6408194166390615
 20
-0.9289216645056939
 10
0.648241009456342
 20
-0.9332470976753484
 10
0.6557665184725181
 20
-0.9373890931000588
 10
0.6633914106023155
 20
-0.9413451557966752
 10
0.6711110928958419
 20
-0.9451129027809557
 10
0.7509530580377941
 20
-0.9828753399044388
 10
0.758762880447108
 20
-0.9864525016264807
 10
0.7666581386272355
 20
-0.989836923337819
 10
0.7746340767698143
 20
-0.9930265663893678
 10
0.7826858904680023
 20
-0.9960195094594226
 10
0.8658447608235917
 20
-1.0257742290251741
 10
0.8739675845245927
 20
-1.028568664175637
 10
0.882156540534055
 20
-1.031162914002259
 10
0.886192824648731
 20
-1.0323334152120722
 10
1.6048979729482937
 20
-1.7510386716066932
 10
0.4752730649989019
 20
-2.880663544770499
 10
-2.613146367454391
 20
-2.880663515317387
 10
-4.86893673380257
 20
-0.6248731072018643
 10
-4.868936733992371
 20
-0.13103871611235718
 10
-4.869042147446692
 20
-0.12244928656016185
 10
-4.869358324305949
 20
-0.11386503095922507
 10
-4.869885074117036
 20
-0.10529112014414466
 10
-4.870622079585502
 20
-0.09673271871817946
 10
-4.871568896766888
 20
-0.08819498194233688
 10
-4.872724955333865
 20
-0.07968305263000275
 10
-4.874089558920048
 20
-0.07120205804910995
 10
-4.875661885539188
 20
-0.06275710683367208
 10
-4.877440988080565
 20
-0.054353285906515225
 10
-4.8794257948793245
 20
-0.045995657415126345
 10
-4.881615110362077
 20
-0.03768925568239467
 10
-4.884007615767047
 20
-0.029439084174128993
 10
-4.886601869938403
 20
-0.021250112485155626
 10
-4.889396310194485
 20
-0.013127273345808987
 10
-4.892389253268931
 20
-0.005075459650647929
 10
-4.895578896324764
 20
0.0029004784888329027
 10
-4.898963318040273
 20
0.010795736665741629
 10
-4.902540479766401
 20
0.018605559071765754
 10
-4.906308226754646
 20
0.026325241361931262
 10
-4.910264289455114
 20
0.033950133488282574
 10
-4.914406284883569
 20
0.04147564250090596
 10
-4.918731718056847
 20
0.04889723531458401
 10
-4.9232379834957385
 20
0.056210441439311865
 10
-4.927922366794434
 20
0.06341085567317606
 10
-4.932782046255625
 20
0.07049414075589766
 10
-4.937814094590095
 20
0.07745602998139134
 10
-4.943015480680089
 20
0.08429232976791923
 10
-4.948383071405146
 20
0.09099892218411298
 10
-4.953913633529282
 20
0.09757176742947848
 10
-4.959603835648693
 20
0.10400690626781284
 10
-4.9654502501984155
 20
0.11030046241211267
 10
-4.9714493555168815
 20
0.11644864485948858
 10
-4.977597537967426
 20
0.12244775017472165
 10
-4.983891094114824
 20
0.12829416472110466
 10
-4.990326232956164
 20
0.13398436683711878
 10
-4.99689907820445
 20
0.13951492895778017
 10
-5.0036056706235
 20
0.14488251967927823
 10
-5.0104419704127565
 20
0.150083905765662
 10
-5.017403859640922
 20
0.15511595409644485
 10
-5.0244871447262085
 20
0.15997563355388422
 10
-5.031687558962574
 20
0.16466001684878506
 10
-5.039000765089668
 20
0.16916628228380404
 10
-5.046422357905641
 20
0.1734917154531601
 10
-5.053947866920453
 20
0.17763371087763602
 10
-5.061572759048886
 20
0.1815897735740748
 10
-5.069292441341048
 20
0.1853575205582345
 10
-5.077102263748969
 20
0.1889346822802196
 10
-5.084997521927647
 20
0.19231910399157215
 10
-5.0929734600688334
 20
0.195508747043192
 10
-5.101025273765572
 20
0.19850169011338892
 10
-5.109148112906411
 20
0.20129613036515792
 10
-5.117337084596755
 20
0.203890384532194
 10
-5.125587256106286
 20
0.20628288993278687
 10
-5.1338936578401615
 20
0.20847220541114808
 10
-5.142251286332595
 20
0.21045701220549518
 10
-5.15065510726069
 20
0.21223611474243143
 10
-5.15910005847698
 20
0.2138084413571164
 10
-5.167581053058598
 20
0.21517304493878697
 10
-5.176092982371529
 20
0.21632910350128043
 10
-5.1846307191478616
 20
0.21727592067814072
 10
-5.193189120574232
 20
0.21801292614210155
 10
-5.201763031389589
 20
0.21853967594863377
 10
-5.210347286990697
 20
0.21885585280334396
 10
-5.218936716542942
 20
0.21896126625313173
 10
-6.9189365162974354
 20
0.21896126600756816
 10
-6.927525945850178
 20
0.2188558525552864
 10
-6.9361102014517115
 20
0.21853967569805377
 10
-6.9446841122674385
 20
0.2180129258889778
 10
-6.953242513694093
 20
0.21727592042245902
 10
-6.961780250470667
 20
0.21632910324301946
 10
-6.970292179783797
 20
0.21517304467792542
 10
-6.978773174365514
 20
0.21380844109364006
 10
-6.987218125581833
 20
0.21223611447632607
 10
-6.9956219465099
 20
0.2104570119367466
 10
-7.003979575002248
 20
0.20847220513974207
 10
-7.012285976735967
 20
0.20628288965872343
 10
-7.02053614824527
 20
0.2038903842554589
 10
-7.0287251199353165
 20
0.2012961300857512
 10
-7.0368479590757715
 20
0.19850168983129635
 10
-7.0448997727720695
 20
0.19550874675842067
 10
-7.05287571091273
 20
0.19231910370411498
 10
-7.060770969090839
 20
0.18893468199008367
 10
-7.068580791498107
 20
0.18535752026541985
 10
-7.076300473789544
 20
0.1815897732785885
 10
-7.083925365917182
 20
0.17763371057948518
 10
-7.091450874931141
 20
0.17349171515235184
 10
-7.098872467746162
 20
0.16916628198035255
 10
-7.106185673872261
 20
0.16466001654269746
 10
-7.113386088107532
 20
0.15997563324518183
 10
-7.120469373191668
 20
0.15511595378514897
 10
-7.127431262418597
 20
0.15008390545177974
 10
-7.134267562206588
 20
0.14488251936283092
 10
-7.140974154624246
 20
0.13951492863879622
 10
-7.1475469998711105
 20
0.1339843665156195
 10
-7.153982138710958
 20
0.1282941643971185
 10
-7.1602756948567645
 20
0.122447749848277
 10
-7.166423877305675
 20
0.11644864453061388
 10
-7.17242298262245
 20
0.11030046208084343
 10
-7.178269397170382
 20
0.1040069059341775
 10
-7.1839595992879595
 20
0.09757176709351256
 10
-7.189490161410177
 20
0.09099892184585912
 10
-7.194857752133245
 20
0.08429232942742004
 10
-7.2000591382212065
 20
0.07745602963868237
 10
-7.205091186553574
 20
0.07049414041102153
 10
-7.209950866012576
 20
0.06341085532618251
 10
-7.214635249309055
 20
0.056210441090243535
 10
-7.219141514745658
 20
0.04889723496349063
 10
-7.223466947916577
 20
0.04147564214783728
 10
-7.227608943342631
 20
0.03395013313328832
 10
-7.231565006040626
 20
0.026325241005075384
 10
-7.235332753026341
 20
0.01860555871309799
 10
-7.2389099147498825
 20
0.01079573630531172
 10
-7.242294336462777
 20
0.002900478126711903
 10
-7.2454839795159245
 20
-0.005075460014410282
 10
-7.248476922587642
 20
-0.01312727371114164
 10
-7.25127136284091
 20
-0.021250112852001735
 10
-7.253865617009438
 20
-0.02943908454242461
 10
-7.256258122411509
 20
-0.03768925605206874
 10
-7.258447437891334
 20
-0.04599565778610781
 10
-7.260432244687124
 20
-0.05435328627874014
 10
-7.262211347225502
 20
-0.0627571072070694
 10
-7.263783673841587
 20
-0.0712020584236086
 10
-7.265148277424657
 20
-0.07968305300553169
 10
-7.266304335988508
 20
-0.08819498231881795
 10
-7.267251153166725
 20
-0.09673271909553449
 10
-7.267988158632008
 20
-0.1052911205222955
 10
-7.26851490843984
 20
-0.11386503133810066
 10
-7.2688310852958296
 20
-0.12244928693967694
 10
-7.268936498746868
 20
-0.1310387164924336
 10
-7.268936498746868
 20
-1.8310385162468705
 10
-7.26883108530258
 20
-1.8396279455246827
 10
-7.268514908466827
 20
-1.8482122008518118
 10
-7.267988158692702
 20
-1.8567861113941717
 10
-7.267251153274543
 20
-1.8653445125489654
 10
-7.26630433615685
 20
-1.873882249055704
 10
-7.265148277666782
 20
-1.8823941781014781
 10
-7.263783674170725
 20
-1.890875172418859
 10
-7.262211347654727
 20
-1.8993201233743093
 10
-7.2604322452294525
 20
-1.907723944045479
 10
-7.2584474385596
 20
-1.9160815722853641
 10
-7.256258123218402
 20
-1.9243879737715446
 10
-7.253865617967477
 20
-1.9326381450386805
 10
-7.251271363962431
 20
-1.9408271164924216
 10
-7.24847692388478
 20
-1.948949955402881
 10
-7.245483981000632
 20
-1.9570017688759407
 10
-7.242294338146735
 20
-1.9649777068005676
 10
-7.238909916644559
 20
-1.9728729647702892
 10
-7.2353327551429345
 20
-1.9806827869772334
 10
-7.2315650083900636
 20
-1.9884024690768456
 10
-7.227608945935543
 20
-1.996027361021575
 10
-7.223466950763324
 20
-2.0035528698619203
 10
-7.219141517856258
 20
-2.0109744625130546
 10
-7.214635252693228
 20
-2.0182876684853497
 10
-7.2099508696796875
 20
-2.025488082577276
 10
-7.2050911905126185
 20
-2.0325713675289094
 10
-7.200059142480853
 20
-2.0395332566345203
 10
-7.194857756701765
 20
-2.0463695563127047
 10
-7.189490166295471
 20
-2.053076148632428
 10
-7.183959604497488
 20
-2.059648993793516
 10
-7.178269402711251
 20
-2.0660841325600714
 10
-7.172422988501324
 20
-2.0723776886453678
 10
-7.166423883528793
 20
-2.0785258710468
 10
-7.160275701429924
 20
-2.084524976329419
 10
-7.153982145639489
 20
-2.0903713908567596
 10
-7.147547007159929
 20
-2.0960615929675512
 10
-7.140974162277772
 20
-2.1015921550970234
 10
-7.134267570228758
 20
-2.1069597458415714
 10
-7.127431270812906
 20
-2.1121611319654434
 10
-7.120469381961087
 20
-2.1171931803483304
 10
-7.113386097254548
 20
-2.122052859872646
 10
-7.106185683398877
 20
-2.1267372432493445
 10
-7.098872477653856
 20
-2.1312435087812176
 10
-7.09145088522088
 20
-2.1355689420625907
 10
-7.083925376589434
 20
-2.1397109376143533
 10
-7.076300484844225
 20
-2.1436670004534335
 10
-7.068580802934633
 20
-2.1474347475956534
 10
-7.060770980908103
 20
-2.15101190949116
 10
-7.052875723109068
 20
-2.154396331391524
 10
-7.044899785345322
 20
-2.157585974647688
 10
-7.03684797202321
 20
-2.160578917937933
 10
-7.028725133253687
 20
-2.163373358425254
 10
-7.020536161930792
 20
-2.1659676128433034
 10
-7.0122859907843065
 20
-2.1683601185103285
 10
-7.003979589408544
 20
-2.1705494342704554
 10
-6.995621961268768
 20
-2.1725342413618307
 10
-6.987218140687332
 20
-2.174313344210958
 10
-6.978773189811179
 20
-2.1758856711528693
 10
-6.970292195562621
 20
-2.1772502750766662
 10
-6.961780266575147
 20
-2.1784063339960227
 10
-6.953242530116171
 20
-2.1793531515443263
 10
-6.944684128998546
 20
-2.180090157394126
 10
-6.936110218482753
 20
-2.1806169076006725
 10
-6.9275259631715755
 20
-2.1809330848693733
 10
-6.918936533899071
 20
-2.1810384987468723
  0
LWPOLYLINE
  5
3B
330
17
100
AcDbEntity
  8
0
100
AcDbPolyline
 90
497
 70
0
 10
-7.769436733663468
 20
-0.06907697739865881
 10
-7.765820987785091
 20
-0.016993914678579358
 10
-7.728801788781354
 20
0.14040362901225478
 10
-7.665136481908803
 20
0.2845903185038807
 10
-7.576057542324776
 20
0.41462887662863324
 10
-7.464604097271604
 20
0.5260823198053401
 10
-7.3205726245236775
 20
0.6247466756271152
 10
-7.317800521847943
 20
0.6263354802681889
 10
-7.310453720169477
 20
0.6307892857996578
 10
-7.303218450379106
 20
0.6354220765002125
 10
-7.296099072059732
 20
0.6402310609003123
 10
-7.28909987496435
 20
0.6452133413655972
 10
-7.282225076431246
 20
0.6503659158428761
 10
-7.277720275287976
 20
0.6539181783901427
 10
-7.267896590872226
 20
0.6600969083807087
 10
-7.260720573334638
 20
0.664733542362697
 10
-7.253659867294402
 20
0.669543951139083
 10
-7.2467186799875805
 20
0.6745252683498535
 10
-7.239901147433102
 20
0.6796745257964503
 10
-7.233211331968192
 20
0.6849886552103897
 10
-7.2266532198277815
 20
0.690464490081574
 10
-7.22023071876923
 20
0.6960987675450667
 10
-7.2139476557438655
 20
0.701888130325365
 10
-7.207807774616569
 20
0.7078291287368614
 10
-7.201814733934995
 20
0.7139182227393945
 10
-7.195972104749529
 20
0.7201517840476512
 10
-7.190283368485439
 20
0.7265260982931423
 10
-7.184751914868372
 20
0.7330373672374364
 10
-7.179381039904598
 20
0.7396817110354448
 10
-7.119232063012518
 20
0.8159786818755776
 10
-7.113997012312865
 20
0.8227894438417991
 10
-7.108930686034753
 20
0.8297266314875245
 10
-7.104036136060401
 20
0.8367860659504913
 10
-7.099316310796468
 20
0.8439634947287047
 10
-7.0947740533979555
 20
0.8512545942420857
 10
-7.0904121000555165
 20
0.8586549724369377
 10
-7.086233078347249
 20
0.8661601714316447
 10
-7.082239505655835
 20
0.8737656702020615
 10
-7.078433787652159
 20
0.8814668873048888
 10
-7.074818216846111
 20
0.8892591836374777
 10
-7.071394971205663
 20
0.8971378652323594
 10
-7.070806357887591
 20
0.8985890130828551
 10
-7.066700053009583
 20
0.8922771691949052
 10
-7.061840373547682
 20
0.8851938841110893
 10
-7.056808325212458
 20
0.878231994884537
 10
-7.0071180459479905
 20
0.8112324093192385
 10
-7.001916659857173
 20
0.8043961095316945
 10
-6.996549069131277
 20
0.7976895171145273
 10
-6.991018507006231
 20
0.791116671868231
 10
-6.985328304885854
 20
0.7846815330290013
 10
-6.9293101901174055
 20
0.7228750678567124
 10
-6.923463775566688
 20
0.7165815117115599
 10
-6.917464670247156
 20
0.710433329263374
 10
-6.911316487795503
 20
0.7044342239473806
 10
-6.905022931646982
 20
0.6985878094002942
 10
-6.843216466442314
 20
0.6425696946674293
 10
-6.83678132759978
 20
0.6368794925507544
 10
-6.830208482350287
 20
0.6313489304294819
 10
-6.82350188993
 20
0.6259813397074367
 10
-6.816665590139436
 20
0.6207799536205556
 10
-6.749666004545318
 20
0.5710896743946421
 10
-6.742704115315846
 20
0.5660576260634258
 10
-6.735620830229223
 20
0.561197946605617
 10
-6.728420415991522
 20
0.5565135633104035
 10
-6.721107209863021
 20
0.5520072978751287
 10
-6.6495597465148535
 20
0.5091233987088444
 10
-6.642138153697502
 20
0.5047979655393178
 10
-6.634612644681283
 20
0.5006559701147211
 10
-6.626987752551415
 20
0.49669990741822545
 10
-6.619268070257817
 20
0.49293216043407995
 10
-6.543861770338907
 20
0.4572676367187398
 10
-6.536051947929508
 20
0.4536904749968187
 10
-6.528156689749352
 20
0.45030605328560114
 10
-6.520180751606688
 20
0.44711641023417314
 10
-6.512128937908443
 20
0.4441234671642391
 10
-6.433590005308361
 20
0.4160217877595329
 10
-6.425467166166015
 20
0.41322734750808365
 10
-6.417278194474136
 20
0.4106330933414384
 10
-6.409028022963071
 20
0.40824058794130735
 10
-6.40072162122766
 20
0.40605127246347195
 10
-6.319806428801115
 20
0.385783071904072
 10
-6.311448800307204
 20
0.3837982651103431
 10
-6.30304497937766
 20
0.38201916257408186
 10
-6.294600028159948
 20
0.38044683596014295
 10
-6.2861190335769095
 20
0.3790822323792753
 10
-6.203606838860139
 20
0.3668427045163156
 10
-6.19509490954573
 20
0.36568664595469613
 10
-6.186557172767948
 20
0.36473982877877376
 10
-6.177998771340185
 20
0.3640028233158219
 10
-6.169424860523435
 20
0.3634760735103626
 10
-6.086110301056806
 20
0.35938309168792415
 10
-6.077526045454363
 20
0.3590669148343437
 10
-6.068936615900782
 20
0.3589615013857639
 10
-6.060347186347258
 20
0.3590669148392962
 10
-6.051762930744985
 20
0.3593830916978291
 10
-5.9684483712808
 20
0.36347607356832157
 10
-5.959874460464334
 20
0.36400282337872625
 10
-5.951316059036998
 20
0.3647398288466164
 10
-5.942778322259755
 20
0.3656866460274628
 10
-5.934266392946029
 20
0.36684270459399215
 10
-5.851754198236051
 20
0.3790822325045866
 10
-5.84327320365378
 20
0.3804468360903428
 10
-5.8348282524369495
 20
0.38201916270916314
 10
-5.8264244315084
 20
0.3837982652502774
 10
-5.8180668030156255
 20
0.385783072048838
 10
-5.737151610601131
 20
0.4060512726548424
 10
-5.728845208867028
 20
0.4082405881374527
 10
-5.720595037357413
 20
0.41063309354233013
 10
-5.712406065667068
 20
0.4132273477136863
 10
-5.704283226526371
 20
0.4160217879697967
 10
-5.625744293942603
 20
0.4441234674197361
 10
-5.617692490825306
 20
0.44711640641345696
 10
-5.609716563057049
 20
0.4503060448718301
 10
-5.601821315025774
 20
0.45369046148099557
 10
-5.594011502521113
 20
0.45726761760032275
 10
-5.591223355686111
 20
0.4585863124021401
 10
-4.6057731113158695
 20
0.45858629663909767
 10
-4.561814826752368
 20
0.41462801133549476
 10
-4.47273736600232
 20
0.284591281579317
 10
-4.409071860485625
 20
0.1404020075266459
 10
-4.372050699642074
 20
-0.017005880269195472
 10
-4.368436498741744
 20
-0.06907504069757664
 10
-4.368436498698998
 20
-0.1699746067868162
 10
-4.368331084828185
 20
-0.17856405329090563
 10
-4.368014906720646
 20
-0.18714832581308372
 10
-4.3674881548310225
 20
-0.19572225348816374
 10
-4.366751146456181
 20
-0.20428067168232644
 10
-4.36580432554419
 20
-0.21281842510411764
 10
-4.364648262426812
 20
-0.22133037090983265
 10
-4.363283653475946
 20
-0.22981138180134764
 10
-4.361711320684293
 20
-0.2382563491146641
 10
-4.34275732639793
 20
-0.3335443199092083
 10
-4.34097825554619
 20
-0.3419479845199547
 10
-4.3389934880723615
 20
-0.35030545842421645
 10
-4.33680421948182
 20
-0.3586117075791577
 10
-4.33441176845912
 20
-0.3668617287966711
 10
-4.331817576073746
 20
-0.3750505527569956
 10
-4.3290232049121755
 20
-0.3831732470019489
 10
-4.326030338136633
 20
-0.3912249189059338
 10
-4.322840778471203
 20
-0.39920071862295714
 10
-4.319456447115982
 20
-0.40709584200790516
 10
-4.315879382589969
 20
-0.4149055335102787
 10
-4.312111739503052
 20
-0.4226250890386112
 10
-4.308155787258244
 20
-0.43024985879398514
 10
-4.304013908684823
 20
-0.43777525007075724
 10
-4.2996885986028985
 20
-0.4451967300229427
 10
-4.295182462320781
 20
-0.45250982839451837
 10
-4.29049821406565
 20
-0.45971014021206713
 10
-4.23652223055106
 20
-0.5404921154533397
 10
-4.231662426079538
 20
-0.5475756810272969
 10
-4.226630239880706
 20
-0.5545378432490793
 10
-4.221428703368531
 20
-0.5613744080776115
 10
-4.216060949974434
 20
-0.5680812571322846
 10
-4.210530213259716
 20
-0.574654350173951
 10
-4.204839824967593
 20
-0.5810897275387248
 10
-4.1989932130162515
 20
-0.5873835125233384
 10
-4.192993899433759
 20
-0.5935319137204687
 10
-2.5814299133324425
 20
-2.205095899754042
 10
-2.575281512090129
 20
-2.2110952133790676
 10
-2.5689877270582713
 20
-2.2169418253706894
 10
-2.5625523496442497
 20
-2.222632213700777
 10
-2.5559792565514385
 20
-2.228162950451093
 10
-2.549272407443823
 20
-2.2335307038783228
 10
-2.54243584256065
 20
-2.2387322404211076
 10
-2.535473680282564
 20
-2.2437644266479566
 10
-2.52839011465079
 20
-2.2486242311448734
 10
-2.4476081393423215
 20
-2.302600214533747
 10
-2.4404078275179586
 20
-2.307284462778334
 10
-2.4330947291398104
 20
-2.311790599049772
 10
-2.4256732491813295
 20
-2.3161159091208603
 10
-2.418147857898532
 20
-2.320257787683289
 10
-2.41052308813741
 20
-2.324213739916928
 10
-2.402803532603599
 20
-2.3279813829925757
 10
-2.39499384109601
 20
-2.3315584475071844
 10
-2.3870987177061522
 20
-2.3349427788508663
 10
-2.379122917984489
 20
-2.338132338504664
 10
-2.3710712460761556
 20
-2.3411252052684475
 10
-2.362948551827145
 20
-2.3439195764181378
 10
-2.354759727863069
 20
-2.346513768791546
 10
-2.346509706642081
 20
-2.348906219802217
 10
-2.3382034574839565
 20
-2.3510954883806363
 10
-2.3298459835768313
 20
-2.3530802558422437
 10
-2.3214423189635056
 20
-2.3548593266817264
 10
-2.226154348127494
 20
-2.3738133208318004
 10
-2.2177093808562915
 20
-2.3753856536034306
 10
-2.2092283700075654
 20
-2.376750262536383
 10
-2.2007164242452006
 20
-2.3779063256380297
 10
-2.1921786708672357
 20
-2.37885314653645
 10
-2.1836202527173327
 20
-2.379590154899887
 10
-2.1750463250868393
 20
-2.3801169067803087
 10
-2.1664620526095177
 20
-2.380433084880842
 10
-2.1578726061504483
 20
-2.3805384987468656
 10
-0.07766761935502586
 20
-2.380538498736165
 10
-0.07003345900136537
 20
-2.380455231106531
 10
-0.062402931096073644
 20
-2.3802054678376905
 10
-0.05477966635922371
 20
-2.379789327770766
 10
-0.022277682719931136
 20
-2.377659328786379
 10
-0.01397234531410163
 20
-2.3770156978774892
 10
-0.005684678053484049
 20
-2.376174590542334
 10
0.0025806243252191052
 20
-2.3751364832451927
 10
0.010818879754452837
 20
-2.3739019640454444
 10
0.019025421487981475
 20
-2.3724717322644224
 10
0.027195600744562398
 20
-2.3708465980892868
 10
0.03532478934124583
 20
-2.3690274821140704
 10
0.043408382315192284
 20
-2.3670154148181695
 10
0.051441800532273874
 20
-2.3648115359826534
 10
0.05942049328086796
 20
-2.3624170940445453
 10
0.0673399408499904
 20
-2.3598334453896683
 10
0.15933890952504726
 20
-2.3286034559240036
 10
0.16743867000911905
 20
-2.3257425861136696
 10
0.17546578108380118
 20
-2.3226837981567243
 10
0.1834154074334151
 20
-2.319428934584721
 10
0.191282760416982
 20
-2.3159799560398753
 10
0.19906310095277036
 20
-2.312338940094058
 10
0.20675174237305782
 20
-2.3085080799972744
 10
0.21434405324717432
 20
-2.3044896833565716
 10
0.22183546017129174
 20
-2.3002861707459346
 10
0.22922145052356768
 20
-2.2959000742482303
 10
0.23649757518214187
 20
-2.291334035929971
 10
0.2436594512053034
 20
-2.286590806249741
 10
0.2507027644717539
 20
-2.2816732424014674
 10
0.2576232722790337
 20
-2.2765843065932714
 10
0.2644168058995433
 20
-2.271327064263133
 10
0.27107927309143065
 20
-2.265904682232339
 10
0.2776066605637766
 20
-2.260320426797918
 10
0.35065063057825796
 20
-2.196261452970049
 10
0.35703876900572595
 20
-2.190518906674477
 10
0.3632840584844814
 20
-2.1846213215880113
 10
0.3693827373028853
 20
-2.178572249990218
 10
0.37533113205705604
 20
-2.1723753354051993
 10
0.38112565986332925
 20
-2.1660343104070137
 10
0.3867628305164317
 20
-2.159552994371417
 10
0.39223924859160775
 20
-2.1529352911753676
 10
0.39755161548995943
 20
-2.1461851868455994
 10
0.4026967314250669
 20
-2.1393067471577325
 10
0.40767149735052044
 20
-2.1323041151873596
 10
0.4124729168263457
 20
-2.1251815088145136
 10
0.41709809782403795
 20
-2.1179432181831714
 10
0.42154425446844357
 20
-2.110593603117138
 10
0.4258087087156923
 20
-2.1031370904940374
 10
0.4298888919663568
 20
-2.0955781715788504
 10
0.4337823466125883
 20
-2.087921399318745
 10
0.4767533289247865
 20
-2.0007854349729968
 10
0.4804578606787402
 20
-1.9930350954453644
 10
0.4839710713582406
 20
-1.9851961753009206
 10
0.48729084468186556
 20
-1.9772733965340237
 10
0.49041518089069314
 20
-1.9692715316536393
 10
0.49334219795272816
 20
-1.961195400808485
 10
0.4960701326968149
 20
-1.9530498688834612
 10
0.49859734187464255
 20
-1.9448398425691877
 10
0.5009223031505599
 20
-1.9365702674062746
 10
0.5030436160186298
 20
-1.9282461248062646
 10
0.5049600026462997
 20
-1.9198724290509332
 10
0.506670308644118
 20
-1.9114542242718073
 10
0.5081735037610997
 20
-1.9029965814116494
 10
0.5094686825052861
 20
-1.8945045951698987
 10
0.5105550646892993
 20
-1.8859833809336592
 10
0.5114319959002387
 20
-1.8774380716963748
 10
0.5120989478938611
 20
-1.8688738149657667
 10
0.5184529451969979
 20
-1.771926854676309
 10
0.5189095142288238
 20
-1.7633488579287615
 10
0.5191554296420122
 20
-1.754762239904693
 10
0.5191905433042052
 20
-1.7461721729368236
 10
0.5190148340639098
 20
-1.7375838314354226
 10
0.5186284077633445
 20
-1.7290023887713986
 10
0.5180314971746611
 20
-1.7204330141599797
 10
0.5172244618596835
 20
-1.7118808695469525
 10
0.5162077879533626
 20
-1.7033511064992481
 10
0.5149820878709193
 20
-1.6948488631017895
 10
0.5135480999390154
 20
-1.6863792608624308
 10
0.5119066879508978
 20
-1.6779474016269518
 10
0.5100588406460815
 20
-1.6695583645058107
 10
0.508005671114887
 20
-1.6612172028146617
 10
0.5057484161278296
 20
-1.6529289410303605
 10
0.5032884353906297
 20
-1.644698571764387
 10
0.500627210725213
 20
-1.6365310527554087
 10
0.4693972234301498
 20
-1.5445320904747177
 10
0.46653635362338264
 20
-1.5364323300003804
 10
0.46347756567047327
 20
-1.5284052189352337
 10
0.4602227021029819
 20
-1.5204555925949634
 10
0.45677372356308865
 20
-1.51258823962052
 10
0.4531327076227001
 20
-1.5048078990936062
 10
0.44930184753178537
 20
-1.497119257681966
 10
0.4452834508973922
 20
-1.4895269468162553
 10
0.4410799382934556
 20
-1.4820355399002167
 10
0.4366938418029065
 20
-1.4746495495557497
 10
0.43212780349219315
 20
-1.4673734249046717
 10
0.4273845738198929
 20
-1.4602115488886511
 10
0.4224670099799539
 20
-1.4531682356290432
 10
0.4173780741804478
 20
-1.4462477278282009
 10
0.41212083185934034
 20
-1.4394541942137806
 10
0.4066984498379611
 20
-1.4327917270275918
 10
0.40111419441325324
 20
-1.4262643395605679
 10
0.3370552139896006
 20
-1.3532203619554721
 10
0.331312775343946
 20
-1.3468323403581621
 10
0.3254153035767331
 20
-1.3405871623557672
 10
0.319366350767865
 20
-1.3344885894536134
 10
0.31316956023516695
 20
-1.328540294855955
 10
0.3068286643399176
 20
-1.3227458612536012
 10
0.3003474822388341
 20
-1.317108778666011
 10
0.2937299175838177
 20
-1.3116324423392811
 10
0.28697995617073957
 20
-1.3063201507011328
 10
0.08834656314911626
 20
-1.153903214992404
 10
-0.005126319232573451
 20
-1.060430332668453
 10
-0.011274720467497445
 20
-1.0544310190538724
 10
-0.017568505491510678
 20
-1.0485844070722905
 10
-0.024003882897204676
 20
-1.0428940187518165
 10
-0.030576975981261967
 20
-1.0373632820106664
 10
-0.03728382507972583
 20
-1.0319955285921552
 10
-0.044120389953377526
 20
-1.0267939920576126
 10
-0.0510825522215157
 20
-1.0217618058385085
 10
-0.058166117843001075
 20
-1.0169020013488534
 10
-0.13292752080684522
 20
-0.9669487756559221
 10
-0.12996463316454765
 20
-0.9635979995392887
 10
-0.12443407104385074
 20
-0.9570251542910526
 10
-0.11906648032231715
 20
-0.9503185618720664
 10
-0.11386509423587654
 20
-0.9434822620828314
 10
-0.10883304590504395
 20
-0.9365203728547229
 10
-0.10397336644754773
 20
-0.9294370877694789
 10
-0.09928898315260426
 20
-0.9222366735331775
 10
-0.09478271771754976
 20
-0.9149234674061049
 10
-0.09045728454813684
 20
-0.9075018745901815
 10
-0.08631528912360409
 20
-0.8999763655754052
 10
-0.08235922642711557
 20
-0.8923514734470075
 10
-0.07859147944290612
 20
-0.884631791154888
 10
-0.0750143177208713
 20
-0.8768219687470022
 10
-0.0716298960094548
 20
-0.8689267105683456
 10
-0.06844025295777101
 20
-0.8609507724272092
 10
-0.06544730988753145
 20
-0.8528989587304991
 10
-0.06265286963568428
 20
-0.844776119589703
 10
-0.06005861546859137
 20
-0.8365871478993796
 10
-0.057666110067941645
 20
-0.8283369763898847
 10
-0.05547679458950938
 20
-0.8200305746560232
 10
-0.05349198779509834
 20
-0.8116729461636112
 10
-0.05171288525809814
 20
-0.8032691252355377
 10
-0.05014055864336342
 20
-0.7948241740192827
 10
-0.048775955061614695
 20
-0.7863431794376865
 10
-0.0476198964990715
 20
-0.7778312501247626
 10
-0.04667307932214726
 20
-0.7692935133484369
 10
-0.04593607385811538
 20
-0.7607351119221022
 10
-0.045409324051519206
 20
-0.7521612011067518
 10
-0.04509314719672375
 20
-0.7435769455056587
 10
-0.04498773374686493
 20
-0.7349875159534207
 10
-0.04498773399237166
 20
1.0650122838008613
 10
-0.04509314742188053
 20
1.0736017124284487
 10
-0.045409324210936575
 20
1.082185967106497
 10
-0.04593607390651755
 20
1.0907598770020854
 10
-0.04667307921437214
 20
1.0993182775136106
 10
-0.04761989619015594
 20
1.1078560133817348
 10
-0.04877595450685135
 20
1.1163679417947279
 10
-0.050140557798329155
 20
1.1248489354862983
 10
-0.051712884078710886
 20
1.1332938858240738
 10
-0.05349198623770235
 20
1.1416977058868483
 10
-0.055476792610875236
 20
1.1500553335287336
 10
-0.057666107625379937
 20
1.1583617344284534
 10
-0.060058612519981125
 20
1.166611905121762
 10
-0.06265286613950138
 20
1.1748008760154178
 10
-0.06544730580290548
 20
1.182923714380614
 10
-0.06844024824459893
 20
1.190975527324305
 10
-0.07162989062837255
 20
1.1989514647365027
 10
-0.0750143116332822
 20
1.206846722211779
 10
-0.07859147261117982
 20
1.2146565439432848
 10
-0.08235921881444597
 20
1.2223762255874462
 10
-0.08631528069417982
 20
1.2300011170977072
 10
-0.09045727526714131
 20
1.2375266255255184
 10
-0.09478270755121798
 20
1.2449482177869768
 10
-0.09928897206827969
 20
1.2522614233933922
 10
-0.1039733544137107
 20
1.2594618371441015
 10
-0.10883303289134005
 20
1.266545121780041
 10
-0.11386508021314512
 20
1.273507010596326
 10
-0.11906646526270492
 20
1.2803433100123698
 10
-0.12443405492081183
 20
1.2870499020979054
 10
-0.1299646159528436
 20
1.2936227470535115
 10
-0.13292789214617073
 20
1.29697396311321
 10
-0.05816711703997157
 20
1.3469267694493254
 10
-0.05108355168371759
 20
1.3517865737675478
 10
-0.044121389671971656
 20
1.3568187598024721
 10
-0.03728482504544672
 20
1.3620202961404289
 10
-0.030577976184332556
 20
1.3673880493503106
 10
-0.02400488332747841
 20
1.3729187858711285
 10
-0.017569506138329416
 20
1.3786091739599584
 10
-0.011275721319890408
 20
1.3844557856989752
 10
-0.005127320279086689
 20
1.3904550990604605
 10
0.088348738525724
 20
1.4839311567315434
 10
0.27041254728442254
 20
1.6236315391713134
 10
0.4691253082054345
 20
1.7383570731785412
 10
0.5286030669423667
 20
1.7629942883606233
 10
0.6811269022677777
 20
1.8261715689784737
 10
0.9027775951464037
 20
1.8855619332781401
 10
1.1302782447161803
 20
1.9155125011747316
 10
1.3597462352025502
 20
1.9155125003904985
 10
1.5872504790255846
 20
1.8855610632459658
 10
1.7158862291749983
 20
1.8510933292195588
 10
1.8088991660800389
 20
1.8261707296671403
 10
2.020907153841563
 20
1.7383530512986596
 10
2.219624640844927
 20
1.6236227654980837
 10
2.4016745628126444
 20
1.4839316239222242
 10
2.5639309493897144
 20
1.3216752362360467
 10
2.703626921045327
 20
1.139616946960004
 10
2.777944429148249
 20
1.0108949963150593
 10
2.8183567355127366
 20
0.940899599693779
 10
2.8334175300765594
 20
0.9045395313533575
 10
2.8368018383677622
 20
0.8966445097101499
 10
2.8403788750503907
 20
0.8888349183042195
 10
2.844146485582826
 20
0.8811154610543568
 10
2.8481024006358098
 20
0.873490787589212
 10
2.852244237459473
 20
0.865965490446726
 10
2.856569501318404
 20
0.8585441023078957
 10
2.8610755869943887
 20
0.851231093266648
 10
2.8657597803555177
 20
0.8440308681373878
 10
2.9197357694489483
 20
0.7632488845466625
 10
2.924595573923
 20
0.7561653189691029
 10
2.9296277601245606
 20
0.7492031567438389
 10
2.934829296639606
 20
0.7423665919119742
 10
2.940197050036744
 20
0.7356597428540894
 10
2.9457277867546736
 20
0.7290866498093678
 10
2.9514181750501507
 20
0.7226512724416878
 10
2.957264787005016
 20
0.7163574874543244
 10
2.963264100591175
 20
0.7102090862546078
 10
3.97238892274234
 20
-0.2989157356508514
 10
3.9724302667512177
 20
-0.2989560801353619
 10
4.136969186502455
 20
-0.46349591114806543
 10
4.264684343939905
 20
-0.6299387678320656
 10
4.369590266038784
 20
-0.8116413471074253
 10
4.437796118994754
 20
-0.9763058905411341
 10
4.449876923839838
 20
-1.0054712482452643
 10
4.504178164126415
 20
-1.2081269000633839
 10
4.531563501222962
 20
-1.41613615863033
 10
4.531563500342202
 20
-2.085941086469383
 10
4.504178161823006
 20
-2.2939503440101987
 10
4.449876704079145
 20
-2.496606801425777
 10
4.369588451080801
 20
-2.690440494191229
 10
4.264685881774369
 20
-2.872136603669901
 10
4.136965086444178
 20
-3.038585310672751
 10
1.9885970563872206
 20
-5.186950397510493
 10
1.8221614060391005
 20
-5.314661095031582
 10
1.6404652511081963
 20
-5.419563688796586
 10
1.4466315577517719
 20
-5.499851940368053
 10
1.2439750999365344
 20
-5.554153396620137
 10
1.0359658411790633
 20
-5.5815387337417945
 10
-3.173839768156796
 20
-5.581538732810905
 10
-3.381848544233094
 20
-5.554154278235714
 10
-3.558217177513086
 20
-5.50689610196148
 10
-3.5845069167688735
 20
-5.499851970640449
 10
-3.7783376199583074
 20
-5.419564135415882
 10
-3.7853994189980256
 20
-5.415486974481446
 10
-3.960030053148074
 20
-5.314663734193893
 10
-4.029910999870253
 20
-5.261042649787342
 10
-4.126484283954625
 20
-5.186940360964897
 10
-6.456443266416926
 20
-2.8569803854840643
 10
-6.462591763118667
 20
-2.850980978446607
 10
-6.468885648105044
 20
-2.8451342778154043
 10
-6.475321129790473
 20
-2.8394438057814995
 10
-6.481894331288316
 20
-2.8339129904201457
 10
-6.488601292746097
 20
-2.8285451636256127
 10
-6.495437973731299
 20
-2.8233435591040177
 10
-6.502400255665208
 20
-2.818311310425223
 10
-6.509483944304151
 20
-2.8134514491351297
 10
-6.590264919612537
 20
-2.7594764657461752
 10
-6.597465192254447
 20
-2.754792271185174
 10
-6.60477824934469
 20
-2.75028618632156
 10
-6.612199685998405
 20
-2.7459609253123105
 10
-6.619725032050312
 20
-2.7418190933984974
 10
-6.627349754747215
 20
-2.7378631853360744
 10
-6.6350692614782645
 20
-2.734095583893179
 10
-6.64287890254117
 20
-2.730518558414957
 10
-6.650773973942876
 20
-2.7271342634566125
 10
-6.65874972023299
 20
-2.7239447374857164
 10
-6.666801337368042
 20
-2.720951901654317
 10
-6.674923975605182
 20
-2.718157558641785
 10
-6.683112742423319
 20
-2.7155633915690274
 10
-6.691362705470027
 20
-2.7131709629846554
 10
-6.699668895532426
 20
-2.710981713923836
 10
-6.7080263095304105
 20
-2.708996963040292
 10
-6.716429913529993
 20
-2.7072179058120724
 10
-6.811717884366345
 20
-2.6882639116619345
 10
-6.820162851536637
 20
-2.686691578907812
 10
-6.828643862283656
 20
-2.6853269699874076
 10
-6.837155807943688
 20
-2.684170906893314
 10
-6.84569356121888
 20
-2.6832240859974377
 10
-6.854251979265769
 20
-2.682487077631521
 10
-6.862825906793191
 20
-2.6819603257435745
 10
-6.871410179167583
 20
-2.681644147630486
 10
-6.8799996255240075
 20
-2.6815387337468692
 10
-6.980898837595078
 20
-2.681538733511175
 10
-7.0329769190414595
 20
-2.6779235067629514
 10
-7.190380112648498
 20
-2.640902383536151
 10
-7.246944404533721
 20
-2.6159268289077957
 10
-7.334566328769455
 20
-2.5772379950361
 10
-7.46460325489295
 20
-2.488160396554207
 10
-7.576058405741421
 20
-2.376705243829228
 10
-7.665136345499931
 20
-2.2466678148087595
 10
-7.676469199126288
 20
-2.221001566070811
 10
-7.728801610864863
 20
-2.1024804426220243
 10
-7.765823093449612
 20
-1.9450722746198537
 10
-7.769436733746318
 20
-1.8930030777159317
 10
-7.769436733663468
 20
-0.06907697739865881
  0
LWPOLYLINE
  5
3C
330
17
100
AcDbEntity
  8
0
100
AcDbPolyline
 90
616
 70
0
 10
-6.91893653894256
 20
-2.2810384937468697
 10
-6.466523412919173
 20
-2.2810385165642657
 10
-3.917729966386503
 20
-4.829831963088878
 10
-3.9098251603264487
 20
-4.837545098547913
 10
-3.9017334452250054
 20
-4.845061917301486
 10
-3.8471710466084517
 20
-4.8945143927899935
 10
-3.838897296667824
 20
-4.901830366939642
 10
-3.8304464956325432
 20
-4.908941089666627
 10
-3.8218237339490884
 20
-4.915842277737454
 10
-3.813034205646744
 20
-4.922529774134496
 10
-3.753887351736097
 20
-4.966396070617662
 10
-3.7449363512979517
 20
-4.972865847043188
 10
-3.73582927047201
 20
-4.97911400634576
 10
-3.726571595023273
 20
-4.985136784867834
 10
-3.717168901429261
 20
-4.990930554712847
 10
-3.654007206848945
 20
-5.028788217508492
 10
-3.6444651589407044
 20
-5.034349488726093
 10
-3.6347895044910388
 20
-5.039674911414494
 10
-3.6249860717524314
 20
-5.044761277738189
 10
-3.615060765946197
 20
-5.0496055238602935
 10
-3.5484925123421363
 20
-5.081089962981004
 10
-3.53845131210133
 20
-5.085689170908793
 10
-3.5283002658695466
 20
-5.090040570251389
 10
-3.5180454882573997
 20
-5.094141539888533
 10
-3.507693156359551
 20
-5.097989609549465
 10
-3.4383594324039564
 20
-5.1227976126352885
 10
-3.4279157820779176
 20
-5.126390464386766
 10
-3.417387104188208
 20
-5.129725934029203
 10
-3.406779740816688
 20
-5.132802012400404
 10
-3.396100081442455
 20
-5.135616846585783
 10
-3.324668608798646
 20
-5.153509499005494
 10
-3.313923086449279
 20
-5.156061393454166
 10
-3.3031181738254816
 20
-5.158348811000366
 10
-3.2922603794026486
 20
-5.1603703737892985
 10
-3.2813562435101176
 20
-5.162124864107135
 10
-3.208514946308526
 20
-5.172929849836798
 10
-3.197571037217301
 20
-5.174416210840803
 10
-3.1865939471018976
 20
-5.175633547207397
 10
-3.175590288150886
 20
-5.1765811256586645
 10
-3.1645666885569597
 20
-5.1772583754087975
 10
-3.0910170659760183
 20
-5.180871636661905
 10
-3.079980165933847
 20
-5.181278149761198
 10
-3.068936613668768
 20
-5.181413681340665
 10
0.9310633814214953
 20
-5.1814136813346465
 10
0.942106933777751
 20
-5.181278149752906
 10
0.9531438339109286
 20
-5.180871636646863
 10
1.0266934567346482
 20
-5.17725837535172
 10
1.037717056355774
 20
-5.176581125595064
 10
1.0487207153337863
 20
-5.175633547135924
 10
1.0596978054759063
 20
-5.1744162107601355
 10
1.0706417145935063
 20
-5.1729298497456
 10
1.1434830117883052
 20
-5.162124863968302
 10
1.1543871476797278
 20
-5.160370373643339
 10
1.1652449421012818
 20
-5.158348810847308
 10
1.1760498547236011
 20
-5.156061393294031
 10
1.1867953770713484
 20
-5.153509498838332
 10
1.2582268497031066
 20
-5.135616846372017
 10
1.2689065090754355
 20
-5.132802012179674
 10
1.279513872444852
 20
-5.129725933801559
 10
1.2900425503323163
 20
-5.126390464152273
 10
1.3004862006559392
 20
-5.122797612394002
 10
1.3698199245952196
 20
-5.097989609262946
 10
1.3801722564905958
 20
-5.094141539595235
 10
1.390427034100071
 20
-5.090040569951377
 10
1.400578080329069
 20
-5.085689170602137
 10
1.4106192805668911
 20
-5.081089962667768
 10
1.4771875341505734
 20
-5.049605523503473
 10
1.487112839953653
 20
-5.044761277374889
 10
1.4969162726889351
 20
-5.039674911044791
 10
1.506591927135105
 20
-5.034349488350067
 10
1.516133975039736
 20
-5.028788217126227
 10
1.5792956695956377
 20
-4.990930554289122
 10
1.5886983631858982
 20
-4.985136784437948
 10
1.5979560386307412
 20
-4.9791140059098
 10
1.6070631194525902
 20
-4.972865846601259
 10
1.6160141198865574
 20
-4.966396070169864
 10
1.6751609737683566
 20
-4.922529773648165
 10
1.6839505020446097
 20
-4.915842277262328
 10
1.6925732637026556
 20
-4.908941089203864
 10
1.701024064713323
 20
-4.901830366490387
 10
1.709297814630105
 20
-4.8945143923553545
 10
1.7638602130449783
 20
-4.845061917009012
 10
1.7719519280773284
 20
-4.837545098314976
 10
1.779856734071359
 20
-4.82983196291876
 10
3.7798567305958386
 20
-2.829831966385747
 10
3.7875698660547243
 20
-2.8219271603258207
 10
3.7950866848081546
 20
-2.813835445224548
 10
3.844539160296307
 20
-2.7592730466084276
 10
3.8518551344460263
 20
-2.7509992966677146
 10
3.8589658571731036
 20
-2.7425484956323203
 10
3.865867045243988
 20
-2.7339257339487943
 10
3.872554541641108
 20
-2.7251362056463435
 10
3.916420838124168
 20
-2.665989351735753
 10
3.922890614549658
 20
-2.6570383512976505
 10
3.9291387738521735
 20
-2.647931270471787
 10
3.935161552374211
 20
-2.638673595023107
 10
3.9409553222191676
 20
-2.6292709014291304
 10
3.9788129850146277
 20
-2.566109206849113
 10
3.984374256232229
 20
-2.5565671589408794
 10
3.98969967892063
 20
-2.546891504491235
 10
3.994786045244325
 20
-2.537088071752642
 10
3.9996302913664294
 20
-2.5271627659464073
 10
4.031114730487474
 20
-2.4605945123416433
 10
4.035713938415313
 20
-2.450553312100709
 10
4.040065337757966
 20
-2.4404022658687694
 10
4.044166307395159
 20
-2.430147488256516
 10
4.04801437705612
 20
-2.4197951563585107
 10
4.072822380141901
 20
-2.350461432402753
 10
4.076415231893293
 20
-2.340017782076906
 10
4.079750701535659
 20
-2.3294891041873953
 10
4.08282677990681
 20
-2.318881740816103
 10
4.08564161409214
 20
-2.308202081442076
 10
4.1035342665116445
 20
-2.236770608799283
 10
4.106086160960331
 20
-2.226025086449816
 10
4.1083735785065585
 20
-2.2152201738259407
 10
4.110395141295527
 20
-2.2043623794030154
 10
4.112149631613363
 20
-2.193458243510392
 10
4.122954617343055
 20
-2.1206169463085303
 10
4.124440978347053
 20
-2.1096730372173127
 10
4.1256583147136325
 20
-2.098695947101909
 10
4.126605893164907
 20
-2.087692288150919
 10
4.127283142915047
 20
-2.0766686885569996
 10
4.130896404168169
 20
-2.0031190659756177
 10
4.131302917267504
 20
-1.9920821659308672
 10
4.131438448846922
 20
-1.9810386136631948
 10
4.131438448840896
 20
-1.5210386185730869
 10
4.131302917259092
 20
-1.5099950662193677
 10
4.1308964041531055
 20
-1.498958166088734
 10
4.127283142857948
 20
-1.4254085432651635
 10
4.126605893101299
 20
-1.4143849436441158
 10
4.125658314642152
 20
-1.4033812846662173
 10
4.124440978266392
 20
-1.3924041945241825
 10
4.122954617251878
 20
-1.3814602854066607
 10
4.112149631474665
 20
-1.3086189882121815
 10
4.110395141149667
 20
-1.2977148523206452
 10
4.108373578353621
 20
-1.2868570578989775
 10
4.1060861608003165
 20
-1.2760521452765445
 10
4.103534266344582
 20
-1.2653066229286836
 10
4.085641613878039
 20
-1.1938751502961864
 10
4.082826779685718
 20
-1.1831954909239002
 10
4.079750701307603
 20
-1.1725881275545262
 10
4.076415231658331
 20
-1.1620594496671046
 10
4.07282237990006
 20
-1.1516157993435172
 10
4.048014376769032
 20
-1.0822820754043576
 10
4.044166307101307
 20
-1.0719297435089246
 10
4.040065337457435
 20
-1.0616749658993996
 10
4.0357139381081595
 20
-1.051523919670366
 10
4.031114730173783
 20
-1.0414827194324872
 10
3.999630291009538
 20
-0.9749144658490181
 10
3.9947860448809536
 20
-0.9649891600460023
 10
3.989699678550892
 20
-0.9551857273107771
 10
3.9843742558561814
 20
-0.9455100728646713
 10
3.978812984632384
 20
-0.9359680249601112
 10
3.940955321795343
 20
-0.8728063304043232
 10
3.9351615519441623
 20
-0.8634036368140556
 10
3.9291387734160423
 20
-0.8541459613692339
 10
3.9228906141075015
 20
-0.8450388805473708
 10
3.9164208376760996
 20
-0.8360878801134248
 10
3.872554541154358
 20
-0.7769410262315688
 10
3.865867044768521
 20
-0.7681514979552873
 10
3.8589658567100287
 20
-0.759528736297213
 10
3.851855133996537
 20
-0.7510779352865313
 10
3.8445391598614833
 20
-0.7428041853697351
 10
3.795086684514814
 20
-0.6882417869545279
 10
3.7875698671072655
 20
-0.6801500732734453
 10
3.7798567330630988
 20
-0.6722452685667122
 10
2.530064005162018
 20
0.577547480055415
 10
2.5299533981261675
 20
0.577868991012096
 10
2.500198678515204
 20
0.6610278613512506
 10
2.496350608848047
 20
0.6713801932468684
 10
2.492249639204715
 20
0.6816349708565923
 10
2.4878982398560083
 20
0.6917860170858461
 10
2.483299031922172
 20
0.7018272173239453
 10
2.4455365947551684
 20
0.7816691824453059
 10
2.4406923486271523
 20
0.791594488248613
 10
2.435605982297602
 20
0.8013979209841224
 10
2.430280559603432
 20
0.8110735754305409
 10
2.4247192883801176
 20
0.8206156233354136
 10
2.379312806570141
 20
0.8963717614687425
 10
2.373519036719472
 20
0.9057744550593227
 10
2.367496258191835
 20
0.9150321305044784
 10
2.361248098883806
 20
0.9241392113266755
 10
2.354778322452887
 20
0.9330902117609696
 10
2.3021650852413416
 20
1.0040309498835427
 10
2.2954775888390486
 20
1.0128204781818724
 10
2.288576400763077
 20
1.0214432398611564
 10
2.2814656780310543
 20
1.0298940408921808
 10
2.2741497038764464
 20
1.0381677908283962
 10
2.214836405499426
 20
1.1036099308515972
 10
2.2073195867914706
 20
1.111701645895522
 10
2.199606451380731
 20
1.1196064519004736
 10
2.1917016453715803
 20
1.127319587306907
 10
2.18360993032357
 20
1.1348364060104643
 10
2.1181677902676483
 20
1.1941497043522205
 10
2.10989404032739
 20
1.2014656785023377
 10
2.1014432392924505
 20
1.2085764012297986
 10
2.092820477609365
 20
1.2154775893011163
 10
2.084030949307362
 20
1.2221650856986557
 10
2.0130902111559976
 20
1.2747783228716116
 10
2.0041392107181935
 20
1.2812480992976134
 10
1.9950321298926212
 20
1.2874962586006689
 10
1.9857744544442255
 20
1.2935190371232466
 10
1.976371760850526
 20
1.2993128069687643
 10
1.9006156226926691
 20
1.3447192887373447
 10
1.8910735747847127
 20
1.3502805599554648
 10
1.8813979203353597
 20
1.3556059826443843
 10
1.8715944875970365
 20
1.3606923489686125
 10
1.8616691817910578
 20
1.3655365950912497
 10
1.7818272166491056
 20
1.4032990322147327
 10
1.771786016408555
 20
1.4078982401430764
 10
1.7616349701769707
 20
1.4122496394862267
 10
1.7513801925650512
 20
1.4163506091239384
 10
1.7410278606674012
 20
1.4201986787854324
 10
1.6578689903118118
 20
1.4499533983511839
 10
1.647425339985972
 20
1.45354625010323
 10
1.636896662096433
 20
1.4568817197462351
 10
1.626289298725112
 20
1.4599577981180119
 10
1.615609639351021
 20
1.4627726323039667
 10
1.5299347291625338
 20
1.4842330800969137
 10
1.5191892068133086
 20
1.4867849745461683
 10
1.5083842941896535
 20
1.4890723920929574
 10
1.4975264997669342
 20
1.49109395488248
 10
1.4866223638744884
 20
1.4928484452009059
 10
1.3992565100733998
 20
1.5058079453773203
 10
1.3883126009548903
 20
1.5072943063852975
 10
1.3773355108120313
 20
1.508511642754513
 10
1.366331851833479
 20
1.5094592212070594
 10
1.3553082522119269
 20
1.5101364709571143
 10
1.2670928357288176
 20
1.514470216445936
 10
1.2560559356685417
 20
1.5148767295435661
 10
1.2450123833853866
 20
1.5150122611204893
 10
1.2339688311023167
 20
1.514876729537555
 10
1.2229319310422682
 20
1.5144702164339066
 10
1.1347165145616032
 20
1.5101364708970308
 10
1.1236929149404205
 20
1.5094592211409719
 10
1.1126892559623798
 20
1.5085116426824285
 10
1.1017121658201745
 20
1.5072943063072373
 10
1.0907682567024892
 20
1.5058079452932915
 10
1.0034024029081934
 20
1.4928484450692423
 10
0.9924982670166855
 20
1.4910939547448763
 10
0.9816404725950463
 20
1.4890723919494349
 10
0.9708355599726133
 20
1.4867849743967483
 10
0.9600900376247239
 20
1.4842330799416317
 10
0.8744151274482874
 20
1.4627726321020802
 10
0.8637354680758165
 20
1.4599577979103202
 10
0.8531281047062294
 20
1.456881719532781
 10
0.8425994268185661
 20
1.453546249884063
 10
0.8321557764947443
 20
1.449953398126361
 10
0.7489969061554689
 20
1.4201986785153764
 10
0.7386445742598653
 20
1.4163506088482265
 10
0.7283897966501627
 20
1.4122496392049229
 10
0.7182387504209089
 20
1.4078982398562232
 10
0.708197550182831
 20
1.4032990319224012
 10
0.6283555850612572
 20
1.3655365947553335
 10
0.6184302792579217
 20
1.360692348627289
 10
0.6086268465223839
 20
1.3556059822977247
 10
0.5989511920759298
 20
1.350280559603533
 10
0.5894091441710145
 20
1.3447192883802117
 10
0.5136530060375719
 20
1.2993128065701711
 10
0.5042503124469988
 20
1.2935190367195162
 10
0.49499263700184315
 20
1.2874962581918794
 10
0.4858855561796531
 20
1.281248098883843
 10
0.4769345557453448
 20
1.2747783224529314
 10
0.4059938176228286
 20
1.2221650852414356
 10
0.3972042893244918
 20
1.2154775888391285
 10
0.3885815276451865
 20
1.2085764007631283
 10
0.3801307266141407
 20
1.2014656780310844
 10
0.37185697667788986
 20
1.1941497038764837
 10
0.30641483665459646
 20
1.1348364054993638
 10
0.2983231216107072
 20
1.1273195867914154
 10
0.2904183156057627
 20
1.1196064513806974
 10
0.28270518019937185
 20
1.1117016453715607
 10
0.2751883614958217
 20
1.1036099303235787
 10
0.21587506315393057
 20
1.0381677902675293
 10
0.20855908900378495
 20
1.0298940403272283
 10
0.20144836627628138
 20
1.021443239292239
 10
0.19454717820491396
 20
1.0128204776091039
 10
0.18785968180733903
 20
1.0040309493070438
 10
0.13524644463447544
 20
0.9330902111557435
 10
0.1287766682085021
 20
0.9241392107179749
 10
0.12252850890547506
 20
0.9150321298924311
 10
0.11650573038292578
 20
0.9057744544440638
 10
0.11071196053742938
 20
0.8963717608503927
 10
0.0653054787690337
 20
0.8206156226928343
 10
0.05974420755092069
 20
0.811073574784885
 10
0.055012261043430044
 20
0.80247619539292
 10
0.05501226100761869
 20
1.0650122838145037
 10
0.05487672945540112
 20
1.076055834907116
 10
0.05447021644090455
 20
1.0870927337788885
 10
0.0537929668323045
 20
1.0981163322160796
 10
0.0528453885793283
 20
1.1091199900166089
 10
0.05162805246760627
 20
1.1200970789899145
 10
0.05014169177471217
 20
1.131040986949479
 10
0.04838720182854672
 20
1.1419451216957839
 10
0.046365639468035624
 20
1.1528029149872054
 10
0.04407822240648329
 20
1.1636078264964809
 10
0.04152632849812221
 20
1.1743533477503405
 10
0.0387114949080285
 20
1.18503300604997
 10
0.0356354171863984
 20
1.1956403683699506
 10
0.03229994824701521
 20
1.2061690452332172
 10
0.02870709725121401
 20
1.216612694559899
 10
0.024859028397600014
 20
1.2269650254875017
 10
0.020758059618486868
 20
1.2372198021603253
 10
0.016406661183594906
 20
1.2473708474856835
 10
0.011807454212032553
 20
1.2574120468547605
 10
0.0069632090935556334
 20
1.267337351825823
 10
0.0058113250439078
 20
1.2695574866917525
 10
0.006496770640694649
 20
1.2700277486719358
 10
0.015448121798669945
 20
1.2764977021454058
 10
0.02423799060420606
 20
1.2831853917227747
 10
0.03286108199702653
 20
1.2900867887069083
 10
0.041312201384442915
 20
1.2971977356622446
 10
0.04958625777047132
 20
1.3045139489193076
 10
0.057678266822762225
 20
1.3120310211551853
 10
0.06558335387521197
 20
1.3197444240485297
 10
0.1544245336542076
 20
1.4085856027499943
 10
0.32608826015928116
 20
1.540305840875881
 10
0.5134492922395282
 20
1.648477527273478
 10
0.5668718449112191
 20
1.670606520592976
 10
0.7133396255454159
 20
1.7312753075983522
 10
0.9223282305166549
 20
1.7872729190766918
 10
1.136832490518401
 20
1.8155125061523378
 10
1.3531919031303232
 20
1.8155125054128973
 10
1.567699641619697
 20
1.787272086955575
 10
1.6900044633294442
 20
1.7545007146120497
 10
1.7766861030772816
 20
1.7312745713693332
 10
1.9765830737926535
 20
1.648473503039476
 10
2.1639484110628757
 20
1.5402974234286901
 10
2.3355985936370587
 20
1.408586243899883
 10
2.4885853739332617
 20
1.2555994625579459
 10
2.6203013354043776
 20
1.0839410938048388
 10
2.691342131660491
 20
0.9608945856183482
 10
2.7284770952614963
 20
0.8965756506303961
 10
2.7410295465245724
 20
0.8662712743353467
 10
2.7453808000418007
 20
0.8561205322226471
 10
2.7499798472051964
 20
0.8460796289864589
 10
2.754823917889752
 20
0.8361546125223427
 10
2.75991009438647
 20
0.8263514609243074
 10
2.765235313159735
 20
0.8166760788839653
 10
2.7707963666926503
 20
0.8071342941340447
 10
2.7765899054189163
 20
0.7977318539381599
 10
2.7826124397403476
 20
0.788474421629104
 10
2.836588428833778
 20
0.7076924380383787
 10
2.842836748871889
 20
0.6985849965815234
 10
2.8493067025595735
 20
0.6896336451490441
 10
2.855994392364636
 20
0.6808437760794988
 10
2.862895789589544
 20
0.6722206844336469
 10
2.8700067367983024
 20
0.663769564804717
 10
2.8773229503210587
 20
0.6554955081891265
 10
2.884840022834453
 20
0.6474034989196582
 10
2.8925534260166614
 20
0.6394984116628777
 10
3.9016782481678263
 20
-0.36962641024258147
 10
3.9017195921547625
 20
-0.36966675470569044
 10
4.0616236787923015
 20
-0.5295717269357212
 10
4.18135887776711
 20
-0.6856148228599466
 10
4.279710491705288
 20
-0.8559649953851789
 10
4.345408302667295
 20
-1.0145745512733981
 10
4.354980764789673
 20
-1.0376842931729513
 10
4.4058892158815866
 20
-1.22767784184024
 10
4.4315635062143315
 20
-1.4226905991242305
 10
4.4315635053508515
 20
-2.0793866454751964
 10
4.405889213722162
 20
-2.2743994015095694
 10
4.354980483561718
 20
-2.464393986084211
 10
4.279708731381561
 20
-2.6461167305846303
 10
4.181360572941514
 20
-2.8164602968204093
 10
4.06161983857092
 20
-2.9725092030304694
 10
1.9225210139394164
 20
-5.111605097141357
 10
1.766485112486265
 20
-5.2313357784661605
 10
1.5961414881631413
 20
-5.3296839687711355
 10
1.414418743108854
 20
-5.404955719613483
 10
1.224424158159593
 20
-5.455864448375344
 10
1.0294114006308632
 20
-5.481538738740348
 10
-3.1672855219303813
 20
-5.4815387378123575
 10
-3.3622976589390703
 20
-5.455865296968852
 10
-3.532335901909022
 20
-5.410303355996234
 10
-3.5522941899330363
 20
-5.404955687827439
 10
-3.7340136065706986
 20
-5.329684544814306
 10
-3.735399348355486
 20
-5.32888448066204
 10
-3.9043539689266993
 20
-5.231338294733931
 10
-3.9690353762383097
 20
-5.181706923614193
 10
-4.060408454392729
 20
-5.111594839385177
 10
-6.385732576765491
 20
-2.786269725969234
 10
-6.393637786810615
 20
-2.7785562026353787
 10
-6.401729924650226
 20
-2.7710390161095475
 10
-6.410004115388659
 20
-2.7637226949230964
 10
-6.418455374457295
 20
-2.7566116466013497
 10
-6.427078610617315
 20
-2.74971015500838
 10
-6.4358686290268565
 20
-2.74302237776633
 10
-6.444820134370445
 20
-2.7365523437507377
 10
-6.453927734049074
 20
-2.730303950663462
 10
-6.53470870935746
 20
-2.6763289672745074
 10
-6.543966202754206
 20
-2.670306431410367
 10
-6.553368704727376
 20
-2.6645128937285776
 10
-6.562910551853577
 20
-2.6589518438595476
 10
-6.5725859967774625
 20
-2.6536266313989287
 10
-6.582389211673487
 20
-2.6485404638901002
 10
-6.592314291756267
 20
-2.64369640489209
 10
-6.602355258837136
 20
-2.6390973721343727
 10
-6.612506064925057
 20
-2.6347461357593644
 10
-6.6227605958694795
 20
-2.6306453166539256
 10
-6.633112675043122
 20
-2.6267973848706916
 10
-6.643556067062306
 20
-2.6232046581403026
 10
-6.6540844815427675
 20
-2.6198693004753224
 10
-6.664691576888515
 20
-2.61679332086684
 10
-6.675370964111622
 20
-2.613978572074359
 10
-6.686116210680439
 20
-2.6114267495098034
 10
-6.696920844394199
 20
-2.6091393902163773
 10
-6.792208815230552
 20
-2.5901853960662393
 10
-6.8030666301637694
 20
-2.5881638253823738
 10
-6.813970786838524
 20
-2.5864093281989895
 10
-6.824914716972856
 20
-2.5849229613637306
 10
-6.835891828326666
 20
-2.5837056202118873
 10
-6.846895508672674
 20
-2.582758038027137
 10
-6.857919129779361
 20
-2.5820807855997785
 10
-6.868956051403572
 20
-2.5816742708829494
 10
-6.879999625290409
 20
-2.581538738746872
 10
-6.977432041617263
 20
-2.581538738519278
 10
-7.017968809510577
 20
-2.5787247022970448
 10
-7.158464780816487
 20
-2.5456801461645284
 10
-7.206552332503648
 20
-2.5244474349596615
 10
-7.285697373125018
 20
-2.489501508411294
 10
-7.400444845544385
 20
-2.410897456626209
 10
-7.49879546473322
 20
-2.3125468357814967
 10
-7.577399956185516
 20
-2.1977987173850764
 10
-7.584989911942145
 20
-2.180609252243954
 10
-7.633579295739679
 20
-2.070565243874235
 10
-7.666624058419188
 20
-1.9300653180935328
 10
-7.669436738746157
 20
-1.8895372096633736
 10
-7.66943673866362
 20
-0.07254393906372769
 10
-7.666622208990006
 20
-0.032002006513891956
 10
-7.633579526332625
 20
0.10848825873203793
 10
-7.577400135774198
 20
0.23572113861893484
 10
-7.498794644045418
 20
0.3504704256314497
 10
-7.40044564735031
 20
0.44881942067070923
 10
-7.26728976292118
 20
0.5400337872978653
 10
-7.267013598829422
 20
0.5401920681561165
 10
-7.257567710957119
 20
0.5459183895537123
 10
-7.248265221226617
 20
0.5518748347401399
 10
-7.239111734816007
 20
0.5580578146831243
 10
-7.230112767121952
 20
0.5644636038527864
 10
-7.221273740436516
 20
0.5710883424664246
 10
-7.220037168945112
 20
0.5720634413567538
 10
-7.214655707144772
 20
0.5754481795070845
 10
-7.20542939888216
 20
0.5814095660553633
 10
-7.196351348258986
 20
0.5875943773392862
 10
-7.187426964578805
 20
0.5939989280388502
 10
-7.178661565580185
 20
0.6006194018987543
 10
-7.170060374268161
 20
0.6074518540023917
 10
-7.161628515801908
 20
0.6144922131224817
 10
-7.153371014440921
 20
0.6217362841469765
 10
-7.145292790551167
 20
0.6291797505787926
 10
-7.1373986576732165
 20
0.6368181771078554
 10
-7.129693319654052
 20
0.6446470122539694
 10
-7.1221813678441634
 20
0.6526615910788749
 10
-7.114867278361757
 20
0.6608571379659267
 10
-7.107755409425536
 20
0.6692287694657395
 10
-7.100849998757823
 20
0.677771497206038
 10
-7.064755660031679
 20
0.7235559619064631
 10
-7.059423413697232
 20
0.71752564088073
 10
-7.003405298928783
 20
0.6557191757084411
 10
-6.995888480220714
 20
0.6476274606646726
 10
-6.988175344809875
 20
0.6397226546598702
 10
-6.9802705388006245
 20
0.632009519253586
 10
-6.972178823752529
 20
0.624492700550185
 10
-6.9103723585478605
 20
0.5684745858173201
 10
-6.90209860860746
 20
0.5611586116673095
 10
-6.893647807572378
 20
0.5540478889399623
 10
-6.885025045889151
 20
0.5471467008687583
 10
-6.876235517587006
 20
0.5404592044713397
 10
-6.8092359319928875
 20
0.49076892524542615
 10
-6.800284931555012
 20
0.4842991488195807
 10
-6.791177850729355
 20
0.47805098951668157
 10
-6.781920175280874
 20
0.4720282109942673
 10
-6.772517481687089
 20
0.466234441148913
 10
-6.700970018338921
 20
0.42335054198262867
 10
-6.691427970430894
 20
0.4177892707646649
 10
-6.681752315981456
 20
0.41246384807590175
 10
-6.671948883243061
 20
0.40737748175183697
 10
-6.662023577437012
 20
0.40253323562935606
 10
-6.586617277518101
 20
0.36686871191401593
 10
-6.576576077277451
 20
0.3622695039858286
 10
-6.56642503104581
 20
0.3579181046428346
 10
-6.556170253433805
 20
0.35381713500528633
 10
-6.54581792153607
 20
0.34996906534394867
 10
-6.467278988935988
 20
0.32186738593924247
 10
-6.4588315065482504
 20
0.3189612610740298
 10
-6.918936516311874
 20
0.3189612610075656
 10
-6.929980068593977
 20
0.3188257294260666
 10
-6.941016968653088
 20
0.31841921632391035
 10
-6.952040568273304
 20
0.31774196656938614
 10
-6.963044227250435
 20
0.3167943881124273
 10
-6.974021317391745
 20
0.3155770517388632
 10
-6.984965226508621
 20
0.31409069072660145
 10
-6.995869362399404
 20
0.31233620040394783
 10
-7.006727156820375
 20
0.31031463761025435
 10
-7.017532069442183
 20
0.30802722005936545
 10
-7.0282775917894895
 20
0.30547532560608204
 10
-7.0389572511614205
 20
0.3026604914161979
 10
-7.04956461453051
 20
0.29958441304057004
 10
-7.060093292417719
 20
0.2962489433937989
 10
-7.070536942741157
 20
0.2926560916380794
 10
-7.080889274636405
 20
0.2888080219729545
 10
-7.091144052245824
 20
0.28470705233170435
 10
-7.101295098474836
 20
0.2803556529850937
 10
-7.111336298712743
 20
0.27575644505338204
 10
-7.121261604516022
 20
0.270912198927455
 10
-7.13106503725156
 20
0.26582583260003645
 10
-7.1407406916980705
 20
0.2605004099080048
 10
-7.1502827396030995
 20
0.2549391386868649
 10
-7.1596854331938005
 20
0.24914536883845528
 10
-7.168943108639141
 20
0.24312259031307804
 10
-7.178050189461601
 20
0.23687443100731542
 10
-7.187001189896236
 20
0.23040465457869885
 10
-7.19579071819507
 20
0.2237171581786228
 10
-7.20441347987493
 20
0.21681597010486797
 10
-7.212864280906601
 20
0.20970524737506935
 10
-7.221138030843548
 20
0.20238927322270683
 10
-7.229229745888162
 20
0.1948724545170606
 10
-7.237134551893902
 20
0.18715931910863048
 10
-7.244847687301188
 20
0.17925451310178175
 10
-7.252364506005662
 20
0.17116279805607348
 10
-7.259680480156831
 20
0.1628890481180747
 10
-7.266791202885415
 20
0.15443824708537335
 10
-7.273692390957919
 20
0.14581548540451905
 10
-7.28037988735673
 20
0.13702595710471854
 10
-7.286849663784054
 20
0.12807495666915258
 10
-7.293097823088502
 20
0.11896787584579016
 10
-7.299120601612529
 20
0.1097102003995758
 10
-7.3049143714595886
 20
0.10030750680804346
 10
-7.31047564267935
 20
0.09076545890220444
 10
-7.315801065369982
 20
0.0810898044549262
 10
-7.320887431695979
 20
0.07128637171864938
 10
-7.325731677820485
 20
0.06136106591468149
 10
-7.33033088575074
 20
0.05131986567609914
 10
-7.33468228509588
 20
0.041168819446468774
 10
-7.338783254735645
 20
0.030914041836460626
 10
-7.342631324399278
 20
0.02056170994065809
 10
-7.346224176153498
 20
0.010118059616694097
 10
-7.349559645798749
 20
-0.000410618270990426
 10
-7.352635724172842
 20
-0.011017981640534913
 10
-7.355450558361184
 20
-0.02169764101287086
 10
-7.3580024528129115
 20
-0.032443163360539984
 10
-7.360289870362237
 20
-0.04324807598267455
 10
-7.36231143315436
 20
-0.05410587040394432
 10
-7.364065923475451
 20
-0.06501000629498321
 10
-7.365552284486128
 20
-0.07595391541206453
 10
-7.366769620858108
 20
-0.08693100555355926
 10
-7.367717199313475
 20
-0.09793466453082544
 10
-7.3683944490664
 20
-0.1089582641511484
 10
-7.368800962166972
 20
-0.11999516421031586
 10
-7.368936493746872
 20
-0.1310387164924336
 10
-7.368936493746872
 20
-1.8310385162468705
 10
-7.368800962175641
 20
-1.8420820681754932
 10
-7.368394449101103
 20
-1.853118967881798
 10
-7.367717199391507
 20
-1.8641425671505374
 10
-7.366769620996749
 20
-1.8751462257781384
 10
-7.365552284702545
 20
-1.8861233155725117
 10
-7.364065923786754
 20
-1.8970672243456548
 10
-7.362311433577531
 20
-1.907971359896571
 10
-7.36028987091413
 20
-1.918829153982145
 10
-7.3580024535101956
 20
-1.9296340662736498
 10
-7.3554505592203725
 20
-1.9403795882963593
 10
-7.352635725210263
 20
-1.9510592473500168
 10
-7.349559647030503
 20
-1.961666610407768
 10
-7.346224177595445
 20
-1.9721952879911484
 10
-7.34263132606705
 20
-1.98263893801888
 10
-7.338783256644561
 20
-1.9929912696271046
 10
-7.334682287260975
 20
-2.0032460469587647
 10
-7.330330888186765
 20
-2.0133970929198313
 10
-7.325731680541821
 20
-2.0234382929001953
 10
-7.3208874347166955
 20
-2.0333635984568375
 10
-7.315801068703735
 20
-2.0431670309572
 10
-7.310475646339455
 20
-2.052842685180508
 10
-7.304914375458949
 20
-2.0623847328748184
 10
-7.299120605963623
 20
-2.0717874262677682
 10
-7.293097827803351
 20
-2.0810451015288223
 10
-7.286849668874254
 20
-2.0901521821809155
 10
-7.280379892833423
 20
-2.099103182459558
 10
-7.273692396831734
 20
-2.1078927106172287
 10
-7.266791209166499
 20
-2.1165154721711588
 10
-7.259680486854819
 20
-2.1249662730925607
 10
-7.252364513129649
 20
-2.1332400229352686
 10
-7.244847694859743
 20
-2.141331737902078
 10
-7.237134559895054
 20
-2.1492365438467758
 10
-7.2292297543393715
 20
-2.1569496792101504
 10
-7.221138039751665
 20
-2.1644664978881565
 10
-7.212864290277935
 20
-2.1717824720306
 10
-7.204413489715165
 20
-2.1788931947684986
 10
-7.195790728509294
 20
-2.185794382868629
 10
-7.187001200688911
 20
-2.192481879313604
 10
-7.178050200736564
 20
-2.1989516558058924
 10
-7.168943120399604
 20
-2.205199815194291
 10
-7.159685445442307
 20
-2.211222593821475
 10
-7.1502827523415675
 20
-2.217016363791032
 10
-7.140740704927737
 20
-2.2225776351527955
 10
-7.131065050973021
 20
-2.2279030580050616
 10
-7.121261618729179
 20
-2.2329894245124535
 10
-7.111336313416857
 20
-2.2378336708381568
 10
-7.101295113668456
 20
-2.2424328789895256
 10
-7.091144067926848
 20
-2.24678427857571
 10
-7.08088929080202
 20
-2.250885248476493
 10
-7.07053695938788
 20
-2.2547333184210956
 10
-7.060093309541344
 20
-2.2583261704762236
 10
-7.0495646321261916
 20
-2.2616616404422842
 10
-7.038957269223587
 20
-2.2647377191570257
 10
-7.028277610311889
 20
-2.2675525537057695
 10
-7.01753208841788
 20
-2.2701044485375377
 10
-7.006727176241753
 20
-2.2723918664864087
 10
-6.995869382258121
 20
-2.2744134296974323
 10
-6.984965246795696
 20
-2.2761679204566008
 10
-6.974021338097529
 20
-2.277654281924356
 10
-6.96304424836454
 20
-2.278871618772172
 10
-6.952040589784744
 20
-2.2798191977219133
 10
-6.941016990550153
 20
-2.280496447987474
 10
-6.929980090864348
 20
-2.280902961618665
 10
-6.91893653894256
 20
-2.2810384937468697
  0
LWPOLYLINE
  5
3D
330
17
100
AcDbEntity
  8
0
100
AcDbPolyline
 90
332
 70
0
 10
-5.67904172555663
 20
0.318961261186665
 10
-5.670594242844459
 20
0.3218673861689254
 10
-5.59205531026069
 20
0.34996906561886476
 10
-5.581702991967035
 20
0.3538171300393671
 10
-5.571448227693537
 20
0.35791809377155914
 10
-5.56988938041826
 20
0.3585863170608903
 10
-4.647194466637785
 20
0.3585863023016671
 10
-4.639077767760625
 20
0.3504696032878343
 10
-4.560473892176333
 20
0.23572238394550027
 10
-4.504294243855554
 20
0.10848703660683157
 10
-4.471249616019691
 20
-0.032013286779211114
 10
-4.468436493740256
 20
-0.07254144758456249
 10
-4.468436493698988
 20
-0.16997460682918586
 10
-4.468300961579388
 20
-0.1810181809058662
 10
-4.467894446869707
 20
-0.1920551027201043
 10
-4.467217194440167
 20
-0.20307872401663474
 10
-4.466269612243963
 20
-0.2140824045519878
 10
-4.465052271071386
 20
-0.22505951609429076
 10
-4.4635659042061775
 20
-0.2360034464159142
 10
-4.4618114069836565
 20
-0.24690760327643346
 10
-4.459789836251531
 20
-0.2577654183935607
 10
-4.440835841965168
 20
-0.3530533891881049
 10
-4.438548465155776
 20
-0.3638581008304982
 10
-4.43599662126087
 20
-0.3746034244216858
 10
-4.433181847358753
 20
-0.385282887620896
 10
-4.430105838900971
 20
-0.3958900577576969
 10
-4.426770448691201
 20
-0.40641854570669267
 10
-4.423177685769218
 20
-0.41686200973591525
 10
-4.419329714200643
 20
-0.4272141593267449
 10
-4.415228851773662
 20
-0.4374687589629147
 10
-4.410877568602672
 20
-0.4476196318864254
 10
-4.406278485640627
 20
-0.4576606638180465
 10
-4.401434373100301
 20
-0.46758580664019433
 10
-4.3963481487855915
 20
-0.4773890820399629
 10
-4.391022876334034
 20
-0.4870645851100974
 10
-4.385461763371552
 20
-0.49660648790575834
 10
-4.379668159580234
 20
-0.5060090429549291
 10
-4.37364555468082
 20
-0.5152665867203581
 10
-4.31966957116623
 20
-0.5960485619616307
 10
-4.313421251131388
 20
-0.6051560034138532
 10
-4.306951297447199
 20
-0.6141073548418561
 10
-4.300263607645832
 20
-0.6228972239071098
 10
-4.293362210424846
 20
-0.6315203155488334
 10
-4.286251263220208
 20
-0.6399714351738339
 10
-4.278935049701772
 20
-0.648245491785687
 10
-4.271417977192897
 20
-0.6563375010516168
 10
-4.2637045740154065
 20
-0.664242588305072
 10
-2.65214058791409
 20
-2.2758065743386453
 10
-2.644235500602548
 20
-2.283519977570819
 10
-2.6361434912758455
 20
-2.2910370501314787
 10
-2.627869434600683
 20
-2.2983532636987363
 10
-2.61941831490995
 20
-2.3054642109491468
 10
-2.6107952232001423
 20
-2.3123656082127226
 10
-2.60200535406463
 20
-2.31905329805344
 10
-2.59305400256423
 20
-2.3255232517736815
 10
-2.5839465610376635
 20
-2.331771571841145
 10
-2.503164585729195
 20
-2.3857475552300187
 10
-2.493907041954998
 20
-2.391770160115918
 10
-2.484504486897407
 20
-2.39756376389348
 10
-2.474962584093646
 20
-2.4031248768420213
 10
-2.4652870810157594
 20
-2.4084501492794246
 10
-2.455483805608594
 20
-2.4135363735798236
 10
-2.445558662779405
 20
-2.4183804861056544
 10
-2.4355176308411046
 20
-2.4229795690530125
 10
-2.425366757911263
 20
-2.427330852209167
 10
-2.4151121582691246
 20
-2.4314317146211906
 10
-2.4047600086727243
 20
-2.4352796861746313
 10
-2.3943165446382864
 20
-2.43887244908138
 10
-2.3837880566844376
 20
-2.44220783927576
 10
-2.373180886543196
 20
-2.445283847718052
 10
-2.362501423339893
 20
-2.4480986216045935
 10
-2.3517560997450175
 20
-2.450650465483797
 10
-2.340951388099313
 20
-2.4529378422774215
 10
-2.2456634172633017
 20
-2.4718918364274955
 10
-2.234805602200339
 20
-2.473913407133871
 10
-2.2239014453948016
 20
-2.4756679043333847
 10
-2.212957515128892
 20
-2.477154271178364
 10
-2.2019804036429775
 20
-2.4783716123334756
 10
-2.1909767231645105
 20
-2.4793191945150355
 10
-2.179953101925321
 20
-2.4799964469327236
 10
-2.168916180168736
 20
-2.480402961633409
 10
-2.1578726061499367
 20
-2.480538493746863
 10
-0.07766761935451427
 20
-2.4805384937361623
 10
-0.06785227032835905
 20
-2.4804314353552
 10
-0.05804159159302458
 20
-2.4801103111524085
 10
-0.04824025121703812
 20
-2.4795752739235155
 10
-0.015738267577745546
 20
-2.4774452749391287
 10
-0.005059976627364904
 20
-2.4766177494848307
 10
0.00559559556484146
 20
-2.4755363257682035
 10
0.016222412908888373
 20
-2.4742016163861678
 10
0.026814455603613396
 20
-2.472614377415063
 10
0.037365723546713525
 20
-2.4707755079823173
 10
0.04787023973375426
 20
-2.468686049757146
 10
0.05832205364376364
 20
-2.46634718636043
 10
0.06871524461027434
 20
-2.4637602426942777
 10
0.07904392517505698
 20
-2.4609266841914703
 10
0.08930224442329404
 20
-2.4578481159853354
 10
0.0994843912978638
 20
-2.4545262820005007
 10
0.19148335997292065
 20
-2.423296292534836
 10
0.20189733773813145
 20
-2.4196180313501117
 10
0.21221790911988592
 20
-2.4156853039769004
 10
0.22243885728366308
 20
-2.4115004793843156
 10
0.23255402540539194
 20
-2.4070660783980884
 10
0.24255732038000133
 20
-2.402384772182039
 10
0.2524427164917995
 20
-2.397459380629037
 10
0.26220425904421063
 20
-2.3922928706624162
 10
0.2718360679466798
 20
-2.386888354448736
 10
0.28133234125672857
 20
-2.3812490875231234
 10
0.29068735867488726
 20
-2.3753784668282094
 10
0.299895484990401
 20
-2.369280028667923
 10
0.3089511734758048
 20
-2.3629574465772833
 10
0.31784896922803796
 20
-2.3564145291095997
 10
0.32658351245441963
 20
-2.349655217542278
 10
0.3351495417011279
 20
-2.3426835835026907
 10
0.3435418970227033
 20
-2.335503826515577
 10
0.4165858670371847
 20
-2.271444852687708
 10
0.4247991878725088
 20
-2.264061578879115
 10
0.4328288457737415
 20
-2.256478969482231
 10
0.4406700042545708
 20
-2.2487015917136404
 10
0.44831794036704764
 20
-2.240734130104336
 10
0.4557680475465702
 20
-2.232581383678095
 10
0.46301583838624083
 20
-2.2242482630608933
 10
0.4700569473400833
 20
-2.2157397875231197
 10
0.4768871333522213
 20
-2.207061081956269
 10
0.4835022824116493
 20
-2.1982173737861643
 10
0.4898984100300652
 20
-2.1892139898242533
 10
0.49607166364185673
 20
-2.1800563530591646
 10
0.5020183249246202
 20
-2.170749979390294
 10
0.5077348120388478
 20
-2.161300474305399
 10
0.5132176817853065
 20
-2.1517135295042635
 10
0.5184636316790261
 20
-2.141994919470463
 10
0.5234695019384503
 20
-2.132150497993173
 10
0.5664404842506485
 20
-2.045014533647425
 10
0.571203453648593
 20
-2.03504981139762
 10
0.5757204388079629
 20
-2.02497119978333
 10
0.5799887187955051
 20
-2.014784769940178
 10
0.5840057224925204
 20
-2.0044966579511154
 10
0.5877690301437326
 20
-1.9941130611501947
 10
0.5912763748146972
 20
-1.9836402343894548
 10
0.5945256437576347
 20
-1.9730844862711052
 10
0.5975148796837857
 20
-1.9624521753473516
 10
0.6002422819427409
 20
-1.951749706290201
 10
0.6027062076069001
 20
-1.9409835260333494
 10
0.6049051724612582
 20
-1.930160119888754
 10
0.6068378518973532
 20
-1.9192860076399825
 10
0.6085030817113193
 20
-1.9083677396148673
 10
0.6098998588050506
 20
-1.8974118927397114
 10
0.6110273417905319
 20
-1.8864250665774804
 10
0.611884851496626
 20
-1.8754138793524149
 10
0.6182388487997628
 20
-1.7784669190629572
 10
0.6188258661263717
 20
-1.7674380661018247
 10
0.6191420430862138
 20
-1.756398128642303
 10
0.619187189223311
 20
-1.745353756826475
 10
0.6189612773429474
 20
-1.7343116034675319
 10
0.6184644435279267
 20
-1.7232783200423611
 10
0.6176969870567461
 20
-1.7122605526848176
 10
0.6166593702232035
 20
-1.701264938182355
 10
0.6153522180579216
 20
-1.6902980999781647
 10
0.6137763179519595
 20
-1.6793666441814281
 10
0.6119326191823689
 20
-1.668477155587972
 10
0.6098222323404627
 20
-1.6576361937137847
 10
0.607446428662854
 20
-1.6468502888437513
 10
0.604806639265604
 20
-1.6361259380979831
 10
0.6019044542822485
 20
-1.6254696015181693
 10
0.5987416219058446
 20
-1.6148876981761973
 10
0.5953200473360312
 20
-1.604386602307514
 10
0.564090060040968
 20
-1.512387640026823
 10
0.5604117988608266
 20
-1.5019736622741036
 10
0.5564790714928165
 20
-1.4916530909046344
 10
0.5522942469060297
 20
-1.4814321427528583
 10
0.5478598459261832
 20
-1.4713169746428605
 10
0.5431785397171041
 20
-1.4613136796796837
 10
0.5382531481716342
 20
-1.4514282835789984
 10
0.5330866382131205
 20
-1.4416667410373734
 10
0.5276821220080876
 20
-1.4320349321453207
 10
0.5220428550916552
 20
-1.4225386588452977
 10
0.5161722344064401
 20
-1.413183641436767
 10
0.5100737962563642
 20
-1.4039755151304476
 10
0.5037512141764182
 20
-1.3949198266538048
 10
0.4972082967199185
 20
-1.3860220309098708
 10
0.4904489851642211
 20
-1.3772874876913335
 10
0.4834773511367132
 20
-1.368721458451951
 10
0.47629759416210504
 20
-1.3603291031371967
 10
0.4122386137384524
 20
-1.287285125532101
 10
0.4048554783369127
 20
-1.279071954906989
 10
0.39727301463619824
 20
-1.2710424403324865
 10
0.389495789596225
 20
-1.2632014180297162
 10
0.38152848748276824
 20
-1.2555536106898657
 10
0.37337590704598256
 20
-1.2481036246296995
 10
0.3650429586303119
 20
-1.2408559470170886
 10
0.3565346612167275
 20
-1.2338149431684329
 10
0.34785613939990867
 20
-1.226984853919383
 10
0.15442263466144368
 20
-1.0785579373413228
 10
0.06558435532872409
 20
-0.9897196580634855
 10
0.05767926802667489
 20
-0.9820062548447552
 10
0.04958725871009051
 20
-0.974489182296999
 10
0.041313202045614617
 20
-0.9671729687421049
 10
0.032862082366108325
 20
-0.9600620215034894
 10
0.024238990668067117
 20
-0.9531606242511117
 10
0.015449121544833133
 20
-0.9464729344209815
 10
0.006497770057222851
 20
-0.9400029807107089
 10
0.005811587787007966
 20
-0.9395322133238224
 10
0.0069631992356846695
 20
-0.9373126041458164
 10
0.01180744535824374
 20
-0.9273872983416638
 10
0.016406653286566097
 20
-0.9173460981029606
 10
0.020758052629815893
 20
-0.9071950518732521
 10
0.02485902226769099
 20
-0.8969402742632226
 10
0.02870709192944787
 20
-0.8865879423674485
 10
0.03229994368177813
 20
-0.8761442920435698
 10
0.035635413325195486
 20
-0.8656156141560132
 10
0.03871149169745536
 20
-0.8550082507866605
 10
0.041526325884007065
 20
-0.844328591414552
 10
0.04407822033397224
 20
-0.8335830690671671
 10
0.046365637881535804
 20
-0.8227781564453522
 10
0.04838720067192526
 20
-0.811920362024459
 10
0.05014169099129617
 20
-0.8010162261338394
 10
0.05162805200029652
 20
-0.7900723170172199
 10
0.05284538837062769
 20
-0.7790952268762297
 10
0.053792966824403265
 20
-0.7680915678995106
 10
0.05447021657573714
 20
-0.7570679682797774
 10
0.05487672967473145
 20
-0.7460310682212281
 10
0.055012261253125416
 20
-0.7349875159397783
 10
0.05501226121731406
 20
-0.4724514282199195
 10
0.0597442079028383
 20
-0.4810488079242745
 10
0.06530547912615248
 20
-0.4905908558291543
 10
0.11071196093612912
 20
-0.5663469939624832
 10
0.11650573078679827
 20
-0.5757496875530634
 10
0.12252850931443504
 20
-0.5850073629982191
 10
0.12877666862246429
 20
-0.5941144438204162
 10
0.135246445053383
 20
-0.6030654442547103
 10
0.18785968226492855
 20
-0.6740061823772834
 10
0.1945471786672215
 20
-0.6827957106756131
 10
0.20144836674319322
 20
-0.6914184723548971
 10
0.20855908947521584
 20
-0.6998692733859215
 10
0.21587506362982367
 20
-0.7081430233221369
 10
0.27518836200684405
 20
-0.7735851633453379
 10
0.28270518071479955
 20
-0.7816768783892627
 10
0.2904183161255389
 20
-0.7895816843942143
 10
0.2983231221346898
 20
-0.7972948198006478
 10
0.30641483718270024
 20
-0.804811638504205
 10
0.37185697723862177
 20
-0.8641249368459611
 10
0.3801307271788801
 20
-0.8714409109960783
 10
0.38858152821381964
 20
-0.8785516337235393
 10
0.39720428989690504
 20
-0.885452821794857
 10
0.40599381819890823
 20
-0.8921403181923964
 10
0.4769345563502725
 20
-0.9447535553653523
 10
0.48588555678807666
 20
-0.9512233317913541
 10
0.49499263761364887
 20
-0.9574714910944095
 10
0.5042503130620446
 20
-0.9634942696169873
 10
0.5136530066557441
 20
-0.969288039462505
 10
0.589409144813601
 20
-1.0146945212310854
 10
0.5989511927215574
 20
-1.0202557924492055
 10
0.6086268471709104
 20
-1.025581215138125
 10
0.6184302799092336
 20
-1.0306675814623532
 10
0.6283555857152123
 20
-1.0355118275849904
 10
0.7081975508571645
 20
-1.0732742647084734
 10
0.7182387510977151
 20
-1.077873472636817
 10
0.7283897973292994
 20
-1.0822248719799674
 10
0.7386445749412189
 20
-1.086325841617679
 10
0.7489969068388689
 20
-1.090173911279173
 10
0.8321557771944583
 20
-1.1199286308449246
 10
0.8324772995114529
 20
-1.1200392417971443
 10
1.4634766280108522
 20
-1.7510386652004257
 10
0.43385171212958085
 20
-2.7806635493754825
 10
-2.5717250123508393
 20
-2.780663520712409
 10
-4.768936738818496
 20
-0.5834517535620165
 10
-4.76893673899238
 20
-0.13103871607392392
 10
-4.769072270576515
 20
-0.11999516379253095
 10
-4.769478783681279
 20
-0.10895826373418771
 10
-4.770156033438354
 20
-0.09793466411478846
 10
-4.771103611897843
 20
-0.08693100513855256
 10
-4.772320948273887
 20
-0.0759539149981876
 10
-4.7738073092886
 20
-0.06501000588232841
 10
-4.775561799613655
 20
-0.05410586999261113
 10
-4.7775833624097
 20
-0.04324807557275534
 10
-4.7798707799628914
 20
-0.03244316295212002
 10
-4.782422674418456
 20
-0.021697640606049617
 10
-4.785237508610578
 20
-0.011017981235404761
 10
-4.78831358698838
 20
-0.0004106178676366312
 10
-4.7916490566372545
 20
0.010118060018193376
 10
-4.79524190839507
 20
0.02056171034021048
 10
-4.799089978062227
 20
0.03091404223398797
 10
-4.8031909477054455
 20
0.04116881984189291
 10
-4.807542347053982
 20
0.05131986606934191
 10
-4.812141554987562
 20
0.061361066305664735
 10
-4.816985801115294
 20
0.07128637210730204
 10
-4.822072167444475
 20
0.08108980484117723
 10
-4.82739759013819
 20
0.09076545928598279
 10
-4.832958861360993
 20
0.10030750718928516
 10
-4.83875263121098
 20
0.10971020077821692
 10
-4.844775409737906
 20
0.11896787622175964
 10
-4.8510235690451395
 20
0.12807495704240068
 10
-4.857493345475149
 20
0.13702595747518131
 10
-4.864180841876589
 20
0.14581548577213965
 10
-4.871082029951651
 20
0.15443824745010204
 10
-4.878192752682679
 20
0.16288904847986174
 10
-4.885508726836207
 20
0.17116279841486204
 10
-4.893025545542969
 20
0.1792545134575363
 10
-4.900738680952458
 20
0.18715931946130127
 10
-4.908643486960301
 20
0.19487245486660498
 10
-4.916735202006947
 20
0.20238927356909642
 10
-4.925008951945813
 20
0.20970524771825438
 10
-4.933459752979331
 20
0.21681597044482004
 10
-4.942082514660939
 20
0.22371715851531349
 10
-4.950872042961436
 20
0.2304046549120926
 10
-4.959823043397648
 20
0.23687443133739094
 10
-4.9689301242216
 20
0.243122590639814
 10
-4.978187799668319
 20
0.24914536916182328
 10
-4.9875904932603135
 20
0.2549391390068507
 10
-4.997132541166565
 20
0.26050041022459425
 10
-5.006808195614184
 20
0.26582583291320816
 10
-5.016611628350745
 20
0.2709121992372019
 10
-5.026536934154933
 20
0.2757564453596899
 10
-5.036578134393693
 20
0.2803556532879625
 10
-5.046729180623458
 20
0.28470705263111995
 10
-5.0569839582335305
 20
0.288808022268924
 10
-5.067336290129333
 20
0.2926560919306027
 10
-5.077779940453269
 20
0.29624894368288324
 10
-5.088308618340847
 20
0.2995844133262082
 10
-5.098915981710235
 20
0.30266049169840414
 10
-5.109595641082365
 20
0.3054753258848635
 10
-5.120341163429799
 20
0.3080272203347363
 10
-5.131146076051635
 20
0.3103146378822288
 10
-5.142003870472564
 20
0.3123362006725401
 10
-5.152908006363219
 20
0.31409069099183284
 10
-5.163851915479853
 20
0.3155770520007479
 10
-5.174829005620865
 20
0.31679438837099383
 10
-5.185832664597598
 20
0.3177419668246628
 10
-5.1968562642173595
 20
0.31841921657591854
 10
-5.207893164275902
 20
0.3188257296748347
 10
-5.21893671655738
 20
0.3189612612531292
 10
-5.67904172555663
 20
0.318961261186665
  0
LWPOLYLINE
  5
3E
330
17
100
AcDbEntity
  8
0
100
AcDbPolyline
 90
560
 70
0
 10
-6.9189365439860495
 20
-2.3810384887468743
 10
-6.507944769174401
 20
-2.3810385094751894
 10
-3.9884406409695146
 20
-4.90054263767211
 10
-3.9787792113405374
 20
-4.909969803233153
 10
-3.9688893373276812
 20
-4.919157026154188
 10
-3.9143269387111275
 20
-4.968609501642696
 10
-3.9042145776726045
 20
-4.977551247825602
 10
-3.893885820851665
 20
-4.986242131158576
 10
-3.883346889905255
 20
-4.994676916578477
 10
-3.872604133091272
 20
-5.0028505232859715
 10
-3.813457279180625
 20
-5.046716819769138
 10
-3.8025171675339777
 20
-5.054624324289229
 10
-3.7913862909689726
 20
-5.062260963436813
 10
-3.780071354309399
 20
-5.069622137186016
 10
-3.768579173250032
 20
-5.076703411441031
 10
-3.705417478669716
 20
-5.114561074236676
 10
-3.6937549756707426
 20
-5.121358183502643
 10
-3.681929175787843
 20
-5.127867033455132
 10
-3.669947202440653
 20
-5.134083703406311
 10
-3.6578162731219095
 20
-5.140004448666659
 10
-3.591248019517849
 20
-5.171488887787369
 10
-3.5789754414457775
 20
-5.177110141921332
 10
-3.566568607162452
 20
-5.1824285188956125
 10
-3.5540349900809645
 20
-5.187440815118791
 10
-3.5413821399835967
 20
-5.192144011371049
 10
-3.4720484160280023
 20
-5.216952014456872
 10
-3.4592839545183836
 20
-5.221343277708677
 10
-3.4464155704309576
 20
-5.225419962827203
 10
-3.4334510151991253
 20
-5.229179614169787
 10
-3.420398098186155
 20
-5.23261996706303
 10
-3.348966625542346
 20
-5.250512619482741
 10
-3.335833209337551
 20
-5.253631601586669
 10
-3.322627205019586
 20
-5.25642733414314
 10
-3.3093565673916885
 20
-5.258898133107394
 10
-3.2960292901896935
 20
-5.261042510162525
 10
-3.2231879929881018
 20
-5.271847495892189
 10
-3.2098121040988303
 20
-5.2736641593415285
 10
-3.1963956606244324
 20
-5.275152014900691
 10
-3.1829467441287704
 20
-5.276310166341133
 10
-3.1694734557362096
 20
-5.277137916035734
 10
-3.0959238331552683
 20
-5.280751177288842
 10
-3.0824342886592717
 20
-5.281248026632426
 10
-3.068936613668626
 20
-5.281413676340669
 10
0.9310633814216374
 20
-5.281413676334651
 10
0.944561056523753
 20
-5.281248026623629
 10
0.9580506011309637
 20
-5.280751177271803
 10
1.0316002239546833
 20
-5.27713791597666
 10
1.045073512380526
 20
-5.2763101662740794
 10
1.058522428909157
 20
-5.275152014824016
 10
1.0719388724161831
 20
-5.273664159253606
 10
1.0853147613377132
 20
-5.271847495791405
 10
1.1581560585325121
 20
-5.261042510014107
 10
1.171483335733143
 20
-5.258898132950257
 10
1.1847539733594772
 20
-5.256427333977328
 10
1.1979599776756515
 20
-5.253631601412216
 10
1.211093393878457
 20
-5.250512619299691
 10
1.2825248665102151
 20
-5.232619966833376
 10
1.2955777835208266
 20
-5.229179613931628
 10
1.3085423387501294
 20
-5.225419962580602
 10
1.3214107228347984
 20
-5.221343277453691
 10
1.3341751843414613
 20
-5.216952014193581
 10
1.4035089082807417
 20
-5.192144011062524
 10
1.4161617583750967
 20
-5.187440814801988
 10
1.4286953754533442
 20
-5.182428518570603
 10
1.4411022097332307
 20
-5.1771101415882015
 10
1.4533747878016925
 20
-5.171488887446202
 10
1.5199430413853747
 20
-5.140004448281907
 10
1.532073970700253
 20
-5.13408370301363
 10
1.5440559440433788
 20
-5.1278670330546205
 10
1.555881743922015
 20
-5.121358183094401
 10
1.5675442469165546
 20
-5.114561073820823
 10
1.6307059414724563
 20
-5.076703410983718
 10
1.642198122527219
 20
-5.069622136721172
 10
1.6535130591820177
 20
-5.062260962964551
 10
1.6646439357420775
 20
-5.054624323809669
 10
1.6755840473835804
 20
-5.046716819282409
 10
1.7347309012653795
 20
-5.00285052276071
 10
1.745473658047473
 20
-4.994676916066901
 10
1.756012588962875
 20
-4.986242130662113
 10
1.7663413457536876
 20
-4.9775512473456445
 10
1.7764537067630783
 20
-4.968609501180602
 10
1.8310161051779517
 20
-4.919157025834259
 10
1.8409059791063669
 20
-4.909969802985991
 10
1.8505674086546264
 20
-4.900542637501729
 10
3.850567405179106
 20
-2.900542640968716
 10
3.859994570739957
 20
-2.8908812113399236
 10
3.869181793660829
 20
-2.8809913373272593
 10
3.9186342691489813
 20
-2.826428938711139
 10
3.9275760153319936
 20
-2.816316577672488
 10
3.9362668986650533
 20
-2.805987820851449
 10
3.944701684085061
 20
-2.795448889904904
 10
3.9528752907926332
 20
-2.7847061330908005
 10
3.996741587275693
 20
-2.72555927918021
 10
4.004649091795727
 20
-2.714619167533641
 10
4.012285730943262
 20
-2.703488290968693
 10
4.019646904692394
 20
-2.6921733543091975
 10
4.026728178947366
 20
-2.6806811732499014
 10
4.064585841742826
 20
-2.617519478669884
 10
4.071382951008786
 20
-2.6058569756709247
 10
4.077891800961254
 20
-2.5940311757880323
 10
4.08410847091244
 20
-2.5820492024408637
 10
4.0900292161727805
 20
-2.569918273122127
 10
4.121513655293825
 20
-2.503350019517363
 10
4.127134909427866
 20
-2.491077441445114
 10
4.13245328640221
 20
-2.4786706071616322
 10
4.1374655826254525
 20
-2.466136990079981
 10
4.14216877887776
 20
-2.4534841399824288
 10
4.166976781963541
 20
-2.384150416026671
 10
4.171368045215246
 20
-2.3713859545172937
 10
4.17544473033368
 20
-2.3585175704301236
 10
4.179204381676186
 20
-2.34555301519854
 10
4.182644734569351
 20
-2.3325000981858395
 10
4.200537386988856
 20
-2.2610686255430466
 10
4.20365636909284
 20
-2.247935209338145
 10
4.206452101649319
 20
-2.2347292050200807
 10
4.208922900613601
 20
-2.2214585673920553
 10
4.2110672776687466
 20
-2.208131290189961
 10
4.2218722633984385
 20
-2.135289992988099
 10
4.223688926847785
 20
-2.1219141040988347
 10
4.2251767824069475
 20
-2.108497660624451
 10
4.226334933847369
 20
-2.095048744128796
 10
4.227162683541991
 20
-2.0815754557362283
 10
4.230775944795113
 20
-2.0080258331548464
 10
4.231272794138761
 20
-1.9945362886557092
 10
4.231438443846912
 20
-1.9810386136618874
 10
4.2314384438408865
 20
-1.5210386185717795
 10
4.231272794129808
 20
-1.5075409434727902
 10
4.230775944778031
 20
-1.4940513988686774
 10
4.227162683482874
 20
-1.420501776045107
 10
4.226334933780322
 20
-1.4070284876193782
 10
4.225176782330266
 20
-1.3935795710908394
 10
4.2236889267598485
 20
-1.3801631275839128
 10
4.2218722632976835
 20
-1.3667872386624964
 10
4.2110672775204705
 20
-1.2939459414680172
 10
4.208922900456599
 20
-1.2806186642672515
 10
4.206452101483649
 20
-1.267348026640768
 10
4.203656368918502
 20
-1.2541420223244586
 10
4.200537386805934
 20
-1.2410086061215182
 10
4.182644734339391
 20
-1.169577133489021
 10
4.179204381437643
 20
-1.1565242164784522
 10
4.175444730086639
 20
-1.1435596612492134
 10
4.171368044959735
 20
-1.130691277164594
 10
4.1669767816996455
 20
-1.117926815657981
 10
4.142168778568617
 20
-1.0485930917188213
 10
4.137465582308067
 20
-1.0359402416244023
 10
4.13245328607664
 20
-1.0234066245460909
 10
4.127134909094195
 20
-1.0109997902661547
 10
4.121513654952167
 20
-0.9987272121976432
 10
4.090029215787922
 20
-0.9321589586141741
 10
4.084108470519681
 20
-0.9200280292993668
 10
4.077891800560707
 20
-0.9080460559563264
 10
4.071382950600537
 20
-0.8962202560777541
 10
4.064585841326988
 20
-0.8845577530832927
 10
4.026728178489947
 20
-0.8213960585275046
 10
4.019646904227386
 20
-0.8099038774727347
 10
4.012285730470779
 20
-0.7985889408179432
 10
4.004649091315912
 20
-0.7874580642578906
 10
3.9967415867886302
 20
-0.7765179526164019
 10
3.9528752902668884
 20
-0.7173710987345459
 10
3.944701683573072
 20
-0.7066283419524169
 10
3.9362668981682702
 20
-0.6960894110369935
 10
3.9275760148517804
 20
-0.6857606542461596
 10
3.918634268686702
 20
-0.6756482932367476
 10
3.869181793340033
 20
-0.6210858948215403
 10
3.859994572064153
 20
-0.6111960225446609
 10
3.8505674082323935
 20
-0.6015345945697632
 10
2.616660193289732
 20
0.6323726408305816
 10
2.5943530803166084
 20
0.6947168450316781
 10
2.5896498840567403
 20
0.7073696951263173
 10
2.5846375878260233
 20
0.7199033122048704
 10
2.579319210844261
 20
0.7323101464850694
 10
2.5736979567029152
 20
0.7445827245538581
 10
2.5359355195359115
 20
0.8244246896752188
 10
2.5300147742683237
 20
0.8365556189903671
 10
2.523798104309975
 20
0.848537592333777
 10
2.5172892543504304
 20
0.8603633922127258
 10
2.5104921450775066
 20
0.8720258952075781
 10
2.46508566326753
 20
0.947782033340907
 10
2.458004389005623
 20
0.9592742143960606
 10
2.450643215249613
 20
0.970589151051243
 10
2.4430065760953426
 20
0.9817200276117077
 10
2.435099071568686
 20
0.9926601392536298
 10
2.3824858343571407
 20
1.063600877376203
 10
2.3743122276432302
 20
1.0743436341852615
 10
2.365877442217027
 20
1.0848825651266054
 10
2.3571865588778564
 20
1.0952113219423012
 10
2.3482448126889324
 20
1.1053236829754667
 10
2.288931514311912
 20
1.1707658229986677
 10
2.2797442914466046
 20
1.1806556969412298
 10
2.270317125944615
 20
1.1903171265028476
 10
2.260655696377853
 20
1.1997442919996004
 10
2.2507658224302816
 20
1.2089315148595077
 10
2.18532368237436
 20
1.2682448132012638
 10
2.1752113213362634
 20
1.277186559384738
 10
2.1648825645157785
 20
1.2858774427183093
 10
2.1543436335697947
 20
1.2943122281388142
 10
2.14360087675621
 20
1.3024858348469053
 10
2.0726601386048458
 20
1.3550990720198612
 10
2.0617200269586533
 20
1.363006576540542
 10
2.0505891503940745
 20
1.370643215688716
 10
2.0392742137349273
 20
1.378004389438523
 10
2.027782032675958
 20
1.3850856636941558
 10
1.9520258945181013
 20
1.4304921454627362
 10
1.9403633915194973
 20
1.437289254729329
 10
1.9285375916369674
 20
1.4437981046824504
 10
1.9165556182901184
 20
1.4500147746342833
 10
1.9044246889717158
 20
1.4559355198952915
 10
1.8245827238297636
 20
1.4936979570187745
 10
1.8123101457579764
 20
1.4993192111534057
 10
1.7999033114749352
 20
1.504637588128368
 10
1.7873696943937034
 20
1.5096498843522355
 10
1.774716844296563
 20
1.51435308060519
 10
1.6915579739409736
 20
1.5441078001709414
 10
1.6787935124316107
 20
1.548499063423428
 10
1.665925128344412
 20
1.5525757485426581
 10
1.6529605731127788
 20
1.5563353998859384
 10
1.6399076561000072
 20
1.5597757527798919
 10
1.55423274591152
 20
1.5812362005728389
 10
1.5410993297068956
 20
1.5843551826774842
 10
1.5278933253891012
 20
1.5871509152346661
 10
1.5146226877613174
 20
1.5896217141996374
 10
1.5012954105594645
 20
1.5917660912554936
 10
1.4139295567583758
 20
1.604725591431908
 10
1.4005536678357373
 20
1.6065422548861008
 10
1.3871372243278017
 20
1.6080301104484818
 10
1.37368830779846
 20
1.6091882618904805
 10
1.3602150193721059
 20
1.610016011584996
 10
1.2719996028889966
 20
1.6143497570738177
 10
1.258510058370888
 20
1.6148466064153624
 10
1.2450123833581586
 20
1.6150122561204938
 10
1.2315147083455145
 20
1.6148466064080083
 10
1.2180251638276616
 20
1.6143497570591094
 10
1.1298097473469966
 20
1.6100160115222337
 10
1.1163364589210971
 20
1.6091882618203854
 10
1.1028875423923807
 20
1.608030110371054
 10
1.0894710988852694
 20
1.6065422548013686
 10
1.0760952099636256
 20
1.6047255913398928
 10
0.9887293561693298
 20
1.5917660911158436
 10
0.9754020789686138
 20
1.5896217140527256
 10
0.9621314413421658
 20
1.5871509150805139
 10
0.9489254370258493
 20
1.584355182516127
 10
0.9357920208229018
 20
1.5812362004043194
 10
0.8501171106464653
 20
1.559775752564768
 10
0.8370641936356549
 20
1.5563353996637233
 10
0.8240996384061532
 20
1.5525757483134015
 10
0.8112312543212568
 20
1.5484990631871867
 10
0.7984667928143381
 20
1.5441077999277653
 10
0.7153079224750627
 20
1.5143530803167806
 10
0.7026550723804235
 20
1.509649884056934
 10
0.6901214553018917
 20
1.504637587826231
 10
0.6777146210217211
 20
1.4993192108444902
 10
0.6654420429529466
 20
1.4936979567031514
 10
0.5856000778313728
 20
1.4559355195360837
 10
0.5734691485161818
 20
1.4500147742684675
 10
0.5614871751727435
 20
1.4437981043101118
 10
0.5496613752937378
 20
1.4372892543505458
 10
0.5379988722988571
 20
1.4304921450775936
 10
0.4622427341654145
 20
1.385085663267553
 10
0.4507505531102538
 20
1.3780043890056461
 10
0.43943561645508566
 20
1.3706432152496504
 10
0.4283047398945996
 20
1.3630065760953798
 10
0.4173646282526988
 20
1.3550990715687092
 10
0.3464238901301826
 20
1.3024858343572134
 10
0.3356811333210885
 20
1.2943122276432888
 10
0.32514220237970903
 20
1.285877442217064
 10
0.31481344556399904
 20
1.2771865588779008
 10
0.30470108453081934
 20
1.268244812688934
 10
0.23925894450752594
 20
1.2089315143118142
 10
0.22936907056498512
 20
1.1997442914465566
 10
0.2197076410033958
 20
1.190317125944567
 10
0.2102804755066927
 20
1.1806556963778547
 10
0.20109325264681388
 20
1.1707658224303046
 10
0.15251488849744987
 20
1.1171678570628956
 10
0.15236385637305716
 20
1.1189217025196143
 10
0.1508760011253969
 20
1.1323381445980942
 10
0.1490593380562757
 20
1.1457140321042232
 10
0.1469149614554226
 20
1.1590413079052624
 10
0.14444416301481056
 20
1.1723119441503371
 10
0.14164843105066893
 20
1.1855179471061206
 10
0.13852944960711966
 20
1.1986513619719403
 10
0.13508909744146536
 20
1.211704277671494
 10
0.13132944689280635
 20
1.224668831618132
 10
0.12725276263356022
 20
1.2375372144510166
 10
0.12656307421718793
 20
1.2395419911516825
 10
0.12663225496541486
 20
1.2396062566114026
 10
0.13629402802953905
 20
1.2490337490365917
 10
0.220500328782947
 20
1.333240048768694
 10
0.38176397303411136
 20
1.4569801425804272
 10
0.5577732762735934
 20
1.5585979813684148
 10
0.6051406219862656
 20
1.5782187524551148
 10
0.7455523488231108
 20
1.6363790462182592
 10
0.9418788658868493
 20
1.6889839048752435
 10
1.143386736320565
 20
1.7155125111299299
 10
1.3466375710581246
 20
1.7155125104352962
 10
1.548148804213838
 20
1.688983110665177
 10
1.66412269748389
 20
1.6579081000045335
 10
1.7444730400745811
 20
1.6363784130715047
 10
1.932258993743659
 20
1.558593954780335
 10
2.108272181280853
 20
1.456972081359254
 10
2.2695226244615014
 20
1.3332408638775348
 10
2.4132397984766953
 20
1.1895236888799303
 10
2.536975749763428
 20
1.0282652406496453
 10
2.6047398341727046
 20
0.910894174921637
 10
2.638597455010256
 20
0.852251701566999
 10
2.648641562972557
 20
0.8280030173173429
 10
2.6539597617158677
 20
0.8155965547351656
 10
2.6595808193600305
 20
0.8033243396686984
 10
2.665501350196706
 20
0.7911937639903428
 10
2.6717177881371015
 20
0.7792121342594029
 10
2.678226388859997
 20
0.7673866673212046
 10
2.6850232320668965
 20
0.7557244859601937
 10
2.692104223843444
 20
0.7442326146096647
 10
2.699465099125206
 20
0.7329179751208201
 10
2.7534410882186364
 20
0.6521359915300948
 10
2.76107792382075
 20
0.6410046741939297
 10
2.7689856449945864
 20
0.6300641335542352
 10
2.7771594880896657
 20
0.6193209602470162
 10
2.7855945291423154
 20
0.6087816260131973
 10
2.7942856868419597
 20
0.5984524798000592
 10
2.803227725591995
 20
0.5883397439365581
 10
2.81241525866389
 20
0.578449510384992
 10
2.821842751442148
 20
0.5687877370711476
 10
3.8309675735933126
 20
-0.44033708483431155
 10
3.8310089175583073
 20
-0.440377429276019
 10
3.98627817108229
 20
-0.5956475427234977
 10
4.098033411594201
 20
-0.7412908778876712
 10
4.189830717371763
 20
-0.9002886436629254
 10
4.253020486339807
 20
-1.052843212005662
 10
4.260084605739593
 20
-1.0698973381008372
 10
4.307600267636815
 20
-1.2472287836172882
 10
4.331563511205729
 20
-1.4292450396179106
 10
4.331563510359473
 20
-2.0728322044807896
 10
4.307600265621318
 20
-2.254848459008933
 10
4.260084263044234
 20
-2.4321811707428225
 10
4.189829011682349
 20
-2.6017929669780457
 10
4.09803526410866
 20
-2.7607839899709177
 10
3.986274590697775
 20
-2.90643309538806
 10
1.8564449714916123
 20
-5.036259796772235
 10
1.7108088189332875
 20
-5.148010461900832
 10
1.5518177252181715
 20
-5.239804248745649
 10
1.3822059284660213
 20
-5.310059498858877
 10
1.2048732163825946
 20
-5.357575500130551
 10
1.0228569600826631
 20
-5.3815387437388935
 10
-3.1607312757040518
 20
-5.381538742813802
 10
-3.3427467736451035
 20
-5.357576315701984
 10
-3.506454626304958
 20
-5.313710610030988
 10
-3.520081463097142
 20
-5.310059405014442
 10
-3.6896896729143407
 20
-5.239804921186725
 10
-3.848677884705779
 20
-5.148012855273684
 10
-3.908159752606366
 20
-5.102371197441045
 10
-3.994332624830861
 20
-5.036249317805456
 10
-6.315021887114085
 20
-2.7155590664544036
 10
-6.324683810502563
 20
-2.706131426824136
 10
-6.334574201195409
 20
-2.6969437544036694
 10
-6.344687100986846
 20
-2.688001584064679
 10
-6.355016417626274
 20
-2.6793103027825396
 10
-6.365555928488533
 20
-2.6708751463911398
 10
-6.376299284322414
 20
-2.6627011964286282
 10
-6.387240013075683
 20
-2.6547933770762384
 10
-6.398371523794026
 20
-2.647156452191794
 10
-6.479152499102412
 20
-2.5931814688028396
 10
-6.490467213253993
 20
-2.585820591635553
 10
-6.50195916011009
 20
-2.578739601135588
 10
-6.513621417708777
 20
-2.5719427624067706
 10
-6.5254469615046276
 20
-2.565434169399353
 10
-6.537428668599773
 20
-2.559217742444112
 10
-6.54955932203427
 20
-2.5532972258909936
 10
-6.561831615133116
 20
-2.5476761858537813
 10
-6.574238155907253
 20
-2.5423580080621093
 10
-6.586771471505983
 20
-2.5373458958221278
 10
-6.599424012718217
 20
-2.5326428680870663
 10
-6.612188158519444
 20
-2.528251757638806
 10
-6.6250562206622305
 20
-2.5241752093816103
 10
-6.6380204483070315
 20
-2.520415678749025
 10
-6.651073032690832
 20
-2.516975430224875
 10
-6.664206111830495
 20
-2.513856535979315
 10
-6.67741177525842
 20
-2.511060874620682
 10
-6.772699746094773
 20
-2.492106880470544
 10
-6.785970408790931
 20
-2.4896360718569284
 10
-6.799297711393407
 20
-2.4874916864105714
 10
-6.812673626002038
 20
-2.48567501583414
 10
-6.826090095434466
 20
-2.484187154426337
 10
-6.839539038079593
 20
-2.4830289984227534
 10
-6.853012352765532
 20
-2.4822012454559825
 10
-6.866501923639575
 20
-2.481704394135413
 10
-6.879999625056826
 20
-2.4815387437468672
 10
-6.973965245639548
 20
-2.4815387435273664
 10
-7.00296069997971
 20
-2.479525897831131
 10
-7.126549448984477
 20
-2.450457908792906
 10
-7.166160260473589
 20
-2.4329680410115273
 10
-7.236828417480552
 20
-2.4017650217865025
 10
-7.336286436195863
 20
-2.333634516698176
 10
-7.421532523725006
 20
-2.2483884277337864
 10
-7.4896635668710445
 20
-2.1489296199614856
 10
-7.493510624757988
 20
-2.1402169384171046
 10
-7.538356980614537
 20
-2.0386500451263103
 10
-7.567425023388765
 20
-1.9150583615672971
 10
-7.569436743745996
 20
-1.8860713416108226
 10
-7.569436743663772
 20
-0.07601090072886763
 10
-7.567423430194907
 20
-0.04701009834921166
 10
-7.538357263883896
 20
0.07657288845181398
 10
-7.48966378963955
 20
0.18685195873406002
 10
-7.421531745766131
 20
0.2863119746341667
 10
-7.3362871974289305
 20
0.3715565215361565
 10
-7.213074908024851
 20
0.4559593324735616
 10
-7.204681701744732
 20
0.46104749330778105
 10
-7.193311992074129
 20
0.4683275929800814
 10
-7.182124397572267
 20
0.4758845684659505
 10
-7.171125659279525
 20
0.4837138663399827
 10
-7.163012538901938
 20
0.4897945473646388
 10
-7.161414823417303
 20
0.4907994506334674
 10
-7.150138224429682
 20
0.49808558974802963
 10
-7.139042829223584
 20
0.5056448035394894
 10
-7.1281352491700005
 20
0.513472587727847
 10
-7.1174219837272545
 20
0.5215642780010654
 10
-7.106909416568115
 20
0.5299150527944079
 10
-7.096603811776035
 20
0.5385199361634037
 10
-7.086511310112613
 20
0.5473738007488933
 10
-7.076637925358455
 20
0.5564713708322202
 10
-7.066989540729864
 20
0.5658072254788564
 10
-7.061349982104417
 20
0.571537171999779
 10
-7.058886019372608
 20
0.5690119800563522
 10
-7.049224589805746
 20
0.5595848145597913
 10
-7.039334715858061
 20
0.550397591700083
 10
-6.977528250653393
 20
0.49437947696721807
 10
-6.96741588961514
 20
0.48543773078387176
 10
-6.957087132794484
 20
0.4767468474504426
 10
-6.946548201848316
 20
0.4683120620300798
 10
-6.935805445034575
 20
0.4601384553221308
 10
-6.880284418938402
 20
0.41896125601315504
 10
-6.918936516326326
 20
0.41896125600757017
 10
-6.9324341913377765
 20
0.41879560629684676
 10
-6.945923735854464
 20
0.4182987569497598
 10
-6.959397024279184
 20
0.41747100724978736
 10
-6.972845940806792
 20
0.41631285580239563
 10
-6.9862623843128375
 20
0.4148250002347069
 10
-6.999638273233458
 20
0.4130083367752775
 10
-7.012965550433307
 20
0.4108639597142556
 10
-7.026236188058945
 20
0.40839316074418974
 10
-7.039442192374494
 20
0.4055974281819914
 10
-7.0525756085767455
 20
0.402478446072422
 10
-7.065628525586874
 20
0.39903809317367234
 10
-7.078593080815779
 20
0.39527844182568117
 10
-7.091461464900135
 20
0.39120175670185375
 10
-7.104225926406571
 20
0.3868104934448553
 10
-7.116878776500755
 20
0.38210729718748127
 10
-7.1294123935789315
 20
0.3770950009592866
 10
-7.141819227858818
 20
0.3717766239800966
 10
-7.1540918059273935
 20
0.3661553698413371
 10
-7.166222735242499
 20
0.3602346245763144
 10
-7.1782047085859375
 20
0.3540179546205806
 10
-7.190030508465
 20
0.3475091046636578
 10
-7.201693011460037
 20
0.34071199539337726
 10
-7.21318519251534
 20
0.333630721134206
 10
-7.224500129170764
 20
0.32626954738096714
 10
-7.235631005731548
 20
0.31863290822947476
 10
-7.246571117373875
 20
0.31072540370561086
 10
-7.257313874183566
 20
0.3025517969944147
 10
-7.267852805125614
 20
0.2941170115709326
 10
-7.278181561942105
 20
0.2854261282345121
 10
-7.288293922976138
 20
0.2764843820482952
 10
-7.298183796919574
 20
0.26729715918582997
 10
-7.307845226482129
 20
0.25786999368664
 10
-7.317272391979927
 20
0.24820856412272008
 10
-7.326459614840957
 20
0.23831869017796237
 10
-7.335401361025717
 20
0.22820632914262973
 10
-7.344092244360638
 20
0.21787757232488758
 10
-7.352527029782607
 20
0.20733864138161806
 10
-7.360700636492254
 20
0.19659588457074761
 10
-7.368608141014533
 20
0.18565577292728364
 10
-7.376244780164413
 20
0.1745248963653907
 10
-7.3836059539160175
 20
0.16320995970891516
 10
-7.390687228173533
 20
0.15171777865258917
 10
-7.397484337442123
 20
0.1400552756565645
 10
-7.403993187397333
 20
0.12822947577655697
 10
-7.410209857351347
 20
0.11624750243222337
 10
-7.416130602614615
 20
0.10411657311625788
 10
-7.421751856751598
 20
0.09184399504687946
 10
-7.4270702337289976
 20
0.07943716076621854
 10
-7.43208252995538
 20
0.06690354368732443
 10
-7.436785726210928
 20
0.054250693592450716
 10
-7.441176989466086
 20
0.041486232085382824
 10
-7.445253674588059
 20
0.028617848000436652
 10
-7.44901332593416
 20
0.015653292770998917
 10
-7.452453678831034
 20
0.0026003757603660915
 10
-7.455572660938699
 20
-0.010533040442339825
 10
-7.458368393499001
 20
-0.02373904475828681
 10
-7.460839192467148
 20
-0.03700968238428004
 10
-7.462983569526244
 20
-0.05033695958444184
 10
-7.464800232983734
 20
-0.06371284850531822
 10
-7.46628808854949
 20
-0.07712929201159113
 10
-7.467446239994942
 20
-0.09057820853935539
 10
-7.46827398969296
 20
-0.10405149696419613
 10
-7.4687708390381005
 20
-0.11754104148095479
 10
-7.468936488746877
 20
-0.1310387164924336
 10
-7.468936488746877
 20
-1.8310385162468705
 10
-7.468770839048702
 20
-1.8445361908262967
 10
-7.46827398973538
 20
-1.8580257349117844
 10
-7.467446240090325
 20
-1.8714990229069102
 10
-7.46628808871894
 20
-1.8849479390073043
 10
-7.464800233248255
 20
-1.8983643820893192
 10
-7.462983569906726
 20
-1.9117402705898314
 10
-7.460839192984352
 20
-1.925067547374276
 10
-7.458368394173519
 20
-1.9383381845899876
 10
-7.455572661790939
 20
-1.9515441885018205
 10
-7.452453679881145
 20
-1.9646776043073544
 10
-7.449013327202124
 20
-1.977730520928496
 10
-7.445253676093529
 20
-1.9906950757768556
 10
-7.44117699122846
 20
-2.0035634594898752
 10
-7.436785728249305
 20
-2.016327920634886
 10
-7.43208253228849
 20
-2.0289807703782685
 10
-7.427070236375229
 20
-2.041514387116962
 10
-7.421751859728957
 20
-2.0539212210693805
 10
-7.416130605940694
 20
-2.066193798823157
 10
-7.410209861043313
 20
-2.0783247278368293
 10
-7.40399319147194
 20
-2.0903067008928318
 10
-7.397484341915586
 20
-2.1021325004990885
 10
-7.390687233061627
 20
-2.113795003236582
 10
-7.3836059592340035
 20
-2.125287184050194
 10
-7.376244785927014
 20
-2.1366021204803616
 10
-7.3686081472359035
 20
-2.1477329968329215
 10
-7.360700643185979
 20
-2.158673108284603
 10
-7.352527036961703
 20
-2.1694158649217528
 10
-7.344092252037527
 20
-2.1799547957098895
 10
-7.335401369212136
 20
-2.190283552391598
 10
-7.326459623548047
 20
-2.200395913310466
 10
-7.317272401218162
 20
-2.2102857871587887
 10
-7.307845236261315
 20
-2.2199472166467515
 10
-7.298183807248819
 20
-2.2293743820908745
 10
-7.288293933863841
 20
-2.2385616049195534
 10
-7.278181573395955
 20
-2.2475033510936484
 10
-7.267852817152573
 20
-2.256194234439967
 10
-7.257313886789831
 20
-2.264629019895686
 10
-7.2465711305649165
 20
-2.272802626661772
 10
-7.235631019512056
 20
-2.2807101312634472
 10
-7.224500143544645
 20
-2.2883467705159433
 10
-7.213185207485736
 20
-2.2957079443936124
 10
-7.201693027029265
 20
-2.3027892188008394
 10
-7.190030524634594
 20
-2.3095863282430003
 10
-7.178204725356608
 20
-2.31609517839577
 10
-7.166222752614146
 20
-2.3223118485714664
 10
-7.15409182389908
 20
-2.328232594080667
 10
-7.14181924642881
 20
-2.333853848487891
 10
-7.129412412744628
 20
-2.3391722257598957
 10
-7.116878796258732
 20
-2.344184522305291
 10
-7.10422594675255
 20
-2.348887718904251
 10
-7.091461485829015
 20
-2.3532789825271863
 10
-7.078593102321605
 20
-2.357355668041265
 10
-7.065628547662854
 20
-2.36111531980373
 10
-7.052575631215234
 20
-2.3645556731410764
 10
-7.039442215567007
 20
-2.3676746557132375
 10
-7.02623621179616
 20
-2.3704703887618663
 10
-7.012965574705078
 20
-2.3729411882420024
 10
-6.999638298028785
 20
-2.3750855658365424
 10
-6.986262409619897
 20
-2.376902229852682
 10
-6.9728459666129226
 20
-2.3783900860000173
 10
-6.959397050570928
 20
-2.3795482380496935
 10
-6.945923762617554
 20
-2.3803759883742757
 10
-6.93243421855712
 20
-2.3808728383679494
 10
-6.9189365439860495
 20
-2.3810384887468743
  0
LWPOLYLINE
  5
3F
330
17
100
AcDbEntity
  8
0
100
AcDbPolyline
 90
265
 70
0
 10
-4.830762122944407
 20
0.2585863102379662
 10
-4.697348670516988
 20
0.25858630810391503
 10
-4.648210418350402
 20
0.1868534863117972
 10
-4.5995166272254835
 20
0.07657206568702435
 10
-4.570448532397307
 20
-0.04702069328912728
 10
-4.568436488738797
 20
-0.07600785447155545
 10
-4.568436488698978
 20
-0.16997460687155552
 10
-4.568270838330562
 20
-0.18347230852083385
 10
-4.5677739870187395
 20
-0.19696187962711775
 10
-4.56694623404934
 20
-0.21043519454510573
 10
-4.565788078031744
 20
-0.22388413742164204
 10
-4.56430021659861
 20
-0.23730060708446388
 10
-4.562483545985543
 20
-0.25067652192200995
 10
-4.560339160491367
 20
-0.2640038247515335
 10
-4.55786835181874
 20
-0.2772744876724573
 10
-4.538914357532377
 20
-0.37256245846700153
 10
-4.536118674765362
 20
-0.3857682171410346
 10
-4.532999754449378
 20
-0.3989013904191623
 10
-4.529559475235658
 20
-0.4119540676626414
 10
-4.5257999093428225
 20
-0.42491838671872983
 10
-4.521723321308656
 20
-0.4377865386563897
 10
-4.5173321666262325
 20
-0.4505507724698816
 10
-4.512629090264653
 20
-0.4632033997475631
 10
-4.507616925076093
 20
-0.4757367993028865
 10
-4.502298690089333
 20
-0.48814342176495273
 10
-4.496677588691313
 20
-0.5004157941258214
 10
-4.490757006697578
 20
-0.5125465242417775
 10
-4.484540510312911
 20
-0.5245283052859406
 10
-4.478031843983246
 20
-0.5363539201494376
 10
-4.4712349281402055
 20
-0.5480162457885811
 10
-4.464153856839715
 20
-0.5595082575153469
 10
-4.456792895295962
 20
-0.5708230332286419
 10
-4.402816911781372
 20
-0.6516050084699145
 10
-4.395180076183237
 20
-0.6627363258004166
 10
-4.387272355013664
 20
-0.6736768664346471
 10
-4.379098511923104
 20
-0.6844200397366151
 10
-4.370663470875257
 20
-0.6949593739653963
 10
-4.361972313180672
 20
-0.7052885201737311
 10
-4.353030274435923
 20
-0.7154012560326635
 10
-4.343842741369542
 20
-0.7252914895799094
 10
-4.3344152485970255
 20
-0.7349532628896824
 10
-2.722851262495709
 20
-2.3465172489232557
 10
-2.7131894891149386
 20
-2.3559447417625847
 10
-2.7032992554934197
 20
-2.3651322748922823
 10
-2.6931865195571163
 20
-2.3740743136967026
 10
-2.6828573732684333
 20
-2.3827654714472004
 10
-2.672318038956462
 20
-2.3912005125471296
 10
-2.661574865568582
 20
-2.3993743556857865
 10
-2.650634324845896
 20
-2.4072820768994134
 10
-2.639503007424537
 20
-2.4149189125374164
 10
-2.5587210321160683
 20
-2.46889489592629
 10
-2.5474062563920654
 20
-2.476255857453502
 10
-2.5359142446549754
 20
-2.483336928737195
 10
-2.5242519190059625
 20
-2.490133844563182
 10
-2.512426304132987
 20
-2.496642510875567
 10
-2.5004445230797785
 20
-2.5028590072427264
 10
-2.4883137929552106
 20
-2.50877958921874
 10
-2.4760414205861707
 20
-2.5144006905988405
 10
-2.4636347981163738
 20
-2.5197189255674814
 10
-2.45110139855376
 20
-2.524731090737731
 10
-2.4384487712692646
 20
-2.5294341670808222
 10
-2.425684537449399
 20
-2.5338253217446223
 10
-2.4128163855058062
 20
-2.537901909759981
 10
-2.399852066444282
 20
-2.5416614756338944
 10
-2.386799389195801
 20
-2.5451017548285506
 10
-2.3736662159131754
 20
-2.548220675125357
 10
-2.3604604572350922
 20
-2.5510163578731166
 10
-2.2651724863990808
 20
-2.5699703520231907
 10
-2.2519018235443298
 20
-2.5724411606643187
 10
-2.2385745207820094
 20
-2.5745855461303933
 10
-2.225198606012583
 20
-2.576402216718698
 10
-2.2117821364186625
 20
-2.577890078130501
 10
-2.19833319361166
 20
-2.579048234130184
 10
-2.1848598787637457
 20
-2.5798759870851384
 10
-2.1713703077279263
 20
-2.5803728383859763
 10
-2.1578726061493967
 20
-2.5805384887468676
 10
-0.07766761935397426
 20
-2.580538488736167
 10
-0.06567108165535274
 20
-2.5804076396038766
 10
-0.05368025208994709
 20
-2.5800151544671337
 10
-0.041700836074880954
 20
-2.579361220076258
 10
-0.009198852435588378
 20
-2.5772312210918713
 10
0.0038523920593149796
 20
-2.5762198010921793
 10
0.016875869183110126
 20
-2.574898060994073
 10
0.029864201492500797
 20
-2.573266749527143
 10
0.042810031452745534
 20
-2.5713267907846813
 10
0.055706025605445575
 20
-2.569079283700219
 10
0.0685448787229177
 20
-2.566525501425005
 10
0.08131931794628144
 20
-2.563666890606804
 10
0.0940221069053564
 20
-2.560505070570393
 10
0.10664604981786852
 20
-2.5570418324002873
 10
0.1191839955656917
 20
-2.5532791379261184
 10
0.1316288417457372
 20
-2.549219118611326
 10
0.22362781042079405
 20
-2.5179891291456613
 10
0.23635600546717228
 20
-2.5134934765865538
 10
0.24897003715597066
 20
-2.5086868097970694
 10
0.26146230713391105
 20
-2.503572024183917
 10
0.2738252903938019
 20
-2.4981522007563086
 10
0.2860515398072323
 20
-2.4924306042700195
 10
0.2981336906105412
 20
-2.486410681260793
 10
0.31006446484124695
 20
-2.480096057968254
 10
0.32183667572203944
 20
-2.4734905381515375
 10
0.33344323198986103
 20
-2.4665981007980093
 10
0.34487714216763266
 20
-2.459422897726455
 10
0.3561315187754701
 20
-2.4519692510860978
 10
0.36719958247985574
 20
-2.4442416507530993
 10
0.3780746661770422
 20
-2.436244751625935
 10
0.38875021900926754
 20
-2.4279833708214227
 10
0.3992198103108251
 20
-2.4194624847730424
 10
0.40947713348163006
 20
-2.410687226233236
 10
0.48252110349611144
 20
-2.346628252405374
 10
0.49255960673929167
 20
-2.3376042510837536
 10
0.50237363306303
 20
-2.3283366173764506
 10
0.5119572712062279
 20
-2.318830933437063
 10
0.5213047486770677
 20
-2.3090929248034655
 10
0.5304104352297827
 20
-2.2991284569491697
 10
0.5392688462560784
 20
-2.2889435317503697
 10
0.5478746460885304
 20
-2.2785442838708647
 10
0.5562226512144832
 20
-2.2679369770669453
 10
0.5643078333982601
 20
-2.257128000414589
 10
0.5721253227096383
 20
-2.24612386446114
 10
0.5796704104573678
 20
-2.2349311973038155
 10
0.5869385520252024
 20
-2.2235567405974166
 10
0.5939253696092521
 20
-2.212007345493646
 10
0.6006266548549206
 20
-2.2002899685144897
 10
0.6070383713916954
 20
-2.188411667362061
 10
0.6131566572643408
 20
-2.1763795966676014
 10
0.656127639576539
 20
-2.089243632321846
 10
0.6619490466184459
 20
-2.0770645273498616
 10
0.6674698062576851
 20
-2.0647462242657326
 10
0.6726865929091161
 20
-2.052296143346325
 10
0.677596264094376
 20
-2.0397217842485773
 10
0.6821958623347371
 20
-2.0270307214919043
 10
0.6864826169326079
 20
-2.0142305998954484
 10
0.6904539456405985
 20
-2.0013291299730085
 10
0.6941074562170115
 20
-1.9883340832884286
 10
0.697440947866852
 20
-1.9752532877741302
 10
0.7004524125675005
 20
-1.9620946230157585
 10
0.70314003627837
 20
-1.9488660155056934
 10
0.7055022000336066
 20
-1.9355754338683155
 10
0.7075374809173525
 20
-1.922230884059843
 10
0.7092446529208019
 20
-1.9088404045457565
 10
0.710622687680825
 20
-1.8954120614585932
 10
0.7116707550993624
 20
-1.881953943739063
 10
0.7180247524024992
 20
-1.7850069834496054
 10
0.718742218023948
 20
-1.771527274274888
 10
0.7191286565304154
 20
-1.75803401737992
 10
0.7191838351424167
 20
-1.7445353407161264
 10
0.7189077206219565
 20
-1.7310393754996483
 10
0.718300479292509
 20
-1.7175542513133166
 10
0.7173624769388596
 20
-1.7040880912096554
 10
0.7160942785867235
 20
-1.6906490068177575
 10
0.714496648162509
 20
-1.6772450934570884
 10
0.7125705480329714
 20
-1.6638844252610738
 10
0.7103171384256939
 20
-1.6505750503135133
 10
0.7077377767300561
 20
-1.6373249858006176
 10
0.7048340166796265
 20
-1.6241422131816847
 10
0.7016076074163493
 20
-1.6110346733813046
 10
0.6980604924366673
 20
-1.5980102620059782
 10
0.6941948084210594
 20
-1.5850768245880076
 10
0.6900128839468493
 20
-1.5722421518596192
 10
0.6587828966517861
 20
-1.4802431895789283
 10
0.6542872440982705
 20
-1.4675149945478267
 10
0.6494805773151313
 20
-1.454900962874028
 10
0.6443657917090775
 20
-1.442408692910746
 10
0.6389459682892777
 20
-1.430045709665194
 10
0.633224371811508
 20
-1.4178194602657612
 10
0.6272044488115114
 20
-1.4057373094760308
 10
0.6208898255288489
 20
-1.3938065352584914
 10
0.6142843057227196
 20
-1.3820343243904247
 10
0.6073918683804038
 20
-1.3704277681348387
 10
0.6002166653207155
 20
-1.358993857968862
 10
0.5927630186928354
 20
-1.3477394813722512
 10
0.585035418372911
 20
-1.3366714176785806
 10
0.5770385192593892
 20
-1.3257963339915477
 10
0.5687771384691018
 20
-1.3151207811688863
 10
0.5602562524354653
 20
-1.30465118987631
 10
0.5514809939109568
 20
-1.2943938667138326
 10
0.4874220134873042
 20
-1.2213498891087369
 10
0.478398181329851
 20
-1.2113115694558232
 10
0.4691307256956634
 20
-1.2014977183092057
 10
0.459625228424585
 20
-1.1919142466058261
 10
0.4498874147303411
 20
-1.1825669265237906
 10
0.4399231497520759
 20
-1.173461388005805
 10
0.42973843502178966
 20
-1.1646031153681733
 10
0.4193394048496373
 20
-1.1559974439975989
 10
0.4087323226291062
 20
-1.1476495571376333
 10
0.2204987061735153
 20
-1.0032126596900213
 10
0.1362950298899932
 20
-0.9190089834585251
 10
0.1266332565208188
 20
-0.9095814906356239
 10
0.12656331662421394
 20
-0.9095165199644057
 10
0.12725275699926897
 20
-0.9075124644974366
 10
0.13132944211898234
 20
-0.8946440804126468
 10
0.13508909346288078
 20
-0.8816795251834364
 10
0.13852944635755193
 20
-0.8686266081730807
 10
0.14164842846304282
 20
-0.8554931919707229
 10
0.14444416102119817
 20
-0.8422871876551739
 10
0.14691495998721393
 20
-0.8290165500296354
 10
0.14905933704423546
 20
-0.8156892728299852
 10
0.15087600049969296
 20
-0.8023133839096701
 10
0.15236385606343106
 20
-0.7888969404040154
 10
0.152514888651325
 20
-0.7871430897492786
 10
0.2010932531943581
 20
-0.8407410554924084
 10
0.2102804760596655
 20
-0.8506309294349705
 10
0.219707641561655
 20
-0.8602923589965883
 10
0.2293690711284171
 20
-0.8697195244933411
 10
0.23925894507598855
 20
-0.8789067473532484
 10
0.3047010851319101
 20
-0.9382200456950045
 10
0.3148134461700067
 20
-0.9471617918784787
 10
0.32514220299049157
 20
-0.95585267521205
 10
0.33568113393647536
 20
-0.9642874606325549
 10
0.3464238907500601
 20
-0.972461067340646
 10
0.41736462890142434
 20
-1.025074304513602
 10
0.4283047405476168
 20
-1.0329818090342826
 10
0.4394356171121956
 20
-1.0406184481824567
 10
0.45075055377134277
 20
-1.0479796219322637
 10
0.462242734830312
 20
-1.0550608961878964
 10
0.5379988729881688
 20
-1.1004673779564769
 10
0.5496613759867728
 20
-1.1072644872230697
 10
0.5614871758693027
 20
-1.113773337176191
 10
0.5734691492161517
 20
-1.119990007128024
 10
0.5856000785345543
 20
-1.1259107523890322
 10
0.6654420436765065
 20
-1.1636731895125152
 10
0.6777146217482937
 20
-1.1692944436471464
 10
0.6901214560313349
 20
-1.1746128206221087
 10
0.7026550731125667
 20
-1.1796251168459762
 10
0.715307923209707
 20
-1.1843283130989306
 10
0.7776521348568224
 20
-1.2066354286979717
 10
1.3220552830734107
 20
-1.7510386587941724
 10
0.39243035926031666
 20
-2.680663553980459
 10
-2.5303036572472593
 20
-2.6806635261074234
 10
-4.6689367438344505
 20
-0.5420303999221403
 10
-4.66893674399239
 20
-0.13103871603549777
 10
-4.669102393706311
 20
-0.11754104102490714
 10
-4.669599243056581
 20
-0.10405149650915035
 10
-4.670426992759673
 20
-0.09057820808544648
 10
-4.671585144210155
 20
-0.07712929155893278
 10
-4.673072999780885
 20
-0.06371284805403832
 10
-4.674889663243306
 20
-0.050336959134661186
 10
-4.677034040307262
 20
-0.037009681936112315
 10
-4.679504839280213
 20
-0.023739044311845703
 10
-4.682300571845246
 20
-0.010533039997739024
 10
-4.685419553957587
 20
0.0026003762030128996
 10
-4.688859906859051
 20
0.01565329321158515
 10
-4.692619558209714
 20
0.02861784843885573
 10
-4.696696243336135
 20
0.041486232521528166
 10
-4.701087506595655
 20
0.054250694026222845
 10
-4.7057907028555235
 20
0.06690354411861676
 10
-4.710802999086127
 20
0.07943716119494582
 10
-4.716121376067662
 20
0.0918439954729422
 10
-4.721742630208695
 20
0.10411657353955661
 10
-4.727663375475942
 20
0.11624750285267282
 10
-4.7338800454338354
 20
0.12822947619407188
 10
-4.74038889539284
 20
0.1400552760710596
 10
-4.74718600466511
 20
0.1517177790639792
 10
-4.754267278926221
 20
0.16320996011712197
 10
-4.76162845268135
 20
0.17452489677034322
 10
-4.769265091834626
 20
0.1856557733288966
 10
-4.777172596360202
 20
0.19659588496896419
 10
-4.785346203073061
 20
0.20733864177636008
 10
-4.793780988498128
 20
0.2178775727160911
 10
-4.802471871836076
 20
0.2282063295302379
 10
-4.811413618023721
 20
0.23831869056191124
 10
-4.8206008408875505
 20
0.2482085645029528
 10
-4.830028006388034
 20
0.25786999406311395
 10
-4.830762122944407
 20
0.2585863102379662
  0
LWPOLYLINE
  5
40
330
17
100
AcDbEntity
  8
0
100
AcDbPolyline
 90
6
 70
0
 10
0.3331842550517763
 20
-2.580663558415452
 10
0.34382466472925444
 20
-2.5753619818925557
 10
0.35792467063828326
 20
-2.5678992452740985
 10
0.3712507117416237
 20
-2.5604218538581733
 10
0.35100900639102406
 20
-2.5806635585854423
 10
0.3331842550517763
 20
-2.580663558415452
  0
LWPOLYLINE
  5
41
330
17
100
AcDbEntity
  8
0
100
AcDbPolyline
 90
56
 70
0
 10
0.6941692226481564
 20
-2.2375033528955584
 10
0.6956131111043646
 20
-2.2348284152536664
 10
0.7028438125902028
 20
-2.2206086953420296
 10
0.745814794902401
 20
-2.1334727309962815
 10
0.7526946395883272
 20
-2.1190792433021173
 10
0.7592191737074074
 20
-2.1045212487481493
 10
0.7653844670227272
 20
-2.0898075167524794
 10
0.7711868056962317
 20
-2.0749469105460534
 10
0.7766226945257415
 20
-2.059948381833621
 10
0.7816888590504902
 20
-2.044820965401442
 10
0.7863822475235906
 20
-2.029573773674926
 10
0.7907000327502658
 20
-2.014215991229513
 10
0.794639613790963
 20
-1.9987568692580666
 10
0.7981986175281008
 20
-1.9832057199981676
 10
0.8013749000954817
 20
-1.96757191112264
 10
0.8041665481698601
 20
-1.9518648600966415
 10
0.8065718801233572
 20
-1.9360940285048116
 10
0.8085894470365247
 20
-1.9202689163518016
 10
0.8102180335711182
 20
-1.9043990563396989
 10
0.8114566587021272
 20
-1.8884940081257113
 10
0.817810656005264
 20
-1.7915470478362536
 10
0.8186585699214959
 20
-1.7756164824479512
 10
0.8191152699745885
 20
-1.7596699061175372
 10
0.8191804810615224
 20
-1.7437169246057778
 10
0.8188541639009657
 20
-1.7277671475317575
 10
0.8181365150570912
 20
-1.7118301825842792
 10
0.8170279668209446
 20
-1.6959156297345004
 10
0.8155291869502435
 20
-1.68003307545316
 10
0.813641078267068
 20
-1.664192086936005
 10
0.8113647781140116
 20
-1.6484022063407124
 10
0.8087016576690189
 20
-1.6326729450390545
 10
0.8056533211196211
 20
-1.6170137778874505
 10
0.8022216046964274
 20
-1.6014341375196182
 10
0.7984085755670662
 20
-1.585943408664626
 10
0.7942165305910862
 20
-1.57055092249378
 10
0.7896479949362742
 20
-1.555265950999825
 10
0.7847057205576675
 20
-1.5400977014117245
 10
0.7534757332626043
 20
-1.4480987391310336
 10
0.7481626893357429
 20
-1.43305632682155
 10
0.7424820831374745
 20
-1.4181488348434286
 10
0.7364373365121253
 20
-1.4033852430686338
 10
0.7300320906523723
 20
-1.3887744446875274
 10
0.723270203905912
 20
-1.3743252408518316
 10
0.7161557494513602
 20
-1.3600463353730632
 10
0.7086930128446056
 20
-1.3459463294796024
 10
0.7008864894373232
 20
-1.3320337166355216
 10
0.6927408816691525
 20
-1.3183168774243796
 10
0.6842610962349625
 20
-1.304804074500943
 10
0.6754522411292783
 20
-1.2915034476140406
 10
0.6663196225693753
 20
-1.2784230087033421
 10
0.660447811485426
 20
-1.2704378589564342
 10
0.6666655712839429
 20
-1.2729243920742874
 10
0.6816189395805736
 20
-1.278482714918681
 10
0.7228200695315365
 20
-1.2932247149271063
 10
1.1806339381359692
 20
-1.751038652387912
 10
0.6941692226481564
 20
-2.2375033528955584
  0
LWPOLYLINE
  5
42
330
17
100
AcDbEntity
  8
0
100
AcDbPolyline
 90
14
 70
0
 10
0.9123665496668423
 20
-1.8778846856072562
 10
0.9175965596080289
 20
-1.798087112222909
 10
0.9185749218190722
 20
-1.7797056906210216
 10
0.9191018834187901
 20
-1.7613057948551543
 10
0.9191771269806281
 20
-1.7428985084954363
 10
0.9188006071800032
 20
-1.724494919563874
 10
0.917972550821645
 20
-1.7061061138552418
 10
0.9166934567030296
 20
-1.6877431682593382
 10
0.9149640953137634
 20
-1.6694171440885697
 10
0.9127855083716554
 20
-1.6511390804149215
 10
0.9101590081950235
 20
-1.6329199874203582
 10
0.9079302645226619
 20
-1.6197562975605706
 10
1.039212593198556
 20
-1.7510386459816445
 10
0.9123665496668423
 20
-1.8778846856072562
  0
ENDSEC
  0
SECTION
  2
OBJECTS
  0
DICTIONARY
  5
A
330
0
100
AcDbDictionary
281
1
  3
ACAD_COLOR
350
B
  3
ACAD_GROUP
350
C
  3
ACAD_LAYOUT
350
D
  3
ACAD_MATERIAL
350
E
  3
ACAD_MLEADERSTYLE
350
F
  3
ACAD_MLINESTYLE
350
10
  3
ACAD_PLOTSETTINGS
350
11
  3
ACAD_PLOTSTYLENAME
350
12
  3
ACAD_SCALELIST
350
14
  3
ACAD_TABLESTYLE
350
15
  3
ACAD_VISUALSTYLE
350
16
  0
DICTIONARY
  5
B
330
A
100
AcDbDictionary
281
1
  0
DICTIONARY
  5
C
330
A
100
AcDbDictionary
281
1
  0
DICTIONARY
  5
D
330
A
100
AcDbDictionary
281
1
  3
Model
350
1A
  3
Layout1
350
1E
  0
DICTIONARY
  5
E
330
A
100
AcDbDictionary
281
1
  3
ByBlock
350
1F
  3
ByLayer
350
20
  3
Global
350
21
  0
DICTIONARY
  5
F
330
A
100
AcDbDictionary
281
1
  3
Standard
350
2C
  0
DICTIONARY
  5
10
330
A
100
AcDbDictionary
281
1
  3
Standard
350
22
  0
DICTIONARY
  5
11
330
A
100
AcDbDictionary
281
1
  0
ACDBDICTIONARYWDFLT
  5
12
330
A
100
AcDbDictionary
281
1
  3
Normal
350
13
100
AcDbDictionaryWithDefault
340
13
  0
ACDBPLACEHOLDER
  5
13
330
12
  0
DICTIONARY
  5
14
330
A
100
AcDbDictionary
281
1
  0
DICTIONARY
  5
15
330
A
100
AcDbDictionary
281
1
  0
DICTIONARY
  5
16
330
A
100
AcDbDictionary
281
1
  0
LAYOUT
  5
1A
330
D
100
AcDbPlotSettings
  1

  2
Adobe PDF
  4
A4
  6

 40
3.175
 41
3.175
 42
3.175
 43
3.175
 44
209.91
 45
297.03
 46
0.0
 47
0.0
 48
0.0
 49
0.0
140
0.0
141
0.0
142
1.0
143
1.0
 70
1024
 72
0
 73
1
 74
5
  7

 75
16
 76
0
 77
2
 78
300
147
1.0
148
0.0
149
0.0
100
AcDbLayout
  1
Model
 70
1
 71
0
 10
-3.175
 20
-3.175
 11
293.857
 21
206.735
 12
0.0
 22
0.0
 32
0.0
 14
29.068
 24
20.356
 34
0.0
 15
261.614
 25
183.204
 35
0.0
146
0.0
 13
0.0
 23
0.0
 33
0.0
 16
1.0
 26
0.0
 36
0.0
 17
0.0
 27
1.0
 37
0.0
 76
1
330
17
  0
LAYOUT
  5
1E
330
D
100
AcDbPlotSettings
  1

  2
Adobe PDF
  4
A4
  6

 40
3.175
 41
3.175
 42
3.175
 43
3.175
 44
209.91
 45
297.03
 46
0.0
 47
0.0
 48
0.0
 49
0.0
140
0.0
141
0.0
142
1.0
143
1.0
 70
0
 72
0
 73
1
 74
5
  7

 75
16
 76
0
 77
2
 78
300
147
1.0
148
0.0
149
0.0
100
AcDbLayout
  1
Layout1
 70
1
 71
1
 10
-3.175
 20
-3.175
 11
293.857
 21
206.735
 12
0.0
 22
0.0
 32
0.0
 14
29.068
 24
20.356
 34
0.0
 15
261.614
 25
183.204
 35
0.0
146
0.0
 13
0.0
 23
0.0
 33
0.0
 16
1.0
 26
0.0
 36
0.0
 17
0.0
 27
1.0
 37
0.0
 76
1
330
1B
  0
MATERIAL
  5
1F
102
{ACAD_REACTORS
330
E
102
}
330
E
100
AcDbMaterial
  1
ByBlock
  2

 70
0
 40
1.0
 71
1
 41
1.0
 91
-1023410177
 42
1.0
 72
1
  3

 73
1
 74
1
 75
1
 44
0.5
 73
0
 45
1.0
 46
1.0
 77
1
  4

 78
1
 79
1
170
1
 48
1.0
171
1
  6

172
1
173
1
174
1
140
1.0
141
1.0
175
1
  7

176
1
177
1
178
1
143
1.0
179
1
  8

270
1
271
1
272
1
145
1.0
146
1.0
273
1
  9

274
1
275
1
276
1
 42
1.0
 72
1
  3

 73
1
 74
1
 75
1
 94
63
  0
MATERIAL
  5
20
102
{ACAD_REACTORS
330
E
102
}
330
E
100
AcDbMaterial
  1
ByLayer
  2

 70
0
 40
1.0
 71
1
 41
1.0
 91
-1023410177
 42
1.0
 72
1
  3

 73
1
 74
1
 75
1
 44
0.5
 73
0
 45
1.0
 46
1.0
 77
1
  4

 78
1
 79
1
170
1
 48
1.0
171
1
  6

172
1
173
1
174
1
140
1.0
141
1.0
175
1
  7

176
1
177
1
178
1
143
1.0
179
1
  8

270
1
271
1
272
1
145
1.0
146
1.0
273
1
  9

274
1
275
1
276
1
 42
1.0
 72
1
  3

 73
1
 74
1
 75
1
 94
63
  0
MATERIAL
  5
21
102
{ACAD_REACTORS
330
E
102
}
330
E
100
AcDbMaterial
  1
Global
  2

 70
0
 40
1.0
 71
1
 41
1.0
 91
-1023410177
 42
1.0
 72
1
  3

 73
1
 74
1
 75
1
 44
0.5
 73
0
 45
1.0
 46
1.0
 77
1
  4

 78
1
 79
1
170
1
 48
1.0
171
1
  6

172
1
173
1
174
1
140
1.0
141
1.0
175
1
  7

176
1
177
1
178
1
143
1.0
179
1
  8

270
1
271
1
272
1
145
1.0
146
1.0
273
1
  9

274
1
275
1
276
1
 42
1.0
 72
1
  3

 73
1
 74
1
 75
1
 94
63
  0
MLINESTYLE
  5
22
102
{ACAD_REACTORS
330
10
102
}
330
10
100
AcDbMlineStyle
  2
Standard
 70
0
  3

 62
256
 51
90.0
 52
90.0
 71
2
 49
0.5
 62
256
  6
BYLAYER
 49
-0.5
 62
256
  6
BYLAYER
  0
MLEADERSTYLE
  5
2C
102
{ACAD_REACTORS
330
F
102
}
330
F
100
AcDbMLeaderStyle
179
2
170
2
171
1
172
0
 90
2
 40
0.0
 41
0.0
173
1
 91
-1056964608
 92
-2
290
1
 42
2.0
291
1
 43
8.0
  3
Standard
 44
4.0
300

342
29
174
1
175
1
176
0
178
1
 93
-1056964608
 45
4.0
292
0
297
0
 46
4.0
 94
-1056964608
 47
1.0
 49
0.0
140
1.0
294
1
141
0.0
177
0
142
1.0
295
0
296
0
143
3.75
271
0
272
9
272
9
  0
ENDSEC
  0
EOF
