  0
SECTION
  2
HEADER
  9
$ACADVER
  1
AC1024
  9
$ACADMAINTVER
 70
6
  9
$DWGCODEPAGE
  3
ANSI_1252
  9
$LASTSAVEDBY
  1
ezdxf
  9
$INSBASE
 10
0.0
 20
0.0
 30
0.0
  9
$EXTMIN
 10
-100
 20
-100
 30
-100
  9
$EXTMAX
 10
100
 20
100
 30
100
  9
$LIMMIN
 10
0.0
 20
0.0
  9
$LIMMAX
 10
420.0
 20
297.0
  9
$ORTHOMODE
 70
0
  9
$REGENMODE
 70
1
  9
$FILLMODE
 70
1
  9
$QTEXTMODE
 70
0
  9
$MIRRTEXT
 70
1
  9
$LTSCALE
 40
1.0
  9
$ATTMODE
 70
1
  9
$TEXTSIZE
 40
2.5
  9
$TRACEWID
 40
1.0
  9
$TEXTSTYLE
  7
Standard
  9
$CLAYER
  8
0
  9
$CELTYPE
  6
ByLayer
  9
$CECOLOR
 62
256
  9
$CELTSCALE
 40
1.0
  9
$DISPSILH
 70
0
  9
$DIMSCALE
 40
1.0
  9
$DIMASZ
 40
2.5
  9
$DIMEXO
 40
0.625
  9
$DIMDLI
 40
3.75
  9
$DIMRND
 40
0.0
  9
$DIMDLE
 40
0.0
  9
$DIMEXE
 40
1.25
  9
$DIMTP
 40
0.0
  9
$DIMTM
 40
0.0
  9
$DIMTXT
 40
2.5
  9
$DIMCEN
 40
2.5
  9
$DIMTSZ
 40
0.0
  9
$DIMTOL
 70
0
  9
$DIMLIM
 70
0
  9
$DIMTIH
 70
0
  9
$DIMTOH
 70
0
  9
$DIMSE1
 70
0
  9
$DIMSE2
 70
0
  9
$DIMTAD
 70
1
  9
$DIMZIN
 70
8
  9
$DIMBLK
  1

  9
$DIMASO
 70
1
  9
$DIMSHO
 70
1
  9
$DIMPOST
  1

  9
$DIMAPOST
  1

  9
$DIMALT
 70
0
  9
$DIMALTD
 70
3
  9
$DIMALTF
 40
0.03937007874
  9
$DIMLFAC
 40
1.0
  9
$DIMTOFL
 70
1
  9
$DIMTVP
 40
0.0
  9
$DIMTIX
 70
0
  9
$DIMSOXD
 70
0
  9
$DIMSAH
 70
0
  9
$DIMBLK1
  1

  9
$DIMBLK2
  1

  9
$DIMSTYLE
  2
ISO-25
  9
$DIMCLRD
 70
0
  9
$DIMCLRE
 70
0
  9
$DIMCLRT
 70
0
  9
$DIMTFAC
 40
1.0
  9
$DIMGAP
 40
0.625
  9
$DIMJUST
 70
0
  9
$DIMSD1
 70
0
  9
$DIMSD2
 70
0
  9
$DIMTOLJ
 70
0
  9
$DIMTZIN
 70
8
  9
$DIMALTZ
 70
0
  9
$DIMALTTZ
 70
0
  9
$DIMUPT
 70
0
  9
$DIMDEC
 70
2
  9
$DIMTDEC
 70
2
  9
$DIMALTU
 70
2
  9
$DIMALTTD
 70
3
  9
$DIMTXSTY
  7
Standard
  9
$DIMAUNIT
 70
0
  9
$DIMADEC
 70
0
  9
$DIMALTRND
 40
0.0
  9
$DIMAZIN
 70
0
  9
$DIMDSEP
 70
44
  9
$DIMATFIT
 70
3
  9
$DIMFRAC
 70
0
  9
$DIMLDRBLK
  1

  9
$DIMLUNIT
 70
2
  9
$DIMLWD
 70
-2
  9
$DIMLWE
 70
-2
  9
$DIMTMOVE
 70
0
  9
$DIMFXL
 40
1.0
  9
$DIMFXLON
 70
0
  9
$DIMJOGANG
 40
0.785398163397
  9
$DIMTFILL
 70
0
  9
$DIMTFILLCLR
 70
0
  9
$DIMARCSYM
 70
0
  9
$DIMLTYPE
  6

  9
$DIMLTEX1
  6

  9
$DIMLTEX2
  6

  9
$DIMTXTDIRECTION
 70
0
  9
$LUNITS
 70
2
  9
$LUPREC
 70
4
  9
$SKETCHINC
 40
1.0
  9
$FILLETRAD
 40
10.0
  9
$AUNITS
 70
0
  9
$AUPREC
 70
2
  9
$MENU
  1
.
  9
$ELEVATION
 40
0.0
  9
$PELEVATION
 40
0.0
  9
$THICKNESS
 40
0.0
  9
$LIMCHECK
 70
0
  9
$CHAMFERA
 40
0.0
  9
$CHAMFERB
 40
0.0
  9
$CHAMFERC
 40
0.0
  9
$CHAMFERD
 40
0.0
  9
$SKPOLY
 70
0
  9
$TDCREATE
 40
2461298.5635648146
  9
$TDUCREATE
 40
2458532.153996898
  9
$TDUPDATE
 40
2461298.5635648146
  9
$TDUUPDATE
 40
2458532.1544311
  9
$TDINDWG
 40
0.0
  9
$TDUSRTIMER
 40
0.0
  9
$USRTIMER
 70
1
  9
$ANGBASE
 50
0.0
  9
$ANGDIR
 70
0
  9
$PDMODE
 70
0
  9
$PDSIZE
 40
0.0
  9
$PLINEWID
 40
0.0
  9
$SPLFRAME
 70
0
  9
$SPLINETYPE
 70
6
  9
$SPLINESEGS
 70
8
  9
$HANDSEED
  5
44
  9
$SURFTAB1
 70
6
  9
$SURFTAB2
 70
6
  9
$SURFTYPE
 70
6
  9
$SURFU
 70
6
  9
$SURFV
 70
6
  9
$UCSBASE
  2

  9
$UCSNAME
  2

  9
$UCSORG
 10
0.0
 20
0.0
 30
0.0
  9
$UCSXDIR
 10
1.0
 20
0.0
 30
0.0
  9
$UCSYDIR
 10
0.0
 20
1.0
 30
0.0
  9
$UCSORTHOREF
  2

  9
$UCSORTHOVIEW
 70
0
  9
$UCSORGTOP
 10
0.0
 20
0.0
 30
0.0
  9
$UCSORGBOTTOM
 10
0.0
 20
0.0
 30
0.0
  9
$UCSORGLEFT
 10
0.0
 20
0.0
 30
0.0
  9
$UCSORGRIGHT
 10
0.0
 20
0.0
 30
0.0
  9
$UCSORGFRONT
 10
0.0
 20
0.0
 30
0.0
  9
$UCSORGBACK
 10
0.0
 20
0.0
 30
0.0
  9
$PUCSBASE
  2

  9
$PUCSNAME
  2

  9
$PUCSORG
 10
0.0
 20
0.0
 30
0.0
  9
$PUCSXDIR
 10
1.0
 20
0.0
 30
0.0
  9
$PUCSYDIR
 10
0.0
 20
1.0
 30
0.0
  9
$PUCSORTHOREF
  2

  9
$PUCSORTHOVIEW
 70
0
  9
$PUCSORGTOP
 10
0.0
 20
0.0
 30
0.0
  9
$PUCSORGBOTTOM
 10
0.0
 20
0.0
 30
0.0
  9
$PUCSORGLEFT
 10
0.0
 20
0.0
 30
0.0
  9
$PUCSORGRIGHT
 10
0.0
 20
0.0
 30
0.0
  9
$PUCSORGFRONT
 10
0.0
 20
0.0
 30
0.0
  9
$PUCSORGBACK
 10
0.0
 20
0.0
 30
0.0
  9
$USERI1
 70
0
  9
$USERI2
 70
0
  9
$USERI3
 70
0
  9
$USERI4
 70
0
  9
$USERI5
 70
0
  9
$USERR1
 40
0.0
  9
$USERR2
 40
0.0
  9
$USERR3
 40
0.0
  9
$USERR4
 40
0.0
  9
$USERR5
 40
0.0
  9
$WORLDVIEW
 70
1
  9
$SHADEDGE
 70
3
  9
$SHADEDIF
 70
70
  9
$TILEMODE
 70
1
  9
$MAXACTVP
 70
64
  9
$PINSBASE
 10
0.0
 20
0.0
 30
0.0
  9
$PLIMCHECK
 70
0
  9
$PEXTMIN
 10
1e+20
 20
1e+20
 30
1e+20
  9
$PEXTMAX
 10
-1e+20
 20
-1e+20
 30
-1e+20
  9
$PLIMMIN
 10
0.0
 20
0.0
  9
$PLIMMAX
 10
420.0
 20
297.0
  9
$UNITMODE
 70
0
  9
$VISRETAIN
 70
1
  9
$PLINEGEN
 70
0
  9
$PSLTSCALE
 70
1
  9
$TREEDEPTH
 70
3020
  9
$CMLSTYLE
  2
Standard
  9
$CMLJUST
 70
0
  9
$CMLSCALE
 40
20.0
  9
$PROXYGRAPHICS
 70
1
  9
$MEASUREMENT
 70
1
  9
$CELWEIGHT
370
-1
  9
$ENDCAPS
280
0
  9
$JOINSTYLE
280
0
  9
$LWDISPLAY
290
0
  9
$INSUNITS
 70
6
  9
$HYPERLINKBASE
  1

  9
$STYLESHEET
  1

  9
$XEDIT
290
1
  9
$CEPSNTYPE
380
0
  9
$PSTYLEMODE
290
1
  9
$FINGERPRINTGUID
  2
82786D84-B06A-11F1-8C28-BCEE7B8C4939
  9
$VERSIONGUID
  2
827E7D43-B06A-11F1-8FE0-BCEE7B8C4939
  9
$EXTNAMES
290
1
  9
$PSVPSCALE
 40
0.0
  9
$OLESTARTUP
290
0
  9
$SORTENTS
280
127
  9
$INDEXCTL
280
0
  9
$HIDETEXT
280
1
  9
$XCLIPFRAME
280
2
  9
$HALOGAP
280
0
  9
$OBSCOLOR
 70
257
  9
$OBSLTYPE
280
0
  9
$INTERSECTIONDISPLAY
280
0
  9
$INTERSECTIONCOLOR
 70
257
  9
$DIMASSOC
280
2
  9
$PROJECTNAME
  1

  9
$CAMERADISPLAY
290
0
  9
$LENSLENGTH
 40
50.0
  9
$CAMERAHEIGHT
 40
0.0
  9
$STEPSPERSEC
 40
24.0
  9
$STEPSIZE
 40
100.0
  9
$3DDWFPREC
 40
2.0
  9
$PSOLWIDTH
 40
0.005
  9
$PSOLHEIGHT
 40
0.08
  9
$LOFTANG1
 40
1.570796326795
  9
$LOFTANG2
 40
1.570796326795
  9
$LOFTMAG1
 40
0.0
  9
$LOFTMAG2
 40
0.0
  9
$LOFTPARAM
 70
7
  9
$LOFTNORMALS
280
1
  9
$LATITUDE
 40
37.795
  9
$LONGITUDE
 40
-122.394
  9
$NORTHDIRECTION
 40
0.0
  9
$TIMEZONE
 70
-8000
  9
$LIGHTGLYPHDISPLAY
280
1
  9
$TILEMODELIGHTSYNCH
280
1
  9
$CMATERIAL
347
20
  9
$SOLIDHIST
280
0
  9
$SHOWHIST
280
1
  9
$DWFFRAME
280
2
  9
$DGNFRAME
280
2
  9
$REALWORLDSCALE
290
1
  9
$INTERFERECOLOR
 62
256
  9
$CSHADOW
280
0
  9
$SHADOWPLANELOCATION
 40
0.0
  0
ENDSEC
  0
SECTION
  2
CLASSES
  0
CLASS
  1
ACDBDICTIONARYWDFLT
  2
AcDbDictionaryWithDefault
  3
ObjectDBX Classes
 90
0
 91
0
280
0
281
0
  0
CLASS
  1
SUN
  2
AcDbSun
  3
SCENEOE
 90
1153
 91
0
280
0
281
0
  0
CLASS
  1
VISUALSTYLE
  2
AcDbVisualStyle
  3
ObjectDBX Classes
 90
4095
 91
0
280
0
281
0
  0
CLASS
  1
MATERIAL
  2
AcDbMaterial
  3
ObjectDBX Classes
 90
1153
 91
0
280
0
281
0
  0
CLASS
  1
SCALE
  2
AcDbScale
  3
ObjectDBX Classes
 90
1153
 91
0
280
0
281
0
  0
CLASS
  1
TABLESTYLE
  2
AcDbTableStyle
  3
ObjectDBX Classes
 90
4095
 91
0
280
0
281
0
  0
CLASS
  1
MLEADERSTYLE
  2
AcDbMLeaderStyle
  3
ACDB_MLEADERSTYLE_CLASS
 90
4095
 91
0
280
0
281
0
  0
CLASS
  1
DICTIONARYVAR
  2
AcDbDictionaryVar
  3
ObjectDBX Classes
 90
0
 91
0
280
0
281
0
  0
CLASS
  1
CELLSTYLEMAP
  2
AcDbCellStyleMap
  3
ObjectDBX Classes
 90
1152
 91
0
280
0
281
0
  0
CLASS
  1
MENTALRAYRENDERSETTINGS
  2
AcDbMentalRayRenderSettings
  3
SCENEOE
 90
1024
 91
0
280
0
281
0
  0
CLASS
  1
ACDBDETAILVIEWSTYLE
  2
AcDbDetailViewStyle
  3
ObjectDBX Classes
 90
1025
 91
0
280
0
281
0
  0
CLASS
  1
ACDBSECTIONVIEWSTYLE
  2
AcDbSectionViewStyle
  3
ObjectDBX Classes
 90
1025
 91
0
280
0
281
0
  0
CLASS
  1
RASTERVARIABLES
  2
AcDbRasterVariables
  3
ISM
 90
0
 91
0
280
0
281
0
  0
CLASS
  1
LAYOUT
  2
AcDbLayout
  3
ObjectDBX Classes
 90
0
 91
0
280
0
281
0
  0
CLASS
  1
ACDBPLACEHOLDER
  2
AcDbPlaceHolder
  3
ObjectDBX Classes
 90
0
 91
0
280
0
281
0
  0
ENDSEC
  0
SECTION
  2
TABLES
  0
TABLE
  2
VPORT
  5
8
330
0
100
AcDbSymbolTable
 70
1
  0
VPORT
  5
23
330
8
100
AcDbSymbolTableRecord
100
AcDbViewportTableRecord
  2
*Active
 70
0
 10
0.0
 20
0.0
 11
1.0
 21
1.0
 12
70.0
 22
50.0
 13
0.0
 23
0.0
 14
0.5
 24
0.5
 15
0.5
 25
0.5
 16
0.0
 26
0.0
 36
1.0
 17
0.0
 27
0.0
 37
0.0
 40
1.0
 41
1.34
 42
50.0
 43
0.0
 44
0.0
 50
0.0
 51
0.0
 71
0
 72
1000
 73
1
 74
3
 75
0
 76
0
 77
0
 78
0
281
0
 65
0
146
0.0
  0
ENDTAB
  0
TABLE
  2
LTYPE
  5
2
330
0
100
AcDbSymbolTable
 70
3
  0
LTYPE
  5
24
330
2
100
AcDbSymbolTableRecord
100
AcDbLinetypeTableRecord
  2
ByBlock
 70
0
  3

 72
65
 73
0
 40
0.0
  0
LTYPE
  5
25
330
2
100
AcDbSymbolTableRecord
100
AcDbLinetypeTableRecord
  2
ByLayer
 70
0
  3

 72
65
 73
0
 40
0.0
  0
LTYPE
  5
26
330
2
100
AcDbSymbolTableRecord
100
AcDbLinetypeTableRecord
  2
Continuous
 70
0
  3

 72
65
 73
0
 40
0.0
  0
ENDTAB
  0
TABLE
  2
LAYER
  5
1
330
0
100
AcDbSymbolTable
 70
2
  0
LAYER
  5
27
330
1
100
AcDbSymbolTableRecord
100
AcDbLayerTableRecord
  2
0
 70
0
 62
7
  6
Continuous
370
-3
390
13
347
21
  0
LAYER
  5
28
330
1
100
AcDbSymbolTableRecord
100
AcDbLayerTableRecord
  2
Defpoints
 70
0
 62
7
  6
Continuous
290
0
370
-3
390
13
347
21
  0
ENDTAB
  0
TABLE
  2
STYLE
  5
5
330
0
100
AcDbSymbolTable
 70
1
  0
STYLE
  5
29
330
5
100
AcDbSymbolTableRecord
100
AcDbTextStyleTableRecord
  2
Standard
 70
0
 40
0.0
 41
1.0
 50
0.0
 71
0
 42
2.5
  3
txt
  4

  0
ENDTAB
  0
TABLE
  2
VIEW
  5
7
330
0
100
AcDbSymbolTable
 70
0
  0
ENDTAB
  0
TABLE
  2
UCS
  5
6
330
0
100
AcDbSymbolTable
 70
0
  0
ENDTAB
  0
TABLE
  2
APPID
  5
3
330
0
100
AcDbSymbolTable
 70
2
  0
APPID
  5
2A
330
3
100
AcDbSymbolTableRecord
100
AcDbRegAppTableRecord
  2
ACAD
 70
0
  0
APPID
  5
43
330
3
100
AcDbSymbolTableRecord
100
AcDbRegAppTableRecord
  2
HATCHBACKGROUNDCOLOR
 70
0
  0
ENDTAB
  0
TABLE
  2
DIMSTYLE
  5
4
330
0
100
AcDbSymbolTable
 70
1
100
AcDbDimStyleTable
  0
DIMSTYLE
105
2B
330
4
100
AcDbSymbolTableRecord
100
AcDbDimStyleTableRecord
  2
Standard
 70
0
 40
1.0
 41
2.5
 42
0.625
 43
3.75
 44
1.25
 45
0.0
 46
0.0
 47
0.0
 48
0.0
 49
2.5
140
2.5
141
2.5
142
0.0
143
0.03937007874
144
1.0
145
0.0
146
1.0
147
0.625
148
0.0
 69
0
 70
0
 71
0
 72
0
 73
0
 74
0
 75
0
 76
0
 77
1
 78
8
 79
0
170
0
171
3
172
1
173
0
174
0
175
0
176
0
177
0
178
0
179
0
271
0
272
2
273
2
274
3
275
0
276
0
277
2
278
44
279
0
280
0
281
0
282
0
283
0
284
8
285
0
286
0
288
0
289
3
290
0
371
-2
372
-2
  0
ENDTAB
  0
TABLE
  2
BLOCK_RECORD
  5
9
330
0
100
AcDbSymbolTable
 70
2
  0
BLOCK_RECORD
  5
17
330
9
100
AcDbSymbolTableRecord
100
AcDbBlockTableRecord
  2
*Model_Space
340
1A
 70
0
280
1
281
0
  0
BLOCK_RECORD
  5
1B
330
9
100
AcDbSymbolTableRecord
100
AcDbBlockTableRecord
  2
*Paper_Space
340
1E
 70
0
280
1
281
0
  0
ENDTAB
  0
ENDSEC
  0
SECTION
  2
BLOCKS
  0
BLOCK
  5
18
330
17
100
AcDbEntity
  8
0
100
AcDbBlockBegin
  2
*Model_Space
 70
0
 10
0.0
 20
0.0
 30
0.0
  3
*Model_Space
  1

  0
ENDBLK
  5
19
330
17
100
AcDbEntity
  8
0
100
AcDbBlockEnd
  0
BLOCK
  5
1C
330
1B
100
AcDbEntity
  8
0
100
AcDbBlockBegin
  2
*Paper_Space
 70
0
 10
0.0
 20
0.0
 30
0.0
  3
*Paper_Space
  1

  0
ENDBLK
  5
1D
330
1B
100
AcDbEntity
  8
0
100
AcDbBlockEnd
  0
ENDSEC
  0
SECTION
  2
ENTITIES
  0
LWPOLYLINE
  5
2D
330
17
100
AcDbEntity
  8
0
100
AcDbPolyline
 90
582
 70
0
 10
6.081063481231382
 20
7.118961486253127
 10
6.699162012101738
 20
7.118961455079408
 10
9.365112731945544
 20
4.45301073524405
 10
9.365991043729991
 20
4.452153720193046
 10
9.366890123185698
 20
4.451318518109318
 10
9.421452521802252
 20
4.40186604262081
 10
9.422371827351213
 20
4.401053156604185
 10
9.423310805244029
 20
4.400263076301179
 10
9.42426888987552
 20
4.399496277626646
 10
9.42524550413134
 20
4.39875322247142
 10
9.484392358041987
 20
4.354886925988254
 10
9.48538691364621
 20
4.3541680619409675
 10
9.486398811515755
 20
4.353473822018465
 10
9.487427442121174
 20
4.352804624404904
 10
9.488472185853851
 20
4.352160872199903
 10
9.551633880434167
 20
4.314303209404258
 10
9.552694107979534
 20
4.313685290380079
 10
9.55376918069615
 20
4.313093576748038
 10
9.554858451000428
 20
4.312528424934293
 10
9.555961262756682
 20
4.3119901753651675
 10
9.622529516360743
 20
4.280505736244457
 10
9.623645205276404
 20
4.27999471314137
 10
9.62477309930216
 20
4.279511224325525
 10
9.62591251903683
 20
4.279055561032507
 10
9.627062778136604
 20
4.278627997736848
 10
9.696396502092199
 20
4.253819994651025
 10
9.697556907683975
 20
4.253420788900861
 10
9.698726760782819
 20
4.253050181162813
 10
9.699905356713003
 20
4.2527083946771285
 10
9.701091985532344
 20
4.252395635323197
 10
9.772523458176153
 20
4.234502982903486
 10
9.773717405103866
 20
4.234219439075858
 10
9.774917950950936
 20
4.233965281570718
 10
9.776124372553483
 20
4.233740663483061
 10
9.777335943208215
 20
4.233545720114414
 10
9.850177240409806
 20
4.22274073438475
 10
9.851393230308844
 20
4.222575583162083
 10
9.852612906988327
 20
4.222440323565792
 10
9.853835535760652
 20
4.222335037071211
 10
9.855060380159983
 20
4.22225978709897
 10
9.928610002740925
 20
4.2186465258458625
 10
9.929836324967852
 20
4.2186013577237205
 10
9.931063386330635
 20
4.218586298659332
 10
13.931063381420898
 20
4.21858629866535
 10
13.9322904427938
 20
4.2186013577299875
 10
13.933516765030816
 20
4.218646525852883
 10
14.007066387854536
 20
4.222259787148026
 10
14.00829123225688
 20
4.222335037120992
 10
14.009513861032218
 20
4.222440323616446
 10
14.010733537714685
 20
4.222575583213761
 10
14.01194952761665
 20
4.222740734437593
 10
14.08479082481145
 20
4.233545720214892
 10
14.08600239546604
 20
4.233740663584335
 10
14.087208817068444
 20
4.233965281672781
 10
14.088409362915371
 20
4.234219439178702
 10
14.089603309842886
 20
4.234502983007111
 10
14.161034782474644
 20
4.252395635473427
 10
14.162221411293785
 20
4.252708394828133
 10
14.163400007223714
 20
4.253050181314592
 10
14.164569860322331
 20
4.253420789053401
 10
14.16573026591385
 20
4.253819994804317
 10
14.235063989853131
 20
4.278627997935374
 10
14.23621424895262
 20
4.279055561231786
 10
14.237353668687007
 20
4.2795112245255496
 10
14.238481562712451
 20
4.279994713342134
 10
14.239597251627771
 20
4.280505736445953
 10
14.306165505211453
 20
4.311990175610248
 10
14.307268316967338
 20
4.312528425180091
 10
14.308357587271274
 20
4.313093576994547
 10
14.309432659987493
 20
4.313685290627291
 10
14.310492887532462
 20
4.314303209652159
 10
14.373654582088363
 20
4.352160872489264
 10
14.374699325820615
 20
4.352804624694954
 10
14.375727956425607
 20
4.353473822309191
 10
14.376739854294698
 20
4.354168062232361
 10
14.377734409898466
 20
4.354886926280294
 10
14.436881263780265
 20
4.398753222801993
 10
14.437857878033185
 20
4.399496277955976
 10
14.438815962661863
 20
4.4002630766291375
 10
14.439754940551921
 20
4.401053156930637
 10
14.44067424609824
 20
4.401866042945642
 10
14.495236644513113
 20
4.451318518291984
 10
14.496135723961146
 20
4.452153720369097
 10
14.49701403573826
 20
4.453010735413123
 10
16.49701403226274
 20
6.4530107319461365
 10
16.497871047313737
 20
6.453889043730577
 10
16.498706249397458
 20
6.454788123186269
 10
16.54815872488561
 20
6.509350521802389
 10
16.548971610902242
 20
6.510269827351358
 10
16.549761691205248
 20
6.5112088052441806
 10
16.55052848987978
 20
6.5121668898756795
 10
16.551271545035007
 20
6.513143504131513
 10
16.595137841518067
 20
6.572290358042103
 10
16.595856705565353
 20
6.573284913646333
 10
16.59655094548785
 20
6.574296811515872
 10
16.597220143101424
 20
6.575325442121276
 10
16.597863895306403
 20
6.576370185853946
 10
16.635721558101864
 20
6.639531880433964
 10
16.636339477126057
 20
6.640592107979323
 10
16.636931190758105
 20
6.641667180695947
 10
16.637496342571836
 20
6.642756451000238
 10
16.63803459214097
 20
6.643859262756486
 10
16.669519031262013
 20
6.71042751636125
 10
16.6700300543651
 20
6.711543205276911
 10
16.67051354318096
 20
6.712671099302682
 10
16.670969206473984
 20
6.713810519037381
 10
16.671396769769643
 20
6.714960778137154
 10
16.696204772855424
 20
6.784294502092912
 10
16.696603978605566
 20
6.785454907684674
 10
16.6969745863436
 20
6.7866247607835035
 10
16.697316372829306
 20
6.787803356713653
 10
16.69762913218321
 20
6.788989985532986
 10
16.715521784602714
 20
6.860421458175779
 10
16.71580532843035
 20
6.8616154051035
 10
16.71605948593549
 20
6.862815950950598
 10
16.716284104023146
 20
6.864022372553144
 10
16.7164790473918
 20
6.865233943207883
 10
16.727284033121492
 20
6.938075240409745
 10
16.727449184344152
 20
6.939291230308768
 10
16.727584443940458
 20
6.9405109069882585
 10
16.72768973043503
 20
6.941733535760591
 10
16.727764980407272
 20
6.942958380159915
 10
16.731378241660394
 20
7.016508002741297
 10
16.731423409782536
 20
7.017734324968487
 10
16.73143846884693
 20
7.018961386331561
 10
16.731438468840906
 20
7.478961381421669
 10
16.731423409776255
 20
7.480188442794301
 10
16.731378241653374
 20
7.48141476503104
 10
16.727764980358216
 20
7.554964387854611
 10
16.727689730385237
 20
7.556189232256948
 10
16.727584443889782
 20
7.557411861032271
 10
16.72744918429248
 20
7.558631537714717
 10
16.727284033068656
 20
7.559847527616668
 10
16.716479047291443
 20
7.632688824811147
 10
16.716284103921993
 20
7.6339003954657585
 10
16.71605948583354
 20
7.63510681706817
 10
16.715805328327605
 20
7.636307362915105
 10
16.715521784499202
 20
7.637501309842648
 10
16.69762913203266
 20
7.708932782475145
 10
16.69731637267796
 20
7.710119411294286
 10
16.696974586191487
 20
7.711298007224215
 10
16.696603978452686
 20
7.712467860322818
 10
16.696204772701776
 20
7.7136282659143305
 10
16.671396769570748
 20
7.78296198985349
 10
16.67096920627432
 20
7.7841122489529795
 10
16.670513542980558
 20
7.785251668687373
 10
16.670030054163988
 20
7.786379562712824
 10
16.66951903106016
 20
7.787495251628144
 10
16.638034591895916
 20
7.854063505211613
 10
16.637496342326074
 20
7.855166316967505
 10
16.636931190511632
 20
7.85625558727142
 10
16.636339476878874
 20
7.857330659987653
 10
16.635721557853998
 20
7.8583908875326
 10
16.597863895016957
 20
7.921552582088388
 10
16.597220142811267
 20
7.9225973258206395
 10
16.596550945197038
 20
7.923625956425624
 10
16.59585670527386
 20
7.924637854294716
 10
16.59513784122595
 20
7.9256324098984905
 10
16.551271544704207
 20
7.9847792637803465
 10
16.550528489550203
 20
7.98575587803326
 10
16.549761690877062
 20
7.986713962661938
 10
16.548971610575563
 20
7.987652940552017
 10
16.54815872456055
 20
7.988572246098329
 10
16.498706249213882
 20
8.043134644513536
 10
16.497871047279716
 20
8.044033723811431
 10
16.49701403238592
 20
8.044912035445513
 10
15.171888425770476
 20
9.370037664030981
 10
15.154760150251036
 20
9.438417572851748
 10
15.154447390896422
 20
9.439604201670747
 10
15.154105604410063
 20
9.440782797600534
 10
15.153734996671346
 20
9.441952650699001
 10
15.15333579092055
 20
9.443113056290379
 10
15.123581071309587
 20
9.526271926629533
 10
15.123153508013246
 20
9.527422185729044
 10
15.12269784471954
 20
9.528561605463459
 10
15.122214355903026
 20
9.529689499488924
 10
15.121703332799257
 20
9.530805188404273
 10
15.083940895632253
 20
9.610647153525633
 10
15.083402646062467
 20
9.611749965281554
 10
15.082837494248082
 20
9.612839235585504
 10
15.08224578061538
 20
9.613914308301773
 10
15.081627861590562
 20
9.614974535846756
 10
15.036221379780585
 20
9.690730673980084
 10
15.03557762757498
 20
9.691775417712378
 10
15.03490842996078
 20
9.692804048317392
 10
15.034214190037687
 20
9.693815946186518
 10
15.033495325989804
 20
9.694810501790336
 10
14.980882088778259
 20
9.765751239912909
 10
14.980139033622436
 20
9.766727854168273
 10
14.979372234947334
 20
9.76768593879931
 10
14.97858215464376
 20
9.768624916691643
 10
14.977769268626588
 20
9.769544222240114
 10
14.918455970249568
 20
9.834986362263315
 10
14.917620768170906
 20
9.835885441712641
 10
14.91676375312528
 20
9.83676375349097
 10
14.91588544134649
 20
9.837620768536127
 10
14.914986361896695
 20
9.838455970614298
 10
14.849544221840773
 20
9.897769268956054
 10
14.848624916291868
 20
9.898582154972736
 10
14.847685938399081
 20
9.899372235275784
 10
14.846727853767646
 20
9.900139033950374
 10
14.845751239511856
 20
9.900882089105657
 10
14.774810501360491
 20
9.953495326278613
 10
14.773815945756297
 20
9.95421419032595
 10
14.77280404788678
 20
9.954908430248516
 10
14.77177541728139
 20
9.955577627862134
 10
14.77073067354877
 20
9.956221380067191
 10
14.694974535390912
 20
10.001627861835772
 10
14.693914307845574
 20
10.002245780860008
 10
14.692839235128986
 20
10.002837494492105
 10
14.691749964824737
 20
10.003402646305908
 10
14.690647153068511
 20
10.00394089587509
 10
14.610805187926559
 20
10.041703332998573
 10
14.609689499010955
 20
10.042214356101724
 10
14.608561604985198
 20
10.042697844917633
 10
14.607422185250556
 20
10.043153508210708
 10
14.60627192615081
 20
10.04358107150643
 10
14.523113055795221
 20
10.073335791072182
 10
14.521952650203474
 20
10.07373499682241
 10
14.52078279710463
 20
10.074105604560522
 10
14.519604201174474
 20
10.074447391046277
 10
14.518417572355133
 20
10.074760150400266
 10
14.432742662166646
 20
10.096220598193213
 10
14.43154871523896
 20
10.096504142020912
 10
14.430348169391891
 20
10.096758299526108
 10
14.429141747789345
 20
10.096982917613836
 10
14.427930177134641
 20
10.097177860982548
 10
14.340564323333552
 20
10.110137361158962
 10
14.339348333431502
 20
10.11030251238207
 10
14.338128656748978
 20
10.110437771978653
 10
14.336906027973583
 20
10.110543058473375
 10
14.335681183571182
 20
10.11061830844561
 10
14.247465767088073
 20
10.11495205393443
 10
14.246239444859157
 20
10.114997222056388
 10
14.245012383494355
 20
10.115012281120492
 10
14.243785322129554
 20
10.11499722205572
 10
14.242558999900666
 20
10.114952053933095
 10
14.154343583420001
 20
10.11061830839622
 10
14.153118739017657
 20
10.110543058423318
 10
14.151896110242319
 20
10.110437771927927
 10
14.150676433559852
 20
10.110302512330684
 10
14.149460443657887
 20
10.110137361106915
 10
14.062094589863591
 20
10.097177860882866
 10
14.060883019208973
 20
10.096982917513493
 10
14.059676597606568
 20
10.096758299425105
 10
14.05847605175964
 20
10.096504141919254
 10
14.057282104832098
 20
10.096220598090909
 10
13.971607194655661
 20
10.074760150251358
 10
13.970420565836491
 20
10.074447390896715
 10
13.969241969906534
 20
10.07410560441032
 10
13.968072116807917
 20
10.073734996671575
 10
13.966911711216369
 20
10.073335790920716
 10
13.883752840877094
 20
10.043581071309731
 10
13.882602581777576
 20
10.043153508013383
 10
13.881463162043161
 20
10.042697844719683
 10
13.880335268017717
 20
10.042214355903162
 10
13.879219579102369
 20
10.0417033327994
 10
13.799377613980795
 20
10.003940895632333
 10
13.798274802224853
 20
10.003402646062554
 10
13.797185531920917
 20
10.002837494248162
 10
13.796110459204641
 20
10.002245780615468
 10
13.795050231659644
 20
10.001627861590656
 10
13.719294093526202
 20
9.956221379780615
 10
13.718249349793922
 20
9.95557762757499
 10
13.717220719188902
 20
9.95490842996081
 10
13.716208821319753
 20
9.954214190037689
 10
13.715214265715957
 20
9.953495325989813
 10
13.644273527593441
 20
9.900882088778317
 10
13.643296913338077
 20
9.900139033622509
 10
13.64233882870704
 20
9.899372234947393
 10
13.641399850814707
 20
9.898582154643833
 10
13.640480545266229
 20
9.897769268626654
 10
13.575038405242935
 20
9.838455970249534
 10
13.574139325793624
 20
9.83762076817088
 10
13.573261014015287
 20
9.83676375312524
 10
13.572403998970117
 20
9.835885441346448
 10
13.571568796891967
 20
9.834986361896668
 10
13.512255498550076
 20
9.769544221840619
 10
13.511442612533386
 20
9.768624916291706
 10
13.510652532230324
 20
9.767685938398927
 10
13.509885733555734
 20
9.76672785376747
 10
13.509142678400451
 20
9.76575123951168
 10
13.456529441227588
 20
9.69481050136038
 10
13.455810577180245
 20
9.693815945756185
 10
13.455116337257692
 20
9.692804047886682
 10
13.454447139644088
 20
9.691775417281306
 10
13.453803387439024
 20
9.690730673548671
 10
13.408396905670628
 20
9.614974535391113
 10
13.407778986646377
 20
9.61391430784579
 10
13.407187273014273
 20
9.612839235129194
 10
13.406622121200485
 20
9.61174996482493
 10
13.406083871631296
 20
9.610647153068712
 10
13.368321434507493
 20
9.530805187926049
 10
13.36781041140435
 20
9.529689499010424
 10
13.367326922588433
 20
9.52856160498468
 10
13.366871259295351
 20
9.52742218525001
 10
13.366443695999635
 20
9.526271926150258
 10
13.33668897643392
 20
9.443113055794505
 10
13.336289770683692
 20
9.441952650202765
 10
13.335919162945572
 20
9.44078279710395
 10
13.335577376459838
 20
9.439604201173822
 10
13.33526461710585
 20
9.438417572354496
 10
13.313804169313102
 20
9.352742662167039
 10
13.31352062548541
 20
9.351548715239339
 10
13.313266467980185
 20
9.350348169392255
 10
13.313041849892471
 20
9.349141747789716
 10
13.31284690652376
 20
9.347930177134991
 10
13.299887406347324
 20
9.260564323333604
 10
13.299722255124209
 20
9.259348333431554
 10
13.299586995527648
 20
9.258128656749022
 10
13.299481709032904
 20
9.256906027973628
 10
13.299406459060691
 20
9.255681183571241
 10
13.295072713571841
 20
9.167465767087933
 10
13.29502754544987
 20
9.166239444859002
 10
13.295012486385758
 20
9.1650123834942
 10
13.295027545450552
 20
9.163785322129407
 10
13.295072713573177
 20
9.162558999900504
 10
13.299406459110088
 20
9.074343583419946
 10
13.299481709082983
 20
9.073118739017609
 10
13.299586995578352
 20
9.071896110242278
 10
13.299722255175595
 20
9.070676433559832
 10
13.299887406399364
 20
9.069460443657874
 10
13.31284690662332
 20
8.98209458986387
 10
13.313041849992715
 20
8.980883019209244
 10
13.313266468081082
 20
8.979676597606826
 10
13.31352062558696
 20
8.978476051759877
 10
13.313804169415306
 20
8.97728210483232
 10
13.335264617255092
 20
8.891607194655158
 10
13.335577376609734
 20
8.890420565835996
 10
13.335919163096122
 20
8.889241969906045
 10
13.336289770834867
 20
8.888072116807422
 10
13.33668897658572
 20
8.886911711215888
 10
13.366443696196683
 20
8.803752840876733
 10
13.366871259493024
 20
8.802602581777222
 10
13.36732692278673
 20
8.801463162042808
 10
13.367810411603244
 20
8.800335268017342
 10
13.368321434707013
 20
8.799219579101994
 10
13.406083871874017
 20
8.719377613980626
 10
13.406622121443803
 20
8.718274802224705
 10
13.407187273258188
 20
8.717185531920755
 10
13.40777898689089
 20
8.716110459204486
 10
13.408396905915708
 20
8.715050231659504
 10
13.453803387725685
 20
8.639294093526175
 10
13.45444713993129
 20
8.638249349793881
 10
13.45511633754549
 20
8.637220719188868
 10
13.455810577468583
 20
8.636208821319741
 10
13.456529441516466
 20
8.635214265715923
 10
13.509142678728011
 20
8.56427352759335
 10
13.509885733883834
 20
8.563296913337986
 10
13.510652532558936
 20
8.562338828706949
 10
13.51144261286251
 20
8.561399850814617
 10
13.512255498879682
 20
8.560480545266145
 10
13.571568797256703
 20
8.495038405242944
 10
13.572403999335364
 20
8.494139325793618
 10
13.57326101438099
 20
8.493261014015289
 10
13.57413932615978
 20
8.492403998970133
 10
13.575038405609575
 20
8.491568796891961
 10
13.640480545665497
 20
8.432255498550205
 10
13.641399851214402
 20
8.431442612533523
 10
13.642338829107189
 20
8.430652532230475
 10
13.643296913738624
 20
8.429885733555885
 10
13.644273527994415
 20
8.429142678400602
 10
13.715214266145779
 20
8.376529441227646
 10
13.716208821749973
 20
8.37581057718031
 10
13.71722071961949
 20
8.375116337257744
 10
13.71824935022488
 20
8.374447139644126
 10
13.719294093957501
 20
8.373803387439068
 10
13.795050232115358
 20
8.328396905670488
 10
13.796110459660696
 20
8.327778986646251
 10
13.797185532377284
 20
8.327187273014154
 10
13.798274802681533
 20
8.326622121200352
 10
13.79937761443776
 20
8.32608387163117
 10
13.879219579579711
 20
8.288321434507687
 10
13.880335268495315
 20
8.287810411404536
 10
13.881463162521072
 20
8.287326922588626
 10
13.882602582255714
 20
8.286871259295552
 10
13.88375284135546
 20
8.286443695999829
 10
13.966911711711049
 20
8.256688976434077
 10
13.968072115096902
 20
8.256289771412582
 10
13.969241965955405
 20
8.25591916429449
 10
13.97042055961478
 20
8.255577378318833
 10
13.971607186136993
 20
8.25526461936392
 10
14.03998714882303
 20
8.238136316886532
 10
15.029162007760618
 20
7.2489613091745255
 10
13.59953712360678
 20
5.819336469044437
 10
10.262589567234897
 20
5.819336500867678
 10
7.831063281245179
 20
8.250862831878592
 10
7.83106328100763
 20
8.868961283772343
 10
7.831048221942723
 20
8.870188345136945
 10
7.8310030538199555
 20
8.871414667365649
 10
7.830927803846947
 20
8.872639511767801
 10
7.830822517351464
 20
8.87386214054294
 10
7.830687257754107
 20
8.875081817225201
 10
7.830522106530253
 20
8.876297807126967
 10
7.830327163160803
 20
8.87750937778138
 10
7.83010254507235
 20
8.878715799383585
 10
7.829848387566443
 20
8.87991634523032
 10
7.829564843738069
 20
8.881110292157665
 10
7.82925208438337
 20
8.882296920976621
 10
7.828910297896954
 20
8.883475516906373
 10
7.8285396901581805
 20
8.884645370004797
 10
7.828140484407328
 20
8.885805775596133
 10
7.827712921110987
 20
8.886956034695444
 10
7.82725725781728
 20
8.888095454429653
 10
7.826773769000766
 20
8.889223348454927
 10
7.826262745897054
 20
8.890339037370076
 10
7.825724496327297
 20
8.891441849125812
 10
7.82515934451294
 20
8.892531119429577
 10
7.824567630880296
 20
8.893606192145668
 10
7.823949711855562
 20
8.89466641969048
 10
7.823305959649986
 20
8.895711163422583
 10
7.8226367620358985
 20
8.896739794027418
 10
7.821942522112863
 20
8.897751691896381
 10
7.821223658065094
 20
8.898746247500021
 10
7.8204806029093845
 20
8.899722861755237
 10
7.819713804234368
 20
8.900680946386125
 10
7.818923723930936
 20
8.901619924278322
 10
7.818110837913878
 20
8.902539229826651
 10
7.81727563583533
 20
8.903438309275842
 10
7.816418620789847
 20
8.904316621054036
 10
7.8155403090111975
 20
8.905173636099072
 10
7.814641229561573
 20
8.906008838177122
 10
7.813721924012782
 20
8.906821724193698
 10
7.812782946120194
 20
8.907611804496646
 10
7.811824861488901
 20
8.908378603171151
 10
7.810848247233281
 20
8.909121658326349
 10
7.809853691629257
 20
8.9098405223736
 10
7.808841793759939
 20
8.910534762296095
 10
7.807813163154748
 20
8.911203959909649
 10
7.806768419422298
 20
8.91184771211465
 10
7.805708191877159
 20
8.912465631138843
 10
7.804633119160769
 20
8.913057344770912
 10
7.803543848856691
 20
8.913622496584694
 10
7.802441037100664
 20
8.914160746153861
 10
7.801325348185259
 20
8.914671769256998
 10
7.800197454159729
 20
8.915155258072907
 10
7.799058034425286
 20
8.915610921365996
 10
7.79790777532574
 20
8.91603848466174
 10
7.796747369734192
 20
8.916437690411989
 10
7.795577516635575
 20
8.916808298150137
 10
7.794398920705646
 20
8.917150084635935
 10
7.793212291886505
 20
8.917462843989988
 10
7.792018344959018
 20
8.91774638781775
 10
7.790817799112148
 20
8.918000545323032
 10
7.789611377509829
 20
8.918225163410838
 10
7.7883998068552955
 20
8.91842010677965
 10
7.787183816953473
 20
8.918585258002864
 10
7.785964140271119
 20
8.91872051759956
 10
7.784741511495923
 20
8.91882580409441
 10
7.78351666709375
 20
8.918901054066772
 10
7.782290344865004
 20
8.918946222188872
 10
7.781063283500401
 20
8.918961281253132
 10
6.081063483745908
 20
8.918961281007569
 10
6.079836422381234
 20
8.918946221942953
 10
6.078610100152446
 20
8.918901053820491
 10
6.077385255750187
 20
8.918825803847767
 10
6.076162626974963
 20
8.918720517352554
 10
6.074942950292581
 20
8.918585257755488
 10
6.073726960390715
 20
8.918420106531904
 10
6.072515389736182
 20
8.918225163162724
 10
6.071308968133849
 20
8.918000545074534
 10
6.070108422286978
 20
8.917746387568876
 10
6.068914475359506
 20
8.917462843740736
 10
6.067727846540407
 20
8.917150084386307
 10
6.066549250610507
 20
8.916808297900126
 10
6.065379397511919
 20
8.916437690161594
 10
6.064218991920427
 20
8.916038484410954
 10
6.063068732820952
 20
8.915610921114833
 10
6.06192931308658
 20
8.915155257821361
 10
6.060801419061136
 20
8.914671769005068
 10
6.059685730145816
 20
8.914160745901548
 10
6.058582918389888
 20
8.913622496331996
 10
6.057493648085938
 20
8.913057344517838
 10
6.056418575369662
 20
8.912465630885393
 10
6.055358347824665
 20
8.911847711860823
 10
6.054313604092357
 20
8.911203959655445
 10
6.053284973487322
 20
8.910534762041515
 10
6.05227307561816
 20
8.90984052211865
 10
6.051278520014307
 20
8.90912165807103
 10
6.050301905758886
 20
8.908378602915462
 10
6.049343821127792
 20
8.907611804240602
 10
6.0484048432353745
 20
8.906821723937291
 10
6.047485537686825
 20
8.90600883792036
 10
6.046586458237428
 20
8.905173635841955
 10
6.04570814645902
 20
8.904316620796571
 10
6.044851131413765
 20
8.903438309018036
 10
6.044015929335487
 20
8.90253922956851
 10
6.043203043318684
 20
8.901619924019847
 10
6.042412963015508
 20
8.900680946127324
 10
6.04164616434079
 20
8.899722861496116
 10
6.040903109185365
 20
8.898746247240581
 10
6.04018424513788
 20
8.897751691636635
 10
6.039490005215171
 20
8.896739793767367
 10
6.0388208076013825
 20
8.895711163162233
 10
6.038177055396162
 20
8.89466641942984
 10
6.0375591363717405
 20
8.89360619188475
 10
6.036967422739451
 20
8.892531119168382
 10
6.03640227092545
 20
8.891441848864353
 10
6.035864021356062
 20
8.890339037108355
 10
6.035352998252691
 20
8.889223348192957
 10
6.034869509436575
 20
8.888095454167448
 10
6.034413846143266
 20
8.886956034432998
 10
6.033986282847309
 20
8.885805775333466
 10
6.03358707709684
 20
8.88464536974191
 10
6.033216469358479
 20
8.88347551664328
 10
6.03287468287246
 20
8.882296920713337
 10
6.032561923518202
 20
8.881110291894188
 10
6.03227837969024
 20
8.879916344966666
 10
6.032024222184759
 20
8.87871579911976
 10
6.031799604096733
 20
8.877509377517399
 10
6.031604660727723
 20
8.876297806862837
 10
6.031439509504324
 20
8.875081816960943
 10
6.031304249907436
 20
8.873862140278554
 10
6.031198963412393
 20
8.872639511503301
 10
6.03112371343984
 20
8.871414667101043
 10
6.0310785453175555
 20
8.870188344872247
 10
6.031063486253132
 20
8.868961283507566
 10
6.031063486253132
 20
7.1689614837531295
 10
6.031078545316603
 20
7.167734422427728
 10
6.0311237134359885
 20
7.16650810023814
 10
6.031198963403725
 20
7.165283255874947
 10
6.031304249892031
 20
7.1640606271385465
 10
6.031439509480279
 20
7.162840950494726
 10
6.031604660693134
 20
7.161624960631045
 10
6.0317996040497235
 20
7.160413390014277
 10
6.032024222123425
 20
7.159206968449212
 10
6.032278379612762
 20
7.1580064226390405
 10
6.032561923422733
 20
7.156812475747628
 10
6.032874682757196
 20
7.155625846963893
 10
6.033216469221614
 20
7.154447251068582
 10
6.0335870769366124
 20
7.153277398003766
 10
6.033986282661999
 20
7.15211699244513
 10
6.034413845931155
 20
7.150966733377551
 10
6.034869509196
 20
7.149827313674031
 10
6.035352997982031
 20
7.148699419678358
 10
6.035864021053683
 20
7.147583730791652
 10
6.036402270589818
 20
7.146480919063137
 10
6.036967422369031
 20
7.1453916487853135
 10
6.037559135965054
 20
7.144316576093836
 10
6.038177054951788
 20
7.143256348572244
 10
6.038820807117929
 20
7.14221160486192
 10
6.039490004691302
 20
7.141182974277356
 10
6.040184244572302
 20
7.140171076427123
 10
6.040903108576842
 20
7.139176520840607
 10
6.041646163688142
 20
7.1381999066008675
 10
6.042412962317613
 20
7.137241821983764
 10
6.043203042574461
 20
7.136302844103611
 10
6.044015928543928
 20
7.135383538565527
 10
6.044851130573917
 20
7.134484459124771
 10
6.045708145569989
 20
7.133606147353142
 10
6.046586457298403
 20
7.132749132312767
 10
6.047485536697039
 20
7.131913930237431
 10
6.048404842194117
 20
7.131101044221602
 10
6.049343820034423
 20
7.130310963917395
 10
6.0503019046128514
 20
7.129544165239601
 10
6.051278518815124
 20
7.128801110079046
 10
6.052273074365388
 20
7.1280822460243485
 10
6.053284972180606
 20
7.127388006092303
 10
6.054313602731412
 20
7.126718808467061
 10
6.055358346409278
 20
7.126075056248226
 10
6.056418573899691
 20
7.125457137208031
 10
6.057493646561326
 20
7.124865423557772
 10
6.05858291681065
 20
7.1243002717236195
 10
6.059685728512022
 20
7.123762022131878
 10
6.060801417372943
 20
7.123250999003943
 10
6.061929311344244
 20
7.122767510161033
 10
6.063068731024771
 20
7.122311846838727
 10
6.064218990070799
 20
7.121884283511548
 10
6.065379395609298
 20
7.121485077727648
 10
6.06654924865542
 20
7.121114469953639
 10
6.0677278445334935
 20
7.120772683429777
 10
6.0689144733014615
 20
7.1204599240354725
 10
6.07010842017857
 20
7.120176380165276
 10
6.071308965975916
 20
7.119922222615401
 10
6.0725153875296485
 20
7.119697604480848
 10
6.073726958136589
 20
7.119502661063159
 10
6.074942947991943
 20
7.119337509788963
 10
6.076162624628935
 20
7.11920225013921
 10
6.077385253360035
 20
7.119096963589236
 10
6.078610097719434
 20
7.119021713559732
 10
6.079836419906741
 20
7.118976545378487
 10
6.081063481231382
 20
7.118961486253127
  0
LWPOLYLINE
  5
2E
330
17
100
AcDbEntity
  8
0
100
AcDbPolyline
 90
723
 70
0
 10
4.930563281337001
 20
8.941323907597017
 10
4.9365826758296265
 20
9.028030360827351
 10
4.98553142387243
 20
9.236149739852863
 10
5.071654479687254
 20
9.431197858158484
 10
5.19215376283735
 20
9.60710422962044
 10
5.342920552964344
 20
9.75787101720907
 10
5.520741350628626
 20
9.879681716763358
 10
5.528773865270679
 20
9.884155411355877
 10
5.529838709096467
 20
9.884765716604399
 10
5.530888252193392
 20
9.885401974537466
 10
5.531921862163443
 20
9.886063801780402
 10
5.532938916209062
 20
9.88675079955184
 10
5.5339388015084126
 20
9.88746255390403
 10
5.534920915584564
 20
9.88819863597221
 10
5.535884666668622
 20
9.888958602233082
 10
5.536829474056219
 20
9.889741994771995
 10
5.537754768457432
 20
9.890548341558919
 10
5.5386599923398165
 20
9.891377156732801
 10
5.539544600264321
 20
9.89222794089438
 10
5.540408059213988
 20
9.893100181407043
 10
5.541249848915058
 20
9.893993352705756
 10
5.542069462150536
 20
9.89490691661372
 10
5.542201328560864
 20
9.89506136294009
 10
5.572380757945396
 20
9.91404309500156
 10
5.573405903307915
 20
9.914705471284698
 10
5.574414575599377
 20
9.915392672538466
 10
5.575406173786064
 20
9.916104289282863
 10
5.576380107008134
 20
9.916839897489524
 10
5.577335794931685
 20
9.91759905883437
 10
5.578272668094598
 20
9.91838132095883
 10
5.57919016824583
 20
9.919186217739323
 10
5.580087748678025
 20
9.920013269565082
 10
5.580964874553345
 20
9.920861983623865
 10
5.5818210232221475
 20
9.921731854195656
 10
5.582655684534359
 20
9.92262236295398
 10
5.583468361143517
 20
9.923532979274768
 10
5.584258568803094
 20
9.92446316055252
 10
5.585025836655063
 20
9.925412352523665
 10
5.645174813547143
 20
10.001709323363798
 10
5.645922677932802
 20
10.002682289358972
 10
5.646646438829677
 20
10.003673316165504
 10
5.647345660254587
 20
10.00468180680307
 10
5.648019921006579
 20
10.00570715377139
 10
5.648668814920654
 20
10.00674873941616
 10
5.649291951112431
 20
10.00780593630114
 10
5.649888954213608
 20
10.008878107586092
 10
5.6504594645981
 20
10.009964607410438
 10
5.651003138598625
 20
10.011064781282272
 10
5.651519648713773
 20
10.012177966472642
 10
5.6520086838052634
 20
10.01330349241477
 10
5.652469949285376
 20
10.014440681107978
 10
5.6529031672944114
 20
10.015588847526125
 10
5.653308076868058
 20
10.016747300030232
 10
5.6536844340946
 20
10.017915340785152
 10
5.654032012261837
 20
10.019092266179882
 10
5.6804040013677195
 20
10.11259922789867
 10
5.680722577454233
 20
10.113784275608452
 10
5.681011975818805
 20
10.114976784469604
 10
5.681272022147667
 20
10.116176036196393
 10
5.681502559806688
 20
10.117381308441622
 10
5.681703449935782
 20
10.118591875231765
 10
5.681874571532447
 20
10.119807007404205
 10
5.682015821524772
 20
10.121025973046471
 10
5.6821271148334205
 20
10.122248037937055
 10
5.682208384422893
 20
10.123472465987689
 10
5.682259581341981
 20
10.124698519686689
 10
5.6822806747531445
 20
10.125925460543193
 10
5.6822716519511545
 20
10.127152549531978
 10
5.682232518370753
 20
10.128379047538594
 10
5.682163297583301
 20
10.129604215804562
 10
5.682064031282678
 20
10.130827316372347
 10
5.681934779260118
 20
10.132047612529853
 10
5.670516782708262
 20
10.228528582985668
 10
5.6703576129135485
 20
10.229745408810665
 10
5.670168627730803
 20
10.230957961783794
 10
5.669949941004745
 20
10.232165511463016
 10
5.669701684472287
 20
10.233367330420272
 10
5.669424007683162
 20
10.234562694679703
 10
5.6691170779099025
 20
10.235750884153745
 10
5.668781080047054
 20
10.23693118307694
 10
5.6684162164997645
 20
10.238102880437097
 10
5.66307309004516
 20
10.254547722204464
 10
5.631063281278202
 20
10.456640643711431
 10
5.631063282582417
 20
10.661283158886334
 10
5.663073070884337
 20
10.863376897476805
 10
5.726308040151636
 20
11.057993881538536
 10
5.819207201876836
 20
11.240314935552242
 10
5.821832576349124
 20
11.243928580800208
 10
6.119695508056779
 20
10.946065093644918
 10
6.100566411132547
 20
10.905620016306806
 10
6.100055388029489
 20
10.904504327391315
 10
6.099571899213686
 20
10.903376433365715
 10
6.099116235920675
 20
10.902237013631193
 10
6.0986886726250304
 20
10.901086754531597
 10
6.070586993220402
 20
10.822547821931735
 10
6.0701877874702035
 20
10.821387416339967
 10
6.069817179732112
 20
10.82021756324113
 10
6.069475393246378
 20
10.81903896731098
 10
6.069162633892404
 20
10.817852338491633
 10
6.048894433333018
 20
10.73693714606511
 10
6.0486108895053405
 20
10.73574319913741
 10
6.048356732000158
 20
10.734542653290333
 10
6.048132113912445
 20
10.733336231687801
 10
6.0479371705437615
 20
10.732124661033076
 10
6.035697642680788
 20
10.649612466316121
 10
6.035532491457687
 20
10.648396476414064
 10
6.03539723186114
 20
10.647176799731525
 10
6.035291945366424
 20
10.645954170956138
 10
6.035216695394212
 20
10.644729326553744
 10
6.0311237135717874
 20
10.56141476708742
 10
6.0310785454498586
 20
10.560188444858497
 10
6.031063486385776
 20
10.558961383493703
 10
6.031078545450555
 20
10.557734322128915
 10
6.0311237135732085
 20
10.55650799990002
 10
6.035216695443708
 20
10.47319344043558
 10
6.035291945416617
 20
10.471968596033228
 10
6.035397231912043
 20
10.47074596725789
 10
6.035532491509301
 20
10.469526290575423
 10
6.0356976427330835
 20
10.468310300673458
 10
6.047937170643678
 20
10.385798105963545
 10
6.048132114013072
 20
10.38458653530894
 10
6.048356732101482
 20
10.383380113706536
 10
6.048610889607346
 20
10.382179567859609
 10
6.04889443343572
 20
10.380985620932073
 10
6.069162634041717
 20
10.300070428517529
 10
6.069475393396374
 20
10.298883799698366
 10
6.06981717988279
 20
10.297705203768409
 10
6.070187787621549
 20
10.296535350669785
 10
6.07058699337243
 20
10.295374945078251
 10
6.098688672822433
 20
10.216836012494412
 10
6.099116236118803
 20
10.215685753394915
 10
6.099571899412524
 20
10.214546333660508
 10
6.100055388229052
 20
10.21341843963505
 10
6.100566411332835
 20
10.212302750719722
 10
6.136230935091618
 20
10.136896450821453
 10
6.136769184661418
 20
10.135793639065525
 10
6.137334336475831
 20
10.134704368761582
 10
6.137926050108547
 20
10.133629296045314
 10
6.13854396913338
 20
10.132569068500331
 10
6.181427868341217
 20
10.061021605176478
 10
6.18207162054685
 20
10.059976861444206
 10
6.182740818161051
 20
10.058948230839206
 10
6.1834350580841715
 20
10.057936332970087
 10
6.184153922132069
 20
10.056941777366298
 10
6.233844201396536
 20
9.989942191801
 10
6.234587256552359
 20
9.988965577545635
 10
6.235354055227489
 20
9.988007492914612
 10
6.236144135531077
 20
9.987068515022287
 10
6.236957021548264
 20
9.986149209473822
 10
6.292975136316713
 20
9.924342744301534
 10
6.293810338395389
 20
9.923443664852229
 10
6.294667353441042
 20
9.92256535307392
 10
6.295545665219834
 20
9.921708338028779
 10
6.296444744669628
 20
9.920873135950622
 10
6.358251209874297
 20
9.864855021217757
 10
6.35917051542323
 20
9.864042135201089
 10
6.360109493316017
 20
9.863252054898048
 10
6.3610675779474946
 20
9.862485256223472
 10
6.362044192203285
 20
9.861742201068203
 10
6.429043777797403
 20
9.81205192184229
 10
6.430038333401612
 20
9.811333057794968
 10
6.431050231271129
 20
9.81063881787243
 10
6.432078861876505
 20
9.809969620258826
 10
6.433123605609154
 20
9.809325868053783
 10
6.504671068957322
 20
9.766441968887499
 10
6.50573129650266
 20
9.765824049863284
 10
6.506806369219248
 20
9.7652323362312
 10
6.507895639523525
 20
9.76466718441742
 10
6.508998451279751
 20
9.764128934848252
 10
6.584404751198662
 20
9.728464411132911
 10
6.585520440114294
 20
9.727953388029782
 10
6.586648334140023
 20
9.727469899213894
 10
6.587787753874693
 20
9.727014235920834
 10
6.588938012974438
 20
9.726586672625125
 10
6.667476945574521
 20
9.698484993220418
 10
6.668637351166296
 20
9.698085787470212
 10
6.66980720426514
 20
9.697715179732121
 10
6.670985800195297
 20
9.697373393246387
 10
6.672172429014637
 20
9.697060633892406
 10
6.753087621441182
 20
9.676792433333006
 10
6.754281568368896
 20
9.676508889505328
 10
6.755482114215965
 20
9.676254732000153
 10
6.756688535818483
 20
9.676030113912446
 10
6.757900106473215
 20
9.675835170543749
 10
6.8404123011899856
 20
9.66359564268079
 10
6.841628291092036
 20
9.663430491457703
 10
6.842847967774588
 20
9.663295231861142
 10
6.844070596549955
 20
9.663189945366433
 10
6.845295440952356
 20
9.663114695394228
 10
6.928610000418985
 20
9.65902171357179
 10
6.929836322647901
 20
9.658976545449846
 10
6.9310633840127025
 20
9.658961486385763
 10
6.932290445377504
 20
9.658976545450557
 10
6.933516767606392
 20
9.659021713573203
 10
7.016831327070577
 20
9.663114695443696
 10
7.018056171472921
 20
9.663189945416612
 10
7.019278800248259
 20
9.663295231912024
 10
7.020498476930726
 20
9.663430491509288
 10
7.021714466832691
 20
9.663595642733078
 10
7.104226661542668
 20
9.675835170643673
 10
7.105438232197287
 20
9.676030114013066
 10
7.106644653799691
 20
9.67625473210147
 10
7.1078451996466185
 20
9.67650888960734
 10
7.109039146574162
 20
9.676792433435708
 10
7.189954338988656
 20
9.697060634041712
 10
7.191140967807797
 20
9.697373393396369
 10
7.192319563737755
 20
9.697715179882778
 10
7.193489416836371
 20
9.698085787621544
 10
7.194649822427891
 20
9.698484993372418
 10
7.27318875501166
 20
9.726586672822357
 10
7.274339012599853
 20
9.727014235535748
 10
7.275478430852473
 20
9.727469898172657
 10
7.276606323428382
 20
9.727953386259685
 10
7.27772201092904
 20
9.728464408562445
 10
7.341409417538614
 20
9.758586298479734
 10
8.518162510634426
 20
9.758586279656647
 10
8.519205249033035
 20
9.757871985256294
 10
8.669973996272319
 20
9.607103235478583
 10
8.790472212519859
 20
9.431197974480519
 10
8.876595289624163
 20
9.23614692028611
 10
8.925546049490777
 20
9.02801633926056
 10
8.93156348625385
 20
8.941324179963381
 10
8.931563486301002
 20
8.830025393340293
 10
8.931578545425424
 20
8.828798329553997
 10
8.93162371372648
 20
8.827572004907971
 10
8.931698963996439
 20
8.826347158097242
 10
8.931804250907135
 20
8.82512452692665
 10
8.931939511037399
 20
8.823904847866388
 10
8.932104662911314
 20
8.822688855608433
 10
8.932299607047156
 20
8.821477282623931
 10
8.932524226017392
 20
8.820270858722026
 10
8.951478220303756
 20
8.724982887927482
 10
8.951732373282567
 20
8.723782364411662
 10
8.952015911493135
 20
8.722588439568192
 10
8.952328664148922
 20
8.721401832546057
 10
8.952670442866435
 20
8.720223258086413
 10
8.953041041778647
 20
8.719053426092081
 10
8.953440237658867
 20
8.717893041199943
 10
8.95386779005537
 20
8.71674280235652
 10
8.954323441436145
 20
8.715603402396944
 10
8.95480691734403
 20
8.714475527627663
 10
8.955317926562032
 20
8.713359857413039
 10
8.95585616128875
 20
8.712257063766138
 10
8.956421297323715
 20
8.711167810943941
 10
8.957012994262783
 20
8.710092755047256
 10
8.957630895703062
 20
8.709032543625518
 10
8.958274629457634
 20
8.707987815286721
 10
8.958943807779804
 20
8.706959199312784
 10
9.012919791294394
 20
8.626177224071512
 10
9.01361404907604
 20
8.625165286132372
 10
9.014332932818718
 20
8.624170691529265
 10
9.015076009463314
 20
8.623194039410905
 10
9.015842831376773
 20
8.622235918117376
 10
9.016632936621733
 20
8.621296904825712
 10
9.017445849234889
 20
8.620377565202169
 10
9.018281079513656
 20
8.619478453061511
 10
9.019138124311155
 20
8.618600110033356
 10
10.630702110412471
 20
7.007036123999782
 10
10.631580453447071
 20
7.006179079196201
 10
10.63247956559448
 20
7.005343848911686
 10
10.63339890522505
 20
7.004530936293108
 10
10.63433791852404
 20
7.003740831043061
 10
10.635296039825107
 20
7.002974009124884
 10
10.63627269195129
 20
7.002230932475918
 10
10.637267286562434
 20
7.001512048729225
 10
10.63827922450983
 20
7.000817790943948
 10
10.719061199818299
 20
6.946841807555074
 10
10.720089815793216
 20
6.946172629234425
 10
10.721134544132951
 20
6.94552889548136
 10
10.722194755555591
 20
6.94491099404263
 10
10.723269811453122
 20
6.944319297105146
 10
10.724359064276143
 20
6.943754161071766
 10
10.725461857923847
 20
6.943215926346674
 10
10.726577528139217
 20
6.9427049171303
 10
10.72770540290918
 20
6.942221441224056
 10
10.728844802869418
 20
6.941765789844943
 10
10.729995041713465
 20
6.941338237450118
 10
10.731155426606193
 20
6.940939041571589
 10
10.732325258601065
 20
6.940568442661103
 10
10.733503833061206
 20
6.940226663945289
 10
10.734690440083796
 20
6.939913911291228
 10
10.73588436492767
 20
6.93963037308243
 10
10.73708488844386
 20
6.939376220105359
 10
10.832372859279872
 20
6.920422225955285
 10
10.833579283175766
 20
6.920197606987912
 10
10.834790856154143
 20
6.920002662854635
 10
10.836006848405901
 20
6.9198375109829655
 10
10.837226527459904
 20
6.919702250854627
 10
10.838449158624172
 20
6.919596963945558
 10
10.83967400542852
 20
6.919521713676929
 10
10.840900330068138
 20
6.9194765453768525
 10
10.842127393848017
 20
6.919461486253134
 10
12.92233238064344
 20
6.919461486263835
 10
12.923422974979673
 20
6.919473381639499
 10
12.924513050394722
 20
6.919509062106478
 10
12.925602088214276
 20
6.919568510687462
 10
12.958104071853569
 20
6.921698509671849
 10
12.95929054862583
 20
6.921790456944549
 10
12.960474501091625
 20
6.921910615135289
 10
12.961655258574297
 20
6.922058916177733
 10
12.962832152207056
 20
6.922235276063411
 10
12.964004515311842
 20
6.922439594889276
 10
12.965171683777072
 20
6.922671756914291
 10
12.96633299643372
 20
6.922931630625037
 10
12.967487795430003
 20
6.92321906881017
 10
12.968635426603868
 20
6.923533908643812
 10
12.969775239853675
 20
6.923875971777825
 10
12.970906589506399
 20
6.9242450644428075
 10
13.062905558181455
 20
6.955475053908472
 10
13.064062666822025
 20
6.955883749595664
 10
13.065209396975575
 20
6.956320719303797
 10
13.066345057882643
 20
6.956785699814084
 10
13.067468965451724
 20
6.957278411034778
 10
13.068580442671134
 20
6.957798556169891
 10
13.06967882001689
 20
6.958345821898007
 10
13.070763435856037
 20
6.9589198785609625
 10
13.071833636845213
 20
6.959520380362484
 10
13.072888778324113
 20
6.960146965576442
 10
13.073928224703906
 20
6.960799256764766
 10
13.074951349850068
 20
6.9614768610047975
 10
13.075957537459573
 20
6.96217937012598
 10
13.076946181432021
 20
6.962906360955721
 10
13.077916686234971
 20
6.963657395574316
 10
13.078868467262367
 20
6.964432021578709
 10
13.079800951186996
 20
6.965229772355059
 10
13.152844921201478
 20
7.029288746182928
 10
13.153757512405406
 20
7.030109109939438
 10
13.154649696616644
 20
7.030951622094648
 10
13.155520936447857
 20
7.031815775180043
 10
13.156370707127024
 20
7.032701048692189
 10
13.157198496813635
 20
7.033606909406217
 10
13.158003806906919
 20
7.034532811697019
 10
13.158786152346238
 20
7.0354781978678815
 10
13.159545061903145
 20
7.036442498486416
 10
13.16028007846532
 20
7.037425132727542
 10
13.160990759311801
 20
7.038425508723307
 10
13.161676676379784
 20
7.039443023919432
 10
13.162337416522291
 20
7.040477065438189
 10
13.162972581757202
 20
7.0415270104476235
 10
13.163581789506821
 20
7.042592226536641
 10
13.164164672828349
 20
7.043672072095951
 10
13.164720880634945
 20
7.04476589670454
 10
13.207691862947144
 20
7.131901861050288
 10
13.208221081769153
 20
7.133009052411374
 10
13.208722969009074
 20
7.134128898146294
 10
13.209197222341032
 20
7.135260723684425
 10
13.209643556085126
 20
7.136403847238768
 10
13.210061701379715
 20
7.137557580216644
 10
13.210451406343168
 20
7.138721227634505
 10
13.210812436225694
 20
7.139894088536543
 10
13.211144573550825
 20
7.141075456416964
 10
13.211447618246268
 20
7.1422646196455375
 10
13.211721387764499
 20
7.143460861896294
 10
13.211965717192783
 20
7.144663462579032
 10
13.21218045935234
 20
7.145871697273336
 10
13.212365484887215
 20
7.147084838165014
 10
13.212520682342074
 20
7.148302154484476
 10
13.21264595822936
 20
7.149522912946949
 10
13.212741237085595
 20
7.150746378194178
 10
13.219095234388732
 20
7.247693338483636
 10
13.219160458536123
 20
7.248918766590428
 10
13.219195589309436
 20
7.250145426308151
 10
13.219200605546888
 20
7.251372578732131
 10
13.219175504226854
 20
7.252599484660905
 10
13.219120300469626
 20
7.253825405041482
 10
13.219035027528406
 20
7.255049601414541
 10
13.218919736769124
 20
7.256271336359255
 10
13.218774497639629
 20
7.257489873937502
 10
13.218599397627855
 20
7.2587044801371405
 10
13.218394542209012
 20
7.259914423314193
 10
13.218160054782146
 20
7.261118974633547
 10
13.217896076595736
 20
7.26231740850799
 10
13.217602766662708
 20
7.263509003035303
 10
13.217280301664573
 20
7.264693040433059
 10
13.216928875844957
 20
7.265868807471051
 10
13.216548700892758
 20
7.267035595900907
 10
13.185318713597695
 20
7.359034558181598
 10
13.184910017911022
 20
7.360191666820789
 10
13.184473048203444
 20
7.361338396972954
 10
13.18400806769381
 20
7.362474057878707
 10
13.183515356473833
 20
7.363597965446488
 10
13.182995211339488
 20
7.364709442664619
 10
13.18244794561221
 20
7.365807820009138
 10
13.18187388895015
 20
7.366892435847099
 10
13.181273387149588
 20
7.367962636835102
 10
13.18064680193666
 20
7.369017778312887
 10
13.179994510749424
 20
7.370057224691614
 10
13.179316906510508
 20
7.37108034983676
 10
13.178614397390533
 20
7.372086537445277
 10
13.177887406562007
 20
7.373075181416823
 10
13.177136371944727
 20
7.374045686218885
 10
13.176361745941648
 20
7.374997467245485
 10
13.175563995166698
 20
7.37592995116934
 10
13.111505014743045
 20
7.448973928774436
 10
13.110684666365103
 20
7.44988650328834
 10
13.109842170398366
 20
7.4507786715743975
 10
13.108978034282813
 20
7.451649896274702
 10
13.10809277849242
 20
7.452499652645791
 10
13.107186936221666
 20
7.453327428874701
 10
13.106261053064372
 20
7.454132726387208
 10
13.105315686685088
 20
7.454915060148167
 10
13.104351406483232
 20
7.455673958953625
 10
12.890118348612475
 20
7.620060952054111
 10
12.78274165708359
 20
7.727437643516666
 10
12.781863314050042
 20
7.728294688318748
 10
12.780964201903743
 20
7.729129918601835
 10
12.780044862274366
 20
7.7299428312190415
 10
12.779105848976627
 20
7.730732936467781
 10
12.778147727676838
 20
7.731499758384707
 10
12.777171075552047
 20
7.732242835032501
 10
12.776176480942297
 20
7.7329617187780855
 10
12.775164542996379
 20
7.733655976562318
 10
12.69438256768791
 20
7.7876319599511845
 10
12.693353951712993
 20
7.788301138271848
 10
12.692309223373286
 20
7.788944872024906
 10
12.691249011950646
 20
7.789562773463636
 10
12.690173956053087
 20
7.790154470401127
 10
12.689084703230066
 20
7.7907196064345
 10
12.68798190958239
 20
7.791257841159592
 10
12.68686623936702
 20
7.791768850375966
 10
12.685738364597029
 20
7.7922523262822025
 10
12.684598964636791
 20
7.7927079776613155
 10
12.683448725792744
 20
7.793135530056148
 10
12.682288340900044
 20
7.79353472593467
 10
12.681118508905172
 20
7.793905324845156
 10
12.67993993444503
 20
7.79424710356097
 10
12.678753327422442
 20
7.794559856215031
 10
12.677559402578567
 20
7.794843394423829
 10
12.676358879062377
 20
7.795097547400893
 10
12.581070908226366
 20
7.814051541550974
 10
12.57986449536287
 20
7.814276158604045
 10
12.578652933504202
 20
7.814471101365669
 10
12.577436952439427
 20
7.81463625241129
 10
12.576217284619645
 20
7.8147715122615296
 10
12.57499466471657
 20
7.814876799442061
 10
12.573769829180236
 20
7.814952050532746
 10
12.57254351579519
 20
7.81499722020579
 10
12.571316463236172
 20
7.815012281253047
 10
12.005012292253127
 20
7.815013295817607
 10
12.005012380253106
 20
8.21501248627203
 10
12.605012283772027
 20
8.215012486498843
 10
12.606239345136629
 20
8.215027545563743
 10
12.607465667365318
 20
8.215072713686482
 10
12.608690511767492
 20
8.215147963659483
 10
12.60991314054263
 20
8.215253250154973
 10
12.61113281722487
 20
8.215388509752309
 10
12.612348807126637
 20
8.215553660976155
 10
12.613560377781056
 20
8.215748604345599
 10
12.614766799383261
 20
8.215973222434037
 10
12.61596734522999
 20
8.216227379939944
 10
12.617161292157334
 20
8.216510923768332
 10
12.618347920976305
 20
8.216823683123003
 10
12.619526516906063
 20
8.217165469609412
 10
12.620696370004481
 20
8.217536077348171
 10
12.62185677559583
 20
8.217935283099031
 10
12.62300703469512
 20
8.218362846395372
 10
12.624146454429336
 20
8.218818509689058
 10
12.62527434845461
 20
8.21930199850555
 10
12.62639003736976
 20
8.219813021609276
 10
12.627492849125503
 20
8.220351271179013
 10
12.628582119429268
 20
8.220916422993362
 10
12.629657192145373
 20
8.221508136625992
 10
12.630717419690171
 20
8.222126055650733
 10
12.63176216342228
 20
8.222769807856281
 10
12.63279079402713
 20
8.223439005470375
 10
12.63380269189608
 20
8.224133245393396
 10
12.634797247499733
 20
8.224852109441166
 10
12.635773861754956
 20
8.225595164596875
 10
12.63673194638585
 20
8.22636196327187
 10
12.63767092427804
 20
8.227152043575316
 10
12.638590229826377
 20
8.227964929592368
 10
12.639489309275575
 20
8.228800131670887
 10
12.64036762105377
 20
8.229657146716377
 10
12.641224636098826
 20
8.23053545849502
 10
12.642059838176891
 20
8.231434537944644
 10
12.642872724193467
 20
8.2323538434934
 10
12.643662804496415
 20
8.233292821386001
 10
12.64442960317092
 20
8.234250906017287
 10
12.645172658326118
 20
8.235227520272893
 10
12.645891522373375
 20
8.23622207587691
 10
12.6465857622959
 20
8.237233973746228
 10
12.647254959909446
 20
8.238262604351412
 10
12.647898712114454
 20
8.239307348083855
 10
12.648516631138648
 20
8.240367575628987
 10
12.649108344770724
 20
8.241442648345384
 10
12.649673496584512
 20
8.24253191864944
 10
12.650211746153701
 20
8.243634730405454
 10
12.650722769256845
 20
8.244750419320866
 10
12.651206258072762
 20
8.245878313346388
 10
12.651661921365843
 20
8.247017733080838
 10
12.652089484661616
 20
8.24816799218037
 10
12.652488690411872
 20
8.249328397771912
 10
12.65285929815002
 20
8.250498250870528
 10
12.653201084635839
 20
8.251676846800457
 10
12.653513843989884
 20
8.252863475619577
 10
12.653797387817662
 20
8.25405742254707
 10
12.654051545322943
 20
8.255257968393934
 10
12.65427616341077
 20
8.25646438999626
 10
12.654471106779596
 20
8.257675960650772
 10
12.654636258002824
 20
8.258891950552616
 10
12.654771517599528
 20
8.260111627234949
 10
12.654876804094386
 20
8.261334256010137
 10
12.65495205406674
 20
8.262559100412332
 10
12.654997222188854
 20
8.263785422641064
 10
12.655012281253136
 20
8.265012484005666
 10
12.655012281007629
 20
10.065012283759948
 10
12.654997221946275
 20
10.06623934499246
 10
12.65495205383354
 20
10.067465667089323
 10
12.654876803877016
 20
10.068690511360124
 10
12.65477151740447
 20
10.06991314000463
 10
12.6546362578365
 20
10.071132816557217
 10
12.654471106648401
 20
10.072348806330503
 10
12.654276163321043
 20
10.07356037685787
 10
12.654051545280993
 20
10.074766798334693
 10
12.653797387829712
 20
10.075967344057943
 10
12.653513844062104
 20
10.077161290863927
 10
12.653201084774338
 20
10.078347919563889
 10
12.652859298360823
 20
10.079526515377218
 10
12.652488690700892
 20
10.080696368362027
 10
12.65208948503468
 20
10.081856773842766
 10
12.651661921828719
 20
10.083007032834722
 10
12.65120625863105
 20
10.084146452465035
 10
12.650722769916058
 20
10.08527434639008
 10
12.650211746919211
 20
10.086390035208865
 10
12.649673497461606
 20
10.087492846872316
 10
12.649108345764517
 20
10.088582117088066
 10
12.648516632254086
 20
10.089657189720612
 10
12.64789871335637
 20
10.090717417186532
 10
12.6472549612825
 20
10.091762160844596
 10
12.64658576380458
 20
10.09279079138041
 10
12.645891524022062
 20
10.093802689185544
 10
12.64517266011893
 20
10.094797244730728
 10
12.644429605111867
 20
10.095773858933015
 10
12.643662806589276
 20
10.096731943516666
 10
12.642872726441851
 20
10.097670921367467
 10
12.642059840584182
 20
10.098590226880397
 10
12.641224638668263
 20
10.099489306300306
 10
12.640367623788364
 20
10.100367618055493
 10
12.639489312178114
 20
10.101224633083909
 10
12.638590232899418
 20
10.102059835151856
 10
12.637670927523942
 20
10.10287272116495
 10
12.636731949806745
 20
10.10366280147116
 10
12.635773865352746
 20
10.104429600155754
 10
12.634797251276126
 20
10.105172655327976
 10
12.633802695852495
 20
10.105891519399265
 10
12.632790798164734
 20
10.106585759352889
 10
12.631762167742096
 20
10.107254957004741
 10
12.63071742419288
 20
10.107898709255274
 10
12.629657196831431
 20
10.108516628332275
 10
12.628582124298958
 20
10.109108342024484
 10
12.627492854178769
 20
10.109673493905781
 10
12.626390042606346
 20
10.110211743549868
 10
12.625274353873948
 20
10.110722766735364
 10
12.624146460030687
 20
10.111206255641079
 10
12.623007040477404
 20
10.111661919031427
 10
12.621856781557739
 20
10.112089482431884
 10
12.620696376144508
 20
10.112488688294306
 10
12.619526523222362
 20
10.112859296152052
 10
12.618347927466829
 20
10.11320108276486
 10
12.617161298819752
 20
10.113513842253298
 10
12.615967352061716
 20
10.113797386222785
 10
12.614766806381454
 20
10.114051543877075
 10
12.613560384942616
 20
10.11427616212113
 10
12.612348814448211
 20
10.114471105653351
 10
12.61113282470285
 20
10.114636257047067
 10
12.60991314817312
 20
10.114771516821278
 10
12.608690519546428
 20
10.114876803500565
 10
12.607465675288353
 20
10.11495205366419
 10
12.606239353199129
 20
10.114997221984282
 10
12.60501229196916
 20
10.11501228125313
 10
12.005012391667407
 20
10.115012382791576
 10
12.005013274981167
 20
10.515012486257021
 10
12.571316374148608
 20
10.515012486301032
 10
12.572543450483664
 20
10.51502754573307
 10
12.573769787655777
 20
10.515072714957519
 10
12.574994646947289
 20
10.515147966765468
 10
12.576217290530707
 20
10.515253255826941
 10
12.577436981913309
 20
10.51538851871819
 10
12.578652986380689
 20
10.515553673959921
 10
12.579864571439344
 20
10.515748622066369
 10
12.581071007257918
 20
10.51597324560521
 10
12.676357978052465
 20
10.53492723989153
 10
12.677558494935226
 20
10.535181393906164
 10
12.678752413157781
 20
10.53546493283958
 10
12.679939013582526
 20
10.53577768590663
 10
12.681117581479555
 20
10.536119464725466
 10
12.682287406957272
 20
10.536490063431074
 10
12.683447785389944
 20
10.536889258799214
 10
12.684598017842063
 20
10.537316810380915
 10
12.685737411489441
 20
10.53777246064729
 10
12.686865280036471
 20
10.538255935144647
 10
12.687980944129436
 20
10.538766942659826
 10
12.68908373176589
 20
10.53930517539559
 10
12.690172978699195
 20
10.539870309156008
 10
12.691248028838885
 20
10.540462003541762
 10
12.692308234645537
 20
10.541079902155161
 10
12.693352957521114
 20
10.541723632814808
 10
12.694381568193421
 20
10.542392807779798
 10
12.775163543434985
 20
10.596368791294665
 10
12.776175481343017
 20
10.597063049054405
 10
12.777170075916132
 20
10.597781932773685
 10
12.778146728005652
 20
10.598525009393391
 10
12.779104849271505
 20
10.599291831280517
 10
12.780043862536786
 20
10.60008193649778
 10
12.78096320213524
 20
10.600894849081897
 10
12.781862314252152
 20
10.60173007933033
 10
12.782740657257989
 20
10.602587124096253
 10
12.890118745623482
 20
10.7099652111594
 10
12.903040692327608
 20
10.719881027883574
 10
13.103385408659989
 20
10.873608634057739
 10
13.336153356103068
 20
11.00799571089366
 10
13.413796733929672
 20
11.040157592033779
 10
13.584488732434835
 20
11.110860353118788
 10
13.844125689035707
 20
11.180428975882485
 10
14.110615507309603
 20
11.215512486241934
 10
14.37940923141926
 20
11.215512485323295
 10
14.645902991243162
 20
11.18042799211716
 10
14.79353152671169
 20
11.1408711730421
 10
14.905538355088169
 20
11.110859204560626
 10
15.153879393988262
 20
11.007991696076203
 10
15.386653330191166
 20
10.87359879170625
 10
15.59990247033943
 20
10.709967763989205
 10
15.789967675759357
 20
10.519902557270079
 10
15.953603677968175
 20
10.306644506425549
 10
16.03775132161155
 20
10.160896228405193
 10
16.0879956562664
 20
10.073871446883949
 10
16.11058148073255
 20
10.019344302407383
 10
16.11106495334556
 20
10.018216442172637
 10
16.111575958585945
 20
10.017100786257501
 10
16.11211418866202
 20
10.015998006650378
 10
16.112679319383858
 20
10.014908767583933
 10
16.113271010358687
 20
10.013833725135001
 10
16.113888905195665
 20
10.012773526829456
 10
16.114532631720806
 20
10.011728811252134
 10
16.11520180220097
 20
10.01070020766224
 10
16.169177791294402
 20
9.929918224071514
 10
16.169872049076417
 20
9.928906286131863
 10
16.170590932819493
 20
9.927911691528251
 10
16.171334009464488
 20
9.926935039409415
 10
16.172100831378373
 20
9.925976918115431
 10
16.172890936623787
 20
9.925037904823334
 10
16.173703849237427
 20
9.924118565199379
 10
16.174539079516705
 20
9.92321945305833
 10
16.175396124314716
 20
9.922341110029798
 10
17.18452094646588
 20
8.913216288124339
 10
17.1845622905426
 20
8.91317594357362
 10
17.363005709632375
 20
8.734731536215484
 10
17.514660742458375
 20
8.53708939725147
 10
17.639229589039303
 20
8.321329597725772
 10
17.71495956797719
 20
8.138500091655665
 10
17.73456540099025
 20
8.09116788653801
 10
17.799045008860787
 20
7.85052592526759
 10
17.831563486248797
 20
7.603527162850924
 10
17.831563485316366
 20
6.89439559054761
 10
17.799045006125624
 20
6.64739682848834
 10
17.734565365631568
 20
6.406754752550071
 10
17.63922761017824
 20
6.176588214988627
 10
17.514661808273047
 20
5.960834475781773
 10
17.363000830063726
 20
5.763186366400149
 10
15.186825183730718
 20
3.587013701382233
 10
14.989190286697749
 20
3.435362955272261
 10
14.773436539943248
 20
3.3107971511270264
 10
14.54327000168044
 20
3.2154593973681926
 10
14.302627925267586
 20
3.150979758645512
 10
14.055629162823635
 20
3.1184612812538575
 10
9.806497493164017
 20
3.1184612821934437
 10
9.559498799884977
 20
3.1509787779636653
 10
9.364138995674722
 20
3.203325660142781
 10
9.318854902723473
 20
3.215459180920554
 10
9.088690339878923
 20
3.3107970927793176
 10
9.064600369074327
 20
3.324705544060336
 10
8.872937484687327
 20
3.435362377787193
 10
8.863167231329186
 20
3.4428600933536018
 10
8.787462129233887
 20
3.500950171693205
 10
8.675288227359914
 20
3.587023074295793
 10
6.331424664628855
 20
5.930887635971452
 10
6.330546307957178
 20
5.931744694119658
 10
6.329647181530561
 20
5.932579937066976
 10
6.328727827004059
 20
5.933392861643249
 10
6.327788798218663
 20
5.934182978123438
 10
6.326830660867543
 20
5.93494981052266
 10
6.325853992155373
 20
5.935692896882884
 10
6.324859380450533
 20
5.936411789551286
 10
6.323847424930676
 20
5.937106055449867
 10
6.24306644962229
 20
5.9910810388388285
 10
6.2420378392448725
 20
5.991750209490398
 10
6.240993116803409
 20
5.992393935899486
 10
6.239932911567166
 20
5.99301183032938
 10
6.238857862131184
 20
5.9936035206027825
 10
6.23776861603163
 20
5.994168650325982
 10
6.236665829355758
 20
5.994706879103539
 10
6.235550166346769
 20
5.995217882743283
 10
6.234422299003668
 20
5.995701353451622
 10
6.233282906676507
 20
5.99615700001889
 10
6.232132675657226
 20
5.996584547994807
 10
6.230972298766204
 20
5.996983739853739
 10
6.229802474935042
 20
5.9973543351498435
 10
6.228623908785508
 20
5.997696110661899
 10
6.227437310205161
 20
5.998008860527733
 10
6.226243393919745
 20
5.998292396368235
 10
6.225042879062656
 20
5.998546547400842
 10
6.129754908226303
 20
6.01750054155098
 10
6.128548484344833
 20
6.017725160515852
 10
6.127336911380979
 20
6.017920104647338
 10
6.12612091914383
 20
6.018085256517921
 10
6.124901240104521
 20
6.018220516645904
 10
6.123678608954961
 20
6.018325803555321
 10
6.122453762165321
 20
6.0184010538250305
 10
6.121227437540412
 20
6.018446222126897
 10
6.120000373775213
 20
6.018461281253131
 10
6.008700774471691
 20
6.018461281513119
 10
5.921998752365852
 20
6.024480079839336
 10
5.713873891855457
 20
6.073430904348989
 10
5.6318793793760875
 20
6.109634989247802
 10
5.518826804297163
 20
6.159552545089518
 10
5.3429215170614555
 20
6.280050783661721
 10
5.192152771233893
 20
6.430819532027698
 10
5.071654486556795
 20
6.606724892920248
 10
5.049092933512867
 20
6.657821505603344
 10
4.985531443759697
 20
6.801773961134288
 10
4.936579801459118
 20
7.009906855801347
 10
4.930563281253214
 20
7.096599318126202
 10
4.930563281337001
 20
8.941323907597017
  0
LWPOLYLINE
  5
2F
330
17
100
AcDbEntity
  8
0
100
AcDbPolyline
 90
76
 70
0
 10
10.805012475291562
 20
8.21501248625313
 10
11.405012375838822
 20
8.215012384714683
 10
11.405011492525233
 20
7.815012352951491
 10
10.759859569186261
 20
7.815013278079633
 10
10.709223518731989
 20
7.820457432338138
 10
10.63547463729887
 20
7.847964663780445
 10
10.387962978978095
 20
8.095476335337139
 10
10.360455528911245
 20
8.16922993929041
 10
10.35501228549353
 20
8.219860356715792
 10
10.355013306282984
 20
8.865012475253124
 10
10.755012486253094
 20
8.865012387253145
 10
10.755012486253094
 20
8.265012483753132
 10
10.755027545314306
 20
8.263785422520513
 10
10.75507271342687
 20
8.262559100423537
 10
10.755147963383223
 20
8.261334256152622
 10
10.755253249855627
 20
8.260111627507996
 10
10.755388509423454
 20
8.258891950955288
 10
10.755553660611412
 20
8.257675961181874
 10
10.755748603938628
 20
8.25646439065438
 10
10.755973221978564
 20
8.255257969177421
 10
10.756227379429731
 20
8.254057423454036
 10
10.756510923197197
 20
8.25286347664791
 10
10.756823682484878
 20
8.251676847947813
 10
10.757165468898307
 20
8.250498252134342
 10
10.757536076558125
 20
8.249328399149391
 10
10.757935282224253
 20
8.24816799366851
 10
10.758362845430128
 20
8.247017734676405
 10
10.758818508627712
 20
8.24587831504595
 10
10.759301997342618
 20
8.244750421120763
 10
10.759813020339408
 20
8.243634732301828
 10
10.760351269796956
 20
8.242531920638228
 10
10.760916421494017
 20
8.241442650422329
 10
10.76150813500439
 20
8.240367577789634
 10
10.762126053902051
 20
8.239307350323564
 10
10.762769805975893
 20
8.238262606665359
 10
10.763439003453783
 20
8.237233976129396
 10
10.764133243236273
 20
8.236222078324118
 10
10.764852107139376
 20
8.235227522778786
 10
10.76559516214644
 20
8.23425090857635
 10
10.76636196066903
 20
8.233292823992556
 10
10.767152040816455
 20
8.23235384614162
 10
10.767964926674097
 20
8.231434540628548
 10
10.768800128590016
 20
8.230535461208497
 10
10.769657143469942
 20
8.229657149453182
 10
10.770535455080221
 20
8.228800134424631
 10
10.771434534358917
 20
8.22796493235655
 10
10.772353839734421
 20
8.227152046343328
 10
10.773292817451676
 20
8.22636196603699
 10
10.774250901905702
 20
8.225595167352274
 10
10.77522751598238
 20
8.224852112179939
 10
10.776222071406067
 20
8.22413324810853
 10
10.777233969093857
 20
8.223439008154791
 10
10.778262599516552
 20
8.222769810502832
 10
10.779307343065824
 20
8.222126058252194
 10
10.78036757042733
 20
8.221508139175086
 10
10.781442642959888
 20
8.220916425482777
 10
10.782531913080135
 20
8.220351273601388
 10
10.783634724652643
 20
8.219813023957208
 10
10.784750413385098
 20
8.219302000771627
 10
10.785878307228472
 20
8.218818511865834
 10
10.787017726781812
 20
8.218362848475408
 10
10.788167985701563
 20
8.21793528507488
 10
10.789328391114907
 20
8.217536079212394
 10
10.790498244037138
 20
8.217165471354583
 10
10.791676839792757
 20
8.216823684741712
 10
10.792863468439919
 20
8.216510925253225
 10
10.794057415198068
 20
8.216227381283687
 10
10.795257960878445
 20
8.215973223629355
 10
10.796464382317367
 20
8.215748605385258
 10
10.797675952811886
 20
8.215553661853
 10
10.798891942557361
 20
8.215388510459256
 10
10.800111619087176
 20
8.215253250685024
 10
10.801334247713982
 20
8.215147964005716
 10
10.80255909197217
 20
8.215072713842076
 10
10.80378541406148
 20
8.215027545521984
 10
10.805012475291562
 20
8.21501248625313
  0
LWPOLYLINE
  5
30
330
17
100
AcDbEntity
  8
0
100
AcDbPolyline
 90
58
 70
0
 10
6.543959223898497
 20
11.370329089070601
 10
6.246096955326735
 20
11.668191504792098
 10
6.249722200612979
 20
11.670825199578957
 10
6.432040577379809
 20
11.76372061450207
 10
6.626647802708078
 20
11.826951687279056
 10
6.828741625190986
 20
11.858961486228047
 10
7.033384158886406
 20
11.858961484923817
 10
7.235477897476869
 20
11.826951696621919
 10
7.430095025321236
 20
11.763716680636811
 10
7.612408613315182
 20
11.670822703309959
 10
7.616029335990419
 20
11.66819207728117
 10
7.318165686226138
 20
11.37032992510899
 10
7.277722016307024
 20
11.389458356373616
 10
7.276606327391534
 20
11.389969379476668
 10
7.275478433365947
 20
11.390452868292485
 10
7.274339013631419
 20
11.390908531585481
 10
7.273188754531816
 20
11.391336094881133
 10
7.194649821931733
 20
11.41943777428584
 10
7.193489416339958
 20
11.419836980036045
 10
7.192319563241114
 20
11.420207587774136
 10
7.191140967310957
 20
11.42054937425987
 10
7.189954338491617
 20
11.420862133613852
 10
7.109039146065072
 20
11.441130334173252
 10
7.107845199137358
 20
11.44141387800093
 10
7.106644653290289
 20
11.441668035506105
 10
7.105438231687771
 20
11.441892653593811
 10
7.104226661033039
 20
11.442087596962509
 10
7.0217144663162685
 20
11.454327124825468
 10
7.020498476414218
 20
11.454492276048555
 10
7.019278799731666
 20
11.454627535645116
 10
7.018056170956299
 20
11.454732822139825
 10
7.016831326553898
 20
11.45480807211203
 10
6.933516767087269
 20
11.458901053934468
 10
6.932290444858353
 20
11.458946222056412
 10
6.9310633834935516
 20
11.458961281120494
 10
6.92983632212875
 20
11.458946222055701
 10
6.928609999899862
 20
11.458901053933054
 10
6.845295440435677
 20
11.454808072062562
 10
6.844070596033333
 20
11.454732822089646
 10
6.842847967257995
 20
11.454627535594234
 10
6.841628290575528
 20
11.45449227599697
 10
6.840412300673563
 20
11.45432712477318
 10
6.757900105963586
 20
11.442087596862585
 10
6.756688535308967
 20
11.441892653493191
 10
6.755482113706563
 20
11.441668035404788
 10
6.7542815678596355
 20
11.441413877898917
 10
6.753087620932092
 20
11.44113033407055
 10
6.672172428517598
 20
11.420862133464546
 10
6.670985799698457
 20
11.42054937410989
 10
6.6698072037684994
 20
11.42020758762348
 10
6.668637350669883
 20
11.419836979884714
 10
6.667476945078363
 20
11.41943777413384
 10
6.588938012494594
 20
11.3913360946839
 10
6.587787763395596
 20
11.390908535245153
 10
6.58664835346633
 20
11.39045287629758
 10
6.585520469032758
 20
11.389969392308302
 10
6.584404789478413
 20
11.389458374504898
 10
6.543959223898497
 20
11.370329089070601
  0
LWPOLYLINE
  5
31
330
17
100
AcDbEntity
  8
0
100
AcDbPolyline
 90
582
 70
0
 10
6.081063476187893
 20
7.01896149125313
 10
6.65774065584651
 20
7.018961462168491
 10
9.294402057362532
 20
4.382300060660818
 10
9.297036992715874
 20
4.379729015507806
 10
9.299734231083022
 20
4.377223409256615
 10
9.354296629699576
 20
4.327770933768107
 10
9.357054546346461
 20
4.325332275718225
 10
9.359871480024879
 20
4.32296203480923
 10
9.362745733919354
 20
4.320661638785623
 10
9.365675576686812
 20
4.318432473319945
 10
9.424822430597459
 20
4.274566176836778
 10
9.427806097410183
 20
4.272409584694934
 10
9.430841791018821
 20
4.270326864927405
 10
9.433927682835076
 20
4.268319272086714
 10
9.43706191403308
 20
4.266388015471712
 10
9.500223608613396
 20
4.228530352676067
 10
9.503404291249467
 20
4.226676595603529
 10
9.506629509399346
 20
4.2249014547074
 10
9.509897320312234
 20
4.22320599926617
 10
9.51320575558097
 20
4.221591250558802
 10
9.57977400918503
 20
4.190106811438092
 10
9.583121075931956
 20
4.188573742128831
 10
9.586504758009227
 20
4.187123275681294
 10
9.589923017213266
 20
4.185756285802249
 10
9.593373794512559
 20
4.1844735959152715
 10
9.662707518468153
 20
4.159665592829448
 10
9.666188735243509
 20
4.158467975578958
 10
9.66969829454007
 20
4.157356152364812
 10
9.673234082330566
 20
4.156330792907745
 10
9.676793968788644
 20
4.15539251484595
 10
9.748225441432453
 20
4.137499862426239
 10
9.751807282215594
 20
4.136649230943348
 10
9.755408919756832
 20
4.135886758427951
 10
9.759028184564471
 20
4.135212904164973
 10
9.762662896528639
 20
4.134628074059023
 10
9.83550419373023
 20
4.12382308832936
 10
9.839152163427315
 20
4.123327634661358
 10
9.842811193465792
 20
4.122921855872498
 10
9.846479079782796
 20
4.122605996388735
 10
9.850153612980762
 20
4.1223802464720265
 10
9.923703235561703
 20
4.118766985218919
 10
9.927382202242427
 20
4.118631480852493
 10
9.931063386330777
 20
4.118586303659335
 10
13.93106338142104
 20
4.118586303665353
 10
13.934744565539802
 20
4.118631480859264
 10
13.938423532250852
 20
4.11876698522795
 10
14.011973155074571
 20
4.122380246523093
 10
14.015647688281604
 20
4.122605996441976
 10
14.019315574607617
 20
4.122921855928354
 10
14.02297460465499
 20
4.123327634720283
 10
14.026622574360857
 20
4.123823088391795
 10
14.099463871555656
 20
4.134628074169093
 10
14.103098583519454
 20
4.135212904277417
 10
14.106717848326639
 20
4.13588675854276
 10
14.110319485867421
 20
4.136649231060517
 10
14.113901326649994
 20
4.137499862545752
 10
14.185332799281753
 20
4.155392515012068
 10
14.188892685739205
 20
4.1563307930761795
 10
14.192428473528992
 20
4.157356152535549
 10
14.195938032824813
 20
4.158467975751982
 10
14.199419249599373
 20
4.159665593004739
 10
14.268752973538653
 20
4.1844735961357955
 10
14.272203750837122
 20
4.185756286025033
 10
14.27562201004028
 20
4.187123275906316
 10
14.279005692116613
 20
4.188573742356063
 10
14.282352758862544
 20
4.190106811667519
 10
14.348921012446226
 20
4.221591250831814
 10
14.35222944771391
 20
4.223205999541342
 10
14.35549725862569
 20
4.22490145498471
 10
14.358722476774403
 20
4.2266765958829495
 10
14.36190315940928
 20
4.228530352957563
 10
14.425064853965182
 20
4.266388015794668
 10
14.428199085161935
 20
4.2683192724117305
 10
14.431284976976883
 20
4.270326865254447
 10
14.434320670584157
 20
4.272409585023958
 10
14.437304337395489
 20
4.274566177167756
 10
14.496451191277288
 20
4.318432473689455
 10
14.499381034036048
 20
4.320661639151403
 10
14.502255287922054
 20
4.322962035170889
 10
14.505072221592286
 20
4.325332276075386
 10
14.507830138231213
 20
4.3277709341203945
 10
14.562392536646087
 20
4.377223409466737
 10
14.565089774990184
 20
4.379729015698082
 10
14.567724710321528
 20
4.382300060830154
 10
16.567724706846008
 20
6.382300057363167
 10
16.57029575199897
 20
6.384934992716474
 10
16.572801358250132
 20
6.387632231083565
 10
16.622253833738284
 20
6.442194629699685
 10
16.62469249178818
 20
6.444952546346592
 10
16.627062732697198
 20
6.447769480025052
 10
16.629363128720826
 20
6.450643733919563
 10
16.631592294186532
 20
6.453573576687049
 10
16.675458590669592
 20
6.512720430597639
 10
16.677615182811422
 20
6.515704097410335
 10
16.679697902578937
 20
6.518739791018959
 10
16.681705495419607
 20
6.5218256828351855
 10
16.6836367520346
 20
6.524959914033175
 10
16.72149441483006
 20
6.588121608613193
 10
16.723348171902586
 20
6.591302291249271
 10
16.72512331279873
 20
6.59452750939915
 10
16.72681876823995
 20
6.5977953203120165
 10
16.72843351694732
 20
6.601103755580766
 10
16.759917956068364
 20
6.66767200918553
 10
16.761451025377653
 20
6.671019075932506
 10
16.762901491825204
 20
6.674402758009819
 10
16.764268481704278
 20
6.677821017213901
 10
16.765551171591255
 20
6.681271794513236
 10
16.790359174677036
 20
6.750605518468994
 10
16.79155679192749
 20
6.754086735244279
 10
16.792668615141622
 20
6.757596294540782
 10
16.793693974598682
 20
6.7611320823312155
 10
16.79463225266045
 20
6.764691968789222
 10
16.812524905079954
 20
6.836123441432015
 10
16.81337553656286
 20
6.839705282215171
 10
16.81413800907825
 20
6.843306919756465
 10
16.814811863341248
 20
6.846926184564104
 10
16.815396693447184
 20
6.8505608965283145
 10
16.826201679176876
 20
6.923402193730176
 10
16.826697132844885
 20
6.927050163427246
 10
16.827102911633744
 20
6.930709193465717
 10
16.827418771117493
 20
6.934377079782713
 10
16.827644521034216
 20
6.938051612980686
 10
16.831257782287338
 20
7.011601235562068
 10
16.831393286653793
 20
7.015280202243652
 10
16.831438463846922
 20
7.018961386332876
 10
16.831438463840897
 20
7.478961381422984
 10
16.83139328664697
 20
7.4826425655408855
 10
16.8312577822783
 20
7.486321532251097
 10
16.827644520983142
 20
7.559871155074667
 10
16.82741877106426
 20
7.563545688281685
 10
16.827102911577867
 20
7.567213574607649
 10
16.826697132785966
 20
7.570872604654994
 10
16.82620167911446
 20
7.5745205743608395
 10
16.81539669333725
 20
7.647361871555319
 10
16.814811863228897
 20
7.650996583519159
 10
16.814138008963567
 20
7.6546158483263795
 10
16.81337553644579
 20
7.6582174858671905
 10
16.812524904960554
 20
7.661799326649813
 10
16.79463225249401
 20
7.73323079928231
 10
16.793693974429885
 20
7.736790685739734
 10
16.792668614970523
 20
7.740326473529528
 10
16.79155679175409
 20
7.743836032825342
 10
16.790359174501333
 20
7.747317249599867
 10
16.765551171370305
 20
7.816650973539026
 10
16.764268481481082
 20
7.820101750837509
 10
16.76290149159979
 20
7.823520010040681
 10
16.761451025150023
 20
7.826903692117028
 10
16.759917955838574
 20
7.830250758862988
 10
16.72843351667433
 20
7.896819012446457
 10
16.7268187679648
 20
7.900127447714127
 10
16.725123312521447
 20
7.903395258625871
 10
16.7233481716232
 20
7.90662047677457
 10
16.7214944145486
 20
7.909801159409426
 10
16.68363675171156
 20
7.972962853965214
 10
16.68170549509449
 20
7.9760970851619675
 10
16.679697902251803
 20
7.979182976976908
 10
16.67761518248227
 20
7.982218670584196
 10
16.67545859033848
 20
7.985202337395513
 10
16.631592293816738
 20
8.04434919127737
 10
16.629363128354782
 20
8.04727903403613
 10
16.627062732335304
 20
8.050153287922157
 10
16.624692491430807
 20
8.052970221592382
 10
16.62225383338577
 20
8.05572813823131
 10
16.5728013580391
 20
8.110290536646517
 10
16.570295752236603
 20
8.112987774540208
 10
16.567724707555215
 20
8.115622709442455
 10
15.262167379505058
 20
9.421180059138202
 10
15.251763270713383
 20
9.462715589654913
 10
15.250824992649541
 20
9.466275476111903
 10
15.249799633190463
 20
9.469811263901278
 10
15.24868780997437
 20
9.473320823196673
 10
15.247490192721955
 20
9.476802039970806
 10
15.217735473110992
 20
9.559960910309961
 10
15.21645278322194
 20
9.5634116876085
 10
15.215085793340819
 20
9.566829946811744
 10
15.21363532689125
 20
9.570213628888162
 10
15.212102257579971
 20
9.573560695634193
 10
15.174339820412968
 20
9.653402660755553
 10
15.172725071703638
 20
9.656711096023322
 10
15.171029616260455
 20
9.659978906935159
 10
15.16925447536238
 20
9.663204125083965
 10
15.16740071828795
 20
9.66638480771892
 10
15.121994236477974
 20
9.742140945852249
 10
15.120062979861103
 20
9.745275177049116
 10
15.118055387018558
 20
9.748361068864163
 10
15.115972667249196
 20
9.751396762471558
 10
15.113816075105575
 20
9.754380429282996
 10
15.06120283789403
 20
9.82532116740557
 10
15.058973672426589
 20
9.828251010171677
 10
15.056673276401256
 20
9.831125264064774
 10
15.054303035490591
 20
9.833942197741784
 10
15.051864377439045
 20
9.836700114387185
 10
14.992551079062025
 20
9.902142254410386
 10
14.99004547282604
 20
9.904839492758363
 10
14.987474427689136
 20
9.907474428093352
 10
14.984839492352734
 20
9.910045473228827
 10
14.982142254003406
 20
9.912551079463341
 10
14.916700113947485
 20
9.971864377805097
 10
14.913942197300742
 20
9.974303035855137
 10
14.911125263622438
 20
9.976673276764288
 10
14.908251009728076
 20
9.978973672788065
 10
14.905321166960732
 20
9.981202838253907
 10
14.834380428809368
 20
10.033816075426863
 10
14.831396761996757
 20
10.035972667568863
 10
14.828361068388233
 20
10.038055387336556
 10
14.82527517657212
 20
10.04006298017741
 10
14.822140945374201
 20
10.041994236792583
 10
14.746384807216344
 20
10.087400718561163
 10
14.743204124580359
 20
10.089254475633872
 10
14.739978906430565
 20
10.091029616530179
 10
14.73671109551779
 20
10.092725071971586
 10
14.73340266024914
 20
10.094339820679131
 10
14.653560695107188
 20
10.132102257802615
 10
14.650213628360348
 20
10.133635327112067
 10
14.646829946283162
 20
10.135085793559782
 10
14.64341168707918
 20
10.136452783439012
 10
14.639960909779973
 20
10.137735473326181
 10
14.556802039424383
 20
10.167490192891933
 10
14.553320822649113
 20
10.168687810142615
 10
14.54981126335258
 20
10.169799633356945
 10
14.54627547556214
 20
10.170824992814204
 10
14.54271558910412
 20
10.171763270876191
 10
14.457040678915632
 20
10.193223718669138
 10
14.453458838132548
 20
10.19407435015222
 10
14.449857200591339
 20
10.194836822667817
 10
14.446237935783756
 20
10.195510676930994
 10
14.442603223819617
 20
10.196095507037136
 10
14.355237370018529
 20
10.20905500721355
 10
14.35158940031235
 20
10.209550460882873
 10
14.347930370264748
 20
10.209956239672614
 10
14.344262483938536
 20
10.210272099156796
 10
14.340587950731361
 20
10.210497849073484
 10
14.252372534248252
 20
10.214831594562305
 10
14.248693567561503
 20
10.214967098928184
 10
14.245012383467099
 20
10.21501227612049
 10
14.241331199372752
 20
10.21496709892618
 10
14.23765223268606
 20
10.214831594558298
 10
14.149436816205395
 20
10.210497849021422
 10
14.145762282998334
 20
10.210272099102731
 10
14.14209439667232
 20
10.209956239616552
 10
14.138435366624918
 20
10.209550460824822
 10
14.134787396919023
 20
10.209055007153509
 10
14.047421543124727
 20
10.19609550692946
 10
14.0437868311609
 20
10.195510676821335
 10
14.040167566353688
 20
10.194836822556184
 10
14.036565928812877
 20
10.194074350038626
 10
14.032984088030247
 20
10.19322371855359
 10
13.94730917785381
 20
10.171763270714038
 10
13.94374929139633
 20
10.170824992650118
 10
13.940213503606458
 20
10.169799633190934
 10
13.93670394431058
 20
10.1686878099747
 10
13.933222727535963
 20
10.167490192722127
 10
13.850063857196687
 20
10.137735473111142
 10
13.846613079898162
 20
10.136452783222097
 10
13.843194820694919
 20
10.135085793340991
 10
13.8398111386185
 20
10.13363532689143
 10
13.836464071872484
 20
10.13210225758015
 10
13.75662210675091
 20
10.094339820413083
 10
13.753313671483113
 20
10.09272507170374
 10
13.750045860571277
 20
10.091029616260549
 10
13.746820642422449
 20
10.089254475362488
 10
13.743639959787487
 20
10.087400718288045
 10
13.667883821654044
 20
10.041994236478004
 10
13.664749590457177
 20
10.04006297986112
 10
13.661663698642144
 20
10.038055387018574
 10
13.658628005034728
 20
10.035972667249233
 10
13.655644338223311
 20
10.033816075105591
 10
13.584703600100795
 20
9.981202837894095
 10
13.581773757334673
 20
9.978973672426662
 10
13.578899503441562
 20
9.976673276401328
 10
13.576082569764566
 20
9.974303035490642
 10
13.57332465311913
 20
9.971864377439111
 10
13.507882513095836
 20
9.912551079061991
 10
13.505185274747873
 20
9.910045472826006
 10
13.502550339412892
 20
9.907474427689102
 10
13.499979294277438
 20
9.904839492352728
 10
13.49747368804293
 20
9.902142254003394
 10
13.43816038970104
 20
9.836700113947344
 10
13.435721731650972
 20
9.83394219730058
 10
13.433351490741813
 20
9.831125263622255
 10
13.431051094718015
 20
9.828251009727872
 10
13.428821929252166
 20
9.82532116696052
 10
13.376208692079302
 20
9.75438042880922
 10
13.374052099937302
 20
9.75139676199663
 10
13.371969380169645
 20
9.748361068388114
 10
13.369961787328776
 20
9.745275176571987
 10
13.368030530713611
 20
9.742140945374103
 10
13.322624048945215
 20
9.666384807216545
 10
13.32077029187252
 20
9.66320412458056
 10
13.318995150976207
 20
9.659978906430773
 10
13.317299695534786
 20
9.656711095517998
 10
13.315684946827247
 20
9.653402660249334
 10
13.277922509703444
 20
9.573560695106671
 10
13.276389440393984
 20
9.570213628359788
 10
13.274938973946263
 20
9.566829946282567
 10
13.273571984067019
 20
9.563411687078563
 10
13.272289294179842
 20
9.559960909779313
 10
13.242534574614126
 20
9.47680203942356
 10
13.241336957363472
 20
9.473320822648333
 10
13.240225134149142
 20
9.469811263351886
 10
13.239199774691912
 20
9.466275475561503
 10
13.238261496629946
 20
9.462715589103531
 10
13.216801048837198
 20
9.377040678916075
 10
13.215950417354094
 20
9.373458838132969
 10
13.215187944838505
 20
9.369857200591717
 10
13.214514090575307
 20
9.366237935784106
 10
13.213929260469172
 20
9.362603223819931
 10
13.200969760292736
 20
9.275237370018544
 10
13.20047430662342
 20
9.271589400312394
 10
13.200068527833679
 20
9.267930370264786
 10
13.199752668349475
 20
9.264262483938616
 10
13.19952691843281
 20
9.260587950731448
 10
13.19519317294396
 20
9.17237253424814
 10
13.195057668578073
 20
9.168693567561363
 10
13.195012491385768
 20
9.165012383466951
 10
13.195057668580091
 20
9.161331199372569
 10
13.195193172947967
 20
9.157652232685862
 10
13.199526918484878
 20
9.069436816205304
 10
13.199752668403562
 20
9.065762282998278
 10
13.200068527889727
 20
9.0620943966723
 10
13.200474306681457
 20
9.058435366624941
 10
13.200969760352763
 20
9.054787396919075
 10
13.21392926057672
 20
8.96742154312507
 10
13.214514090684872
 20
8.963786831161194
 10
13.215187944950003
 20
8.960167566353938
 10
13.215950417467582
 20
8.956565928813085
 10
13.216801048952647
 20
8.95298408803042
 10
13.238261496792433
 20
8.867309177853258
 10
13.239199774856331
 20
8.863749291395777
 10
13.240225134315523
 20
8.860213503605927
 10
13.241336957531757
 20
8.856703944310055
 10
13.242534574784315
 20
8.85322272753546
 10
13.272289294395279
 20
8.770063857196305
 10
13.273571984284331
 20
8.766613079897773
 10
13.274938974165451
 20
8.76319482069453
 10
13.276389440614992
 20
8.759811138618119
 10
13.27792250992627
 20
8.756464071872081
 10
13.315684947093274
 20
8.676622106750713
 10
13.317299695802632
 20
8.673313671482944
 10
13.318995151245815
 20
8.670045860571108
 10
13.320770292143862
 20
8.666820642422294
 10
13.32262404921832
 20
8.66363995978734
 10
13.368030531028296
 20
8.58788382165401
 10
13.369961787645167
 20
8.584749590457143
 10
13.371969380487712
 20
8.581663698642096
 10
13.374052100257074
 20
8.578628005034702
 10
13.376208692400695
 20
8.575644338223263
 10
13.42882192961224
 20
8.50470360010069
 10
13.431051095079681
 20
8.501773757334583
 10
13.433351491105014
 20
8.498899503441486
 10
13.43572173201568
 20
8.496082569764475
 10
13.438160390067225
 20
8.493324653119075
 10
13.497473688444245
 20
8.427882513095874
 10
13.49997929468023
 20
8.425185274747896
 10
13.502550339817134
 20
8.422550339412908
 10
13.505185275153536
 20
8.419979294277432
 10
13.507882513502864
 20
8.417473688042918
 10
13.573324653558785
 20
8.358160389701162
 10
13.576082570205529
 20
8.355721731651123
 10
13.578899503883832
 20
8.353351490741971
 10
13.581773757778194
 20
8.351051094718194
 10
13.584703600545538
 20
8.348821929252352
 10
13.655644338696902
 20
8.296208692079396
 10
13.658628005509513
 20
8.294052099937396
 10
13.661663699118037
 20
8.291969380169704
 10
13.66474959093415
 20
8.28996178732885
 10
13.667883822132069
 20
8.288030530713677
 10
13.743639960289926
 20
8.242624048945096
 10
13.746820642925911
 20
8.240770291872387
 10
13.750045861075705
 20
8.23899515097608
 10
13.75331367198848
 20
8.237299695534674
 10
13.75662210725713
 20
8.235684946827128
 10
13.836464072399082
 20
8.197922509703645
 10
13.839811139145922
 20
8.196389440394192
 10
13.843194821223108
 20
8.194938973946478
 10
13.84661308042709
 20
8.193571984067248
 10
13.850063857726298
 20
8.192289294180078
 10
13.933222728081887
 20
8.162534574614327
 10
13.936703938239447
 20
8.161336959549843
 10
13.940213490814926
 20
8.160225138195578
 10
13.94374927179308
 20
8.159199780268601
 10
13.947309151359718
 20
8.15826150340385
 10
13.988844742303371
 20
8.147857371296809
 10
14.887740662823177
 20
7.248961315580793
 10
13.558115770737459
 20
5.9193364644394535
 10
10.304010922338477
 20
5.919336495472656
 10
7.931063276229253
 20
8.29228418551844
 10
7.93106327600762
 20
8.868961283810776
 10
7.931018098812899
 20
8.872642467904576
 10
7.930882594444654
 20
8.876321434590686
 10
7.930656844525629
 20
8.879995967797157
 10
7.930340985039123
 20
8.883663854122567
 10
7.929935206247109
 20
8.887322884169357
 10
7.929439752575547
 20
8.890970853874641
 10
7.928854922467195
 20
8.894605565837878
 10
7.928181068201837
 20
8.898224830644502
 10
7.9274185956841166
 20
8.901826468184709
 10
7.926567964198938
 20
8.905408308966734
 10
7.925629686134897
 20
8.908968195423618
 10
7.92460432667562
 20
8.912503983212872
 10
7.923492503459329
 20
8.916013542508146
 10
7.922294886206714
 20
8.919494759282152
 10
7.921012196317662
 20
8.92294553658008
 10
7.9196452064365985
 20
8.926363795782713
 10
7.9181947399870865
 20
8.929747477858527
 10
7.916661670675893
 20
8.933094544603968
 10
7.915046921966649
 20
8.936402979871183
 10
7.913351466523579
 20
8.939670790782472
 10
7.911576325625674
 20
8.942896008930745
 10
7.909722568551416
 20
8.946076691565175
 10
7.907791311934744
 20
8.949210922761488
 10
7.9057837190924545
 20
8.952296814576002
 10
7.903700999323377
 20
8.955332508182885
 10
7.90154440718004
 20
8.958316174993811
 10
7.899315241712884
 20
8.961246017759464
 10
7.897014845687863
 20
8.96412027165212
 10
7.89464460477754
 20
8.966937205328705
 10
7.892205946726335
 20
8.969695121973707
 10
7.889700340490748
 20
8.972392360321258
 10
7.887129295354271
 20
8.975027295655849
 10
7.884494360018323
 20
8.977598340790948
 10
7.881797121669422
 20
8.980103947025114
 10
7.879039205023133
 20
8.982542605074833
 10
7.876222271345313
 20
8.984912845983693
 10
7.873348017451434
 20
8.987213242007186
 10
7.870418174684602
 20
8.98944240747278
 10
7.867434507872531
 20
8.991598999614546
 10
7.864398814264547
 20
8.993681719382018
 10
7.861312922448974
 20
8.995689312222687
 10
7.858178691251652
 20
8.997620568837704
 10
7.854998008616235
 20
8.999474325910278
 10
7.851772790467038
 20
9.001249466806485
 10
7.848504979554832
 20
9.002944922247814
 10
7.845196544286779
 20
9.004559670955317
 10
7.8418494775405065
 20
9.006092740264734
 10
7.8384657954639465
 20
9.007543206712455
 10
7.835047536260589
 20
9.008910196591728
 10
7.831596758961979
 20
9.010192886478954
 10
7.828115542187334
 20
9.011390503729714
 10
7.824605982891484
 20
9.012502326944151
 10
7.821070195101669
 20
9.013527686401552
 10
7.817510308644302
 20
9.014465964463703
 10
7.813928467861814
 20
9.015316595946999
 10
7.810326830321202
 20
9.01607906846283
 10
7.806707565514245
 20
9.016752922726262
 10
7.803072853550674
 20
9.017337752832695
 10
7.799424883845148
 20
9.017833206502338
 10
7.7957658537981445
 20
9.01823898529242
 10
7.792097967472557
 20
9.018554844776972
 10
7.7884234342659795
 20
9.018780594694057
 10
7.784744467579799
 20
9.018916099060363
 10
7.781063283485963
 20
9.01896127625313
 10
6.081063483731455
 20
9.018961276007566
 10
6.077382299637421
 20
9.018916098813733
 10
6.073703332951055
 20
9.018780594446348
 10
6.070028799744307
 20
9.018554844528175
 10
6.066360913418606
 20
9.018238985042522
 10
6.062701883371503
 20
9.017833206251332
 10
6.059053913665878
 20
9.01733775258058
 10
6.0554192017022785
 20
9.016752922473025
 10
6.051799936895293
 20
9.016079068208462
 10
6.048198299354681
 20
9.015316595691502
 10
6.04461645857225
 20
9.01446596420707
 10
6.04105657211494
 20
9.013527686143775
 10
6.037520784325238
 20
9.012502326685237
 10
6.034011225029502
 20
9.011390503469642
 10
6.0305300082550275
 20
9.010192886217737
 10
6.027079230956616
 20
9.00891019632936
 10
6.023660971753472
 20
9.007543206448943
 10
6.020277289677139
 20
9.00609274000007
 10
6.016930222931165
 20
9.004559670689503
 10
6.013621787663411
 20
9.002944921980863
 10
6.01035397675156
 20
9.00124946653839
 10
6.007128758602732
 20
8.999474325641046
 10
6.003948075967713
 20
8.997620568567328
 10
6.000813844770818
 20
8.995689311951196
 10
5.9977279529556995
 20
8.993681719109404
 10
5.994692259348213
 20
8.991598999340816
 10
5.991708592536668
 20
8.989442407197942
 10
5.98877874977039
 20
8.987213241731254
 10
5.985904495877108
 20
8.984912845706667
 10
5.983087562199884
 20
8.982542604796734
 10
5.980329645554235
 20
8.980103946745949
 10
5.9776324072060305
 20
8.977598340510731
 10
5.974997471870779
 20
8.975027295374588
 10
5.972426426735026
 20
8.972392360038967
 10
5.969920820500192
 20
8.9696951216904
 10
5.967482162449812
 20
8.966937205044403
 10
5.965111921540284
 20
8.964120271366838
 10
5.962811525516102
 20
8.961246017473215
 10
5.960582360049841
 20
8.958316174706617
 10
5.9584257679074
 20
8.95533250789476
 10
5.956343048139246
 20
8.952296814286974
 10
5.954335455297908
 20
8.949210922471572
 10
5.952404198682217
 20
8.946076691274392
 10
5.950550441608968
 20
8.94289600863911
 10
5.948775300712086
 20
8.93967079049002
 10
5.947079845270082
 20
8.936402979577927
 10
5.945465096561918
 20
8.933094544309938
 10
5.943932027251833
 20
8.929747477563744
 10
5.942481560803458
 20
8.926363795487198
 10
5.941114570923531
 20
8.922945536283862
 10
5.9398318810356585
 20
8.919494758985259
 10
5.938634263784252
 20
8.916013542210607
 10
5.937522440569168
 20
8.912503982914714
 10
5.936497081111142
 20
8.908968195124864
 10
5.935558803048352
 20
8.905408308667418
 10
5.934708171564452
 20
8.901826467884867
 10
5.933945699047996
 20
8.898224830344148
 10
5.93327184478396
 20
8.894605565537063
 10
5.9326870146769295
 20
8.890970853573386
 10
5.932191561006704
 20
8.88732288386769
 10
5.931785782216053
 20
8.883663853820522
 10
5.931469922730926
 20
8.879995967494771
 10
5.93124417281328
 20
8.876321434287995
 10
5.931108668446427
 20
8.872642467601608
 10
5.931063491253127
 20
8.868961283507566
 10
5.931063491253127
 20
7.1689614837531295
 10
5.931108668443542
 20
7.165280299776924
 10
5.931244172801712
 20
7.161601333208154
 10
5.93146992270492
 20
7.157926800118574
 10
5.93178578216984
 20
7.1542589139093735
 10
5.9321915609345695
 20
7.150599883977918
 10
5.932687014573162
 20
7.146951914386868
 10
5.933271844642903
 20
7.143317202536565
 10
5.9339456988640364
 20
7.139697937841369
 10
5.934708171332019
 20
7.13609630041087
 10
5.93555880276196
 20
7.132514459736633
 10
5.936497080765335
 20
7.128954573385414
 10
5.937522440158588
 20
7.125418785699495
 10
5.938634263303598
 20
7.121909226505039
 10
5.93983188047973
 20
7.118428009829124
 10
5.941114570287226
 20
7.114977232626387
 10
5.9424815600817595
 20
7.111558973515834
 10
5.943932026439825
 20
7.108175291528809
 10
5.945465095654811
 20
7.10482822486869
 10
5.947079844263186
 20
7.101519789683145
 10
5.94877529960084
 20
7.098251978849689
 10
5.950550440388923
 20
7.095026760775255
 10
5.952404197349097
 20
7.09184607821048
 10
5.954335453847548
 20
7.0887118470794945
 10
5.956343046567639
 20
7.085625955325817
 10
5.9584257662106666
 20
7.082590261775117
 10
5.960582358224272
 20
7.079606595015569
 10
5.962811523558173
 20
7.076676752296343
 10
5.965111919446585
 20
7.073802498445033
 10
5.967482160217145
 20
7.070985564804566
 10
5.96992081812553
 20
7.06822764819033
 10
5.972426424215499
 20
7.06553040986806
 10
5.974997469203728
 20
7.062895474553166
 10
5.977632404388956
 20
7.060324429432036
 10
5.980329642584863
 20
7.057818823206034
 10
5.983087559076097
 20
7.055380165158553
 10
5.9859044925970295
 20
7.05300992424592
 10
5.988778746332315
 20
7.050709528212543
 10
5.991708588939119
 20
7.048480362730885
 10
5.9946922555898965
 20
7.046323770566794
 10
5.99772794903555
 20
7.044241050770658
 10
6.000813840687982
 20
7.04223345789493
 10
6.003948071721567
 20
7.040302201238411
 10
6.007128754192834
 20
7.038448444117826
 10
6.0103539721777395
 20
7.036673303167063
 10
6.013621782925682
 20
7.0349778476646065
 10
6.016930218029799
 20
7.033363098889367
 10
6.02027728461259
 20
7.031830029505578
 10
6.023660966526464
 20
7.030379562976847
 10
6.027079225568073
 20
7.029012573009922
 10
6.030530002706129
 20
7.0277298830283925
 10
6.034011219321627
 20
7.026532265676678
 10
6.037520778460021
 20
7.025420442354658
 10
6.041056566094213
 20
7.02439508278308
 10
6.044616452398117
 20
7.0234568046001655
 10
6.048198293029458
 20
7.022606172989576
 10
6.051799930421495
 20
7.02184370033995
 10
6.055419195082706
 20
7.021169845936278
 10
6.0590539069035145
 20
7.020585015683217
 10
6.062701876469575
 20
7.020089561860637
 10
6.066360906380567
 20
7.019683782911365
 10
6.0700287925738365
 20
7.0193679232614485
 10
6.073703325652033
 20
7.019142173172931
 10
6.077382292213969
 20
7.019006668629196
 10
6.081063476187893
 20
7.01896149125313
  0
LWPOLYLINE
  5
32
330
17
100
AcDbEntity
  8
0
100
AcDbPolyline
 90
711
 70
0
 10
5.030563276336849
 20
8.937856945931934
 10
5.035781454624711
 20
9.013022268992046
 10
5.0807536863211595
 20
9.204234369572632
 10
5.159390825821916
 20
9.38232867827363
 10
5.269416661116651
 20
9.542945778623185
 10
5.4070790028856806
 20
9.680608118074488
 10
5.573439380885816
 20
9.794568207605579
 10
5.577431100637625
 20
9.796791388746769
 10
5.580625632114987
 20
9.798622304492326
 10
5.583774261405765
 20
9.80053107829152
 10
5.5868750913159175
 20
9.80251656002033
 10
5.589926253452802
 20
9.80457755333466
 10
5.592925909350811
 20
9.806712816391212
 10
5.595872251579294
 20
9.808921062595758
 10
5.598763504831481
 20
9.811200961378368
 10
5.601597926994259
 20
9.813551138995123
 10
5.604373810197899
 20
9.81597017935588
 10
5.604583473938234
 20
9.816162145666965
 10
5.625621641672851
 20
9.829394366127943
 10
5.628697077760393
 20
9.831381494977364
 10
5.631723094634779
 20
9.83344309873867
 10
5.63469788919484
 20
9.83557794897186
 10
5.637619688861051
 20
9.837784773591828
 10
5.64048675263173
 20
9.840062257626379
 10
5.643297372120472
 20
9.842409043999737
 10
5.646049872574139
 20
9.84482373434124
 10
5.6487426138707235
 20
9.84730488981851
 10
5.651373991496712
 20
9.849851031994866
 10
5.6539424375030904
 20
9.852460643710238
 10
5.656446421439725
 20
9.855132169985204
 10
5.658884451267198
 20
9.857864018947552
 10
5.661255074245929
 20
9.860654562780823
 10
5.663556877801838
 20
9.863502138694258
 10
5.723705854693918
 20
9.939799109534391
 10
5.725949447850908
 20
9.942718007519915
 10
5.728120730541534
 20
9.945691087939508
 10
5.730218394816262
 20
9.948716559852208
 10
5.7322411770722255
 20
9.951792600757159
 10
5.734187858814451
 20
9.954917357691464
 10
5.736057267389782
 20
9.9580889483464
 10
5.737848276693327
 20
9.961305462201274
 10
5.739559807846788
 20
9.964564961674313
 10
5.741190829848364
 20
9.967865483289806
 10
5.742740360193807
 20
9.971205038860916
 10
5.744207465468293
 20
9.974581616687296
 10
5.745591261908643
 20
9.977993182766923
 10
5.746890915935751
 20
9.981437682021358
 10
5.74810564465669
 20
9.984913039533694
 10
5.749234716336289
 20
9.988417161798438
 10
5.750277450838013
 20
9.991947937982637
 10
5.7766494399438955
 20
10.085454899701425
 10
5.777605168203436
 20
10.089010042830765
 10
5.778473363297152
 20
10.092587569414235
 10
5.779253502283723
 20
10.096185324594593
 10
5.779945115260816
 20
10.099801141330289
 10
5.780547785648068
 20
10.103432841700709
 10
5.7810611504380915
 20
10.107078238218037
 10
5.781484900415066
 20
10.110735135144829
 10
5.781818780340984
 20
10.114401329816594
 10
5.7820625891094295
 20
10.118074613968496
 10
5.782216179866666
 20
10.121752775065495
 10
5.78227946010017
 20
10.125433597635002
 10
5.782252391694215
 20
10.129114864601362
 10
5.782134990952983
 20
10.132794358621211
 10
5.7819273285906405
 20
10.136469863419123
 10
5.781629529688786
 20
10.140139165122477
 10
5.78124177362109
 20
10.143800053594987
 10
5.769823777069234
 20
10.240281024050802
 10
5.76934626768508
 20
10.2439315015258
 10
5.768779312136871
 20
10.247569160445188
 10
5.7681232519586985
 20
10.251191809482847
 10
5.767378482361281
 20
10.254797266354615
 10
5.76654545199392
 20
10.2583833591329
 10
5.7656246626741705
 20
10.261947927555035
 10
5.764616669085626
 20
10.265488824324628
 10
5.763522078443728
 20
10.269003916405083
 10
5.760610700412869
 20
10.277964428840875
 10
5.731063276328371
 20
10.464511162053682
 10
5.731063277532257
 20
10.653412676310055
 10
5.760610634871895
 20
10.839959861624479
 10
5.818981530737503
 20
11.019606785501772
 10
5.847926442753689
 20
11.076413184710574
 10
6.000589236604341
 20
10.923750106178012
 10
5.976432591400112
 20
10.85623680555937
 10
5.975234974149487
 20
10.85275558878407
 10
5.974123150935213
 20
10.849246029487546
 10
5.973097791478011
 20
10.845710241697091
 10
5.972159513416088
 20
10.842150355239049
 10
5.951891312856702
 20
10.761235162812525
 10
5.951040681373669
 20
10.757653322029427
 10
5.950278208858123
 20
10.75405168448819
 10
5.94960435459501
 20
10.750432419680592
 10
5.949019524488932
 20
10.746797707716432
 10
5.936779996625958
 20
10.664285512999477
 10
5.936284542956685
 20
10.660637543293312
 10
5.935878764167015
 20
10.656978513245697
 10
5.935562904682882
 20
10.653310626919513
 10
5.935337154766259
 20
10.649636093712338
 10
5.931244172943835
 20
10.566321534246015
 10
5.93110866857802
 20
10.562642567559251
 10
5.931063491385771
 20
10.558961383464862
 10
5.931108668580137
 20
10.5552801993705
 10
5.931244172948084
 20
10.551601232683815
 10
5.935337154818583
 20
10.468286673219374
 10
5.935562904737324
 20
10.46461214001232
 10
5.935878764223574
 20
10.460944253686307
 10
5.936284543015361
 20
10.45728522363892
 10
5.936779996686724
 20
10.453637253933024
 10
5.949019524597318
 20
10.371125059223111
 10
5.9496043547054995
 20
10.367490347259292
 10
5.950278208970715
 20
10.363871082452093
 10
5.9510406814883225
 20
10.360269444911303
 10
5.951891312973416
 20
10.356687604128695
 10
5.972159513579413
 20
10.27577241171415
 10
5.973097791643397
 20
10.272212525256656
 10
5.974123151102646
 20
10.26867673746679
 10
5.975234974318937
 20
10.265167178170913
 10
5.97643259157158
 20
10.261685961396303
 10
6.004534271021583
 20
10.183147028812463
 10
6.005816960910678
 20
10.179696251513967
 10
6.007183950791827
 20
10.176277992310766
 10
6.0086344172414385
 20
10.172894310234398
 10
6.01016748655276
 20
10.16954724348841
 10
6.045832010311543
 20
10.09414094359014
 10
6.047446759020957
 20
10.090832508322364
 10
6.049142214464197
 20
10.087564697410528
 10
6.05091735536233
 20
10.084339479261722
 10
6.0527711124368295
 20
10.081158796626767
 10
6.095655011644666
 20
10.009611333302914
 10
6.097586268261594
 20
10.006477102106103
 10
6.099593861104168
 20
10.003391210291106
 10
6.1016765808735585
 20
10.000355516683761
 10
6.103833173017222
 20
9.99737184987238
 10
6.153523452281689
 20
9.930372264307081
 10
6.155752617749187
 20
9.927442421540995
 10
6.158053013774563
 20
9.92456816764792
 10
6.160423254685298
 20
9.921751233970937
 10
6.162861912736886
 20
9.918993317325551
 10
6.218880027505335
 20
9.857186852153262
 10
6.221385633741363
 20
9.854489613805342
 10
6.223956678878309
 20
9.851854678470403
 10
6.226591614214726
 20
9.849283633334977
 10
6.229288852564096
 20
9.846778027100513
 10
6.2910953177687645
 20
9.790759912367648
 10
6.293853234415565
 20
9.788321254317644
 10
6.296670168093925
 20
9.785951013408521
 10
6.29954442198833
 20
9.783650617384787
 10
6.302474264755716
 20
9.781421451918987
 10
6.369473850349834
 20
9.731731172693074
 10
6.372457517162459
 20
9.729574580551123
 10
6.375493210771012
 20
9.727491860783488
 10
6.378579102587167
 20
9.725484267942683
 10
6.3817133337851
 20
9.723553011327567
 10
6.453260797133254
 20
9.680669112161283
 10
6.456441479769268
 20
9.67881535508863
 10
6.45966669791909
 20
9.677040214192374
 10
6.462934508831893
 20
9.675344758751017
 10
6.466242944100571
 20
9.673730010043528
 10
6.541649244019482
 20
9.638065486328188
 10
6.544996310766351
 20
9.636532417018792
 10
6.548379992843564
 20
9.635081950571127
 10
6.5517982520475755
 20
9.633714960691947
 10
6.555249029346811
 20
9.632432270804827
 10
6.633787961946894
 20
9.604330591400121
 10
6.6372691787221925
 20
9.603132974149503
 10
6.640778738018724
 20
9.602021150935222
 10
6.644314525809165
 20
9.60099579147802
 10
6.647874412267214
 20
9.600057513416097
 10
6.728789604693759
 20
9.579789312856697
 10
6.7323714454768435
 20
9.578938681373664
 10
6.735973083018081
 20
9.578176208858125
 10
6.739592347825663
 20
9.577502354595012
 10
6.743227059789831
 20
9.576917524488927
 10
6.825739254506601
 20
9.564677996625967
 10
6.82938722421278
 20
9.5641825429567
 10
6.83304625426041
 20
9.563776764167024
 10
6.836714140586594
 20
9.563460904682898
 10
6.840388673793768
 20
9.563235154766268
 10
6.923703233260397
 20
9.55914217294383
 10
6.927382199947175
 20
9.559006668578014
 10
6.9310633840415505
 20
9.558961491385766
 10
6.934744568135926
 20
9.559006668580139
 10
6.938423534822618
 20
9.559142172948079
 10
7.021738094286803
 20
9.563235154818571
 10
7.025412627493864
 20
9.563460904737319
 10
7.029080513819849
 20
9.563776764223554
 10
7.032739543867223
 20
9.564182543015349
 10
7.036387513573118
 20
9.564677996686719
 10
7.118899708283095
 20
9.576917524597313
 10
7.122534420246922
 20
9.577502354705494
 10
7.126153685054135
 20
9.578176208970703
 10
7.129755322594946
 20
9.578938681488324
 10
7.1333371633775755
 20
9.579789312973418
 10
7.21425235579207
 20
9.600057513579422
 10
7.217812242249522
 20
9.600995791643399
 10
7.2213480300393655
 20
9.602021151102633
 10
7.224857589335215
 20
9.603132974318925
 10
7.228338806109804
 20
9.604330591571546
 10
7.306877738693572
 20
9.632432271021486
 10
7.310328511458124
 20
9.63371495916165
 10
7.3137467662159565
 20
9.635081947072386
 10
7.317130443943654
 20
9.636532411333455
 10
7.3204775064456555
 20
9.638065478241735
 10
7.363865159797058
 20
9.658586303120536
 10
8.477069599328019
 20
9.658586285313966
 10
8.592711055264061
 20
9.542944827430922
 10
8.702735686345846
 20
9.382329076846695
 10
8.781372906254234
 20
9.204231949366289
 10
8.82634713311316
 20
9.01300893275058
 10
8.831563491255338
 20
8.937857773076402
 10
8.831563491301011
 20
8.830025393297923
 10
8.831608668674221
 20
8.82634420193903
 10
8.831744173577448
 20
8.82266522800095
 10
8.831969924387295
 20
8.818990687568771
 10
8.832285785119353
 20
8.81532279405699
 10
8.832691565510203
 20
8.811663756876221
 10
8.833187021131948
 20
8.808015780102345
 10
8.833771853539446
 20
8.804381061148838
 10
8.834445710450154
 20
8.80076178944313
 10
8.853399704736518
 20
8.705473818648585
 10
8.854162163672981
 20
8.701872248101125
 10
8.855012778304626
 20
8.698290473570722
 10
8.855951036271989
 20
8.694730652504326
 10
8.856976372424583
 20
8.691194929125388
 10
8.858088169161192
 20
8.687685433142391
 10
8.859285756801853
 20
8.684204278465984
 10
8.86056841399136
 20
8.68075356193571
 10
8.861935368133686
 20
8.677335362056986
 10
8.863385795857369
 20
8.67395173774915
 10
8.864918823511374
 20
8.670604727105278
 10
8.866533527691473
 20
8.667296346164562
 10
8.868228935796395
 20
8.66402858769797
 10
8.870004026613572
 20
8.660803420007923
 10
8.871857730934408
 20
8.657622785742703
 10
8.873788932198153
 20
8.654488600726317
 10
8.875796467164633
 20
8.6514027528045
 10
8.929772450679224
 20
8.570620777563228
 10
8.93185522402419
 20
8.567584963745823
 10
8.934011875252253
 20
8.564601179936489
 10
8.936241105186042
 20
8.561671223581406
 10
8.938541570926361
 20
8.558796859700827
 10
8.94091188666124
 20
8.55597981982583
 10
8.94335062450071
 20
8.553221800955207
 10
8.94585631533701
 20
8.550524464533233
 10
8.948427449729508
 20
8.547889435448745
 10
10.559991435830824
 20
6.936325449415172
 10
10.56262646493468
 20
6.93375431500445
 10
10.565323801376906
 20
6.931248624150896
 10
10.568081820268617
 20
6.928809886295149
 10
10.570898860165528
 20
6.926439570545007
 10
10.573773224068788
 20
6.924139104790484
 10
10.57670318044731
 20
6.921909874843578
 10
10.579686964280768
 20
6.9197532236035
 10
10.582722778122957
 20
6.917670450247677
 10
10.663504753431425
 20
6.863694466858803
 10
10.666590601356148
 20
6.861686931896841
 10
10.669724786375355
 20
6.8597557306376515
 10
10.672905420643275
 20
6.857902026321469
 10
10.676130588335894
 20
6.856126935509003
 10
10.679398346804959
 20
6.85443152740887
 10
10.682706727748013
 20
6.852816823233596
 10
10.686053738394122
 20
6.851283795584472
 10
10.68943736270407
 20
6.849833367865756
 10
10.692855562584782
 20
6.84846641372841
 10
10.696306279116925
 20
6.847183756543934
 10
10.699787433795052
 20
6.845986168908354
 10
10.703296929779668
 20
6.844874372176889
 10
10.706832653160092
 20
6.843849036029461
 10
10.71039247422786
 20
6.842910778067278
 10
10.713974248759484
 20
6.842060163440877
 10
10.717575819308053
 20
6.841297704509664
 10
10.812863790144064
 20
6.82234371035959
 10
10.816483061831718
 20
6.821669853457465
 10
10.820117780766907
 20
6.821085021057627
 10
10.82376575752221
 20
6.8205895654426385
 10
10.827424794684191
 20
6.820183785057601
 10
10.831092688176994
 20
6.81986792433041
 10
10.834767228590067
 20
6.819642173524514
 10
10.83844620250892
 20
6.819506668624285
 10
10.842127393848529
 20
6.819461491253136
 10
12.922332380643951
 20
6.819461491263837
 10
12.92560416365265
 20
6.819497177390822
 10
12.928874389897771
 20
6.819604218791753
 10
12.932141503356434
 20
6.819782564534719
 10
12.964643486995726
 20
6.821912563519106
 10
12.96820291731251
 20
6.822188405337201
 10
12.971754774709922
 20
6.822548879909412
 10
12.975297047157937
 20
6.8229937830367575
 10
12.978827728056189
 20
6.8235228626937925
 10
12.982344817370546
 20
6.824135819171374
 10
12.985846322766236
 20
6.8248323052464315
 10
12.989330260736239
 20
6.82561192637867
 10
12.992794657725085
 20
6.826474240934054
 10
12.99623755124668
 20
6.827418760434995
 10
12.999656990996073
 20
6.828444949837035
 10
13.003051039954272
 20
6.829552227831982
 10
13.095050008629329
 20
6.860782217297647
 10
13.098521334551066
 20
6.862008304359222
 10
13.10196152501166
 20
6.863319213483628
 10
13.10536850773292
 20
6.8647141550144894
 10
13.108740230440162
 20
6.866192288676565
 10
13.112074662098365
 20
6.86775272408191
 10
13.115369794135631
 20
6.869394521266244
 10
13.118623641653102
 20
6.871116691255118
 10
13.121834244620572
 20
6.872918196659683
 10
13.124999669057274
 20
6.874797952301549
 10
13.128118008196651
 20
6.87675482586652
 10
13.131187383635165
 20
6.878787638586616
 10
13.134205946463624
 20
6.8808951659501645
 10
13.137171878381025
 20
6.883076138439392
 10
13.140083392789819
 20
6.885329242295164
 10
13.142938735872065
 20
6.887653120308364
 10
13.145736187645923
 20
6.8900463726374
 10
13.218780157660404
 20
6.954105346465269
 10
13.221517931272189
 20
6.9565664377348
 10
13.224194483905933
 20
6.959093974200428
 10
13.226808203399543
 20
6.961686433456627
 10
13.229357515437016
 20
6.96434225399306
 10
13.231840884496876
 20
6.967059836135142
 10
13.234256814776757
 20
6.969837543007543
 10
13.236603851094713
 20
6.9726737015201365
 10
13.238880579765407
 20
6.975566603375746
 10
13.241085629451902
 20
6.978514506099117
 10
13.243217671991374
 20
6.981515634086421
 10
13.245275423195295
 20
6.984568179674781
 10
13.247257643622874
 20
6.987670304231074
 10
13.249163139327635
 20
6.990820139259377
 10
13.250990762576436
 20
6.994015787526415
 10
13.252739412541018
 20
6.997255324204353
 10
13.254408035960836
 20
7.000536798030112
 10
13.297379018273034
 20
7.08767276237586
 10
13.298966674739006
 20
7.090994336459133
 10
13.300472336458796
 20
7.094353873663891
 10
13.301895096454643
 20
7.097749350278278
 10
13.303234097686982
 20
7.101178720941299
 10
13.30448853357072
 20
7.104639919874941
 10
13.30565764846105
 20
7.108130862128519
 10
13.306740738108687
 20
7.11164944483464
 10
13.30773715008408
 20
7.115193548475887
 10
13.30864628417038
 20
7.118761038161601
 10
13.309467592725099
 20
7.122349764913885
 10
13.310200581009894
 20
7.125957566962086
 10
13.310844807488593
 20
7.12958227104501
 10
13.311399884093248
 20
7.133221693720046
 10
13.311865476457825
 20
7.136873642678431
 10
13.312241304119652
 20
7.140535918065844
 10
13.31252714068836
 20
7.14420631380753
 10
13.318881137991497
 20
7.2411532740969875
 10
13.3190768104337
 20
7.244829558417365
 10
13.319182202753638
 20
7.248509537570541
 10
13.319197251465994
 20
7.252190994842479
 10
13.319121947505892
 20
7.255871712628796
 10
13.318956336234208
 20
7.2595494737705195
 10
13.318700517410491
 20
7.263222062889703
 10
13.318354645132644
 20
7.2668872677238525
 10
13.317918927744216
 20
7.270542880458585
 10
13.317393627708896
 20
7.274186699057495
 10
13.316779061452365
 20
7.277816528588652
 10
13.316075599171711
 20
7.281430182546714
 10
13.315283664612508
 20
7.285025484170056
 10
13.314403734813425
 20
7.288600267751981
 10
13.313436339818992
 20
7.29215237994525
 10
13.312382062360172
 20
7.295679681059241
 10
13.311241537503577
 20
7.299180046348802
 10
13.280011550208513
 20
7.391179008629493
 10
13.278785463148466
 20
7.394650334547066
 10
13.277474554025787
 20
7.3980905250035605
 10
13.276079612496858
 20
7.401497507720819
 10
13.274601478836928
 20
7.404869230424147
 10
13.273041043433892
 20
7.408203662078542
 10
13.27139924625206
 20
7.411498794112106
 10
13.269677076265907
 20
7.414752641625981
 10
13.26787557086422
 20
7.417963244589998
 10
13.26599581522541
 20
7.421128669023339
 10
13.26403894166367
 20
7.424247008159519
 10
13.262006128946979
 20
7.427316383594956
 10
13.259898601586997
 20
7.430334946420501
 10
13.257717629101506
 20
7.433300878335146
 10
13.255464525249607
 20
7.436212392741332
 10
13.253140647240429
 20
7.439067735821126
 10
13.25074739491555
 20
7.441865187592704
 10
13.186688414491897
 20
7.5149091651978
 10
13.184227369358041
 20
7.517646888739506
 10
13.181699881457831
 20
7.520323393597671
 10
13.179107473111173
 20
7.522937067698599
 10
13.176451705740021
 20
7.5254863368118805
 10
13.17373417892776
 20
7.527969665498603
 10
13.17095652945585
 20
7.530385558036137
 10
13.168120430317998
 20
7.532732559319022
 10
13.165227589712401
 20
7.535009255735375
 10
12.956194420124774
 20
7.69540622970522
 10
12.853452331644888
 20
7.798148318121626
 10
12.850817302544186
 20
7.800719452527865
 10
12.848119966105344
 20
7.803225143377119
 10
12.845361947217185
 20
7.805663881228753
 10
12.842544907323997
 20
7.808034196974958
 10
12.83967054342466
 20
7.810334662725751
 10
12.83674058705023
 20
7.812563892669132
 10
12.833756803221036
 20
7.814720543905885
 10
12.830720989383252
 20
7.8168033172585965
 10
12.749939014074783
 20
7.870779300647463
 10
12.74685316615006
 20
7.872786835609432
 10
12.743718981130854
 20
7.874718036868622
 10
12.740538346862934
 20
7.876571741184797
 10
12.737313179170314
 20
7.87834683199727
 10
12.73404542070125
 20
7.880042240097396
 10
12.730737039758196
 20
7.88165694427267
 10
12.727390029112087
 20
7.883189971921794
 10
12.724006404802168
 20
7.88464039964051
 10
12.720588204921455
 20
7.886007353777849
 10
12.717137488389312
 20
7.887290010962332
 10
12.713656333711157
 20
7.888487598597912
 10
12.710146837726569
 20
7.88959939532937
 10
12.706611114346146
 20
7.890624731476805
 10
12.703051293278378
 20
7.891562989438981
 10
12.699469518746753
 20
7.892413604065382
 10
12.695867948198185
 20
7.893176062996588
 10
12.600579977362173
 20
7.912130057146669
 10
12.596960738771685
 20
7.912803908305875
 10
12.593326053195625
 20
7.91338873659074
 10
12.589678110001358
 20
7.913884189727611
 10
12.586019106541954
 20
7.914289969278315
 10
12.582351246832786
 20
7.91460583081993
 10
12.578676740223784
 20
7.914831584091985
 10
12.574997800068616
 20
7.914967093111109
 10
12.571316642391565
 20
7.915012276252888
 10
12.10501230925314
 20
7.915013111662333
 10
12.105012353253073
 20
8.115012491309834
 10
12.605012283809828
 20
8.115012491498845
 10
12.608693467903635
 20
8.115057668693531
 10
12.61237243458973
 20
8.115193173061762
 10
12.616046967796194
 20
8.115418922980766
 10
12.61971485412161
 20
8.115734782467236
 10
12.623373884168387
 20
8.116140561259229
 10
12.627021853873686
 20
8.11663601493077
 10
12.630656565836915
 20
8.1172208450391
 10
12.634275830643531
 20
8.11789469930443
 10
12.637877468183746
 20
8.118657171822136
 10
12.641459308965779
 20
8.1195078033073
 10
12.645019195422663
 20
8.120446081371313
 10
12.648554983211909
 20
8.121471440830554
 10
12.65206454250719
 20
8.122583264046824
 10
12.65554575928121
 20
8.123780881299403
 10
12.658996536579139
 20
8.125063571188427
 10
12.662414795781785
 20
8.126430561069476
 10
12.665798477857606
 20
8.127881027518967
 10
12.669145544603055
 20
8.129414096830132
 10
12.672453979870255
 20
8.131028845539355
 10
12.67572179078158
 20
8.132724300982389
 10
12.678947008929839
 20
8.13449944188028
 10
12.68212769156429
 20
8.136353198954517
 10
12.685261922760617
 20
8.13828445557116
 10
12.688347814575138
 20
8.140292048413436
 10
12.691383508182014
 20
8.142374768182492
 10
12.694367174992976
 20
8.144531360325807
 10
12.697297017758643
 20
8.146760525792928
 10
12.7001712716513
 20
8.149060921817927
 10
12.702988205327898
 20
8.151431162728244
 10
12.705746121972908
 20
8.153869820779406
 10
12.708443360320473
 20
8.156375427014972
 10
12.711078295655085
 20
8.158946472151442
 10
12.713649340790198
 20
8.161581407487368
 10
12.716154947024393
 20
8.164278645836227
 10
12.718593605074119
 20
8.167036562482501
 10
12.720963845982993
 20
8.169853496160322
 10
12.723264242006508
 20
8.172727750054172
 10
12.725493407472129
 20
8.175657592820983
 10
12.727649999613902
 20
8.178641259633032
 10
12.729732719381389
 20
8.181676953240988
 10
12.731740312222087
 20
8.184762845056547
 10
12.733671568837138
 20
8.187897076253861
 10
12.73552532590972
 20
8.191077758889257
 10
12.737300466805948
 20
8.194302977038454
 10
12.738995922247312
 20
8.197570787950625
 10
12.740610670954823
 20
8.20087922321867
 10
12.742143740264282
 20
8.204226289964907
 10
12.743594206712032
 20
8.207609972041475
 10
12.744961196591305
 20
8.211028231244818
 10
12.746243886478567
 20
8.214479008543414
 10
12.747441503729334
 20
8.217960225318038
 10
12.748553326943806
 20
8.221469784613888
 10
12.749578686401236
 20
8.225005572403674
 10
12.75051696446343
 20
8.228565458861041
 10
12.751367595946732
 20
8.232147299643508
 10
12.752130068462606
 20
8.235748937184113
 10
12.75280392272606
 20
8.239368201991077
 10
12.753388752832507
 20
8.243002913954612
 10
12.753884206502192
 20
8.246650883660159
 10
12.754289985292303
 20
8.250309913707149
 10
12.754605844776876
 20
8.253977800032722
 10
12.754831594693997
 20
8.257652333239307
 10
12.754967099060337
 20
8.261331299925487
 10
12.755012276253126
 20
8.265012484019302
 10
12.75501227600762
 20
10.065012283773584
 10
12.754967098823556
 20
10.068693467471121
 10
12.754831594485381
 20
10.072372433761714
 10
12.754605844615838
 20
10.076046966574111
 10
12.754289985198199
 20
10.079714852507621
 10
12.753884206494291
 20
10.08337388216539
 10
12.753388752929993
 20
10.08702185148524
 10
12.752803922947919
 20
10.090656563067341
 10
12.752130068827768
 20
10.094275827497817
 10
12.751367596473898
 20
10.097877464667576
 10
12.75051696517113
 20
10.101459305085527
 10
12.749578687307746
 20
10.105019191185406
 10
12.748553328067231
 20
10.1085549786254
 10
12.747441505087409
 20
10.112064537579819
 10
12.746243888088827
 20
10.115545754022044
 10
12.744961198470946
 20
10.118996530997919
 10
12.743594208877909
 20
10.122414789888857
 10
12.742143742732935
 20
10.125798471663977
 10
12.740610673742424
 20
10.129145538120333
 10
12.738995925369608
 20
10.132453973110692
 10
12.737300470278285
 20
10.135721783757944
 10
12.73552532974702
 20
10.138947001655573
 10
12.73367157305384
 20
10.142127684053342
 10
12.73174031683223
 20
10.145261915027518
 10
12.729732724398474
 20
10.148347806634966
 10
12.727650005050918
 20
10.151383500050372
 10
12.725493413341582
 20
10.154367166685923
 10
12.723264248320334
 20
10.157297009292797
 10
12.72096385275259
 20
10.160171263043743
 10
12.718593612310286
 20
10.162988196596146
 10
12.716154954737334
 20
10.16574611313493
 10
12.713649348989577
 20
10.168443351394664
 10
12.711078304349883
 20
10.171078286660219
 10
12.708443369519074
 20
10.173649331745466
 10
12.705746131683043
 20
10.176154937949313
 10
12.702988215556616
 20
10.178593595988602
 10
12.700171282404995
 20
10.180963836907232
 10
12.697297029043028
 20
10.183264232961008
 10
12.69436718681311
 20
10.185493398477668
 10
12.691383520542217
 20
10.187649990691547
 10
12.688347827478992
 20
10.189732710552413
 10
12.68526193621102
 20
10.19174030350797
 10
12.682127705563403
 20
10.193671560259553
 10
12.678947023479111
 20
10.195525317490564
 10
12.675721805881636
 20
10.197300458567199
 10
12.672453995521067
 20
10.198995914211089
 10
12.66914556080377
 20
10.200610663143358
 10
12.665798494606634
 20
10.202143732699845
 10
12.662414813076794
 20
10.203594199416976
 10
12.658996554417001
 20
10.204961189588019
 10
12.655545777658006
 20
10.206243879789398
 10
12.652064561418314
 20
10.207441497376657
 10
12.648555002651875
 20
10.208553320949896
 10
12.645019215385275
 20
10.209578680788319
 10
12.641459329444046
 20
10.210516959253631
 10
12.637877489169938
 20
10.211367591162094
 10
12.634275852129122
 20
10.212130064124963
 10
12.630656587812581
 20
10.212803918857134
 10
12.627021876329366
 20
10.213388749453792
 10
12.623373907093281
 20
10.213884203634947
 10
12.619714877504151
 20
10.214289982957574
 10
12.616046991624046
 20
10.214605842995446
 10
12.61237245884982
 20
10.214831593486323
 10
12.608693492582148
 20
10.214967098446586
 10
12.605012308892242
 20
10.215012276253127
 10
12.10501260749598
 20
10.215012360868464
 10
12.10501304915303
 20
10.415012491264797
 10
12.571316374156368
 20
10.415012491301034
 10
12.574997603161535
 20
10.415057669597132
 10
12.578676614677903
 20
10.415193177270488
 10
12.58235119255238
 20
10.415418932694344
 10
12.586019123302663
 20
10.415734799878756
 10
12.589678197450496
 20
10.416140588552508
 10
12.59332621085261
 20
10.416636054277703
 10
12.596960966028576
 20
10.417220898597037
 10
12.600580273484326
 20
10.41789476921356
 10
12.695867244278872
 20
10.436848763499881
 10
12.699468794927128
 20
10.437611225543776
 10
12.70305054959482
 20
10.43846184234404
 10
12.706610350869028
 20
10.439400101545175
 10
12.710146054560141
 20
10.440425438001704
 10
12.713655530993321
 20
10.44153723411852
 10
12.71713666629131
 20
10.442734820222945
 10
12.720587363647695
 20
10.44401747496805
 10
12.72400554458983
 20
10.445384425767159
 10
12.727389150230863
 20
10.44683484925924
 10
12.730736142509812
 20
10.448367871804784
 10
12.73404450541912
 20
10.449982570012061
 10
12.737312246219119
 20
10.451677971293321
 10
12.740537396638132
 20
10.453453054450584
 10
12.743718014058118
 20
10.45530675029078
 10
12.746852182684876
 20
10.457237942269728
 10
12.749938014701769
 20
10.459245467164685
 10
12.830719989943333
 20
10.513221450679552
 10
12.833755803667458
 20
10.515304223958786
 10
12.836739587386774
 20
10.517460875116612
 10
12.839669543655276
 20
10.519690104975737
 10
12.842543907452892
 20
10.521990570637115
 10
12.845360947248707
 20
10.524360886288889
 10
12.84811896604404
 20
10.526799624041246
 10
12.850816302394804
 20
10.52930531478654
 10
12.853451331412288
 20
10.531876449084322
 10
12.956195590080142
 20
10.63462070650602
 10
12.963917430450465
 20
10.640546156876518
 10
13.159061121534847
 20
10.790282935762285
 10
13.380477340137219
 20
10.91811616498864
 10
13.452065511004747
 20
10.947769823895918
 10
13.616701455712501
 20
11.015964091738695
 10
13.86367632440593
 20
11.08213996168103
 10
14.117169753111824
 20
11.115512491219533
 10
14.372854899347004
 20
11.1155124903457
 10
14.626352153837303
 20
11.082139015826762
 10
14.767649760866135
 20
11.044278558434591
 10
14.873325292085411
 20
11.015963046262819
 10
15.109555313939381
 20
10.91811214781702
 10
15.330977100409086
 20
10.790273449636857
 10
15.533826501163844
 20
10.634622383966885
 10
15.714622100302819
 20
10.45382678359207
 10
15.870278092327226
 20
10.250968653270384
 10
15.951149024123794
 20
10.110895817708482
 10
15.998116016015189
 20
10.029547497820566
 10
16.01819349718056
 20
9.981076045389372
 10
16.01964391501963
 20
9.977692464685134
 10
16.02117693074078
 20
9.97434549693974
 10
16.022791620968945
 20
9.97103715811837
 10
16.024487013134518
 20
9.967769440919028
 10
16.02626208605895
 20
9.964544313572247
 10
16.02811577056991
 20
9.961363718655605
 10
16.030046950145334
 20
9.958229571923646
 10
16.0320544615858
 20
9.955143761153955
 10
16.08603045067923
 20
9.87436177756323
 10
16.088113224025278
 20
9.871325963744283
 10
16.090269875254506
 20
9.868342179933457
 10
16.092499105189518
 20
9.86541222357694
 10
16.094799570931173
 20
9.862537859694989
 10
16.097169886667416
 20
9.859720819818676
 10
16.099608624508335
 20
9.856962800946818
 10
16.102114315346142
 20
9.854265464523664
 10
16.104685449740202
 20
9.851630435438068
 10
17.113810271891367
 20
8.842505613532609
 10
17.113851615944952
 20
8.84246526900445
 10
17.28766020192245
 20
8.66865572042758
 10
17.43133527628561
 20
8.481413342223568
 10
17.549349814705806
 20
8.27700594944804
 10
17.6225717516497
 20
8.100231430923401
 10
17.63966924194014
 20
8.058954841610138
 10
17.70075606061596
 20
7.830974983490734
 10
17.731563491240195
 20
7.596972722357023
 10
17.731563490324987
 20
6.900950031542024
 10
17.70075605802475
 20
6.666947770988763
 10
17.639669145114084
 20
6.438967567891446
 10
17.54934789047914
 20
6.220911978595403
 10
17.431336499440192
 20
6.016510782631265
 10
17.287655582190467
 20
5.82926247404243
 10
15.120749141282971
 20
3.6623590017513976
 10
14.933513993144771
 20
3.51868827183759
 10
14.729112776998278
 20
3.4006768711525126
 10
14.511057187037494
 20
3.310355618122756
 10
14.283076983490616
 20
3.249268706890298
 10
14.049074722275435
 20
3.2184612762553044
 10
9.813051739390431
 20
3.2184612771919916
 10
9.579049685178973
 20
3.249267759230534
 10
9.390020271278786
 20
3.299918406108027
 10
9.351067629559338
 20
3.3103554637335506
 10
9.133014353266503
 20
3.400676683380915
 10
9.114600439716867
 20
3.411308037879742
 10
8.928615809355875
 20
3.518686523721854
 10
8.924043048232022
 20
3.522195671226413
 10
8.848337752865831
 20
3.5802858978663537
 10
8.741364056921782
 20
3.662368595875513
 10
6.4021353542802615
 20
6.001598295486282
 10
6.39950028426523
 20
6.0041694699309005
 10
6.396802904985364
 20
6.006675198772847
 10
6.394044841405886
 20
6.009113972501666
 10
6.39122775504967
 20
6.011484321942241
 10
6.388353342996325
 20
6.0137848191399
 10
6.385423336859816
 20
6.016014078220586
 10
6.3824395017452815
 20
6.0181707562257785
 10
6.379403635185739
 20
6.020253553921535
 10
6.298622659877353
 20
6.074228537310489
 10
6.2955368287450995
 20
6.076236049265205
 10
6.292402661420724
 20
6.078167228492468
 10
6.2892220457119805
 20
6.0800209117821495
 10
6.285996897404019
 20
6.081795982602351
 10
6.282729159105344
 20
6.083491371771963
 10
6.279420799077755
 20
6.085106058104628
 10
6.276073810050804
 20
6.086639069023867
 10
6.272690208021487
 20
6.08808948114887
 10
6.269272031040018
 20
6.089456420850688
 10
6.265821337982132
 20
6.090739064778425
 10
6.26234020730908
 20
6.091936640355229
 10
6.258830735815593
 20
6.093048426243556
 10
6.255295037367006
 20
6.094073752779714
 10
6.25173524162598
 20
6.09501200237721
 10
6.248153492769703
 20
6.095862609898724
 10
6.244551948198449
 20
6.096625062996537
 10
6.1492639773620965
 20
6.115579057146675
 10
6.145644705717686
 20
6.116252914041297
 10
6.14200998682611
 20
6.116837746435756
 10
6.138362010114662
 20
6.1173332020475115
 10
6.13470297299672
 20
6.1177389824314545
 10
6.131035079548056
 20
6.118054843159705
 10
6.127360539179165
 20
6.1182805939688265
 10
6.123681565304423
 20
6.118416098874434
 10
6.120000374008811
 20
6.118461276253129
 10
6.012167570449506
 20
6.118461276505016
 10
5.937006861896734
 20
6.123678884305242
 10
5.745789223687467
 20
6.168653141720611
 10
5.6722714514061465
 20
6.201114383195936
 10
5.567695759941628
 20
6.24728903171431
 10
5.407079926409978
 20
6.357313723589755
 10
5.269415712242136
 20
6.4949779400753656
 10
5.159390875871196
 20
6.655593990343952
 10
5.14057222396157
 20
6.698213812036705
 10
5.080753758884825
 20
6.833689159882212
 10
5.035778836489541
 20
7.024913812327583
 10
5.030563276253375
 20
7.10006518617876
 10
5.030563276336849
 20
8.937856945931934
  0
LWPOLYLINE
  5
33
330
17
100
AcDbEntity
  8
0
100
AcDbPolyline
 90
76
 70
0
 10
10.80501245836848
 20
8.115012491253133
 10
11.30501216001025
 20
8.115012406637796
 10
11.305011718353654
 20
7.9150124913482145
 10
10.765219963232369
 20
7.9150132653931
 10
10.732401860386261
 20
7.918541716225313
 10
10.690803288888162
 20
7.934057362179956
 10
10.474056358338999
 20
8.150804304319898
 10
10.458540018265069
 20
8.192407070037383
 10
10.455012288974416
 20
8.225220301569166
 10
10.455013143058466
 20
8.765012458253118
 10
10.655012491253103
 20
8.765012414253178
 10
10.655012491253103
 20
8.265012483753132
 10
10.655057668436683
 20
8.261331300055268
 10
10.655193172774375
 20
8.25765233376434
 10
10.655418922643435
 20
8.253977800951596
 10
10.655734782060648
 20
8.250309915017723
 10
10.656140560764129
 20
8.246650885359593
 10
10.65663601432803
 20
8.243002916039359
 10
10.657220844309677
 20
8.239368204456866
 10
10.657894698429459
 20
8.235748940026
 10
10.65865717078296
 20
8.232147302855836
 10
10.659507802085415
 20
8.228565462437473
 10
10.660446079948457
 20
8.225005576337182
 10
10.661471439188688
 20
8.22146978889677
 10
10.662583262168198
 20
8.217960229941916
 10
10.663780879166524
 20
8.214479013499258
 10
10.665063568784149
 20
8.211028236522957
 10
10.66643055837693
 20
8.207609977631577
 10
10.667881024521677
 20
8.204226295856017
 10
10.669414093512017
 20
8.20087922939922
 10
10.671028841884663
 20
8.19757079440842
 10
10.672724296975815
 20
8.194302983760721
 10
10.674499437506938
 20
8.191077765862644
 10
10.676353194199976
 20
8.187897083464428
 10
10.678284450421472
 20
8.184762852489811
 10
10.680292042855143
 20
8.181676960881923
 10
10.682374762202613
 20
8.178641267466084
 10
10.684531353911922
 20
8.175657600830093
 10
10.686760518933113
 20
8.172727758222784
 10
10.689060914500857
 20
8.169853504471412
 10
10.691431154943132
 20
8.16703657091859
 10
10.693869812516084
 20
8.16427865437938
 10
10.69637541826387
 20
8.161581416119233
 10
10.698946462903592
 20
8.158946480853274
 10
10.701581397734458
 20
8.156375435767622
 10
10.704278635570574
 20
8.153869829563384
 10
10.707036551697087
 20
8.151431171523711
 10
10.709853484848793
 20
8.149060930604705
 10
10.712727738210873
 20
8.146760534550559
 10
10.715657580440933
 20
8.144531369033544
 10
10.718641246711968
 20
8.142374776819317
 10
10.721676939775364
 20
8.14029205695811
 10
10.724762831043478
 20
8.138284464002226
 10
10.727897061691294
 20
8.136353207250316
 10
10.731077743775785
 20
8.134499450019
 10
10.734302961373459
 20
8.132724308942073
 10
10.737570771734227
 20
8.131028853297906
 10
10.740879206451751
 20
8.129414104365367
 10
10.744226272649115
 20
8.127881034808617
 10
10.747609954179211
 20
8.126430568091244
 10
10.751028212839259
 20
8.125063577919967
 10
10.754478989598482
 20
8.123780887718368
 10
10.757960205838486
 20
8.12258327013091
 10
10.761469764605181
 20
8.121471446557479
 10
10.765005551872065
 20
8.120446086718879
 10
10.768565437813578
 20
8.119507808253402
 10
10.77214727808797
 20
8.118657176344797
 10
10.7757489151291
 20
8.117894703381793
 10
10.779368179445925
 20
8.11722084864951
 10
10.783002890929453
 20
8.116636018052745
 10
10.78665086016585
 20
8.116140563871511
 10
10.79030988975532
 20
8.115734784548813
 10
10.793977775635739
 20
8.115418924510884
 10
10.797652308410278
 20
8.115193174019964
 10
10.801331274678262
 20
8.11505766905968
 10
10.80501245836848
 20
8.115012491253133
  0
LWPOLYLINE
  5
34
330
17
100
AcDbEntity
  8
0
100
AcDbPolyline
 90
46
 70
0
 10
6.4136116296601955
 20
11.64209813180183
 10
6.4704270258047245
 20
11.671046885583337
 10
6.650064670351583
 20
11.72941409654721
 10
6.836612106492623
 20
11.758961491177892
 10
7.025513676310084
 20
11.758961489973977
 10
7.212060861624565
 20
11.72941413263436
 10
7.391708216850702
 20
11.671043096614909
 10
7.448514232773846
 20
11.64209880994239
 10
7.2958506921296475
 20
11.489436036856503
 10
7.2283388055593605
 20
11.513592176106137
 10
7.224857588784062
 20
11.514789793356755
 10
7.22134802948753
 20
11.515901616571036
 10
7.217812241697089
 20
11.516926976028238
 10
7.21425235523904
 20
11.517865254090161
 10
7.133337162812495
 20
11.53813345464956
 10
7.1297553220294105
 20
11.538984086132594
 10
7.126153684488173
 20
11.539746558648133
 10
7.122534419680591
 20
11.540420412911246
 10
7.118899707716423
 20
11.54100524301733
 10
7.036387512999653
 20
11.55324477088029
 10
7.032739543293474
 20
11.553740224549557
 10
7.0290805132458445
 20
11.554146003339234
 10
7.02541262691966
 20
11.55446186282336
 10
7.021738093712486
 20
11.55468761273999
 10
6.938423534245857
 20
11.558780594562428
 10
6.934744567559079
 20
11.558916098928243
 10
6.9310633834647035
 20
11.558961276120492
 10
6.927382199370328
 20
11.558916098926119
 10
6.923703232683636
 20
11.55878059455818
 10
6.840388673219451
 20
11.554687612687687
 10
6.83671414001239
 20
11.554461862768939
 10
6.833046253686405
 20
11.554146003282703
 10
6.829387223639031
 20
11.553740224490909
 10
6.825739253933136
 20
11.55324477081954
 10
6.743227059223159
 20
11.541005242908945
 10
6.739592347259332
 20
11.540420412800763
 10
6.735973082452119
 20
11.539746558535555
 10
6.732371444911308
 20
11.538984086017933
 10
6.7287896041286785
 20
11.53813345453284
 10
6.647874411714184
 20
11.517865253926836
 10
6.644314525256732
 20
11.516926975862859
 10
6.6407787374668885
 20
11.515901616403625
 10
6.637269178171039
 20
11.514789793187333
 10
6.63378796139645
 20
11.513592175934711
 10
6.566274288544378
 20
11.489435397499335
 10
6.4136116296601955
 20
11.64209813180183
  0
LWPOLYLINE
  5
35
330
17
100
AcDbEntity
  8
0
100
AcDbPolyline
 90
582
 70
0
 10
6.081063471144404
 20
6.918961496253132
 10
6.616319299591282
 20
6.9189614692575745
 10
9.22369138277952
 20
4.311589386077586
 10
9.228082941701786
 20
4.307304310822566
 10
9.232578338980346
 20
4.3031283004039125
 10
9.2871407375969
 20
4.253675824915405
 10
9.29173726534168
 20
4.249611394832272
 10
9.296432154805757
 20
4.24566099331728
 10
9.301222577963216
 20
4.2418269999446
 10
9.306105649242284
 20
4.238111724168462
 10
9.36525250315293
 20
4.194245427685296
 10
9.370225281174129
 20
4.190651107448893
 10
9.375284770521858
 20
4.187179907836352
 10
9.38042792354895
 20
4.1838339197685315
 10
9.38565164221231
 20
4.180615158743528
 10
9.448813336792625
 20
4.142757495947883
 10
9.454114474519429
 20
4.139667900826986
 10
9.45948983810257
 20
4.136709332666761
 10
9.464936189624012
 20
4.133883573598048
 10
9.470450248405257
 20
4.131192325752437
 10
9.537018502009317
 20
4.099707886631727
 10
9.542596946587537
 20
4.097152771116285
 10
9.548236416716321
 20
4.094735327037071
 10
9.553933515389701
 20
4.092457010571991
 10
9.559684810888513
 20
4.090319194093695
 10
9.629018534844107
 20
4.065511191007872
 10
9.634820562803014
 20
4.063515162257048
 10
9.64066982829732
 20
4.061662123566812
 10
9.646562807948158
 20
4.059953191138362
 10
9.652495952044944
 20
4.058389394368703
 10
9.723927424688753
 20
4.040496741948992
 10
9.729897159327294
 20
4.039079022810846
 10
9.735899888562727
 20
4.037808235285176
 10
9.741931996575431
 20
4.036685144846878
 10
9.747989849849063
 20
4.0357104280036395
 10
9.820831147050654
 20
4.024905442273976
 10
9.826911096545786
 20
4.02407968616064
 10
9.833009479943229
 20
4.023403388179197
 10
9.839122623804883
 20
4.022876955706273
 10
9.845246845801512
 20
4.02250070584509
 10
9.918796468382453
 20
4.018887444591982
 10
9.924928079516974
 20
4.018661603981265
 10
9.93106338633092
 20
4.018586308659337
 10
13.931063381421183
 20
4.0185863086653555
 10
13.937198688285775
 20
4.018661603988541
 10
13.943330299470887
 20
4.01888744460301
 10
14.016879922294606
 20
4.022500705898153
 10
14.023004144306356
 20
4.0228769557629604
 10
14.029117288182988
 20
4.023403388240261
 10
14.035215671595296
 20
4.024079686226813
 10
14.041295621105064
 20
4.024905442345997
 10
14.114136918299863
 20
4.035710428123295
 10
14.12019477157287
 20
4.036685144970498
 10
14.126226879584834
 20
4.03780823541274
 10
14.132229608819472
 20
4.039079022942332
 10
14.138199343457103
 20
4.040496742084393
 10
14.209630816088861
 20
4.058389394550709
 10
14.215563960184596
 20
4.059953191324226
 10
14.221456939834269
 20
4.061662123756513
 10
14.227306205327324
 20
4.063515162450564
 10
14.233108233284895
 20
4.065511191205161
 10
14.302441957224175
 20
4.090319194336217
 10
14.308193252721622
 20
4.092457010818279
 10
14.313890351393553
 20
4.09473532728709
 10
14.319529821520774
 20
4.0971527713700056
 10
14.325108266097345
 20
4.099707886889092
 10
14.391676519681027
 20
4.131192326053387
 10
14.39719057846051
 20
4.133883573902608
 10
14.402636929980105
 20
4.136709332974881
 10
14.408012293561313
 20
4.1396679011386155
 10
14.413313431286099
 20
4.142757496262966
 10
14.476475125842
 20
4.180615159100071
 10
14.481698844503256
 20
4.183833920128507
 10
14.48684199752816
 20
4.187179908199695
 10
14.491901486873644
 20
4.190651107815555
 10
14.496874264892512
 20
4.194245428055218
 10
14.55602111877431
 20
4.2381117245769175
 10
14.560904190038912
 20
4.241827000346824
 10
14.565694613182245
 20
4.245660993712633
 10
14.570389502632622
 20
4.249611395220121
 10
14.574986030364158
 20
4.25367582529514
 10
14.629548428779032
 20
4.303128300641482
 10
14.634043826019223
 20
4.307304311027053
 10
14.638435384904795
 20
4.311589386247185
 10
16.638435381429275
 20
6.311589382780198
 10
16.64272045668423
 20
6.315980941702378
 10
16.646896467102806
 20
6.3204763389808605
 10
16.69634894259096
 20
6.375038737596981
 10
16.70041337267415
 20
6.379635265341825
 10
16.704363774189176
 20
6.38433015480593
 10
16.7081977675619
 20
6.389120577963446
 10
16.711913043338058
 20
6.394003649242585
 10
16.755779339821117
 20
6.453150503153175
 10
16.75937366005749
 20
6.458123281174338
 10
16.762844859670025
 20
6.463182770522046
 10
16.766190847737818
 20
6.468325923549088
 10
16.7694096087628
 20
6.473549642212404
 10
16.80726727155826
 20
6.536711336792422
 10
16.810356866679143
 20
6.542012474519225
 10
16.813315434839353
 20
6.54738783810236
 10
16.816141193908066
 20
6.552834189623802
 10
16.8188324417537
 20
6.558348248405039
 10
16.850316880874743
 20
6.624916502009803
 10
16.852871996390206
 20
6.630494946588101
 10
16.85528944046945
 20
6.636134416716956
 10
16.85756775693457
 20
6.641831515390429
 10
16.859705573412867
 20
6.647582810889325
 10
16.884513576498648
 20
6.716916534845083
 10
16.886509605249444
 20
6.722718562803884
 10
16.888362643939644
 20
6.728567828298054
 10
16.890071576368058
 20
6.734460807948778
 10
16.89163537313769
 20
6.7403939520454585
 10
16.909528025557194
 20
6.8118254246882515
 10
16.91094574469534
 20
6.817795159326849
 10
16.912216532221038
 20
6.823797888562332
 10
16.913339622659322
 20
6.829829996575064
 10
16.914314339502596
 20
6.835887849848746
 10
16.925119325232288
 20
6.908729147050607
 10
16.925945081345617
 20
6.914809096545731
 10
16.92662137932706
 20
6.920907479943175
 10
16.927147811799983
 20
6.927020623804836
 10
16.92752406166116
 20
6.933144845801458
 10
16.93113732291428
 20
7.00669446838284
 10
16.93136316352502
 20
7.01282607951881
 10
16.931438458846912
 20
7.018961386334183
 10
16.931438458840887
 20
7.478961381424291
 10
16.93136316351766
 20
7.48509668828747
 10
16.931137322903226
 20
7.491228299471153
 10
16.927524061608068
 20
7.564777922294724
 10
16.927147811743282
 20
7.570902144306416
 10
16.92662137926598
 20
7.577015288183027
 10
16.925945081279423
 20
7.583113671595264
 10
16.925119325160267
 20
7.589193621105004
 10
16.914314339383054
 20
7.662034918299483
 10
16.91333962253583
 20
7.66809277157256
 10
16.912216532093595
 20
7.674124879584596
 10
16.910945744563975
 20
7.6801276088192765
 10
16.909528025421906
 20
7.686097343456979
 10
16.891635372955363
 20
7.757528816089476
 10
16.89007157618184
 20
7.763461960185182
 10
16.88836264374956
 20
7.769354939834841
 10
16.886509605055522
 20
7.775204205327853
 10
16.884513576300918
 20
7.781006233285403
 10
16.85970557316989
 20
7.850339957224563
 10
16.857567756687814
 20
7.856091252722024
 10
16.855289440218996
 20
7.861788351393983
 10
16.85287199613606
 20
7.8674278215212325
 10
16.85031688061696
 20
7.873006266097825
 10
16.818832441452713
 20
7.939574519681294
 10
16.816141193603528
 20
7.945088578460755
 10
16.813315434531262
 20
7.950534929980314
 10
16.810356866367528
 20
7.955910293561487
 10
16.807267271243205
 20
7.9612114312862445
 10
16.769409608406164
 20
8.024373125842033
 10
16.766190847377715
 20
8.029596844503288
 10
16.76284485930654
 20
8.034739997528199
 10
16.75937365969068
 20
8.039799486873676
 10
16.75577933945101
 20
8.044772264892536
 10
16.711913042929268
 20
8.103919118774392
 10
16.708197767159362
 20
8.108802190038993
 10
16.704363773793546
 20
8.113592613182362
 10
16.70041337228605
 20
8.118287502632747
 10
16.696348942211017
 20
8.122884030364297
 10
16.646896466864348
 20
8.177446428779504
 10
16.64272045719349
 20
8.181941825268993
 10
16.63843538272451
 20
8.186333383439404
 10
15.35244633323964
 20
9.472322454245436
 10
15.34876639117573
 20
9.487013606458078
 10
15.34720259440266
 20
9.492946750553067
 10
15.345493661970892
 20
9.498839730202022
 10
15.343640623277366
 20
9.504688995694345
 10
15.341644594523359
 20
9.510491023651234
 10
15.311889874912396
 20
9.593649893990388
 10
15.309752058430632
 20
9.59940118948795
 10
15.307473741962127
 20
9.605098288160022
 10
15.305056297879503
 20
9.610737758287385
 10
15.302501182360714
 20
9.616316202864105
 10
15.26473874519371
 20
9.696158167985466
 10
15.26204749734481
 20
9.701672226765083
 10
15.259221738272828
 20
9.707118578284813
 10
15.256263170109406
 20
9.712493941866157
 10
15.25317357498534
 20
9.717795079591085
 10
15.207767093175363
 20
9.793551217724414
 10
15.204548332147226
 20
9.798774936385847
 10
15.201202344076307
 20
9.803918089410935
 10
15.197731144460732
 20
9.808977578756597
 10
15.194136824221346
 20
9.81395035677565
 10
15.1415235870098
 20
9.884891094898222
 10
15.137808311230742
 20
9.889774166175073
 10
15.133974317855206
 20
9.894564589330223
 10
15.130023916337421
 20
9.899259478791905
 10
15.125959486251531
 20
9.903856006534255
 10
15.066646187874511
 20
9.969298146557456
 10
15.062470177481202
 20
9.973793543804078
 10
15.058185102252992
 20
9.978185102695726
 10
15.053793543359035
 20
9.98247017792152
 10
15.049298146110118
 20
9.986646188312385
 10
14.983856006054197
 20
10.04595948665414
 10
14.979259478309615
 20
10.050023916737544
 10
14.974564588845766
 20
10.053974318252799
 10
14.969774165688506
 20
10.057808311625749
 10
14.964891094409609
 20
10.061523587402156
 10
14.893950356258244
 20
10.114136824575112
 10
14.888977578237245
 20
10.117731144811785
 10
14.883918088889715
 20
10.121202344424596
 10
14.878774935862822
 20
10.124548332492694
 10
14.873551217199633
 20
10.127767093517974
 10
14.797795079041776
 20
10.173173575286555
 10
14.792493941315144
 20
10.176263170407736
 10
14.787118577732173
 20
10.179221738568245
 10
14.781672226210901
 20
10.182047497637257
 10
14.776158167429799
 20
10.184738745483173
 10
14.696316202287846
 20
10.222501182606656
 10
14.69073775770974
 20
10.225056298122396
 10
14.685098287581098
 20
10.22747374220193
 10
14.679401188907804
 20
10.229752058667323
 10
14.673649893409106
 20
10.231889875145932
 10
14.590491023053517
 20
10.261644594711683
 10
14.584688995094723
 20
10.26364062346282
 10
14.578839729600531
 20
10.265493662153375
 10
14.572946749949779
 20
10.267202594582145
 10
14.567013605853077
 20
10.268766391352116
 10
14.48133869566459
 20
10.290226839145063
 10
14.475368961026135
 20
10.291644558283544
 10
14.469366231790758
 20
10.292915345809533
 10
14.46333412377814
 20
10.294038436248158
 10
14.457276270504565
 20
10.29501315309173
 10
14.369910416703476
 20
10.307972653268145
 10
14.363830467193196
 20
10.308798409383684
 10
14.35773208378049
 20
10.309474707366583
 10
14.351618939903517
 20
10.310001139840224
 10
14.34549471789154
 20
10.310377389701358
 10
14.257279301408431
 20
10.31471113519018
 10
14.25114769026385
 20
10.31493697579998
 10
14.245012383439871
 20
10.315012271120487
 10
14.23887707661595
 20
10.314936975796634
 10
14.232745465471481
 20
10.3147111351835
 10
14.144530048990816
 20
10.310377389646625
 10
14.138405826979039
 20
10.310001139782152
 10
14.13229268310235
 20
10.309474707305178
 10
14.126194299690013
 20
10.30879840931896
 10
14.120114350180188
 20
10.307972653200103
 10
14.032748496385892
 20
10.295013152976054
 10
14.026690643112829
 20
10.294038436129185
 10
14.020658535100807
 20
10.29291534568727
 10
14.014655805866113
 20
10.291644558157998
 10
14.008686071228396
 20
10.29022683901627
 10
13.92301116105196
 20
10.268766391176719
 10
13.91707801695614
 20
10.267202594403514
 10
13.911185037306382
 20
10.265493661971554
 10
13.905335771813242
 20
10.263640623277823
 10
13.899533743855557
 20
10.261644594523538
 10
13.816374873516281
 20
10.231889874912554
 10
13.81062357801872
 20
10.229752058430805
 10
13.804926479346676
 20
10.2274737419623
 10
13.799287009219313
 20
10.225056297879696
 10
13.7937085646426
 20
10.2225011823609
 10
13.713866599521026
 20
10.184738745193833
 10
13.708352540741402
 20
10.182047497344918
 10
13.702906189221636
 20
10.179221738272943
 10
13.697530825640285
 20
10.1762631701095
 10
13.69222968791533
 20
10.173173574985434
 10
13.616473549781887
 20
10.127767093175393
 10
13.61124983112046
 20
10.12454833214725
 10
13.606106678095358
 20
10.121202344076337
 10
13.601047188749703
 20
10.117731144460762
 10
13.596074410730637
 20
10.114136824221369
 10
13.52513367260812
 20
10.061523587009873
 10
13.52025060133127
 20
10.057808311230808
 10
13.515460178176113
 20
10.053974317855257
 10
13.510765288714424
 20
10.050023916337459
 10
13.50616876097206
 20
10.045959486251569
 10
13.440726620948766
 20
9.986646187874449
 10
13.436231223702151
 20
9.982470177481147
 10
13.431839664810525
 20
9.978185102252972
 10
13.427554589584759
 20
9.973793543359008
 10
13.423378579193894
 20
9.969298146110127
 10
13.364065280852003
 20
9.903856006054077
 10
13.360000850768586
 20
9.899259478309467
 10
13.356050449253303
 20
9.89456458884559
 10
13.352216455880324
 20
9.889774165688294
 10
13.34850118010391
 20
9.884891094409362
 10
13.295887942931046
 20
9.813950356258061
 10
13.292293622694388
 20
9.808977578237084
 10
13.28882242308157
 20
9.80391808888956
 10
13.285476435013493
 20
9.798774935862681
 10
13.282257673988227
 20
9.793551217199528
 10
13.23685119221983
 20
9.71779507904197
 10
13.233761597098635
 20
9.71249394131533
 10
13.23080302893814
 20
9.707118577732352
 10
13.227977269869115
 20
9.701672226211059
 10
13.225286022023198
 20
9.696158167429957
 10
13.187523584899395
 20
9.616316202287294
 10
13.184968469383648
 20
9.610737757709153
 10
13.182551025304093
 20
9.605098287580446
 10
13.180272708838686
 20
9.599401188907116
 10
13.178134892360049
 20
9.593649893408362
 10
13.148380172794333
 20
9.510491023052609
 10
13.146384144043253
 20
9.5046889950939
 10
13.144531105352712
 20
9.498839729599815
 10
13.142822172923985
 20
9.492946749949176
 10
13.141258376154042
 20
9.487013605852567
 10
13.119797928361294
 20
9.40133869566511
 10
13.118380209222778
 20
9.395368961026591
 10
13.117109421696796
 20
9.389366231791179
 10
13.115986331258142
 20
9.383334123778496
 10
13.115011614414584
 20
9.377276270504865
 10
13.102052114238148
 20
9.289910416703478
 10
13.101226358122602
 20
9.283830467193226
 10
13.10055006013971
 20
9.277732083780556
 10
13.100023627666076
 20
9.271618939903604
 10
13.099647377804928
 20
9.265494717891663
 10
13.095313632316078
 20
9.177279301408355
 10
13.095087791706277
 20
9.171147690263716
 10
13.095012496385777
 20
9.165012383439702
 10
13.09508779170963
 20
9.158877076615731
 10
13.095313632322757
 20
9.152745465471213
 10
13.099647377859668
 20
9.064530048990655
 10
13.100023627724141
 20
9.058405826978948
 10
13.100550060201101
 20
9.052292683102323
 10
13.101226358187319
 20
9.046194299690058
 10
13.102052114306161
 20
9.040114350180282
 10
13.115011614530118
 20
8.952748496386278
 10
13.115986331377002
 20
8.94669064311315
 10
13.117109421818924
 20
8.940658535101058
 10
13.118380209348203
 20
8.9346558058663
 10
13.119797928489959
 20
8.928686071228526
 10
13.141258376329745
 20
8.843011161051365
 10
13.142822173102957
 20
8.837078016955566
 10
13.144531105534924
 20
8.831185037305815
 10
13.146384144228648
 20
8.825335771812696
 10
13.148380172982911
 20
8.819533743855033
 10
13.178134892593874
 20
8.736374873515878
 10
13.180272709075638
 20
8.730623578018317
 10
13.182551025544143
 20
8.724926479346252
 10
13.184968469626767
 20
8.719287009218888
 10
13.187523585145556
 20
8.713708564642168
 10
13.22528602231256
 20
8.6338665995208
 10
13.22797727016146
 20
8.628352540741183
 10
13.230803029233442
 20
8.622906189221453
 10
13.233761597396864
 20
8.617530825640102
 10
13.23685119252093
 20
8.612229687915175
 10
13.282257674330907
 20
8.536473549781846
 10
13.285476435359044
 20
8.531249831120412
 10
13.288822423429963
 20
8.526106678095324
 10
13.292293623045538
 20
8.521047188749662
 10
13.295887943284924
 20
8.51607441073061
 10
13.34850118049647
 20
8.445133672608037
 10
13.352216456275528
 20
8.440250601331186
 10
13.356050449651065
 20
8.435460178176037
 10
13.360000851168849
 20
8.430765288714355
 10
13.364065281254739
 20
8.426168760972004
 10
13.423378579631759
 20
8.360726620948803
 10
13.427554590025068
 20
8.356231223702181
 10
13.431839665253278
 20
8.351839664810534
 10
13.436231224147235
 20
8.347554589584739
 10
13.440726621396152
 20
8.343378579193875
 10
13.506168761452074
 20
8.284065280852118
 10
13.510765289196655
 20
8.280000850768715
 10
13.515460178660504
 20
8.27605044925346
 10
13.520250601817764
 20
8.27221645588051
 10
13.525133673096661
 20
8.268501180104103
 10
13.596074411248026
 20
8.215887942931147
 10
13.601047189269025
 20
8.212293622694474
 10
13.606106678616555
 20
8.208822423081664
 10
13.611249831643448
 20
8.205476435013566
 10
13.616473550306637
 20
8.202257673988285
 10
13.692229688464494
 20
8.156851192219705
 10
13.697530826191127
 20
8.153761597098523
 10
13.702906189774097
 20
8.150803028938014
 10
13.708352541295369
 20
8.147977269869003
 10
13.713866600076472
 20
8.145286022023086
 10
13.793708565218424
 20
8.107523584899603
 10
13.79928700979653
 20
8.104968469383863
 10
13.804926479925172
 20
8.10255102530433
 10
13.810623578598467
 20
8.100272708838936
 10
13.816374874097164
 20
8.098134892360328
 10
13.899533744452754
 20
8.068380172794576
 10
13.90533576138202
 20
8.066384147687103
 10
13.911185015674477
 20
8.06453111209666
 10
13.91707798397141
 20
8.062822182218362
 10
13.923011116582444
 20
8.061258387443779
 10
13.93770233578374
 20
8.057578425707078
 10
14.746319317885735
 20
7.248961321987039
 10
13.516694417868194
 20
6.01933645983447
 10
10.345432277442058
 20
6.0193364900776345
 10
8.031063271213327
 20
8.333705539158316
 10
8.03106327100761
 20
8.86896128384921
 10
8.030987975683104
 20
8.875096590672207
 10
8.030762135069352
 20
8.88122820181573
 10
8.03038588520431
 20
8.887352423826506
 10
8.02985945272681
 20
8.893465567702194
 10
8.02918315474011
 20
8.899563951113507
 10
8.028357398620841
 20
8.905643900622323
 10
8.027382681773588
 20
8.911701753894384
 10
8.026259591331325
 20
8.917733861905418
 10
8.024988803801762
 20
8.923736591139104
 10
8.023571084659807
 20
8.929706325775804
 10
8.022007287886396
 20
8.935639469870615
 10
8.020298355454287
 20
8.941532449519372
 10
8.018445316760449
 20
8.947381715011495
 10
8.016449288006129
 20
8.953183742968179
 10
8.014311471524366
 20
8.958935038464723
 10
8.012033155055917
 20
8.96463213713578
 10
8.009615710973407
 20
8.970271607262141
 10
8.00706059545476
 20
8.975850051837874
 10
8.004369347606001
 20
8.98136411061656
 10
8.001543588534247
 20
8.98681046213538
 10
7.998585020371053
 20
8.99218582571583
 10
7.99549542524727
 20
8.997486963439883
 10
7.992276664219503
 20
9.002710682100407
 10
7.98893067614901
 20
9.007853835124592
 10
7.985459476533862
 20
9.012913324469395
 10
7.981865156294958
 20
9.017886102487608
 10
7.9781498805163835
 20
9.022769173763699
 10
7.974315887141358
 20
9.027559596918117
 10
7.970365485624114
 20
9.032254486379095
 10
7.966301055538821
 20
9.036851014120764
 10
7.962125045146166
 20
9.041346411366696
 10
7.957839969918695
 20
9.045737970257676
 10
7.953448411025448
 20
9.050023045482845
 10
7.948953013777299
 20
9.054199055873113
 10
7.9443564860334845
 20
9.058263485955983
 10
7.939661596570403
 20
9.06221388747074
 10
7.934871173413967
 20
9.066047880843236
 10
7.929988102135923
 20
9.069763156619224
 10
7.925015324115805
 20
9.073357476855499
 10
7.919955834769155
 20
9.076828676467954
 10
7.9148126817432
 20
9.08017466453574
 10
7.909588963080978
 20
9.083393425560757
 10
7.904287825355283
 20
9.086483020681726
 10
7.898912461773278
 20
9.089441588842064
 10
7.893466110252973
 20
9.092267347910948
 10
7.887952051472865
 20
9.09495859575678
 10
7.882373606895754
 20
9.097513711272484
 10
7.876734136768135
 20
9.099931155352017
 10
7.871037038095864
 20
9.10220947181746
 10
7.865285742598189
 20
9.104347288296175
 10
7.859483714640447
 20
9.10634331704744
 10
7.853634449147364
 20
9.10819635573818
 10
7.8477414694976915
 20
9.10990528816717
 10
7.841808325402042
 20
9.111469084937433
 10
7.8358385907646095
 20
9.112886804076247
 10
7.829835861530256
 20
9.114157591602634
 10
7.823803753518632
 20
9.115280682041693
 10
7.817745900246024
 20
9.116255398885748
 10
7.811665950736796
 20
9.117081155001806
 10
7.805567567325113
 20
9.11775745298528
 10
7.799454423449163
 20
9.118283885459533
 10
7.793330201438181
 20
9.118660135321342
 10
7.787198590294537
 20
9.118885975931853
 10
7.781063283471497
 20
9.118961271253127
 10
6.081063483717017
 20
9.118961271007564
 10
6.074928176893636
 20
9.118885975684513
 10
6.068796565749679
 20
9.118660135072197
 10
6.062672343738441
 20
9.118283885208577
 10
6.056559199862264
 20
9.11775745273249
 10
6.050460816450411
 20
9.117081154747176
 10
6.04438086694104
 20
9.116255398629256
 10
6.038323013668389
 20
9.115280681783332
 10
6.032290905656737
 20
9.114157591342398
 10
6.026288176422398
 20
9.11288680381412
 10
6.020318441785008
 20
9.11146908467341
 10
6.014385297689486
 20
9.109905287901249
 10
6.008492318039998
 20
9.108196355470348
 10
6.0026430525471
 20
9.106343316777696
 10
5.996841024589628
 20
9.10434728802452
 10
5.99108972909228
 20
9.102209471543894
 10
5.985392630420378
 20
9.099931155076533
 10
5.979753160293157
 20
9.09751371099508
 10
5.974174715716529
 20
9.094958595477465
 10
5.968660656936933
 20
9.092267347629729
 10
5.963214305417196
 20
9.089441588558934
 10
5.957838941835803
 20
9.086483020396699
 10
5.952537804110776
 20
9.083393425273847
 10
5.947314085449278
 20
9.080174664246947
 10
5.942170932424091
 20
9.076828676177293
 10
5.93711144307828
 20
9.073357476562983
 10
5.932138665059043
 20
9.06976315632486
 10
5.927255593781908
 20
9.066047880547046
 10
5.922465170626424
 20
9.062213887172732
 10
5.917770281164394
 20
9.058263485656177
 10
5.9131737534216455
 20
9.054199055571537
 10
5.908678356174633
 20
9.050023045179508
 10
5.904286797282552
 20
9.045737969952604
 10
5.900001722056288
 20
9.041346411059912
 10
5.895825711664912
 20
9.036851013812296
 10
5.891761281580926
 20
9.032254486068958
 10
5.887810880065047
 20
9.027559596606352
 10
5.883976886691428
 20
9.022769173450321
 10
5.880261610914317
 20
9.017886102172653
 10
5.87666729067692
 20
9.01291332415289
 10
5.873196091063335
 20
9.007853834806582
 10
5.86985010299442
 20
9.002710681780904
 10
5.8666313419682865
 20
8.997486963118938
 10
5.863541746846195
 20
8.992185825393477
 10
5.860583178684735
 20
8.986810461811658
 10
5.857757419614728
 20
8.981364110291501
 10
5.855066171767788
 20
8.975850051511514
 10
5.852511056250975
 20
8.970271606934531
 10
5.85009361217034
 20
8.964632136806955
 10
5.8478152957038105
 20
8.958935038134733
 10
5.845677479224008
 20
8.953183742637059
 10
5.843681450471664
 20
8.947381714679302
 10
5.841828411779858
 20
8.941532449186141
 10
5.840119479349809
 20
8.935639469536397
 10
5.838555682578516
 20
8.929706325440655
 10
5.837137963438664
 20
8.923736590803067
 10
5.835867175911261
 20
8.917733861568543
 10
5.834744085471186
 20
8.911701753556727
 10
5.833769368626136
 20
8.905643900283927
 10
5.832943612509098
 20
8.899563950774436
 10
5.832267314524671
 20
8.893465567362497
 10
5.831740882049459
 20
8.887352423486242
 10
5.83136463218672
 20
8.881228201474947
 10
5.831138791575299
 20
8.875096590330962
 10
5.8310634962531225
 20
8.868961283507566
 10
5.8310634962531225
 20
7.1689614837531295
 10
5.831138791570481
 20
7.162826177126121
 10
5.8313646321674355
 20
7.156694566178167
 10
5.831740882006102
 20
7.150570344362201
 10
5.832267314447648
 20
7.144457200680208
 10
5.83294361238886
 20
7.138358817461111
 10
5.83376936845319
 20
7.132278868142691
 10
5.834744085236096
 20
7.126221015058853
 10
5.835867175604648
 20
7.120188907233533
 10
5.837137963051276
 20
7.114186178182699
 10
5.8385556821011875
 20
7.108216443725638
 10
5.840119478773474
 20
7.102283299806935
 10
5.8418284110955625
 20
7.096390320330407
 10
5.843681449670584
 20
7.090541055006312
 10
5.845677478297475
 20
7.084739027213125
 10
5.847815294643297
 20
7.078987731875223
 10
5.850093610967505
 20
7.073290633357637
 10
5.852511054897633
 20
7.06765116337926
 10
5.855066170255938
 20
7.062072718945728
 10
5.857757417936554
 20
7.056558660303153
 10
5.860583176832648
 20
7.051112308914057
 10
5.8635417448127924
 20
7.045736945456667
 10
5.866631339746419
 20
7.040435807848716
 10
5.869850100577153
 20
7.035212089297076
 10
5.873196088443976
 20
7.0300689363742705
 10
5.876667287849017
 20
7.025009447123104
 10
5.8802616078717165
 20
7.0200366691905245
 10
5.883976883428204
 20
7.0151535979918265
 10
5.887810876575557
 20
7.010363174906303
 10
5.891761277859828
 20
7.005668285505529
 10
5.895825707707132
 20
7.001071757815133
 10
5.90000171785708
 20
6.99657636061135
 10
5.904286792837468
 20
6.992184801753183
 10
5.908678351479509
 20
6.987899726551312
 10
5.913173748472687
 20
6.983723716174637
 10
5.917770275958091
 20
6.9796592860955045
 10
5.922465165159622
 20
6.975708884574452
 10
5.9272555880517785
 20
6.971874891185486
 10
5.932138659063099
 20
6.968159615382724
 10
5.937111436814405
 20
6.964565295109232
 10
5.942170925890494
 20
6.961094095449006
 10
5.947314078644553
 20
6.957748107322793
 10
5.952537797033855
 20
6.954529346228597
 10
5.957838934485977
 20
6.951439751027621
 10
5.963214297794153
 20
6.948481182776355
 10
5.968660649040729
 20
6.9456554236055865
 10
5.974174707547576
 20
6.942964175646864
 10
5.979753151852236
 20
6.940409060007212
 10
5.985392621708684
 20
6.9379916157926615
 10
5.9910897201113755
 20
6.935713299181124
 10
5.9968410153414595
 20
6.93357548254523
 10
6.00264304303397
 20
6.931579453625716
 10
6.008492308264607
 20
6.929726414755677
 10
6.014385287654946
 20
6.928017482136376
 10
6.020318431494772
 20
6.926453685164859
 10
6.026288165880331
 20
6.925035965813869
 10
6.032290894867074
 20
6.9237651780644995
 10
6.0383230026357495
 20
6.922642087391708
 10
6.04438085567044
 20
6.9216673703032825
 10
6.050460804947207
 20
6.9208416139323035
 10
6.056559188132198
 20
6.920165315683519
 10
6.062672331787638
 20
6.919638882933661
 10
6.068796553584633
 20
6.919262632786129
 10
6.074928164521182
 20
6.919036791879911
 10
6.081063471144404
 20
6.918961496253132
  0
LWPOLYLINE
  5
36
330
17
100
AcDbEntity
  8
0
100
AcDbPolyline
 90
704
 70
0
 10
5.1305632713366975
 20
8.93438998426683
 10
5.13498023341981
 20
8.998014177156726
 10
5.175975948769889
 20
9.172318999292422
 10
5.247127171956549
 20
9.333459498388741
 10
5.346679559395923
 20
9.478787327625888
 10
5.47123745280706
 20
9.603345218939921
 10
5.6261445138740385
 20
9.709459563956479
 10
5.631412555133522
 20
9.712478892380254
 10
5.636660270618137
 20
9.715660182045589
 10
5.641828320468406
 20
9.718969318260271
 10
5.646913590696528
 20
9.722404307117486
 10
5.6519130171932375
 20
9.725963078878408
 10
5.656823587574024
 20
9.72964348921932
 10
5.661642342994327
 20
9.733443320523662
 10
5.663997398766725
 20
9.73539602871059
 10
5.678862525400319
 20
9.744745637254326
 10
5.683988252212885
 20
9.748057518670038
 10
5.6890316136701955
 20
9.75149352493888
 10
5.69398960460363
 20
9.755051608660864
 10
5.698859270713982
 20
9.75872964969414
 10
5.703637710331762
 20
9.762525456418388
 10
5.708322076146345
 20
9.766436767040659
 10
5.712909576902447
 20
9.770461250943157
 10
5.717397479063422
 20
9.774596510071937
 10
5.721783108440064
 20
9.77884008036586
 10
5.726063851784048
 20
9.783189433224813
 10
5.730237158345091
 20
9.787641977016428
 10
5.73430054139088
 20
9.792195058620344
 10
5.738251579688779
 20
9.796845965009126
 10
5.742087918948613
 20
9.801591924864852
 10
5.802236895840693
 20
9.877888895704984
 10
5.805976217769015
 20
9.88275372568085
 10
5.80959502225339
 20
9.887708859713513
 10
5.8130911293779235
 20
9.892751312901346
 10
5.816462433137872
 20
9.897878047742928
 10
5.819706902708248
 20
9.903085975966775
 10
5.822822583667133
 20
9.90837196039167
 10
5.825807599173032
 20
9.913732816816456
 10
5.828660151095477
 20
9.919165315938187
 10
5.831378521098102
 20
9.924666185297347
 10
5.833961071673841
 20
9.930232111249197
 10
5.836406247131308
 20
9.93585974095982
 10
5.838712574531897
 20
9.941545684425869
 10
5.840878664577076
 20
9.947286516516591
 10
5.842903212445307
 20
9.953078779037149
 10
5.8447849985779925
 20
9.958918982811724
 10
5.846522889414189
 20
9.964803609785392
 10
5.872894878520071
 20
10.05831057150418
 10
5.87448775895264
 20
10.064235810053084
 10
5.8759347507754995
 20
10.070198354358865
 10
5.877234982419793
 20
10.0761946129928
 10
5.878387670714929
 20
10.082220974218949
 10
5.879392121360368
 20
10.088273808169653
 10
5.880247729343736
 20
10.094349469031869
 10
5.880953979305346
 20
10.100444297243193
 10
5.881510445848548
 20
10.106554621696127
 10
5.881916793795952
 20
10.112676761949295
 10
5.882172778391364
 20
10.118807030444295
 10
5.882278245447182
 20
10.124941734726818
 10
5.882233131437275
 20
10.13107717967074
 10
5.882037463535212
 20
10.137209669703836
 10
5.88169135959798
 20
10.143335511033683
 10
5.881195028094879
 20
10.149451013872607
 10
5.880548767982063
 20
10.155552494660121
 10
5.869130771430207
 20
10.252033465115936
 10
5.8683349224566115
 20
10.258117594240936
 10
5.867389996542926
 20
10.264180359106575
 10
5.866296562912652
 20
10.270218107502672
 10
5.865055280250289
 20
10.276227202288958
 10
5.863666896304679
 20
10.282204023586104
 10
5.862132247438424
 20
10.288144970956324
 10
5.860452258124184
 20
10.294046465572308
 10
5.8586279403876915
 20
10.299904952373069
 10
5.858148310780578
 20
10.301381135477278
 10
5.831063271378525
 20
10.472381680395934
 10
5.831063272482112
 20
10.645542193733768
 10
5.858148198859439
 20
10.816542825772167
 10
5.884689531193416
 20
10.898228546690042
 10
5.885101543190004
 20
10.897816533925159
 10
5.8822781895798215
 20
10.889925789187004
 10
5.880282160828784
 20
10.884123761228167
 10
5.878429122138314
 20
10.878274495733962
 10
5.876720189709644
 20
10.872381516083195
 10
5.875156392939772
 20
10.866448371986465
 10
5.854888192380386
 20
10.785533179559941
 10
5.853470473241998
 20
10.779563444921436
 10
5.852199685716101
 20
10.773560715686045
 10
5.851076595277576
 20
10.767528607673384
 10
5.850101878434103
 20
10.761470754399781
 10
5.837862350571129
 20
10.678958559682826
 10
5.837036594455682
 20
10.672878610172553
 10
5.83636029647289
 20
10.666780226759862
 10
5.835833863999355
 20
10.660667082882895
 10
5.835457614138306
 20
10.654542860870933
 10
5.831364632315882
 20
10.57122830140461
 10
5.831138791706181
 20
10.565096690260006
 10
5.831063496385767
 20
10.558961383436028
 10
5.831138791709719
 20
10.552826076612092
 10
5.831364632322959
 20
10.546694465467617
 10
5.835457614193459
 20
10.463379906003176
 10
5.835833864058031
 20
10.457255683991413
 10
5.836360296535105
 20
10.451142540114724
 10
5.837036594521422
 20
10.445044156702409
 10
5.837862350640364
 20
10.438964207192583
 10
5.850101878550959
 20
10.35645201248267
 10
5.851076595397927
 20
10.350394159209635
 10
5.852199685839935
 20
10.344362051197642
 10
5.853470473369299
 20
10.338359321962983
 10
5.854888192511126
 20
10.33238958732531
 10
5.875156393117123
 20
10.251474394910765
 10
5.87672018989042
 20
10.245541250814938
 10
5.878429122322487
 20
10.239648271165166
 10
5.880282161016325
 20
10.233799005672033
 10
5.882278189770716
 20
10.227996977714355
 10
5.910379869220719
 20
10.149458045130515
 10
5.912517685702554
 20
10.143706749633019
 10
5.91479600217113
 20
10.138009650961024
 10
5.917213446253825
 20
10.132370180833739
 10
5.919768561772685
 20
10.12679173625709
 10
5.955433085531467
 20
10.05138543635882
 10
5.958124333380482
 20
10.045871377579203
 10
5.960950092452563
 20
10.040425026059474
 10
5.963908660616113
 20
10.035049662478137
 10
5.966998255740279
 20
10.02974852475321
 10
6.009882154948116
 20
9.958201061429357
 10
6.013100915976324
 20
9.952977342768001
 10
6.016446904047299
 20
9.947834189743006
 10
6.019918103662931
 20
9.942774700397422
 10
6.023512423902389
 20
9.937801922378455
 10
6.0732027031668565
 20
9.870802336813156
 10
6.076917978946
 20
9.865919265536341
 10
6.08075197232165
 20
9.861128842381227
 10
6.084702373839534
 20
9.856433952919588
 10
6.088766803925509
 20
9.85183742517728
 10
6.144784918693958
 20
9.79003096000499
 10
6.148960929087323
 20
9.785535562758454
 10
6.153246004315577
 20
9.781144003866892
 10
6.1576375632096045
 20
9.776858928641182
 10
6.16213296045855
 20
9.772682918250403
 10
6.223939425663218
 20
9.716664803517538
 10
6.228535953407885
 20
9.7126003734342
 10
6.233230842871819
 20
9.708649971919009
 10
6.238021266029165
 20
9.704815978546115
 10
6.242904337308133
 20
9.701100702769772
 10
6.309903922902251
 20
9.651410423543858
 10
6.314876700923293
 20
9.647816103307278
 10
6.31993619027088
 20
9.644344903694552
 10
6.325079343297816
 20
9.640998915626547
 10
6.3303030619610325
 20
9.637780154601352
 10
6.4018505253092
 20
9.594896255435067
 10
6.407151663035876
 20
9.59180666031397
 10
6.412527026618903
 20
9.588848092153547
 10
6.417973378140232
 20
9.586022333084621
 10
6.423487436921377
 20
9.583331085238804
 10
6.498893736840273
 20
9.547666561523464
 10
6.504472181418407
 20
9.545111446007809
 10
6.510111651547106
 20
9.542694001928368
 10
6.51580875022043
 20
9.54041568546306
 10
6.521560045719184
 20
9.538277868984537
 10
6.6000989783192665
 20
9.51017618957983
 10
6.6059010062780885
 20
9.508180160828793
 10
6.6117502717723085
 20
9.50632712213833
 10
6.617643251423061
 20
9.50461818970966
 10
6.623576395519791
 20
9.503054392939788
 10
6.704491587946336
 20
9.482786192380388
 10
6.71046132258482
 20
9.481368473242
 10
6.716464051820225
 20
9.480097685716103
 10
6.722496159832872
 20
9.47897459527757
 10
6.728554013106475
 20
9.477999878434098
 10
6.811066207823245
 20
9.465760350571138
 10
6.817146157333525
 20
9.464934594455698
 10
6.823244540746231
 20
9.464258296472899
 10
6.829357684623204
 20
9.463731863999357
 10
6.835481906635181
 20
9.463355614138315
 10
6.91879646610181
 20
9.459262632315877
 10
6.92492807724642
 20
9.459036791706183
 10
6.931063384070399
 20
9.458961496385768
 10
6.937198690894348
 20
9.459036791709721
 10
6.943330302038817
 20
9.459262632322954
 10
7.0266448615030015
 20
9.463355614193446
 10
7.032769083514751
 20
9.463731864058019
 10
7.03888222739144
 20
9.464258296535085
 10
7.044980610803748
 20
9.464934594521402
 10
7.051060560313545
 20
9.465760350640352
 10
7.133572755023522
 20
9.477999878550946
 10
7.139630608296585
 20
9.478974595397915
 10
7.145662716308607
 20
9.48009768583993
 10
7.151665445543273
 20
9.481368473369294
 10
7.157635180180961
 20
9.482786192511128
 10
7.238550372595455
 20
9.503054393117132
 10
7.244483516691247
 20
9.504618189890422
 10
7.2503764963409765
 20
9.506327122322482
 10
7.256225761834088
 20
9.508180161016305
 10
7.262027789791716
 20
9.510176189770675
 10
7.340566722375485
 20
9.538277869220614
 10
7.346318010316423
 20
9.540415682787554
 10
7.352015101579468
 20
9.542693995972108
 10
7.357654564458954
 20
9.545111436407225
 10
7.363233001962271
 20
9.547666547921025
 10
7.386320902055473
 20
9.558586307761345
 10
8.435648244006046
 20
9.558586290976535
 10
8.515448114255861
 20
9.47878641938317
 10
8.614999160171777
 20
9.333460179212992
 10
8.686150522884304
 20
9.172316978446482
 10
8.727148216735515
 20
8.998001526240792
 10
8.731563496256797
 20
8.934391366189004
 10
8.731563496301021
 20
8.830025393255553
 10
8.731638791923018
 20
8.823890074324062
 10
8.731864633428387
 20
8.81775845109393
 10
8.732240884778122
 20
8.8116342170403
 10
8.732767319331572
 20
8.805521061187328
 10
8.733443619983007
 20
8.799422665886048
 10
8.734269379352583
 20
8.793342704596256
 10
8.735244100031764
 20
8.787284839673745
 10
8.736367194882945
 20
8.781252720164233
 10
8.755321189169308
 20
8.685964749369688
 10
8.756591954063396
 20
8.679962131790582
 10
8.758009645116118
 20
8.673992507573253
 10
8.759573408395084
 20
8.66805947246258
 10
8.761282301982732
 20
8.662166600164355
 10
8.763135296543709
 20
8.656317440192694
 10
8.765131275944839
 20
8.650515515732017
 10
8.767269037927349
 20
8.644764321514884
 10
8.769547294831256
 20
8.639067321717015
 10
8.771964674370679
 20
8.633427947870622
 10
8.774519720460688
 20
8.627849596797496
 10
8.777210894094225
 20
8.622335628562972
 10
8.780036574269076
 20
8.616889364451993
 10
8.78299505896436
 20
8.611514084968583
 10
8.786084566165755
 20
8.60621302785988
 10
8.7893032349387
 20
8.6009893861659
 10
8.792649126549492
 20
8.595846306296217
 10
8.846625110064082
 20
8.515064331054944
 10
8.850096398972312
 20
8.51000464135926
 10
8.85369081768576
 20
8.505031668343705
 10
8.857406200908741
 20
8.500148407751894
 10
8.86124031047595
 20
8.495357801284264
 10
8.865190836700776
 20
8.490662734825932
 10
8.869255399766558
 20
8.486066036708237
 10
8.873431551160365
 20
8.48157047600494
 10
8.877716775147888
 20
8.477178760864142
 10
10.489280761249205
 20
6.8656147748305685
 10
10.49367247642229
 20
6.861329550812684
 10
10.498168037159331
 20
6.8571533993901
 10
10.502764735312184
 20
6.853088836297182
 10
10.507459801807045
 20
6.849138310046953
 10
10.512250408312497
 20
6.845304200456077
 10
10.51713366894333
 20
6.841588817211239
 10
10.522106641999102
 20
6.837994398477775
 10
10.527166331736083
 20
6.834523109551405
 10
10.607948307044552
 20
6.780547126162531
 10
10.613091386919109
 20
6.77720123455925
 10
10.618315028617786
 20
6.773982565793936
 10
10.623616085730959
 20
6.770893058600308
 10
10.628991365218695
 20
6.767934573912861
 10
10.634437629333775
 20
6.765108893745968
 10
10.639951597572207
 20
6.76241772012051
 10
10.645529948649056
 20
6.759862674038644
 10
10.651169322498959
 20
6.757445294507448
 10
10.656866322300147
 20
6.755167037611876
 10
10.662617516520385
 20
6.7530292756377435
 10
10.668419440983968
 20
6.7510332962451045
 10
10.6742686009583
 20
6.749180301692668
 10
10.680161473259005
 20
6.7474714081136185
 10
10.686094508371951
 20
6.745907644843321
 10
10.692064132591327
 20
6.744489953799317
 10
10.698066750172273
 20
6.743219188913969
 10
10.793354721008285
 20
6.724265194763895
 10
10.799386840487728
 20
6.723142099927017
 10
10.80544470537967
 20
6.722167379260625
 10
10.81152466663849
 20
6.721341619902304
 10
10.817623061908478
 20
6.720665319260576
 10
10.823736217729817
 20
6.720138884715261
 10
10.829860451751614
 20
6.719762633372099
 10
10.8359920749497
 20
6.719536791871725
 10
10.84212739384904
 20
6.719461496253139
 10
12.922332380644463
 20
6.71946149626384
 10
12.927785352325657
 20
6.719520973142146
 10
12.933235729400849
 20
6.719699375477035
 10
12.93868091849862
 20
6.719996618381977
 10
12.971182902137912
 20
6.722126617366364
 10
12.977115285999218
 20
6.722586353729859
 10
12.983035048328219
 20
6.723187144683543
 10
12.988938835741607
 20
6.723928649895782
 10
12.99482330390532
 20
6.724810449324174
 10
13.000685119429278
 20
6.7258320434534795
 10
13.006520961755399
 20
6.726992853578572
 10
13.012327525038756
 20
6.728292222132303
 10
13.018101520020167
 20
6.729729413057946
 10
13.02383967588949
 20
6.731303612226178
 10
13.029538742138499
 20
6.733013927896252
 10
13.035195490402145
 20
6.734859391221157
 10
13.127194459077202
 20
6.766089380686822
 10
13.132980002280107
 20
6.76813285912278
 10
13.138713653047716
 20
6.770317707663452
 10
13.144391957583167
 20
6.772642610214888
 10
13.150011495428572
 20
6.775106166318345
 10
13.155568881525568
 20
6.77770689199393
 10
13.161060768254345
 20
6.7804432206344885
 10
13.166483847450138
 20
6.78331350394928
 10
13.171834852395932
 20
6.786316012956881
 10
13.177110559790407
 20
6.789448939026663
 10
13.182307791689396
 20
6.792710394968282
 10
13.187423417420234
 20
6.796098416168441
 10
13.192454355467675
 20
6.7996109617743485
 10
13.19739757533003
 20
6.803245915923064
 10
13.202250099344695
 20
6.807001089016019
 10
13.207009004481762
 20
6.810874219038013
 10
13.21167142410485
 20
6.814862972919741
 10
13.284715394119331
 20
6.87892194674761
 10
13.289278350138943
 20
6.883023765530162
 10
13.293739271195193
 20
6.887236326306208
 10
13.2980954703512
 20
6.891557091733205
 10
13.302344323747036
 20
6.89598345929393
 10
13.306483272180088
 20
6.900512762864061
 10
13.310509822646594
 20
6.9051422743180595
 10
13.31442154984316
 20
6.9098692051723845
 10
13.318216097627698
 20
6.91469070826507
 10
13.321891180438485
 20
6.919603879470692
 10
13.325444584670947
 20
6.924605759449527
 10
13.328874170010806
 20
6.92969333543013
 10
13.332177870723456
 20
6.934863543023951
 10
13.33535369689804
 20
6.940113268071116
 10
13.338399735646078
 20
6.945439348516189
 10
13.341314152253688
 20
6.950838576312748
 10
13.344095191286698
 20
6.956307699355683
 10
13.387066173598896
 20
7.0434436637014315
 10
13.389712267708859
 20
7.048979620506877
 10
13.392221703908518
 20
7.054578849181482
 10
13.394592970568254
 20
7.0602379768721235
 10
13.396824639288837
 20
7.0659535946438226
 10
13.398915365761724
 20
7.0717222595332245
 10
13.400863890578933
 20
7.077540496622525
 10
13.40266903999165
 20
7.083404801132723
 10
13.404329726617306
 20
7.0893116405348025
 10
13.405844950094519
 20
7.095257456677665
 10
13.4072137976857
 20
7.101238667931476
 10
13.408435444827006
 20
7.107251671345139
 10
13.409509155624846
 20
7.113292844816677
 10
13.410434283299281
 20
7.11935854927507
 10
13.411210270573577
 20
7.125445130872386
 10
13.411836650009946
 20
7.131548923184731
 10
13.412313044291096
 20
7.137666249420882
 10
13.418667041594233
 20
7.234613209710339
 10
13.418993162331248
 20
7.240740350244302
 10
13.419168816197839
 20
7.246873648832924
 10
13.4191938973851
 20
7.253009410952828
 10
13.4190683907849
 20
7.259143940596687
 10
13.41879237199879
 20
7.265273542499564
 10
13.418366007292576
 20
7.271394524364858
 10
13.417789553496164
 20
7.27750319908845
 10
13.417063357848775
 20
7.283595886979668
 10
13.416187857789907
 20
7.289668917977856
 10
13.41516358069569
 20
7.29571863386311
 10
13.413991143561304
 20
7.301741390459881
 10
13.412671252629309
 20
7.307733559832123
 10
13.41120470296417
 20
7.31369153246866
 10
13.40959237797341
 20
7.319611719457441
 10
13.407835248875386
 20
7.3254905546474305
 10
13.405934374114395
 20
7.331324496796697
 10
13.374704386819332
 20
7.4233234590773876
 10
13.37266090838591
 20
7.429109002273343
 10
13.37047605984813
 20
7.43484265303416
 10
13.368151157299906
 20
7.440520957562924
 10
13.365687601199994
 20
7.4461404954018136
 10
13.363086875528296
 20
7.451697881492464
 10
13.360350546891937
 20
7.457189768215066
 10
13.357480263581635
 20
7.462612847404863
 10
13.354477754578852
 20
7.467963852344894
 10
13.351344828514158
 20
7.473239559733791
 10
13.348083372577918
 20
7.4784367916274235
 10
13.34469535138345
 20
7.4835524173531525
 10
13.341182805783461
 20
7.488583355395733
 10
13.337547851640977
 20
7.493526575253476
 10
13.33379267855446
 20
7.498379099263772
 10
13.32991954853918
 20
7.503138004396767
 10
13.325930794664401
 20
7.507800424016068
 10
13.261871814240749
 20
7.580844401621164
 10
13.257770072351008
 20
7.585407274190672
 10
13.253557592517268
 20
7.589868115620952
 10
13.249236911939533
 20
7.5942242391224895
 10
13.244810632987594
 20
7.598473020977963
 10
13.240281421633824
 20
7.602611902122497
 10
13.235652005847328
 20
7.60663838968506
 10
13.230925173950908
 20
7.6105500584898635
 10
13.22610377294157
 20
7.614344552517117
 10
13.02227049163696
 20
7.770751507356394
 10
12.924163006206157
 20
7.868858992726587
 10
12.919771291038359
 20
7.873144216736996
 10
12.915275730306917
 20
7.877320368152418
 10
12.910679032159976
 20
7.881384931238465
 10
12.905983965671368
 20
7.885335457482142
 10
12.901193359172453
 20
7.889169567066801
 10
12.89631009854844
 20
7.892884950305756
 10
12.891337125499774
 20
7.896479369033692
 10
12.886277435770126
 20
7.899950657954875
 10
12.805495460461657
 20
7.953926641343742
 10
12.8003523805871
 20
7.957272532947023
 10
12.795128738888451
 20
7.96049120171233
 10
12.78982768177525
 20
7.963580708905965
 10
12.784452402287542
 20
7.9665391935934124
 10
12.779006138172434
 20
7.9693648737602985
 10
12.773492169934002
 20
7.972056047385756
 10
12.767913818857181
 20
7.974611093467622
 10
12.76227444500725
 20
7.977028472998818
 10
12.75657744520609
 20
7.97930672989439
 10
12.750826250985853
 20
7.981444491868523
 10
12.74502432652227
 20
7.983440471261154
 10
12.739175166547938
 20
7.985293465813591
 10
12.733282294247232
 20
7.9870023593926405
 10
12.727349259134286
 20
7.988566122662938
 10
12.72137963491491
 20
7.989983813706942
 10
12.715377017333964
 20
7.991254578592283
 10
12.620089046497952
 20
8.010208572742364
 10
12.6140569821805
 20
8.011331658007713
 10
12.607999172887077
 20
8.012306371815818
 10
12.601919267563261
 20
8.013132127043932
 10
12.595820928464292
 20
8.013808426295107
 10
12.589707828949031
 20
8.014334862197792
 10
12.583583651267332
 20
8.014711117651224
 10
12.57745208434207
 20
8.014936966016421
 10
12.571316821546986
 20
8.01501227125273
 10
12.445623790555004
 20
8.015012496438594
 10
12.605012283847628
 20
8.015012496498848
 10
12.611147590670612
 20
8.015087791823326
 10
12.617279201814142
 20
8.015313632437042
 10
12.623403423824897
 20
8.015689882302048
 10
12.629516567700591
 20
8.016216314779498
 10
12.635614951111904
 20
8.01689261276615
 10
12.641694900620706
 20
8.01771836888539
 10
12.647752753892775
 20
8.018693085732608
 10
12.653784861903802
 20
8.019816176174814
 10
12.659787591137501
 20
8.021086963704334
 10
12.665757325774194
 20
8.022504682846268
 10
12.67169046986902
 20
8.024068479619622
 10
12.677583449517783
 20
8.025777412051688
 10
12.6834327150099
 20
8.027630450745484
 10
12.68923474296659
 20
8.029626479499775
 10
12.694986038463156
 20
8.031764295981489
 10
12.700683137134206
 20
8.034042612449902
 10
12.706322607260574
 20
8.036460056532377
 10
12.711901051836321
 20
8.039015172050988
 10
12.717415110615036
 20
8.041706419899697
 10
12.722861462133864
 20
8.044532178971423
 10
12.728236825714333
 20
8.047490747134567
 10
12.733537963438408
 20
8.050580342258293
 10
12.738761682098925
 20
8.053799103286032
 10
12.743904835123146
 20
8.057145091356496
 10
12.748964324467948
 20
8.060616290971588
 10
12.75393710248619
 20
8.064210611210456
 10
12.758820173762302
 20
8.067925886988988
 10
12.763610596916749
 20
8.071759880363977
 10
12.768305486377756
 20
8.075710281881186
 10
12.772902014119438
 20
8.079774711966444
 10
12.7773974113654
 20
8.083950722359056
 10
12.7817889702564
 20
8.088235797586506
 10
12.786074045481598
 20
8.092627356479717
 10
12.790250055871894
 20
8.097122753727824
 10
12.7943144859548
 20
8.101719281471603
 10
12.798264887469571
 20
8.106414170934634
 10
12.802098880842095
 20
8.111204594091056
 10
12.805814156618112
 20
8.11608766536908
 10
12.80940847685443
 20
8.121060443389155
 10
12.812879676466935
 20
8.126119932735755
 10
12.816225664534727
 20
8.131263085761688
 10
12.819444425559794
 20
8.136486804423882
 10
12.822534020680791
 20
8.141787942149541
 10
12.825492588841172
 20
8.147163305731524
 10
12.828318347910084
 20
8.152609657251809
 10
12.831009595755972
 20
8.158123716031895
 10
12.83356471127172
 20
8.163702160608956
 10
12.835982155351275
 20
8.169341630736568
 10
12.838260471816767
 20
8.175038729408811
 10
12.840398288295518
 20
8.180790024906457
 10
12.842394317046825
 20
8.186592052864171
 10
12.844247355737622
 20
8.192441318357254
 10
12.845956288166661
 20
8.198334298006898
 10
12.847520084936946
 20
8.204267442102513
 10
12.848937804075803
 20
8.210237176739952
 10
12.85020859160224
 20
8.216239905974291
 10
12.851331682041348
 20
8.2222720139859
 10
12.852306398885446
 20
8.228329867258466
 10
12.85313215500156
 20
8.234409816767702
 10
12.853808452985078
 20
8.240508200179363
 10
12.854334885459394
 20
8.246621344055313
 10
12.854711135321253
 20
8.252745566066281
 10
12.854936975931793
 20
8.258877177209918
 10
12.855012271253116
 20
8.265012484032944
 10
12.85501227100761
 20
10.065012283787226
 10
12.854936975700838
 20
10.071147589949788
 10
12.854711135137222
 20
10.077279200434106
 10
12.85433488535466
 20
10.083403421788098
 10
12.853808452991899
 20
10.08951656501062
 10
12.853132155152053
 20
10.095614947773562
 10
12.852306399211557
 20
10.101694896639984
 10
12.851331682574795
 20
10.10775274927682
 10
12.850208592374514
 20
10.11378485666095
 10
12.848937805118112
 20
10.119787585277209
 10
12.847520086280127
 20
10.125757319307134
 10
12.845956289841183
 20
10.13169046280693
 10
12.844247357773611
 20
10.13758344187358
 10
12.842394319473954
 20
10.143432706797618
 10
12.840398291142947
 20
10.149234734201329
 10
12.838260475113174
 20
10.154986029161108
 10
12.835982159124768
 20
10.16068312731268
 10
12.83356471554984
 20
10.166322596937874
 10
12.831009600565636
 20
10.17190104103181
 10
12.82831835327758
 20
10.17741509934907
 10
12.825492594792053
 20
10.182861450427822
 10
12.822534027239925
 20
10.188236813590542
 10
12.819444432751311
 20
10.19353795092016
 10
12.816225672381961
 20
10.198761669210455
 10
12.812879684992396
 20
10.20390482188953
 10
12.809408486079803
 20
10.2089643109152
 10
12.805814166564204
 20
10.213937088641124
 10
12.8020988915288
 20
10.21882015965258
 10
12.798264898915875
 20
10.22361058257082
 10
12.794314498178721
 20
10.228305471824825
 10
12.790250068890487
 20
10.232901999389469
 10
12.786074059310891
 20
10.237397396489023
 10
12.781788984911401
 20
10.241788955264951
 10
12.777397426860063
 20
10.24607403040703
 10
12.77290203046664
 20
10.25025004074677
 10
12.76830550358926
 20
10.254314470812254
 10
12.763610615003245
 20
10.258264872343297
 10
12.75882019273331
 20
10.262098865766262
 10
12.753937122350095
 20
10.26581414162736
 10
12.74896434523194
 20
10.269408461983822
 10
12.74390485679325
 20
10.272879661751936
 10
12.738761704679945
 20
10.276225650011199
 10
12.733537986933925
 20
10.279444411263846
 10
12.728236850126763
 20
10.28253400664886
 10
12.722861487464314
 20
10.28549257510992
 10
12.717415136863366
 20
10.28831833451639
 10
12.711901079001194
 20
10.29100958273684
 10
12.706322635339319
 20
10.293564698664326
 10
12.7006831661229
 20
10.295982143192873
 10
12.69498606835657
 20
10.298260460144618
 10
12.689234773758272
 20
10.300398277146911
 10
12.683432746692091
 20
10.302394306459007
 10
12.677583482081388
 20
10.30424734574774
 10
12.671690503303722
 20
10.305956278811784
 10
12.66575736006834
 20
10.307520076253972
 10
12.65978762627816
 20
10.30893779610141
 10
12.653784897876761
 20
10.310208584372852
 10
12.647752790682546
 20
10.31133167559313
 10
12.641694938210549
 20
10.31230639325424
 10
12.635614989483742
 20
10.31313215022282
 10
12.629516606835153
 20
10.313808449093877
 10
12.623403463701663
 20
10.314334882490328
 10
12.617279242411286
 20
10.314711133308457
 10
12.611147631965139
 20
10.314936974908896
 10
12.605012325815323
 20
10.315012271253124
 10
12.205012823324921
 20
10.315012496272566
 10
12.571316374164155
 20
10.315012496301037
 10
12.577451755839462
 20
10.315087793461203
 10
12.583583441700057
 20
10.315313639583458
 10
12.5897077381575
 20
10.31568989862322
 10
12.595820956074647
 20
10.316216343930577
 10
12.601919412987684
 20
10.316892658386827
 10
12.607999435324558
 20
10.317718434595484
 10
12.614057360617835
 20
10.318693175127706
 10
12.620089539710733
 20
10.319816292821912
 10
12.71537651050528
 20
10.338770287108233
 10
12.721379094919058
 20
10.340041057181388
 10
12.727348686031888
 20
10.341458751848492
 10
12.733281688155557
 20
10.343022517183726
 10
12.739174527640756
 20
10.344731411277934
 10
12.745023655029371
 20
10.346584404805967
 10
12.750825547192676
 20
10.34858038164667
 10
12.756576709453299
 20
10.350718139555177
 10
12.762273677690217
 20
10.352996390887036
 10
12.767913020425254
 20
10.355413763373832
 10
12.77349134089016
 20
10.357968800949735
 10
12.77900527907238
 20
10.360659964628532
 10
12.784451513739015
 20
10.363485633430628
 10
12.78982676443735
 20
10.366444105359406
 10
12.795127793470698
 20
10.3695335984264
 10
12.80035140784861
 20
10.372752251724648
 10
12.805494461210117
 20
10.376098126549572
 10
12.88627643645168
 20
10.430074110064439
 10
12.89133612599187
 20
10.433545398863167
 10
12.896309098857387
 20
10.437139817459538
 10
12.901192359304929
 20
10.440855200558083
 10
12.90598296563428
 20
10.444689309993706
 10
12.9106780319606
 20
10.448639836080005
 10
12.915274729952841
 20
10.452704399000595
 10
12.919770290537457
 20
10.45688055024275
 10
12.924162005566586
 20
10.461165774072391
 10
13.022272434536802
 20
10.559276201852676
 10
13.024794169037762
 20
10.561211286225884
 10
13.214736834409592
 20
10.706957237466781
 10
13.424801324171312
 20
10.828236619083576
 10
13.49033428986732
 20
10.855382056498478
 10
13.648914178990111
 20
10.92106783035858
 10
13.883226959776124
 20
10.983850947479574
 10
14.123723998914045
 20
11.01551249619714
 10
14.366300567274749
 20
11.0155124953681
 10
14.606801316431444
 20
10.983850039536364
 10
14.741767995020552
 20
10.947685943827075
 10
14.84111222908274
 20
10.921066887964969
 10
15.065231233890472
 20
10.828232599557836
 10
15.275300870627007
 20
10.706948107567484
 10
15.467750531988258
 20
10.559277003944537
 10
15.639276524846252
 20
10.387751009914055
 10
15.786952506686276
 20
10.19529280011519
 10
15.864546726636007
 20
10.06089540701177
 10
15.90823637576392
 20
9.985223548757183
 10
15.925805513628546
 20
9.942807788371361
 10
15.928222876693695
 20
9.937168487197646
 10
15.930777902895585
 20
9.93159020762198
 10
15.933469053275871
 20
9.926076309586364
 10
15.936294706885178
 20
9.920630114254116
 10
15.939253161759211
 20
9.915254902009487
 10
15.942342635944158
 20
9.909953910481754
 10
15.945561268569861
 20
9.90473033259515
 10
15.94890712097066
 20
9.899587314645672
 10
16.00288311006409
 20
9.818805331054946
 10
16.00635439897414
 20
9.81374564135669
 10
16.00994881768952
 20
9.808772668338648
 10
16.013664200914576
 20
9.803889407744457
 10
16.017498310483944
 20
9.799098801274539
 10
16.021448836711045
 20
9.794403734814026
 10
16.025513399779243
 20
9.78980703669425
 10
16.02968955117558
 20
9.78531147598899
 10
16.03397477516569
 20
9.780919760846338
 10
17.043099597316854
 20
8.771794938940879
 10
17.043140941348526
 20
8.771754594434114
 10
17.21231469421241
 20
8.602579904639803
 10
17.3480098101127
 20
8.425737287195837
 10
17.45947004037228
 20
8.232682301170293
 10
17.530183935322242
 20
8.061962770191137
 10
17.544773082890003
 20
8.026741796682437
 10
17.602467112371187
 20
7.8114240417136855
 10
17.631563496231593
 20
7.590418281863343
 10
17.63156349533361
 20
6.907504472536424
 10
17.60246710992388
 20
6.686498713489385
 10
17.5447729245966
 20
6.4711803832328485
 10
17.4594681707799
 20
6.2652357422019875
 10
17.348011190607224
 20
6.072187089480607
 10
17.212310334317436
 20
5.89533858168496
 10
15.054673098834996
 20
3.7377043021203704
 10
14.87783769959205
 20
3.602013588403075
 10
14.684789014053166
 20
3.490556591177935
 10
14.478844372394718
 20
3.4052518388773834
 10
14.263526041713561
 20
3.347557655135077
 10
14.042520281727235
 20
3.3184612712567514
 10
9.819605985616846
 20
3.3184612721905395
 10
9.598600570472883
 20
3.34755674049741
 10
9.41590154688285
 20
3.3965111520732734
 10
9.383280356395233
 20
3.405251746546554
 10
9.177338366654084
 20
3.49055627398252
 10
9.164600510359406
 20
3.497910531699148
 10
8.984293862630352
 20
3.602010826346259
 10
8.909213376497803
 20
3.6596216240395023
 10
8.807439886483564
 20
3.737714117455326
 10
6.472846043931668
 20
6.0723089550011125
 10
6.4684542605732815
 20
6.07659424574215
 10
6.463958628440167
 20
6.080770460478718
 10
6.4593618558076855
 20
6.084835083360083
 10
6.454666711880691
 20
6.088785665761051
 10
6.449876025125121
 20
6.09261982775714
 10
6.444992681564258
 20
6.0963352595582805
 10
6.44001962304003
 20
6.099929722900278
 10
6.434959845440801
 20
6.1034010523932025
 10
6.354178870132415
 20
6.157376035782157
 10
6.349035818245326
 20
6.160721889040012
 10
6.343812206038024
 20
6.1639405210854505
 10
6.338511179856795
 20
6.1670299932349195
 10
6.333135932676868
 20
6.169988444601927
 10
6.327689702179072
 20
6.172814093217944
 10
6.322175768799752
 20
6.175505237105725
 10
6.316597453754824
 20
6.178060255304459
 10
6.310958117039306
 20
6.180477608846125
 10
6.305261155403514
 20
6.182755841682479
 10
6.299510000307052
 20
6.184893581562058
 10
6.293708115851942
 20
6.186889540856718
 10
6.28785899669613
 20
6.1887425173372606
 10
6.281966165948489
 20
6.190451394897529
 10
6.27603317304677
 20
6.192015144226687
 10
6.270063591619646
 20
6.193432823429212
 10
6.264061017334228
 20
6.194703578592232
 10
6.168773046497876
 20
6.21365757274237
 10
6.162740927090525
 20
6.2147806675667425
 10
6.156683062271227
 20
6.215755388224174
 10
6.15060310108548
 20
6.216581147577095
 10
6.14450470588892
 20
6.217257448217005
 10
6.138391550141137
 20
6.217783882764095
 10
6.13226731619298
 20
6.2181601341126225
 10
6.12613569306842
 20
6.2183859756219775
 10
6.1200003742423945
 20
6.218461271253126
 10
6.015634366427207
 20
6.2184612714969205
 10
5.9520149714276585
 20
6.222877688771142
 10
5.777704555519492
 20
6.263875379092227
 10
5.712663513914521
 20
6.292593781348309
 10
5.616564715586065
 20
6.3350255183391155
 10
5.471238335758528
 20
6.434576663517767
 10
5.346678653250322
 20
6.559136348123104
 10
5.247127265185625
 20
6.704463087767593
 10
5.232051514410287
 20
6.738606118470059
 10
5.175976074009995
 20
6.8656043586300655
 10
5.134977871519965
 20
7.039920768853904
 10
5.130563271253536
 20
7.103531054231311
 10
5.1305632713366975
 20
8.93438998426683
  0
LWPOLYLINE
  5
37
330
17
100
AcDbEntity
  8
0
100
AcDbPolyline
 90
17
 70
0
 10
10.555012496253113
 20
8.359383098909952
 10
10.555012496253113
 20
8.265012483753132
 10
10.55508779155906
 20
8.25887717759003
 10
10.55531363212188
 20
8.252745567105144
 10
10.555689881903675
 20
8.246621345750576
 10
10.556216314265669
 20
8.240508202527458
 10
10.556892612104804
 20
8.234409819763897
 10
10.557718368044618
 20
8.228329870896843
 10
10.558693084680726
 20
8.22227201825936
 10
10.559816174880382
 20
8.216239910874577
 10
10.561086962136187
 20
8.210237182257643
 10
10.562504680973603
 20
8.204267448227036
 10
10.562680095124364
 20
8.203601915742823
 10
10.560149737699902
 20
8.206132273302593
 10
10.556624507618892
 20
8.215584200784356
 10
10.555012292455302
 20
8.230580246422534
 10
10.555012496253113
 20
8.359383098909952
  0
LWPOLYLINE
  5
38
330
17
100
AcDbEntity
  8
0
100
AcDbPolyline
 90
16
 70
0
 10
10.743601903170628
 20
8.022680098021581
 10
10.744267407187209
 20
8.02250469125358
 10
10.750237140977902
 20
8.0210869714059
 10
10.756239869379783
 20
8.019816183134239
 10
10.762271976574482
 20
8.018693091913768
 10
10.768329829047019
 20
8.017718374252489
 10
10.774409777774338
 20
8.016892617283766
 10
10.780508160423437
 20
8.016216318412596
 10
10.786621303557467
 20
8.015689885016052
 10
10.792745524848385
 20
8.015313634197852
 10
10.798877135295044
 20
8.015087792597377
 10
10.804954820423944
 20
8.015013203414632
 10
10.770580357278448
 20
8.01501325270656
 10
10.75558020204059
 20
8.016626000112488
 10
10.746131940477397
 20
8.02015006057951
 10
10.743601903170628
 20
8.022680098021581
  0
LWPOLYLINE
  5
39
330
17
100
AcDbEntity
  8
0
100
AcDbPolyline
 90
44
 70
0
 10
6.591795637725028
 20
11.605335419809343
 10
6.673481537995144
 20
11.63187650581537
 10
6.844482587794289
 20
11.65896149612773
 10
7.017643193733733
 20
11.658961495024144
 10
7.188643825772289
 20
11.631876568646796
 10
7.270328960186191
 20
11.605335426879776
 10
7.269917224185036
 20
11.604923692948752
 10
7.2620277891869875
 20
11.607746577926427
 10
7.2562257612281655
 20
11.609742606677464
 10
7.250376495733946
 20
11.611595645367927
 10
7.244483516083193
 20
11.613304577796598
 10
7.238550371986463
 20
11.61486837456647
 10
7.157635179559918
 20
11.63513657512587
 10
7.151665444921434
 20
11.636554294264258
 10
7.145662715686029
 20
11.637825081790155
 10
7.139630607673382
 20
11.638948172228687
 10
7.133572754399779
 20
11.63992288907216
 10
7.051060559683009
 20
11.65216241693512
 10
7.044980610172729
 20
11.65298817305056
 10
7.038882226760023
 20
11.653664471033359
 10
7.03276908288305
 20
11.654190903506901
 10
7.026644860871073
 20
11.654567153367942
 10
6.943330301404444
 20
11.658660135190381
 10
6.937198690259834
 20
11.658885975800075
 10
6.9310633834358555
 20
11.65896127112049
 10
6.924928076611906
 20
11.658885975796537
 10
6.918796465467437
 20
11.658660135183304
 10
6.835481906003253
 20
11.654567153312811
 10
6.829357683991503
 20
11.654190903448239
 10
6.823244540114814
 20
11.653664470971172
 10
6.817146156702506
 20
11.652988172984855
 10
6.8110662071927095
 20
11.652162416865906
 10
6.728554012482732
 20
11.639922888955311
 10
6.722496159209669
 20
11.638948172108343
 10
6.716464051197647
 20
11.637825081666328
 10
6.710461321962981
 20
11.636554294136964
 10
6.704491587325293
 20
11.63513657499513
 10
6.623576394910799
 20
11.614868374389125
 10
6.617643250815007
 20
11.613304577615835
 10
6.611750271165278
 20
11.611595645183776
 10
6.605901005672166
 20
11.609742606489952
 10
6.600098977714538
 20
11.607746577735583
 10
6.592207938555788
 20
11.604923118774899
 10
6.591795637725028
 20
11.605335419809343
  0
LWPOLYLINE
  5
3A
330
17
100
AcDbEntity
  8
0
100
AcDbPolyline
 90
578
 70
0
 10
6.081063466100929
 20
6.818961501253128
 10
6.574897943336055
 20
6.818961476346651
 10
9.152980708196509
 20
4.240878711494354
 10
9.159128890687668
 20
4.234879606137326
 10
9.16542244687767
 20
4.229033191551217
 10
9.219984845494224
 20
4.179580716062709
 10
9.226419984336928
 20
4.173890513946311
 10
9.232992829586607
 20
4.168359951825323
 10
9.23969942200705
 20
4.162992361103569
 10
9.246535721797784
 20
4.157790975016987
 10
9.305682575708431
 20
4.11392467853382
 10
9.312644464938103
 20
4.108892630202853
 10
9.319727750024924
 20
4.1040329507452995
 10
9.326928164262824
 20
4.099348567450356
 10
9.33424137039151
 20
4.094842302015344
 10
9.397403064971826
 20
4.056984639219699
 10
9.404824657789362
 20
4.05265920605045
 10
9.412350166805737
 20
4.0485172106261444
 10
9.419975058935762
 20
4.044561147929933
 10
9.427694741229516
 20
4.040793400946072
 10
9.494262994833576
 20
4.0093089618253615
 10
9.50207281724309
 20
4.005731800103753
 10
9.509968075423387
 20
4.002347378392848
 10
9.517944013566137
 20
3.9991577353417327
 10
9.525995827264467
 20
3.9961647922721113
 10
9.595329551220061
 20
3.971356789186288
 10
9.603452390362548
 20
3.9685623489351443
 10
9.611641362054542
 20
3.9659680947688045
 10
9.61989153356572
 20
3.963575589368979
 10
9.628197935301245
 20
3.9613862738914634
 10
9.699629407945054
 20
3.9434936214717524
 10
9.707987036439022
 20
3.941508814678336
 10
9.716390857368623
 20
3.9397297121424018
 10
9.724835808586391
 20
3.9381573855287897
 10
9.733316803169487
 20
3.936792781948249
 10
9.806158100371078
 20
3.9259877962185854
 10
9.814670029664256
 20
3.9248317376599147
 10
9.823207766420666
 20
3.9238849204859036
 10
9.831766167826999
 20
3.9231479150238044
 10
9.840340078622262
 20
3.922621165218146
 10
9.913889701203203
 20
3.9190079039650385
 10
9.922473956791578
 20
3.918691727110037
 10
9.93106338633109
 20
3.9185863136593326
 10
13.931063381421353
 20
3.918586313665351
 10
13.939652811031777
 20
3.9186917271178174
 10
13.948237066690922
 20
3.91900790397807
 10
14.021786689514641
 20
3.9226211652732133
 10
14.030360600331079
 20
3.923147915083952
 10
14.038919001758387
 20
3.923884920552169
 10
14.047456738535601
 20
3.924831737733342
 10
14.0559686678493
 20
3.9259877963001983
 10
14.128809965044098
 20
3.9367927820774966
 10
14.137290959626313
 20
3.9381573856635796
 10
14.145735910843086
 20
3.9397297122827197
 10
14.15413973177155
 20
3.9415088148241537
 10
14.16249736026424
 20
3.943493621623027
 10
14.233928832895998
 20
3.9613862740893424
 10
14.242235234630016
 20
3.9635755895722795
 10
14.250485406139575
 20
3.9659680949774767
 10
14.258674377829806
 20
3.9685623491491455
 10
14.266797216970417
 20
3.9713567894055757
 10
14.336130940909698
 20
3.996164792536632
 10
14.344182754606095
 20
3.9991577356115187
 10
14.352158692746798
 20
4.0023473786678565
 10
14.360053950924907
 20
4.005731800383934
 10
14.367863773332118
 20
4.009308962110659
 10
14.4344320269158
 20
4.040793401274954
 10
14.442151709207081
 20
4.04456114826386
 10
14.44977660133452
 20
4.048517210965045
 10
14.457302110348223
 20
4.052659206394274
 10
14.464723703162917
 20
4.05698463956837
 10
14.52788539771882
 20
4.094842302405475
 10
14.535198603844577
 20
4.099348567845276
 10
14.542399018079465
 20
4.104032951144944
 10
14.549482303163131
 20
4.108892630607144
 10
14.556444192389534
 20
4.1139246789426736
 10
14.615591046271334
 20
4.157790975464373
 10
14.622427346041746
 20
4.162992361542244
 10
14.629133938442465
 20
4.168359952254384
 10
14.635706783672987
 20
4.173890514364864
 10
14.642141922497132
 20
4.179580716469893
 10
14.696704320912005
 20
4.229033191816235
 10
14.70299787704829
 20
4.234879606356046
 10
14.709146059488091
 20
4.240878711664209
 10
16.70914605601257
 20
6.240878708197222
 10
16.715145161369463
 20
6.247026890688282
 10
16.72099157595548
 20
6.253320446878156
 10
16.770444051443633
 20
6.307882845494277
 10
16.776134253560087
 20
6.314317984337052
 10
16.781664815681125
 20
6.320890829586801
 10
16.787032406402943
 20
6.327597422007329
 10
16.792233792489583
 20
6.334433721798121
 10
16.836100088972643
 20
6.393580575708711
 10
16.84113213730356
 20
6.400542464938347
 10
16.845991816761085
 20
6.407625750025133
 10
16.850676200056
 20
6.414826164262998
 10
16.855182465490998
 20
6.4221393703916405
 10
16.893040128286458
 20
6.485301064971658
 10
16.8973655614557
 20
6.49272265778918
 10
16.901507556880006
 20
6.500248166805562
 10
16.90546361957621
 20
6.50787305893558
 10
16.90923136656005
 20
6.5155927412293195
 10
16.940715805681094
 20
6.582160994834084
 10
16.94429296740276
 20
6.589970817243696
 10
16.947677389113693
 20
6.597866075424093
 10
16.950867032164865
 20
6.6058420135669635
 10
16.953859975234508
 20
6.613893827265407
 10
16.97866797832029
 20
6.683227551221165
 10
16.98146241857137
 20
6.691350390363496
 10
16.984056672737637
 20
6.699539362055333
 10
16.986449178137434
 20
6.707789533566341
 10
16.9886384936149
 20
6.716095935301695
 10
17.006531146034405
 20
6.787527407944488
 10
17.00851595282785
 20
6.79588503643852
 10
17.010295055363798
 20
6.804288857368192
 10
17.011867381977424
 20
6.8127338085860245
 10
17.01323198555798
 20
6.821214803169177
 10
17.02403697128767
 20
6.8940561003710386
 10
17.02519302984632
 20
6.902568029664209
 10
17.026139847020346
 20
6.911105766420633
 10
17.026876852482445
 20
6.919664167826959
 10
17.027403602288103
 20
6.928238078622229
 10
17.031016863541225
 20
7.001787701203611
 10
17.031333040396277
 20
7.010371956793975
 10
17.03143845384693
 20
7.018961386335491
 10
17.031438453840906
 20
7.478961381425599
 10
17.031333040388375
 20
7.487550811034048
 10
17.03101686352818
 20
7.49613506669121
 10
17.027403602233022
 20
7.56968468951478
 10
17.026876852422276
 20
7.578258600331154
 10
17.026139846954067
 20
7.586817001758405
 10
17.025193029772907
 20
7.595354738535541
 10
17.024036971206073
 20
7.603866667849168
 10
17.01323198542886
 20
7.676707965043647
 10
17.011867381842762
 20
7.685188959625954
 10
17.010295055223594
 20
7.693633910842813
 10
17.00851595268216
 20
7.7020377317713695
 10
17.00653114588323
 20
7.710395360264151
 10
16.988638493416687
 20
7.781826832896648
 10
16.986449177933764
 20
7.790133234630645
 10
16.984056672528567
 20
7.798383406140161
 10
16.981462418356926
 20
7.806572377830371
 10
16.978667978100503
 20
7.8146952169709465
 10
16.953859974969475
 20
7.884028940910106
 10
16.950867031894575
 20
7.892080754606546
 10
16.9476773888382
 20
7.900056692747292
 10
16.944292967122124
 20
7.90795195092543
 10
16.94071580539537
 20
7.915761773332669
 10
16.909231366231126
 20
7.982330026916138
 10
16.905463619242227
 20
7.990049709207376
 10
16.901507556541077
 20
7.997674601334772
 10
16.897365561111855
 20
8.005200110348412
 10
16.89304012793778
 20
8.012621703163063
 10
16.85518246510074
 20
8.075783397718851
 10
16.85067619966094
 20
8.083096603844616
 10
16.845991816361277
 20
8.090297018079482
 10
16.84113213689909
 20
8.097380303163149
 10
16.83610008856357
 20
8.10434219238956
 10
16.792233792041827
 20
8.163489046271415
 10
16.78703240596394
 20
8.170325346041857
 10
16.781664815251787
 20
8.177031938442575
 10
16.776134253141294
 20
8.183604783673111
 10
16.770444051036236
 20
8.190039922497277
 10
16.720991575689567
 20
8.244602320912485
 10
16.715145162150378
 20
8.250895875997777
 10
16.709146057893804
 20
8.257044057436346
 10
15.442358178185174
 20
9.52383195814781
 10
15.441187690751292
 20
9.527868196502766
 10
15.43859343658039
 20
9.536057168192016
 10
15.435798996324763
 20
9.544180007331661
 10
15.4060442767138
 20
9.627338877670816
 10
15.403051333639326
 20
9.635390691367405
 10
15.399861690583435
 20
9.6433666295083
 10
15.396477268867756
 20
9.651261887686609
 10
15.392900107141458
 20
9.659071710094025
 10
15.355137669974454
 20
9.738913675215386
 10
15.351369922985981
 20
9.746633357506845
 10
15.3474138602852
 20
9.754258249634468
 10
15.343271864856405
 20
9.761783758648349
 10
15.338946431682729
 20
9.769205351463249
 10
15.293539949872752
 20
9.844961489596578
 10
15.289033684433349
 20
9.852274695722585
 10
15.284349301134085
 20
9.859475109957707
 10
15.279489621672269
 20
9.866558395041636
 10
15.274457573337116
 20
9.87352028426831
 10
15.22184433612557
 20
9.944461022390882
 10
15.216642950034895
 20
9.951297322178469
 10
15.211275359309127
 20
9.958003914595693
 10
15.205744797184224
 20
9.96457675984204
 10
15.200054595063989
 20
9.971011898681326
 10
15.140741296686969
 20
10.036454038704527
 10
15.134894882136336
 20
10.0427475948498
 10
15.128895776816876
 20
10.048895777298092
 10
15.122747594365308
 20
10.054894882614207
 10
15.116454038216858
 20
10.060741297161421
 10
15.051011898160937
 20
10.120054595503177
 10
15.044576759318517
 20
10.12574479761993
 10
15.038003914069122
 20
10.131275359741288
 10
15.031297321648935
 20
10.136642950463433
 10
15.024461021858485
 20
10.141844336550406
 10
14.953520283707121
 20
10.194457573723362
 10
14.946558394477734
 20
10.199489622054699
 10
14.939475109391168
 20
10.204349301512636
 10
14.932274695153495
 20
10.20903368480797
 10
14.924961489025065
 20
10.213539950243373
 10
14.849205350867209
 20
10.258946432011953
 10
14.841783758049928
 20
10.263271865181608
 10
14.834258249033752
 20
10.267413860606318
 10
14.826633356903955
 20
10.271369923302935
 10
14.818913674610428
 20
10.275137670287215
 10
14.739071709468476
 20
10.312900107410698
 10
14.731261887059162
 20
10.31647726913274
 10
14.723366628879035
 20
10.319861690844078
 10
14.715390690736456
 20
10.323051333895627
 10
14.707338877038268
 20
10.326044276965682
 10
14.624180006682678
 20
10.355798996531433
 10
14.616057167540362
 20
10.358593436783018
 10
14.607868195848482
 20
10.361187690949805
 10
14.599618024337445
 20
10.363580196350071
 10
14.591311622602063
 20
10.365769511828042
 10
14.505636712413576
 20
10.387229959620988
 10
14.497279083919722
 20
10.389214766414852
 10
14.488875262990206
 20
10.390993868951242
 10
14.480430311772551
 20
10.392566195565315
 10
14.47194931718954
 20
10.393930799146318
 10
14.384583463388452
 20
10.406890299322733
 10
14.376071534074043
 20
10.408046357884487
 10
14.36753379729629
 20
10.408993175060544
 10
14.358975395868498
 20
10.409730180523638
 10
14.350401485051748
 20
10.41025693032924
 10
14.262186068568639
 20
10.414590675818062
 10
14.253601812966195
 20
10.41490685267177
 10
14.245012383412643
 20
10.415012266120492
 10
14.236422953859147
 20
10.414906852667094
 10
14.227838698256875
 20
10.414590675808704
 10
14.13962328177621
 20
10.410256930271828
 10
14.131049370959744
 20
10.409730180461558
 10
14.12249096953235
 20
10.408993174993803
 10
14.11395323275508
 20
10.408046357813099
 10
14.105441303441324
 20
10.406890299246697
 10
14.018075449647029
 20
10.393930799022648
 10
14.009594455064757
 20
10.392566195437027
 10
14.001149503847927
 20
10.390993868818349
 10
13.992745682919349
 20
10.389214766277377
 10
13.984388054426574
 20
10.387229959478951
 10
13.898713144250138
 20
10.3657695116394
 10
13.890406742515978
 20
10.363580196156917
 10
13.882156571006306
 20
10.361187690752168
 10
13.873967599315904
 20
10.358593436580946
 10
13.86584476017515
 20
10.35579899632495
 10
13.782685889835875
 20
10.326044276713965
 10
13.774634076139307
 20
10.323051333639512
 10
13.766658137998405
 20
10.319861690583615
 10
13.758762879820125
 20
10.316477268867963
 10
13.750953057412715
 20
10.312900107141651
 10
13.671111092291142
 20
10.275137669974583
 10
13.663391409999662
 20
10.271369922986104
 10
13.655766517871996
 20
10.26741386028533
 10
13.648241008858093
 20
10.26327186485652
 10
13.640819416043172
 20
10.258946431682823
 10
13.56506327790973
 20
10.213539949872782
 10
13.557750071783715
 20
10.209033684433386
 10
13.5505496575486
 20
10.204349301134108
 10
13.543466372464678
 20
10.1994896216723
 10
13.53650448323799
 20
10.194457573337154
 10
13.465563745115475
 20
10.141844336125658
 10
13.458727445327867
 20
10.136642950034975
 10
13.452020852910636
 20
10.1312753593092
 10
13.445448007664282
 20
10.125744797184275
 10
13.439012868824989
 20
10.120054595064026
 10
13.373570728801695
 20
10.060741296686906
 10
13.36727717265643
 20
10.054894882136288
 10
13.361128990208158
 20
10.048895776816835
 10
13.355129884892051
 20
10.042747594365288
 10
13.349283470344858
 20
10.036454038216853
 10
13.289970172002967
 20
9.971011898160803
 10
13.284279969886171
 20
9.964576759318348
 10
13.278749407764792
 20
9.958003914068911
 10
13.273381817042633
 20
9.951297321648696
 10
13.268180430955624
 20
9.944461021858203
 10
13.21556719378276
 20
9.873520283706902
 10
13.210535145451445
 20
9.86655839447753
 10
13.205675465993522
 20
9.859475109390992
 10
13.20099108269821
 20
9.852274695153369
 10
13.196484817262814
 20
9.84496148902496
 10
13.151078335494418
 20
9.769205350867402
 10
13.146752902324778
 20
9.7617837580501
 10
13.142610906900046
 20
9.754258249033931
 10
13.138654844203444
 20
9.74663335690412
 10
13.13488709721915
 20
9.738913674610579
 10
13.097124660095346
 20
9.659071709467916
 10
13.093547498373283
 20
9.651261887058517
 10
13.090163076661923
 20
9.643366628878333
 10
13.086973433610353
 20
9.635390690735669
 10
13.083980490540256
 20
9.627338877037417
 10
13.05422577097454
 20
9.544180006681664
 10
13.051431330723005
 20
9.536057167539468
 10
13.048837076556282
 20
9.527868195847752
 10
13.046444571156059
 20
9.51961802433685
 10
13.04425525567811
 20
9.511311622601603
 10
13.022794807885361
 20
9.425636712414146
 10
13.02081000109149
 20
9.41727908392022
 10
13.019030898555087
 20
9.408875262990634
 10
13.017458571940978
 20
9.400430311772887
 10
13.016093968359968
 20
9.391949317189805
 10
13.003134468183532
 20
9.304583463388418
 10
13.001978409621785
 20
9.29607153407406
 10
13.001031592445742
 20
9.28753379729632
 10
13.000294586982648
 20
9.278975395868592
 10
12.999767837177046
 20
9.27040148505187
 10
12.995434091688196
 20
9.182186068568562
 10
12.99511791483448
 20
9.17360181296607
 10
12.995012501385759
 20
9.165012383412446
 10
12.99511791483917
 20
9.156422953858886
 10
12.995434091697575
 20
9.147838698256564
 10
12.999767837234486
 20
9.059623281776005
 10
13.000294587044749
 20
9.051049370959618
 10
13.001031592512476
 20
9.042490969532338
 10
13.00197840969318
 20
9.03395323275516
 10
13.00313446825956
 20
9.025441303441482
 10
13.016093968483517
 20
8.938075449647478
 10
13.01745857206916
 20
8.9295944550651
 10
13.019030898687845
 20
8.92114950384817
 10
13.020810001228853
 20
8.912745682919514
 10
13.0227948080273
 20
8.904388054426633
 10
13.044255255867085
 20
8.818713144249472
 10
13.046444571349554
 20
8.810406742515347
 10
13.048837076754296
 20
8.802156571005696
 10
13.051431330925539
 20
8.793967599315337
 10
13.054225771181507
 20
8.785844760174605
 10
13.08398049079247
 20
8.70268588983545
 10
13.086973433866945
 20
8.694634076138861
 10
13.090163076922835
 20
8.686658137997966
 10
13.093547498638515
 20
8.678762879819658
 10
13.097124660364813
 20
8.670953057412248
 10
13.134887097531816
 20
8.59111109229088
 10
13.138654844520289
 20
8.583391409999422
 10
13.14261090722104
 20
8.575766517871799
 10
13.146752902649865
 20
8.568241008857918
 10
13.151078335823541
 20
8.56081941604301
 10
13.196484817633518
 20
8.485063277909681
 10
13.200991083072921
 20
8.477750071783674
 10
13.205675466372185
 20
8.470549657548553
 10
13.210535145834001
 20
8.463466372464623
 10
13.215567194169154
 20
8.45650448323795
 10
13.2681804313807
 20
8.385563745115377
 10
13.273381817471375
 20
8.37872744532779
 10
13.278749408197143
 20
8.372020852910566
 10
13.284279970322046
 20
8.36544800766422
 10
13.289970172442281
 20
8.359012868824934
 10
13.349283470819302
 20
8.293570728801733
 10
13.355129885369934
 20
8.28727717265646
 10
13.361128990689394
 20
8.281128990208167
 10
13.367277173140963
 20
8.275129884892053
 10
13.373570729289412
 20
8.269283470344838
 10
13.439012869345333
 20
8.209970172003082
 10
13.445448008187753
 20
8.20427996988633
 10
13.452020853437148
 20
8.198749407764971
 10
13.458727445857335
 20
8.193381817042827
 10
13.465563745647785
 20
8.188180430955853
 10
13.536504483799149
 20
8.135567193782897
 10
13.543466373028537
 20
8.13053514545156
 10
13.550549658115102
 20
8.125675465993623
 10
13.557750072352775
 20
8.12099108269829
 10
13.565063278481205
 20
8.116484817262887
 10
13.640819416639062
 20
8.071078335494306
 10
13.648241009456342
 20
8.066752902324652
 10
13.655766518472518
 20
8.062610906899941
 10
13.663391410602316
 20
8.058654844203325
 10
13.671111092895842
 20
8.054887097219044
 10
13.750953058037794
 20
8.017124660095561
 10
13.758762880447108
 20
8.01354749837352
 10
13.766658138627236
 20
8.010163076662181
 10
13.774634076769814
 20
8.006973433610632
 10
13.782685890468002
 20
8.003980490540577
 10
13.865844760823592
 20
7.974225770974826
 10
13.873967584524593
 20
7.971431335824363
 10
13.882156540534055
 20
7.968837085997741
 10
13.886192824648731
 20
7.967666584787928
 10
14.604897972948294
 20
7.248961328393307
 10
13.475273064998902
 20
6.119336455229501
 10
10.38685363254561
 20
6.119336484682613
 10
8.13106326619743
 20
8.375126892798136
 10
8.13106326600763
 20
8.868961283887643
 10
8.130957852553308
 20
8.877550713439838
 10
8.13064167569405
 20
8.886134969040775
 10
8.130114925882964
 20
8.894708879855855
 10
8.129377920414498
 20
8.90326728128182
 10
8.128431103233112
 20
8.911805018057663
 10
8.127275044666135
 20
8.920316947369997
 10
8.125910441079952
 20
8.92879794195089
 10
8.124338114460812
 20
8.937242893166328
 10
8.122559011919435
 20
8.945646714093485
 10
8.120574205120676
 20
8.954004342584874
 10
8.118384889637923
 20
8.962310744317605
 10
8.115992384232953
 20
8.970560915825871
 10
8.113398130061597
 20
8.978749887514844
 10
8.110603689805515
 20
8.986872726654191
 10
8.10761074673107
 20
8.994924540349352
 10
8.104421103675236
 20
9.002900478488833
 10
8.101036681959727
 20
9.010795736665742
 10
8.097459520233599
 20
9.018605559071766
 10
8.093691773245354
 20
9.026325241361931
 10
8.089735710544886
 20
9.033950133488283
 10
8.085593715116431
 20
9.041475642500906
 10
8.081268281943153
 20
9.048897235314584
 10
8.076762016504262
 20
9.056210441439312
 10
8.072077633205566
 20
9.063410855673176
 10
8.067217953744375
 20
9.070494140755898
 10
8.062185905409905
 20
9.077456029981391
 10
8.056984519319911
 20
9.08429232976792
 10
8.051616928594854
 20
9.090998922184113
 10
8.046086366470718
 20
9.097571767429478
 10
8.040396164351307
 20
9.104006906267813
 10
8.034549749801585
 20
9.110300462412113
 10
8.028550644483119
 20
9.116448644859489
 10
8.022402462032574
 20
9.122447750174722
 10
8.016108905885176
 20
9.128294164721105
 10
8.009673767043836
 20
9.133984366837119
 10
8.00310092179555
 20
9.13951492895778
 10
7.9963943293765
 20
9.144882519679278
 10
7.9895580295872435
 20
9.150083905765662
 10
7.982596140359078
 20
9.155115954096445
 10
7.9755128552737915
 20
9.159975633553884
 10
7.968312441037426
 20
9.164660016848785
 10
7.960999234910332
 20
9.169166282283804
 10
7.953577642094359
 20
9.17349171545316
 10
7.946052133079547
 20
9.177633710877636
 10
7.938427240951114
 20
9.181589773574075
 10
7.930707558658952
 20
9.185357520558235
 10
7.922897736251031
 20
9.18893468228022
 10
7.915002478072353
 20
9.192319103991572
 10
7.9070265399311666
 20
9.195508747043192
 10
7.898974726234428
 20
9.198501690113389
 10
7.890851887093589
 20
9.201296130365158
 10
7.882662915403245
 20
9.203890384532194
 10
7.874412743893714
 20
9.206282889932787
 10
7.8661063421598385
 20
9.208472205411148
 10
7.857748713667405
 20
9.210457012205495
 10
7.84934489273931
 20
9.212236114742431
 10
7.84089994152302
 20
9.213808441357116
 10
7.832418946941402
 20
9.215173044938787
 10
7.823907017628471
 20
9.21632910350128
 10
7.8153692808521384
 20
9.21727592067814
 10
7.806810879425768
 20
9.218012926142102
 10
7.798236968610411
 20
9.218539675948634
 10
7.789652713009303
 20
9.218855852803344
 10
7.781063283457058
 20
9.218961266253132
 10
6.0810634837025646
 20
9.218961266007568
 10
6.072474054149822
 20
9.218855852555286
 10
6.0638897985482885
 20
9.218539675698054
 10
6.0553158877325615
 20
9.218012925888978
 10
6.046757486305907
 20
9.217275920422459
 10
6.038219749529333
 20
9.21632910324302
 10
6.029707820216203
 20
9.215173044677925
 10
6.021226825634486
 20
9.21380844109364
 10
6.012781874418167
 20
9.212236114476326
 10
6.0043780534901
 20
9.210457011936747
 10
5.996020424997752
 20
9.208472205139742
 10
5.987714023264033
 20
9.206282889658723
 10
5.97946385175473
 20
9.203890384255459
 10
5.9712748800646835
 20
9.201296130085751
 10
5.9631520409242285
 20
9.198501689831296
 10
5.9551002272279305
 20
9.19550874675842
 10
5.94712428908727
 20
9.192319103704115
 10
5.939229030909161
 20
9.188934681990084
 10
5.931419208501893
 20
9.18535752026542
 10
5.923699526210456
 20
9.181589773278588
 10
5.916074634082818
 20
9.177633710579485
 10
5.908549125068859
 20
9.173491715152352
 10
5.901127532253838
 20
9.169166281980353
 10
5.893814326127739
 20
9.164660016542697
 10
5.886613911892468
 20
9.159975633245182
 10
5.879530626808332
 20
9.155115953785149
 10
5.872568737581403
 20
9.15008390545178
 10
5.865732437793412
 20
9.144882519362831
 10
5.859025845375754
 20
9.139514928638796
 10
5.8524530001288895
 20
9.13398436651562
 10
5.846017861289042
 20
9.128294164397118
 10
5.8397243051432355
 20
9.122447749848277
 10
5.833576122694325
 20
9.116448644530614
 10
5.82757701737755
 20
9.110300462080843
 10
5.821730602829618
 20
9.104006905934177
 10
5.8160404007120405
 20
9.097571767093513
 10
5.810509838589823
 20
9.09099892184586
 10
5.805142247866755
 20
9.08429232942742
 10
5.7999408617787935
 20
9.077456029638682
 10
5.794908813446426
 20
9.070494140411022
 10
5.790049133987424
 20
9.063410855326183
 10
5.785364750690945
 20
9.056210441090244
 10
5.780858485254342
 20
9.04889723496349
 10
5.776533052083423
 20
9.041475642147837
 10
5.772391056657369
 20
9.033950133133288
 10
5.768434993959374
 20
9.026325241005075
 10
5.764667246973659
 20
9.018605558713098
 10
5.7610900852501175
 20
9.010795736305312
 10
5.757705663537223
 20
9.002900478126712
 10
5.7545160204840755
 20
8.99492453998559
 10
5.751523077412358
 20
8.986872726288858
 10
5.74872863715909
 20
8.978749887147998
 10
5.746134382990562
 20
8.970560915457575
 10
5.743741877588491
 20
8.962310743947931
 10
5.741552562108666
 20
8.954004342213892
 10
5.739567755312876
 20
8.94564671372126
 10
5.737788652774498
 20
8.93724289279293
 10
5.736216326158413
 20
8.928797941576391
 10
5.734851722575343
 20
8.920316946994468
 10
5.733695664011492
 20
8.911805017681182
 10
5.732748846833275
 20
8.903267280904466
 10
5.732011841367992
 20
8.894708879477704
 10
5.73148509156016
 20
8.8861349686619
 10
5.7311689147041704
 20
8.877550713060323
 10
5.731063501253132
 20
8.868961283507566
 10
5.731063501253132
 20
7.1689614837531295
 10
5.73116891469742
 20
7.160372054475317
 10
5.731485091533173
 20
7.151787799148188
 10
5.732011841307298
 20
7.143213888605828
 10
5.732748846725457
 20
7.134655487451035
 10
5.73369566384315
 20
7.126117750944296
 10
5.734851722333218
 20
7.117605821898522
 10
5.736216325829275
 20
7.109124827581141
 10
5.737788652345273
 20
7.100679876625691
 10
5.7395677547705475
 20
7.092276055954521
 10
5.7415525614404
 20
7.083918427714636
 10
5.743741876781598
 20
7.075612026228455
 10
5.746134382032523
 20
7.0673618549613195
 10
5.748728636037569
 20
7.059172883507578
 10
5.75152307611522
 20
7.051050044597119
 10
5.754516018999368
 20
7.042998231124059
 10
5.757705661853265
 20
7.035022293199432
 10
5.761090083355441
 20
7.027127035229711
 10
5.7646672448570655
 20
7.019317213022767
 10
5.7684349916099364
 20
7.011597530923154
 10
5.772391054064457
 20
7.003972638978425
 10
5.776533049236676
 20
6.99644713013808
 10
5.780858482143742
 20
6.989025537486945
 10
5.785364747306772
 20
6.98171233151465
 10
5.7900491303203125
 20
6.974511917422724
 10
5.7949088094873815
 20
6.967428632471091
 10
5.799940857519147
 20
6.96046674336548
 10
5.805142243298235
 20
6.953630443687295
 10
5.810509833704529
 20
6.946923851367572
 10
5.816040395502512
 20
6.940351006206484
 10
5.821730597288749
 20
6.933915867439929
 10
5.827577011498676
 20
6.927622311354632
 10
5.833576116471207
 20
6.9214741289532
 10
5.839724298570076
 20
6.915475023670581
 10
5.846017854360511
 20
6.90962860914324
 10
5.852452992840071
 20
6.903938407032449
 10
5.859025837722228
 20
6.898407844902977
 10
5.865732429771242
 20
6.893040254158429
 10
5.872568729187094
 20
6.887838868034557
 10
5.879530618038913
 20
6.88280681965167
 10
5.886613902745452
 20
6.877947140127354
 10
5.893814316601123
 20
6.8732627567506555
 10
5.901127522346144
 20
6.868756491218782
 10
5.90854911477912
 20
6.864431057937409
 10
5.916074623410566
 20
6.860289062385647
 10
5.923699515155775
 20
6.8563329995465665
 10
5.931419197065367
 20
6.8525652524043466
 10
5.939229019091897
 20
6.84898809050884
 10
5.947124276890932
 20
6.845603668608476
 10
5.955100214654678
 20
6.842414025352312
 10
5.96315202797679
 20
6.839421082062067
 10
5.971274866746313
 20
6.836626641574746
 10
5.979463838069208
 20
6.834032387156697
 10
5.9877140092156935
 20
6.8316398814896715
 10
5.996020410591456
 20
6.829450565729545
 10
6.004378038731232
 20
6.827465758638169
 10
6.012781859312668
 20
6.825686655789042
 10
6.021226810188821
 20
6.824114328847131
 10
6.029707804437379
 20
6.822749724923334
 10
6.038219733424853
 20
6.821593666003977
 10
6.046757469883829
 20
6.820646848455674
 10
6.055315871001454
 20
6.819909842605874
 10
6.063889781517247
 20
6.8193830923993275
 10
6.0724740368284245
 20
6.819066915130627
 10
6.081063466100929
 20
6.818961501253128
  0
LWPOLYLINE
  5
3B
330
17
100
AcDbEntity
  8
0
100
AcDbPolyline
 90
497
 70
0
 10
5.230563266336532
 20
8.930923022601341
 10
5.234179012214909
 20
8.98300608532142
 10
5.271198211218646
 20
9.140403629012255
 10
5.334863518091197
 20
9.28459031850388
 10
5.423942457675224
 20
9.414628876628633
 10
5.535395902728396
 20
9.52608231980534
 10
5.6794273754763225
 20
9.624746675627115
 10
5.682199478152057
 20
9.626335480268189
 10
5.689546279830523
 20
9.630789285799658
 10
5.696781549620894
 20
9.635422076500213
 10
5.703900927940268
 20
9.640231060900312
 10
5.71090012503565
 20
9.645213341365597
 10
5.717774923568754
 20
9.650365915842876
 10
5.722279724712024
 20
9.653918178390143
 10
5.732103409127774
 20
9.660096908380709
 10
5.739279426665362
 20
9.664733542362697
 10
5.746340132705598
 20
9.669543951139083
 10
5.7532813200124195
 20
9.674525268349853
 10
5.760098852566898
 20
9.67967452579645
 10
5.766788668031808
 20
9.68498865521039
 10
5.7733467801722185
 20
9.690464490081574
 10
5.77976928123077
 20
9.696098767545067
 10
5.7860523442561345
 20
9.701888130325365
 10
5.792192225383431
 20
9.707829128736861
 10
5.798185266065005
 20
9.713918222739395
 10
5.804027895250471
 20
9.720151784047651
 10
5.809716631514561
 20
9.726526098293142
 10
5.815248085131628
 20
9.733037367237436
 10
5.820618960095402
 20
9.739681711035445
 10
5.880767936987482
 20
9.815978681875578
 10
5.886002987687135
 20
9.822789443841799
 10
5.891069313965247
 20
9.829726631487524
 10
5.895963863939599
 20
9.836786065950491
 10
5.900683689203532
 20
9.843963494728705
 10
5.9052259466020445
 20
9.851254594242086
 10
5.9095878999444835
 20
9.858654972436938
 10
5.913766921652751
 20
9.866160171431645
 10
5.917760494344165
 20
9.873765670202062
 10
5.921566212347841
 20
9.881466887304889
 10
5.925181783153889
 20
9.889259183637478
 10
5.928605028794337
 20
9.89713786523236
 10
5.929193642112409
 20
9.898589013082855
 10
5.933299946990417
 20
9.892277169194905
 10
5.938159626452318
 20
9.88519388411109
 10
5.943191674787542
 20
9.878231994884537
 10
5.9928819540520095
 20
9.811232409319238
 10
5.998083340142827
 20
9.804396109531694
 10
6.003450930868723
 20
9.797689517114527
 10
6.008981492993769
 20
9.791116671868231
 10
6.014671695114146
 20
9.784681533029001
 10
6.0706898098825945
 20
9.722875067856712
 10
6.076536224433312
 20
9.71658151171156
 10
6.082535329752844
 20
9.710433329263374
 10
6.088683512204497
 20
9.70443422394738
 10
6.094977068353018
 20
9.698587809400294
 10
6.156783533557686
 20
9.64256969466743
 10
6.16321867240022
 20
9.636879492550754
 10
6.169791517649713
 20
9.631348930429482
 10
6.17649811007
 20
9.625981339707437
 10
6.183334409860564
 20
9.620779953620556
 10
6.250333995454682
 20
9.571089674394642
 10
6.257295884684154
 20
9.566057626063426
 10
6.264379169770777
 20
9.561197946605617
 10
6.271579584008478
 20
9.556513563310403
 10
6.278892790136979
 20
9.552007297875129
 10
6.3504402534851465
 20
9.509123398708844
 10
6.357861846302498
 20
9.504797965539318
 10
6.365387355318717
 20
9.500655970114721
 10
6.373012247448585
 20
9.496699907418225
 10
6.380731929742183
 20
9.49293216043408
 10
6.456138229661093
 20
9.45726763671874
 10
6.463948052070492
 20
9.453690474996819
 10
6.471843310250648
 20
9.450306053285601
 10
6.479819248393312
 20
9.447116410234173
 10
6.487871062091557
 20
9.44412346716424
 10
6.566409994691639
 20
9.416021787759533
 10
6.574532833833985
 20
9.413227347508084
 10
6.582721805525864
 20
9.410633093341438
 10
6.590971977036929
 20
9.408240587941307
 10
6.59927837877234
 20
9.406051272463472
 10
6.680193571198885
 20
9.385783071904072
 10
6.688551199692796
 20
9.383798265110343
 10
6.69695502062234
 20
9.382019162574082
 10
6.705399971840052
 20
9.380446835960143
 10
6.7138809664230905
 20
9.379082232379275
 10
6.796393161139861
 20
9.366842704516316
 10
6.80490509045427
 20
9.365686645954696
 10
6.813442827232052
 20
9.364739828778774
 10
6.822001228659815
 20
9.364002823315822
 10
6.830575139476565
 20
9.363476073510363
 10
6.913889698943194
 20
9.359383091687924
 10
6.922473954545637
 20
9.359066914834344
 10
6.931063384099218
 20
9.358961501385764
 10
6.939652813652742
 20
9.359066914839296
 10
6.948237069255015
 20
9.35938309169783
 10
7.0315516287192
 20
9.363476073568322
 10
7.040125539535666
 20
9.364002823378726
 10
7.048683940963002
 20
9.364739828846616
 10
7.057221677740245
 20
9.365686646027463
 10
7.065733607053971
 20
9.366842704593992
 10
7.148245801763949
 20
9.379082232504587
 10
7.15672679634622
 20
9.380446836090343
 10
7.1651717475630505
 20
9.382019162709163
 10
7.1735755684916
 20
9.383798265250277
 10
7.1819331969843745
 20
9.385783072048838
 10
7.262848389398869
 20
9.406051272654842
 10
7.271154791132972
 20
9.408240588137453
 10
7.279404962642587
 20
9.41063309354233
 10
7.287593934332932
 20
9.413227347713686
 10
7.295716773473629
 20
9.416021787969797
 10
7.374255706057397
 20
9.444123467419736
 10
7.382307509174694
 20
9.447116406413457
 10
7.390283436942951
 20
9.45030604487183
 10
7.398178684974226
 20
9.453690461480996
 10
7.405988497478887
 20
9.457267617600323
 10
7.408776644313889
 20
9.45858631240214
 10
8.39422688868413
 20
9.458586296639098
 10
8.438185173247632
 20
9.414628011335495
 10
8.52726263399768
 20
9.284591281579317
 10
8.590928139514375
 20
9.140402007526646
 10
8.627949300357926
 20
8.982994119730805
 10
8.631563501258256
 20
8.930924959302423
 10
8.631563501301002
 20
8.830025393213184
 10
8.631668915171815
 20
8.821435946709094
 10
8.631985093279354
 20
8.812851674186916
 10
8.632511845168978
 20
8.804277746511836
 10
8.633248853543819
 20
8.795719328317674
 10
8.63419567445581
 20
8.787181574895882
 10
8.635351737573188
 20
8.778669629090167
 10
8.636716346524054
 20
8.770188618198652
 10
8.638288679315707
 20
8.761743650885336
 10
8.65724267360207
 20
8.666455680090792
 10
8.65902174445381
 20
8.658052015480045
 10
8.661006511927638
 20
8.649694541575784
 10
8.66319578051818
 20
8.641388292420842
 10
8.66558823154088
 20
8.633138271203329
 10
8.668182423926254
 20
8.624949447243004
 10
8.670976795087824
 20
8.616826752998051
 10
8.673969661863367
 20
8.608775081094066
 10
8.677159221528797
 20
8.600799281377043
 10
8.680543552884018
 20
8.592904157992095
 10
8.68412061741003
 20
8.585094466489721
 10
8.687888260496948
 20
8.577374910961389
 10
8.691844212741756
 20
8.569750141206015
 10
8.695986091315177
 20
8.562224749929243
 10
8.700311401397101
 20
8.554803269977057
 10
8.704817537679219
 20
8.547490171605482
 10
8.70950178593435
 20
8.540289859787933
 10
8.76347776944894
 20
8.45950788454666
 10
8.768337573920462
 20
8.452424318972703
 10
8.773369760119294
 20
8.44546215675092
 10
8.778571296631469
 20
8.438625591922388
 10
8.783939050025566
 20
8.431918742867715
 10
8.789469786740284
 20
8.425345649826049
 10
8.795160175032407
 20
8.418910272461275
 10
8.801006786983748
 20
8.412616487476662
 10
8.807006100566241
 20
8.406468086279531
 10
10.418570086667557
 20
6.794904100245958
 10
10.424718487909871
 20
6.788904786620932
 10
10.431012272941729
 20
6.783058174629311
 10
10.43744765035575
 20
6.777367786299223
 10
10.444020743448561
 20
6.771837049548907
 10
10.450727592556177
 20
6.766469296121677
 10
10.45756415743935
 20
6.761267759578892
 10
10.464526319717436
 20
6.756235573352043
 10
10.47160988534921
 20
6.751375768855127
 10
10.552391860657679
 20
6.697399785466253
 10
10.559592172482041
 20
6.692715537221666
 10
10.56690527086019
 20
6.688209400950228
 10
10.57432675081867
 20
6.68388409087914
 10
10.581852142101468
 20
6.679742212316711
 10
10.58947691186259
 20
6.675786260083072
 10
10.597196467396401
 20
6.672018617007424
 10
10.60500615890399
 20
6.668441552492816
 10
10.612901282293848
 20
6.665057221149134
 10
10.620877082015511
 20
6.661867661495336
 10
10.628928753923844
 20
6.6588747947315525
 10
10.637051448172855
 20
6.656080423581862
 10
10.645240272136931
 20
6.653486231208454
 10
10.653490293357919
 20
6.651093780197783
 10
10.661796542516043
 20
6.648904511619364
 10
10.670154016423169
 20
6.646919744157756
 10
10.678557681036494
 20
6.645140673318274
 10
10.773845651872506
 20
6.6261866791682
 10
10.782290619143708
 20
6.624614346396569
 10
10.790771629992435
 20
6.623249737463617
 10
10.7992835757548
 20
6.62209367436197
 10
10.807821329132764
 20
6.62114685346355
 10
10.816379747282667
 20
6.620409845100113
 10
10.82495367491316
 20
6.619883093219691
 10
10.833537947390482
 20
6.619566915119158
 10
10.842127393849552
 20
6.619461501253134
 10
12.922332380644974
 20
6.619461501263835
 10
12.929966540998635
 20
6.619544768893469
 10
12.937597068903926
 20
6.6197945321623095
 10
12.945220333640776
 20
6.620210672229234
 10
12.977722317280069
 20
6.622340671213621
 10
12.986027654685898
 20
6.622984302122511
 10
12.994315321946516
 20
6.623825409457666
 10
13.002580624325219
 20
6.624863516754807
 10
13.010818879754453
 20
6.626098035954556
 10
13.019025421487981
 20
6.627528267735578
 10
13.027195600744562
 20
6.629153401910713
 10
13.035324789341246
 20
6.63097251788593
 10
13.043408382315192
 20
6.6329845851818305
 10
13.051441800532274
 20
6.635188464017347
 10
13.059420493280868
 20
6.637582905955455
 10
13.06733994084999
 20
6.640166554610332
 10
13.159338909525047
 20
6.671396544075996
 10
13.167438670009119
 20
6.67425741388633
 10
13.175465781083801
 20
6.677316201843276
 10
13.183415407433415
 20
6.680571065415279
 10
13.191282760416982
 20
6.684020043960125
 10
13.19906310095277
 20
6.687661059905942
 10
13.206751742373058
 20
6.691491920002726
 10
13.214344053247174
 20
6.695510316643428
 10
13.221835460171292
 20
6.6997138292540654
 10
13.229221450523568
 20
6.70409992575177
 10
13.236497575182142
 20
6.708665964070029
 10
13.243659451205303
 20
6.713409193750259
 10
13.250702764471754
 20
6.718326757598533
 10
13.257623272279034
 20
6.723415693406729
 10
13.264416805899543
 20
6.728672935736867
 10
13.27107927309143
 20
6.734095317767661
 10
13.277606660563777
 20
6.739679573202082
 10
13.350650630578258
 20
6.803738547029951
 10
13.357038769005726
 20
6.809481093325523
 10
13.363284058484481
 20
6.815378678411989
 10
13.369382737302885
 20
6.821427750009782
 10
13.375331132057056
 20
6.827624664594801
 10
13.38112565986333
 20
6.833965689592986
 10
13.386762830516432
 20
6.840447005628583
 10
13.392239248591608
 20
6.847064708824632
 10
13.39755161548996
 20
6.8538148131544006
 10
13.402696731425067
 20
6.8606932528422675
 10
13.40767149735052
 20
6.86769588481264
 10
13.412472916826346
 20
6.874818491185486
 10
13.417098097824038
 20
6.882056781816829
 10
13.421544254468444
 20
6.889406396882862
 10
13.425808708715692
 20
6.896862909505963
 10
13.429888891966357
 20
6.90442182842115
 10
13.433782346612588
 20
6.912078600681255
 10
13.476753328924787
 20
6.999214565027003
 10
13.48045786067874
 20
7.006964904554636
 10
13.48397107135824
 20
7.014803824699079
 10
13.487290844681866
 20
7.022726603465976
 10
13.490415180890693
 20
7.030728468346361
 10
13.493342197952728
 20
7.038804599191515
 10
13.496070132696815
 20
7.046950131116539
 10
13.498597341874643
 20
7.055160157430812
 10
13.50092230315056
 20
7.063429732593725
 10
13.50304361601863
 20
7.071753875193735
 10
13.5049600026463
 20
7.080127570949067
 10
13.506670308644118
 20
7.088545775728193
 10
13.5081735037611
 20
7.097003418588351
 10
13.509468682505286
 20
7.105495404830101
 10
13.5105550646893
 20
7.114016619066341
 10
13.511431995900239
 20
7.122561928303625
 10
13.512098947893861
 20
7.131126185034233
 10
13.518452945196998
 20
7.228073145323691
 10
13.518909514228824
 20
7.2366511420712385
 10
13.519155429642012
 20
7.245237760095307
 10
13.519190543304205
 20
7.253827827063176
 10
13.51901483406391
 20
7.262416168564577
 10
13.518628407763345
 20
7.270997611228601
 10
13.518031497174661
 20
7.27956698584002
 10
13.517224461859684
 20
7.2881191304530475
 10
13.516207787953363
 20
7.296648893500752
 10
13.51498208787092
 20
7.3051511368982105
 10
13.513548099939015
 20
7.313620739137569
 10
13.511906687950898
 20
7.322052598373048
 10
13.510058840646082
 20
7.330441635494189
 10
13.508005671114887
 20
7.338782797185338
 10
13.50574841612783
 20
7.3470710589696395
 10
13.50328843539063
 20
7.355301428235613
 10
13.500627210725213
 20
7.363468947244591
 10
13.46939722343015
 20
7.455467909525282
 10
13.466536353623383
 20
7.46356766999962
 10
13.463477565670473
 20
7.471594781064766
 10
13.460222702102982
 20
7.479544407405037
 10
13.456773723563089
 20
7.48741176037948
 10
13.4531327076227
 20
7.495192100906394
 10
13.449301847531785
 20
7.502880742318034
 10
13.445283450897392
 20
7.510473053183745
 10
13.441079938293456
 20
7.517964460099783
 10
13.436693841802906
 20
7.52535045044425
 10
13.432127803492193
 20
7.532626575095328
 10
13.427384573819893
 20
7.539788451111349
 10
13.422467009979954
 20
7.546831764370957
 10
13.417378074180448
 20
7.553752272171799
 10
13.41212083185934
 20
7.560545805786219
 10
13.406698449837961
 20
7.567208272972408
 10
13.401114194413253
 20
7.573735660439432
 10
13.3370552139896
 20
7.646779638044528
 10
13.331312775343946
 20
7.653167659641838
 10
13.325415303576733
 20
7.659412837644233
 10
13.319366350767865
 20
7.665511410546387
 10
13.313169560235167
 20
7.671459705144045
 10
13.306828664339918
 20
7.677254138746399
 10
13.300347482238834
 20
7.682891221333989
 10
13.293729917583818
 20
7.688367557660719
 10
13.28697995617074
 20
7.693679849298867
 10
13.088346563149116
 20
7.846096785007596
 10
12.994873680767427
 20
7.939569667331547
 10
12.988725279532503
 20
7.945568980946128
 10
12.98243149450849
 20
7.9514155929277095
 10
12.975996117102795
 20
7.9571059812481835
 10
12.969423024018738
 20
7.962636717989334
 10
12.962716174920274
 20
7.968004471407845
 10
12.955879610046622
 20
7.973206007942387
 10
12.948917447778484
 20
7.9782381941614915
 10
12.941833882156999
 20
7.9830979986511466
 10
12.867072479193155
 20
8.033051224344078
 10
12.870035366835452
 20
8.036402000460711
 10
12.87556592895615
 20
8.042974845708947
 10
12.880933519677683
 20
8.049681438127934
 10
12.886134905764123
 20
8.056517737917169
 10
12.891166954094956
 20
8.063479627145277
 10
12.896026633552452
 20
8.070562912230521
 10
12.900711016847396
 20
8.077763326466822
 10
12.90521728228245
 20
8.085076532593895
 10
12.909542715451863
 20
8.092498125409818
 10
12.913684710876396
 20
8.100023634424595
 10
12.917640773572884
 20
8.107648526552993
 10
12.921408520557094
 20
8.115368208845112
 10
12.924985682279129
 20
8.123178031252998
 10
12.928370103990545
 20
8.131073289431654
 10
12.931559747042229
 20
8.13904922757279
 10
12.934552690112469
 20
8.1471010412695
 10
12.937347130364316
 20
8.155223880410297
 10
12.939941384531409
 20
8.16341285210062
 10
12.942333889932058
 20
8.171663023610115
 10
12.94452320541049
 20
8.179969425343977
 10
12.946508012204902
 20
8.188327053836389
 10
12.948287114741902
 20
8.196730874764462
 10
12.949859441356637
 20
8.205175825980717
 10
12.951224044938385
 20
8.213656820562313
 10
12.952380103500928
 20
8.222168749875237
 10
12.953326920677853
 20
8.230706486651563
 10
12.954063926141885
 20
8.239264888077898
 10
12.95459067594848
 20
8.247838798893248
 10
12.954906852803276
 20
8.256423054494341
 10
12.955012266253135
 20
8.26501248404658
 10
12.955012266007628
 20
10.065012283800861
 10
12.95490685257812
 20
10.073601712428449
 10
12.954590675789063
 20
10.082185967106497
 10
12.954063926093482
 20
10.090759877002085
 10
12.953326920785628
 20
10.09931827751361
 10
12.952380103809844
 20
10.107856013381735
 10
12.951224045493149
 20
10.116367941794728
 10
12.94985944220167
 20
10.124848935486298
 10
12.94828711592129
 20
10.133293885824074
 10
12.946508013762298
 20
10.141697705886848
 10
12.944523207389125
 20
10.150055333528734
 10
12.94233389237462
 20
10.158361734428453
 10
12.939941387480019
 20
10.166611905121762
 10
12.937347133860499
 20
10.174800876015418
 10
12.934552694197095
 20
10.182923714380614
 10
12.931559751755401
 20
10.190975527324305
 10
12.928370109371627
 20
10.198951464736503
 10
12.924985688366718
 20
10.206846722211779
 10
12.92140852738882
 20
10.214656543943285
 10
12.917640781185554
 20
10.222376225587446
 10
12.91368471930582
 20
10.230001117097707
 10
12.909542724732859
 20
10.237526625525518
 10
12.905217292448782
 20
10.244948217786977
 10
12.90071102793172
 20
10.252261423393392
 10
12.89602664558629
 20
10.259461837144102
 10
12.89116696710866
 20
10.266545121780041
 10
12.886134919786855
 20
10.273507010596326
 10
12.880933534737295
 20
10.28034331001237
 10
12.875565945079188
 20
10.287049902097905
 10
12.870035384047156
 20
10.293622747053512
 10
12.86707210785383
 20
10.29697396311321
 10
12.941832882960028
 20
10.346926769449325
 10
12.948916448316282
 20
10.351786573767548
 10
12.955878610328028
 20
10.356818759802472
 10
12.962715174954553
 20
10.362020296140429
 10
12.969422023815667
 20
10.36738804935031
 10
12.975995116672522
 20
10.372918785871128
 10
12.98243049386167
 20
10.378609173959958
 10
12.98872427868011
 20
10.384455785698975
 10
12.994872679720913
 20
10.39045509906046
 10
13.088348738525724
 20
10.483931156731543
 10
13.270412547284423
 20
10.623631539171313
 10
13.469125308205435
 20
10.738357073178541
 10
13.528603066942367
 20
10.762994288360623
 10
13.681126902267778
 20
10.826171568978474
 10
13.902777595146404
 20
10.88556193327814
 10
14.13027824471618
 20
10.915512501174732
 10
14.35974623520255
 20
10.915512500390498
 10
14.587250479025585
 20
10.885561063245966
 10
14.715886229174998
 20
10.851093329219559
 10
14.808899166080039
 20
10.82617072966714
 10
15.020907153841563
 20
10.73835305129866
 10
15.219624640844927
 20
10.623622765498084
 10
15.401674562812644
 20
10.483931623922224
 10
15.563930949389714
 20
10.321675236236047
 10
15.703626921045327
 20
10.139616946960004
 10
15.77794442914825
 20
10.01089499631506
 10
15.818356735512737
 20
9.940899599693779
 10
15.83341753007656
 20
9.904539531353358
 10
15.836801838367762
 20
9.89664450971015
 10
15.84037887505039
 20
9.88883491830422
 10
15.844146485582826
 20
9.881115461054357
 10
15.84810240063581
 20
9.873490787589212
 10
15.852244237459473
 20
9.865965490446726
 10
15.856569501318404
 20
9.858544102307896
 10
15.861075586994389
 20
9.851231093266648
 10
15.865759780355518
 20
9.844030868137388
 10
15.919735769448948
 20
9.763248884546663
 10
15.924595573923
 20
9.756165318969103
 10
15.92962776012456
 20
9.749203156743839
 10
15.934829296639606
 20
9.742366591911974
 10
15.940197050036744
 20
9.73565974285409
 10
15.945727786754674
 20
9.729086649809368
 10
15.95141817505015
 20
9.722651272441688
 10
15.957264787005016
 20
9.716357487454324
 10
15.963264100591175
 20
9.710209086254608
 10
16.97238892274234
 20
8.701084264349149
 10
16.972430266751218
 20
8.701043919864638
 10
17.136969186502455
 20
8.536504088851935
 10
17.264684343939905
 20
8.370061232167934
 10
17.369590266038784
 20
8.188358652892575
 10
17.437796118994754
 20
8.023694109458866
 10
17.449876923839838
 20
7.994528751754736
 10
17.504178164126415
 20
7.791873099936616
 10
17.531563501222962
 20
7.58386384136967
 10
17.5315635003422
 20
6.914058913530617
 10
17.504178161823006
 20
6.706049655989801
 10
17.449876704079145
 20
6.503393198574223
 10
17.3695884510808
 20
6.309559505808771
 10
17.26468588177437
 20
6.127863396330099
 10
17.136965086444178
 20
5.961414689327249
 10
14.98859705638722
 20
3.8130496024895066
 10
14.8221614060391
 20
3.685338904968418
 10
14.640465251108196
 20
3.580436311203414
 10
14.446631557751772
 20
3.5001480596319468
 10
14.243975099936534
 20
3.445846603379863
 10
14.035965841179063
 20
3.4184612662582055
 10
9.826160231843204
 20
3.4184612671890946
 10
9.618151455766906
 20
3.445845721764286
 10
9.441782822486914
 20
3.4931038980385196
 10
9.415493083231127
 20
3.5001480293595506
 10
9.221662380041693
 20
3.5804358645841177
 10
9.214600581001974
 20
3.5845130255185538
 10
9.039969946851926
 20
3.6853362658061073
 10
8.970089000129747
 20
3.738957350212658
 10
8.873515716045375
 20
3.813059639035103
 10
6.543556733583074
 20
6.143019614515936
 10
6.537408236881333
 20
6.149019021553393
 10
6.531114351894956
 20
6.154865722184596
 10
6.524678870209527
 20
6.1605561942185005
 10
6.518105668711684
 20
6.166087009579854
 10
6.511398707253903
 20
6.171454836374387
 10
6.504562026268701
 20
6.176656440895982
 10
6.497599744334792
 20
6.181688689574777
 10
6.490516055695849
 20
6.18654855086487
 10
6.409735080387463
 20
6.240523534253825
 10
6.402534807745553
 20
6.245207728814826
 10
6.39522175065531
 20
6.24971381367844
 10
6.387800314001595
 20
6.2540390746876895
 10
6.380274967949688
 20
6.258180906601503
 10
6.372650245252785
 20
6.262136814663926
 10
6.3649307385217355
 20
6.265904416106821
 10
6.35712109745883
 20
6.269481441585043
 10
6.349226026057124
 20
6.2728657365433875
 10
6.34125027976701
 20
6.276055262514284
 10
6.333198662631958
 20
6.279048098345683
 10
6.325076024394818
 20
6.281842441358215
 10
6.316887257576681
 20
6.284436608430973
 10
6.308637294529973
 20
6.286829037015345
 10
6.300331104467574
 20
6.289018286076164
 10
6.2919736904695895
 20
6.291003036959708
 10
6.283570086470007
 20
6.2927820941879276
 10
6.188282115633655
 20
6.3117360883380655
 10
6.179837148463363
 20
6.313308421092188
 10
6.171356137716344
 20
6.314673030012592
 10
6.162844192056312
 20
6.315829093106686
 10
6.15430643878112
 20
6.316775914002562
 10
6.145748020734231
 20
6.317512922368479
 10
6.137174093206809
 20
6.3180396742564255
 10
6.128589820832417
 20
6.318355852369514
 10
6.1200003744759925
 20
6.318461266253131
 10
6.019101162404922
 20
6.318461266488825
 10
5.9670230809585405
 20
6.322076493237049
 10
5.809619887351502
 20
6.359097616463849
 10
5.753055595466279
 20
6.384073171092204
 10
5.665433671230545
 20
6.4227620049639
 10
5.53539674510705
 20
6.511839603445793
 10
5.423941594258579
 20
6.623294756170772
 10
5.334863654500069
 20
6.7533321851912405
 10
5.323530800873712
 20
6.778998433929189
 10
5.271198389135137
 20
6.897519557377976
 10
5.234176906550388
 20
7.054927725380146
 10
5.230563266253682
 20
7.106996922284068
 10
5.230563266336532
 20
8.930923022601341
  0
LWPOLYLINE
  5
3C
330
17
100
AcDbEntity
  8
0
100
AcDbPolyline
 90
616
 70
0
 10
6.08106346105744
 20
6.71896150625313
 10
6.533476587080827
 20
6.718961483435734
 10
9.082270033613497
 20
4.170168036911122
 10
9.090174839673551
 20
4.162454901452087
 10
9.098266554774995
 20
4.154938082698514
 10
9.152828953391548
 20
4.1054856072100065
 10
9.161102703332176
 20
4.098169633060358
 10
9.169553504367457
 20
4.091058910333373
 10
9.178176266050912
 20
4.084157722262546
 10
9.186965794353256
 20
4.077470225865504
 10
9.246112648263903
 20
4.033603929382338
 10
9.255063648702048
 20
4.027134152956812
 10
9.26417072952799
 20
4.02088599365424
 10
9.273428404976727
 20
4.014863215132166
 10
9.282831098570739
 20
4.009069445287153
 10
9.345992793151055
 20
3.9712117824915083
 10
9.355534841059296
 20
3.965650511273907
 10
9.365210495508961
 20
3.960325088585506
 10
9.375013928247569
 20
3.955238722261811
 10
9.384939234053803
 20
3.9503944761397065
 10
9.451507487657864
 20
3.918910037018996
 10
9.46154868789867
 20
3.9143108290912068
 10
9.471699734130453
 20
3.9099594297486107
 10
9.4819545117426
 20
3.9058584601114674
 10
9.49230684364045
 20
3.9020103904505348
 10
9.561640567596044
 20
3.8772023873647115
 10
9.572084217922082
 20
3.873609535613234
 10
9.582612895811792
 20
3.870274065970797
 10
9.593220259183312
 20
3.867197987599596
 10
9.603899918557545
 20
3.8643831534142166
 10
9.675331391201354
 20
3.8464905009945056
 10
9.686076913550721
 20
3.8439386065458336
 10
9.696881826174518
 20
3.8416511889996343
 10
9.707739620597351
 20
3.8396296262107015
 10
9.718643756489882
 20
3.8378751358928653
 10
9.791485053691474
 20
3.827070150163202
 10
9.802428962782699
 20
3.8255837891591966
 10
9.813406052898102
 20
3.824366452792603
 10
9.824409711849114
 20
3.8234188743413355
 10
9.83543331144304
 20
3.8227416245912025
 10
9.908982934023982
 20
3.819128363338095
 10
9.920019834066153
 20
3.818721850238802
 10
9.931063386331232
 20
3.818586318659335
 10
13.931063381421495
 20
3.8185863186653535
 10
13.942106933777751
 20
3.818721850247094
 10
13.953143833910929
 20
3.819128363353137
 10
14.026693456734648
 20
3.8227416246482804
 10
14.037717056355774
 20
3.823418874404936
 10
14.048720715333786
 20
3.8243664528640764
 10
14.059697805475906
 20
3.8255837892398645
 10
14.070641714593506
 20
3.8270701502544
 10
14.143483011788305
 20
3.8378751360316983
 10
14.154387147679728
 20
3.839629626356661
 10
14.165244942101282
 20
3.8416511891526923
 10
14.176049854723601
 20
3.8439386067059687
 10
14.186795377071348
 20
3.846490501161668
 10
14.258226849703107
 20
3.8643831536279833
 10
14.268906509075435
 20
3.867197987820326
 10
14.279513872444852
 20
3.8702740661984407
 10
14.290042550332316
 20
3.873609535847727
 10
14.30048620065594
 20
3.8772023876059976
 10
14.36981992459522
 20
3.902010390737054
 10
14.380172256490596
 20
3.9058584604047653
 10
14.390427034100071
 20
3.909959430048623
 10
14.400578080329069
 20
3.914310829397863
 10
14.410619280566891
 20
3.918910037332232
 10
14.477187534150573
 20
3.950394476496527
 10
14.487112839953653
 20
3.9552387226251113
 10
14.496916272688935
 20
3.9603250889552086
 10
14.506591927135105
 20
3.965650511649933
 10
14.516133975039736
 20
3.971211782873773
 10
14.579295669595638
 20
4.009069445710878
 10
14.588698363185898
 20
4.014863215562052
 10
14.597956038630741
 20
4.0208859940902
 10
14.60706311945259
 20
4.027134153398741
 10
14.616014119886557
 20
4.033603929830136
 10
14.675160973768357
 20
4.077470226351835
 10
14.68395050204461
 20
4.084157722737672
 10
14.692573263702656
 20
4.091058910796136
 10
14.701024064713323
 20
4.098169633509613
 10
14.709297814630105
 20
4.1054856076446455
 10
14.763860213044978
 20
4.154938082990988
 10
14.771951928077328
 20
4.162454901685024
 10
14.779856734071359
 20
4.17016803708124
 10
16.77985673059584
 20
6.170168033614253
 10
16.787569866054724
 20
6.178072839674179
 10
16.795086684808155
 20
6.186164554775452
 10
16.844539160296307
 20
6.240726953391572
 10
16.851855134446026
 20
6.249000703332285
 10
16.858965857173104
 20
6.25745150436768
 10
16.865867045243988
 20
6.266074266051206
 10
16.872554541641108
 20
6.2748637943536565
 10
16.916420838124168
 20
6.334010648264247
 10
16.922890614549658
 20
6.3429616487023495
 10
16.929138773852173
 20
6.352068729528213
 10
16.93516155237421
 20
6.361326404976893
 10
16.940955322219168
 20
6.3707290985708696
 10
16.978812985014628
 20
6.433890793150887
 10
16.98437425623223
 20
6.443432841059121
 10
16.98969967892063
 20
6.453108495508765
 10
16.994786045244325
 20
6.462911928247358
 10
16.99963029136643
 20
6.472837234053593
 10
17.031114730487474
 20
6.539405487658357
 10
17.035713938415313
 20
6.549446687899291
 10
17.040065337757966
 20
6.559597734131231
 10
17.04416630739516
 20
6.569852511743484
 10
17.04801437705612
 20
6.580204843641489
 10
17.0728223801419
 20
6.649538567597247
 10
17.076415231893293
 20
6.659982217923094
 10
17.07975070153566
 20
6.670510895812605
 10
17.08282677990681
 20
6.681118259183897
 10
17.08564161409214
 20
6.691797918557924
 10
17.103534266511645
 20
6.763229391200717
 10
17.10608616096033
 20
6.773974913550184
 10
17.10837357850656
 20
6.784779826174059
 10
17.110395141295527
 20
6.795637620596985
 10
17.112149631613363
 20
6.806541756489608
 10
17.122954617343055
 20
6.87938305369147
 10
17.124440978347053
 20
6.890326962782687
 10
17.125658314713633
 20
6.901304052898091
 10
17.126605893164907
 20
6.912307711849081
 10
17.127283142915047
 20
6.923331311443
 10
17.13089640416817
 20
6.996880934024382
 10
17.131302917267504
 20
7.007917834069133
 10
17.13143844884692
 20
7.018961386336805
 10
17.131438448840896
 20
7.478961381426913
 10
17.13130291725909
 20
7.490004933780632
 10
17.130896404153106
 20
7.501041833911266
 10
17.127283142857948
 20
7.5745914567348365
 10
17.1266058931013
 20
7.585615056355884
 10
17.125658314642152
 20
7.596618715333783
 10
17.124440978266392
 20
7.6075958054758175
 10
17.122954617251878
 20
7.618539714593339
 10
17.112149631474665
 20
7.6913810117878185
 10
17.110395141149667
 20
7.702285147679355
 10
17.10837357835362
 20
7.7131429421010225
 10
17.106086160800317
 20
7.7239478547234555
 10
17.10353426634458
 20
7.734693377071316
 10
17.08564161387804
 20
7.806124849703814
 10
17.082826779685718
 20
7.8168045090761
 10
17.079750701307603
 20
7.827411872445474
 10
17.07641523165833
 20
7.837940550332895
 10
17.07282237990006
 20
7.848384200656483
 10
17.048014376769032
 20
7.917717924595642
 10
17.044166307101307
 20
7.928070256491075
 10
17.040065337457435
 20
7.9383250341006
 10
17.03571393810816
 20
7.948476080329634
 10
17.031114730173783
 20
7.958517280567513
 10
16.999630291009538
 20
8.025085534150982
 10
16.994786044880954
 20
8.035010839953998
 10
16.989699678550892
 20
8.044814272689223
 10
16.98437425585618
 20
8.054489927135329
 10
16.978812984632384
 20
8.064031975039889
 10
16.940955321795343
 20
8.127193669595677
 10
16.935161551944162
 20
8.136596363185944
 10
16.929138773416042
 20
8.145854038630766
 10
16.9228906141075
 20
8.15496111945263
 10
16.9164208376761
 20
8.163912119886575
 10
16.872554541154358
 20
8.223058973768431
 10
16.86586704476852
 20
8.231848502044713
 10
16.85896585671003
 20
8.240471263702787
 10
16.851855133996537
 20
8.248922064713469
 10
16.844539159861483
 20
8.257195814630265
 10
16.795086684514814
 20
8.311758213045472
 10
16.787569867107266
 20
8.319849926726555
 10
16.7798567330631
 20
8.327754731433288
 10
15.530064005162018
 20
9.577547480055415
 10
15.529953398126167
 20
9.577868991012096
 10
15.500198678515204
 20
9.66102786135125
 10
15.496350608848047
 20
9.671380193246868
 10
15.492249639204715
 20
9.681634970856592
 10
15.487898239856008
 20
9.691786017085846
 10
15.483299031922172
 20
9.701827217323945
 10
15.445536594755168
 20
9.781669182445306
 10
15.440692348627152
 20
9.791594488248613
 10
15.435605982297602
 20
9.801397920984122
 10
15.430280559603432
 20
9.811073575430541
 10
15.424719288380118
 20
9.820615623335414
 10
15.379312806570141
 20
9.896371761468743
 10
15.373519036719472
 20
9.905774455059323
 10
15.367496258191835
 20
9.915032130504478
 10
15.361248098883806
 20
9.924139211326676
 10
15.354778322452887
 20
9.93309021176097
 10
15.302165085241342
 20
10.004030949883543
 10
15.295477588839049
 20
10.012820478181872
 10
15.288576400763077
 20
10.021443239861156
 10
15.281465678031054
 20
10.02989404089218
 10
15.274149703876446
 20
10.038167790828396
 10
15.214836405499426
 20
10.103609930851597
 10
15.20731958679147
 20
10.111701645895522
 10
15.199606451380731
 20
10.119606451900474
 10
15.19170164537158
 20
10.127319587306907
 10
15.18360993032357
 20
10.134836406010464
 10
15.118167790267648
 20
10.19414970435222
 10
15.10989404032739
 20
10.201465678502338
 10
15.10144323929245
 20
10.208576401229799
 10
15.092820477609365
 20
10.215477589301116
 10
15.084030949307362
 20
10.222165085698656
 10
15.013090211155998
 20
10.274778322871612
 10
15.004139210718193
 20
10.281248099297613
 10
14.995032129892621
 20
10.287496258600669
 10
14.985774454444226
 20
10.293519037123247
 10
14.976371760850526
 20
10.299312806968764
 10
14.90061562269267
 20
10.344719288737345
 10
14.891073574784713
 20
10.350280559955465
 10
14.88139792033536
 20
10.355605982644384
 10
14.871594487597037
 20
10.360692348968612
 10
14.861669181791058
 20
10.36553659509125
 10
14.781827216649106
 20
10.403299032214733
 10
14.771786016408555
 20
10.407898240143076
 10
14.76163497017697
 20
10.412249639486227
 10
14.751380192565051
 20
10.416350609123938
 10
14.741027860667401
 20
10.420198678785432
 10
14.657868990311812
 20
10.449953398351184
 10
14.647425339985972
 20
10.45354625010323
 10
14.636896662096433
 20
10.456881719746235
 10
14.626289298725112
 20
10.459957798118012
 10
14.615609639351021
 20
10.462772632303967
 10
14.529934729162534
 20
10.484233080096914
 10
14.519189206813309
 20
10.486784974546168
 10
14.508384294189653
 20
10.489072392092957
 10
14.497526499766934
 20
10.49109395488248
 10
14.486622363874488
 20
10.492848445200906
 10
14.3992565100734
 20
10.50580794537732
 10
14.38831260095489
 20
10.507294306385297
 10
14.377335510812031
 20
10.508511642754513
 10
14.366331851833479
 20
10.50945922120706
 10
14.355308252211927
 20
10.510136470957114
 10
14.267092835728818
 20
10.514470216445936
 10
14.256055935668542
 20
10.514876729543566
 10
14.245012383385387
 20
10.51501226112049
 10
14.233968831102317
 20
10.514876729537555
 10
14.222931931042268
 20
10.514470216433907
 10
14.134716514561603
 20
10.51013647089703
 10
14.12369291494042
 20
10.509459221140972
 10
14.11268925596238
 20
10.508511642682429
 10
14.101712165820175
 20
10.507294306307237
 10
14.09076825670249
 20
10.505807945293292
 10
14.003402402908193
 20
10.492848445069242
 10
13.992498267016686
 20
10.491093954744876
 10
13.981640472595046
 20
10.489072391949435
 10
13.970835559972613
 20
10.486784974396748
 10
13.960090037624724
 20
10.484233079941632
 10
13.874415127448287
 20
10.46277263210208
 10
13.863735468075816
 20
10.45995779791032
 10
13.85312810470623
 20
10.456881719532781
 10
13.842599426818566
 20
10.453546249884063
 10
13.832155776494744
 20
10.449953398126361
 10
13.748996906155469
 20
10.420198678515376
 10
13.738644574259865
 20
10.416350608848226
 10
13.728389796650163
 20
10.412249639204923
 10
13.718238750420909
 20
10.407898239856223
 10
13.708197550182831
 20
10.403299031922401
 10
13.628355585061257
 20
10.365536594755334
 10
13.618430279257922
 20
10.360692348627289
 10
13.608626846522384
 20
10.355605982297725
 10
13.59895119207593
 20
10.350280559603533
 10
13.589409144171015
 20
10.344719288380212
 10
13.513653006037572
 20
10.299312806570171
 10
13.504250312446999
 20
10.293519036719516
 10
13.494992637001843
 20
10.28749625819188
 10
13.485885556179653
 20
10.281248098883843
 10
13.476934555745345
 20
10.274778322452931
 10
13.405993817622829
 20
10.222165085241436
 10
13.397204289324492
 20
10.215477588839128
 10
13.388581527645186
 20
10.208576400763128
 10
13.38013072661414
 20
10.201465678031084
 10
13.37185697667789
 20
10.194149703876484
 10
13.306414836654596
 20
10.134836405499364
 10
13.298323121610707
 20
10.127319586791415
 10
13.290418315605763
 20
10.119606451380697
 10
13.282705180199372
 20
10.11170164537156
 10
13.275188361495822
 20
10.103609930323579
 10
13.21587506315393
 20
10.03816779026753
 10
13.208559089003785
 20
10.029894040327228
 10
13.201448366276281
 20
10.021443239292239
 10
13.194547178204914
 20
10.012820477609104
 10
13.187859681807339
 20
10.004030949307044
 10
13.135246444634475
 20
9.933090211155744
 10
13.128776668208502
 20
9.924139210717975
 10
13.122528508905475
 20
9.915032129892431
 10
13.116505730382926
 20
9.905774454444064
 10
13.11071196053743
 20
9.896371760850393
 10
13.065305478769034
 20
9.820615622692834
 10
13.05974420755092
 20
9.811073574784885
 10
13.05501226104343
 20
9.80247619539292
 10
13.055012261007619
 20
10.065012283814504
 10
13.054876729455401
 20
10.076055834907116
 10
13.054470216440905
 20
10.087092733778888
 10
13.053792966832305
 20
10.09811633221608
 10
13.052845388579328
 20
10.109119990016609
 10
13.051628052467606
 20
10.120097078989915
 10
13.050141691774712
 20
10.131040986949479
 10
13.048387201828547
 20
10.141945121695784
 10
13.046365639468036
 20
10.152802914987205
 10
13.044078222406483
 20
10.16360782649648
 10
13.041526328498122
 20
10.17435334775034
 10
13.038711494908028
 20
10.18503300604997
 10
13.035635417186398
 20
10.19564036836995
 10
13.032299948247015
 20
10.206169045233217
 10
13.028707097251214
 20
10.216612694559899
 10
13.0248590283976
 20
10.226965025487502
 10
13.020758059618487
 20
10.237219802160325
 10
13.016406661183595
 20
10.247370847485683
 10
13.011807454212033
 20
10.25741204685476
 10
13.006963209093556
 20
10.267337351825823
 10
13.005811325043908
 20
10.269557486691753
 10
13.006496770640695
 20
10.270027748671936
 10
13.01544812179867
 20
10.276497702145406
 10
13.024237990604206
 20
10.283185391722775
 10
13.032861081997027
 20
10.290086788706908
 10
13.041312201384443
 20
10.297197735662245
 10
13.049586257770471
 20
10.304513948919308
 10
13.057678266822762
 20
10.312031021155185
 10
13.065583353875212
 20
10.31974442404853
 10
13.154424533654208
 20
10.408585602749994
 10
13.326088260159281
 20
10.540305840875881
 10
13.513449292239528
 20
10.648477527273478
 10
13.56687184491122
 20
10.670606520592976
 10
13.713339625545416
 20
10.731275307598352
 10
13.922328230516655
 20
10.787272919076692
 10
14.136832490518401
 20
10.815512506152338
 10
14.353191903130323
 20
10.815512505412897
 10
14.567699641619697
 20
10.787272086955575
 10
14.690004463329444
 20
10.75450071461205
 10
14.776686103077282
 20
10.731274571369333
 10
14.976583073792654
 20
10.648473503039476
 10
15.163948411062876
 20
10.54029742342869
 10
15.335598593637059
 20
10.408586243899883
 10
15.488585373933262
 20
10.255599462557946
 10
15.620301335404378
 20
10.083941093804839
 10
15.691342131660491
 20
9.960894585618348
 10
15.728477095261496
 20
9.896575650630396
 10
15.741029546524572
 20
9.866271274335347
 10
15.7453808000418
 20
9.856120532222647
 10
15.749979847205196
 20
9.846079628986459
 10
15.754823917889752
 20
9.836154612522343
 10
15.75991009438647
 20
9.826351460924307
 10
15.765235313159735
 20
9.816676078883965
 10
15.77079636669265
 20
9.807134294134045
 10
15.776589905418916
 20
9.79773185393816
 10
15.782612439740348
 20
9.788474421629104
 10
15.836588428833778
 20
9.707692438038379
 10
15.842836748871889
 20
9.698584996581523
 10
15.849306702559574
 20
9.689633645149044
 10
15.855994392364636
 20
9.680843776079499
 10
15.862895789589544
 20
9.672220684433647
 10
15.870006736798302
 20
9.663769564804717
 10
15.877322950321059
 20
9.655495508189126
 10
15.884840022834453
 20
9.647403498919658
 10
15.892553426016661
 20
9.639498411662878
 10
16.901678248167826
 20
8.630373589757419
 10
16.901719592154762
 20
8.63033324529431
 10
17.0616236787923
 20
8.470428273064279
 10
17.18135887776711
 20
8.314385177140053
 10
17.279710491705288
 20
8.144035004614821
 10
17.345408302667295
 20
7.985425448726602
 10
17.354980764789673
 20
7.962315706827049
 10
17.405889215881587
 20
7.77232215815976
 10
17.43156350621433
 20
7.5773094008757695
 10
17.43156350535085
 20
6.920613354524804
 10
17.405889213722162
 20
6.725600598490431
 10
17.354980483561718
 20
6.535606013915789
 10
17.27970873138156
 20
6.35388326941537
 10
17.181360572941514
 20
6.183539703179591
 10
17.06161983857092
 20
6.027490796969531
 10
14.922521013939416
 20
3.888394902858643
 10
14.766485112486265
 20
3.7686642215338395
 10
14.596141488163141
 20
3.6703160312288645
 10
14.414418743108854
 20
3.5950442803865172
 10
14.224424158159593
 20
3.544135551624656
 10
14.029411400630863
 20
3.5184612612596524
 10
9.832714478069619
 20
3.5184612621876425
 10
9.63770234106093
 20
3.5441347030311476
 10
9.467664098090978
 20
3.589696644003766
 10
9.447705810066964
 20
3.5950443121725613
 10
9.265986393429301
 20
3.670315455185694
 10
9.264600651644514
 20
3.6711155193379597
 10
9.0956460310733
 20
3.7686617052660694
 10
9.03096462376169
 20
3.8182930763858067
 10
8.939591545607271
 20
3.8884051606148233
 10
6.614267423234509
 20
6.213730274030766
 10
6.606362213189385
 20
6.221443797364621
 10
6.598270075349774
 20
6.2289609838904525
 10
6.589995884611341
 20
6.236277305076904
 10
6.581544625542705
 20
6.24338835339865
 10
6.572921389382685
 20
6.25028984499162
 10
6.5641313709731435
 20
6.25697762223367
 10
6.555179865629555
 20
6.263447656249262
 10
6.546072265950926
 20
6.269696049336538
 10
6.46529129064254
 20
6.323671032725493
 10
6.456033797245794
 20
6.329693568589633
 10
6.446631295272624
 20
6.335487106271422
 10
6.437089448146423
 20
6.341048156140452
 10
6.4274140032225375
 20
6.346373368601071
 10
6.417610788326513
 20
6.3514595361099
 10
6.407685708243733
 20
6.35630359510791
 10
6.397644741162864
 20
6.360902627865627
 10
6.387493935074943
 20
6.3652538642406356
 10
6.3772394041305205
 20
6.369354683346074
 10
6.366887324956878
 20
6.373202615129308
 10
6.356443932937694
 20
6.376795341859697
 10
6.3459155184572325
 20
6.380130699524678
 10
6.335308423111485
 20
6.38320667913316
 10
6.324629035888378
 20
6.386021427925641
 10
6.313883789319561
 20
6.388573250490197
 10
6.303079155605801
 20
6.390860609783623
 10
6.207791184769448
 20
6.409814603933761
 10
6.1969333698362306
 20
6.411836174617626
 10
6.186029213161476
 20
6.4135906718010105
 10
6.175085283027144
 20
6.415077038636269
 10
6.164108171673334
 20
6.416294379788113
 10
6.153104491327326
 20
6.417241961972863
 10
6.142080870220639
 20
6.4179192144002215
 10
6.131043948596428
 20
6.418325729117051
 10
6.120000374709591
 20
6.418461261253128
 10
6.022567958382737
 20
6.418461261480722
 10
5.982031190489423
 20
6.421275297702955
 10
5.841535219183513
 20
6.454319853835472
 10
5.793447667496352
 20
6.4755525650403385
 10
5.714302626874982
 20
6.510498491588706
 10
5.599555154455615
 20
6.589102543373791
 10
5.50120453526678
 20
6.687453164218503
 10
5.422600043814484
 20
6.802201282614924
 10
5.415010088057855
 20
6.819390747756046
 10
5.366420704260321
 20
6.929434756125765
 10
5.333375941580812
 20
7.069934681906467
 10
5.330563261253843
 20
7.110462790336626
 10
5.33056326133638
 20
8.927456060936272
 10
5.333377791009994
 20
8.967997993486108
 10
5.366420473667375
 20
9.108488258732038
 10
5.422599864225802
 20
9.235721138618935
 10
5.501205355954582
 20
9.35047042563145
 10
5.59955435264969
 20
9.44881942067071
 10
5.73271023707882
 20
9.540033787297865
 10
5.732986401170578
 20
9.540192068156117
 10
5.742432289042881
 20
9.545918389553712
 10
5.751734778773383
 20
9.55187483474014
 10
5.760888265183993
 20
9.558057814683124
 10
5.769887232878048
 20
9.564463603852786
 10
5.778726259563484
 20
9.571088342466425
 10
5.779962831054888
 20
9.572063441356754
 10
5.785344292855228
 20
9.575448179507084
 10
5.79457060111784
 20
9.581409566055363
 10
5.803648651741014
 20
9.587594377339286
 10
5.812573035421195
 20
9.59399892803885
 10
5.821338434419815
 20
9.600619401898754
 10
5.829939625731839
 20
9.607451854002392
 10
5.838371484198092
 20
9.614492213122482
 10
5.846628985559079
 20
9.621736284146976
 10
5.854707209448833
 20
9.629179750578793
 10
5.8626013423267835
 20
9.636818177107855
 10
5.870306680345948
 20
9.64464701225397
 10
5.8778186321558366
 20
9.652661591078875
 10
5.885132721638243
 20
9.660857137965927
 10
5.892244590574464
 20
9.66922876946574
 10
5.899150001242177
 20
9.677771497206038
 10
5.935244339968321
 20
9.723555961906463
 10
5.940576586302768
 20
9.71752564088073
 10
5.996594701071217
 20
9.655719175708441
 10
6.004111519779286
 20
9.647627460664673
 10
6.011824655190125
 20
9.63972265465987
 10
6.0197294611993755
 20
9.632009519253586
 10
6.027821176247471
 20
9.624492700550185
 10
6.0896276414521395
 20
9.56847458581732
 10
6.09790139139254
 20
9.56115861166731
 10
6.106352192427622
 20
9.554047888939962
 10
6.114974954110849
 20
9.547146700868758
 10
6.123764482412994
 20
9.54045920447134
 10
6.1907640680071125
 20
9.490768925245426
 10
6.199715068444988
 20
9.48429914881958
 10
6.208822149270645
 20
9.478050989516682
 10
6.218079824719126
 20
9.472028210994267
 10
6.227482518312911
 20
9.466234441148913
 10
6.299029981661079
 20
9.423350541982629
 10
6.308572029569106
 20
9.417789270764665
 10
6.318247684018544
 20
9.412463848075902
 10
6.328051116756939
 20
9.407377481751837
 10
6.337976422562988
 20
9.402533235629356
 10
6.413382722481899
 20
9.366868711914016
 10
6.423423922722549
 20
9.362269503985829
 10
6.43357496895419
 20
9.357918104642835
 10
6.443829746566195
 20
9.353817135005286
 10
6.45418207846393
 20
9.349969065343949
 10
6.532721011064012
 20
9.321867385939242
 10
6.5411684934517496
 20
9.31896126107403
 10
6.081063483688126
 20
9.318961261007566
 10
6.070019931406023
 20
9.318825729426067
 10
6.058983031346912
 20
9.31841921632391
 10
6.047959431726696
 20
9.317741966569386
 10
6.036955772749565
 20
9.316794388112427
 10
6.025978682608255
 20
9.315577051738863
 10
6.015034773491379
 20
9.314090690726601
 10
6.004130637600596
 20
9.312336200403948
 10
5.993272843179625
 20
9.310314637610254
 10
5.982467930557817
 20
9.308027220059365
 10
5.9717224082105105
 20
9.305475325606082
 10
5.9610427488385795
 20
9.302660491416198
 10
5.95043538546949
 20
9.29958441304057
 10
5.939906707582281
 20
9.296248943393799
 10
5.929463057258843
 20
9.29265609163808
 10
5.919110725363595
 20
9.288808021972955
 10
5.908855947754176
 20
9.284707052331704
 10
5.898704901525164
 20
9.280355652985094
 10
5.888663701287257
 20
9.275756445053382
 10
5.878738395483978
 20
9.270912198927455
 10
5.86893496274844
 20
9.265825832600036
 10
5.8592593083019295
 20
9.260500409908005
 10
5.8497172603969005
 20
9.254939138686865
 10
5.8403145668061995
 20
9.249145368838455
 10
5.831056891360859
 20
9.243122590313078
 10
5.821949810538399
 20
9.236874431007315
 10
5.812998810103764
 20
9.230404654578699
 10
5.80420928180493
 20
9.223717158178623
 10
5.79558652012507
 20
9.216815970104868
 10
5.787135719093399
 20
9.20970524737507
 10
5.778861969156452
 20
9.202389273222707
 10
5.770770254111838
 20
9.19487245451706
 10
5.762865448106098
 20
9.18715931910863
 10
5.755152312698812
 20
9.179254513101782
 10
5.747635493994338
 20
9.171162798056073
 10
5.740319519843169
 20
9.162889048118075
 10
5.733208797114585
 20
9.154438247085373
 10
5.726307609042081
 20
9.145815485404519
 10
5.71962011264327
 20
9.137025957104719
 10
5.713150336215946
 20
9.128074956669153
 10
5.706902176911498
 20
9.11896787584579
 10
5.700879398387471
 20
9.109710200399576
 10
5.6950856285404114
 20
9.100307506808043
 10
5.68952435732065
 20
9.090765458902204
 10
5.684198934630018
 20
9.081089804454926
 10
5.679112568304021
 20
9.07128637171865
 10
5.674268322179515
 20
9.061361065914681
 10
5.66966911424926
 20
9.0513198656761
 10
5.66531771490412
 20
9.041168819446469
 10
5.661216745264355
 20
9.03091404183646
 10
5.657368675600722
 20
9.020561709940658
 10
5.653775823846502
 20
9.010118059616694
 10
5.650440354201251
 20
8.99958938172901
 10
5.647364275827158
 20
8.988982018359465
 10
5.644549441638816
 20
8.97830235898713
 10
5.6419975471870885
 20
8.96755683663946
 10
5.639710129637763
 20
8.956751924017325
 10
5.63768856684564
 20
8.945894129596056
 10
5.635934076524549
 20
8.934989993705017
 10
5.634447715513872
 20
8.924046084587935
 10
5.633230379141892
 20
8.91306899444644
 10
5.632282800686525
 20
8.902065335469175
 10
5.6316055509336
 20
8.891041735848852
 10
5.631199037833028
 20
8.880004835789684
 10
5.631063506253128
 20
8.868961283507566
 10
5.631063506253128
 20
7.1689614837531295
 10
5.631199037824359
 20
7.157917931824507
 10
5.631605550898897
 20
7.146881032118202
 10
5.632282800608493
 20
7.135857432849463
 10
5.633230379003251
 20
7.124853774221862
 10
5.634447715297455
 20
7.113876684427488
 10
5.635934076213246
 20
7.102932775654345
 10
5.637688566422469
 20
7.092028640103429
 10
5.63971012908587
 20
7.081170846017855
 10
5.6419975464898044
 20
7.07036593372635
 10
5.6445494407796275
 20
7.059620411703641
 10
5.647364274789737
 20
7.048940752649983
 10
5.650440352969497
 20
7.038333389592232
 10
5.653775822404555
 20
7.027804712008852
 10
5.65736867393295
 20
7.01736106198112
 10
5.661216743355439
 20
7.007008730372895
 10
5.665317712739025
 20
6.996753953041235
 10
5.669669111813235
 20
6.986602907080169
 10
5.674268319458179
 20
6.976561707099805
 10
5.6791125652833045
 20
6.9666364015431625
 10
5.684198931296265
 20
6.9568329690428
 10
5.689524353660545
 20
6.947157314819492
 10
5.695085624541051
 20
6.937615267125182
 10
5.700879394036377
 20
6.928212573732232
 10
5.706902172196649
 20
6.918954898471178
 10
5.713150331125746
 20
6.9098478178190845
 10
5.719620107166577
 20
6.900896817540442
 10
5.726307603168266
 20
6.892107289382771
 10
5.733208790833501
 20
6.883484527828841
 10
5.740319513145181
 20
6.875033726907439
 10
5.747635486870351
 20
6.866759977064731
 10
5.755152305140257
 20
6.858668262097922
 10
5.762865440104946
 20
6.850763456153224
 10
5.7707702456606285
 20
6.84305032078985
 10
5.778861960248335
 20
6.8355335021118435
 10
5.787135709722065
 20
6.8282175279694
 10
5.795586510284835
 20
6.821106805231501
 10
5.804209271490706
 20
6.814205617131371
 10
5.812998799311089
 20
6.807518120686396
 10
5.821949799263436
 20
6.801048344194108
 10
5.831056879600396
 20
6.794800184805709
 10
5.840314554557693
 20
6.788777406178525
 10
5.8497172476584325
 20
6.782983636208968
 10
5.859259295072263
 20
6.7774223648472045
 10
5.868934949026979
 20
6.772096941994938
 10
5.878738381270821
 20
6.7670105754875465
 10
5.888663686583143
 20
6.762166329161843
 10
5.898704886331544
 20
6.757567121010474
 10
5.908855932073152
 20
6.75321572142429
 10
5.91911070919798
 20
6.749114751523507
 10
5.92946304061212
 20
6.745266681578904
 10
5.939906690458656
 20
6.741673829523776
 10
5.9504353678738084
 20
6.738338359557716
 10
5.961042730776413
 20
6.735262280842974
 10
5.971722389688111
 20
6.7324474462942305
 10
5.98246791158212
 20
6.729895551462462
 10
5.993272823758247
 20
6.727608133513591
 10
6.004130617741879
 20
6.725586570302568
 10
6.015034753204304
 20
6.723832079543399
 10
6.025978661902471
 20
6.722345718075644
 10
6.03695575163546
 20
6.721128381227828
 10
6.047959410215256
 20
6.720180802278087
 10
6.058983009449847
 20
6.719503552012526
 10
6.070019909135652
 20
6.719097038381335
 10
6.08106346105744
 20
6.71896150625313
  0
LWPOLYLINE
  5
3D
330
17
100
AcDbEntity
  8
0
100
AcDbPolyline
 90
332
 70
0
 10
7.32095827444337
 20
9.318961261186665
 10
7.329405757155541
 20
9.321867386168925
 10
7.40794468973931
 20
9.349969065618865
 10
7.418297008032965
 20
9.353817130039367
 10
7.428551772306463
 20
9.35791809377156
 10
7.43011061958174
 20
9.35858631706089
 10
8.352805533362215
 20
9.358586302301667
 10
8.360922232239375
 20
9.350469603287834
 10
8.439526107823667
 20
9.2357223839455
 10
8.495705756144446
 20
9.108487036606832
 10
8.52875038398031
 20
8.967986713220789
 10
8.531563506259744
 20
8.927458552415438
 10
8.531563506301012
 20
8.830025393170814
 10
8.531699038420612
 20
8.818981819094134
 10
8.532105553130293
 20
8.807944897279896
 10
8.532782805559833
 20
8.796921275983365
 10
8.533730387756037
 20
8.785917595448012
 10
8.534947728928614
 20
8.77494048390571
 10
8.536434095793823
 20
8.763996553584086
 10
8.538188593016343
 20
8.753092396723567
 10
8.540210163748469
 20
8.74223458160644
 10
8.559164158034832
 20
8.646946610811895
 10
8.561451534844224
 20
8.636141899169502
 10
8.56400337873913
 20
8.625396575578314
 10
8.566818152641247
 20
8.614717112379104
 10
8.569894161099029
 20
8.604109942242303
 10
8.573229551308799
 20
8.593581454293307
 10
8.576822314230782
 20
8.583137990264085
 10
8.580670285799357
 20
8.572785840673255
 10
8.584771148226338
 20
8.562531241037085
 10
8.589122431397328
 20
8.552380368113575
 10
8.593721514359373
 20
8.542339336181954
 10
8.598565626899699
 20
8.532414193359806
 10
8.603651851214408
 20
8.522610917960037
 10
8.608977123665966
 20
8.512935414889903
 10
8.614538236628448
 20
8.503393512094242
 10
8.620331840419766
 20
8.493990957045071
 10
8.62635444531918
 20
8.484733413279642
 10
8.68033042883377
 20
8.40395143803837
 10
8.686578748868612
 20
8.394843996586147
 10
8.693048702552801
 20
8.385892645158144
 10
8.699736392354168
 20
8.37710277609289
 10
8.706637789575154
 20
8.368479684451167
 10
8.713748736779792
 20
8.360028564826166
 10
8.721064950298228
 20
8.351754508214313
 10
8.728582022807103
 20
8.343662498948383
 10
8.736295425984594
 20
8.335757411694928
 10
10.34785941208591
 20
6.724193425661355
 10
10.355764499397452
 20
6.716480022429181
 10
10.363856508724155
 20
6.708962949868521
 10
10.372130565399317
 20
6.701646736301264
 10
10.38058168509005
 20
6.694535789050853
 10
10.389204776799858
 20
6.687634391787277
 10
10.39799464593537
 20
6.68094670194656
 10
10.40694599743577
 20
6.6744767482263185
 10
10.416053438962336
 20
6.668228428158855
 10
10.496835414270805
 20
6.614252444769981
 10
10.506092958045002
 20
6.608229839884082
 10
10.515495513102593
 20
6.60243623610652
 10
10.525037415906354
 20
6.596875123157979
 10
10.53471291898424
 20
6.591549850720575
 10
10.544516194391406
 20
6.586463626420176
 10
10.554441337220595
 20
6.581619513894346
 10
10.564482369158895
 20
6.5770204309469875
 10
10.574633242088737
 20
6.572669147790833
 10
10.584887841730875
 20
6.568568285378809
 10
10.595239991327276
 20
6.564720313825369
 10
10.605683455361714
 20
6.56112755091862
 10
10.616211943315562
 20
6.55779216072424
 10
10.626819113456804
 20
6.554716152281948
 10
10.637498576660107
 20
6.5519013783954065
 10
10.648243900254982
 20
6.549349534516203
 10
10.659048611900687
 20
6.5470621577225785
 10
10.754336582736698
 20
6.5281081635725045
 10
10.765194397799661
 20
6.526086592866129
 10
10.776098554605198
 20
6.524332095666615
 10
10.787042484871108
 20
6.522845728821636
 10
10.798019596357022
 20
6.521628387666524
 10
10.80902327683549
 20
6.5206808054849645
 10
10.82004689807468
 20
6.520003553067276
 10
10.831083819831264
 20
6.519597038366591
 10
10.842127393850063
 20
6.519461506253137
 10
12.922332380645486
 20
6.519461506263838
 10
12.932147729671641
 20
6.5195685646448
 10
12.941958408406975
 20
6.5198896888475915
 10
12.951759748782962
 20
6.5204247260764845
 10
12.984261732422254
 20
6.522554725060871
 10
12.994940023372635
 20
6.523382250515169
 10
13.005595595564841
 20
6.5244636742317965
 10
13.016222412908888
 20
6.525798383613832
 10
13.026814455603613
 20
6.527385622584937
 10
13.037365723546714
 20
6.529224492017683
 10
13.047870239733754
 20
6.531313950242854
 10
13.058322053643764
 20
6.53365281363957
 10
13.068715244610274
 20
6.536239757305722
 10
13.079043925175057
 20
6.53907331580853
 10
13.089302244423294
 20
6.542151884014665
 10
13.099484391297864
 20
6.545473717999499
 10
13.19148335997292
 20
6.576703707465164
 10
13.201897337738131
 20
6.580381968649888
 10
13.212217909119886
 20
6.5843146960231
 10
13.222438857283663
 20
6.5884995206156844
 10
13.232554025405392
 20
6.592933921601912
 10
13.242557320380001
 20
6.597615227817961
 10
13.2524427164918
 20
6.602540619370963
 10
13.26220425904421
 20
6.607707129337584
 10
13.27183606794668
 20
6.613111645551264
 10
13.281332341256729
 20
6.618750912476877
 10
13.290687358674887
 20
6.624621533171791
 10
13.299895484990401
 20
6.630719971332077
 10
13.308951173475805
 20
6.637042553422717
 10
13.317848969228038
 20
6.6435854708904
 10
13.32658351245442
 20
6.650344782457722
 10
13.335149541701128
 20
6.657316416497309
 10
13.343541897022703
 20
6.664496173484423
 10
13.416585867037185
 20
6.728555147312292
 10
13.424799187872509
 20
6.735938421120885
 10
13.432828845773741
 20
6.743521030517769
 10
13.44067000425457
 20
6.75129840828636
 10
13.448317940367048
 20
6.759265869895664
 10
13.45576804754657
 20
6.767418616321905
 10
13.46301583838624
 20
6.775751736939107
 10
13.470056947340083
 20
6.78426021247688
 10
13.476887133352221
 20
6.792938918043731
 10
13.48350228241165
 20
6.801782626213836
 10
13.489898410030065
 20
6.810786010175747
 10
13.496071663641857
 20
6.819943646940835
 10
13.50201832492462
 20
6.829250020609706
 10
13.507734812038848
 20
6.838699525694601
 10
13.513217681785306
 20
6.8482864704957365
 10
13.518463631679026
 20
6.858005080529537
 10
13.52346950193845
 20
6.867849502006827
 10
13.566440484250649
 20
6.954985466352575
 10
13.571203453648593
 20
6.96495018860238
 10
13.575720438807963
 20
6.97502880021667
 10
13.579988718795505
 20
6.985215230059822
 10
13.58400572249252
 20
6.995503342048885
 10
13.587769030143733
 20
7.005886938849805
 10
13.591276374814697
 20
7.016359765610545
 10
13.594525643757635
 20
7.026915513728895
 10
13.597514879683786
 20
7.037547824652648
 10
13.60024228194274
 20
7.048250293709799
 10
13.6027062076069
 20
7.0590164739666506
 10
13.604905172461258
 20
7.069839880111246
 10
13.606837851897353
 20
7.0807139923600175
 10
13.60850308171132
 20
7.091632260385133
 10
13.60989985880505
 20
7.1025881072602886
 10
13.611027341790532
 20
7.11357493342252
 10
13.611884851496626
 20
7.124586120647585
 10
13.618238848799763
 20
7.221533080937043
 10
13.618825866126372
 20
7.232561933898175
 10
13.619142043086214
 20
7.243601871357697
 10
13.619187189223311
 20
7.254646243173525
 10
13.618961277342947
 20
7.265688396532468
 10
13.618464443527927
 20
7.276721679957639
 10
13.617696987056746
 20
7.287739447315182
 10
13.616659370223203
 20
7.298735061817645
 10
13.615352218057922
 20
7.309701900021835
 10
13.61377631795196
 20
7.320633355818572
 10
13.611932619182369
 20
7.331522844412028
 10
13.609822232340463
 20
7.342363806286215
 10
13.607446428662854
 20
7.353149711156249
 10
13.604806639265604
 20
7.363874061902017
 10
13.601904454282248
 20
7.374530398481831
 10
13.598741621905845
 20
7.385112301823803
 10
13.595320047336031
 20
7.395613397692486
 10
13.564090060040968
 20
7.487612359973177
 10
13.560411798860827
 20
7.498026337725896
 10
13.556479071492817
 20
7.508346909095366
 10
13.55229424690603
 20
7.518567857247142
 10
13.547859845926183
 20
7.5286830253571395
 10
13.543178539717104
 20
7.538686320320316
 10
13.538253148171634
 20
7.5485717164210016
 10
13.53308663821312
 20
7.558333258962627
 10
13.527682122008088
 20
7.567965067854679
 10
13.522042855091655
 20
7.577461341154702
 10
13.51617223440644
 20
7.586816358563233
 10
13.510073796256364
 20
7.596024484869552
 10
13.503751214176418
 20
7.605080173346195
 10
13.497208296719919
 20
7.613977969090129
 10
13.490448985164221
 20
7.6227125123086665
 10
13.483477351136713
 20
7.631278541548049
 10
13.476297594162105
 20
7.639670896862803
 10
13.412238613738452
 20
7.712714874467899
 10
13.404855478336913
 20
7.720928045093011
 10
13.397273014636198
 20
7.7289575596675135
 10
13.389495789596225
 20
7.736798581970284
 10
13.381528487482768
 20
7.744446389310134
 10
13.373375907045983
 20
7.7518963753703005
 10
13.365042958630312
 20
7.759144052982911
 10
13.356534661216727
 20
7.766185056831567
 10
13.347856139399909
 20
7.773015146080617
 10
13.154422634661444
 20
7.921442062658677
 10
13.065584355328724
 20
8.010280341936515
 10
13.057679268026675
 20
8.017993745155245
 10
13.04958725871009
 20
8.025510817703001
 10
13.041313202045615
 20
8.032827031257895
 10
13.032862082366108
 20
8.03993797849651
 10
13.024238990668067
 20
8.046839375748888
 10
13.015449121544833
 20
8.053527065579019
 10
13.006497770057223
 20
8.059997019289291
 10
13.005811587787008
 20
8.060467786676178
 10
13.006963199235685
 20
8.062687395854184
 10
13.011807445358244
 20
8.072612701658336
 10
13.016406653286566
 20
8.08265390189704
 10
13.020758052629816
 20
8.092804948126748
 10
13.024859022267691
 20
8.103059725736777
 10
13.028707091929448
 20
8.113412057632551
 10
13.032299943681778
 20
8.12385570795643
 10
13.035635413325195
 20
8.134384385843987
 10
13.038711491697455
 20
8.14499174921334
 10
13.041526325884007
 20
8.155671408585448
 10
13.044078220333972
 20
8.166416930932833
 10
13.046365637881536
 20
8.177221843554648
 10
13.048387200671925
 20
8.188079637975541
 10
13.050141690991296
 20
8.19898377386616
 10
13.051628052000297
 20
8.20992768298278
 10
13.052845388370628
 20
8.22090477312377
 10
13.053792966824403
 20
8.23190843210049
 10
13.054470216575737
 20
8.242932031720223
 10
13.054876729674731
 20
8.253968931778772
 10
13.055012261253125
 20
8.265012484060222
 10
13.055012261217314
 20
8.52754857178008
 10
13.059744207902838
 20
8.518951192075725
 10
13.065305479126152
 20
8.509409144170846
 10
13.11071196093613
 20
8.433653006037517
 10
13.116505730786798
 20
8.424250312446937
 10
13.122528509314435
 20
8.414992637001781
 10
13.128776668622464
 20
8.405885556179584
 10
13.135246445053383
 20
8.39693455574529
 10
13.187859682264929
 20
8.325993817622717
 10
13.194547178667221
 20
8.317204289324387
 10
13.201448366743193
 20
8.308581527645103
 10
13.208559089475216
 20
8.300130726614078
 10
13.215875063629824
 20
8.291856976677863
 10
13.275188362006844
 20
8.226414836654662
 10
13.2827051807148
 20
8.218323121610737
 10
13.290418316125539
 20
8.210418315605786
 10
13.29832312213469
 20
8.202705180199352
 10
13.3064148371827
 20
8.195188361495795
 10
13.371856977238622
 20
8.135875063154039
 10
13.38013072717888
 20
8.128559089003922
 10
13.38858152821382
 20
8.12144836627646
 10
13.397204289896905
 20
8.114547178205143
 10
13.405993818198908
 20
8.107859681807604
 10
13.476934556350272
 20
8.055246444634648
 10
13.485885556788077
 20
8.048776668208646
 10
13.494992637613649
 20
8.04252850890559
 10
13.504250313062045
 20
8.036505730383013
 10
13.513653006655744
 20
8.030711960537495
 10
13.589409144813601
 20
7.985305478768915
 10
13.598951192721557
 20
7.9797442075507945
 10
13.60862684717091
 20
7.974418784861875
 10
13.618430279909234
 20
7.969332418537647
 10
13.628355585715212
 20
7.96448817241501
 10
13.708197550857165
 20
7.926725735291527
 10
13.718238751097715
 20
7.922126527363183
 10
13.7283897973293
 20
7.917775128020033
 10
13.738644574941219
 20
7.913674158382321
 10
13.748996906838869
 20
7.909826088720827
 10
13.832155777194458
 20
7.8800713691550754
 10
13.832477299511453
 20
7.879960758202856
 10
14.463476628010852
 20
7.248961334799574
 10
13.43385171212958
 20
6.2193364506245175
 10
10.42827498764916
 20
6.219336479287591
 10
8.231063261181504
 20
8.416548246437983
 10
8.23106326100762
 20
8.868961283926076
 10
8.230927729423485
 20
8.880004836207469
 10
8.23052121631872
 20
8.891041736265812
 10
8.229843966561646
 20
8.902065335885212
 10
8.228896388102157
 20
8.913068994861447
 10
8.227679051726113
 20
8.924046085001812
 10
8.2261926907114
 20
8.934989994117672
 10
8.224438200386345
 20
8.945894130007389
 10
8.2224166375903
 20
8.956751924427245
 10
8.220129220037109
 20
8.96755683704788
 10
8.217577325581544
 20
8.97830235939395
 10
8.214762491389422
 20
8.988982018764595
 10
8.21168641301162
 20
8.999589382132363
 10
8.208350943362746
 20
9.010118060018193
 10
8.20475809160493
 20
9.02056171034021
 10
8.200910021937773
 20
9.030914042233988
 10
8.196809052294554
 20
9.041168819841893
 10
8.192457652946018
 20
9.051319866069342
 10
8.187858445012438
 20
9.061361066305665
 10
8.183014198884706
 20
9.071286372107302
 10
8.177927832555525
 20
9.081089804841177
 10
8.17260240986181
 20
9.090765459285983
 10
8.167041138639007
 20
9.100307507189285
 10
8.16124736878902
 20
9.109710200778217
 10
8.155224590262094
 20
9.11896787622176
 10
8.14897643095486
 20
9.1280749570424
 10
8.142506654524851
 20
9.137025957475181
 10
8.135819158123411
 20
9.14581548577214
 10
8.128917970048349
 20
9.154438247450102
 10
8.12180724731732
 20
9.162889048479862
 10
8.114491273163793
 20
9.171162798414862
 10
8.106974454457031
 20
9.179254513457536
 10
8.099261319047542
 20
9.187159319461301
 10
8.091356513039699
 20
9.194872454866605
 10
8.083264797993053
 20
9.202389273569096
 10
8.074991048054187
 20
9.209705247718254
 10
8.066540247020669
 20
9.21681597044482
 10
8.057917485339061
 20
9.223717158515313
 10
8.049127957038564
 20
9.230404654912093
 10
8.040176956602352
 20
9.236874431337391
 10
8.0310698757784
 20
9.243122590639814
 10
8.02181220033168
 20
9.249145369161823
 10
8.012409506739687
 20
9.25493913900685
 10
8.002867458833435
 20
9.260500410224594
 10
7.993191804385816
 20
9.265825832913208
 10
7.983388371649255
 20
9.270912199237202
 10
7.973463065845067
 20
9.27575644535969
 10
7.963421865606307
 20
9.280355653287963
 10
7.953270819376542
 20
9.28470705263112
 10
7.9430160417664695
 20
9.288808022268924
 10
7.932663709870667
 20
9.292656091930603
 10
7.922220059546731
 20
9.296248943682883
 10
7.911691381659153
 20
9.299584413326208
 10
7.901084018289765
 20
9.302660491698404
 10
7.890404358917635
 20
9.305475325884863
 10
7.879658836570201
 20
9.308027220334736
 10
7.868853923948365
 20
9.310314637882229
 10
7.857996129527436
 20
9.31233620067254
 10
7.847091993636781
 20
9.314090690991833
 10
7.836148084520147
 20
9.315577052000748
 10
7.825170994379135
 20
9.316794388370994
 10
7.814167335402402
 20
9.317741966824663
 10
7.8031437357826405
 20
9.318419216575919
 10
7.792106835724098
 20
9.318825729674835
 10
7.78106328344262
 20
9.31896126125313
 10
7.32095827444337
 20
9.318961261186665
  0
LWPOLYLINE
  5
3E
330
17
100
AcDbEntity
  8
0
100
AcDbPolyline
 90
560
 70
0
 10
6.0810634560139505
 20
6.618961511253126
 10
6.492055230825599
 20
6.618961490524811
 10
9.011559359030485
 20
4.09945736232789
 10
9.021220788659463
 20
4.090030196766847
 10
9.031110662672319
 20
4.080842973845812
 10
9.085673061288873
 20
4.031390498357304
 10
9.095785422327396
 20
4.022448752174398
 10
9.106114179148335
 20
4.013757868841424
 10
9.116653110094745
 20
4.005323083421523
 10
9.127395866908728
 20
3.9971494767140285
 10
9.186542720819375
 20
3.953283180230862
 10
9.197482832466022
 20
3.945375675710771
 10
9.208613709031027
 20
3.937739036563187
 10
9.2199286456906
 20
3.930377862813984
 10
9.231420826749968
 20
3.9232965885589692
 10
9.294582521330284
 20
3.8854389257633244
 10
9.306245024329257
 20
3.878641816497357
 10
9.318070824212157
 20
3.872132966544868
 10
9.330052797559347
 20
3.8659162965936886
 10
9.34218372687809
 20
3.8599955513333413
 10
9.408751980482151
 20
3.828511112212631
 10
9.421024558554222
 20
3.8228898580786677
 10
9.433431392837548
 20
3.8175714811043875
 10
9.445965009919036
 20
3.8125591848812093
 10
9.458617860016403
 20
3.807855988628951
 10
9.527951583971998
 20
3.783047985543128
 10
9.540716045481616
 20
3.7786567222913234
 10
9.553584429569042
 20
3.7745800371727967
 10
9.566548984800875
 20
3.7708203858302127
 10
9.579601901813845
 20
3.7673800329369698
 10
9.651033374457654
 20
3.749487380517259
 10
9.664166790662449
 20
3.746368398413331
 10
9.677372794980414
 20
3.7435726658568598
 10
9.690643432608312
 20
3.741101866892606
 10
9.703970709810307
 20
3.7389574898374747
 10
9.776812007011898
 20
3.728152504107811
 10
9.79018789590117
 20
3.7263358406584715
 10
9.803604339375568
 20
3.7248479850993093
 10
9.81705325587123
 20
3.7236898336588666
 10
9.83052654426379
 20
3.722862083964266
 10
9.904076166844732
 20
3.719248822711158
 10
9.917565711340728
 20
3.7187519733675742
 10
9.931063386331374
 20
3.7185863236593306
 10
13.931063381421637
 20
3.718586323665349
 10
13.944561056523753
 20
3.7187519733763708
 10
13.958050601130964
 20
3.719248822728197
 10
14.031600223954683
 20
3.7228620840233404
 10
14.045073512380526
 20
3.7236898337259206
 10
14.058522428909157
 20
3.724847985175984
 10
14.071938872416183
 20
3.726335840746394
 10
14.085314761337713
 20
3.7281525042085946
 10
14.158156058532512
 20
3.738957489985893
 10
14.171483335733143
 20
3.7411018670497427
 10
14.184753973359477
 20
3.743572666022672
 10
14.197959977675652
 20
3.7463683985877836
 10
14.211093393878457
 20
3.749487380700309
 10
14.282524866510215
 20
3.7673800331666243
 10
14.295577783520827
 20
3.7708203860683724
 10
14.30854233875013
 20
3.7745800374193976
 10
14.321410722834798
 20
3.778656722546309
 10
14.334175184341461
 20
3.7830479858064194
 10
14.403508908280742
 20
3.807855988937476
 10
14.416161758375097
 20
3.812559185198012
 10
14.428695375453344
 20
3.817571481429397
 10
14.44110220973323
 20
3.8228898584117985
 10
14.453374787801692
 20
3.828511112553798
 10
14.519943041385375
 20
3.859995551718093
 10
14.532073970700253
 20
3.86591629698637
 10
14.544055944043379
 20
3.8721329669453795
 10
14.555881743922015
 20
3.878641816905599
 10
14.567544246916555
 20
3.8854389261791766
 10
14.630705941472456
 20
3.9232965890162816
 10
14.642198122527219
 20
3.930377863278828
 10
14.653513059182018
 20
3.937739037035449
 10
14.664643935742077
 20
3.9453756761903307
 10
14.67558404738358
 20
3.953283180717591
 10
14.73473090126538
 20
3.99714947723929
 10
14.745473658047473
 20
4.005323083933099
 10
14.756012588962875
 20
4.013757869337887
 10
14.766341345753688
 20
4.0224487526543555
 10
14.776453706763078
 20
4.031390498819398
 10
14.831016105177952
 20
4.080842974165741
 10
14.840905979106367
 20
4.090030197014009
 10
14.850567408654626
 20
4.099457362498271
 10
16.850567405179106
 20
6.099457359031284
 10
16.859994570739957
 20
6.109118788660076
 10
16.86918179366083
 20
6.119008662672741
 10
16.91863426914898
 20
6.173571061288861
 10
16.927576015331994
 20
6.183683422327512
 10
16.936266898665053
 20
6.194012179148551
 10
16.94470168408506
 20
6.204551110095096
 10
16.952875290792633
 20
6.2152938669091995
 10
16.996741587275693
 20
6.27444072081979
 10
17.004649091795727
 20
6.285380832466359
 10
17.012285730943262
 20
6.296511709031307
 10
17.019646904692394
 20
6.3078266456908025
 10
17.026728178947366
 20
6.319318826750099
 10
17.064585841742826
 20
6.382480521330116
 10
17.071382951008786
 20
6.394143024329075
 10
17.077891800961254
 20
6.405968824211968
 10
17.08410847091244
 20
6.417950797559136
 10
17.09002921617278
 20
6.430081726877873
 10
17.121513655293825
 20
6.496649980482637
 10
17.127134909427866
 20
6.508922558554886
 10
17.13245328640221
 20
6.521329392838368
 10
17.137465582625452
 20
6.533863009920019
 10
17.14216877887776
 20
6.546515860017571
 10
17.16697678196354
 20
6.615849583973329
 10
17.171368045215246
 20
6.628614045482706
 10
17.17544473033368
 20
6.6414824295698764
 10
17.179204381676186
 20
6.65444698480146
 10
17.18264473456935
 20
6.6674999018141605
 10
17.200537386988856
 20
6.7389313744569534
 10
17.20365636909284
 20
6.752064790661855
 10
17.20645210164932
 20
6.765270794979919
 10
17.2089229006136
 20
6.778541432607945
 10
17.211067277668747
 20
6.791868709810039
 10
17.22187226339844
 20
6.864710007011901
 10
17.223688926847785
 20
6.878085895901165
 10
17.225176782406947
 20
6.891502339375549
 10
17.22633493384737
 20
6.904951255871204
 10
17.22716268354199
 20
6.918424544263772
 10
17.230775944795113
 20
6.991974166845154
 10
17.23127279413876
 20
7.005463711344291
 10
17.231438443846912
 20
7.018961386338113
 10
17.231438443840887
 20
7.4789613814282205
 10
17.231272794129808
 20
7.49245905652721
 10
17.23077594477803
 20
7.505948601131323
 10
17.227162683482874
 20
7.579498223954893
 10
17.226334933780322
 20
7.592971512380622
 10
17.225176782330266
 20
7.606420428909161
 10
17.22368892675985
 20
7.619836872416087
 10
17.221872263297684
 20
7.633212761337504
 10
17.21106727752047
 20
7.706054058531983
 10
17.2089229004566
 20
7.7193813357327485
 10
17.20645210148365
 20
7.732651973359232
 10
17.2036563689185
 20
7.745857977675541
 10
17.200537386805934
 20
7.758991393878482
 10
17.18264473433939
 20
7.830422866510979
 10
17.179204381437643
 20
7.843475783521548
 10
17.17544473008664
 20
7.856440338750787
 10
17.171368044959735
 20
7.869308722835406
 10
17.166976781699645
 20
7.882073184342019
 10
17.142168778568617
 20
7.951406908281179
 10
17.137465582308067
 20
7.964059758375598
 10
17.13245328607664
 20
7.976593375453909
 10
17.127134909094195
 20
7.989000209733845
 10
17.121513654952167
 20
8.001272787802357
 10
17.090029215787922
 20
8.067841041385826
 10
17.08410847051968
 20
8.079971970700633
 10
17.077891800560707
 20
8.091953944043674
 10
17.071382950600537
 20
8.103779743922246
 10
17.064585841326988
 20
8.115442246916707
 10
17.026728178489947
 20
8.178603941472495
 10
17.019646904227386
 20
8.190096122527265
 10
17.01228573047078
 20
8.201411059182057
 10
17.004649091315912
 20
8.21254193574211
 10
16.99674158678863
 20
8.223482047383598
 10
16.95287529026689
 20
8.282628901265454
 10
16.944701683573072
 20
8.293371658047583
 10
16.93626689816827
 20
8.303910588963006
 10
16.92757601485178
 20
8.31423934575384
 10
16.918634268686702
 20
8.324351706763252
 10
16.869181793340033
 20
8.37891410517846
 10
16.859994572064153
 20
8.38880397745534
 10
16.850567408232394
 20
8.398465405430237
 10
15.616660193289732
 20
9.632372640830582
 10
15.594353080316608
 20
9.694716845031678
 10
15.58964988405674
 20
9.707369695126317
 10
15.584637587826023
 20
9.71990331220487
 10
15.579319210844261
 20
9.73231014648507
 10
15.573697956702915
 20
9.744582724553858
 10
15.535935519535911
 20
9.824424689675219
 10
15.530014774268324
 20
9.836555618990367
 10
15.523798104309975
 20
9.848537592333777
 10
15.51728925435043
 20
9.860363392212726
 10
15.510492145077507
 20
9.872025895207578
 10
15.46508566326753
 20
9.947782033340907
 10
15.458004389005623
 20
9.95927421439606
 10
15.450643215249613
 20
9.970589151051243
 10
15.443006576095343
 20
9.981720027611708
 10
15.435099071568686
 20
9.99266013925363
 10
15.38248583435714
 20
10.063600877376203
 10
15.37431222764323
 20
10.074343634185261
 10
15.365877442217027
 20
10.084882565126605
 10
15.357186558877856
 20
10.095211321942301
 10
15.348244812688932
 20
10.105323682975467
 10
15.288931514311912
 20
10.170765822998668
 10
15.279744291446605
 20
10.18065569694123
 10
15.270317125944615
 20
10.190317126502848
 10
15.260655696377853
 20
10.1997442919996
 10
15.250765822430282
 20
10.208931514859508
 10
15.18532368237436
 20
10.268244813201264
 10
15.175211321336263
 20
10.277186559384738
 10
15.164882564515779
 20
10.28587744271831
 10
15.154343633569795
 20
10.294312228138814
 10
15.14360087675621
 20
10.302485834846905
 10
15.072660138604846
 20
10.355099072019861
 10
15.061720026958653
 20
10.363006576540542
 10
15.050589150394075
 20
10.370643215688716
 10
15.039274213734927
 20
10.378004389438523
 10
15.027782032675958
 20
10.385085663694156
 10
14.952025894518101
 20
10.430492145462736
 10
14.940363391519497
 20
10.437289254729329
 10
14.928537591636967
 20
10.44379810468245
 10
14.916555618290118
 20
10.450014774634283
 10
14.904424688971716
 20
10.455935519895291
 10
14.824582723829764
 20
10.493697957018775
 10
14.812310145757976
 20
10.499319211153406
 10
14.799903311474935
 20
10.504637588128368
 10
14.787369694393703
 20
10.509649884352235
 10
14.774716844296563
 20
10.51435308060519
 10
14.691557973940974
 20
10.544107800170941
 10
14.67879351243161
 20
10.548499063423428
 10
14.665925128344412
 20
10.552575748542658
 10
14.652960573112779
 20
10.556335399885938
 10
14.639907656100007
 20
10.559775752779892
 10
14.55423274591152
 20
10.581236200572839
 10
14.541099329706896
 20
10.584355182677484
 10
14.527893325389101
 20
10.587150915234666
 10
14.514622687761317
 20
10.589621714199637
 10
14.501295410559464
 20
10.591766091255494
 10
14.413929556758376
 20
10.604725591431908
 10
14.400553667835737
 20
10.6065422548861
 10
14.387137224327802
 20
10.608030110448482
 10
14.37368830779846
 20
10.60918826189048
 10
14.360215019372106
 20
10.610016011584996
 10
14.271999602888997
 20
10.614349757073818
 10
14.258510058370888
 20
10.614846606415362
 10
14.245012383358159
 20
10.615012256120494
 10
14.231514708345514
 20
10.614846606408008
 10
14.218025163827662
 20
10.61434975705911
 10
14.129809747346997
 20
10.610016011522234
 10
14.116336458921097
 20
10.609188261820385
 10
14.10288754239238
 20
10.608030110371054
 10
14.08947109888527
 20
10.606542254801369
 10
14.076095209963626
 20
10.604725591339893
 10
13.98872935616933
 20
10.591766091115844
 10
13.975402078968614
 20
10.589621714052726
 10
13.962131441342166
 20
10.587150915080514
 10
13.94892543702585
 20
10.584355182516127
 10
13.935792020822902
 20
10.58123620040432
 10
13.850117110646465
 20
10.559775752564768
 10
13.837064193635655
 20
10.556335399663723
 10
13.824099638406153
 20
10.552575748313402
 10
13.811231254321257
 20
10.548499063187187
 10
13.798466792814338
 20
10.544107799927765
 10
13.715307922475063
 20
10.51435308031678
 10
13.702655072380423
 20
10.509649884056934
 10
13.690121455301892
 20
10.504637587826231
 10
13.677714621021721
 20
10.49931921084449
 10
13.665442042952947
 20
10.493697956703151
 10
13.585600077831373
 20
10.455935519536084
 10
13.573469148516182
 20
10.450014774268467
 10
13.561487175172743
 20
10.443798104310112
 10
13.549661375293738
 20
10.437289254350546
 10
13.537998872298857
 20
10.430492145077594
 10
13.462242734165415
 20
10.385085663267553
 10
13.450750553110254
 20
10.378004389005646
 10
13.439435616455086
 20
10.37064321524965
 10
13.4283047398946
 20
10.36300657609538
 10
13.417364628252699
 20
10.35509907156871
 10
13.346423890130183
 20
10.302485834357213
 10
13.335681133321089
 20
10.294312227643289
 10
13.325142202379709
 20
10.285877442217064
 10
13.314813445563999
 20
10.2771865588779
 10
13.30470108453082
 20
10.268244812688934
 10
13.239258944507526
 20
10.208931514311814
 10
13.229369070564985
 20
10.199744291446557
 10
13.219707641003396
 20
10.190317125944567
 10
13.210280475506693
 20
10.180655696377855
 10
13.201093252646814
 20
10.170765822430305
 10
13.15251488849745
 20
10.117167857062896
 10
13.152363856373057
 20
10.118921702519614
 10
13.150876001125397
 20
10.132338144598094
 10
13.149059338056276
 20
10.145714032104223
 10
13.146914961455423
 20
10.159041307905262
 10
13.14444416301481
 20
10.172311944150337
 10
13.141648431050669
 20
10.18551794710612
 10
13.13852944960712
 20
10.19865136197194
 10
13.135089097441465
 20
10.211704277671494
 10
13.131329446892806
 20
10.224668831618132
 10
13.12725276263356
 20
10.237537214451017
 10
13.126563074217188
 20
10.239541991151683
 10
13.126632254965415
 20
10.239606256611403
 10
13.136294028029539
 20
10.249033749036592
 10
13.220500328782947
 20
10.333240048768694
 10
13.381763973034111
 20
10.456980142580427
 10
13.557773276273593
 20
10.558597981368415
 10
13.605140621986266
 20
10.578218752455115
 10
13.74555234882311
 20
10.63637904621826
 10
13.94187886588685
 20
10.688983904875244
 10
14.143386736320565
 20
10.71551251112993
 10
14.346637571058125
 20
10.715512510435296
 10
14.548148804213838
 20
10.688983110665177
 10
14.66412269748389
 20
10.657908100004533
 10
14.744473040074581
 20
10.636378413071505
 10
14.932258993743659
 20
10.558593954780335
 10
15.108272181280853
 20
10.456972081359254
 10
15.269522624461501
 20
10.333240863877535
 10
15.413239798476695
 20
10.18952368887993
 10
15.536975749763428
 20
10.028265240649645
 10
15.604739834172705
 20
9.910894174921637
 10
15.638597455010256
 20
9.852251701566999
 10
15.648641562972557
 20
9.828003017317343
 10
15.653959761715868
 20
9.815596554735166
 10
15.65958081936003
 20
9.803324339668698
 10
15.665501350196706
 20
9.791193763990343
 10
15.671717788137101
 20
9.779212134259403
 10
15.678226388859997
 20
9.767386667321205
 10
15.685023232066897
 20
9.755724485960194
 10
15.692104223843444
 20
9.744232614609665
 10
15.699465099125206
 20
9.73291797512082
 10
15.753441088218636
 20
9.652135991530095
 10
15.76107792382075
 20
9.64100467419393
 10
15.768985644994586
 20
9.630064133554235
 10
15.777159488089666
 20
9.619320960247016
 10
15.785594529142315
 20
9.608781626013197
 10
15.79428568684196
 20
9.59845247980006
 10
15.803227725591995
 20
9.588339743936558
 10
15.81241525866389
 20
9.578449510384992
 10
15.821842751442148
 20
9.568787737071148
 10
16.830967573593313
 20
8.559662915165688
 10
16.831008917558307
 20
8.559622570723981
 10
16.98627817108229
 20
8.404352457276502
 10
17.0980334115942
 20
8.258709122112329
 10
17.189830717371763
 20
8.099711356337075
 10
17.253020486339807
 20
7.947156787994338
 10
17.260084605739593
 20
7.930102661899163
 10
17.307600267636815
 20
7.752771216382712
 10
17.33156351120573
 20
7.570754960382089
 10
17.331563510359473
 20
6.92716779551921
 10
17.307600265621318
 20
6.745151540991067
 10
17.260084263044234
 20
6.5678188292571775
 10
17.18982901168235
 20
6.398207033021954
 10
17.09803526410866
 20
6.239216010029082
 10
16.986274590697775
 20
6.09356690461194
 10
14.856444971491612
 20
3.963740203227765
 10
14.710808818933288
 20
3.8519895380991684
 10
14.551817725218172
 20
3.7601957512543507
 10
14.382205928466021
 20
3.6899405011411233
 10
14.204873216382595
 20
3.642424499869449
 10
14.022856960082663
 20
3.6184612562611065
 10
9.839268724295948
 20
3.6184612571861976
 10
9.657253226354896
 20
3.6424236842980164
 10
9.493545373695042
 20
3.686289389969012
 10
9.479918536902858
 20
3.6899405949855577
 10
9.31031032708566
 20
3.7601950788132754
 10
9.15132211529422
 20
3.8519871447263156
 10
9.091840247393634
 20
3.8976288025589554
 10
9.00566737516914
 20
3.9637506821945436
 10
6.684978112885915
 20
6.284440933545596
 10
6.675316189497437
 20
6.293868573175864
 10
6.665425798804591
 20
6.303056245596331
 10
6.655312899013154
 20
6.311998415935321
 10
6.644983582373726
 20
6.32068969721746
 10
6.634444071511467
 20
6.32912485360886
 10
6.623700715677586
 20
6.337298803571372
 10
6.612759986924317
 20
6.345206622923762
 10
6.601628476205974
 20
6.352843547808206
 10
6.520847500897588
 20
6.40681853119716
 10
6.509532786746007
 20
6.414179408364447
 10
6.49804083988991
 20
6.421260398864412
 10
6.486378582291223
 20
6.4280572375932294
 10
6.4745530384953724
 20
6.434565830600647
 10
6.462571331400227
 20
6.440782257555888
 10
6.45044067796573
 20
6.446702774109006
 10
6.438168384866884
 20
6.452323814146219
 10
6.425761844092747
 20
6.457641991937891
 10
6.413228528494017
 20
6.462654104177872
 10
6.400575987281783
 20
6.467357131912934
 10
6.387811841480556
 20
6.471748242361194
 10
6.3749437793377695
 20
6.47582479061839
 10
6.3619795516929685
 20
6.479584321250975
 10
6.348926967309168
 20
6.483024569775125
 10
6.335793888169505
 20
6.486143464020685
 10
6.32258822474158
 20
6.488939125379318
 10
6.227300253905227
 20
6.507893119529456
 10
6.214029591209069
 20
6.510363928143072
 10
6.200702288606593
 20
6.512508313589429
 10
6.187326373997962
 20
6.51432498416586
 10
6.173909904565534
 20
6.515812845573663
 10
6.160460961920407
 20
6.516971001577247
 10
6.146987647234468
 20
6.5177987545440175
 10
6.133498076360425
 20
6.518295605864587
 10
6.120000374943174
 20
6.518461256253133
 10
6.026034754360452
 20
6.518461256472634
 10
5.99703930002029
 20
6.520474102168869
 10
5.873450551015523
 20
6.549542091207094
 10
5.833839739526411
 20
6.567031958988473
 10
5.763171582519448
 20
6.5982349782134975
 10
5.663713563804137
 20
6.666365483301824
 10
5.578467476274994
 20
6.751611572266214
 10
5.5103364331289555
 20
6.851070380038514
 10
5.506489375242012
 20
6.859783061582895
 10
5.461643019385463
 20
6.96134995487369
 10
5.432574976611235
 20
7.084941638432703
 10
5.430563256254004
 20
7.113928658389177
 10
5.430563256336228
 20
8.923989099271132
 10
5.432576569805093
 20
8.952989901650788
 10
5.461642736116104
 20
9.076572888451814
 10
5.51033621036045
 20
9.18685195873406
 10
5.578468254233869
 20
9.286311974634167
 10
5.6637128025710695
 20
9.371556521536156
 10
5.786925091975149
 20
9.455959332473562
 10
5.795318298255268
 20
9.461047493307781
 10
5.806688007925871
 20
9.468327592980081
 10
5.817875602427733
 20
9.47588456846595
 10
5.828874340720475
 20
9.483713866339983
 10
5.836987461098062
 20
9.489794547364639
 10
5.838585176582697
 20
9.490799450633467
 10
5.849861775570318
 20
9.49808558974803
 10
5.860957170776416
 20
9.50564480353949
 10
5.8718647508299995
 20
9.513472587727847
 10
5.8825780162727455
 20
9.521564278001065
 10
5.893090583431885
 20
9.529915052794408
 10
5.903396188223965
 20
9.538519936163404
 10
5.913488689887387
 20
9.547373800748893
 10
5.923362074641545
 20
9.55647137083222
 10
5.933010459270136
 20
9.565807225478856
 10
5.938650017895583
 20
9.571537171999779
 10
5.941113980627392
 20
9.569011980056352
 10
5.950775410194254
 20
9.559584814559791
 10
5.960665284141939
 20
9.550397591700083
 10
6.022471749346607
 20
9.494379476967218
 10
6.03258411038486
 20
9.485437730783872
 10
6.042912867205516
 20
9.476746847450443
 10
6.053451798151684
 20
9.46831206203008
 10
6.064194554965425
 20
9.46013845532213
 10
6.119715581061598
 20
9.418961256013155
 10
6.081063483673674
 20
9.41896125600757
 10
6.0675658086622235
 20
9.418795606296847
 10
6.054076264145536
 20
9.41829875694976
 10
6.040602975720816
 20
9.417471007249787
 10
6.027154059193208
 20
9.416312855802396
 10
6.0137376156871625
 20
9.414825000234707
 10
6.000361726766542
 20
9.413008336775277
 10
5.987034449566693
 20
9.410863959714256
 10
5.973763811941055
 20
9.40839316074419
 10
5.960557807625506
 20
9.405597428181991
 10
5.9474243914232545
 20
9.402478446072422
 10
5.934371474413126
 20
9.399038093173672
 10
5.921406919184221
 20
9.395278441825681
 10
5.908538535099865
 20
9.391201756701854
 10
5.895774073593429
 20
9.386810493444855
 10
5.883121223499245
 20
9.382107297187481
 10
5.8705876064210685
 20
9.377095000959287
 10
5.858180772141182
 20
9.371776623980097
 10
5.8459081940726065
 20
9.366155369841337
 10
5.833777264757501
 20
9.360234624576314
 10
5.8217952914140625
 20
9.35401795462058
 10
5.809969491535
 20
9.347509104663658
 10
5.798306988539963
 20
9.340711995393377
 10
5.78681480748466
 20
9.333630721134206
 10
5.775499870829236
 20
9.326269547380967
 10
5.764368994268452
 20
9.318632908229475
 10
5.753428882626125
 20
9.31072540370561
 10
5.742686125816434
 20
9.302551796994415
 10
5.732147194874386
 20
9.294117011570933
 10
5.721818438057895
 20
9.285426128234512
 10
5.711706077023862
 20
9.276484382048295
 10
5.701816203080426
 20
9.26729715918583
 10
5.692154773517871
 20
9.25786999368664
 10
5.682727608020073
 20
9.24820856412272
 10
5.673540385159043
 20
9.238318690177962
 10
5.664598638974283
 20
9.22820632914263
 10
5.655907755639362
 20
9.217877572324888
 10
5.647472970217393
 20
9.207338641381618
 10
5.639299363507746
 20
9.196595884570748
 10
5.631391858985467
 20
9.185655772927284
 10
5.623755219835587
 20
9.17452489636539
 10
5.6163940460839825
 20
9.163209959708915
 10
5.609312771826467
 20
9.15171777865259
 10
5.602515662557877
 20
9.140055275656565
 10
5.596006812602667
 20
9.128229475776557
 10
5.589790142648653
 20
9.116247502432223
 10
5.583869397385385
 20
9.104116573116258
 10
5.578248143248402
 20
9.09184399504688
 10
5.5729297662710024
 20
9.079437160766219
 10
5.56791747004462
 20
9.066903543687324
 10
5.563214273789072
 20
9.05425069359245
 10
5.558823010533914
 20
9.041486232085383
 10
5.554746325411941
 20
9.028617848000437
 10
5.55098667406584
 20
9.015653292770999
 10
5.547546321168966
 20
9.002600375760366
 10
5.544427339061301
 20
8.98946695955766
 10
5.541631606500999
 20
8.976260955241713
 10
5.539160807532852
 20
8.96299031761572
 10
5.537016430473756
 20
8.949663040415558
 10
5.535199767016266
 20
8.936287151494682
 10
5.53371191145051
 20
8.922870707988409
 10
5.532553760005058
 20
8.909421791460645
 10
5.53172601030704
 20
8.895948503035804
 10
5.5312291609618995
 20
8.882458958519045
 10
5.531063511253123
 20
8.868961283507566
 10
5.531063511253123
 20
7.1689614837531295
 10
5.531229160951298
 20
7.155463809173703
 10
5.53172601026462
 20
7.141974265088216
 10
5.532553759909675
 20
7.12850097709309
 10
5.53371191128106
 20
7.115052060992696
 10
5.535199766751745
 20
7.101635617910681
 10
5.537016430093274
 20
7.088259729410169
 10
5.539160807015648
 20
7.074932452625724
 10
5.541631605826481
 20
7.061661815410012
 10
5.544427338209061
 20
7.0484558114981795
 10
5.547546320118855
 20
7.035322395692646
 10
5.550986672797876
 20
7.022269479071504
 10
5.554746323906471
 20
7.009304924223144
 10
5.55882300877154
 20
6.996436540510125
 10
5.563214271750695
 20
6.983672079365114
 10
5.56791746771151
 20
6.9710192296217315
 10
5.572929763624771
 20
6.958485612883038
 10
5.578248140271043
 20
6.9460787789306195
 10
5.583869394059306
 20
6.933806201176843
 10
5.589790138956687
 20
6.921675272163171
 10
5.59600680852806
 20
6.909693299107168
 10
5.602515658084414
 20
6.8978674995009115
 10
5.609312766938373
 20
6.886204996763418
 10
5.6163940407659965
 20
6.874712815949806
 10
5.623755214072986
 20
6.863397879519638
 10
5.6313918527640965
 20
6.8522670031670785
 10
5.639299356814021
 20
6.841326891715397
 10
5.647472963038297
 20
6.830584135078247
 10
5.655907747962473
 20
6.8200452042901105
 10
5.664598630787864
 20
6.809716447608402
 10
5.673540376451953
 20
6.799604086689534
 10
5.682727598781838
 20
6.789714212841211
 10
5.692154763738685
 20
6.7800527833532485
 10
5.701816192751181
 20
6.7706256179091255
 10
5.711706066136159
 20
6.761438395080447
 10
5.721818426604045
 20
6.752496648906352
 10
5.732147182847427
 20
6.743805765560033
 10
5.742686113210169
 20
6.735370980104314
 10
5.7534288694350835
 20
6.727197373338228
 10
5.764368980487944
 20
6.719289868736553
 10
5.775499856455355
 20
6.711653229484057
 10
5.786814792514264
 20
6.704292055606388
 10
5.798306972970735
 20
6.697210781199161
 10
5.809969475365406
 20
6.690413671757
 10
5.821795274643392
 20
6.68390482160423
 10
5.833777247385854
 20
6.677688151428534
 10
5.84590817610092
 20
6.671767405919333
 10
5.85818075357119
 20
6.666146151512109
 10
5.870587587255372
 20
6.660827774240104
 10
5.883121203741268
 20
6.655815477694709
 10
5.89577405324745
 20
6.651112281095749
 10
5.908538514170985
 20
6.646721017472814
 10
5.921406897678395
 20
6.642644331958735
 10
5.934371452337146
 20
6.63888468019627
 10
5.947424368784766
 20
6.635444326858924
 10
5.960557784432993
 20
6.6323253442867625
 10
5.97376378820384
 20
6.629529611238134
 10
5.987034425294922
 20
6.627058811757998
 10
6.000361701971215
 20
6.624914434163458
 10
6.013737590380103
 20
6.623097770147318
 10
6.0271540333870774
 20
6.621609913999983
 10
6.040602949429072
 20
6.6204517619503065
 10
6.054076237382446
 20
6.619624011625724
 10
6.06756578144288
 20
6.619127161632051
 10
6.0810634560139505
 20
6.618961511253126
  0
LWPOLYLINE
  5
3F
330
17
100
AcDbEntity
  8
0
100
AcDbPolyline
 90
265
 70
0
 10
8.169237877055593
 20
9.258586310237966
 10
8.302651329483012
 20
9.258586308103915
 10
8.351789581649598
 20
9.186853486311797
 10
8.400483372774517
 20
9.076572065687024
 10
8.429551467602693
 20
8.952979306710873
 10
8.431563511261203
 20
8.923992145528445
 10
8.431563511301022
 20
8.830025393128444
 10
8.431729161669438
 20
8.816527691479166
 10
8.43222601298126
 20
8.803038120372882
 10
8.43305376595066
 20
8.789564805454894
 10
8.434211921968256
 20
8.776115862578358
 10
8.43569978340139
 20
8.762699392915536
 10
8.437516454014457
 20
8.74932347807799
 10
8.439660839508633
 20
8.735996175248466
 10
8.44213164818126
 20
8.722725512327543
 10
8.461085642467623
 20
8.627437541532998
 10
8.463881325234638
 20
8.614231782858965
 10
8.467000245550622
 20
8.601098609580838
 10
8.470440524764342
 20
8.588045932337359
 10
8.474200090657177
 20
8.57508161328127
 10
8.478276678691344
 20
8.56221346134361
 10
8.482667833373768
 20
8.549449227530118
 10
8.487370909735347
 20
8.536796600252437
 10
8.492383074923907
 20
8.524263200697114
 10
8.497701309910667
 20
8.511856578235047
 10
8.503322411308687
 20
8.499584205874179
 10
8.509242993302422
 20
8.487453475758223
 10
8.515459489687089
 20
8.47547169471406
 10
8.521968156016754
 20
8.463646079850562
 10
8.528765071859794
 20
8.451983754211419
 10
8.535846143160285
 20
8.440491742484653
 10
8.543207104704038
 20
8.429176966771358
 10
8.597183088218628
 20
8.348394991530085
 10
8.604819923816763
 20
8.337263674199583
 10
8.612727644986336
 20
8.326323133565353
 10
8.620901488076896
 20
8.315579960263385
 10
8.629336529124743
 20
8.305040626034604
 10
8.638027686819328
 20
8.294711479826269
 10
8.646969725564077
 20
8.284598743967337
 10
8.656157258630458
 20
8.27470851042009
 10
8.665584751402974
 20
8.265046737110318
 10
10.277148737504291
 20
6.653482751076744
 10
10.286810510885061
 20
6.644055258237415
 10
10.29670074450658
 20
6.634867725107718
 10
10.306813480442884
 20
6.625925686303297
 10
10.317142626731567
 20
6.6172345285528
 10
10.327681961043538
 20
6.60879948745287
 10
10.338425134431418
 20
6.6006256443142135
 10
10.349365675154104
 20
6.592717923100587
 10
10.360496992575463
 20
6.585081087462584
 10
10.441278967883932
 20
6.53110510407371
 10
10.452593743607935
 20
6.523744142546498
 10
10.464085755345025
 20
6.516663071262805
 10
10.475748080994038
 20
6.509866155436818
 10
10.487573695867013
 20
6.503357489124433
 10
10.499555476920222
 20
6.497140992757274
 10
10.51168620704479
 20
6.49122041078126
 10
10.52395857941383
 20
6.4855993094011595
 10
10.536365201883626
 20
6.4802810744325186
 10
10.54889860144624
 20
6.475268909262269
 10
10.561551228730735
 20
6.470565832919178
 10
10.5743154625506
 20
6.466174678255378
 10
10.587183614494194
 20
6.462098090240019
 10
10.600147933555718
 20
6.458338524366106
 10
10.6132006108042
 20
6.454898245171449
 10
10.626333784086825
 20
6.451779324874643
 10
10.639539542764908
 20
6.448983642126883
 10
10.73482751360092
 20
6.430029647976809
 10
10.74809817645567
 20
6.427558839335681
 10
10.76142547921799
 20
6.425414453869607
 10
10.774801393987417
 20
6.423597783281302
 10
10.788217863581337
 20
6.422109921869499
 10
10.80166680638834
 20
6.420951765869816
 10
10.815140121236254
 20
6.420124012914862
 10
10.828629692272074
 20
6.419627161614024
 10
10.842127393850603
 20
6.419461511253132
 10
12.922332380646026
 20
6.419461511263833
 10
12.934328918344647
 20
6.419592360396123
 10
12.946319747910053
 20
6.419984845532866
 10
12.958299163925119
 20
6.420638779923742
 10
12.990801147564412
 20
6.422768778908129
 10
13.003852392059315
 20
6.423780198907821
 10
13.01687586918311
 20
6.425101939005927
 10
13.0298642014925
 20
6.426733250472857
 10
13.042810031452746
 20
6.428673209215319
 10
13.055706025605446
 20
6.430920716299781
 10
13.068544878722918
 20
6.433474498574995
 10
13.081319317946281
 20
6.436333109393196
 10
13.094022106905356
 20
6.439494929429607
 10
13.106646049817869
 20
6.442958167599713
 10
13.119183995565692
 20
6.446720862073882
 10
13.131628841745737
 20
6.450780881388674
 10
13.223627810420794
 20
6.482010870854339
 10
13.236356005467172
 20
6.486506523413446
 10
13.24897003715597
 20
6.491313190202931
 10
13.261462307133911
 20
6.496427975816083
 10
13.273825290393802
 20
6.501847799243691
 10
13.286051539807232
 20
6.5075693957299805
 10
13.298133690610541
 20
6.513589318739207
 10
13.310064464841247
 20
6.519903942031746
 10
13.32183667572204
 20
6.5265094618484625
 10
13.333443231989861
 20
6.533401899201991
 10
13.344877142167633
 20
6.540577102273545
 10
13.35613151877547
 20
6.548030748913902
 10
13.367199582479856
 20
6.555758349246901
 10
13.378074666177042
 20
6.563755248374065
 10
13.388750219009268
 20
6.572016629178577
 10
13.399219810310825
 20
6.580537515226958
 10
13.40947713348163
 20
6.589312773766764
 10
13.482521103496111
 20
6.653371747594626
 10
13.492559606739292
 20
6.662395748916246
 10
13.50237363306303
 20
6.671663382623549
 10
13.511957271206228
 20
6.681169066562937
 10
13.521304748677068
 20
6.6909070751965345
 10
13.530410435229783
 20
6.70087154305083
 10
13.539268846256078
 20
6.71105646824963
 10
13.54787464608853
 20
6.721455716129135
 10
13.556222651214483
 20
6.732063022933055
 10
13.56430783339826
 20
6.742871999585411
 10
13.572125322709638
 20
6.75387613553886
 10
13.579670410457368
 20
6.7650688026961845
 10
13.586938552025202
 20
6.776443259402583
 10
13.593925369609252
 20
6.787992654506354
 10
13.60062665485492
 20
6.79971003148551
 10
13.607038371391695
 20
6.811588332637939
 10
13.61315665726434
 20
6.823620403332399
 10
13.656127639576539
 20
6.910756367678154
 10
13.661949046618446
 20
6.922935472650138
 10
13.667469806257685
 20
6.935253775734267
 10
13.672686592909116
 20
6.947703856653675
 10
13.677596264094376
 20
6.960278215751423
 10
13.682195862334737
 20
6.972969278508096
 10
13.686482616932608
 20
6.985769400104552
 10
13.690453945640598
 20
6.9986708700269915
 10
13.694107456217012
 20
7.011665916711571
 10
13.697440947866852
 20
7.02474671222587
 10
13.7004524125675
 20
7.0379053769842415
 10
13.70314003627837
 20
7.051133984494307
 10
13.705502200033607
 20
7.0644245661316845
 10
13.707537480917352
 20
7.077769115940157
 10
13.709244652920802
 20
7.0911595954542435
 10
13.710622687680825
 20
7.104587938541407
 10
13.711670755099362
 20
7.118046056260937
 10
13.7180247524025
 20
7.214993016550395
 10
13.718742218023948
 20
7.228472725725112
 10
13.719128656530415
 20
7.24196598262008
 10
13.719183835142417
 20
7.255464659283874
 10
13.718907720621957
 20
7.268960624500352
 10
13.718300479292509
 20
7.282445748686683
 10
13.71736247693886
 20
7.295911908790345
 10
13.716094278586723
 20
7.3093509931822425
 10
13.714496648162509
 20
7.322754906542912
 10
13.712570548032971
 20
7.336115574738926
 10
13.710317138425694
 20
7.349424949686487
 10
13.707737776730056
 20
7.362675014199382
 10
13.704834016679627
 20
7.375857786818315
 10
13.70160760741635
 20
7.388965326618695
 10
13.698060492436667
 20
7.401989737994022
 10
13.69419480842106
 20
7.414923175411992
 10
13.69001288394685
 20
7.427757848140381
 10
13.658782896651786
 20
7.519756810421072
 10
13.65428724409827
 20
7.532485005452173
 10
13.649480577315131
 20
7.545099037125972
 10
13.644365791709077
 20
7.557591307089254
 10
13.638945968289278
 20
7.569954290334806
 10
13.633224371811508
 20
7.582180539734239
 10
13.627204448811511
 20
7.594262690523969
 10
13.620889825528849
 20
7.606193464741509
 10
13.61428430572272
 20
7.617965675609575
 10
13.607391868380404
 20
7.629572231865161
 10
13.600216665320715
 20
7.641006142031138
 10
13.592763018692835
 20
7.652260518627749
 10
13.585035418372911
 20
7.6633285823214194
 10
13.57703851925939
 20
7.674203666008452
 10
13.568777138469102
 20
7.684879218831114
 10
13.560256252435465
 20
7.69534881012369
 10
13.551480993910957
 20
7.705606133286167
 10
13.487422013487304
 20
7.778650110891263
 10
13.478398181329851
 20
7.788688430544177
 10
13.469130725695663
 20
7.798502281690794
 10
13.459625228424585
 20
7.808085753394174
 10
13.449887414730341
 20
7.817433073476209
 10
13.439923149752076
 20
7.826538611994195
 10
13.42973843502179
 20
7.835396884631827
 10
13.419339404849637
 20
7.844002556002401
 10
13.408732322629106
 20
7.852350442862367
 10
13.220498706173515
 20
7.996787340309979
 10
13.136295029889993
 20
8.080991016541475
 10
13.126633256520819
 20
8.090418509364376
 10
13.126563316624214
 20
8.090483480035594
 10
13.127252756999269
 20
8.092487535502563
 10
13.131329442118982
 20
8.105355919587353
 10
13.13508909346288
 20
8.118320474816564
 10
13.138529446357552
 20
8.13137339182692
 10
13.141648428463043
 20
8.144506808029277
 10
13.144444161021198
 20
8.157712812344826
 10
13.146914959987214
 20
8.170983449970365
 10
13.149059337044235
 20
8.184310727170015
 10
13.150876000499693
 20
8.19768661609033
 10
13.152363856063431
 20
8.211103059595985
 10
13.152514888651325
 20
8.212856910250721
 10
13.201093253194358
 20
8.159258944507592
 10
13.210280476059665
 20
8.14936907056503
 10
13.219707641561655
 20
8.139707641003412
 10
13.229369071128417
 20
8.130280475506659
 10
13.239258945075989
 20
8.121093252646752
 10
13.30470108513191
 20
8.061779954304995
 10
13.314813446170007
 20
8.052838208121521
 10
13.325142202990492
 20
8.04414732478795
 10
13.335681133936475
 20
8.035712539367445
 10
13.34642389075006
 20
8.027538932659354
 10
13.417364628901424
 20
7.974925695486398
 10
13.428304740547617
 20
7.967018190965717
 10
13.439435617112196
 20
7.959381551817543
 10
13.450750553771343
 20
7.952020378067736
 10
13.462242734830312
 20
7.9449391038121036
 10
13.537998872988169
 20
7.899532622043523
 10
13.549661375986773
 20
7.89273551277693
 10
13.561487175869303
 20
7.886226662823809
 10
13.573469149216152
 20
7.880009992871976
 10
13.585600078534554
 20
7.874089247610968
 10
13.665442043676507
 20
7.836326810487485
 10
13.677714621748294
 20
7.830705556352854
 10
13.690121456031335
 20
7.825387179377891
 10
13.702655073112567
 20
7.820374883154024
 10
13.715307923209707
 20
7.815671686901069
 10
13.777652134856822
 20
7.793364571302028
 10
14.32205528307341
 20
7.248961341205828
 10
13.392430359260317
 20
6.319336446019541
 10
10.46969634275274
 20
6.319336473892577
 10
8.33106325616555
 20
8.45796960007786
 10
8.33106325600761
 20
8.868961283964502
 10
8.33089760629369
 20
8.882458958975093
 10
8.330400756943419
 20
8.89594850349085
 10
8.329573007240327
 20
8.909421791914554
 10
8.328414855789845
 20
8.922870708441067
 10
8.326927000219115
 20
8.936287151945962
 10
8.325110336756694
 20
8.949663040865339
 10
8.322965959692738
 20
8.962990318063888
 10
8.320495160719787
 20
8.976260955688154
 10
8.317699428154754
 20
8.989466960002261
 10
8.314580446042413
 20
9.002600376203013
 10
8.31114009314095
 20
9.015653293211585
 10
8.307380441790286
 20
9.028617848438856
 10
8.303303756663865
 20
9.041486232521528
 10
8.298912493404345
 20
9.054250694026223
 10
8.294209297144477
 20
9.066903544118617
 10
8.289197000913873
 20
9.079437161194946
 10
8.283878623932338
 20
9.091843995472942
 10
8.278257369791305
 20
9.104116573539557
 10
8.272336624524058
 20
9.116247502852673
 10
8.266119954566165
 20
9.128229476194072
 10
8.25961110460716
 20
9.14005527607106
 10
8.25281399533489
 20
9.15171777906398
 10
8.245732721073779
 20
9.163209960117122
 10
8.23837154731865
 20
9.174524896770343
 10
8.230734908165374
 20
9.185655773328897
 10
8.222827403639798
 20
9.196595884968964
 10
8.214653796926939
 20
9.20733864177636
 10
8.206219011501872
 20
9.217877572716091
 10
8.197528128163924
 20
9.228206329530238
 10
8.188586381976279
 20
9.238318690561911
 10
8.17939915911245
 20
9.248208564502953
 10
8.169971993611966
 20
9.257869994063114
 10
8.169237877055593
 20
9.258586310237966
  0
LWPOLYLINE
  5
40
330
17
100
AcDbEntity
  8
0
100
AcDbPolyline
 90
6
 70
0
 10
13.333184255051776
 20
6.419336441584548
 10
13.343824664729254
 20
6.424638018107444
 10
13.357924670638283
 20
6.4321007547259015
 10
13.371250711741624
 20
6.439578146141827
 10
13.351009006391024
 20
6.419336441414558
 10
13.333184255051776
 20
6.419336441584548
  0
LWPOLYLINE
  5
41
330
17
100
AcDbEntity
  8
0
100
AcDbPolyline
 90
56
 70
0
 10
13.694169222648156
 20
6.762496647104442
 10
13.695613111104365
 20
6.765171584746334
 10
13.702843812590203
 20
6.77939130465797
 10
13.745814794902401
 20
6.8665272690037185
 10
13.752694639588327
 20
6.880920756697883
 10
13.759219173707407
 20
6.895478751251851
 10
13.765384467022727
 20
6.910192483247521
 10
13.771186805696232
 20
6.925053089453947
 10
13.776622694525742
 20
6.940051618166379
 10
13.78168885905049
 20
6.955179034598558
 10
13.78638224752359
 20
6.970426226325074
 10
13.790700032750266
 20
6.985784008770487
 10
13.794639613790963
 20
7.001243130741933
 10
13.7981986175281
 20
7.016794280001832
 10
13.801374900095482
 20
7.03242808887736
 10
13.80416654816986
 20
7.0481351399033585
 10
13.806571880123357
 20
7.063905971495188
 10
13.808589447036525
 20
7.079731083648198
 10
13.810218033571118
 20
7.095600943660301
 10
13.811456658702127
 20
7.111505991874289
 10
13.817810656005264
 20
7.208452952163746
 10
13.818658569921496
 20
7.224383517552049
 10
13.819115269974589
 20
7.240330093882463
 10
13.819180481061522
 20
7.256283075394222
 10
13.818854163900966
 20
7.2722328524682425
 10
13.818136515057091
 20
7.288169817415721
 10
13.817027966820945
 20
7.3040843702655
 10
13.815529186950243
 20
7.31996692454684
 10
13.813641078267068
 20
7.335807913063995
 10
13.811364778114012
 20
7.351597793659288
 10
13.808701657669019
 20
7.3673270549609455
 10
13.805653321119621
 20
7.3829862221125495
 10
13.802221604696427
 20
7.398565862480382
 10
13.798408575567066
 20
7.414056591335374
 10
13.794216530591086
 20
7.42944907750622
 10
13.789647994936274
 20
7.444734049000175
 10
13.784705720557668
 20
7.4599022985882755
 10
13.753475733262604
 20
7.551901260868966
 10
13.748162689335743
 20
7.56694367317845
 10
13.742482083137475
 20
7.581851165156571
 10
13.736437336512125
 20
7.596614756931366
 10
13.730032090652372
 20
7.611225555312473
 10
13.723270203905912
 20
7.625674759148168
 10
13.71615574945136
 20
7.639953664626937
 10
13.708693012844606
 20
7.654053670520398
 10
13.700886489437323
 20
7.667966283364478
 10
13.692740881669152
 20
7.68168312257562
 10
13.684261096234962
 20
7.695195925499057
 10
13.675452241129278
 20
7.708496552385959
 10
13.666319622569375
 20
7.721576991296658
 10
13.660447811485426
 20
7.729562141043566
 10
13.666665571283943
 20
7.727075607925713
 10
13.681618939580574
 20
7.721517285081319
 10
13.722820069531537
 20
7.706775285072894
 10
14.18063393813597
 20
7.248961347612088
 10
13.694169222648156
 20
6.762496647104442
  0
LWPOLYLINE
  5
42
330
17
100
AcDbEntity
  8
0
100
AcDbPolyline
 90
14
 70
0
 10
13.912366549666842
 20
7.122115314392744
 10
13.917596559608029
 20
7.201912887777091
 10
13.918574921819072
 20
7.220294309378978
 10
13.91910188341879
 20
7.238694205144846
 10
13.919177126980628
 20
7.257101491504564
 10
13.918800607180003
 20
7.275505080436126
 10
13.917972550821645
 20
7.293893886144758
 10
13.91669345670303
 20
7.312256831740662
 10
13.914964095313763
 20
7.33058285591143
 10
13.912785508371655
 20
7.3488609195850785
 10
13.910159008195023
 20
7.367080012579642
 10
13.907930264522662
 20
7.380243702439429
 10
14.039212593198556
 20
7.2489613540183555
 10
13.912366549666842
 20
7.122115314392744
  0
ENDSEC
  0
SECTION
  2
OBJECTS
  0
DICTIONARY
  5
A
330
0
100
AcDbDictionary
281
1
  3
ACAD_COLOR
350
B
  3
ACAD_GROUP
350
C
  3
ACAD_LAYOUT
350
D
  3
ACAD_MATERIAL
350
E
  3
ACAD_MLEADERSTYLE
350
F
  3
ACAD_MLINESTYLE
350
10
  3
ACAD_PLOTSETTINGS
350
11
  3
ACAD_PLOTSTYLENAME
350
12
  3
ACAD_SCALELIST
350
14
  3
ACAD_TABLESTYLE
350
15
  3
ACAD_VISUALSTYLE
350
16
  0
DICTIONARY
  5
B
330
A
100
AcDbDictionary
281
1
  0
DICTIONARY
  5
C
330
A
100
AcDbDictionary
281
1
  0
DICTIONARY
  5
D
330
A
100
AcDbDictionary
281
1
  3
Model
350
1A
  3
Layout1
350
1E
  0
DICTIONARY
  5
E
330
A
100
AcDbDictionary
281
1
  3
ByBlock
350
1F
  3
ByLayer
350
20
  3
Global
350
21
  0
DICTIONARY
  5
F
330
A
100
AcDbDictionary
281
1
  3
Standard
350
2C
  0
DICTIONARY
  5
10
330
A
100
AcDbDictionary
281
1
  3
Standard
350
22
  0
DICTIONARY
  5
11
330
A
100
AcDbDictionary
281
1
  0
ACDBDICTIONARYWDFLT
  5
12
330
A
100
AcDbDictionary
281
1
  3
Normal
350
13
100
AcDbDictionaryWithDefault
340
13
  0
ACDBPLACEHOLDER
  5
13
330
12
  0
DICTIONARY
  5
14
330
A
100
AcDbDictionary
281
1
  0
DICTIONARY
  5
15
330
A
100
AcDbDictionary
281
1
  0
DICTIONARY
  5
16
330
A
100
AcDbDictionary
281
1
  0
LAYOUT
  5
1A
330
D
100
AcDbPlotSettings
  1

  2
Adobe PDF
  4
A4
  6

 40
3.175
 41
3.175
 42
3.175
 43
3.175
 44
209.91
 45
297.03
 46
0.0
 47
0.0
 48
0.0
 49
0.0
140
0.0
141
0.0
142
1.0
143
1.0
 70
1024
 72
0
 73
1
 74
5
  7

 75
16
 76
0
 77
2
 78
300
147
1.0
148
0.0
149
0.0
100
AcDbLayout
  1
Model
 70
1
 71
0
 10
-3.175
 20
-3.175
 11
293.857
 21
206.735
 12
0.0
 22
0.0
 32
0.0
 14
29.068
 24
20.356
 34
0.0
 15
261.614
 25
183.204
 35
0.0
146
0.0
 13
0.0
 23
0.0
 33
0.0
 16
1.0
 26
0.0
 36
0.0
 17
0.0
 27
1.0
 37
0.0
 76
1
330
17
  0
LAYOUT
  5
1E
330
D
100
AcDbPlotSettings
  1

  2
Adobe PDF
  4
A4
  6

 40
3.175
 41
3.175
 42
3.175
 43
3.175
 44
209.91
 45
297.03
 46
0.0
 47
0.0
 48
0.0
 49
0.0
140
0.0
141
0.0
142
1.0
143
1.0
 70
0
 72
0
 73
1
 74
5
  7

 75
16
 76
0
 77
2
 78
300
147
1.0
148
0.0
149
0.0
100
AcDbLayout
  1
Layout1
 70
1
 71
1
 10
-3.175
 20
-3.175
 11
293.857
 21
206.735
 12
0.0
 22
0.0
 32
0.0
 14
29.068
 24
20.356
 34
0.0
 15
261.614
 25
183.204
 35
0.0
146
0.0
 13
0.0
 23
0.0
 33
0.0
 16
1.0
 26
0.0
 36
0.0
 17
0.0
 27
1.0
 37
0.0
 76
1
330
1B
  0
MATERIAL
  5
1F
102
{ACAD_REACTORS
330
E
102
}
330
E
100
AcDbMaterial
  1
ByBlock
  2

 70
0
 40
1.0
 71
1
 41
1.0
 91
-1023410177
 42
1.0
 72
1
  3

 73
1
 74
1
 75
1
 44
0.5
 73
0
 45
1.0
 46
1.0
 77
1
  4

 78
1
 79
1
170
1
 48
1.0
171
1
  6

172
1
173
1
174
1
140
1.0
141
1.0
175
1
  7

176
1
177
1
178
1
143
1.0
179
1
  8

270
1
271
1
272
1
145
1.0
146
1.0
273
1
  9

274
1
275
1
276
1
 42
1.0
 72
1
  3

 73
1
 74
1
 75
1
 94
63
  0
MATERIAL
  5
20
102
{ACAD_REACTORS
330
E
102
}
330
E
100
AcDbMaterial
  1
ByLayer
  2

 70
0
 40
1.0
 71
1
 41
1.0
 91
-1023410177
 42
1.0
 72
1
  3

 73
1
 74
1
 75
1
 44
0.5
 73
0
 45
1.0
 46
1.0
 77
1
  4

 78
1
 79
1
170
1
 48
1.0
171
1
  6

172
1
173
1
174
1
140
1.0
141
1.0
175
1
  7

176
1
177
1
178
1
143
1.0
179
1
  8

270
1
271
1
272
1
145
1.0
146
1.0
273
1
  9

274
1
275
1
276
1
 42
1.0
 72
1
  3

 73
1
 74
1
 75
1
 94
63
  0
MATERIAL
  5
21
102
{ACAD_REACTORS
330
E
102
}
330
E
100
AcDbMaterial
  1
Global
  2

 70
0
 40
1.0
 71
1
 41
1.0
 91
-1023410177
 42
1.0
 72
1
  3

 73
1
 74
1
 75
1
 44
0.5
 73
0
 45
1.0
 46
1.0
 77
1
  4

 78
1
 79
1
170
1
 48
1.0
171
1
  6

172
1
173
1
174
1
140
1.0
141
1.0
175
1
  7

176
1
177
1
178
1
143
1.0
179
1
  8

270
1
271
1
272
1
145
1.0
146
1.0
273
1
  9

274
1
275
1
276
1
 42
1.0
 72
1
  3

 73
1
 74
1
 75
1
 94
63
  0
MLINESTYLE
  5
22
102
{ACAD_REACTORS
330
10
102
}
330
10
100
AcDbMlineStyle
  2
Standard
 70
0
  3

 62
256
 51
90.0
 52
90.0
 71
2
 49
0.5
 62
256
  6
BYLAYER
 49
-0.5
 62
256
  6
BYLAYER
  0
MLEADERSTYLE
  5
2C
102
{ACAD_REACTORS
330
F
102
}
330
F
100
AcDbMLeaderStyle
179
2
170
2
171
1
172
0
 90
2
 40
0.0
 41
0.0
173
1
 91
-1056964608
 92
-2
290
1
 42
2.0
291
1
 43
8.0
  3
Standard
 44
4.0
300

342
29
174
1
175
1
176
0
178
1
 93
-1056964608
 45
4.0
292
0
297
0
 46
4.0
 94
-1056964608
 47
1.0
 49
0.0
140
1.0
294
1
141
0.0
177
0
142
1.0
295
0
296
0
143
3.75
271
0
272
9
272
9
  0
ENDSEC
  0
EOF
