  0
SECTION
  2
HEADER
  9
$ACADVER
  1
AC1024
  9
$ACADMAINTVER
 70
6
  9
$DWGCODEPAGE
  3
ANSI_1252
  9
$LASTSAVEDBY
  1
ezdxf
  9
$INSBASE
 10
0.0
 20
0.0
 30
0.0
  9
$EXTMIN
 10
-100
 20
-100
 30
-100
  9
$EXTMAX
 10
100
 20
100
 30
100
  9
$LIMMIN
 10
0.0
 20
0.0
  9
$LIMMAX
 10
420.0
 20
297.0
  9
$ORTHOMODE
 70
0
  9
$REGENMODE
 70
1
  9
$FILLMODE
 70
1
  9
$QTEXTMODE
 70
0
  9
$MIRRTEXT
 70
1
  9
$LTSCALE
 40
1.0
  9
$ATTMODE
 70
1
  9
$TEXTSIZE
 40
2.5
  9
$TRACEWID
 40
1.0
  9
$TEXTSTYLE
  7
Standard
  9
$CLAYER
  8
0
  9
$CELTYPE
  6
ByLayer
  9
$CECOLOR
 62
256
  9
$CELTSCALE
 40
1.0
  9
$DISPSILH
 70
0
  9
$DIMSCALE
 40
1.0
  9
$DIMASZ
 40
2.5
  9
$DIMEXO
 40
0.625
  9
$DIMDLI
 40
3.75
  9
$DIMRND
 40
0.0
  9
$DIMDLE
 40
0.0
  9
$DIMEXE
 40
1.25
  9
$DIMTP
 40
0.0
  9
$DIMTM
 40
0.0
  9
$DIMTXT
 40
2.5
  9
$DIMCEN
 40
2.5
  9
$DIMTSZ
 40
0.0
  9
$DIMTOL
 70
0
  9
$DIMLIM
 70
0
  9
$DIMTIH
 70
0
  9
$DIMTOH
 70
0
  9
$DIMSE1
 70
0
  9
$DIMSE2
 70
0
  9
$DIMTAD
 70
1
  9
$DIMZIN
 70
8
  9
$DIMBLK
  1

  9
$DIMASO
 70
1
  9
$DIMSHO
 70
1
  9
$DIMPOST
  1

  9
$DIMAPOST
  1

  9
$DIMALT
 70
0
  9
$DIMALTD
 70
3
  9
$DIMALTF
 40
0.03937007874
  9
$DIMLFAC
 40
1.0
  9
$DIMTOFL
 70
1
  9
$DIMTVP
 40
0.0
  9
$DIMTIX
 70
0
  9
$DIMSOXD
 70
0
  9
$DIMSAH
 70
0
  9
$DIMBLK1
  1

  9
$DIMBLK2
  1

  9
$DIMSTYLE
  2
ISO-25
  9
$DIMCLRD
 70
0
  9
$DIMCLRE
 70
0
  9
$DIMCLRT
 70
0
  9
$DIMTFAC
 40
1.0
  9
$DIMGAP
 40
0.625
  9
$DIMJUST
 70
0
  9
$DIMSD1
 70
0
  9
$DIMSD2
 70
0
  9
$DIMTOLJ
 70
0
  9
$DIMTZIN
 70
8
  9
$DIMALTZ
 70
0
  9
$DIMALTTZ
 70
0
  9
$DIMUPT
 70
0
  9
$DIMDEC
 70
2
  9
$DIMTDEC
 70
2
  9
$DIMALTU
 70
2
  9
$DIMALTTD
 70
3
  9
$DIMTXSTY
  7
Standard
  9
$DIMAUNIT
 70
0
  9
$DIMADEC
 70
0
  9
$DIMALTRND
 40
0.0
  9
$DIMAZIN
 70
0
  9
$DIMDSEP
 70
44
  9
$DIMATFIT
 70
3
  9
$DIMFRAC
 70
0
  9
$DIMLDRBLK
  1

  9
$DIMLUNIT
 70
2
  9
$DIMLWD
 70
-2
  9
$DIMLWE
 70
-2
  9
$DIMTMOVE
 70
0
  9
$DIMFXL
 40
1.0
  9
$DIMFXLON
 70
0
  9
$DIMJOGANG
 40
0.785398163397
  9
$DIMTFILL
 70
0
  9
$DIMTFILLCLR
 70
0
  9
$DIMARCSYM
 70
0
  9
$DIMLTYPE
  6

  9
$DIMLTEX1
  6

  9
$DIMLTEX2
  6

  9
$DIMTXTDIRECTION
 70
0
  9
$LUNITS
 70
2
  9
$LUPREC
 70
4
  9
$SKETCHINC
 40
1.0
  9
$FILLETRAD
 40
10.0
  9
$AUNITS
 70
0
  9
$AUPREC
 70
2
  9
$MENU
  1
.
  9
$ELEVATION
 40
0.0
  9
$PELEVATION
 40
0.0
  9
$THICKNESS
 40
0.0
  9
$LIMCHECK
 70
0
  9
$CHAMFERA
 40
0.0
  9
$CHAMFERB
 40
0.0
  9
$CHAMFERC
 40
0.0
  9
$CHAMFERD
 40
0.0
  9
$SKPOLY
 70
0
  9
$TDCREATE
 40
2461298.5427314816
  9
$TDUCREATE
 40
2458532.153996898
  9
$TDUPDATE
 40
2461298.5427314816
  9
$TDUUPDATE
 40
2458532.1544311
  9
$TDINDWG
 40
0.0
  9
$TDUSRTIMER
 40
0.0
  9
$USRTIMER
 70
1
  9
$ANGBASE
 50
0.0
  9
$ANGDIR
 70
0
  9
$PDMODE
 70
0
  9
$PDSIZE
 40
0.0
  9
$PLINEWID
 40
0.0
  9
$SPLFRAME
 70
0
  9
$SPLINETYPE
 70
6
  9
$SPLINESEGS
 70
8
  9
$HANDSEED
  5
44
  9
$SURFTAB1
 70
6
  9
$SURFTAB2
 70
6
  9
$SURFTYPE
 70
6
  9
$SURFU
 70
6
  9
$SURFV
 70
6
  9
$UCSBASE
  2

  9
$UCSNAME
  2

  9
$UCSORG
 10
0.0
 20
0.0
 30
0.0
  9
$UCSXDIR
 10
1.0
 20
0.0
 30
0.0
  9
$UCSYDIR
 10
0.0
 20
1.0
 30
0.0
  9
$UCSORTHOREF
  2

  9
$UCSORTHOVIEW
 70
0
  9
$UCSORGTOP
 10
0.0
 20
0.0
 30
0.0
  9
$UCSORGBOTTOM
 10
0.0
 20
0.0
 30
0.0
  9
$UCSORGLEFT
 10
0.0
 20
0.0
 30
0.0
  9
$UCSORGRIGHT
 10
0.0
 20
0.0
 30
0.0
  9
$UCSORGFRONT
 10
0.0
 20
0.0
 30
0.0
  9
$UCSORGBACK
 10
0.0
 20
0.0
 30
0.0
  9
$PUCSBASE
  2

  9
$PUCSNAME
  2

  9
$PUCSORG
 10
0.0
 20
0.0
 30
0.0
  9
$PUCSXDIR
 10
1.0
 20
0.0
 30
0.0
  9
$PUCSYDIR
 10
0.0
 20
1.0
 30
0.0
  9
$PUCSORTHOREF
  2

  9
$PUCSORTHOVIEW
 70
0
  9
$PUCSORGTOP
 10
0.0
 20
0.0
 30
0.0
  9
$PUCSORGBOTTOM
 10
0.0
 20
0.0
 30
0.0
  9
$PUCSORGLEFT
 10
0.0
 20
0.0
 30
0.0
  9
$PUCSORGRIGHT
 10
0.0
 20
0.0
 30
0.0
  9
$PUCSORGFRONT
 10
0.0
 20
0.0
 30
0.0
  9
$PUCSORGBACK
 10
0.0
 20
0.0
 30
0.0
  9
$USERI1
 70
0
  9
$USERI2
 70
0
  9
$USERI3
 70
0
  9
$USERI4
 70
0
  9
$USERI5
 70
0
  9
$USERR1
 40
0.0
  9
$USERR2
 40
0.0
  9
$USERR3
 40
0.0
  9
$USERR4
 40
0.0
  9
$USERR5
 40
0.0
  9
$WORLDVIEW
 70
1
  9
$SHADEDGE
 70
3
  9
$SHADEDIF
 70
70
  9
$TILEMODE
 70
1
  9
$MAXACTVP
 70
64
  9
$PINSBASE
 10
0.0
 20
0.0
 30
0.0
  9
$PLIMCHECK
 70
0
  9
$PEXTMIN
 10
1e+20
 20
1e+20
 30
1e+20
  9
$PEXTMAX
 10
-1e+20
 20
-1e+20
 30
-1e+20
  9
$PLIMMIN
 10
0.0
 20
0.0
  9
$PLIMMAX
 10
420.0
 20
297.0
  9
$UNITMODE
 70
0
  9
$VISRETAIN
 70
1
  9
$PLINEGEN
 70
0
  9
$PSLTSCALE
 70
1
  9
$TREEDEPTH
 70
3020
  9
$CMLSTYLE
  2
Standard
  9
$CMLJUST
 70
0
  9
$CMLSCALE
 40
20.0
  9
$PROXYGRAPHICS
 70
1
  9
$MEASUREMENT
 70
1
  9
$CELWEIGHT
370
-1
  9
$ENDCAPS
280
0
  9
$JOINSTYLE
280
0
  9
$LWDISPLAY
290
0
  9
$INSUNITS
 70
6
  9
$HYPERLINKBASE
  1

  9
$STYLESHEET
  1

  9
$XEDIT
290
1
  9
$CEPSNTYPE
380
0
  9
$PSTYLEMODE
290
1
  9
$FINGERPRINTGUID
  2
51685B3B-B066-11F1-A3CE-BCEE7B8C4939
  9
$VERSIONGUID
  2
516F41A5-B066-11F1-A5BB-BCEE7B8C4939
  9
$EXTNAMES
290
1
  9
$PSVPSCALE
 40
0.0
  9
$OLESTARTUP
290
0
  9
$SORTENTS
280
127
  9
$INDEXCTL
280
0
  9
$HIDETEXT
280
1
  9
$XCLIPFRAME
280
2
  9
$HALOGAP
280
0
  9
$OBSCOLOR
 70
257
  9
$OBSLTYPE
280
0
  9
$INTERSECTIONDISPLAY
280
0
  9
$INTERSECTIONCOLOR
 70
257
  9
$DIMASSOC
280
2
  9
$PROJECTNAME
  1

  9
$CAMERADISPLAY
290
0
  9
$LENSLENGTH
 40
50.0
  9
$CAMERAHEIGHT
 40
0.0
  9
$STEPSPERSEC
 40
24.0
  9
$STEPSIZE
 40
100.0
  9
$3DDWFPREC
 40
2.0
  9
$PSOLWIDTH
 40
0.005
  9
$PSOLHEIGHT
 40
0.08
  9
$LOFTANG1
 40
1.570796326795
  9
$LOFTANG2
 40
1.570796326795
  9
$LOFTMAG1
 40
0.0
  9
$LOFTMAG2
 40
0.0
  9
$LOFTPARAM
 70
7
  9
$LOFTNORMALS
280
1
  9
$LATITUDE
 40
37.795
  9
$LONGITUDE
 40
-122.394
  9
$NORTHDIRECTION
 40
0.0
  9
$TIMEZONE
 70
-8000
  9
$LIGHTGLYPHDISPLAY
280
1
  9
$TILEMODELIGHTSYNCH
280
1
  9
$CMATERIAL
347
20
  9
$SOLIDHIST
280
0
  9
$SHOWHIST
280
1
  9
$DWFFRAME
280
2
  9
$DGNFRAME
280
2
  9
$REALWORLDSCALE
290
1
  9
$INTERFERECOLOR
 62
256
  9
$CSHADOW
280
0
  9
$SHADOWPLANELOCATION
 40
0.0
  0
ENDSEC
  0
SECTION
  2
CLASSES
  0
CLASS
  1
ACDBDICTIONARYWDFLT
  2
AcDbDictionaryWithDefault
  3
ObjectDBX Classes
 90
0
 91
0
280
0
281
0
  0
CLASS
  1
SUN
  2
AcDbSun
  3
SCENEOE
 90
1153
 91
0
280
0
281
0
  0
CLASS
  1
VISUALSTYLE
  2
AcDbVisualStyle
  3
ObjectDBX Classes
 90
4095
 91
0
280
0
281
0
  0
CLASS
  1
MATERIAL
  2
AcDbMaterial
  3
ObjectDBX Classes
 90
1153
 91
0
280
0
281
0
  0
CLASS
  1
SCALE
  2
AcDbScale
  3
ObjectDBX Classes
 90
1153
 91
0
280
0
281
0
  0
CLASS
  1
TABLESTYLE
  2
AcDbTableStyle
  3
ObjectDBX Classes
 90
4095
 91
0
280
0
281
0
  0
CLASS
  1
MLEADERSTYLE
  2
AcDbMLeaderStyle
  3
ACDB_MLEADERSTYLE_CLASS
 90
4095
 91
0
280
0
281
0
  0
CLASS
  1
DICTIONARYVAR
  2
AcDbDictionaryVar
  3
ObjectDBX Classes
 90
0
 91
0
280
0
281
0
  0
CLASS
  1
CELLSTYLEMAP
  2
AcDbCellStyleMap
  3
ObjectDBX Classes
 90
1152
 91
0
280
0
281
0
  0
CLASS
  1
MENTALRAYRENDERSETTINGS
  2
AcDbMentalRayRenderSettings
  3
SCENEOE
 90
1024
 91
0
280
0
281
0
  0
CLASS
  1
ACDBDETAILVIEWSTYLE
  2
AcDbDetailViewStyle
  3
ObjectDBX Classes
 90
1025
 91
0
280
0
281
0
  0
CLASS
  1
ACDBSECTIONVIEWSTYLE
  2
AcDbSectionViewStyle
  3
ObjectDBX Classes
 90
1025
 91
0
280
0
281
0
  0
CLASS
  1
RASTERVARIABLES
  2
AcDbRasterVariables
  3
ISM
 90
0
 91
0
280
0
281
0
  0
CLASS
  1
LAYOUT
  2
AcDbLayout
  3
ObjectDBX Classes
 90
0
 91
0
280
0
281
0
  0
CLASS
  1
ACDBPLACEHOLDER
  2
AcDbPlaceHolder
  3
ObjectDBX Classes
 90
0
 91
0
280
0
281
0
  0
ENDSEC
  0
SECTION
  2
TABLES
  0
TABLE
  2
VPORT
  5
8
330
0
100
AcDbSymbolTable
 70
1
  0
VPORT
  5
23
330
8
100
AcDbSymbolTableRecord
100
AcDbViewportTableRecord
  2
*Active
 70
0
 10
0.0
 20
0.0
 11
1.0
 21
1.0
 12
70.0
 22
50.0
 13
0.0
 23
0.0
 14
0.5
 24
0.5
 15
0.5
 25
0.5
 16
0.0
 26
0.0
 36
1.0
 17
0.0
 27
0.0
 37
0.0
 40
1.0
 41
1.34
 42
50.0
 43
0.0
 44
0.0
 50
0.0
 51
0.0
 71
0
 72
1000
 73
1
 74
3
 75
0
 76
0
 77
0
 78
0
281
0
 65
0
146
0.0
  0
ENDTAB
  0
TABLE
  2
LTYPE
  5
2
330
0
100
AcDbSymbolTable
 70
3
  0
LTYPE
  5
24
330
2
100
AcDbSymbolTableRecord
100
AcDbLinetypeTableRecord
  2
ByBlock
 70
0
  3

 72
65
 73
0
 40
0.0
  0
LTYPE
  5
25
330
2
100
AcDbSymbolTableRecord
100
AcDbLinetypeTableRecord
  2
ByLayer
 70
0
  3

 72
65
 73
0
 40
0.0
  0
LTYPE
  5
26
330
2
100
AcDbSymbolTableRecord
100
AcDbLinetypeTableRecord
  2
Continuous
 70
0
  3

 72
65
 73
0
 40
0.0
  0
ENDTAB
  0
TABLE
  2
LAYER
  5
1
330
0
100
AcDbSymbolTable
 70
2
  0
LAYER
  5
27
330
1
100
AcDbSymbolTableRecord
100
AcDbLayerTableRecord
  2
0
 70
0
 62
7
  6
Continuous
370
-3
390
13
347
21
  0
LAYER
  5
28
330
1
100
AcDbSymbolTableRecord
100
AcDbLayerTableRecord
  2
Defpoints
 70
0
 62
7
  6
Continuous
290
0
370
-3
390
13
347
21
  0
ENDTAB
  0
TABLE
  2
STYLE
  5
5
330
0
100
AcDbSymbolTable
 70
1
  0
STYLE
  5
29
330
5
100
AcDbSymbolTableRecord
100
AcDbTextStyleTableRecord
  2
Standard
 70
0
 40
0.0
 41
1.0
 50
0.0
 71
0
 42
2.5
  3
txt
  4

  0
ENDTAB
  0
TABLE
  2
VIEW
  5
7
330
0
100
AcDbSymbolTable
 70
0
  0
ENDTAB
  0
TABLE
  2
UCS
  5
6
330
0
100
AcDbSymbolTable
 70
0
  0
ENDTAB
  0
TABLE
  2
APPID
  5
3
330
0
100
AcDbSymbolTable
 70
2
  0
APPID
  5
2A
330
3
100
AcDbSymbolTableRecord
100
AcDbRegAppTableRecord
  2
ACAD
 70
0
  0
APPID
  5
43
330
3
100
AcDbSymbolTableRecord
100
AcDbRegAppTableRecord
  2
HATCHBACKGROUNDCOLOR
 70
0
  0
ENDTAB
  0
TABLE
  2
DIMSTYLE
  5
4
330
0
100
AcDbSymbolTable
 70
1
100
AcDbDimStyleTable
  0
DIMSTYLE
105
2B
330
4
100
AcDbSymbolTableRecord
100
AcDbDimStyleTableRecord
  2
Standard
 70
0
 40
1.0
 41
2.5
 42
0.625
 43
3.75
 44
1.25
 45
0.0
 46
0.0
 47
0.0
 48
0.0
 49
2.5
140
2.5
141
2.5
142
0.0
143
0.03937007874
144
1.0
145
0.0
146
1.0
147
0.625
148
0.0
 69
0
 70
0
 71
0
 72
0
 73
0
 74
0
 75
0
 76
0
 77
1
 78
8
 79
0
170
0
171
3
172
1
173
0
174
0
175
0
176
0
177
0
178
0
179
0
271
0
272
2
273
2
274
3
275
0
276
0
277
2
278
44
279
0
280
0
281
0
282
0
283
0
284
8
285
0
286
0
288
0
289
3
290
0
371
-2
372
-2
  0
ENDTAB
  0
TABLE
  2
BLOCK_RECORD
  5
9
330
0
100
AcDbSymbolTable
 70
2
  0
BLOCK_RECORD
  5
17
330
9
100
AcDbSymbolTableRecord
100
AcDbBlockTableRecord
  2
*Model_Space
340
1A
 70
0
280
1
281
0
  0
BLOCK_RECORD
  5
1B
330
9
100
AcDbSymbolTableRecord
100
AcDbBlockTableRecord
  2
*Paper_Space
340
1E
 70
0
280
1
281
0
  0
ENDTAB
  0
ENDSEC
  0
SECTION
  2
BLOCKS
  0
BLOCK
  5
18
330
17
100
AcDbEntity
  8
0
100
AcDbBlockBegin
  2
*Model_Space
 70
0
 10
0.0
 20
0.0
 30
0.0
  3
*Model_Space
  1

  0
ENDBLK
  5
19
330
17
100
AcDbEntity
  8
0
100
AcDbBlockEnd
  0
BLOCK
  5
1C
330
1B
100
AcDbEntity
  8
0
100
AcDbBlockBegin
  2
*Paper_Space
 70
0
 10
0.0
 20
0.0
 30
0.0
  3
*Paper_Space
  1

  0
ENDBLK
  5
1D
330
1B
100
AcDbEntity
  8
0
100
AcDbBlockEnd
  0
ENDSEC
  0
SECTION
  2
ENTITIES
  0
LWPOLYLINE
  5
2D
330
17
100
AcDbEntity
  8
0
100
AcDbPolyline
 90
582
 70
0
 10
127.65000009747826
 20
-50.8999998975
 10
128.2680986283486
 20
-50.89999992867372
 10
130.93404934819242
 20
-53.56595064850908
 10
130.93492765997686
 20
-53.566807663560084
 10
130.93582673943257
 20
-53.56764286564381
 10
130.99038913804912
 20
-53.61709534113232
 10
130.9913084435981
 20
-53.617908227148945
 10
130.9922474214909
 20
-53.61869830745195
 10
130.9932055061224
 20
-53.61946510612648
 10
130.9941821203782
 20
-53.62020816128171
 10
131.05332897428886
 20
-53.664074457764876
 10
131.05432352989308
 20
-53.66479332181216
 10
131.05533542776263
 20
-53.665487561734665
 10
131.05636405836805
 20
-53.666156759348226
 10
131.05740880210072
 20
-53.66680051155323
 10
131.12057049668104
 20
-53.70465817434887
 10
131.1216307242264
 20
-53.70527609337305
 10
131.12270579694302
 20
-53.70586780700509
 10
131.1237950672473
 20
-53.70643295881884
 10
131.12489787900356
 20
-53.70697120838796
 10
131.19146613260762
 20
-53.73845564750867
 10
131.19258182152328
 20
-53.73896667061176
 10
131.19370971554903
 20
-53.739450159427605
 10
131.1948491352837
 20
-53.73990582272062
 10
131.19599939438348
 20
-53.74033338601628
 10
131.26533311833907
 20
-53.765141389102105
 10
131.26649352393085
 20
-53.76554059485227
 10
131.2676633770297
 20
-53.76591120259032
 10
131.26884197295988
 20
-53.766252989076
 10
131.27002860177922
 20
-53.76656574842993
 10
131.34146007442303
 20
-53.784458400849644
 10
131.34265402135074
 20
-53.78474194467727
 10
131.3438545671978
 20
-53.78499610218241
 10
131.34506098880036
 20
-53.78522072027007
 10
131.3462725594551
 20
-53.785415663638716
 10
131.41911385665668
 20
-53.79622064936838
 10
131.42032984655572
 20
-53.79638580059105
 10
131.4215495232352
 20
-53.79652106018734
 10
131.42277215200752
 20
-53.79662634668192
 10
131.42399699640686
 20
-53.79670159665416
 10
131.4975466189878
 20
-53.80031485790727
 10
131.49877294121472
 20
-53.80036002602941
 10
131.5000000025775
 20
-53.8003750850938
 10
135.49999999766777
 20
-53.80037508508778
 10
135.50122705904067
 20
-53.80036002602314
 10
135.5024533812777
 20
-53.80031485790025
 10
135.5760030041014
 20
-53.796701596605104
 10
135.57722784850375
 20
-53.79662634663214
 10
135.5784504772791
 20
-53.79652106013668
 10
135.57967015396156
 20
-53.79638580053937
 10
135.58088614386352
 20
-53.796220649315536
 10
135.65372744105832
 20
-53.78541566353824
 10
135.6549390117129
 20
-53.785220720168795
 10
135.65614543331532
 20
-53.78499610208035
 10
135.65734597916224
 20
-53.78474194457443
 10
135.65853992608976
 20
-53.78445840074602
 10
135.72997139872152
 20
-53.7665657482797
 10
135.73115802754066
 20
-53.766252988925
 10
135.7323366234706
 20
-53.76591120243854
 10
135.7335064765692
 20
-53.76554059469973
 10
135.73466688216072
 20
-53.76514138894881
 10
135.8040006061
 20
-53.740333385817756
 10
135.8051508651995
 20
-53.739905822521344
 10
135.80629028493388
 20
-53.73945015922758
 10
135.80741817895932
 20
-53.738966670410996
 10
135.80853386787464
 20
-53.73845564730718
 10
135.87510212145833
 20
-53.70697120814288
 10
135.8762049332142
 20
-53.70643295857304
 10
135.87729420351815
 20
-53.70586780675858
 10
135.87836927623437
 20
-53.70527609312584
 10
135.87942950377933
 20
-53.70465817410097
 10
135.94259119833524
 20
-53.666800511263865
 10
135.9436359420675
 20
-53.666156759058175
 10
135.94466457267248
 20
-53.66548756144394
 10
135.94567647054157
 20
-53.66479332152077
 10
135.94667102614534
 20
-53.664074457472836
 10
136.00581788002714
 20
-53.62020816095114
 10
136.00679449428006
 20
-53.619465105797154
 10
136.00775257890874
 20
-53.61869830712399
 10
136.0086915567988
 20
-53.61790822682249
 10
136.0096108623451
 20
-53.61709534080749
 10
136.06417326076
 20
-53.567642865461146
 10
136.06507234020802
 20
-53.56680766338403
 10
136.06595065198513
 20
-53.56595064834001
 10
138.0659506485096
 20
-51.56595065180699
 10
138.0668076635606
 20
-51.56507234002255
 10
138.06764286564433
 20
-51.56417326056686
 10
138.11709534113248
 20
-51.50961086195074
 10
138.11790822714912
 20
-51.50869155640177
 10
138.11869830745212
 20
-51.50775257850895
 10
138.11946510612665
 20
-51.50679449387745
 10
138.12020816128188
 20
-51.50581787962162
 10
138.16407445776494
 20
-51.44667102571103
 10
138.16479332181223
 20
-51.4456764701068
 10
138.16548756173472
 20
-51.44466457223726
 10
138.1661567593483
 20
-51.443635941631854
 10
138.16680051155328
 20
-51.44259119789918
 10
138.20465817434874
 20
-51.379429503319166
 10
138.20527609337293
 20
-51.37836927577381
 10
138.20586780700498
 20
-51.37729420305718
 10
138.2064329588187
 20
-51.37620493275289
 10
138.20697120838784
 20
-51.375102120996644
 10
138.23845564750889
 20
-51.30853386739188
 10
138.23896667061197
 20
-51.30741817847622
 10
138.23945015942783
 20
-51.30629028445045
 10
138.23990582272086
 20
-51.30515086471575
 10
138.24033338601652
 20
-51.304000605615975
 10
138.2651413891023
 20
-51.23466688166022
 10
138.26554059485244
 20
-51.233506476068456
 10
138.26591120259047
 20
-51.232336622969626
 10
138.26625298907618
 20
-51.23115802703948
 10
138.26656574843008
 20
-51.229971398220144
 10
138.2844584008496
 20
-51.15853992557735
 10
138.28474194467722
 20
-51.15734597864963
 10
138.28499610218236
 20
-51.15614543280253
 10
138.28522072027002
 20
-51.154939011199986
 10
138.28541566363867
 20
-51.15372744054525
 10
138.29622064936837
 20
-51.080886143343385
 10
138.29638580059103
 20
-51.07967015344436
 10
138.29652106018733
 20
-51.07845047676487
 10
138.2966263466819
 20
-51.07722784799254
 10
138.29670159665415
 20
-51.076003003593215
 10
138.30031485790727
 20
-51.00245338101183
 10
138.3003600260294
 20
-51.00122705878464
 10
138.3003750850938
 20
-50.99999999742157
 10
138.30037508508778
 20
-50.54000000233146
 10
138.30036002602313
 20
-50.53877294095883
 10
138.30031485790025
 20
-50.53754661872209
 10
138.2967015966051
 20
-50.46399699589852
 10
138.2966263466321
 20
-50.46277215149618
 10
138.29652106013666
 20
-50.46154952272086
 10
138.29638580053935
 20
-50.46032984603841
 10
138.29622064931553
 20
-50.45911385613646
 10
138.28541566353832
 20
-50.38627255894198
 10
138.28522072016887
 20
-50.38506098828737
 10
138.2849961020804
 20
-50.38385456668496
 10
138.28474194457448
 20
-50.382654020838025
 10
138.28445840074608
 20
-50.38146007391048
 10
138.26656574827953
 20
-50.310028601277985
 10
138.26625298892483
 20
-50.30884197245884
 10
138.26591120243836
 20
-50.307663376528915
 10
138.26554059469956
 20
-50.30649352343031
 10
138.26514138894865
 20
-50.3053331178388
 10
138.24033338581762
 20
-50.23599939389964
 10
138.2399058225212
 20
-50.23484913480015
 10
138.23945015922743
 20
-50.23370971506576
 10
138.23896667041086
 20
-50.232581821040306
 10
138.23845564730703
 20
-50.231466132124986
 10
138.2069712081428
 20
-50.16489787854152
 10
138.20643295857295
 20
-50.163795066785624
 10
138.2058678067585
 20
-50.16270579648171
 10
138.20527609312575
 20
-50.16163072376548
 10
138.20465817410087
 20
-50.16057049622053
 10
138.16680051126383
 20
-50.09740880166474
 10
138.16615675905814
 20
-50.09636405793249
 10
138.1654875614439
 20
-50.095335427327505
 10
138.16479332152073
 20
-50.094323529458414
 10
138.16407445747282
 20
-50.09332897385464
 10
138.12020816095108
 20
-50.03418211997278
 10
138.11946510579708
 20
-50.03320550571987
 10
138.11869830712394
 20
-50.03224742109119
 10
138.11790822682244
 20
-50.03130844320111
 10
138.11709534080742
 20
-50.0303891376548
 10
138.06764286546075
 20
-49.975826739239594
 10
138.0668076635266
 20
-49.9749276599417
 10
138.0659506486328
 20
-49.97404934830762
 10
136.74082504201735
 20
-48.64892371972215
 10
136.7236967664979
 20
-48.58054381090138
 10
136.7233840071433
 20
-48.57935718208238
 10
136.72304222065694
 20
-48.578178586152596
 10
136.72267161291822
 20
-48.57700873305413
 10
136.72227240716742
 20
-48.57584832746275
 10
136.69251768755646
 20
-48.492689457123596
 10
136.69209012426012
 20
-48.491539198024086
 10
136.6916344609664
 20
-48.49039977828967
 10
136.6911509721499
 20
-48.489271884264205
 10
136.69063994904613
 20
-48.48815619534886
 10
136.65287751187913
 20
-48.4083142302275
 10
136.65233926230934
 20
-48.407211418471576
 10
136.65177411049496
 20
-48.406122148167626
 10
136.65118239686225
 20
-48.40504707545136
 10
136.65056447783743
 20
-48.403986847906374
 10
136.60515799602746
 20
-48.328230709773045
 10
136.60451424382185
 20
-48.32718596604075
 10
136.60384504620765
 20
-48.32615733543574
 10
136.60315080628456
 20
-48.32514543756661
 10
136.60243194223668
 20
-48.324150881962794
 10
136.54981870502513
 20
-48.25321014384022
 10
136.5490756498693
 20
-48.252233529584856
 10
136.5483088511942
 20
-48.25127544495382
 10
136.54751877089063
 20
-48.25033646706149
 10
136.54670588487346
 20
-48.249417161513016
 10
136.48739258649644
 20
-48.183975021489815
 10
136.48655738441778
 20
-48.18307594204049
 10
136.48570036937215
 20
-48.18219763026216
 10
136.48482205759336
 20
-48.181340615217
 10
136.48392297814357
 20
-48.18050541313883
 10
136.41848083808765
 20
-48.121192114797076
 10
136.41756153253874
 20
-48.12037922878039
 10
136.41662255464595
 20
-48.119589148477345
 10
136.41566447001452
 20
-48.118822349802755
 10
136.41468785575873
 20
-48.11807929464747
 10
136.34374711760736
 20
-48.06546605747452
 10
136.34275256200317
 20
-48.06474719342718
 10
136.34174066413365
 20
-48.064052953504614
 10
136.34071203352826
 20
-48.063383755890996
 10
136.33966728979564
 20
-48.06274000368594
 10
136.26391115163779
 20
-48.01733352191736
 10
136.26285092409245
 20
-48.01671560289312
 10
136.26177585137586
 20
-48.016123889261024
 10
136.2606865810716
 20
-48.01555873744722
 10
136.25958376931538
 20
-48.01502048787804
 10
136.17974180417343
 20
-47.97725805075456
 10
136.17862611525783
 20
-47.976747027651406
 10
136.17749822123207
 20
-47.9762635388355
 10
136.17635880149743
 20
-47.97580787554242
 10
136.17520854239768
 20
-47.9753803122467
 10
136.0920496720421
 20
-47.94562559268095
 10
136.09088926645035
 20
-47.94522638693072
 10
136.0897194133515
 20
-47.94485577919261
 10
136.08854081742135
 20
-47.94451399270685
 10
136.087354188602
 20
-47.944201233352864
 10
136.00167927841352
 20
-47.92274078555992
 10
136.00048533148583
 20
-47.92245724173222
 10
135.99928478563876
 20
-47.92220308422702
 10
135.99807836403622
 20
-47.921978466139294
 10
135.9968667933815
 20
-47.92178352277058
 10
135.90950093958043
 20
-47.90882402259417
 10
135.90828494967838
 20
-47.90865887137106
 10
135.90706527299585
 20
-47.90852361177448
 10
135.90584264422046
 20
-47.908418325279754
 10
135.90461779981806
 20
-47.90834307530752
 10
135.81640238333495
 20
-47.9040093298187
 10
135.81517606110603
 20
-47.90396416169674
 10
135.81394899974123
 20
-47.90394910263264
 10
135.81272193837643
 20
-47.90396416169741
 10
135.81149561614754
 20
-47.904009329820035
 10
135.72328019966687
 20
-47.90834307535691
 10
135.72205535526453
 20
-47.90841832532981
 10
135.7208327264892
 20
-47.9085236118252
 10
135.71961304980672
 20
-47.908658871422446
 10
135.71839705990476
 20
-47.908824022646215
 10
135.63103120611046
 20
-47.921783522870264
 10
135.62981963545585
 20
-47.921978466239636
 10
135.62861321385344
 20
-47.922203084328025
 10
135.6274126680065
 20
-47.922457241833875
 10
135.62621872107897
 20
-47.92274078566222
 10
135.54054381090253
 20
-47.94420123350177
 10
135.53935718208336
 20
-47.944513992856415
 10
135.5381785861534
 20
-47.94485577934281
 10
135.5370087330548
 20
-47.945226387081554
 10
135.53584832746324
 20
-47.945625592832414
 10
135.45268945712397
 20
-47.9753803124434
 10
135.45153919802445
 20
-47.97580787573975
 10
135.45039977829003
 20
-47.97626353903345
 10
135.4492718842646
 20
-47.97674702784997
 10
135.44815619534924
 20
-47.97725805095373
 10
135.36831423022767
 20
-48.0150204881208
 10
135.36721141847173
 20
-48.015558737690576
 10
135.3661221481678
 20
-48.01612388950497
 10
135.3650470754515
 20
-48.01671560313766
 10
135.36398684790652
 20
-48.017333522162474
 10
135.28823070977307
 20
-48.062740003972515
 10
135.2871859660408
 20
-48.06338375617814
 10
135.28615733543577
 20
-48.06405295379232
 10
135.28514543756663
 20
-48.06474719371544
 10
135.28415088196283
 20
-48.06546605776332
 10
135.2132101438403
 20
-48.11807929497481
 10
135.21223352958495
 20
-48.11882235013062
 10
135.2112754449539
 20
-48.11958914880574
 10
135.21033646706158
 20
-48.1203792291093
 10
135.2094171615131
 20
-48.121192115126476
 10
135.1439750214898
 20
-48.180505413503596
 10
135.1430759420405
 20
-48.18134061558225
 10
135.14219763026216
 20
-48.18219763062789
 10
135.141340615217
 20
-48.18307594240668
 10
135.14050541313884
 20
-48.18397502185646
 10
135.08119211479695
 20
-48.24941716191251
 10
135.08037922878026
 20
-48.25033646746142
 10
135.0795891484772
 20
-48.2512754453542
 10
135.0788223498026
 20
-48.25223352998566
 10
135.07807929464732
 20
-48.25321014424145
 10
135.02546605747446
 20
-48.32415088239275
 10
135.02474719342712
 20
-48.325145437996945
 10
135.02405295350457
 20
-48.32615733586645
 10
135.02338375589096
 20
-48.32718596647182
 10
135.0227400036859
 20
-48.32823071020446
 10
134.9773335219175
 20
-48.40398684836202
 10
134.97671560289325
 20
-48.40504707590734
 10
134.97612388926115
 20
-48.406122148623936
 10
134.97555873744736
 20
-48.4072114189282
 10
134.97502048787817
 20
-48.40831423068442
 10
134.93725805075437
 20
-48.48815619582708
 10
134.93674702765122
 20
-48.489271884742706
 10
134.9362635388353
 20
-48.49039977876845
 10
134.93580787554222
 20
-48.49153919850312
 10
134.9353803122465
 20
-48.49268945760287
 10
134.9056255926808
 20
-48.575848327958624
 10
134.90522638693056
 20
-48.577008733550365
 10
134.90485577919245
 20
-48.57817858664918
 10
134.9045139927067
 20
-48.57935718257931
 10
134.90420123335272
 20
-48.580543811398634
 10
134.88274078555997
 20
-48.66621872158609
 10
134.88245724173228
 20
-48.66741266851379
 10
134.88220308422706
 20
-48.668613214360875
 10
134.88197846613934
 20
-48.669819635963414
 10
134.88178352277063
 20
-48.67103120661814
 10
134.8688240225942
 20
-48.758397060419526
 10
134.86865887137108
 20
-48.759613050321576
 10
134.86852361177452
 20
-48.76083272700411
 10
134.86841832527978
 20
-48.7620553557795
 10
134.86834307530756
 20
-48.76328020018189
 10
134.8640093298187
 20
-48.8514956166652
 10
134.86396416169674
 20
-48.85272193889413
 10
134.86394910263263
 20
-48.85394900025893
 10
134.86396416169742
 20
-48.85517606162372
 10
134.86400932982005
 20
-48.856402383852625
 10
134.86834307535696
 20
-48.944617800333184
 10
134.86841832532986
 20
-48.94584264473552
 10
134.86852361182522
 20
-48.94706527351085
 10
134.86865887142247
 20
-48.9482849501933
 10
134.86882402264624
 20
-48.949500940095255
 10
134.8817835228702
 20
-49.03686679388926
 10
134.8819784662396
 20
-49.038078364543885
 10
134.88220308432795
 20
-49.039284786146304
 10
134.88245724183383
 20
-49.04048533199325
 10
134.88274078566218
 20
-49.04167927892081
 10
134.90420123350196
 20
-49.12735418909797
 10
134.9045139928566
 20
-49.128540817917134
 10
134.904855779343
 20
-49.129719413847084
 10
134.90522638708174
 20
-49.13088926694571
 10
134.9056255928326
 20
-49.13204967253724
 10
134.93538031244356
 20
-49.2152085428764
 10
134.9358078757399
 20
-49.21635880197591
 10
134.9362635390336
 20
-49.21749822171032
 10
134.93674702785012
 20
-49.21862611573579
 10
134.9372580509539
 20
-49.219741804651136
 10
134.9750204881209
 20
-49.299583769772504
 10
134.97555873769068
 20
-49.300686581528424
 10
134.97612388950506
 20
-49.301775851832375
 10
134.97671560313776
 20
-49.30285092454864
 10
134.97733352216258
 20
-49.303911152093626
 10
135.02274000397256
 20
-49.379667290226955
 10
135.02338375617816
 20
-49.38071203395925
 10
135.02405295379236
 20
-49.38174066456426
 10
135.02474719371546
 20
-49.38275256243339
 10
135.02546605776334
 20
-49.383747118037206
 10
135.07807929497488
 20
-49.45468785615978
 10
135.0788223501307
 20
-49.455664470415144
 10
135.0795891488058
 20
-49.45662255504618
 10
135.08037922910938
 20
-49.45756153293851
 10
135.08119211512656
 20
-49.458480838486985
 10
135.14050541350358
 20
-49.523922978510186
 10
135.14134061558224
 20
-49.52482205795951
 10
135.14219763062786
 20
-49.52570036973784
 10
135.14307594240665
 20
-49.526557384783
 10
135.14397502185645
 20
-49.52739258686117
 10
135.20941716191237
 20
-49.586705885202925
 10
135.21033646746127
 20
-49.58751877121961
 10
135.21127544535406
 20
-49.588308851522655
 10
135.2122335299855
 20
-49.589075650197245
 10
135.2132101442413
 20
-49.58981870535253
 10
135.28415088239265
 20
-49.642431942525484
 10
135.28514543799685
 20
-49.64315080657282
 10
135.28615733586636
 20
-49.643845046495386
 10
135.28718596647175
 20
-49.644514244109004
 10
135.28823071020437
 20
-49.64515799631406
 10
135.36398684836223
 20
-49.69056447808264
 10
135.36504707590757
 20
-49.69118239710688
 10
135.36612214862416
 20
-49.691774110738976
 10
135.3672114189284
 20
-49.69233926255278
 10
135.36831423068463
 20
-49.69287751212196
 10
135.44815619582658
 20
-49.73063994924544
 10
135.4492718847422
 20
-49.731150972348594
 10
135.45039977876795
 20
-49.731634461164504
 10
135.4515391985026
 20
-49.73209012445758
 10
135.45268945760233
 20
-49.7325176877533
 10
135.53584832795792
 20
-49.76227240731905
 10
135.53700873134378
 20
-49.76267161234055
 10
135.53817858220228
 20
-49.76304221945864
 10
135.53935717586165
 20
-49.7633840054343
 10
135.54054380238387
 20
-49.76369676438921
 10
135.6089237650699
 20
-49.7808250668666
 10
136.5980986240075
 20
-50.770000074578604
 10
135.16847373985365
 20
-52.19962491470869
 10
131.83152618348177
 20
-52.19962488288545
 10
129.39999989749205
 20
-49.76809855187454
 10
129.3999998972545
 20
-49.15000009998079
 10
129.3999848381896
 20
-49.148773038616184
 10
129.39993967006683
 20
-49.14754671638748
 10
129.39986442009382
 20
-49.14632187198533
 10
129.39975913359834
 20
-49.14509924321019
 10
129.39962387400098
 20
-49.14387956652793
 10
129.39945872277713
 20
-49.14266357662616
 10
129.39926377940768
 20
-49.14145200597175
 10
129.39903916131922
 20
-49.140245584369545
 10
129.39878500381332
 20
-49.13904503852281
 10
129.39850145998494
 20
-49.137851091595465
 10
129.39818870063024
 20
-49.13666446277651
 10
129.39784691414383
 20
-49.13548586684676
 10
129.39747630640505
 20
-49.13431601374833
 10
129.3970771006542
 20
-49.133155608157
 10
129.39664953735786
 20
-49.132005349057685
 10
129.39619387406415
 20
-49.13086592932348
 10
129.39571038524764
 20
-49.1297380352982
 10
129.39519936214393
 20
-49.128622346383054
 10
129.39466111257417
 20
-49.12751953462732
 10
129.3940959607598
 20
-49.12643026432355
 10
129.39350424712717
 20
-49.12535519160746
 10
129.39288632810243
 20
-49.12429496406265
 10
129.39224257589686
 20
-49.12325022033055
 10
129.39157337828277
 20
-49.12222158972571
 10
129.39087913835974
 20
-49.12120969185675
 10
129.39016027431197
 20
-49.12021513625311
 10
129.38941721915626
 20
-49.11923852199789
 10
129.38865042048124
 20
-49.118280437367005
 10
129.3878603401778
 20
-49.11734145947481
 10
129.38704745416075
 20
-49.11642215392648
 10
129.3862122520822
 20
-49.11552307447729
 10
129.38535523703672
 20
-49.11464476269909
 10
129.38447692525807
 20
-49.11378774765406
 10
129.38357784580845
 20
-49.11295254557601
 10
129.38265854025965
 20
-49.11213965955943
 10
129.38171956236707
 20
-49.11134957925648
 10
129.38076147773577
 20
-49.11058278058198
 10
129.37978486348015
 20
-49.10983972542678
 10
129.37879030787613
 20
-49.10912086137953
 10
129.3777784100068
 20
-49.108426621457035
 10
129.37674977940162
 20
-49.10775742384348
 10
129.37570503566917
 20
-49.10711367163848
 10
129.37464480812403
 20
-49.106495752614286
 10
129.37356973540764
 20
-49.10590403898222
 10
129.37248046510356
 20
-49.105338887168436
 10
129.37137765334754
 20
-49.10480063759927
 10
129.37026196443213
 20
-49.10428961449613
 10
129.3691340704066
 20
-49.10380612568022
 10
129.36799465067216
 20
-49.103350462387134
 10
129.3668443915726
 20
-49.10292289909139
 10
129.36568398598106
 20
-49.10252369334114
 10
129.36451413288245
 20
-49.10215308560299
 10
129.36333553695252
 20
-49.101811299117195
 10
129.36214890813338
 20
-49.10149853976314
 10
129.3609549612059
 20
-49.10121499593538
 10
129.35975441535902
 20
-49.1009608384301
 10
129.3585479937567
 20
-49.10073622034229
 10
129.35733642310217
 20
-49.10054127697348
 10
129.35612043320035
 20
-49.100376125750266
 10
129.354900756518
 20
-49.10024086615357
 10
129.3536781277428
 20
-49.10013557965872
 10
129.35245328334062
 20
-49.10006032968636
 10
129.35122696111188
 20
-49.10001516156426
 10
129.34999989974727
 20
-49.1000001025
 10
127.65000009999278
 20
-49.10000010274556
 10
127.64877303862811
 20
-49.10001516181018
 10
127.64754671639932
 20
-49.10006032993264
 10
127.64632187199706
 20
-49.10013557990536
 10
127.64509924322184
 20
-49.100240866400576
 10
127.64387956653945
 20
-49.10037612599764
 10
127.64266357663759
 20
-49.100541277221225
 10
127.64145200598306
 20
-49.100736220590406
 10
127.64024558438072
 20
-49.100960838678596
 10
127.63904503853385
 20
-49.101214996184254
 10
127.63785109160638
 20
-49.10149854001239
 10
127.63666446278728
 20
-49.10181129936682
 10
127.63548586685738
 20
-49.102153085853004
 10
127.63431601375879
 20
-49.102523693591536
 10
127.6331556081673
 20
-49.102922899342175
 10
127.63200534906782
 20
-49.103350462638296
 10
127.63086592933345
 20
-49.10380612593177
 10
127.62973803530801
 20
-49.10428961474806
 10
127.62862234639269
 20
-49.10480063785158
 10
127.62751953463676
 20
-49.105338887421134
 10
127.62643026433281
 20
-49.10590403923529
 10
127.62535519161653
 20
-49.10649575286774
 10
127.62429496407154
 20
-49.10711367189231
 10
127.62325022033923
 20
-49.107757424097684
 10
127.6222215897342
 20
-49.108426621711615
 10
127.62120969186503
 20
-49.10912086163448
 10
127.62021513626118
 20
-49.1098397256821
 10
127.61923852200576
 20
-49.11058278083767
 10
127.61828043737466
 20
-49.11134957951253
 10
127.61734145948225
 20
-49.11213965981584
 10
127.6164221539337
 20
-49.11295254583277
 10
127.6155230744843
 20
-49.113787747911175
 10
127.6146447627059
 20
-49.11464476295656
 10
127.61378774766064
 20
-49.115523074735094
 10
127.61295254558236
 20
-49.11642215418462
 10
127.61213965956556
 20
-49.11734145973328
 10
127.61134957926238
 20
-49.118280437625806
 10
127.61058278058766
 20
-49.119238522257014
 10
127.60983972543224
 20
-49.12021513651255
 10
127.60912086138475
 20
-49.121209692116494
 10
127.60842662146204
 20
-49.12222158998576
 10
127.60775742384826
 20
-49.1232502205909
 10
127.60711367164303
 20
-49.12429496432329
 10
127.60649575261861
 20
-49.12535519186838
 10
127.60590403898632
 20
-49.12643026458475
 10
127.60533888717232
 20
-49.127519534888776
 10
127.60480063760293
 20
-49.128622346644775
 10
127.60428961449956
 20
-49.12973803556017
 10
127.60380612568345
 20
-49.13086592958568
 10
127.60335046239014
 20
-49.13200534932013
 10
127.60292289909418
 20
-49.13315560841966
 10
127.60252369334371
 20
-49.13431601401122
 10
127.60215308560535
 20
-49.13548586710985
 10
127.60181129911933
 20
-49.13666446303979
 10
127.60149853976507
 20
-49.13785109185894
 10
127.60121499593711
 20
-49.13904503878646
 10
127.60096083843163
 20
-49.14024558463337
 10
127.6007362203436
 20
-49.14145200623573
 10
127.6005412769746
 20
-49.14266357689029
 10
127.6003761257512
 20
-49.14387956679219
 10
127.60024086615431
 20
-49.145099243474576
 10
127.60013557965927
 20
-49.14632187224983
 10
127.60006032968671
 20
-49.14754671665209
 10
127.60001516156443
 20
-49.14877303888088
 10
127.6000001025
 20
-49.15000010024556
 10
127.6000001025
 20
-50.8499999
 10
127.60001516156348
 20
-50.8512269613254
 10
127.60006032968286
 20
-50.85245328351499
 10
127.6001355796506
 20
-50.85367812787818
 10
127.6002408661389
 20
-50.85490075661458
 10
127.60037612572715
 20
-50.856120433258404
 10
127.60054127694
 20
-50.857336423122085
 10
127.6007362202966
 20
-50.85854799373885
 10
127.6009608383703
 20
-50.85975441530392
 10
127.60121499585964
 20
-50.86095496111409
 10
127.6014985396696
 20
-50.8621489080055
 10
127.60181129900407
 20
-50.863335536789236
 10
127.60215308546849
 20
-50.86451413268455
 10
127.60252369318349
 20
-50.865683985749364
 10
127.60292289890887
 20
-50.866844391308
 10
127.60335046217803
 20
-50.86799465037558
 10
127.60380612544287
 20
-50.8691340700791
 10
127.6042896142289
 20
-50.87026196407477
 10
127.60480063730056
 20
-50.87137765296148
 10
127.60533888683669
 20
-50.87248046468999
 10
127.6059040386159
 20
-50.873569734967816
 10
127.60649575221193
 20
-50.874644807659294
 10
127.60711367119866
 20
-50.875705035180886
 10
127.6077574233648
 20
-50.87674977889121
 10
127.60842662093818
 20
-50.87777840947577
 10
127.60912086081917
 20
-50.87879030732601
 10
127.60983972482371
 20
-50.87978486291252
 10
127.61058277993502
 20
-50.88076147715226
 10
127.61134957856449
 20
-50.881719561769366
 10
127.61213965882133
 20
-50.88265853964952
 10
127.6129525447908
 20
-50.8835778451876
 10
127.61378774682079
 20
-50.88447692462836
 10
127.61464476181686
 20
-50.88535523639999
 10
127.61552307354528
 20
-50.88621225144036
 10
127.61642215294391
 20
-50.8870474535157
 10
127.61734145844099
 20
-50.88786033953153
 10
127.6182804362813
 20
-50.888650419835734
 10
127.61923852085972
 20
-50.88941721851353
 10
127.620215135062
 20
-50.890160273674084
 10
127.62120969061226
 20
-50.89087913772878
 10
127.62222158842748
 20
-50.891573377660826
 10
127.62325021897828
 20
-50.89224257528607
 10
127.62429496265615
 20
-50.892886327504904
 10
127.62535519014656
 20
-50.8935042465451
 10
127.6264302628082
 20
-50.89409596019536
 10
127.62751953305752
 20
-50.89466111202951
 10
127.6286223447589
 20
-50.89519936162125
 10
127.62973803361982
 20
-50.89571038474919
 10
127.63086592759112
 20
-50.8961938735921
 10
127.63200534727164
 20
-50.8966495369144
 10
127.63315560631767
 20
-50.89707710024158
 10
127.63431601185617
 20
-50.89747630602548
 10
127.6354858649023
 20
-50.89784691379949
 10
127.63666446078037
 20
-50.89818870032335
 10
127.63785108954833
 20
-50.89850145971766
 10
127.63904503642544
 20
-50.898785003587854
 10
127.64024558222279
 20
-50.89903916113773
 10
127.64145200377652
 20
-50.89926377927228
 10
127.64266357438346
 20
-50.89945872268997
 10
127.64387956423882
 20
-50.89962387396417
 10
127.64509924087581
 20
-50.89975913361392
 10
127.64632186960691
 20
-50.899864420163894
 10
127.6475467139663
 20
-50.8999396701934
 10
127.64877303615361
 20
-50.89998483837464
 10
127.65000009747826
 20
-50.8999998975
  0
LWPOLYLINE
  5
2E
330
17
100
AcDbEntity
  8
0
100
AcDbPolyline
 90
723
 70
0
 10
126.49949989758387
 20
-49.07763747615611
 10
126.5055192920765
 20
-48.99093102292578
 10
126.5544680401193
 20
-48.78281164390027
 10
126.64059109593413
 20
-48.587763525594646
 10
126.76109037908422
 20
-48.41185715413269
 10
126.91185716921122
 20
-48.26109036654406
 10
127.0896779668755
 20
-48.13927966698977
 10
127.09771048151755
 20
-48.13480597239725
 10
127.09877532534334
 20
-48.13419566714873
 10
127.09982486844027
 20
-48.133559409215664
 10
127.10085847841032
 20
-48.13289758197273
 10
127.10187553245594
 20
-48.13221058420129
 10
127.10287541775529
 20
-48.1314988298491
 10
127.10385753183144
 20
-48.13076274778092
 10
127.1048212829155
 20
-48.13000278152005
 10
127.10576609030309
 20
-48.129219388981134
 10
127.1066913847043
 20
-48.12841304219421
 10
127.10759660858669
 20
-48.12758422702033
 10
127.1084812165112
 20
-48.12673344285875
 10
127.10934467546086
 20
-48.12586120234609
 10
127.11018646516193
 20
-48.12496803104737
 10
127.11100607839741
 20
-48.12405446713941
 10
127.11113794480774
 20
-48.12390002081304
 10
127.14131737419227
 20
-48.10491828875157
 10
127.14234251955479
 20
-48.10425591246843
 10
127.14335119184625
 20
-48.10356871121466
 10
127.14434279003294
 20
-48.10285709447027
 10
127.14531672325501
 20
-48.102121486263606
 10
127.14627241117856
 20
-48.10136232491876
 10
127.14720928434147
 20
-48.1005800627943
 10
127.1481267844927
 20
-48.099775166013806
 10
127.1490243649249
 20
-48.09894811418805
 10
127.14990149080022
 20
-48.098099400129264
 10
127.15075763946902
 20
-48.097229529557474
 10
127.15159230078123
 20
-48.09633902079915
 10
127.15240497739039
 20
-48.09542840447836
 10
127.15319518504997
 20
-48.09449822320061
 10
127.15396245290194
 20
-48.093549031229465
 10
127.21411142979402
 20
-48.01725206038933
 10
127.21485929417967
 20
-48.01627909439416
 10
127.21558305507655
 20
-48.015288067587626
 10
127.21628227650146
 20
-48.01427957695006
 10
127.21695653725345
 20
-48.01325422998174
 10
127.21760543116753
 20
-48.01221264433697
 10
127.2182285673593
 20
-48.01115544745199
 10
127.21882557046048
 20
-48.01008327616704
 10
127.21939608084497
 20
-48.00899677634269
 10
127.2199397548455
 20
-48.00789660247086
 10
127.22045626496065
 20
-48.00678341728049
 10
127.22094530005214
 20
-48.00565789133836
 10
127.22140656553225
 20
-48.00452070264515
 10
127.22183978354128
 20
-48.003372536227005
 10
127.22224469311493
 20
-48.0022140837229
 10
127.22262105034147
 20
-48.00104604296798
 10
127.22296862850871
 20
-47.99986911757325
 10
127.24934061761459
 20
-47.90636215585446
 10
127.2496591937011
 20
-47.90517710814468
 10
127.24994859206568
 20
-47.903984599283525
 10
127.25020863839454
 20
-47.90278534755674
 10
127.25043917605356
 20
-47.90158007531151
 10
127.25064006618265
 20
-47.900369508521365
 10
127.25081118777932
 20
-47.899154376348925
 10
127.25095243777164
 20
-47.89793541070666
 10
127.2510637310803
 20
-47.896713345816075
 10
127.25114500066977
 20
-47.89548891776544
 10
127.25119619758885
 20
-47.89426286406644
 10
127.25121729100002
 20
-47.893035923209936
 10
127.25120826819803
 20
-47.89180883422115
 10
127.25116913461763
 20
-47.890582336214536
 10
127.25109991383017
 20
-47.88935716794857
 10
127.25100064752955
 20
-47.88813406738078
 10
127.25087139550699
 20
-47.88691377122328
 10
127.23945339895513
 20
-47.79043280076746
 10
127.23929422916042
 20
-47.789215974942465
 10
127.23910524397768
 20
-47.788003421969336
 10
127.23888655725162
 20
-47.786795872290114
 10
127.23863830071916
 20
-47.78559405333286
 10
127.23836062393003
 20
-47.78439868907343
 10
127.23805369415678
 20
-47.783210499599384
 10
127.23771769629393
 20
-47.78203020067619
 10
127.23735283274664
 20
-47.78085850331603
 10
127.23200970629203
 20
-47.764413661548666
 10
127.19999989752507
 20
-47.5623207400417
 10
127.19999989882929
 20
-47.357678224866795
 10
127.23200968713121
 20
-47.155584486276325
 10
127.29524465639851
 20
-46.960967502214594
 10
127.38814381812371
 20
-46.77864644820089
 10
127.390769192596
 20
-46.77503280295292
 10
127.68863212430365
 20
-47.07289629010821
 10
127.66950302737942
 20
-47.113341367446324
 10
127.66899200427636
 20
-47.114457056361815
 10
127.66850851546056
 20
-47.115584950387415
 10
127.66805285216755
 20
-47.116724370121936
 10
127.6676252888719
 20
-47.11787462922153
 10
127.63952360946728
 20
-47.196413561821394
 10
127.63912440371708
 20
-47.19757396741316
 10
127.63875379597899
 20
-47.198743820512
 10
127.63841200949325
 20
-47.19992241644215
 10
127.63809925013928
 20
-47.2011090452615
 10
127.61783104957989
 20
-47.28202423768802
 10
127.61754750575221
 20
-47.28321818461572
 10
127.61729334824703
 20
-47.2844187304628
 10
127.61706873015932
 20
-47.28562515206533
 10
127.61687378679063
 20
-47.286836722720054
 10
127.60463425892766
 20
-47.36934891743701
 10
127.60446910770456
 20
-47.370564907339066
 10
127.60433384810801
 20
-47.371784584021604
 10
127.6042285616133
 20
-47.37300721279699
 10
127.60415331164108
 20
-47.374232057199386
 10
127.60006032981866
 20
-47.45754661666571
 10
127.60001516169673
 20
-47.45877293889463
 10
127.60000010263265
 20
-47.46000000025943
 10
127.60001516169743
 20
-47.461227061624214
 10
127.60006032982008
 20
-47.46245338385311
 10
127.60415331169058
 20
-47.54576794331755
 10
127.60422856166349
 20
-47.5469927877199
 10
127.60433384815892
 20
-47.54821541649524
 10
127.60446910775617
 20
-47.549435093177706
 10
127.60463425897996
 20
-47.55065108307967
 10
127.61687378689055
 20
-47.633163277789585
 10
127.61706873025994
 20
-47.63437484844419
 10
127.61729334834835
 20
-47.63558127004659
 10
127.61754750585422
 20
-47.63678181589352
 10
127.6178310496826
 20
-47.63797576282106
 10
127.63809925028859
 20
-47.7188909552356
 10
127.63841200964325
 20
-47.72007758405476
 10
127.63875379612966
 20
-47.72125617998472
 10
127.63912440386842
 20
-47.722426033083345
 10
127.6395236096193
 20
-47.72358643867488
 10
127.6676252890693
 20
-47.80212537125872
 10
127.66805285236568
 20
-47.803275630358215
 10
127.6685085156594
 20
-47.80441505009262
 10
127.66899200447592
 20
-47.80554294411808
 10
127.66950302757971
 20
-47.80665863303341
 10
127.70516755133849
 20
-47.88206493293168
 10
127.70570580090829
 20
-47.883167744687604
 10
127.7062709527227
 20
-47.88425701499155
 10
127.70686266635542
 20
-47.885332087707816
 10
127.70748058538025
 20
-47.8863923152528
 10
127.75036448458809
 20
-47.95793977857665
 10
127.75100823679372
 20
-47.958984522308924
 10
127.75167743440792
 20
-47.96001315291392
 10
127.75237167433104
 20
-47.96102505078304
 10
127.75309053837894
 20
-47.96201960638683
 10
127.80278081764341
 20
-48.02901919195213
 10
127.80352387279923
 20
-48.029995806207495
 10
127.80429067147436
 20
-48.03095389083852
 10
127.80508075177795
 20
-48.03189286873084
 10
127.80589363779514
 20
-48.03281217427931
 10
127.86191175256359
 20
-48.094618639451596
 10
127.86274695464226
 20
-48.0955177189009
 10
127.86360396968792
 20
-48.09639603067921
 10
127.8644822814667
 20
-48.09725304572435
 10
127.8653813609165
 20
-48.09808824780251
 10
127.92718782612117
 20
-48.15410636253537
 10
127.9281071316701
 20
-48.15491924855204
 10
127.92904610956289
 20
-48.15570932885508
 10
127.93000419419437
 20
-48.15647612752966
 10
127.93098080845016
 20
-48.157219182684926
 10
127.99798039404428
 20
-48.20690946191084
 10
127.99897494964848
 20
-48.20762832595816
 10
127.999986847518
 20
-48.2083225658807
 10
128.00101547812338
 20
-48.2089917634943
 10
128.00206022185603
 20
-48.20963551569935
 10
128.0736076852042
 20
-48.25251941486563
 10
128.07466791274953
 20
-48.253137333889846
 10
128.07574298546612
 20
-48.25372904752193
 10
128.0768322557704
 20
-48.25429419933571
 10
128.07793506752662
 20
-48.25483244890488
 10
128.15334136744553
 20
-48.29049697262022
 10
128.15445705636117
 20
-48.29100799572335
 10
128.1555849503869
 20
-48.291491484539236
 10
128.15672437012157
 20
-48.291947147832296
 10
128.1578746292213
 20
-48.292374711128005
 10
128.2364135618214
 20
-48.32047639053271
 10
128.23757396741317
 20
-48.32087559628292
 10
128.238743820512
 20
-48.32124620402101
 10
128.23992241644217
 20
-48.32158799050674
 10
128.2411090452615
 20
-48.321900749860724
 10
128.32202423768805
 20
-48.342168950420124
 10
128.32321818461577
 20
-48.3424524942478
 10
128.32441873046284
 20
-48.34270665175298
 10
128.32562515206536
 20
-48.34293126984068
 10
128.3268367227201
 20
-48.34312621320938
 10
128.40934891743686
 20
-48.35536574107234
 10
128.4105649073389
 20
-48.35553089229543
 10
128.41178458402146
 20
-48.35566615189199
 10
128.41300721279683
 20
-48.3557714383867
 10
128.41423205719923
 20
-48.3558466883589
 10
128.49754661666586
 20
-48.35993967018134
 10
128.49877293889477
 20
-48.35998483830328
 10
128.50000000025958
 20
-48.359999897367366
 10
128.50122706162438
 20
-48.35998483830257
 10
128.50245338385326
 20
-48.35993967017993
 10
128.58576794331745
 20
-48.355846688309434
 10
128.5869927877198
 20
-48.35577143833652
 10
128.58821541649513
 20
-48.355666151841106
 10
128.5894350931776
 20
-48.35553089224384
 10
128.59065108307956
 20
-48.35536574102005
 10
128.67316327778954
 20
-48.34312621310946
 10
128.67437484844416
 20
-48.34293126974006
 10
128.67558127004656
 20
-48.34270665165166
 10
128.6767818158935
 20
-48.34245249414579
 10
128.67797576282103
 20
-48.34216895031742
 10
128.75889095523553
 20
-48.32190074971142
 10
128.76007758405467
 20
-48.32158799035676
 10
128.76125617998463
 20
-48.32124620387035
 10
128.76242603308324
 20
-48.320875596131586
 10
128.76358643867476
 20
-48.32047639038071
 10
128.84212537125853
 20
-48.29237471093077
 10
128.84327562884673
 20
-48.29194714821738
 10
128.84441504709935
 20
-48.29149148558047
 10
128.84554293967525
 20
-48.291007997493445
 10
128.8466586271759
 20
-48.290496975190685
 10
128.9103460337855
 20
-48.260375085273395
 10
130.0870991268813
 20
-48.26037510409648
 10
130.0881418652799
 20
-48.261089398496836
 10
130.2389106125192
 20
-48.41185814827455
 10
130.35940882876673
 20
-48.58776340927261
 10
130.44553190587104
 20
-48.78281446346702
 10
130.49448266573765
 20
-48.99094504449257
 10
130.50050010250072
 20
-49.07763720378975
 10
130.50050010254787
 20
-49.18893599041284
 10
130.5005151616723
 20
-49.19016305419913
 10
130.50056032997335
 20
-49.19138937884516
 10
130.5006355802433
 20
-49.19261422565589
 10
130.500740867154
 20
-49.19383685682648
 10
130.50087612728427
 20
-49.19505653588674
 10
130.5010412791582
 20
-49.196272528144696
 10
130.50123622329403
 20
-49.1974841011292
 10
130.50146084226427
 20
-49.198690525031104
 10
130.52041483655063
 20
-49.29397849582565
 10
130.52066898952944
 20
-49.29517901934147
 10
130.52095252774
 20
-49.29637294418494
 10
130.5212652803958
 20
-49.29755955120707
 10
130.5216070591133
 20
-49.298738125666716
 10
130.52197765802552
 20
-49.29990795766105
 10
130.52237685390574
 20
-49.30106834255319
 10
130.52280440630224
 20
-49.30221858139661
 10
130.52326005768302
 20
-49.303357981356186
 10
130.5237435335909
 20
-49.30448585612547
 10
130.5242545428089
 20
-49.30560152634009
 10
130.52479277753562
 20
-49.30670431998699
 10
130.5253579135706
 20
-49.30779357280919
 10
130.52594961050966
 20
-49.30886862870587
 10
130.52656751194993
 20
-49.30992884012761
 10
130.5272112457045
 20
-49.31097356846641
 10
130.52788042402668
 20
-49.312002184440345
 10
130.58185640754127
 20
-49.39278415968162
 10
130.5825506653229
 20
-49.39379609762076
 10
130.5832695490656
 20
-49.394790692223864
 10
130.5840126257102
 20
-49.395767344342225
 10
130.58477944762365
 20
-49.396725465635754
 10
130.5855695528686
 20
-49.39766447892742
 10
130.58638246548176
 20
-49.39858381855096
 10
130.58721769576053
 20
-49.39948293069162
 10
130.58807474055803
 20
-49.400361273719774
 10
132.19963872665934
 20
-51.01192525975335
 10
132.20051706969394
 20
-51.01278230455693
 10
132.20141618184135
 20
-51.013617534841444
 10
132.20233552147192
 20
-51.01443044746002
 10
132.2032745347709
 20
-51.01522055271007
 10
132.20423265607198
 20
-51.015987374628246
 10
132.20520930819816
 20
-51.01673045127721
 10
132.2062039028093
 20
-51.017449335023905
 10
132.2072158407567
 20
-51.01814359280918
 10
132.28799781606517
 20
-51.072119576198055
 10
132.2890264320401
 20
-51.072788754518704
 10
132.29007116037982
 20
-51.07343248827177
 10
132.29113137180246
 20
-51.0740503897105
 10
132.2922064277
 20
-51.074642086647984
 10
132.29329568052302
 20
-51.075207222681364
 10
132.29439847417072
 20
-51.075745457406455
 10
132.2955141443861
 20
-51.07625646662283
 10
132.29664201915605
 20
-51.07673994252907
 10
132.2977814191163
 20
-51.077195593908186
 10
132.29893165796034
 20
-51.07762314630301
 10
132.30009204285307
 20
-51.07802234218154
 10
132.30126187484794
 20
-51.07839294109203
 10
132.30244044930808
 20
-51.07873471980784
 10
132.30362705633067
 20
-51.0790474724619
 10
132.30482098117454
 20
-51.0793310106707
 10
132.30602150469073
 20
-51.07958516364777
 10
132.40130947552674
 20
-51.098539157797845
 10
132.40251589942264
 20
-51.09876377676522
 10
132.40372747240102
 20
-51.098958720898494
 10
132.40494346465277
 20
-51.099123872770164
 10
132.40616314370678
 20
-51.0992591328985
 10
132.40738577487105
 20
-51.09936441980757
 10
132.4086106216754
 20
-51.0994396700762
 10
132.409836946315
 20
-51.09948483837628
 10
132.4110640100949
 20
-51.099499897499996
 10
134.4912689968903
 20
-51.099499897489295
 10
134.49235959122655
 20
-51.09948800211363
 10
134.4934496666416
 20
-51.09945232164665
 10
134.49453870446115
 20
-51.09939287306567
 10
134.52704068810044
 20
-51.09726287408128
 10
134.5282271648727
 20
-51.09717092680858
 10
134.5294111173385
 20
-51.09705076861784
 10
134.53059187482117
 20
-51.0969024675754
 10
134.53176876845393
 20
-51.09672610768972
 10
134.53294113155872
 20
-51.09652178886385
 10
134.53410830002395
 20
-51.09628962683884
 10
134.5352696126806
 20
-51.09602975312809
 10
134.53642441167688
 20
-51.09574231494296
 10
134.53757204285074
 20
-51.09542747510932
 10
134.53871185610055
 20
-51.095085411975305
 10
134.53984320575327
 20
-51.09471631931032
 10
134.63184217442833
 20
-51.06348632984466
 10
134.6329992830689
 20
-51.063077634157466
 10
134.63414601322245
 20
-51.06264066444933
 10
134.63528167412952
 20
-51.062175683939046
 10
134.6364055816986
 20
-51.06168297271835
 10
134.637517058918
 20
-51.06116282758324
 10
134.63861543626376
 20
-51.06061556185512
 10
134.6397000521029
 20
-51.06004150519217
 10
134.6407702530921
 20
-51.059441003390646
 10
134.641825394571
 20
-51.05881441817669
 10
134.64286484095078
 20
-51.058162126988364
 10
134.64388796609694
 20
-51.05748452274833
 10
134.64489415370645
 20
-51.05678201362715
 10
134.6458827976789
 20
-51.05605502279741
 10
134.64685330248184
 20
-51.055303988178814
 10
134.64780508350924
 20
-51.05452936217442
 10
134.64873756743387
 20
-51.05373161139807
 10
134.72178153744835
 20
-50.9896726375702
 10
134.72269412865228
 20
-50.98885227381369
 10
134.72358631286352
 20
-50.98800976165848
 10
134.72445755269473
 20
-50.98714560857309
 10
134.7253073233739
 20
-50.98626033506094
 10
134.7261351130605
 20
-50.98535447434691
 10
134.7269404231538
 20
-50.98442857205611
 10
134.7277227685931
 20
-50.98348318588525
 10
134.72848167815002
 20
-50.982518885266714
 10
134.7292166947122
 20
-50.98153625102559
 10
134.72992737555867
 20
-50.98053587502982
 10
134.73061329262666
 20
-50.9795183598337
 10
134.73127403276916
 20
-50.97848431831494
 10
134.73190919800408
 20
-50.977434373305506
 10
134.7325184057537
 20
-50.97636915721649
 10
134.73310128907522
 20
-50.97528931165718
 10
134.73365749688182
 20
-50.97419548704859
 10
134.77662847919402
 20
-50.88705952270284
 10
134.77715769801603
 20
-50.885952331341755
 10
134.77765958525595
 20
-50.884832485606836
 10
134.7781338385879
 20
-50.883700660068705
 10
134.778580172332
 20
-50.88255753651436
 10
134.7789983176266
 20
-50.881403803536486
 10
134.77938802259004
 20
-50.880240156118624
 10
134.77974905247257
 20
-50.879067295216586
 10
134.7800811897977
 20
-50.877885927336166
 10
134.78038423449314
 20
-50.87669676410759
 10
134.78065800401137
 20
-50.875500521856836
 10
134.78090233343966
 20
-50.8742979211741
 10
134.7811170755992
 20
-50.873089686479794
 10
134.7813021011341
 20
-50.871876545588115
 10
134.78145729858895
 20
-50.870659229268654
 10
134.78158257447623
 20
-50.86943847080618
 10
134.78167785333247
 20
-50.86821500555895
 10
134.7880318506356
 20
-50.771268045269494
 10
134.788097074783
 20
-50.7700426171627
 10
134.7881322055563
 20
-50.76881595744498
 10
134.78813722179376
 20
-50.767588805021
 10
134.78811212047373
 20
-50.766361899092225
 10
134.7880569167165
 20
-50.76513597871165
 10
134.78797164377528
 20
-50.76391178233859
 10
134.787856353016
 20
-50.762690047393875
 10
134.7877111138865
 20
-50.76147150981563
 10
134.78753601387473
 20
-50.76025690361599
 10
134.78733115845588
 20
-50.75904696043894
 10
134.78709667102902
 20
-50.75784240911958
 10
134.7868326928426
 20
-50.75664397524514
 10
134.78653938290958
 20
-50.75545238071783
 10
134.78621691791145
 20
-50.75426834332007
 10
134.78586549209183
 20
-50.75309257628208
 10
134.78548531713963
 20
-50.75192578785222
 10
134.75425532984457
 20
-50.65992682557153
 10
134.7538466341579
 20
-50.65876971693234
 10
134.75340966445032
 20
-50.657622986780176
 10
134.75294468394068
 20
-50.65648732587442
 10
134.7524519727207
 20
-50.65536341830664
 10
134.75193182758636
 20
-50.65425194108851
 10
134.75138456185908
 20
-50.65315356374399
 10
134.75081050519702
 20
-50.65206894790603
 10
134.75021000339646
 20
-50.65099874691803
 10
134.74958341818353
 20
-50.64994360544024
 10
134.7489311269963
 20
-50.648904159061516
 10
134.74825352275738
 20
-50.64788103391637
 10
134.7475510136374
 20
-50.64687484630785
 10
134.74682402280888
 20
-50.64588620233631
 10
134.7460729881916
 20
-50.644915697534245
 10
134.74529836218852
 20
-50.643963916507644
 10
134.74450061141357
 20
-50.64303143258379
 10
134.68044163098992
 20
-50.569987454978694
 10
134.67962128261198
 20
-50.56907488046479
 10
134.67877878664524
 20
-50.56818271217873
 10
134.6779146505297
 20
-50.56731148747843
 10
134.6770293947393
 20
-50.56646173110734
 10
134.67612355246854
 20
-50.56563395487843
 10
134.67519766931125
 20
-50.56482865736592
 10
134.67425230293196
 20
-50.56404632360496
 10
134.6732880227301
 20
-50.563287424799505
 10
134.45905496485935
 20
-50.39890043169902
 10
134.35167827333046
 20
-50.291523740236464
 10
134.35079993029692
 20
-50.29066669543438
 10
134.34990081815062
 20
-50.289831465151295
 10
134.34898147852124
 20
-50.28901855253409
 10
134.3480424652235
 20
-50.28822844728535
 10
134.3470843439237
 20
-50.28746162536842
 10
134.34610769179892
 20
-50.28671854872063
 10
134.34511309718917
 20
-50.285999664975044
 10
134.34410115924325
 20
-50.28530540719081
 10
134.26331918393478
 20
-50.231329423801945
 10
134.26229056795987
 20
-50.23066024548128
 10
134.26124583962016
 20
-50.23001651172822
 10
134.26018562819752
 20
-50.22939861028949
 10
134.25911057229996
 20
-50.228806913352
 10
134.25802131947694
 20
-50.22824177731863
 10
134.25691852582926
 20
-50.22770354259354
 10
134.2558028556139
 20
-50.22719253337716
 10
134.2546749808439
 20
-50.22670905747093
 10
134.25353558088366
 20
-50.226253406091814
 10
134.25238534203962
 20
-50.22582585369698
 10
134.25122495714692
 20
-50.22542665781846
 10
134.25005512515204
 20
-50.225056058907974
 10
134.2488765506919
 20
-50.22471428019216
 10
134.24768994366931
 20
-50.2244015275381
 10
134.24649601882544
 20
-50.2241179893293
 10
134.24529549530925
 20
-50.22386383635224
 10
134.15000752447324
 20
-50.204909842202156
 10
134.14880111160974
 20
-50.204685225149085
 10
134.14758954975107
 20
-50.20449028238746
 10
134.1463735686863
 20
-50.20432513134184
 10
134.14515390086652
 20
-50.2041898714916
 10
134.14393128096344
 20
-50.20408458431107
 10
134.1427064454271
 20
-50.204009333220384
 10
134.14148013204206
 20
-50.20396416354734
 10
134.14025307948305
 20
-50.20394910250008
 10
133.5739489085
 20
-50.20394808793552
 10
133.57394899649998
 20
-49.8039488974811
 10
134.1739489000189
 20
-49.80394889725429
 10
134.1751759613835
 20
-49.80393383818939
 10
134.1764022836122
 20
-49.80388867006665
 10
134.17762712801436
 20
-49.80381342009365
 10
134.1788497567895
 20
-49.80370813359816
 10
134.18006943347174
 20
-49.80357287400082
 10
134.1812854233735
 20
-49.803407722776974
 10
134.18249699402793
 20
-49.80321277940753
 10
134.18370341563013
 20
-49.80298816131909
 10
134.18490396147686
 20
-49.802734003813185
 10
134.1860979084042
 20
-49.8024504599848
 10
134.18728453722318
 20
-49.80213770063013
 10
134.18846313315294
 20
-49.80179591414372
 10
134.18963298625135
 20
-49.80142530640496
 10
134.1907933918427
 20
-49.8010261006541
 10
134.191943650942
 20
-49.80059853735776
 10
134.1930830706762
 20
-49.80014287406407
 10
134.19421096470148
 20
-49.79965938524758
 10
134.19532665361663
 20
-49.79914836214385
 10
134.19642946537238
 20
-49.79861011257412
 10
134.19751873567614
 20
-49.79804496075977
 10
134.19859380839225
 20
-49.79745324712714
 10
134.19965403593704
 20
-49.7968353281024
 10
134.20069877966915
 20
-49.79619157589685
 10
134.201727410274
 20
-49.795522378282755
 10
134.20273930814295
 20
-49.79482813835973
 10
134.2037338637466
 20
-49.794109274311964
 10
134.20471047800183
 20
-49.793366219156255
 10
134.20566856263272
 20
-49.79259942048126
 10
134.2066075405249
 20
-49.791809340177814
 10
134.20752684607325
 20
-49.79099645416076
 10
134.20842592552245
 20
-49.79016125208224
 10
134.20930423730064
 20
-49.78930423703675
 10
134.2101612523457
 20
-49.78842592525811
 10
134.21099645442376
 20
-49.787526845808486
 10
134.21180934044034
 20
-49.78660754025973
 10
134.2125994207433
 20
-49.78566856236713
 10
134.2133662194178
 20
-49.78471047773584
 10
134.214109274573
 20
-49.783733863480236
 10
134.21482813862025
 20
-49.78273930787622
 10
134.21552237854277
 20
-49.7817274100069
 10
134.21619157615632
 20
-49.78069877940172
 10
134.21683532836133
 20
-49.779654035669274
 10
134.21745324738552
 20
-49.77859380812414
 10
134.2180449610176
 20
-49.777518735407746
 10
134.21861011283139
 20
-49.77642946510369
 10
134.21914836240057
 20
-49.775326653347676
 10
134.21965938550372
 20
-49.774210964432264
 10
134.22014287431963
 20
-49.77308307040674
 10
134.22059853761272
 20
-49.77194365067229
 10
134.2210261009085
 20
-49.77079339157276
 10
134.22142530665874
 20
-49.76963298598122
 10
134.2217959143969
 20
-49.7684631328826
 10
134.2221377008827
 20
-49.76728453695267
 10
134.22245046023676
 20
-49.76609790813355
 10
134.22273400406453
 20
-49.76490396120606
 10
134.22298816156982
 20
-49.763703415359196
 10
134.22321277965764
 20
-49.76249699375687
 10
134.22340772302647
 20
-49.76128542310236
 10
134.2235728742497
 20
-49.76006943320051
 10
134.2237081338464
 20
-49.75884975651818
 10
134.22381342034126
 20
-49.75762712774299
 10
134.2238886703136
 20
-49.7564022833408
 10
134.22393383843573
 20
-49.755175961112066
 10
134.2239488975
 20
-49.75394889974746
 10
134.2239488972545
 20
-47.95394909999318
 10
134.22393383819315
 20
-47.95272203876067
 10
134.2238886700804
 20
-47.95149571666381
 10
134.2238134201239
 20
-47.950270872393006
 10
134.22370813365134
 20
-47.9490482437485
 10
134.22357287408337
 20
-47.94782856719591
 10
134.22340772289527
 20
-47.94661257742263
 10
134.22321277956792
 20
-47.94540100689526
 10
134.22298816152787
 20
-47.94419458541844
 10
134.22273400407659
 20
-47.942994039695186
 10
134.22245046030898
 20
-47.9418000928892
 10
134.2221377010212
 20
-47.94061346418924
 10
134.2217959146077
 20
-47.93943486837591
 10
134.22142530694776
 20
-47.9382650153911
 10
134.22102610128155
 20
-47.937104609910364
 10
134.2205985380756
 20
-47.93595435091841
 10
134.22014287487792
 20
-47.934814931288095
 10
134.21965938616293
 20
-47.93368703736305
 10
134.21914836316608
 20
-47.932571348544265
 10
134.21861011370848
 20
-47.931468536880814
 10
134.2180449620114
 20
-47.930379266665064
 10
134.21745324850096
 20
-47.92930419403252
 10
134.21683532960324
 20
-47.9282439665666
 10
134.21619157752937
 20
-47.927199222908534
 10
134.21552238005145
 20
-47.92617059237272
 10
134.21482814026893
 20
-47.925158694567585
 10
134.2141092763658
 20
-47.9241641390224
 10
134.21336622135874
 20
-47.923187524820115
 10
134.21259942283615
 20
-47.922229440236464
 10
134.21180934268872
 20
-47.92129046238566
 10
134.21099645683105
 20
-47.92037115687273
 10
134.21016125491514
 20
-47.919472077452824
 10
134.20930424003524
 20
-47.918593765697636
 10
134.208425928425
 20
-47.91773675066922
 10
134.2075268491463
 20
-47.916901548601274
 10
134.20660754377082
 20
-47.91608866258818
 10
134.20566856605362
 20
-47.91529858228197
 10
134.20471048159962
 20
-47.914531783597376
 10
134.203733867523
 20
-47.91378872842515
 10
134.20273931209937
 20
-47.913069864353865
 10
134.2017274144116
 20
-47.91237562440024
 10
134.20069878398897
 20
-47.91170642674839
 10
134.19965404043975
 20
-47.911062674497856
 10
134.1985938130783
 20
-47.910444755420855
 10
134.19751874054583
 20
-47.909853041728645
 10
134.19642947042564
 20
-47.90928788984735
 10
134.19532665885322
 20
-47.90874964020326
 10
134.19421097012082
 20
-47.908238617017766
 10
134.19308307627756
 20
-47.90775512811205
 10
134.19194365672428
 20
-47.9072994647217
 10
134.1907933978046
 20
-47.906871901321246
 10
134.18963299239138
 20
-47.906472695458824
 10
134.18846313946923
 20
-47.90610208760108
 10
134.1872845437137
 20
-47.90576030098827
 10
134.18609791506663
 20
-47.90544754149983
 10
134.1849039683086
 20
-47.905163997530344
 10
134.18370342262833
 20
-47.904909839876055
 10
134.1824970011895
 20
-47.904685221632
 10
134.18128543069508
 20
-47.90449027809978
 10
134.18006944094972
 20
-47.90432512670606
 10
134.17884976442
 20
-47.90418986693185
 10
134.1776271357933
 20
-47.904084580252565
 10
134.17640229153523
 20
-47.90400933008894
 10
134.175175969446
 20
-47.90396416176885
 10
134.17394890821603
 20
-47.9039491025
 10
133.57394900791428
 20
-47.90394900096155
 10
133.57394989122804
 20
-47.50394889749611
 10
134.14025299039548
 20
-47.5039488974521
 10
134.14148006673054
 20
-47.50393383802006
 10
134.14270640390265
 20
-47.50388866879561
 10
134.14393126319416
 20
-47.50381341698766
 10
134.14515390677758
 20
-47.50370812792619
 10
134.14637359816018
 20
-47.50357286503494
 10
134.14758960262756
 20
-47.50340770979321
 10
134.14880118768622
 20
-47.50321276168676
 10
134.1500076235048
 20
-47.50298813814792
 10
134.24529459429934
 20
-47.4840341438616
 10
134.2464951111821
 20
-47.483779989846965
 10
134.24768902940465
 20
-47.48349645091355
 10
134.2488756298294
 20
-47.4831836978465
 10
134.25005419772643
 20
-47.48284191902766
 10
134.25122402320414
 20
-47.482471320322055
 10
134.25238440163682
 20
-47.482072124953916
 10
134.25353463408894
 20
-47.481644573372215
 10
134.2546740277363
 20
-47.48118892310584
 10
134.25580189628334
 20
-47.48070544860848
 10
134.2569175603763
 20
-47.4801944410933
 10
134.25802034801276
 20
-47.47965620835754
 10
134.25910959494607
 20
-47.47909107459712
 10
134.26018464508576
 20
-47.47849938021137
 10
134.2612448508924
 20
-47.47788148159797
 10
134.262289573768
 20
-47.47723775093832
 10
134.2633181844403
 20
-47.47656857597333
 10
134.34410015968186
 20
-47.422592592458464
 10
134.3451120975899
 20
-47.421898334698724
 10
134.346106692163
 20
-47.421179450979444
 10
134.34708334425252
 20
-47.42043637435974
 10
134.34804146551838
 20
-47.41966955247261
 10
134.34898047878366
 20
-47.41887944725535
 10
134.3498998183821
 20
-47.41806653467123
 10
134.35079893049902
 20
-47.4172313044228
 10
134.35167727350486
 20
-47.41637425965688
 10
134.45905536187036
 20
-47.30899617259373
 10
134.47197730857448
 20
-47.299080355869556
 10
134.67232202490686
 20
-47.14535274969539
 10
134.90508997234994
 20
-47.01096567285947
 10
134.98273335017655
 20
-46.97880379171935
 10
135.1534253486817
 20
-46.90810103063434
 10
135.41306230528258
 20
-46.838532407870645
 10
135.67955212355648
 20
-46.803448897511196
 10
135.94834584766613
 20
-46.803448898429835
 10
136.21483960749003
 20
-46.83853339163597
 10
136.36246814295856
 20
-46.87809021071103
 10
136.47447497133504
 20
-46.908102179192504
 10
136.72281601023514
 20
-47.010969687676926
 10
136.95558994643804
 20
-47.14536259204688
 10
137.1688390865863
 20
-47.308993619763925
 10
137.35890429200623
 20
-47.49905882648305
 10
137.52254029421505
 20
-47.71231687732758
 10
137.60668793785842
 20
-47.85806515534794
 10
137.65693227251327
 20
-47.94508993686918
 10
137.67951809697942
 20
-47.99961708134575
 10
137.68000156959243
 20
-48.00074494158049
 10
137.68051257483282
 20
-48.00186059749563
 10
137.6810508049089
 20
-48.00296337710275
 10
137.68161593563073
 20
-48.0040526161692
 10
137.68220762660556
 20
-48.00512765861813
 10
137.68282552144254
 20
-48.006187856923674
 10
137.68346924796768
 20
-48.007232572500996
 10
137.68413841844784
 20
-48.00826117609089
 10
137.73811440754127
 20
-48.089043159681616
 10
137.7388086653233
 20
-48.09005509762127
 10
137.73952754906637
 20
-48.09104969222488
 10
137.74027062571136
 20
-48.092026344343715
 10
137.74103744762525
 20
-48.0929844656377
 10
137.74182755287066
 20
-48.093923478929796
 10
137.7426404654843
 20
-48.09484281855375
 10
137.74347569576358
 20
-48.0957419306948
 10
137.7443327405616
 20
-48.09662027372333
 10
138.75345756271275
 20
-49.10574509562879
 10
138.75349890678947
 20
-49.10578544017951
 10
138.93194232587925
 20
-49.284229847537645
 10
139.08359735870525
 20
-49.48187198650166
 10
139.20816620528618
 20
-49.69763178602736
 10
139.28389618422406
 20
-49.880461292097465
 10
139.30350201723712
 20
-49.92779349721512
 10
139.36798162510766
 20
-50.16843545848554
 10
139.40050010249567
 20
-50.415434220902206
 10
139.40050010156324
 20
-51.12456579320552
 10
139.3679816223725
 20
-51.37156455526479
 10
139.30350198187844
 20
-51.61220663120306
 10
139.2081642264251
 20
-51.8423731687645
 10
139.08359842451992
 20
-52.058126907971356
 10
138.9319374463106
 20
-52.25577501735298
 10
136.7557617999776
 20
-54.4319476823709
 10
136.55812690294462
 20
-54.58359842848087
 10
136.34237315619012
 20
-54.7081642326261
 10
136.1122066179273
 20
-54.80350198638494
 10
135.87156454151446
 20
-54.86798162510762
 10
135.6245657790705
 20
-54.90050010249927
 10
131.3754341094109
 20
-54.900500101559686
 10
131.12843541613185
 20
-54.867982605789464
 10
130.9330756119216
 20
-54.81563572361035
 10
130.88779151897035
 20
-54.803502202832576
 10
130.6576269561258
 20
-54.70816429097381
 10
130.6335369853212
 20
-54.694255839692794
 10
130.4418741009342
 20
-54.58359900596594
 10
130.43210384757606
 20
-54.57610129039953
 10
130.35639874548076
 20
-54.518011212059925
 10
130.2442248436068
 20
-54.43193830945734
 10
127.90036128087573
 20
-52.08807374778168
 10
127.89948292420405
 20
-52.08721668963347
 10
127.89858379777743
 20
-52.086381446686154
 10
127.89766444325093
 20
-52.08556852210988
 10
127.89672541446554
 20
-52.08477840562969
 10
127.89576727711442
 20
-52.08401157323047
 10
127.89479060840225
 20
-52.083268486870246
 10
127.8937959966974
 20
-52.08254959420184
 10
127.89278404117755
 20
-52.08185532830326
 10
127.81200306586916
 20
-52.0278803449143
 10
127.81097445549175
 20
-52.02721117426273
 10
127.80992973305028
 20
-52.026567447853644
 10
127.80886952781404
 20
-52.02594955342375
 10
127.80779447837806
 20
-52.02535786315035
 10
127.8067052322785
 20
-52.02479273342715
 10
127.80560244560263
 20
-52.02425450464959
 10
127.80448678259364
 20
-52.02374350100985
 10
127.80335891525054
 20
-52.02326003030151
 10
127.80221952292338
 20
-52.02280438373424
 10
127.8010692919041
 20
-52.02237683575832
 10
127.79990891501308
 20
-52.02197764389939
 10
127.79873909118191
 20
-52.021607048603286
 10
127.79756052503238
 20
-52.02126527309123
 10
127.79637392645203
 20
-52.0209525232254
 10
127.79518001016662
 20
-52.020668987384894
 10
127.79397949530953
 20
-52.02041483635229
 10
127.69869152447318
 20
-52.00146084220215
 10
127.6974851005917
 20
-52.00123622323728
 10
127.69627352762785
 20
-52.00104127910579
 10
127.6950575353907
 20
-52.00087612723521
 10
127.6938378563514
 20
-52.000740867107226
 10
127.69261522520183
 20
-52.00063558019781
 10
127.6913903784122
 20
-52.0005603299281
 10
127.69016405378729
 20
-52.00051516162623
 10
127.68893699002209
 20
-52.0005001025
 10
127.57763739071856
 20
-52.00050010224001
 10
127.49093536861272
 20
-51.994481303913794
 10
127.28281050810233
 20
-51.94553047940414
 10
127.20081599562296
 20
-51.90932639450533
 10
127.08776342054404
 20
-51.85940883866361
 10
126.91185813330833
 20
-51.73891060009141
 10
126.76108938748077
 20
-51.58814185172543
 10
126.64059110280367
 20
-51.41223649083288
 10
126.61802954975974
 20
-51.361139878149785
 10
126.55446806000657
 20
-51.21718742261884
 10
126.50551641770599
 20
-51.00905452795178
 10
126.49949989750009
 20
-50.92236206562693
 10
126.49949989758387
 20
-49.07763747615611
  0
LWPOLYLINE
  5
2F
330
17
100
AcDbEntity
  8
0
100
AcDbPolyline
 90
76
 70
0
 10
132.37394909153844
 20
-49.8039488975
 10
132.9739489920857
 20
-49.80394899903845
 10
132.9739481087721
 20
-50.20394903080164
 10
132.32879618543313
 20
-50.2039481056735
 10
132.27816013497886
 20
-50.19850395141499
 10
132.20441125354574
 20
-50.170996719972685
 10
131.95689959522497
 20
-49.92348504841599
 10
131.92939214515812
 20
-49.84973144446272
 10
131.9239489017404
 20
-49.79910102703734
 10
131.92394992252986
 20
-49.153948908500006
 10
132.32394910249997
 20
-49.153948996499985
 10
132.32394910249997
 20
-49.7539489
 10
132.32396416156118
 20
-49.75517596123262
 10
132.32400932967374
 20
-49.75640228332959
 10
132.3240845796301
 20
-49.75762712760051
 10
132.3241898661025
 20
-49.758849756245134
 10
132.32432512567033
 20
-49.76006943279784
 10
132.32449027685828
 20
-49.761285422571255
 10
132.3246852201855
 20
-49.76249699309875
 10
132.32490983822544
 20
-49.76370341457571
 10
132.3251639956766
 20
-49.764903960299094
 10
132.32544753944407
 20
-49.76609790710522
 10
132.32576029873175
 20
-49.76728453580532
 10
132.32610208514518
 20
-49.76846313161879
 10
132.326472692805
 20
-49.76963298460374
 10
132.32687189847113
 20
-49.77079339008462
 10
132.327299461677
 20
-49.771943649076725
 10
132.32775512487459
 20
-49.77308306870718
 10
132.3282386135895
 20
-49.77421096263237
 10
132.32874963658628
 20
-49.7753266514513
 10
132.32928788604383
 20
-49.7764294631149
 10
132.3298530377409
 20
-49.7775187333308
 10
132.33044475125126
 20
-49.778593805963496
 10
132.33106267014892
 20
-49.779654033429566
 10
132.33170642222277
 20
-49.78069877708777
 10
132.33237561970066
 20
-49.781727407623734
 10
132.33306985948315
 20
-49.78273930542901
 10
132.33378872338625
 20
-49.783733860974344
 10
132.3345317783933
 20
-49.78471047517678
 10
132.3352985769159
 20
-49.78566855976057
 10
132.33608865706333
 20
-49.78660753761151
 10
132.33690154292097
 20
-49.78752684312458
 10
132.3377367448369
 20
-49.78842592254463
 10
132.33859375971682
 20
-49.78930423429995
 10
132.3394720713271
 20
-49.7901612493285
 10
132.3403711506058
 20
-49.79099645139658
 10
132.3412904559813
 20
-49.7918093374098
 10
132.34222943369855
 20
-49.79259941771614
 10
132.34318751815258
 20
-49.793366216400855
 10
132.34416413222925
 20
-49.79410927157319
 10
132.34515868765294
 20
-49.7948281356446
 10
132.34617058534073
 20
-49.79552237559834
 10
132.34719921576342
 20
-49.7961915732503
 10
132.3482439593127
 20
-49.796835325500936
 10
132.3493041866742
 20
-49.797453244578044
 10
132.35037925920676
 20
-49.79804495827035
 10
132.351468529327
 20
-49.79861011015174
 10
132.35257134089952
 20
-49.79914835979592
 10
132.35368702963197
 20
-49.7996593829815
 10
132.35481492347535
 20
-49.800142871887296
 10
132.35595434302869
 20
-49.80059853527772
 10
132.35710460194844
 20
-49.80102609867825
 10
132.35826500736178
 20
-49.801425304540736
 10
132.359434860284
 20
-49.801795912398546
 10
132.36061345603963
 20
-49.80213769901142
 10
132.3618000846868
 20
-49.802450458499905
 10
132.36299403144494
 20
-49.80273400246944
 10
132.36419457712532
 20
-49.802988160123775
 10
132.36540099856424
 20
-49.80321277836787
 10
132.36661256905876
 20
-49.80340772190013
 10
132.36782855880423
 20
-49.803572873293874
 10
132.36904823533405
 20
-49.803708133068106
 10
132.37027086396085
 20
-49.803813419747414
 10
132.37149570821904
 20
-49.80388866991105
 10
132.37272203030835
 20
-49.803933838231146
 10
132.37394909153844
 20
-49.8039488975
  0
LWPOLYLINE
  5
30
330
17
100
AcDbEntity
  8
0
100
AcDbPolyline
 90
58
 70
0
 10
128.11289584014537
 20
-46.64863229468253
 10
127.81503357157361
 20
-46.35076987896103
 10
127.81865881685985
 20
-46.34813618417417
 10
128.00097719362668
 20
-46.25524076925106
 10
128.19558441895495
 20
-46.192009696474074
 10
128.39767824143786
 20
-46.15999989752508
 10
128.60232077513328
 20
-46.15999989882931
 10
128.80441451372374
 20
-46.19200968713121
 10
128.9990316415681
 20
-46.25524470311632
 10
129.18134522956206
 20
-46.34813868044317
 10
129.1849659522373
 20
-46.35076930647196
 10
128.887102302473
 20
-46.64863145864414
 10
128.8466586325539
 20
-46.62950302737951
 10
128.8455429436384
 20
-46.62899200427646
 10
128.84441504961282
 20
-46.628508515460645
 10
128.8432756298783
 20
-46.62805285216765
 10
128.8421253707787
 20
-46.627625288872
 10
128.7635864381786
 20
-46.59952360946729
 10
128.76242603258683
 20
-46.599124403717084
 10
128.761256179488
 20
-46.59875379597899
 10
128.76007758355783
 20
-46.59841200949326
 10
128.7588909547385
 20
-46.59809925013928
 10
128.67797576231195
 20
-46.57783104957988
 10
128.67678181538423
 20
-46.5775475057522
 10
128.67558126953716
 20
-46.577293348247025
 10
128.67437484793464
 20
-46.57706873015932
 10
128.6731632772799
 20
-46.57687378679062
 10
128.59065108256314
 20
-46.56463425892766
 10
128.5894350926611
 20
-46.564469107704575
 10
128.58821541597854
 20
-46.564333848108014
 10
128.58699278720317
 20
-46.564228561613305
 10
128.58576794280077
 20
-46.5641533116411
 10
128.50245338333414
 20
-46.56006032981866
 10
128.50122706110523
 20
-46.56001516169672
 10
128.49999999974042
 20
-46.560000102632635
 10
128.49877293837562
 20
-46.56001516169743
 10
128.49754661614674
 20
-46.560060329820075
 10
128.41423205668255
 20
-46.56415331169057
 10
128.4130072122802
 20
-46.564228561663484
 10
128.41178458350487
 20
-46.564333848158896
 10
128.4105649068224
 20
-46.56446910775616
 10
128.40934891692044
 20
-46.56463425897995
 10
128.32683672221046
 20
-46.576873786890545
 10
128.32562515155584
 20
-46.57706873025994
 10
128.32441872995344
 20
-46.57729334834834
 10
128.3232181841065
 20
-46.57754750585421
 10
128.32202423717897
 20
-46.57783104968258
 10
128.24110904476447
 20
-46.598099250288584
 10
128.23992241594533
 20
-46.59841200964324
 10
128.23874382001537
 20
-46.59875379612965
 10
128.23757396691676
 20
-46.599124403868416
 10
128.23641356132524
 20
-46.59952360961929
 10
128.15787462874147
 20
-46.62762528906923
 10
128.15672437964247
 20
-46.62805284850798
 10
128.1555849697132
 20
-46.62850850745555
 10
128.15445708527963
 20
-46.62899199144483
 10
128.15334140572529
 20
-46.62950300924823
 10
128.11289584014537
 20
-46.64863229468253
  0
LWPOLYLINE
  5
31
330
17
100
AcDbEntity
  8
0
100
AcDbPolyline
 90
582
 70
0
 10
127.65000009243477
 20
-50.9999998925
 10
128.22667727209338
 20
-50.99999992158464
 10
130.8633386736094
 20
-53.63666132309231
 10
130.86597360896275
 20
-53.639232368245324
 10
130.8686708473299
 20
-53.641737974496515
 10
130.92323324594645
 20
-53.69119044998502
 10
130.92599116259333
 20
-53.693629108034905
 10
130.92880809627175
 20
-53.6959993489439
 10
130.93168235016623
 20
-53.69829974496751
 10
130.93461219293368
 20
-53.700528910433185
 10
130.99375904684433
 20
-53.74439520691635
 10
130.99674271365706
 20
-53.746551799058196
 10
130.9997784072657
 20
-53.748634518825725
 10
131.00286429908195
 20
-53.750642111666416
 10
131.00599853027995
 20
-53.75257336828142
 10
131.06916022486027
 20
-53.79043103107706
 10
131.07234090749634
 20
-53.7922847881496
 10
131.07556612564622
 20
-53.79405992904573
 10
131.0788339365591
 20
-53.79575538448696
 10
131.08214237182784
 20
-53.79737013319433
 10
131.1487106254319
 20
-53.82885457231504
 10
131.15205769217883
 20
-53.8303876416243
 10
131.1554413742561
 20
-53.831838108071835
 10
131.15885963346014
 20
-53.83320509795088
 10
131.16231041075943
 20
-53.83448778783786
 10
131.23164413471503
 20
-53.85929579092368
 10
131.23512535149038
 20
-53.86049340817417
 10
131.23863491078694
 20
-53.86160523138832
 10
131.24217069857744
 20
-53.862630590845384
 10
131.24573058503552
 20
-53.86356886890718
 10
131.31716205767933
 20
-53.88146152132689
 10
131.32074389846247
 20
-53.88231215280978
 10
131.3243455360037
 20
-53.88307462532518
 10
131.32796480081134
 20
-53.88374847958816
 10
131.3315995127755
 20
-53.88433330969411
 10
131.4044408099771
 20
-53.89513829542377
 10
131.4080887796742
 20
-53.89563374909177
 10
131.41174780971267
 20
-53.89603952788063
 10
131.41541569602967
 20
-53.896355387364395
 10
131.41909022922763
 20
-53.8965811372811
 10
131.49263985180858
 20
-53.90019439853421
 10
131.4963188184893
 20
-53.90032990290064
 10
131.50000000257765
 20
-53.900375080093795
 10
135.4999999976679
 20
-53.90037508008778
 10
135.50368118178667
 20
-53.900329902893866
 10
135.50736014849772
 20
-53.90019439852518
 10
135.58090977132144
 20
-53.89658113723004
 10
135.58458430452848
 20
-53.896355387311154
 10
135.5882521908545
 20
-53.896039527824776
 10
135.59191122090186
 20
-53.89563374903285
 10
135.59555919060773
 20
-53.895138295361335
 10
135.66840048780253
 20
-53.884333309584036
 10
135.67203519976633
 20
-53.88374847947571
 10
135.6756544645735
 20
-53.88307462521037
 10
135.6792561021143
 20
-53.88231215269261
 10
135.68283794289687
 20
-53.88146152120738
 10
135.75426941552863
 20
-53.86356886874106
 10
135.75782930198608
 20
-53.86263059067695
 10
135.76136508977586
 20
-53.86160523121758
 10
135.7648746490717
 20
-53.86049340800115
 10
135.76835586584625
 20
-53.85929579074839
 10
135.83768958978553
 20
-53.834487787617334
 10
135.841140367084
 20
-53.8332050977281
 10
135.84455862628715
 20
-53.831838107846814
 10
135.84794230836349
 20
-53.83038764139707
 10
135.85128937510942
 20
-53.82885457208561
 10
135.9178576286931
 20
-53.797370132921316
 10
135.92116606396078
 20
-53.79575538421179
 10
135.92443387487256
 20
-53.79405992876842
 10
135.92765909302128
 20
-53.79228478787018
 10
135.93083977565615
 20
-53.79043103079557
 10
135.99400147021205
 20
-53.75257336795846
 10
135.9971357014088
 20
-53.7506421113414
 10
136.00022159322376
 20
-53.74863451849868
 10
136.00325728683103
 20
-53.74655179872917
 10
136.00624095364236
 20
-53.744395206585374
 10
136.06538780752416
 20
-53.700528910063674
 10
136.06831765028292
 20
-53.69829974460173
 10
136.07119190416893
 20
-53.69599934858224
 10
136.07400883783916
 20
-53.693629107677744
 10
136.0767667544781
 20
-53.691190449632735
 10
136.13132915289296
 20
-53.64173797428639
 10
136.13402639123706
 20
-53.63923236805505
 10
136.1366613265684
 20
-53.636661322922976
 10
138.13666132309288
 20
-51.63666132638996
 10
138.13923236824584
 20
-51.634026391036656
 10
138.141737974497
 20
-51.631329152669565
 10
138.19119044998516
 20
-51.576766754053445
 10
138.19362910803505
 20
-51.57400883740654
 10
138.19599934894407
 20
-51.57119190372808
 10
138.1982997449677
 20
-51.56831764983357
 10
138.2005289104334
 20
-51.56538780706608
 10
138.24439520691647
 20
-51.50624095315549
 10
138.2465517990583
 20
-51.503257286342794
 10
138.2486345188258
 20
-51.50022159273417
 10
138.25064211166648
 20
-51.497135700917944
 10
138.25257336828147
 20
-51.494001469719954
 10
138.29043103107693
 20
-51.43083977513994
 10
138.29228478814946
 20
-51.42765909250386
 10
138.2940599290456
 20
-51.42443387435398
 10
138.29575538448682
 20
-51.42116606344111
 10
138.2973701331942
 20
-51.417857628172364
 10
138.32885457231524
 20
-51.3512893745676
 10
138.33038764162453
 20
-51.347942307820624
 10
138.33183810807208
 20
-51.34455862574331
 10
138.33320509795115
 20
-51.34114036653923
 10
138.33448778783813
 20
-51.33768958923989
 10
138.3592957909239
 20
-51.268355865284136
 10
138.36049340817436
 20
-51.26487464850885
 10
138.3616052313885
 20
-51.26136508921235
 10
138.36263059084555
 20
-51.257829301421914
 10
138.36356886890732
 20
-51.25426941496391
 10
138.38146152132683
 20
-51.182837942321115
 10
138.38231215280973
 20
-51.17925610153796
 10
138.38307462532512
 20
-51.175654463996665
 10
138.38374847958812
 20
-51.172035199189025
 10
138.38433330969406
 20
-51.168400487224815
 10
138.39513829542375
 20
-51.09555919002295
 10
138.39563374909176
 20
-51.09191122032588
 10
138.39603952788062
 20
-51.08825219028741
 10
138.39635538736437
 20
-51.084584303970416
 10
138.3965811372811
 20
-51.08090977077244
 10
138.4001943985342
 20
-51.00736014819106
 10
138.40032990290067
 20
-51.00368118150948
 10
138.4003750800938
 20
-50.999999997420254
 10
138.40037508008777
 20
-50.540000002330146
 10
138.40032990289384
 20
-50.536318818212244
 10
138.40019439852517
 20
-50.53263985150203
 10
138.39658113723002
 20
-50.45909022867846
 10
138.39635538731113
 20
-50.455415695471444
 10
138.39603952782474
 20
-50.45174780914548
 10
138.39563374903284
 20
-50.448088779098136
 10
138.39513829536133
 20
-50.44444080939229
 10
138.38433330958412
 20
-50.37159951219781
 10
138.38374847947577
 20
-50.36796480023397
 10
138.38307462521044
 20
-50.36434553542675
 10
138.38231215269266
 20
-50.36074389788594
 10
138.38146152120743
 20
-50.35716205710332
 10
138.36356886874088
 20
-50.28573058447082
 10
138.36263059067676
 20
-50.282170698013395
 10
138.3616052312174
 20
-50.2786349102236
 10
138.36049340800096
 20
-50.27512535092779
 10
138.3592957907482
 20
-50.27164413415326
 10
138.33448778761718
 20
-50.2023104102141
 10
138.33320509772796
 20
-50.19885963291562
 10
138.33183810784666
 20
-50.19544137371245
 10
138.3303876413969
 20
-50.1920576916361
 10
138.32885457208545
 20
-50.18871062489014
 10
138.2973701329212
 20
-50.12214237130667
 10
138.29575538421167
 20
-50.118833936039
 10
138.29405992876832
 20
-50.11556612512726
 10
138.29228478787007
 20
-50.11234090697856
 10
138.29043103079547
 20
-50.109160224343704
 10
138.25257336795843
 20
-50.045998529787916
 10
138.25064211134136
 20
-50.04286429859116
 10
138.24863451849868
 20
-50.03977840677622
 10
138.24655179872914
 20
-50.036742713168934
 10
138.24439520658535
 20
-50.033759046357616
 10
138.2005289100636
 20
-49.97461219247576
 10
138.19829974460166
 20
-49.971682349717
 10
138.19599934858218
 20
-49.96880809583097
 10
138.19362910767768
 20
-49.96599116216075
 10
138.19119044963264
 20
-49.96323324552182
 10
138.14173797428597
 20
-49.90867084710661
 10
138.13923236848348
 20
-49.90597360921292
 10
138.1366613238021
 20
-49.903338674310675
 10
136.83110399575193
 20
-48.59778132461493
 10
136.82069988696026
 20
-48.55624579409822
 10
136.8197616088964
 20
-48.55268590764123
 10
136.81873624943734
 20
-48.54915011985185
 10
136.81762442622124
 20
-48.54564056055646
 10
136.81642680896883
 20
-48.54215934378232
 10
136.78667208935786
 20
-48.45900047344317
 10
136.7853893994688
 20
-48.45554969614463
 10
136.7840224095877
 20
-48.452131436941386
 10
136.78257194313812
 20
-48.44874775486497
 10
136.78103887382684
 20
-48.44540068811894
 10
136.74327643665984
 20
-48.36555872299758
 10
136.7416616879505
 20
-48.36225028772981
 10
136.73996623250733
 20
-48.35898247681797
 10
136.73819109160925
 20
-48.355757258669165
 10
136.73633733453482
 20
-48.35257657603421
 10
136.69093085272485
 20
-48.27682043790088
 10
136.68899959610798
 20
-48.273686206704014
 10
136.68699200326543
 20
-48.270600314888966
 10
136.68490928349607
 20
-48.26756462128157
 10
136.68275269135245
 20
-48.264580954470134
 10
136.6301394541409
 20
-48.19364021634756
 10
136.62791028867346
 20
-48.19071037358145
 10
136.62560989264813
 20
-48.187836119688356
 10
136.62323965173746
 20
-48.185019186011345
 10
136.62080099368592
 20
-48.182261269365945
 10
136.5614876953089
 20
-48.116819129342744
 10
136.5589820890729
 20
-48.11412189099477
 10
136.556411043936
 20
-48.11148695565978
 10
136.5537761085996
 20
-48.1089159105243
 10
136.55107887025028
 20
-48.10641030428979
 10
136.48563673019436
 20
-48.04709700594803
 10
136.48287881354761
 20
-48.04465834789799
 10
136.4800618798693
 20
-48.04228810698884
 10
136.47718762597495
 20
-48.039987710965065
 10
136.4742577832076
 20
-48.03775854549922
 10
136.40331704505624
 20
-47.98514530832627
 10
136.40033337824363
 20
-47.982988716184266
 10
136.3972976846351
 20
-47.980905996416574
 10
136.394211792819
 20
-47.97889840357572
 10
136.39107756162107
 20
-47.97696714696055
 10
136.31532142346322
 20
-47.93156066519197
 10
136.31214074082723
 20
-47.92970690811926
 10
136.30891552267744
 20
-47.92793176722295
 10
136.30564771176466
 20
-47.926236311781544
 10
136.302339276496
 20
-47.924621563074
 10
136.22249731135406
 20
-47.886859125950515
 10
136.21915024460722
 20
-47.88532605664106
 10
136.21576656253004
 20
-47.88387559019335
 10
136.21234830332605
 20
-47.88250860031412
 10
136.20889752602685
 20
-47.88122591042695
 10
136.12573865567126
 20
-47.8514711908612
 10
136.12225743889599
 20
-47.850273573610515
 10
136.11874787959945
 20
-47.849161750396185
 10
136.115212091809
 20
-47.848136390938926
 10
136.111652205351
 20
-47.84719811287694
 10
136.0259772951625
 20
-47.82573766508399
 10
136.02239545437942
 20
-47.82488703360091
 10
136.0187938168382
 20
-47.82412456108531
 10
136.01517455203063
 20
-47.823450706822136
 10
136.0115398400665
 20
-47.822865876715994
 10
135.9241739862654
 20
-47.80990637653958
 10
135.92052601655922
 20
-47.809410922870256
 10
135.91686698651162
 20
-47.809005144080515
 10
135.9131991001854
 20
-47.80868928459633
 10
135.90952456697823
 20
-47.808463534679646
 10
135.82130915049513
 20
-47.804129789190824
 10
135.81763018380838
 20
-47.803994284824945
 10
135.81394899971397
 20
-47.80394910763264
 10
135.81026781561962
 20
-47.80399428482695
 10
135.80658884893293
 20
-47.80412978919483
 10
135.71837343245227
 20
-47.80846353473171
 10
135.7146988992452
 20
-47.8086892846504
 10
135.7110310129192
 20
-47.80900514413658
 10
135.7073719828718
 20
-47.80941092292831
 10
135.7037240131659
 20
-47.80990637659962
 10
135.6163581593716
 20
-47.82286587682367
 10
135.61272344740777
 20
-47.823450706931794
 10
135.60910418260056
 20
-47.824124561196946
 10
135.60550254505975
 20
-47.824887033714504
 10
135.60192070427712
 20
-47.82573766519954
 10
135.51624579410068
 20
-47.84719811303909
 10
135.5126859076432
 20
-47.84813639110301
 10
135.50915011985333
 20
-47.849161750562196
 10
135.50564056055745
 20
-47.85027357377843
 10
135.50215934378284
 20
-47.851471191031
 10
135.41900047344356
 20
-47.88122591064199
 10
135.41554969614504
 20
-47.88250860053103
 10
135.4121314369418
 20
-47.88387559041214
 10
135.40874775486537
 20
-47.8853260568617
 10
135.40540068811936
 20
-47.88685912617298
 10
135.32555872299778
 20
-47.92462156334005
 10
135.32225028773
 20
-47.92623631204939
 10
135.31898247681815
 20
-47.92793176749258
 10
135.31575725866932
 20
-47.92970690839064
 10
135.31257657603436
 20
-47.931560665465085
 10
135.23682043790092
 20
-47.976967147275126
 10
135.23368620670405
 20
-47.97889840389201
 10
135.23060031488902
 20
-47.980905996734556
 10
135.2275646212816
 20
-47.9829887165039
 10
135.22458095447018
 20
-47.98514530864754
 10
135.15364021634767
 20
-48.037758545859035
 10
135.15071037358155
 20
-48.03998771132647
 10
135.14783611968844
 20
-48.0422881073518
 10
135.14501918601144
 20
-48.04465834826249
 10
135.142261269366
 20
-48.04709700631402
 10
135.0768191293427
 20
-48.10641030469114
 10
135.07412189099475
 20
-48.108915910927124
 10
135.07148695565976
 20
-48.11148695606403
 10
135.0689159105243
 20
-48.1141218914004
 10
135.0664103042898
 20
-48.116819129749736
 10
135.0070970059479
 20
-48.182261269805785
 10
135.00465834789784
 20
-48.18501918645255
 10
135.0022881069887
 20
-48.187836120130875
 10
134.9999877109649
 20
-48.19071037402526
 10
134.99775854549904
 20
-48.19364021679261
 10
134.94514530832618
 20
-48.26458095494391
 10
134.94298871618417
 20
-48.2675646217565
 10
134.94090599641652
 20
-48.270600315365016
 10
134.93889840357565
 20
-48.27368620718114
 10
134.93696714696048
 20
-48.276820438379026
 10
134.8915606651921
 20
-48.352576576536585
 10
134.8897069081194
 20
-48.35575725917257
 10
134.88793176722308
 20
-48.35898247732236
 10
134.88623631178166
 20
-48.36225028823513
 10
134.88462156307412
 20
-48.365558723503796
 10
134.84685912595032
 20
-48.44540068864646
 10
134.84532605664086
 20
-48.44874775539334
 10
134.84387559019314
 20
-48.45213143747056
 10
134.8425086003139
 20
-48.45554969667457
 10
134.84122591042672
 20
-48.459000473973816
 10
134.811471190861
 20
-48.54215934432957
 10
134.81027357361035
 20
-48.5456405611048
 10
134.80916175039602
 20
-48.549150120401244
 10
134.80813639093878
 20
-48.55268590819163
 10
134.80719811287682
 20
-48.5562457946496
 10
134.78573766508407
 20
-48.641920704837055
 10
134.78488703360097
 20
-48.64550254562016
 10
134.78412456108538
 20
-48.64910418316141
 10
134.78345070682218
 20
-48.652723447969024
 10
134.78286587671604
 20
-48.6563581599332
 10
134.7699063765396
 20
-48.743724013734585
 10
134.7694109228703
 20
-48.747371983440736
 10
134.76900514408055
 20
-48.751031013488344
 10
134.76868928459635
 20
-48.754698899814514
 10
134.76846353467968
 20
-48.75837343302168
 10
134.76412978919083
 20
-48.84658884950499
 10
134.76399428482495
 20
-48.85026781619177
 10
134.76394910763264
 20
-48.85394900028618
 10
134.76399428482696
 20
-48.85763018438056
 10
134.76412978919484
 20
-48.86130915106727
 10
134.76846353473175
 20
-48.949524567547826
 10
134.76868928465043
 20
-48.95319910075485
 10
134.7690051441366
 20
-48.95686698708083
 10
134.76941092292833
 20
-48.96052601712819
 10
134.76990637659964
 20
-48.964173986834055
 10
134.7828658768236
 20
-49.05153984062806
 10
134.78345070693175
 20
-49.055174552591936
 10
134.78412456119688
 20
-49.05879381739919
 10
134.78488703371445
 20
-49.062395454940045
 10
134.78573766519952
 20
-49.06597729572271
 10
134.8071981130393
 20
-49.15165220589987
 10
134.8081363911032
 20
-49.15521209235735
 10
134.8091617505624
 20
-49.1587478801472
 10
134.81027357377863
 20
-49.162257439443074
 10
134.8114711910312
 20
-49.16573865621767
 10
134.84122591064215
 20
-49.248897526556824
 10
134.8425086005312
 20
-49.25234830385536
 10
134.84387559041232
 20
-49.2557665630586
 10
134.84532605686186
 20
-49.25915024513501
 10
134.84685912617314
 20
-49.26249731188105
 10
134.88462156334015
 20
-49.34233927700242
 10
134.8862363120495
 20
-49.345647712270186
 10
134.8879317674927
 20
-49.34891552318202
 10
134.88970690839074
 20
-49.352140741330835
 10
134.8915606654652
 20
-49.35532142396579
 10
134.93696714727517
 20
-49.43107756209912
 10
134.93889840389204
 20
-49.43421179329599
 10
134.94090599673459
 20
-49.437297685111034
 10
134.94298871650395
 20
-49.44033337871843
 10
134.94514530864757
 20
-49.44331704552987
 10
134.9977585458591
 20
-49.51425778365244
 10
134.99998771132655
 20
-49.51718762641855
 10
135.0022881073519
 20
-49.520061880311644
 10
135.00465834826255
 20
-49.522878813988655
 10
135.0070970063141
 20
-49.525636730634055
 10
135.06641030469112
 20
-49.591078870657256
 10
135.0689159109271
 20
-49.59377610900523
 10
135.071486956064
 20
-49.59641104434022
 10
135.0741218914004
 20
-49.5989820894757
 10
135.07681912974974
 20
-49.60148769571021
 10
135.14226126980566
 20
-49.66080099405197
 10
135.1450191864524
 20
-49.66323965210201
 10
135.1478361201307
 20
-49.66560989301116
 10
135.15071037402507
 20
-49.667910289034936
 10
135.1536402167924
 20
-49.67013945450078
 10
135.22458095494378
 20
-49.72275269167373
 10
135.2275646217564
 20
-49.724909283815734
 10
135.2306003153649
 20
-49.726992003583426
 10
135.23368620718102
 20
-49.72899959642428
 10
135.23682043837894
 20
-49.73093085303945
 10
135.3125765765368
 20
-49.776337334808034
 10
135.31575725917278
 20
-49.77819109188074
 10
135.31898247732258
 20
-49.77996623277705
 10
135.32225028823535
 20
-49.781661688218456
 10
135.325558723504
 20
-49.783276436926
 10
135.40540068864595
 20
-49.821038874049485
 10
135.4087477553928
 20
-49.82257194335894
 10
135.41213143746998
 20
-49.82402240980665
 10
135.41554969667396
 20
-49.82538939968588
 10
135.41900047397317
 20
-49.82667208957305
 10
135.50215934432876
 20
-49.8564268091388
 10
135.50564055448632
 20
-49.85762442420329
 10
135.5091501070618
 20
-49.85873624555755
 10
135.51268588803995
 20
-49.85976160348453
 10
135.5162457676066
 20
-49.86069988034928
 10
135.55778135855024
 20
-49.87110401245632
 10
136.45667727907005
 20
-50.77000006817234
 10
135.12705238698433
 20
-52.099624919313676
 10
131.87294753858535
 20
-52.099624888280474
 10
129.49999989247613
 20
-49.72667719823469
 10
129.4999998922545
 20
-49.15000009994235
 10
129.49995471505977
 20
-49.14631891584855
 10
129.49981921069153
 20
-49.142639949162444
 10
129.4995934607725
 20
-49.13896541595597
 10
129.499277601286
 20
-49.13529752963056
 10
129.49887182249398
 20
-49.13163849958377
 10
129.49837636882242
 20
-49.12799052987849
 10
129.49779153871407
 20
-49.12435581791525
 10
129.4971176844487
 20
-49.12073655310863
 10
129.496355211931
 20
-49.11713491556842
 10
129.4955045804458
 20
-49.113553074786395
 10
129.49456630238177
 20
-49.10999318832951
 10
129.4935409429225
 20
-49.10645740054026
 10
129.4924291197062
 20
-49.10294784124498
 10
129.4912315024536
 20
-49.09946662447098
 10
129.48994881256453
 20
-49.09601584717305
 10
129.48858182268347
 20
-49.09259758797042
 10
129.48713135623396
 20
-49.0892139058946
 10
129.48559828692277
 20
-49.08586683914916
 10
129.48398353821352
 20
-49.08255840388195
 10
129.48228808277045
 20
-49.07929059297066
 10
129.48051294187255
 20
-49.076065374822385
 10
129.4786591847983
 20
-49.072884692187955
 10
129.47672792818162
 20
-49.06975046099164
 10
129.47472033533933
 20
-49.06666456917713
 10
129.47263761557025
 20
-49.063628875570245
 10
129.4704810234269
 20
-49.06064520875932
 10
129.46825185795976
 20
-49.057715365993666
 10
129.46595146193474
 20
-49.05484111210101
 10
129.4635812210244
 20
-49.052024178424425
 10
129.4611425629732
 20
-49.04926626177942
 10
129.45863695673762
 20
-49.04656902343187
 10
129.45606591160114
 20
-49.04393408809728
 10
129.4534309762652
 20
-49.04136304296218
 10
129.4507337379163
 20
-49.038857436728016
 10
129.44797582127
 20
-49.036418778678296
 10
129.44515888759219
 20
-49.034048537769436
 10
129.4422846336983
 20
-49.03174814174594
 10
129.43935479093147
 20
-49.02951897628035
 10
129.4363711241194
 20
-49.027362384138584
 10
129.43333543051142
 20
-49.02527966437111
 10
129.43024953869585
 20
-49.02327207153044
 10
129.42711530749852
 20
-49.021340814915426
 10
129.4239346248631
 20
-49.01948705784285
 10
129.4207094067139
 20
-49.017711916946645
 10
129.4174415958017
 20
-49.016016461505316
 10
129.41413316053365
 20
-49.01440171279781
 10
129.41078609378738
 20
-49.012868643488396
 10
129.40740241171082
 20
-49.011418177040674
 10
129.40398415250746
 20
-49.0100511871614
 10
129.40053337520885
 20
-49.008768497274176
 10
129.3970521584342
 20
-49.007570880023415
 10
129.39354259913836
 20
-49.00645905680898
 10
129.39000681134854
 20
-49.00543369735158
 10
129.38644692489117
 20
-49.00449541928943
 10
129.3828650841087
 20
-49.00364478780613
 10
129.37926344656807
 20
-49.0028823152903
 10
129.37564418176112
 20
-49.00220846102687
 10
129.37200946979755
 20
-49.001623630920434
 10
129.36836150009202
 20
-49.00112817725079
 10
129.36470247004502
 20
-49.00072239846071
 10
129.36103458371943
 20
-49.00040653897616
 10
129.35736005051285
 20
-49.00018078905907
 10
129.35368108382667
 20
-49.00004528469277
 10
129.34999989973284
 20
-49.0000001075
 10
127.65000009997833
 20
-49.000000107745564
 10
127.6463189158843
 20
-49.0000452849394
 10
127.64263994919793
 20
-49.00018078930678
 10
127.63896541599118
 20
-49.000406539224954
 10
127.63529752966548
 20
-49.00072239871061
 10
127.63163849961838
 20
-49.0011281775018
 10
127.62799052991275
 20
-49.00162363117255
 10
127.62435581794915
 20
-49.002208461280105
 10
127.62073655314217
 20
-49.00288231554467
 10
127.61713491560155
 20
-49.00364478806163
 10
127.61355307481912
 20
-49.00449541954606
 10
127.60999318836181
 20
-49.005433697609355
 10
127.60645740057211
 20
-49.00645905706789
 10
127.60294784127638
 20
-49.00757088028349
 10
127.5994666245019
 20
-49.00876849753539
 10
127.59601584720349
 20
-49.01005118742377
 10
127.59259758800034
 20
-49.011418177304186
 10
127.58921390592401
 20
-49.01286864375306
 10
127.58586683917804
 20
-49.01440171306363
 10
127.58255840391028
 20
-49.01601646177227
 10
127.57929059299843
 20
-49.01771191721474
 10
127.5760653748496
 20
-49.019487058112084
 10
127.57288469221459
 20
-49.0213408151858
 10
127.56975046101769
 20
-49.023272071801934
 10
127.56666456920257
 20
-49.025279664643726
 10
127.56362887559509
 20
-49.027362384412314
 10
127.56064520878354
 20
-49.02951897655519
 10
127.55771536601726
 20
-49.031748142021875
 10
127.55484111212398
 20
-49.03404853804646
 10
127.55202417844676
 20
-49.036418778956396
 10
127.54926626180111
 20
-49.03885743700718
 10
127.5465690234529
 20
-49.0413630432424
 10
127.54393408811765
 20
-49.04393408837854
 10
127.5413630429819
 20
-49.04656902371416
 10
127.53885743674707
 20
-49.04926626206273
 10
127.53641877869669
 20
-49.05202417870873
 10
127.53404853778716
 20
-49.05484111238629
 10
127.53174814176298
 20
-49.057715366279915
 10
127.52951897629671
 20
-49.06064520904651
 10
127.52736238415427
 20
-49.06362887585837
 10
127.52527966438612
 20
-49.066664569466155
 10
127.52327207154478
 20
-49.06975046128156
 10
127.52134081492909
 20
-49.07288469247874
 10
127.51948705785584
 20
-49.07606537511402
 10
127.51771191695896
 20
-49.07929059326311
 10
127.51601646151695
 20
-49.0825584041752
 10
127.51440171280879
 20
-49.08586683944319
 10
127.5128686434987
 20
-49.089213906189386
 10
127.51141817705033
 20
-49.09259758826593
 10
127.5100511871704
 20
-49.09601584746927
 10
127.50876849728253
 20
-49.09946662476787
 10
127.50757088003112
 20
-49.10294784154252
 10
127.50645905681604
 20
-49.106457400838416
 10
127.50543369735801
 20
-49.109993188628266
 10
127.50449541929522
 20
-49.11355307508571
 10
127.50364478781133
 20
-49.11713491586826
 10
127.50288231529487
 20
-49.12073655340898
 10
127.50220846103083
 20
-49.12435581821607
 10
127.5016236309238
 20
-49.127990530179744
 10
127.50112817725358
 20
-49.13163849988544
 10
127.50072239846293
 20
-49.13529752993261
 10
127.5004065389778
 20
-49.13896541625836
 10
127.50018078906015
 20
-49.142639949465135
 10
127.5000452846933
 20
-49.14631891615152
 10
127.5000001075
 20
-49.15000010024556
 10
127.5000001075
 20
-50.8499999
 10
127.50004528469042
 20
-50.853681083976205
 10
127.50018078904858
 20
-50.857360050544976
 10
127.5004065389518
 20
-50.861034583634556
 10
127.50072239841671
 20
-50.864702469843756
 10
127.50112817718144
 20
-50.86836149977521
 10
127.50162363082003
 20
-50.87200946936626
 10
127.50220846088978
 20
-50.875644181216565
 10
127.50288231511091
 20
-50.87926344591176
 10
127.50364478757889
 20
-50.88286508334226
 10
127.50449541900883
 20
-50.8864469240165
 10
127.50543369701221
 20
-50.890006810367716
 10
127.50645905640546
 20
-50.893542598053635
 10
127.50757087955047
 20
-50.89705215724809
 10
127.5087684967266
 20
-50.900533373924006
 10
127.5100511865341
 20
-50.90398415112674
 10
127.51141817632863
 20
-50.907402410237296
 10
127.5128686426867
 20
-50.91078609222432
 10
127.51440171190168
 20
-50.91413315888444
 10
127.51601646051006
 20
-50.917441594069984
 10
127.51771191584771
 20
-50.92070940490344
 10
127.5194870566358
 20
-50.923934622977875
 10
127.52134081359597
 20
-50.92711530554265
 10
127.52327207009442
 20
-50.930249536673635
 10
127.52527966281451
 20
-50.93333542842731
 10
127.52736238245754
 20
-50.93637112197801
 10
127.52951897447115
 20
-50.93935478873756
 10
127.53174813980505
 20
-50.942284631456786
 10
127.53404853569346
 20
-50.945158885308096
 10
127.53641877646402
 20
-50.947975818948564
 10
127.5388574343724
 20
-50.9507337355628
 10
127.54136304046237
 20
-50.95343097388507
 10
127.5439340854506
 20
-50.956065909199964
 10
127.54656902063583
 20
-50.95863695432109
 10
127.54926625883174
 20
-50.961142560547096
 10
127.55202417532297
 20
-50.96358121859458
 10
127.5548411088439
 20
-50.96595145950721
 10
127.55771536257919
 20
-50.968251855540586
 10
127.56064520518599
 20
-50.970481021022245
 10
127.56362887183677
 20
-50.972637613186336
 10
127.56666456528242
 20
-50.97472033298247
 10
127.56975045693486
 20
-50.9767279258582
 10
127.57288468796844
 20
-50.97865918251472
 10
127.57606537043971
 20
-50.980512939635304
 10
127.57929058842461
 20
-50.982288080586066
 10
127.58255839917256
 20
-50.98398353608852
 10
127.58586683427667
 20
-50.98559828486376
 10
127.58921390085946
 20
-50.98713135424755
 10
127.59259758277334
 20
-50.98858182077628
 10
127.59601584181495
 20
-50.98994881074321
 10
127.599466618953
 20
-50.99123150072474
 10
127.6029478355685
 20
-50.99242911807645
 10
127.6064573947069
 20
-50.99354094139847
 10
127.60999318234109
 20
-50.99456630097005
 10
127.61355306864499
 20
-50.995504579152964
 10
127.61713490927633
 20
-50.996355210763554
 10
127.62073654666837
 20
-50.99711768341318
 10
127.62435581132958
 20
-50.99779153781685
 10
127.62799052315039
 20
-50.99837636806991
 10
127.63163849271645
 20
-50.99887182189249
 10
127.63529752262744
 20
-50.999277600841765
 10
127.63896540882071
 20
-50.99959346049168
 10
127.6426399418989
 20
-50.9998192105802
 10
127.64631890846084
 20
-50.999954715123934
 10
127.65000009243477
 20
-50.9999998925
  0
LWPOLYLINE
  5
32
330
17
100
AcDbEntity
  8
0
100
AcDbPolyline
 90
711
 70
0
 10
126.59949989258372
 20
-49.081104437821196
 10
126.60471807087158
 20
-49.005939114761084
 10
126.64969030256803
 20
-48.8147270141805
 10
126.72832744206879
 20
-48.6366327054795
 10
126.83835327736352
 20
-48.476015605129945
 10
126.97601561913255
 20
-48.33835326567864
 10
127.14237599713269
 20
-48.22439317614755
 10
127.1463677168845
 20
-48.22216999500636
 10
127.14956224836186
 20
-48.2203390792608
 10
127.15271087765264
 20
-48.21843030546161
 10
127.15581170756279
 20
-48.2164448237328
 10
127.15886286969968
 20
-48.21438383041847
 10
127.16186252559768
 20
-48.21224856736192
 10
127.16480886782617
 20
-48.21004032115737
 10
127.16770012107835
 20
-48.20776042237476
 10
127.17053454324113
 20
-48.205410244758006
 10
127.17331042644477
 20
-48.20299120439725
 10
127.17352009018511
 20
-48.202799238086165
 10
127.19455825791972
 20
-48.18956701762519
 10
127.19763369400727
 20
-48.187579888775765
 10
127.20065971088165
 20
-48.18551828501446
 10
127.20363450544171
 20
-48.18338343478127
 10
127.20655630510792
 20
-48.1811766101613
 10
127.2094233688786
 20
-48.17889912612675
 10
127.21223398836734
 20
-48.17655233975339
 10
127.21498648882101
 20
-48.17413764941189
 10
127.2176792301176
 20
-48.17165649393462
 10
127.22031060774358
 20
-48.16911035175826
 10
127.22287905374996
 20
-48.16650074004289
 10
127.2253830376866
 20
-48.163829213767926
 10
127.22782106751407
 20
-48.16109736480558
 10
127.2301916904928
 20
-48.15830682097231
 10
127.23249349404871
 20
-48.15545924505887
 10
127.29264247094079
 20
-48.07916227421874
 10
127.29488606409778
 20
-48.076243376233215
 10
127.2970573467884
 20
-48.07327029581362
 10
127.29915501106314
 20
-48.07024482390092
 10
127.3011777933191
 20
-48.06716878299597
 10
127.30312447506132
 20
-48.064044026061666
 10
127.30499388363666
 20
-48.06087243540673
 10
127.3067848929402
 20
-48.057655921551856
 10
127.30849642409366
 20
-48.05439642207882
 10
127.31012744609524
 20
-48.051095900463324
 10
127.31167697644068
 20
-48.047756344892214
 10
127.31314408171517
 20
-48.044379767065834
 10
127.31452787815552
 20
-48.04096820098621
 10
127.31582753218262
 20
-48.03752370173177
 10
127.31704226090356
 20
-48.034048344219435
 10
127.31817133258316
 20
-48.03054422195469
 10
127.31921406708489
 20
-48.02701344577049
 10
127.34558605619077
 20
-47.933506484051705
 10
127.34654178445031
 20
-47.929951340922365
 10
127.34740997954403
 20
-47.926373814338895
 10
127.3481901185306
 20
-47.92277605915854
 10
127.34888173150769
 20
-47.91916024242284
 10
127.34948440189494
 20
-47.91552854205242
 10
127.34999776668496
 20
-47.91188314553509
 10
127.35042151666194
 20
-47.9082262486083
 10
127.35075539658786
 20
-47.904560053936535
 10
127.3509992053563
 20
-47.900886769784634
 10
127.35115279611354
 20
-47.897208608687635
 10
127.35121607634704
 20
-47.89352778611813
 10
127.35118900794109
 20
-47.88984651915177
 10
127.35107160719986
 20
-47.88616702513192
 10
127.35086394483751
 20
-47.88249152033401
 10
127.35056614593566
 20
-47.87882221863065
 10
127.35017838986796
 20
-47.87516133015814
 10
127.33876039331611
 20
-47.77868035970233
 10
127.33828288393195
 20
-47.77502988222733
 10
127.33771592838374
 20
-47.77139222330794
 10
127.33705986820557
 20
-47.76776957427028
 10
127.33631509860815
 20
-47.764164117398515
 10
127.3354820682408
 20
-47.76057802462023
 10
127.33456127892104
 20
-47.757013456198095
 10
127.3335532853325
 20
-47.7534725594285
 10
127.3324586946906
 20
-47.74995746734805
 10
127.32954731665974
 20
-47.740996954912255
 10
127.29999989257524
 20
-47.55445022169945
 10
127.29999989377913
 20
-47.365548707443075
 10
127.32954725111877
 20
-47.17900152212865
 10
127.38791814698438
 20
-46.99935459825136
 10
127.41686305900056
 20
-46.942548199042555
 10
127.56952585285121
 20
-47.09521127757512
 10
127.54536920764698
 20
-47.16272457819376
 10
127.54417159039636
 20
-47.16620579496906
 10
127.54305976718209
 20
-47.169715354265584
 10
127.54203440772488
 20
-47.17325114205604
 10
127.54109612966296
 20
-47.17681102851408
 10
127.52082792910358
 20
-47.257726220940604
 10
127.51997729762054
 20
-47.2613080617237
 10
127.519214825105
 20
-47.26490969926494
 10
127.51854097084188
 20
-47.26852896407254
 10
127.5179561407358
 20
-47.2721636760367
 10
127.50571661287283
 20
-47.35467587075365
 10
127.50522115920356
 20
-47.35832384045982
 10
127.50481538041389
 20
-47.36198287050743
 10
127.50449952092976
 20
-47.36565075683362
 10
127.50427377101313
 20
-47.36932529004079
 10
127.50018078919071
 20
-47.452639849507115
 10
127.50004528482489
 20
-47.45631881619388
 10
127.50000010763264
 20
-47.46000000028827
 10
127.50004528482701
 20
-47.46368118438263
 10
127.50018078919496
 20
-47.467360151069315
 10
127.50427377106546
 20
-47.550674710533755
 10
127.5044995209842
 20
-47.55434924374081
 10
127.50481538047045
 20
-47.55801713006682
 10
127.50522115926223
 20
-47.56167616011421
 10
127.5057166129336
 20
-47.565324129820105
 10
127.51795614084419
 20
-47.64783632453002
 10
127.51854097095237
 20
-47.65147103649384
 10
127.51921482521759
 20
-47.65509030130104
 10
127.5199772977352
 20
-47.65869193884183
 10
127.52082792922029
 20
-47.662273779624435
 10
127.54109612982629
 20
-47.74318897203898
 10
127.54203440789027
 20
-47.746748858496474
 10
127.54305976734952
 20
-47.75028464628634
 10
127.54417159056581
 20
-47.75379420558222
 10
127.54536920781845
 20
-47.75727542235683
 10
127.57347088726846
 20
-47.835814354940666
 10
127.57475357715755
 20
-47.83926513223916
 10
127.5761205670387
 20
-47.842683391442364
 10
127.57757103348831
 20
-47.84606707351873
 10
127.57910410279963
 20
-47.84941414026472
 10
127.61476862655842
 20
-47.92482044016299
 10
127.61638337526783
 20
-47.928128875430765
 10
127.61807883071107
 20
-47.9313966863426
 10
127.6198539716092
 20
-47.93462190449141
 10
127.6217077286837
 20
-47.93780258712636
 10
127.66459162789154
 20
-48.009350050450216
 10
127.66652288450847
 20
-48.012484281647026
 10
127.66853047735104
 20
-48.015570173462024
 10
127.67061319712043
 20
-48.01860586706937
 10
127.6727697892641
 20
-48.02158953388075
 10
127.72246006852856
 20
-48.08858911944605
 10
127.72468923399606
 20
-48.091518962212135
 10
127.72698963002144
 20
-48.09439321610521
 10
127.72935987093217
 20
-48.09721014978219
 10
127.73179852898376
 20
-48.09996806642758
 10
127.78781664375221
 20
-48.16177453159987
 10
127.79032224998824
 20
-48.16447176994779
 10
127.79289329512518
 20
-48.16710670528273
 10
127.7955282304616
 20
-48.16967775041815
 10
127.79822546881097
 20
-48.17218335665262
 10
127.86003193401564
 20
-48.22820147138548
 10
127.86278985066244
 20
-48.230640129435486
 10
127.8656067843408
 20
-48.23301037034461
 10
127.8684810382352
 20
-48.23531076636834
 10
127.87141088100259
 20
-48.23753993183414
 10
127.93841046659671
 20
-48.287230211060056
 10
127.94139413340933
 20
-48.28938680320201
 10
127.94442982701788
 20
-48.29146952296964
 10
127.94751571883404
 20
-48.29347711581045
 10
127.95064995003197
 20
-48.29540837242556
 10
128.02219741338013
 20
-48.33829227159185
 10
128.02537809601614
 20
-48.3401460286645
 10
128.02860331416596
 20
-48.341921169560756
 10
128.03187112507877
 20
-48.34361662500211
 10
128.03517956034744
 20
-48.3452313737096
 10
128.11058586026635
 20
-48.38089589742494
 10
128.11393292701322
 20
-48.38242896673434
 10
128.11731660909044
 20
-48.383879433182
 10
128.12073486829445
 20
-48.38524642306118
 10
128.12418564559368
 20
-48.3865291129483
 10
128.20272457819377
 20
-48.41463079235301
 10
128.20620579496907
 20
-48.41582840960363
 10
128.2097153542656
 20
-48.41694023281791
 10
128.21325114205604
 20
-48.41796559227511
 10
128.2168110285141
 20
-48.41890387033703
 10
128.29772622094063
 20
-48.43917207089643
 10
128.30130806172372
 20
-48.440022702379466
 10
128.30490969926495
 20
-48.440785174895005
 10
128.30852896407254
 20
-48.44145902915812
 10
128.3121636760367
 20
-48.4420438592642
 10
128.39467587075347
 20
-48.45428338712716
 10
128.39832384045965
 20
-48.45477884079643
 10
128.40198287050728
 20
-48.455184619586106
 10
128.40565075683347
 20
-48.45550047907023
 10
128.40932529004064
 20
-48.45572622898686
 10
128.49263984950727
 20
-48.4598192108093
 10
128.49631881619405
 20
-48.459954715175115
 10
128.50000000028842
 20
-48.459999892367364
 10
128.5036811843828
 20
-48.45995471517299
 10
128.5073601510695
 20
-48.45981921080505
 10
128.59067471053368
 20
-48.45572622893456
 10
128.59434924374074
 20
-48.45550047901581
 10
128.59801713006672
 20
-48.455184619529575
 10
128.6016761601141
 20
-48.45477884073778
 10
128.60532412982
 20
-48.45428338706641
 10
128.68783632452997
 20
-48.44204385915582
 10
128.6914710364938
 20
-48.441459029047635
 10
128.695090301301
 20
-48.44078517478243
 10
128.69869193884182
 20
-48.440022702264805
 10
128.70227377962445
 20
-48.43917207077971
 10
128.78318897203894
 20
-48.41890387017371
 10
128.7867488584964
 20
-48.41796559210973
 10
128.79028464628624
 20
-48.4169402326505
 10
128.7937942055821
 20
-48.415828409434205
 10
128.79727542235668
 20
-48.41463079218158
 10
128.87581435494045
 20
-48.386529112731644
 10
128.879265127705
 20
-48.38524642459148
 10
128.88268338246283
 20
-48.38387943668074
 10
128.88606706019053
 20
-48.382428972419675
 10
128.88941412269253
 20
-48.380895905511395
 10
128.93280177604393
 20
-48.36037508063259
 10
130.0460062155749
 20
-48.360375098439164
 10
130.16164767151093
 20
-48.47601655632221
 10
130.27167230259272
 20
-48.636632306906435
 10
130.3503095225011
 20
-48.81472943438684
 10
130.39528374936003
 20
-49.00595245100255
 10
130.4005001075022
 20
-49.08110361067673
 10
130.40050010754788
 20
-49.18893599045521
 10
130.4005452849211
 20
-49.1926171818141
 10
130.40068078982432
 20
-49.19629615575218
 10
130.40090654063417
 20
-49.19997069618436
 10
130.40122240136623
 20
-49.20363858969614
 10
130.40162818175708
 20
-49.20729762687691
 10
130.40212363737882
 20
-49.210945603650785
 10
130.40270846978632
 20
-49.21458032260429
 10
130.40338232669703
 20
-49.21819959431
 10
130.4223363209834
 20
-49.313487565104545
 10
130.42309877991985
 20
-49.317089135652004
 10
130.4239493945515
 20
-49.32067091018241
 10
130.42488765251886
 20
-49.324230731248804
 10
130.42591298867146
 20
-49.32776645462774
 10
130.42702478540807
 20
-49.33127595061074
 10
130.42822237304873
 20
-49.334757105287146
 10
130.42950503023823
 20
-49.33820782181742
 10
130.43087198438056
 20
-49.34162602169614
 10
130.43232241210424
 20
-49.34500964600398
 10
130.43385543975825
 20
-49.34835665664785
 10
130.43547014393835
 20
-49.35166503758857
 10
130.43716555204327
 20
-49.35493279605516
 10
130.43894064286044
 20
-49.35815796374521
 10
130.44079434718128
 20
-49.36133859801043
 10
130.44272554844503
 20
-49.36447278302681
 10
130.4447330834115
 20
-49.36755863094863
 10
130.4987090669261
 20
-49.4483406061899
 10
130.50079184027106
 20
-49.45137642000731
 10
130.50294849149913
 20
-49.45436020381664
 10
130.50517772143291
 20
-49.45729016017172
 10
130.50747818717323
 20
-49.4601645240523
 10
130.5098485029081
 20
-49.4629815639273
 10
130.51228724074758
 20
-49.46573958279792
 10
130.51479293158388
 20
-49.4684369192199
 10
130.51736406597638
 20
-49.471071948304385
 10
132.1289280520777
 20
-51.08263593433796
 10
132.13156308118155
 20
-51.08520706874868
 10
132.13426041762378
 20
-51.08771275960223
 10
132.1370184365155
 20
-51.09015149745798
 10
132.1398354764124
 20
-51.09252181320812
 10
132.14270984031566
 20
-51.094822278962646
 10
132.14563979669418
 20
-51.09705150890955
 10
132.14862358052764
 20
-51.09920816014963
 10
132.15165939436983
 20
-51.10129093350545
 10
132.2324413696783
 20
-51.15526691689433
 10
132.23552721760302
 20
-51.15727445185629
 10
132.23866140262223
 20
-51.15920565311548
 10
132.24184203689015
 20
-51.16105935743166
 10
132.24506720458277
 20
-51.162834448244126
 10
132.24833496305183
 20
-51.16452985634426
 10
132.25164334399489
 20
-51.166144560519534
 10
132.254990354641
 20
-51.16767758816866
 10
132.25837397895094
 20
-51.169128015887374
 10
132.26179217883166
 20
-51.17049497002472
 10
132.2652428953638
 20
-51.171777627209195
 10
132.26872405004193
 20
-51.172975214844776
 10
132.27223354602654
 20
-51.17408701157624
 10
132.27576926940696
 20
-51.17511234772367
 10
132.27932909047473
 20
-51.17605060568585
 10
132.28291086500636
 20
-51.17690122031225
 10
132.28651243555493
 20
-51.177663679243466
 10
132.38180040639094
 20
-51.19661767339354
 10
132.3854196780786
 20
-51.197291530295665
 10
132.38905439701378
 20
-51.1978763626955
 10
132.39270237376908
 20
-51.19837181831049
 10
132.39636141093106
 20
-51.19877759869553
 10
132.40002930442387
 20
-51.19909345942272
 10
132.40370384483694
 20
-51.199319210228616
 10
132.4073828187558
 20
-51.199454715128844
 10
132.4110640100954
 20
-51.19949989249999
 10
134.49126899689082
 20
-51.19949989248929
 10
134.49454077989952
 20
-51.19946420636231
 10
134.49781100614464
 20
-51.19935716496138
 10
134.5010781196033
 20
-51.19917881921841
 10
134.5335801032426
 20
-51.19704882023402
 10
134.53713953355938
 20
-51.19677297841593
 10
134.5406913909568
 20
-51.19641250384372
 10
134.5442336634048
 20
-51.19596760071637
 10
134.54776434430306
 20
-51.19543852105934
 10
134.55128143361742
 20
-51.194825564581755
 10
134.5547829390131
 20
-51.1941290785067
 10
134.5582668769831
 20
-51.19334945737446
 10
134.56173127397196
 20
-51.192487142819076
 10
134.56517416749355
 20
-51.191542623318135
 10
134.56859360724295
 20
-51.190516433916095
 10
134.57198765620115
 20
-51.18940915592115
 10
134.6639866248762
 20
-51.15817916645548
 10
134.66745795079794
 20
-51.15695307939391
 10
134.67089814125853
 20
-51.1556421702695
 10
134.6743051239798
 20
-51.15424722873864
 10
134.67767684668704
 20
-51.152769095076565
 10
134.68101127834524
 20
-51.15120865967122
 10
134.6843064103825
 20
-51.149566862486886
 10
134.68756025789997
 20
-51.14784469249801
 10
134.69077086086745
 20
-51.14604318709345
 10
134.69393628530415
 20
-51.14416343145158
 10
134.69705462444352
 20
-51.14220655788661
 10
134.70012399988204
 20
-51.140173745166514
 10
134.7031425627105
 20
-51.138066217802965
 10
134.7061084946279
 20
-51.13588524531374
 10
134.7090200090367
 20
-51.133632141457966
 10
134.71187535211894
 20
-51.131308263444765
 10
134.7146728038928
 20
-51.12891501111573
 10
134.78771677390728
 20
-51.06485603728786
 10
134.79045454751906
 20
-51.06239494601833
 10
134.7931311001528
 20
-51.0598674095527
 10
134.79574481964642
 20
-51.0572749502965
 10
134.7982941316839
 20
-51.05461912976007
 10
134.80077750074375
 20
-51.05190154761799
 10
134.80319343102363
 20
-51.04912384074559
 10
134.8055404673416
 20
-51.04628768223299
 10
134.80781719601228
 20
-51.04339478037738
 10
134.81002224569878
 20
-51.04044687765401
 10
134.81215428823825
 20
-51.03744574966671
 10
134.81421203944217
 20
-51.03439320407835
 10
134.81619425986975
 20
-51.031291079522056
 10
134.8180997555745
 20
-51.02814124449375
 10
134.8199273788233
 20
-51.024945596226715
 10
134.8216760287879
 20
-51.02170605954878
 10
134.8233446522077
 20
-51.01842458572302
 10
134.8663156345199
 20
-50.93128862137727
 10
134.86790329098588
 20
-50.927967047294
 10
134.86940895270567
 20
-50.92460751008924
 10
134.87083171270152
 20
-50.92121203347485
 10
134.87217071393385
 20
-50.91778266281183
 10
134.8734251498176
 20
-50.91432146387819
 10
134.87459426470792
 20
-50.91083052162461
 10
134.87567735435556
 20
-50.90731193891849
 10
134.87667376633095
 20
-50.90376783527724
 10
134.87758290041725
 20
-50.90020034559153
 10
134.87840420897197
 20
-50.896611618839245
 10
134.87913719725677
 20
-50.893003816791044
 10
134.87978142373547
 20
-50.88937911270812
 10
134.88033650034012
 20
-50.885739690033084
 10
134.8808020927047
 20
-50.8820877410747
 10
134.88117792036653
 20
-50.878425465687286
 10
134.88146375693523
 20
-50.8747550699456
 10
134.88781775423837
 20
-50.77780810965614
 10
134.88801342668057
 20
-50.774131825335765
 10
134.8881188190005
 20
-50.77045184618259
 10
134.88813386771287
 20
-50.76677038891065
 10
134.88805856375276
 20
-50.763089671124334
 10
134.88789295248108
 20
-50.75941190998261
 10
134.88763713365736
 20
-50.75573932086343
 10
134.88729126137952
 20
-50.75207411602928
 10
134.8868555439911
 20
-50.748418503294545
 10
134.88633024395577
 20
-50.744774684695635
 10
134.88571567769924
 20
-50.74114485516448
 10
134.88501221541858
 20
-50.737531201206416
 10
134.88422028085938
 20
-50.733935899583074
 10
134.8833403510603
 20
-50.73036111600115
 10
134.88237295606586
 20
-50.72680900380788
 10
134.88131867860704
 20
-50.72328170269389
 10
134.88017815375045
 20
-50.71978133740433
 10
134.8489481664554
 20
-50.62778237512364
 10
134.84772207939534
 20
-50.624311049206064
 10
134.84641117027266
 20
-50.62087085874957
 10
134.84501622874373
 20
-50.61746387603231
 10
134.8435380950838
 20
-50.61409215332898
 10
134.84197765968077
 20
-50.61075772167459
 10
134.84033586249893
 20
-50.607462589641024
 10
134.83861369251278
 20
-50.60420874212715
 10
134.8368121871111
 20
-50.60099813916313
 10
134.83493243147228
 20
-50.59783271472979
 10
134.83297555791054
 20
-50.59471437559361
 10
134.83094274519385
 20
-50.591645000158174
 10
134.82883521783387
 20
-50.58862643733263
 10
134.82665424534838
 20
-50.585660505417984
 10
134.82440114149648
 20
-50.5827489910118
 10
134.8220772634873
 20
-50.579893647932
 10
134.81968401116242
 20
-50.577096196160426
 10
134.75562503073877
 20
-50.50405221855533
 10
134.7531639856049
 20
-50.501314495013624
 10
134.7506364977047
 20
-50.49863799015546
 10
134.74804408935805
 20
-50.49602431605453
 10
134.7453883219869
 20
-50.49347504694125
 10
134.74267079517463
 20
-50.49099171825453
 10
134.73989314570272
 20
-50.48857582571699
 10
134.73705704656487
 20
-50.48622882443411
 10
134.73416420595927
 20
-50.483952128017755
 10
134.52513103637165
 20
-50.32355515404791
 10
134.42238894789176
 20
-50.2208130656315
 10
134.41975391879106
 20
-50.218241931225265
 10
134.41705658235222
 20
-50.21573624037601
 10
134.41429856346406
 20
-50.21329750252438
 10
134.41148152357087
 20
-50.21092718677817
 10
134.40860715967153
 20
-50.20862672102738
 10
134.4056772032971
 20
-50.206397491084
 10
134.4026934194679
 20
-50.204240839847245
 10
134.39965760563013
 20
-50.20215806649453
 10
134.31887563032166
 20
-50.14818208310567
 10
134.31578978239693
 20
-50.1461745481437
 10
134.31265559737773
 20
-50.14424334688451
 10
134.3094749631098
 20
-50.14238964256833
 10
134.3062497954172
 20
-50.14061455175586
 10
134.30298203694812
 20
-50.138919143655734
 10
134.29967365600507
 20
-50.13730443948046
 10
134.29632664535896
 20
-50.135771411831335
 10
134.29294302104904
 20
-50.13432098411262
 10
134.28952482116833
 20
-50.13295402997528
 10
134.28607410463619
 20
-50.1316713727908
 10
134.28259294995803
 20
-50.13047378515522
 10
134.27908345397344
 20
-50.12936198842376
 10
134.27554773059302
 20
-50.128336652276325
 10
134.27198790952525
 20
-50.12739839431415
 10
134.26840613499363
 20
-50.12654777968775
 10
134.26480456444506
 20
-50.12578532075654
 10
134.16951659360905
 20
-50.10683132660646
 10
134.16589735501856
 20
-50.106157475447255
 10
134.1622626694425
 20
-50.10557264716239
 10
134.15861472624823
 20
-50.10507719402552
 10
134.15495572278883
 20
-50.104671414474815
 10
134.15128786307966
 20
-50.1043555529332
 10
134.14761335647066
 20
-50.104129799661145
 10
134.1439344163155
 20
-50.10399429064202
 10
134.14025325863844
 20
-50.10394910750024
 10
133.6739489255
 20
-50.1039482720908
 10
133.67394896949995
 20
-49.903948892443296
 10
134.1739489000567
 20
-49.903948892254284
 10
134.1776300841505
 20
-49.9039037150596
 10
134.1813090508366
 20
-49.90376821069137
 10
134.18498358404307
 20
-49.903542460772364
 10
134.18865147036848
 20
-49.903226601285894
 10
134.19231050041526
 20
-49.9028208224939
 10
134.19595847012056
 20
-49.90232536882236
 10
134.1995931820838
 20
-49.90174053871403
 10
134.2032124468904
 20
-49.9010666844487
 10
134.20681408443062
 20
-49.900304211930994
 10
134.21039592521265
 20
-49.89945358044583
 10
134.21395581166954
 20
-49.89851530238182
 10
134.21749159945878
 20
-49.897489942922576
 10
134.22100115875406
 20
-49.896378119706306
 10
134.22448237552808
 20
-49.89518050245373
 10
134.227933152826
 20
-49.8938978125647
 10
134.23135141202866
 20
-49.89253082268365
 10
134.23473509410448
 20
-49.89108035623416
 10
134.23808216084993
 20
-49.889547286923
 10
134.24139059611713
 20
-49.887932538213775
 10
134.24465840702845
 20
-49.88623708277074
 10
134.2478836251767
 20
-49.88446194187285
 10
134.25106430781116
 20
-49.88260818479861
 10
134.2541985390075
 20
-49.88067692818197
 10
134.257284430822
 20
-49.878669335339694
 10
134.2603201244289
 20
-49.87658661557064
 10
134.26330379123985
 20
-49.87443002342732
 10
134.26623363400552
 20
-49.8722008579602
 10
134.26910788789817
 20
-49.8699004619352
 10
134.27192482157477
 20
-49.867530221024886
 10
134.27468273821978
 20
-49.865091562973724
 10
134.27737997656735
 20
-49.86258595673816
 10
134.28001491190196
 20
-49.86001491160169
 10
134.28258595703707
 20
-49.85737997626576
 10
134.28509156327127
 20
-49.8546827379169
 10
134.287530221321
 20
-49.85192482127063
 10
134.28990046222987
 20
-49.84910788759281
 10
134.29220085825338
 20
-49.84623363369896
 10
134.294430023719
 20
-49.84330379093215
 10
134.29658661586078
 20
-49.8403201241201
 10
134.29866933562826
 20
-49.83728443051214
 10
134.30067692846896
 20
-49.83419853869658
 10
134.302608185084
 20
-49.83106430749927
 10
134.3044619421566
 20
-49.82788362486387
 10
134.30623708305282
 20
-49.824658406714676
 10
134.30793253849419
 20
-49.821390595802505
 10
134.3095472872017
 20
-49.81808216053446
 10
134.31108035651116
 20
-49.81473509378822
 10
134.3125308229589
 20
-49.811351411711655
 10
134.31389781283818
 20
-49.80793315250831
 10
134.31518050272544
 20
-49.804482375209716
 10
134.3163781199762
 20
-49.80100115843509
 10
134.31748994319068
 20
-49.79749159913924
 10
134.3185153026481
 20
-49.793955811349456
 10
134.3194535807103
 20
-49.79039592489209
 10
134.3203042121936
 20
-49.78681408410962
 10
134.32106668470948
 20
-49.78321244656902
 10
134.32174053897293
 20
-49.77959318176205
 10
134.32232536907938
 20
-49.77595846979852
 10
134.32282082274907
 20
-49.77231050009297
 10
134.32322660153918
 20
-49.76865147004598
 10
134.32354246102375
 20
-49.76498358372041
 10
134.32376821094087
 20
-49.76130905051382
 10
134.3239037153072
 20
-49.75763008382764
 10
134.3239488925
 20
-49.75394889973383
 10
134.3239488922545
 20
-47.953949099979546
 10
134.32390371507043
 20
-47.95026791628201
 10
134.32376821073225
 20
-47.946588949991416
 10
134.3235424608627
 20
-47.94291441717902
 10
134.32322660144507
 20
-47.93924653124551
 10
134.32282082274116
 20
-47.93558750158774
 10
134.32232536917687
 20
-47.93193953226789
 10
134.3217405391948
 20
-47.92830482068579
 10
134.32106668507464
 20
-47.92468555625531
 10
134.32030421272077
 20
-47.921083919085554
 10
134.319453581418
 20
-47.9175020786676
 10
134.31851530355462
 20
-47.913942192567724
 10
134.3174899443141
 20
-47.91040640512773
 10
134.31637812133428
 20
-47.90689684617331
 10
134.3151805043357
 20
-47.903415629731086
 10
134.31389781471782
 20
-47.89996485275521
 10
134.31253082512478
 20
-47.89654659386427
 10
134.3110803589798
 20
-47.89316291208915
 10
134.3095472899893
 20
-47.889815845632796
 10
134.30793254161648
 20
-47.88650741064244
 10
134.30623708652516
 20
-47.883239599995186
 10
134.3044619459939
 20
-47.880014382097556
 10
134.3026081893007
 20
-47.87683369969979
 10
134.3006769330791
 20
-47.87369946872561
 10
134.29866934064535
 20
-47.870613577118164
 10
134.2965866212978
 20
-47.86757788370276
 10
134.29443002958845
 20
-47.86459421706721
 10
134.2922008645672
 20
-47.86166437446033
 10
134.28990046899946
 20
-47.858790120709386
 10
134.28753022855716
 20
-47.855973187156984
 10
134.2850915709842
 20
-47.8532152706182
 10
134.28258596523645
 20
-47.850518032358465
 10
134.28001492059676
 20
-47.84788309709291
 10
134.27737998576595
 20
-47.845312052007664
 10
134.27468274792992
 20
-47.84280644580382
 10
134.2719248318035
 20
-47.84036778776453
 10
134.26910789865187
 20
-47.8379975468459
 10
134.2662336452899
 20
-47.83569715079212
 10
134.26330380305998
 20
-47.83346798527546
 10
134.2603201367891
 20
-47.83131139306158
 10
134.25728444372587
 20
-47.82922867320072
 10
134.2541985524579
 20
-47.82722108024516
 10
134.25106432181028
 20
-47.82528982349358
 10
134.24788363972598
 20
-47.823436066262566
 10
134.2446584221285
 20
-47.82166092518593
 10
134.24139061176794
 20
-47.81996546954204
 10
134.23808217705064
 20
-47.81835072060977
 10
134.2347351108535
 20
-47.816817651053285
 10
134.23135142932367
 20
-47.815367184336154
 10
134.22793317066387
 20
-47.81400019416511
 10
134.22448239390488
 20
-47.81271750396373
 10
134.2210011776652
 20
-47.81151988637647
 10
134.21749161889875
 20
-47.81040806280323
 10
134.21395583163215
 20
-47.80938270296481
 10
134.21039594569092
 20
-47.8084444244995
 10
134.2068141054168
 20
-47.807593792591035
 10
134.203212468376
 20
-47.80683131962817
 10
134.19959320405945
 20
-47.806157464895996
 10
134.19595849257624
 20
-47.80557263429934
 10
134.19231052334015
 20
-47.80507718011818
 10
134.18865149375102
 20
-47.804671400795556
 10
134.18498360787092
 20
-47.80435554075768
 10
134.1813090750967
 20
-47.804129790266806
 10
134.17763010882902
 20
-47.803994285306544
 10
134.17394892513911
 20
-47.8039491075
 10
133.67394922374285
 20
-47.803949022884666
 10
133.6739496653999
 20
-47.60394889248833
 10
134.14025299040324
 20
-47.603948892452095
 10
134.1439342194084
 20
-47.603903714156
 10
134.14761323092478
 20
-47.60376820648264
 10
134.15128780879925
 20
-47.603542451058786
 10
134.15495573954954
 20
-47.603226583874374
 10
134.15861481369737
 20
-47.60282079520062
 10
134.16226282709948
 20
-47.60232532947543
 10
134.16589758227545
 20
-47.60174048515609
 10
134.1695168897312
 20
-47.60106661453957
 10
134.26480386052575
 20
-47.58211262025325
 10
134.268405411174
 20
-47.581350158209354
 10
134.2719871658417
 20
-47.58049954140909
 10
134.2755469671159
 20
-47.579561282207955
 10
134.279082670807
 20
-47.578535945751426
 10
134.2825921472402
 20
-47.57742414963461
 10
134.28607328253818
 20
-47.576226563530184
 10
134.28952397989457
 20
-47.57494390878508
 10
134.2929421608367
 20
-47.57357695798597
 10
134.29632576647774
 20
-47.57212653449389
 10
134.29967275875669
 20
-47.570593511948346
 10
134.302981121666
 20
-47.56897881374107
 10
134.306248862466
 20
-47.56728341245981
 10
134.309474012885
 20
-47.565508329302546
 10
134.312654630305
 20
-47.56365463346235
 10
134.31578879893175
 20
-47.5617234414834
 10
134.31887463094864
 20
-47.559715916588445
 10
134.3996566061902
 20
-47.50573993307358
 10
134.40269241991433
 20
-47.503657159794344
 10
134.40567620363365
 20
-47.50150050863652
 10
134.40860615990215
 20
-47.49927127877739
 10
134.41148052369977
 20
-47.496970813116015
 10
134.41429756349558
 20
-47.49460049746424
 10
134.4170555822909
 20
-47.492161759711884
 10
134.41975291864168
 20
-47.48965606896659
 10
134.42238794765916
 20
-47.48708493466881
 10
134.52513220632702
 20
-47.38434067724711
 10
134.53285404669734
 20
-47.37841522687661
 10
134.72799773778172
 20
-47.228678447990845
 10
134.9494139563841
 20
-47.10084521876449
 10
135.02100212725162
 20
-47.07119155985721
 10
135.18563807195937
 20
-47.002997292014435
 10
135.4326129406528
 20
-46.9368214220721
 10
135.6861063693587
 20
-46.903448892533596
 10
135.94179151559388
 20
-46.90344889340743
 10
136.19528877008418
 20
-46.93682236792637
 10
136.336586377113
 20
-46.97468282531854
 10
136.44226190833228
 20
-47.00299833749031
 10
136.67849193018625
 20
-47.10084923593611
 10
136.89991371665596
 20
-47.22868793411627
 10
137.10276311741072
 20
-47.384338999786245
 10
137.2835587165497
 20
-47.56513460016106
 10
137.4392147085741
 20
-47.767992730482746
 10
137.52008564037067
 20
-47.90806556604465
 10
137.56705263226206
 20
-47.989413885932564
 10
137.58713011342743
 20
-48.03788533836376
 10
137.5885805312665
 20
-48.041268919067996
 10
137.59011354698765
 20
-48.04461588681339
 10
137.59172823721582
 20
-48.04792422563476
 10
137.5934236293814
 20
-48.0511919428341
 10
137.59519870230582
 20
-48.05441707018088
 10
137.59705238681678
 20
-48.057597665097525
 10
137.5989835663922
 20
-48.060731811829484
 10
137.60099107783267
 20
-48.063817622599174
 10
137.6549670669261
 20
-48.1445996061899
 10
137.65704984027215
 20
-48.14763542000885
 10
137.65920649150138
 20
-48.15061920381967
 10
137.6614357214364
 20
-48.15354916017619
 10
137.66373618717805
 20
-48.15642352405814
 10
137.6661065029143
 20
-48.15924056393445
 10
137.6685452407552
 20
-48.16199858280631
 10
137.67105093159302
 20
-48.164695919229466
 10
137.67362206598708
 20
-48.16733094831506
 10
138.68274688813824
 20
-49.17645577022052
 10
138.68278823219183
 20
-49.17649611474868
 10
138.85659681816932
 20
-49.35030566332555
 10
139.00027189253248
 20
-49.53754804152956
 10
139.11828643095268
 20
-49.74195543430509
 10
139.19150836789657
 20
-49.91872995282973
 10
139.208605858187
 20
-49.96000654214299
 10
139.26969267686283
 20
-50.187986400262396
 10
139.30050010748707
 20
-50.42198866139611
 10
139.30050010657186
 20
-51.118011352211106
 10
139.26969267427162
 20
-51.35201361276437
 10
139.20860576136096
 20
-51.579993815861684
 10
139.118284506726
 20
-51.79804940515773
 10
139.00027311568707
 20
-52.002450601121865
 10
138.85659219843734
 20
-52.1896989097107
 10
136.68968575752984
 20
-54.35660238200173
 10
136.50245060939164
 20
-54.50027311191554
 10
136.29804939324515
 20
-54.61828451260062
 10
136.07999380328437
 20
-54.708605765630374
 10
135.8520135997375
 20
-54.76969267686283
 10
135.6180113385223
 20
-54.800500107497825
 10
131.3819883556373
 20
-54.80050010656114
 10
131.14798630142585
 20
-54.769693624522596
 10
130.95895688752566
 20
-54.7190429776451
 10
130.9200042458062
 20
-54.70860592001958
 10
130.70195096951338
 20
-54.618284700372215
 10
130.68353705596374
 20
-54.60765334587339
 10
130.49755242560275
 20
-54.500274860031276
 10
130.4929796644789
 20
-54.49676571252672
 10
130.4172743691127
 20
-54.438675485886776
 10
130.31030067316865
 20
-54.35659278787762
 10
127.97107197052713
 20
-52.01736308826685
 10
127.9684369005121
 20
-52.01479191382223
 10
127.96573952123224
 20
-52.01228618498028
 10
127.96298145765276
 20
-52.009847411251464
 10
127.96016437129654
 20
-52.00747706181089
 10
127.9572899592432
 20
-52.00517656461323
 10
127.95435995310669
 20
-52.002947305532544
 10
127.95137611799215
 20
-52.00079062752735
 10
127.94834025143261
 20
-51.998707829831595
 10
127.86755927612423
 20
-51.94473284644264
 10
127.86447344499197
 20
-51.942725334487925
 10
127.8613392776676
 20
-51.94079415526066
 10
127.85815866195885
 20
-51.93894047197098
 10
127.85493351365089
 20
-51.93716540115078
 10
127.85166577535222
 20
-51.93547001198117
 10
127.84835741532463
 20
-51.9338553256485
 10
127.84501042629768
 20
-51.93232231472926
 10
127.84162682426836
 20
-51.93087190260426
 10
127.83820864728689
 20
-51.92950496290244
 10
127.834757954229
 20
-51.928222318974704
 10
127.83127682355595
 20
-51.9270247433979
 10
127.82776735206247
 20
-51.925912957509574
 10
127.82423165361388
 20
-51.924887630973416
 10
127.82067185787285
 20
-51.92394938137592
 10
127.81709010901658
 20
-51.923098773854406
 10
127.81348856444532
 20
-51.92233632075659
 10
127.71820059360897
 20
-51.903382326606454
 10
127.71458132196456
 20
-51.90270846971183
 10
127.71094660307298
 20
-51.90212363731737
 10
127.70729862636153
 20
-51.90162818170562
 10
127.7036395892436
 20
-51.901222401321675
 10
127.69997169579493
 20
-51.900906540593425
 10
127.69629715542604
 20
-51.9006807897843
 10
127.6926181815513
 20
-51.900545284878696
 10
127.68893699025568
 20
-51.9005001075
 10
127.58110418669638
 20
-51.900500107248114
 10
127.5059434781436
 20
-51.89528249944789
 10
127.31472583993434
 20
-51.85030824203252
 10
127.24120806765302
 20
-51.817847000557194
 10
127.1366323761885
 20
-51.77167235203882
 10
126.97601654265685
 20
-51.661647660163375
 10
126.83835232848901
 20
-51.523983443677764
 10
126.72832749211807
 20
-51.36336739340918
 10
126.70950884020844
 20
-51.320747571716424
 10
126.6496903751317
 20
-51.18527222387092
 10
126.60471545273641
 20
-50.99404757142555
 10
126.59949989250025
 20
-50.91889619757437
 10
126.59949989258372
 20
-49.081104437821196
  0
LWPOLYLINE
  5
33
330
17
100
AcDbEntity
  8
0
100
AcDbPolyline
 90
76
 70
0
 10
132.37394907461535
 20
-49.9039488925
 10
132.87394877625712
 20
-49.903948977115334
 10
132.87394833460053
 20
-50.103948892404915
 10
132.33415657947924
 20
-50.10394811836003
 10
132.30133847663313
 20
-50.10041966752782
 10
132.25973990513504
 20
-50.08490402157317
 10
132.04299297458587
 20
-49.86815707943323
 10
132.02747663451194
 20
-49.82655431371575
 10
132.0239489052213
 20
-49.79374108218396
 10
132.02394975930534
 20
-49.25394892550001
 10
132.22394910749998
 20
-49.25394896949995
 10
132.22394910749998
 20
-49.7539489
 10
132.22399428468356
 20
-49.75763008369786
 10
132.22412978902125
 20
-49.76130904998879
 10
132.2243555388903
 20
-49.764983582801534
 10
132.22467139830752
 20
-49.768651468735406
 10
132.225077177011
 20
-49.77231049839354
 10
132.2255726305749
 20
-49.77595846771377
 10
132.22615746055655
 20
-49.77959317929626
 10
132.22683131467633
 20
-49.78321244372713
 10
132.22759378702983
 20
-49.786814080897294
 10
132.2284444183323
 20
-49.79039592131566
 10
132.22938269619533
 20
-49.79395580741595
 10
132.23040805543556
 20
-49.79749159485636
 10
132.23151987841507
 20
-49.801001153811214
 10
132.2327174954134
 20
-49.80448237025387
 10
132.23400018503102
 20
-49.80793314723017
 10
132.2353671746238
 20
-49.81135140612155
 10
132.23681764076855
 20
-49.81473508789711
 10
132.2383507097589
 20
-49.81808215435391
 10
132.23996545813154
 20
-49.82139058934471
 10
132.2416609132227
 20
-49.82465839999241
 10
132.2434360537538
 20
-49.827883617890485
 10
132.24528981044685
 20
-49.8310643002887
 10
132.24722106666835
 20
-49.83419853126332
 10
132.24922865910202
 20
-49.83728442287121
 10
132.2513113784495
 20
-49.840320116287046
 10
132.2534679701588
 20
-49.84330378292304
 10
132.25569713518
 20
-49.846233625530346
 10
132.25799753074773
 20
-49.84910787928172
 10
132.26036777119
 20
-49.85192481283454
 10
132.26280642876296
 20
-49.85468272937375
 10
132.26531203451074
 20
-49.8573799676339
 10
132.26788307915047
 20
-49.860014902899856
 10
132.27051801398133
 20
-49.86258594798551
 10
132.27321525181745
 20
-49.865091554189746
 10
132.27597316794396
 20
-49.86753021222942
 10
132.27879010109567
 20
-49.869900453148425
 10
132.28166435445775
 20
-49.87220084920257
 10
132.2845941966878
 20
-49.874430014719586
 10
132.28757786295884
 20
-49.87658660693381
 10
132.29061355602224
 20
-49.87866932679502
 10
132.29369944729035
 20
-49.880676919750904
 10
132.29683367793817
 20
-49.88260817650281
 10
132.30001436002266
 20
-49.88446193373413
 10
132.30323957762033
 20
-49.886237074811056
 10
132.3065073879811
 20
-49.887932530455224
 10
132.30981582269862
 20
-49.88954727938776
 10
132.313162888896
 20
-49.89108034894451
 10
132.31654657042608
 20
-49.892530815661885
 10
132.31996482908613
 20
-49.89389780583316
 10
132.32341560584536
 20
-49.89518049603476
 10
132.32689682208536
 20
-49.89637811362222
 10
132.33040638085205
 20
-49.89748993719565
 10
132.33394216811894
 20
-49.89851529703425
 10
132.33750205406045
 20
-49.89945357549973
 10
132.34108389433484
 20
-49.90030420740833
 10
132.34468553137597
 20
-49.901066680371336
 10
132.3483047956928
 20
-49.90174053510362
 10
132.35193950717633
 20
-49.902325365700385
 10
132.35558747641272
 20
-49.90282081988162
 10
132.3592465060022
 20
-49.90322659920432
 10
132.3629143918826
 20
-49.903542459242246
 10
132.36658892465715
 20
-49.903768209733165
 10
132.37026789092513
 20
-49.90390371469345
 10
132.37394907461535
 20
-49.9039488925
  0
LWPOLYLINE
  5
34
330
17
100
AcDbEntity
  8
0
100
AcDbPolyline
 90
46
 70
0
 10
127.98254824590707
 20
-46.3768632519513
 10
128.0393636420516
 20
-46.34791449816979
 10
128.21900128659846
 20
-46.28954728720592
 10
128.4055487227395
 20
-46.25999989257524
 10
128.59445029255696
 20
-46.25999989377915
 10
128.78099747787144
 20
-46.28954725111877
 10
128.96064483309758
 20
-46.34791828713822
 10
129.01745084902072
 20
-46.37686257381074
 10
128.86478730837652
 20
-46.52952534689663
 10
128.79727542180623
 20
-46.50536920764699
 10
128.79379420503093
 20
-46.504171590396375
 10
128.7902846457344
 20
-46.503059767182094
 10
128.78674885794396
 20
-46.50203440772489
 10
128.7831889714859
 20
-46.50109612966297
 10
128.70227377905937
 20
-46.48082792910357
 10
128.69869193827628
 20
-46.479977297620536
 10
128.69509030073505
 20
-46.479214825105
 10
128.69147103592746
 20
-46.478540970841884
 10
128.6878363239633
 20
-46.4779561407358
 10
128.60532412924653
 20
-46.46571661287284
 10
128.60167615954035
 20
-46.46522115920357
 10
128.59801712949272
 20
-46.464815380413896
 10
128.59434924316653
 20
-46.46449952092977
 10
128.59067470995936
 20
-46.46427377101314
 10
128.50736015049273
 20
-46.4601807891907
 10
128.50368118380595
 20
-46.460045284824886
 10
128.49999999971158
 20
-46.46000010763264
 10
128.4963188156172
 20
-46.46004528482701
 10
128.4926398489305
 20
-46.46018078919495
 10
128.40932528946632
 20
-46.46427377106544
 10
128.40565075625926
 20
-46.46449952098419
 10
128.40198286993328
 20
-46.46481538047043
 10
128.3983238398859
 20
-46.46522115926222
 10
128.39467587018
 20
-46.46571661293359
 10
128.31216367547003
 20
-46.477956140844185
 10
128.3085289635062
 20
-46.478540970952366
 10
128.304909698699
 20
-46.479214825217575
 10
128.30130806115818
 20
-46.479977297735196
 10
128.29772622037555
 20
-46.48082792922029
 10
128.21681102796106
 20
-46.501096129826294
 10
128.2132511415036
 20
-46.50203440789027
 10
128.20971535371376
 20
-46.503059767349505
 10
128.2062057944179
 20
-46.5041715905658
 10
128.20272457764332
 20
-46.50536920781842
 10
128.13521090479125
 20
-46.529525986253795
 10
127.98254824590707
 20
-46.3768632519513
  0
LWPOLYLINE
  5
35
330
17
100
AcDbEntity
  8
0
100
AcDbPolyline
 90
582
 70
0
 10
127.65000008739128
 20
-51.0999998875
 10
128.18525591583816
 20
-51.099999914495555
 10
130.7926279990264
 20
-53.707371997675544
 10
130.79701955794866
 20
-53.711657072930564
 10
130.80151495522722
 20
-53.71583308334922
 10
130.85607735384377
 20
-53.765285558837725
 10
130.86067388158855
 20
-53.76934998892086
 10
130.86536877105263
 20
-53.77330039043585
 10
130.8701591942101
 20
-53.77713438380853
 10
130.87504226548916
 20
-53.78084965958467
 10
130.9341891193998
 20
-53.824715956067834
 10
130.939161897421
 20
-53.82831027630424
 10
130.94422138676873
 20
-53.83178147591678
 10
130.94936453979582
 20
-53.8351274639846
 10
130.95458825845918
 20
-53.8383462250096
 10
131.0177499530395
 20
-53.87620388780525
 10
131.0230510907663
 20
-53.879293482926144
 10
131.02842645434944
 20
-53.88225205108637
 10
131.03387280587089
 20
-53.88507781015508
 10
131.03938686465213
 20
-53.88776905800069
 10
131.1059551182562
 20
-53.9192534971214
 10
131.1115335628344
 20
-53.921808612636845
 10
131.1171730329632
 20
-53.92422605671606
 10
131.12287013163657
 20
-53.92650437318114
 10
131.12862142713539
 20
-53.928642189659435
 10
131.19795515109098
 20
-53.95345019274526
 10
131.2037571790499
 20
-53.95544622149608
 10
131.2096064445442
 20
-53.95729926018632
 10
131.21549942419503
 20
-53.95900819261477
 10
131.22143256829182
 20
-53.96057198938443
 10
131.29286404093563
 20
-53.97846464180414
 10
131.29883377557417
 20
-53.979882360942284
 10
131.3048365048096
 20
-53.98115314846795
 10
131.3108686128223
 20
-53.98227623890625
 10
131.31692646609594
 20
-53.98325095574949
 10
131.38976776329753
 20
-53.994055941479154
 10
131.39584771279266
 20
-53.99488169759249
 10
131.4019460961901
 20
-53.99555799557393
 10
131.40805924005176
 20
-53.996084428046856
 10
131.41418346204838
 20
-53.99646067790804
 10
131.48773308462933
 20
-54.00007393916115
 10
131.49386469576385
 20
-54.000299779771865
 10
131.5000000025778
 20
-54.00037507509379
 10
135.49999999766806
 20
-54.000375075087774
 10
135.50613530453265
 20
-54.00029977976459
 10
135.51226691571776
 20
-54.00007393915012
 10
135.58581653854148
 20
-53.99646067785498
 10
135.59194076055323
 20
-53.99608442799017
 10
135.59805390442986
 20
-53.99555799551287
 10
135.60415228784217
 20
-53.99488169752632
 10
135.61023223735194
 20
-53.99405594140713
 10
135.68307353454674
 20
-53.983250955629835
 10
135.68913138781974
 20
-53.98227623878263
 10
135.6951634958317
 20
-53.98115314834039
 10
135.70116622506634
 20
-53.9798823608108
 10
135.70713595970398
 20
-53.97846464166874
 10
135.77856743233573
 20
-53.96057198920242
 10
135.78450057643147
 20
-53.959008192428904
 10
135.79039355608114
 20
-53.95729925999662
 10
135.7962428215742
 20
-53.955446221302566
 10
135.80204484953177
 20
-53.95345019254797
 10
135.87137857347105
 20
-53.92864218941691
 10
135.8771298689685
 20
-53.92650437293485
 10
135.88282696764043
 20
-53.92422605646604
 10
135.88846643776765
 20
-53.921808612383124
 10
135.89404488234422
 20
-53.91925349686404
 10
135.9606131359279
 20
-53.88776905769974
 10
135.96612719470738
 20
-53.88507780985052
 10
135.97157354622698
 20
-53.88225205077825
 10
135.9769489098082
 20
-53.879293482614514
 10
135.98225004753297
 20
-53.87620388749016
 10
136.04541174208887
 20
-53.83834622465306
 10
136.05063546075013
 20
-53.83512746362462
 10
136.05577861377503
 20
-53.831781475553434
 10
136.06083810312052
 20
-53.828310275937575
 10
136.06581088113938
 20
-53.82471595569791
 10
136.12495773502118
 20
-53.78084965917621
 10
136.12984080628578
 20
-53.777134383406306
 10
136.13463122942912
 20
-53.7733003900405
 10
136.1393261188795
 20
-53.76934998853301
 10
136.14392264661103
 20
-53.76528555845799
 10
136.1984850450259
 20
-53.71583308311165
 10
136.2029804422661
 20
-53.71165707272608
 10
136.20737200115167
 20
-53.707371997505945
 10
138.20737199767615
 20
-51.70737200097293
 10
138.2116570729311
 20
-51.70298044205075
 10
138.21583308334968
 20
-51.69848504477227
 10
138.26528555883783
 20
-51.64392264615615
 10
138.26934998892102
 20
-51.639326118411304
 10
138.27330039043605
 20
-51.6346312289472
 10
138.27713438380877
 20
-51.629840805789684
 10
138.28084965958493
 20
-51.624957734510545
 10
138.324715956068
 20
-51.565810880599955
 10
138.32831027630436
 20
-51.56083810257879
 10
138.3317814759169
 20
-51.555778613231084
 10
138.3351274639847
 20
-51.55063546020404
 10
138.33834622500967
 20
-51.545411741540725
 10
138.37620388780513
 20
-51.48225004696071
 10
138.37929348292602
 20
-51.476948909233904
 10
138.38225205108623
 20
-51.47157354565077
 10
138.38507781015494
 20
-51.46612719412933
 10
138.38776905800057
 20
-51.46061313534809
 10
138.41925349712162
 20
-51.394044881743326
 10
138.42180861263708
 20
-51.38846643716503
 10
138.42422605671632
 20
-51.38282696703617
 10
138.42650437318144
 20
-51.3771298683627
 10
138.42864218965974
 20
-51.371378572863804
 10
138.45345019274552
 20
-51.30204484890805
 10
138.45544622149632
 20
-51.296242820949246
 10
138.45729926018652
 20
-51.290393555455076
 10
138.45900819261493
 20
-51.28450057580435
 10
138.46057198938456
 20
-51.27856743170767
 10
138.47846464180407
 20
-51.20713595906488
 10
138.4798823609422
 20
-51.20116622442628
 10
138.4811531484679
 20
-51.1951634951908
 10
138.4822762389062
 20
-51.189131387178065
 10
138.48325095574947
 20
-51.183073533904384
 10
138.49405594147916
 20
-51.11023223670252
 10
138.4948816975925
 20
-51.1041522872074
 10
138.49555799557393
 20
-51.098053903809955
 10
138.49608442804686
 20
-51.091940759948294
 10
138.49646067790803
 20
-51.08581653795167
 10
138.50007393916115
 20
-51.01226691537029
 10
138.5002997797719
 20
-51.00613530423432
 10
138.50037507509379
 20
-50.999999997418946
 10
138.50037507508776
 20
-50.54000000232884
 10
138.50029977976453
 20
-50.53386469546566
 10
138.5000739391501
 20
-50.52773308428198
 10
138.49646067785494
 20
-50.454183461458406
 10
138.49608442799016
 20
-50.448059239446714
 10
138.49555799551285
 20
-50.4419460955701
 10
138.4948816975263
 20
-50.435847712157866
 10
138.49405594140714
 20
-50.429767762648126
 10
138.48325095562993
 20
-50.35692646545365
 10
138.4822762387827
 20
-50.35086861218057
 10
138.48115314834047
 20
-50.34483650416853
 10
138.47988236081085
 20
-50.33883377493385
 10
138.47846464166878
 20
-50.33286404029615
 10
138.46057198920224
 20
-50.261432567663654
 10
138.4590081924287
 20
-50.25549942356795
 10
138.45729925999643
 20
-50.24960644391829
 10
138.4554462213024
 20
-50.24375717842528
 10
138.4534501925478
 20
-50.23795515046773
 10
138.42864218941676
 20
-50.16862142652857
 10
138.4265043729347
 20
-50.162870131031106
 10
138.42422605646587
 20
-50.15717303235915
 10
138.42180861238293
 20
-50.1515335622319
 10
138.41925349686383
 20
-50.145955117655305
 10
138.3877690576996
 20
-50.079386864071836
 10
138.3850778098504
 20
-50.073872805292375
 10
138.38225205077813
 20
-50.068426453772815
 10
138.3792934826144
 20
-50.06305109019164
 10
138.37620388749008
 20
-50.057749952466885
 10
138.33834622465304
 20
-49.9945882579111
 10
138.3351274636246
 20
-49.98936453924984
 10
138.3317814755534
 20
-49.98422138622493
 10
138.32831027593755
 20
-49.979161896879454
 10
138.32471595569788
 20
-49.97418911886059
 10
138.28084965917614
 20
-49.91504226497874
 10
138.27713438340623
 20
-49.91015919371414
 10
138.27330039004042
 20
-49.90536877057077
 10
138.26934998853292
 20
-49.90067388112038
 10
138.2652855584579
 20
-49.89607735338883
 10
138.21583308311122
 20
-49.841514954973626
 10
138.21165707344036
 20
-49.83701955848414
 10
138.20737199897138
 20
-49.832628000313726
 10
136.9213829494865
 20
-48.546638929507694
 10
136.9177030074226
 20
-48.53194777729505
 10
136.91613921064953
 20
-48.52601463320006
 10
136.91443027821776
 20
-48.52012165355111
 10
136.91257723952424
 20
-48.514272388058785
 10
136.91058121077023
 20
-48.508470360101896
 10
136.88082649115927
 20
-48.42531148976274
 10
136.8786886746775
 20
-48.41956019426518
 10
136.876410358209
 20
-48.41386309559311
 10
136.87399291412638
 20
-48.408223625465745
 10
136.8714377986076
 20
-48.402645180889024
 10
136.83367536144058
 20
-48.322803215767664
 10
136.83098411359168
 20
-48.317289156988046
 10
136.8281583545197
 20
-48.311842805468316
 10
136.82519978635628
 20
-48.30646744188697
 10
136.8221101912322
 20
-48.301166304162045
 10
136.77670370942224
 20
-48.225410166028716
 10
136.7734849483941
 20
-48.22018644736728
 10
136.77013896032318
 20
-48.215043294342195
 10
136.7666677607076
 20
-48.20998380499653
 10
136.76307344046822
 20
-48.20501102697748
 10
136.71046020325667
 20
-48.13407028885491
 10
136.70674492747762
 20
-48.12918721757806
 10
136.70291093410208
 20
-48.12439679442291
 10
136.6989605325843
 20
-48.119701904961225
 10
136.6948961024984
 20
-48.115105377218875
 10
136.63558280412138
 20
-48.049663237195674
 10
136.63140679372808
 20
-48.04516783994905
 10
136.62712171849986
 20
-48.040776281057404
 10
136.6227301596059
 20
-48.03649120583161
 10
136.618234762357
 20
-48.032315195440745
 10
136.55279262230107
 20
-47.97300189709899
 10
136.5481960945565
 20
-47.968937467015586
 10
136.54350120509264
 20
-47.96498706550033
 10
136.53871078193538
 20
-47.96115307212738
 10
136.53382771065648
 20
-47.95743779635097
 10
136.46288697250512
 20
-47.90482455917802
 10
136.45791419448412
 20
-47.901230238941345
 10
136.4528547051366
 20
-47.897759039328534
 10
136.4477115521097
 20
-47.894413051260436
 10
136.4424878334465
 20
-47.891194290235156
 10
136.36673169528865
 20
-47.845787808466575
 10
136.36143055756202
 20
-47.84269821334539
 10
136.35605519397905
 20
-47.839739645184885
 10
136.35060884245777
 20
-47.83691388611587
 10
136.34509478367667
 20
-47.83422263826996
 10
136.26525281853472
 20
-47.79646020114647
 10
136.2596743739566
 20
-47.79390508563073
 10
136.25403490382797
 20
-47.7914876415512
 10
136.24833780515468
 20
-47.78920932508581
 10
136.24258650965598
 20
-47.7870715086072
 10
136.1594276393004
 20
-47.75731678904145
 10
136.1536256113416
 20
-47.75532076029031
 10
136.1477763458474
 20
-47.753467721599755
 10
136.14188336619665
 20
-47.751758789170985
 10
136.13595022209995
 20
-47.75019499240101
 10
136.05027531191146
 20
-47.728734544608066
 10
136.044305577273
 20
-47.727316825469586
 10
136.03830284803763
 20
-47.7260460379436
 10
136.032270740025
 20
-47.72492294750497
 10
136.02621288675144
 20
-47.7239482306614
 10
135.93884703295035
 20
-47.710988730484985
 10
135.93276708344007
 20
-47.710162974369446
 10
135.92666870002736
 20
-47.70948667638655
 10
135.9205555561504
 20
-47.708960243912905
 10
135.9144313341384
 20
-47.70858399405177
 10
135.8262159176553
 20
-47.70425024856295
 10
135.82008430651072
 20
-47.70402440795315
 10
135.81394899968674
 20
-47.70394911263264
 10
135.80781369286282
 20
-47.704024407956496
 10
135.80168208171835
 20
-47.70425024856963
 10
135.7134666652377
 20
-47.708583994106505
 10
135.7073424432259
 20
-47.70896024397098
 10
135.70122929934922
 20
-47.70948667644795
 10
135.6951309159369
 20
-47.71016297443417
 10
135.68905096642706
 20
-47.71098873055303
 10
135.60168511263277
 20
-47.723948230777076
 10
135.5956272593597
 20
-47.724922947623945
 10
135.58959515134768
 20
-47.72604603806586
 10
135.58359242211299
 20
-47.72731682559513
 10
135.57762268747527
 20
-47.72873454473686
 10
135.49194777729883
 20
-47.75019499257641
 10
135.486014633203
 20
-47.751758789349616
 10
135.48012165355325
 20
-47.753467721781576
 10
135.47427238806011
 20
-47.75532076047531
 10
135.46847036010243
 20
-47.75731678922959
 10
135.38531148976315
 20
-47.787071508840576
 10
135.3795601942656
 20
-47.789209325322325
 10
135.37386309559355
 20
-47.79148764179083
 10
135.3682236254662
 20
-47.79390508587343
 10
135.36264518088947
 20
-47.79646020139223
 10
135.2828032157679
 20
-47.8342226385593
 10
135.27728915698827
 20
-47.83691388640821
 10
135.2718428054685
 20
-47.839739645480186
 10
135.26646744188716
 20
-47.84269821364363
 10
135.2611663041622
 20
-47.845787808767696
 10
135.18541016602876
 20
-47.89119429057774
 10
135.18018644736733
 20
-47.89441305160588
 10
135.17504329434223
 20
-47.89775903967679
 10
135.16998380499658
 20
-47.90123023929237
 10
135.1650110269775
 20
-47.90482455953176
 10
135.094070288855
 20
-47.95743779674326
 10
135.08918721757814
 20
-47.96115307252232
 10
135.084396794423
 20
-47.96498706589787
 10
135.0797019049613
 20
-47.96893746741567
 10
135.07510537721893
 20
-47.97300189750156
 10
135.00966323719564
 20
-48.03231519587868
 10
135.00516783994902
 20
-48.03649120627198
 10
135.0007762810574
 20
-48.04077628150016
 10
134.99649120583163
 20
-48.04516784039412
 10
134.99231519544077
 20
-48.049663237643
 10
134.93300189709888
 20
-48.11510537769905
 10
134.92893746701546
 20
-48.11970190544366
 10
134.92498706550018
 20
-48.12439679490754
 10
134.9211530721272
 20
-48.129187218064835
 10
134.91743779635078
 20
-48.13407028934377
 10
134.86482455917792
 20
-48.20501102749507
 10
134.86123023894126
 20
-48.209983805516046
 10
134.85775903932844
 20
-48.21504329486357
 10
134.85441305126037
 20
-48.22018644789045
 10
134.8511942902351
 20
-48.2254101665536
 10
134.8057878084667
 20
-48.30116630471116
 10
134.8026982133455
 20
-48.3064674424378
 10
134.799739645185
 20
-48.31184280602078
 10
134.796913886116
 20
-48.31728915754207
 10
134.79422263827007
 20
-48.32280321632317
 10
134.75646020114627
 20
-48.402645181465836
 10
134.75390508563052
 20
-48.40822362604398
 10
134.75148764155097
 20
-48.41386309617268
 10
134.74920932508556
 20
-48.419560194846014
 10
134.74707150860692
 20
-48.42531149034477
 10
134.7173167890412
 20
-48.50847036070052
 10
134.71532076029013
 20
-48.51427238865923
 10
134.71346772159959
 20
-48.520121654153314
 10
134.71175878917086
 20
-48.52601463380395
 10
134.71019499240091
 20
-48.53194777790056
 10
134.68873454460817
 20
-48.61762268808802
 10
134.68731682546965
 20
-48.62359242272654
 10
134.68604603794367
 20
-48.62959515196195
 10
134.68492294750502
 20
-48.63562725997463
 10
134.68394823066146
 20
-48.641685113248265
 10
134.67098873048502
 20
-48.72905096704965
 10
134.67016297436948
 20
-48.7351309165599
 10
134.66948667638658
 20
-48.741229299972574
 10
134.66896024391295
 20
-48.747342443849526
 10
134.6685839940518
 20
-48.75346666586147
 10
134.66425024856295
 20
-48.841682082344775
 10
134.66402440795315
 20
-48.847813693489414
 10
134.66394911263265
 20
-48.85394900031343
 10
134.6640244079565
 20
-48.8600843071374
 10
134.66425024856963
 20
-48.86621591828192
 10
134.66858399410654
 20
-48.954431334762475
 10
134.66896024397101
 20
-48.96055555677418
 10
134.66948667644797
 20
-48.96666870065081
 10
134.6701629744342
 20
-48.97276708406307
 10
134.67098873055303
 20
-48.97884703357285
 10
134.683948230777
 20
-49.06621288736685
 10
134.68492294762387
 20
-49.07227074063998
 10
134.6860460380658
 20
-49.07830284865207
 10
134.68731682559508
 20
-49.08430557788683
 10
134.68873454473683
 20
-49.090275312524604
 10
134.71019499257662
 20
-49.175950222701765
 10
134.71175878934983
 20
-49.181883366797564
 10
134.7134677217818
 20
-49.187776346447315
 10
134.71532076047552
 20
-49.19362561194043
 10
134.71731678922978
 20
-49.1994276398981
 10
134.74707150884075
 20
-49.28258651023725
 10
134.7492093253225
 20
-49.28833780573481
 10
134.75148764179102
 20
-49.29403490440688
 10
134.75390508587364
 20
-49.29967437453424
 10
134.75646020139243
 20
-49.30525281911096
 10
134.79422263855943
 20
-49.38509478423233
 10
134.79691388640833
 20
-49.39060884301195
 10
134.79973964548032
 20
-49.39605519453168
 10
134.80269821364374
 20
-49.40143055811303
 10
134.8057878087678
 20
-49.406731695837955
 10
134.85119429057778
 20
-49.482487833971284
 10
134.85441305160592
 20
-49.48771155263272
 10
134.85775903967684
 20
-49.492854705657805
 10
134.8612302392924
 20
-49.49791419500347
 10
134.8648245595318
 20
-49.50288697302252
 10
134.91743779674334
 20
-49.57382771114509
 10
134.9211530725224
 20
-49.57871078242194
 10
134.92498706589794
 20
-49.58350120557709
 10
134.92893746741572
 20
-49.588196095038775
 10
134.9330018975016
 20
-49.592792622781126
 10
134.99231519587863
 20
-49.65823476280433
 10
134.99649120627194
 20
-49.66273016005095
 10
135.00077628150015
 20
-49.667121718942596
 10
135.0051678403941
 20
-49.67140679416839
 10
135.00966323764303
 20
-49.675582804559255
 10
135.07510537769895
 20
-49.73489610290101
 10
135.07970190544353
 20
-49.738960532984414
 10
135.08439679490738
 20
-49.74291093449967
 10
135.08918721806464
 20
-49.74674492787262
 10
135.09407028934353
 20
-49.75046020364903
 10
135.1650110274949
 20
-49.80307344082198
 10
135.1699838055159
 20
-49.806667761058655
 10
135.17504329486343
 20
-49.810138960671466
 10
135.18018644789032
 20
-49.813484948739564
 10
135.1854101665535
 20
-49.816703709764845
 10
135.26116630471137
 20
-49.862110191533425
 10
135.266467442438
 20
-49.86519978665461
 10
135.27184280602097
 20
-49.868158354815115
 10
135.27728915754224
 20
-49.87098411388413
 10
135.28280321632334
 20
-49.873675361730044
 10
135.3626451814653
 20
-49.91143779885353
 10
135.3682236260434
 20
-49.91399291436927
 10
135.37386309617204
 20
-49.9164103584488
 10
135.37956019484534
 20
-49.91868867491419
 10
135.38531149034404
 20
-49.9208264913928
 10
135.46847036069963
 20
-49.95058121095855
 10
135.4742723776289
 20
-49.95257723606603
 10
135.48012163192135
 20
-49.95443027165647
 10
135.48601460021828
 20
-49.95613920153477
 10
135.49194773282932
 20
-49.95770299630935
 10
135.5066389520306
 20
-49.96138295804605
 10
136.3152559341326
 20
-50.77000006176609
 10
135.08563103411507
 20
-51.99962492391866
 10
131.91436889368893
 20
-51.999624893675495
 10
129.5999998874602
 20
-49.68525584459481
 10
129.59999988725448
 20
-49.15000009990392
 10
129.59992459192998
 20
-49.14386479308092
 10
129.59969875131623
 20
-49.1377331819374
 10
129.59932250145118
 20
-49.13160895992662
 10
129.59879606897368
 20
-49.125495816050936
 10
129.59811977098698
 20
-49.11939743263962
 10
129.5972940148677
 20
-49.11331748313081
 10
129.59631929802046
 20
-49.107259629858746
 10
129.5951962075782
 20
-49.10122752184771
 10
129.59392542004863
 20
-49.095224792614026
 10
129.59250770090668
 20
-49.089255057977326
 10
129.59094390413327
 20
-49.083321913882514
 10
129.58923497170116
 20
-49.07742893423376
 10
129.58738193300732
 20
-49.071579668741634
 10
129.585385904253
 20
-49.06577764078495
 10
129.58324808777124
 20
-49.060026345288406
 10
129.5809697713028
 20
-49.05432924661735
 10
129.57855232722028
 20
-49.04868977649099
 10
129.57599721170163
 20
-49.043111331915256
 10
129.57330596385287
 20
-49.03759727313657
 10
129.57048020478112
 20
-49.03215092161775
 10
129.56752163661793
 20
-49.0267755580373
 10
129.56443204149414
 20
-49.02147442031325
 10
129.56121328046638
 20
-49.01625070165272
 10
129.55786729239588
 20
-49.01110754862854
 10
129.55439609278073
 20
-49.006048059283735
 10
129.55080177254183
 20
-49.00107528126552
 10
129.54708649676326
 20
-48.99619220998943
 10
129.54325250338823
 20
-48.99140178683501
 10
129.539302101871
 20
-48.986706897374034
 10
129.5352376717857
 20
-48.982110369632366
 10
129.53106166139304
 20
-48.977614972386434
 10
129.52677658616557
 20
-48.973223413495454
 10
129.52238502727232
 20
-48.968938338270284
 10
129.51788963002417
 20
-48.96476232788002
 10
129.51329310228036
 20
-48.96069789779715
 10
129.50859821281728
 20
-48.95674749628239
 10
129.50380778966084
 20
-48.952913502909894
 10
129.4989247183828
 20
-48.949198227133905
 10
129.49395194036268
 20
-48.94560390689763
 10
129.48889245101603
 20
-48.942132707285175
 10
129.48374929799007
 20
-48.93878671921739
 10
129.47852557932785
 20
-48.93556795819237
 10
129.47322444160216
 20
-48.932478363071404
 10
129.46784907802015
 20
-48.929519794911066
 10
129.46240272649985
 20
-48.92669403584218
 10
129.45688866771974
 20
-48.92400278799635
 10
129.45131022314263
 20
-48.921447672480646
 10
129.445670753015
 20
-48.91903022840111
 10
129.43997365434274
 20
-48.91675191193567
 10
129.43422235884506
 20
-48.914614095456955
 10
129.42842033088732
 20
-48.91261806670569
 10
129.42257106539424
 20
-48.91076502801495
 10
129.41667808574456
 20
-48.90905609558596
 10
129.41074494164891
 20
-48.9074922988157
 10
129.40477520701148
 20
-48.90607457967688
 10
129.39877247777713
 20
-48.904803792150496
 10
129.3927403697655
 20
-48.90368070171144
 10
129.3866825164929
 20
-48.90270598486738
 10
129.38060256698367
 20
-48.901880228751324
 10
129.374504183572
 20
-48.90120393076785
 10
129.36839103969604
 20
-48.9006774982936
 10
129.36226681768505
 20
-48.90030124843179
 10
129.3561352065414
 20
-48.90007540782128
 10
129.34999989971837
 20
-48.9000001125
 10
127.65000009996389
 20
-48.900000112745566
 10
127.64386479314051
 20
-48.900075408068616
 10
127.63773318199655
 20
-48.90030124868093
 10
127.63160895998531
 20
-48.90067749854455
 10
127.62549581610914
 20
-48.90120393102064
 10
127.61939743269728
 20
-48.901880229005954
 10
127.61331748318791
 20
-48.90270598512387
 10
127.60725962991526
 20
-48.9036807019698
 10
127.60122752190361
 20
-48.90480379241073
 10
127.59522479266927
 20
-48.90607457993901
 10
127.58925505803188
 20
-48.90749229907972
 10
127.58332191393636
 20
-48.90905609585188
 10
127.57742893428687
 20
-48.91076502828278
 10
127.57157966879397
 20
-48.91261806697543
 10
127.5657776408365
 20
-48.91461409572861
 10
127.56002634533915
 20
-48.916751912209236
 10
127.55432924666725
 20
-48.9190302286766
 10
127.54868977654003
 20
-48.92144767275805
 10
127.5431113319634
 20
-48.924002788275665
 10
127.5375972731838
 20
-48.9266940361234
 10
127.53215092166407
 20
-48.929519795194196
 10
127.52677555808268
 20
-48.93247836335643
 10
127.52147442035765
 20
-48.93556795847928
 10
127.51625070169615
 20
-48.93878671950618
 10
127.51110754867096
 20
-48.94213270757584
 10
127.50604805932515
 20
-48.94560390719015
 10
127.50107528130592
 20
-48.94919822742827
 10
127.49619221002878
 20
-48.952913503206084
 10
127.4914017868733
 20
-48.9567474965804
 10
127.48670689741127
 20
-48.96069789809695
 10
127.48211036966852
 20
-48.96476232818159
 10
127.4776149724215
 20
-48.96893833857362
 10
127.47322341352942
 20
-48.973223413800525
 10
127.46893833830316
 20
-48.97761497269322
 10
127.46476232791179
 20
-48.982110369940834
 10
127.4606978978278
 20
-48.98670689768417
 10
127.45674749631192
 20
-48.99140178714678
 10
127.4529135029383
 20
-48.99619221030281
 10
127.44919822716119
 20
-49.001075281580476
 10
127.4456039069238
 20
-49.00604805960024
 10
127.44213270731021
 20
-49.01110754894655
 10
127.43878671924129
 20
-49.016250701972226
 10
127.43556795821516
 20
-49.02147442063419
 10
127.43247836309307
 20
-49.02677555835965
 10
127.42951979493161
 20
-49.03215092194147
 10
127.4266940358616
 20
-49.03759727346163
 10
127.42400278801466
 20
-49.043111332241615
 10
127.42144767249785
 20
-49.0486897768186
 10
127.41903022841721
 20
-49.054329246946175
 10
127.41675191195068
 20
-49.0600263456184
 10
127.41461409547088
 20
-49.06577764111607
 10
127.41261806671854
 20
-49.07157966907383
 10
127.41076502802673
 20
-49.07742893456699
 10
127.40905609559668
 20
-49.08332191421673
 10
127.40749229882539
 20
-49.089255058312474
 10
127.40607457968554
 20
-49.09522479295006
 10
127.40480379215813
 20
-49.10122752218459
 10
127.40368070171806
 20
-49.1072596301964
 10
127.40270598487301
 20
-49.1133174834692
 10
127.40188022875597
 20
-49.119397432978694
 10
127.40120393077154
 20
-49.12549581639063
 10
127.40067749829633
 20
-49.13160896026689
 10
127.40030124843359
 20
-49.13773318227818
 10
127.40007540782217
 20
-49.14386479342217
 10
127.4000001125
 20
-49.15000010024556
 10
127.4000001125
 20
-50.8499999
 10
127.40007540781735
 20
-50.85613520662701
 10
127.40030124841431
 20
-50.86226681757496
 10
127.40067749825297
 20
-50.86839103939093
 10
127.40120393069452
 20
-50.87450418307292
 10
127.40188022863573
 20
-50.88060256629202
 10
127.40270598470006
 20
-50.88668251561044
 10
127.40368070148297
 20
-50.89274036869428
 10
127.40480379185152
 20
-50.898772476519596
 10
127.40607457929815
 20
-50.90477520557043
 10
127.40749229834806
 20
-50.91074494002749
 10
127.40905609502035
 20
-50.916678083946195
 10
127.41076502734244
 20
-50.92257106342272
 10
127.41261806591746
 20
-50.92842032874682
 10
127.41461409454435
 20
-50.934222356540005
 10
127.41675191089017
 20
-50.93997365187791
 10
127.41903022721438
 20
-50.94567075039549
 10
127.4214476711445
 20
-50.95131022037387
 10
127.42400278650281
 20
-50.9568886648074
 10
127.42669403418343
 20
-50.962402723449976
 10
127.42951979307952
 20
-50.96784907483907
 10
127.43247836105967
 20
-50.97322443829646
 10
127.43556795599329
 20
-50.97852557590441
 10
127.43878671682403
 20
-50.983749294456054
 10
127.44213270469085
 20
-50.98889244737886
 10
127.44560390409589
 20
-50.993951936630026
 10
127.44919822411859
 20
-50.998924714562605
 10
127.45291349967508
 20
-51.0038077857613
 10
127.45674749282243
 20
-51.00859820884683
 10
127.4606978941067
 20
-51.0132930982476
 10
127.464762323954
 20
-51.017889625938
 10
127.46893833410395
 20
-51.02238502314178
 10
127.47322340908434
 20
-51.02677658199995
 10
127.47761496772638
 20
-51.03106165720182
 10
127.48211036471956
 20
-51.03523766757849
 10
127.48670689220496
 20
-51.039302097657625
 10
127.4914017814065
 20
-51.04325249917868
 10
127.49619220429865
 20
-51.047086492567644
 10
127.50107527530997
 20
-51.050801768370405
 10
127.50604805306128
 20
-51.0543960886439
 10
127.51110754213737
 20
-51.057867288304124
 10
127.51625069489143
 20
-51.06121327643034
 10
127.52147441328073
 20
-51.06443203752453
 10
127.52677555073285
 20
-51.06752163272551
 10
127.53215091404103
 20
-51.070480200976775
 10
127.5375972652876
 20
-51.07330596014754
 10
127.54311132379445
 20
-51.075997208106266
 10
127.54868976809911
 20
-51.07855232374592
 10
127.55432923795556
 20
-51.08096976796047
 10
127.56002633635825
 20
-51.083248084572006
 10
127.56577763158833
 20
-51.0853859012079
 10
127.57157965928084
 20
-51.087381930127414
 10
127.57742892451148
 20
-51.08923496899745
 10
127.58332190390182
 20
-51.090943901616754
 10
127.58925504774164
 20
-51.09250769858827
 10
127.5952247821272
 20
-51.09392541793926
 10
127.60122751111395
 20
-51.09519620568863
 10
127.60725961888262
 20
-51.09631929636142
 10
127.61331747191731
 20
-51.09729401344985
 10
127.61939742119408
 20
-51.098119769820826
 10
127.62549580437907
 20
-51.09879606806961
 10
127.63160894803451
 20
-51.09932250081947
 10
127.6377331698315
 20
-51.099698750967
 10
127.64386478076806
 20
-51.09992459187322
 10
127.65000008739128
 20
-51.0999998875
  0
LWPOLYLINE
  5
36
330
17
100
AcDbEntity
  8
0
100
AcDbPolyline
 90
704
 70
0
 10
126.69949988758357
 20
-49.0845713994863
 10
126.70391684966668
 20
-49.020947206596404
 10
126.74491256501676
 20
-48.84664238446071
 10
126.81606378820342
 20
-48.68550188536439
 10
126.9156161756428
 20
-48.54017405612724
 10
127.04017406905393
 20
-48.41561616481321
 10
127.19508113012091
 20
-48.30950181979665
 10
127.2003491713804
 20
-48.306482491372876
 10
127.20559688686501
 20
-48.30330120170754
 10
127.21076493671528
 20
-48.29999206549286
 10
127.2158502069434
 20
-48.296557076635644
 10
127.22084963344011
 20
-48.29299830487472
 10
127.2257602038209
 20
-48.28931789453381
 10
127.2305789592412
 20
-48.28551806322947
 10
127.2329340150136
 20
-48.28356535504254
 10
127.24779914164719
 20
-48.274215746498804
 10
127.25292486845976
 20
-48.27090386508309
 10
127.25796822991707
 20
-48.26746785881425
 10
127.2629262208505
 20
-48.263909775092266
 10
127.26779588696085
 20
-48.26023173405899
 10
127.27257432657863
 20
-48.25643592733474
 10
127.27725869239322
 20
-48.25252461671247
 10
127.28184619314932
 20
-48.24850013280997
 10
127.2863340953103
 20
-48.24436487368119
 10
127.29071972468694
 20
-48.24012130338727
 10
127.29500046803092
 20
-48.23577195052832
 10
127.29917377459196
 20
-48.2313194067367
 10
127.30323715763775
 20
-48.226766325132786
 10
127.30718819593565
 20
-48.222115418744
 10
127.31102453519549
 20
-48.21736945888828
 10
127.37117351208757
 20
-48.141072488048145
 10
127.37491283401589
 20
-48.13620765807228
 10
127.37853163850026
 20
-48.13125252403962
 10
127.3820277456248
 20
-48.12621007085178
 10
127.38539904938474
 20
-48.1210833360102
 10
127.38864351895512
 20
-48.115875407786355
 10
127.391759199914
 20
-48.11058942336146
 10
127.3947442154199
 20
-48.105228566936674
 10
127.39759676734235
 20
-48.09979606781494
 10
127.40031513734498
 20
-48.09429519845578
 10
127.40289768792071
 20
-48.08872927250393
 10
127.40534286337818
 20
-48.08310164279331
 10
127.40764919077877
 20
-48.07741569932726
 10
127.40981528082395
 20
-48.07167486723654
 10
127.41183982869218
 20
-48.06588260471598
 10
127.41372161482487
 20
-48.060042400941406
 10
127.41545950566106
 20
-48.05415777396774
 10
127.44183149476694
 20
-47.96065081224895
 10
127.44342437519951
 20
-47.954725573700046
 10
127.44487136702237
 20
-47.948763029394264
 10
127.44617159866667
 20
-47.94276677076033
 10
127.4473242869618
 20
-47.93674040953418
 10
127.44832873760724
 20
-47.93068757558348
 10
127.44918434559061
 20
-47.92461191472126
 10
127.44989059555222
 20
-47.91851708650994
 10
127.45044706209542
 20
-47.912406762057
 10
127.45085341004282
 20
-47.906284621803835
 10
127.45110939463824
 20
-47.900154353308835
 10
127.45121486169406
 20
-47.89401964902631
 10
127.45116974768415
 20
-47.88788420408239
 10
127.45097407978209
 20
-47.881751714049294
 10
127.45062797584485
 20
-47.875625872719446
 10
127.45013164434175
 20
-47.86951036988052
 10
127.44948538422894
 20
-47.86340888909301
 10
127.43806738767708
 20
-47.766927918637194
 10
127.43727153870348
 20
-47.760843789512194
 10
127.4363266127898
 20
-47.754781024646554
 10
127.43523317915952
 20
-47.74874327625046
 10
127.43399189649716
 20
-47.74273418146417
 10
127.43260351255155
 20
-47.736757360167026
 10
127.4310688636853
 20
-47.730816412796806
 10
127.42938887437106
 20
-47.72491491818082
 10
127.42756455663456
 20
-47.71905643138006
 10
127.42708492702745
 20
-47.71758024827585
 10
127.3999998876254
 20
-47.546579703357196
 10
127.39999988872898
 20
-47.37341919001936
 10
127.42708481510631
 20
-47.20241855798096
 10
127.45362614744029
 20
-47.12073283706309
 10
127.45403815943688
 20
-47.12114484982797
 10
127.4512148058267
 20
-47.129035594566126
 10
127.44921877707566
 20
-47.13483762252496
 10
127.44736573838519
 20
-47.14068688801917
 10
127.44565680595652
 20
-47.146579867669935
 10
127.44409300918664
 20
-47.152513011766665
 10
127.42382480862726
 20
-47.23342820419319
 10
127.42240708948887
 20
-47.239397938831694
 10
127.42113630196297
 20
-47.245400668067084
 10
127.42001321152445
 20
-47.251432776079746
 10
127.41903849468098
 20
-47.25749062935335
 10
127.406798966818
 20
-47.340002824070304
 10
127.40597321070256
 20
-47.34608277358058
 10
127.40529691271976
 20
-47.35218115699327
 10
127.40477048024623
 20
-47.358294300870234
 10
127.40439423038518
 20
-47.3644185228822
 10
127.40030124856276
 20
-47.44773308234852
 10
127.40007540795305
 20
-47.453864693493124
 10
127.40000011263264
 20
-47.4600000003171
 10
127.40007540795659
 20
-47.46613530714104
 10
127.40030124856983
 20
-47.47226691828551
 10
127.40439423044033
 20
-47.55558147774995
 10
127.4047704803049
 20
-47.56170569976172
 10
127.40529691278198
 20
-47.567818843638406
 10
127.4059732107683
 20
-47.57391722705072
 10
127.40679896688724
 20
-47.579997176560546
 10
127.41903849479783
 20
-47.66250937127046
 10
127.4200132116448
 20
-47.668567224543494
 10
127.42113630208681
 20
-47.67459933255549
 10
127.42240708961617
 20
-47.68060206179015
 10
127.423824808758
 20
-47.68657179642782
 10
127.444093009364
 20
-47.767486988842364
 10
127.4456568061373
 20
-47.77342013293819
 10
127.44736573856936
 20
-47.779313112587964
 10
127.4492187772632
 20
-47.7851623780811
 10
127.45121480601759
 20
-47.790964406038775
 10
127.47931648546759
 20
-47.869503338622614
 10
127.48145430194943
 20
-47.87525463412011
 10
127.483732618418
 20
-47.880951732792106
 10
127.4861500625007
 20
-47.88659120291939
 10
127.48870517801956
 20
-47.89216964749604
 10
127.52436970177834
 20
-47.96757594739431
 10
127.52706094962736
 20
-47.973090006173926
 10
127.52988670869944
 20
-47.978536357693656
 10
127.53284527686299
 20
-47.98391172127499
 10
127.53593487198715
 20
-47.98921285899992
 10
127.57881877119499
 20
-48.06076032232377
 10
127.5820375322232
 20
-48.06598404098513
 10
127.58538352029417
 20
-48.071127194010124
 10
127.5888547199098
 20
-48.07618668335571
 10
127.59244904014926
 20
-48.081159461374675
 10
127.64213931941373
 20
-48.14815904693997
 10
127.64585459519287
 20
-48.15304211821679
 10
127.64968858856852
 20
-48.1578325413719
 10
127.6536389900864
 20
-48.16252743083354
 10
127.65770342017238
 20
-48.16712395857585
 10
127.71372153494083
 20
-48.22893042374814
 10
127.7178975453342
 20
-48.233425820994675
 10
127.72218262056245
 20
-48.23781737988624
 10
127.72657417945648
 20
-48.24210245511195
 10
127.73106957670542
 20
-48.246278465502726
 10
127.79287604191009
 20
-48.30229658023559
 10
127.79747256965476
 20
-48.30636101031893
 10
127.80216745911869
 20
-48.31031141183412
 10
127.80695788227604
 20
-48.314145405207015
 10
127.811840953555
 20
-48.31786068098336
 10
127.87884053914912
 20
-48.36755096020927
 10
127.88381331717017
 20
-48.37114528044585
 10
127.88887280651775
 20
-48.37461648005858
 10
127.89401595954469
 20
-48.37796246812658
 10
127.8992396782079
 20
-48.38118122915178
 10
127.97078714155607
 20
-48.42406512831806
 10
127.97608827928275
 20
-48.42715472343916
 10
127.98146364286578
 20
-48.43011329159958
 10
127.9869099943871
 20
-48.43293905066851
 10
127.99242405316825
 20
-48.435630298514326
 10
128.06783035308715
 20
-48.471294822229666
 10
128.07340879766528
 20
-48.47384993774532
 10
128.07904826779398
 20
-48.47626738182476
 10
128.0847453664673
 20
-48.47854569829007
 10
128.09049666196606
 20
-48.48068351476859
 10
128.16903559456614
 20
-48.5087851941733
 10
128.17483762252496
 20
-48.51078122292434
 10
128.18068688801918
 20
-48.5126342616148
 10
128.18657986766993
 20
-48.51434319404347
 10
128.19251301176666
 20
-48.51590699081334
 10
128.2734282041932
 20
-48.53617519137274
 10
128.2793979388317
 20
-48.53759291051113
 10
128.2854006680671
 20
-48.53886369803703
 10
128.29143277607974
 20
-48.53998678847556
 10
128.29749062935335
 20
-48.54096150531903
 10
128.38000282407012
 20
-48.55320103318199
 10
128.3860827735804
 20
-48.55402678929743
 10
128.3921811569931
 20
-48.55470308728023
 10
128.39829430087008
 20
-48.55522951975377
 10
128.40441852288205
 20
-48.555605769614814
 10
128.48773308234868
 20
-48.55969875143725
 10
128.4938646934933
 20
-48.55992459204695
 10
128.50000000031727
 20
-48.55999988736736
 10
128.50613530714122
 20
-48.55992459204341
 10
128.5122669182857
 20
-48.559698751430176
 10
128.59558147774987
 20
-48.55560576955968
 10
128.60170569976162
 20
-48.55522951969511
 10
128.6078188436383
 20
-48.554703087218044
 10
128.61391722705062
 20
-48.55402678923173
 10
128.61999717656042
 20
-48.55320103311278
 10
128.7025093712704
 20
-48.54096150520218
 10
128.70856722454346
 20
-48.539986788355215
 10
128.71459933255548
 20
-48.5388636979132
 10
128.72060206179015
 20
-48.537592910383836
 10
128.72657179642783
 20
-48.536175191242
 10
128.80748698884233
 20
-48.515906990636
 10
128.81342013293812
 20
-48.51434319386271
 10
128.81931311258785
 20
-48.51263426143065
 10
128.82516237808096
 20
-48.510781222736824
 10
128.8309644060386
 20
-48.508785193982455
 10
128.90950333862236
 20
-48.480683514532515
 10
128.9152546265633
 20
-48.478545700965576
 10
128.92095171782634
 20
-48.47626738778102
 10
128.92659118070583
 20
-48.473849947345904
 10
128.93216961820914
 20
-48.471294835832104
 10
128.95525751830235
 20
-48.460375075991784
 10
130.00458486025292
 20
-48.460375092776594
 10
130.08438473050273
 20
-48.54017496436996
 10
130.18393577641865
 20
-48.68550120454014
 10
130.25508713913118
 20
-48.84664440530665
 10
130.2960848329824
 20
-49.02095985751234
 10
130.30050011250367
 20
-49.084570017564126
 10
130.3005001125479
 20
-49.188935990497576
 10
130.3005754081699
 20
-49.19507130942907
 10
130.30080124967526
 20
-49.2012029326592
 10
130.301177501025
 20
-49.20732716671283
 10
130.30170393557844
 20
-49.2134403225658
 10
130.30238023622988
 20
-49.21953871786708
 10
130.30320599559946
 20
-49.225618679156874
 10
130.30418071627864
 20
-49.231676544079384
 10
130.30530381112982
 20
-49.2377086635889
 10
130.32425780541618
 20
-49.33299663438344
 10
130.32552857031027
 20
-49.33899925196255
 10
130.326946261363
 20
-49.34496887617988
 10
130.32851002464196
 20
-49.35090191129055
 10
130.3302189182296
 20
-49.356794783588775
 10
130.33207191279058
 20
-49.362643943560435
 10
130.3340678921917
 20
-49.36844586802111
 10
130.33620565417422
 20
-49.374197062238245
 10
130.33848391107813
 20
-49.379894062036115
 10
130.34090129061755
 20
-49.38553343588251
 10
130.34345633670756
 20
-49.39111178695563
 10
130.3461475103411
 20
-49.39662575519016
 10
130.34897319051595
 20
-49.40207201930114
 10
130.35193167521123
 20
-49.40744729878455
 10
130.35502118241263
 20
-49.41274835589325
 10
130.35823985118557
 20
-49.41797199758723
 10
130.36158574279636
 20
-49.42311507745691
 10
130.41556172631095
 20
-49.503897052698186
 10
130.41903301521918
 20
-49.50895674239387
 10
130.42262743393263
 20
-49.513929715409425
 10
130.42634281715561
 20
-49.518812976001236
 10
130.43017692672282
 20
-49.523603582468866
 10
130.43412745294765
 20
-49.5282986489272
 10
130.43819201601343
 20
-49.53289534704489
 10
130.44236816740724
 20
-49.53739090774819
 10
130.44665339139476
 20
-49.54178262288899
 10
132.05821737749608
 20
-51.15334660892256
 10
132.06260909266916
 20
-51.157631832940446
 10
132.0671046534062
 20
-51.16180798436303
 10
132.07170135155906
 20
-51.16587254745595
 10
132.07639641805392
 20
-51.169823073706176
 10
132.08118702455937
 20
-51.17365718329705
 10
132.0860702851902
 20
-51.17737256654189
 10
132.09104325824597
 20
-51.180966985275354
 10
132.09610294798296
 20
-51.184438274201725
 10
132.17688492329142
 20
-51.2384142575906
 10
132.18202800316598
 20
-51.24176014919388
 10
132.18725164486466
 20
-51.24497881795919
 10
132.19255270197783
 20
-51.24806832515282
 10
132.19792798146557
 20
-51.25102680984027
 10
132.20337424558065
 20
-51.25385249000716
 10
132.20888821381908
 20
-51.25654366363262
 10
132.21446656489593
 20
-51.259098709714486
 10
132.22010593874583
 20
-51.26151608924568
 10
132.22580293854702
 20
-51.26379434614125
 10
132.23155413276726
 20
-51.265932108115386
 10
132.23735605723084
 20
-51.267928087508025
 10
132.24320521720517
 20
-51.26978108206046
 10
132.24909808950588
 20
-51.27148997563951
 10
132.25503112461882
 20
-51.27305373890981
 10
132.2610007488382
 20
-51.27447142995381
 10
132.26700336641915
 20
-51.27574219483916
 10
132.36229133725516
 20
-51.294696188989235
 10
132.3683234567346
 20
-51.29581928382611
 10
132.37438132162654
 20
-51.296794004492504
 10
132.38046128288536
 20
-51.297619763850825
 10
132.38655967815535
 20
-51.298296064492554
 10
132.3926728339767
 20
-51.29882249903787
 10
132.3987970679985
 20
-51.29919875038103
 10
132.40492869119657
 20
-51.299424591881404
 10
132.4110640100959
 20
-51.29949988749999
 10
134.49126899689134
 20
-51.29949988748929
 10
134.49672196857253
 20
-51.299440410610984
 10
134.50217234564772
 20
-51.299262008276095
 10
134.5076175347455
 20
-51.29896476537115
 10
134.54011951838478
 20
-51.296834766386766
 10
134.5460519022461
 20
-51.29637503002327
 10
134.5519716645751
 20
-51.29577423906959
 10
134.55787545198848
 20
-51.29503273385735
 10
134.5637599201522
 20
-51.294150934428956
 10
134.56962173567615
 20
-51.29312934029965
 10
134.57545757800227
 20
-51.29196853017456
 10
134.58126414128563
 20
-51.290669161620826
 10
134.58703813626704
 20
-51.289231970695184
 10
134.59277629213636
 20
-51.28765777152695
 10
134.59847535838537
 20
-51.28594745585688
 10
134.60413210664902
 20
-51.28410199253197
 10
134.69613107532408
 20
-51.25287200306631
 10
134.70191661852698
 20
-51.25082852463035
 10
134.7076502692946
 20
-51.24864367608968
 10
134.71332857383004
 20
-51.24631877353824
 10
134.71894811167545
 20
-51.243855217434785
 10
134.72450549777244
 20
-51.2412544917592
 10
134.72999738450122
 20
-51.23851816311864
 10
134.735420463697
 20
-51.23564787980385
 10
134.7407714686428
 20
-51.23264537079625
 10
134.74604717603728
 20
-51.22951244472647
 10
134.75124440793627
 20
-51.22625098878485
 10
134.7563600336671
 20
-51.22286296758469
 10
134.76139097171455
 20
-51.21935042197878
 10
134.7663341915769
 20
-51.215715467830066
 10
134.77118671559157
 20
-51.21196029473711
 10
134.77594562072863
 20
-51.20808716471512
 10
134.78060804035172
 20
-51.20409841083339
 10
134.8536520103662
 20
-51.14003943700552
 10
134.85821496638582
 20
-51.13593761822297
 10
134.86267588744207
 20
-51.13172505744692
 10
134.86703208659807
 20
-51.127404292019925
 10
134.8712809399939
 20
-51.1229779244592
 10
134.87541988842696
 20
-51.11844862088907
 10
134.87944643889347
 20
-51.11381910943507
 10
134.88335816609003
 20
-51.109092178580745
 10
134.88715271387457
 20
-51.10427067548806
 10
134.89082779668536
 20
-51.09935750428244
 10
134.89438120091782
 20
-51.0943556243036
 10
134.89781078625768
 20
-51.089268048323
 10
134.90111448697033
 20
-51.08409784072918
 10
134.9042903131449
 20
-51.078848115682014
 10
134.90733635189295
 20
-51.07352203523694
 10
134.91025076850056
 20
-51.06812280744038
 10
134.91303180753357
 20
-51.062653684397446
 10
134.95600278984577
 20
-50.9755177200517
 10
134.95864888395573
 20
-50.96998176324625
 10
134.9611583201554
 20
-50.96438253457165
 10
134.96352958681513
 20
-50.958723406881006
 10
134.9657612555357
 20
-50.95300778910931
 10
134.9678519820086
 20
-50.947239124219905
 10
134.9698005068258
 20
-50.941420887130604
 10
134.97160565623852
 20
-50.93555658262041
 10
134.97326634286418
 20
-50.92964974321833
 10
134.9747815663414
 20
-50.923703927075465
 10
134.97615041393257
 20
-50.917722715821654
 10
134.97737206107388
 20
-50.91170971240799
 10
134.97844577187172
 20
-50.90566853893645
 10
134.97937089954615
 20
-50.89960283447806
 10
134.98014688682045
 20
-50.893516252880744
 10
134.98077326625682
 20
-50.8874124605684
 10
134.98124966053797
 20
-50.88129513433225
 10
134.9876036578411
 20
-50.78434817404279
 10
134.98792977857812
 20
-50.77822103350883
 10
134.9881054324447
 20
-50.772087734920206
 10
134.98813051363197
 20
-50.7659519728003
 10
134.98800500703177
 20
-50.75981744315644
 10
134.98772898824566
 20
-50.753687841253566
 10
134.98730262353945
 20
-50.74756685938827
 10
134.98672616974304
 20
-50.74145818466468
 10
134.98599997409565
 20
-50.73536549677346
 10
134.98512447403678
 20
-50.72929246577527
 10
134.98410019694256
 20
-50.72324274989002
 10
134.98292775980818
 20
-50.71721999329325
 10
134.98160786887618
 20
-50.71122782392101
 10
134.98014131921104
 20
-50.70526985128447
 10
134.97852899422028
 20
-50.69934966429569
 10
134.97677186512226
 20
-50.6934708291057
 10
134.97487099036127
 20
-50.68763688695643
 10
134.9436410030662
 20
-50.59563792467574
 10
134.94159752463278
 20
-50.58985238147979
 10
134.939412676095
 20
-50.58411873071897
 10
134.93708777354678
 20
-50.578440426190205
 10
134.93462421744687
 20
-50.572820888351316
 10
134.93202349177517
 20
-50.567263502260666
 10
134.9292871631388
 20
-50.56177161553806
 10
134.9264168798285
 20
-50.55634853634827
 10
134.92341437082572
 20
-50.550997531408235
 10
134.92028144476103
 20
-50.54572182401934
 10
134.9170199888248
 20
-50.540524592125706
 10
134.91363196763032
 20
-50.53540896639998
 10
134.91011942203033
 20
-50.5303780283574
 10
134.90648446788785
 20
-50.525434808499654
 10
134.90272929480133
 20
-50.52058228448936
 10
134.89885616478605
 20
-50.51582337935636
 10
134.89486741091127
 20
-50.51116095973706
 10
134.83080843048762
 20
-50.438116982131966
 10
134.82670668859788
 20
-50.43355410956246
 10
134.82249420876414
 20
-50.42909326813218
 10
134.8181735281864
 20
-50.42473714463064
 10
134.81374724923447
 20
-50.42048836277517
 10
134.8092180378807
 20
-50.41634948163063
 10
134.8045886220942
 20
-50.41232299406807
 10
134.79986179019778
 20
-50.408411325263266
 10
134.79504038918844
 20
-50.40461683123601
 10
134.59120710788383
 20
-50.248209876396736
 10
134.49309962245303
 20
-50.15010239102654
 10
134.48870790728523
 20
-50.14581716701613
 10
134.4842123465538
 20
-50.14164101560071
 10
134.47961564840685
 20
-50.137576452514665
 10
134.47492058191824
 20
-50.13362592627099
 10
134.47012997541933
 20
-50.12979181668633
 10
134.4652467147953
 20
-50.12607643344737
 10
134.46027374174665
 20
-50.12248201471944
 10
134.455214052017
 20
-50.119010725798255
 10
134.37443207670853
 20
-50.06503474240939
 10
134.36928899683397
 20
-50.06168885080611
 10
134.36406535513532
 20
-50.0584701820408
 10
134.35876429802212
 20
-50.055380674847164
 10
134.35338901853441
 20
-50.05242219015972
 10
134.3479427544193
 20
-50.04959650999283
 10
134.34242878618088
 20
-50.046905336367374
 10
134.33685043510405
 20
-50.04435029028551
 10
134.33121106125412
 20
-50.04193291075431
 10
134.32551406145296
 20
-50.03965465385874
 10
134.31976286723273
 20
-50.03751689188461
 10
134.31396094276914
 20
-50.035520912491975
 10
134.3081117827948
 20
-50.03366791793954
 10
134.3022189104941
 20
-50.03195902436049
 10
134.29628587538116
 20
-50.03039526109019
 10
134.29031625116178
 20
-50.02897757004619
 10
134.28431363358084
 20
-50.02770680516085
 10
134.18902566274483
 20
-50.008752811010766
 10
134.18299359842737
 20
-50.00762972574542
 10
134.17693578913395
 20
-50.00665501193731
 10
134.17085588381013
 20
-50.0058292567092
 10
134.16475754471116
 20
-50.00515295745802
 10
134.1586444451959
 20
-50.00462652155534
 10
134.1525202675142
 20
-50.004250266101906
 10
134.14638870058894
 20
-50.00402441773671
 10
134.14025343779386
 20
-50.0039491125004
 10
134.01456040680188
 20
-50.003948887314536
 10
134.1739489000945
 20
-50.00394888725428
 10
134.18008420691748
 20
-50.0038735919298
 10
134.18621581806102
 20
-50.00364775131609
 10
134.19234004007177
 20
-50.00327150145108
 10
134.19845318394746
 20
-50.00274506897363
 10
134.20455156735878
 20
-50.00206877098698
 10
134.21063151686758
 20
-50.00124301486774
 10
134.21668937013965
 20
-50.00026829802052
 10
134.22272147815067
 20
-49.999145207578316
 10
134.22872420738437
 20
-49.997874420048795
 10
134.23469394202107
 20
-49.99645670090686
 10
134.2406270861159
 20
-49.99489290413351
 10
134.24652006576466
 20
-49.99318397170144
 10
134.25236933125677
 20
-49.991330933007646
 10
134.25817135921346
 20
-49.989334904253354
 10
134.26392265471003
 20
-49.98719708777164
 10
134.26961975338108
 20
-49.98491877130323
 10
134.27525922350745
 20
-49.98250132722075
 10
134.2808376680832
 20
-49.97994621170214
 10
134.2863517268619
 20
-49.97725496385343
 10
134.29179807838074
 20
-49.97442920478171
 10
134.2971734419612
 20
-49.97147063661856
 10
134.30247457968528
 20
-49.96838104149484
 10
134.3076982983458
 20
-49.9651622804671
 10
134.31284145137002
 20
-49.961816292396634
 10
134.31790094071482
 20
-49.95834509278154
 10
134.32287371873306
 20
-49.954750772542674
 10
134.32775679000918
 20
-49.95103549676414
 10
134.33254721316362
 20
-49.94720150338915
 10
134.33724210262463
 20
-49.943251101871944
 10
134.3418386303663
 20
-49.939186671786686
 10
134.34633402761227
 20
-49.935010661394074
 10
134.35072558650327
 20
-49.93072558616662
 10
134.35501066172847
 20
-49.92633402727341
 10
134.35918667211877
 20
-49.921838630025306
 10
134.36325110220167
 20
-49.91724210228153
 10
134.36720150371644
 20
-49.912547212818495
 10
134.37103549708897
 20
-49.90775678966207
 10
134.37475077286499
 20
-49.90287371838405
 10
134.3783450931013
 20
-49.897900940363975
 10
134.3818162927138
 20
-49.892841451017375
 10
134.3851622807816
 20
-49.88769829799144
 10
134.38838104180667
 20
-49.88247457932925
 10
134.39147063692766
 20
-49.87717344160359
 10
134.39442920508804
 20
-49.871798078021605
 10
134.39725496415696
 20
-49.86635172650132
 10
134.39994621200285
 20
-49.860837667721235
 10
134.4025013275186
 20
-49.855259223144174
 10
134.40491877159815
 20
-49.84961975301656
 10
134.40719708806364
 20
-49.84392265434432
 10
134.4093349045424
 20
-49.83817135884667
 10
134.4113309332937
 20
-49.83236933088896
 10
134.4131839719845
 20
-49.826520065395876
 10
134.41489290441353
 20
-49.82062708574623
 10
134.41645670118382
 20
-49.81469394165062
 10
134.41787442032268
 20
-49.80872420701318
 10
134.4191452078491
 20
-49.80272147777884
 10
134.42026829828822
 20
-49.79668936976723
 10
134.42124301513232
 20
-49.79063151649466
 10
134.42206877124843
 20
-49.78455156698543
 10
134.42274506923195
 20
-49.77845318357377
 10
134.42327150170627
 20
-49.772340039697816
 10
134.42364775156813
 20
-49.76621581768685
 10
134.42387359217867
 20
-49.76008420654321
 10
134.4239488875
 20
-49.753948899720186
 10
134.42394888725448
 20
-47.953949099965904
 10
134.4238735919477
 20
-47.94781379380334
 10
134.4236477513841
 20
-47.941682183319024
 10
134.42327150160153
 20
-47.93555796196503
 10
134.42274506923877
 20
-47.92944481874251
 10
134.42206877139893
 20
-47.92334643597957
 10
134.42124301545843
 20
-47.917266487113146
 10
134.42026829882167
 20
-47.91120863447631
 10
134.4191452086214
 20
-47.90517652709218
 10
134.41787442136498
 20
-47.89917379847592
 10
134.416456702527
 20
-47.893204064445996
 10
134.41489290608806
 20
-47.8872709209462
 10
134.41318397402048
 20
-47.88137794187955
 10
134.41133093572083
 20
-47.87552867695551
 10
134.40933490738982
 20
-47.8697266495518
 10
134.40719709136005
 20
-47.86397535459202
 10
134.40491877537164
 20
-47.85827825644045
 10
134.4025013317967
 20
-47.852638786815255
 10
134.3999462168125
 20
-47.84706034272132
 10
134.39725496952445
 20
-47.84154628440406
 10
134.39442921103893
 20
-47.83609993332531
 10
134.3914706434868
 20
-47.83072457016259
 10
134.38838104899818
 20
-47.82542343283297
 10
134.38516228862883
 20
-47.820199714542674
 10
134.38181630123927
 20
-47.8150565618636
 10
134.37834510232668
 20
-47.80999707283793
 10
134.37475078281108
 20
-47.805024295112005
 10
134.37103550777567
 20
-47.80014122410055
 10
134.36720151516275
 20
-47.79535080118231
 10
134.3632511144256
 20
-47.790655911928305
 10
134.35918668513736
 20
-47.78605938436366
 10
134.35501067555776
 20
-47.78156398726411
 10
134.35072560115827
 20
-47.77717242848818
 10
134.34633404310694
 20
-47.7728873533461
 10
134.3418386467135
 20
-47.76871134300636
 10
134.33724211983613
 20
-47.764646912940876
 10
134.33254723125012
 20
-47.76069651140983
 10
134.32775680898018
 20
-47.75686251798687
 10
134.32287373859697
 20
-47.75314724212577
 10
134.3179009614788
 20
-47.74955292176931
 10
134.31284147304012
 20
-47.74608172200119
 10
134.30769832092682
 20
-47.74273573374193
 10
134.3024746031808
 20
-47.739516972489284
 10
134.29717346637364
 20
-47.73642737710427
 10
134.2917981037112
 20
-47.73346880864321
 10
134.28635175311024
 20
-47.73064304923674
 10
134.28083769524807
 20
-47.72795180101629
 10
134.2752592515862
 20
-47.7253966850888
 10
134.26961978236977
 20
-47.72297924056026
 10
134.26392268460344
 20
-47.72070092360851
 10
134.25817139000515
 20
-47.71856310660622
 10
134.25236936293896
 20
-47.71656707729412
 10
134.24652009832826
 20
-47.71471403800539
 10
134.2406271195506
 20
-47.713005104941345
 10
134.2346939763152
 20
-47.71144130749916
 10
134.22872424252503
 20
-47.71002358765172
 10
134.22272151412363
 20
-47.70875279938028
 10
134.21668940692942
 20
-47.70762970816
 10
134.21063155445742
 20
-47.70665499049889
 10
134.20455160573061
 20
-47.70582923353031
 10
134.19845322308203
 20
-47.70515293465925
 10
134.19234007994854
 20
-47.7046265012628
 10
134.18621585865816
 20
-47.70425025044467
 10
134.180084248212
 20
-47.704024408844234
 10
134.1739489420622
 20
-47.703949112500005
 10
133.7739494395718
 20
-47.703948887480564
 10
134.14025299041103
 20
-47.70394888745209
 10
134.14638837208634
 20
-47.70387359029193
 10
134.15252005794693
 20
-47.70364774416967
 10
134.15864435440437
 20
-47.70327148512991
 10
134.16475757232152
 20
-47.70274503982255
 10
134.17085602923456
 20
-47.7020687253663
 10
134.17693605157143
 20
-47.701242949157646
 10
134.1829939768647
 20
-47.700268208625424
 10
134.1890261559576
 20
-47.69914509093122
 10
134.28431312675215
 20
-47.6801910966449
 10
134.29031571116593
 20
-47.67892032657174
 10
134.29628530227876
 20
-47.67750263190464
 10
134.30221830440243
 20
-47.6759388665694
 10
134.30811114388763
 20
-47.674229972475196
 10
134.31396027127624
 20
-47.67237697894716
 10
134.31976216343955
 20
-47.67038100210646
 10
134.32551332570017
 20
-47.66824324419795
 10
134.3312102939371
 20
-47.665964992866094
 10
134.33684963667213
 20
-47.6635476203793
 10
134.34242795713703
 20
-47.660992582803395
 10
134.34794189531925
 20
-47.6583014191246
 10
134.3533881299859
 20
-47.6554757503225
 10
134.35876338068422
 20
-47.652517278393724
 10
134.36406440971757
 20
-47.64942778532673
 10
134.36928802409548
 20
-47.64620913202848
 10
134.374431077457
 20
-47.64286325720356
 10
134.45521305269855
 20
-47.58888727368869
 10
134.46027274223874
 20
-47.58541598488996
 10
134.46524571510426
 20
-47.58182156629359
 10
134.4701289755518
 20
-47.57810618319505
 10
134.47491958188115
 20
-47.574272073759424
 10
134.47961464820747
 20
-47.570321547673124
 10
134.48421134619971
 20
-47.566256984752535
 10
134.48870690678433
 20
-47.56208083351038
 10
134.49309862181346
 20
-47.55779560968074
 10
134.59120905078368
 20
-47.459685181900454
 10
134.59373078528463
 20
-47.457750097527246
 10
134.78367345065647
 20
-47.31200414628635
 10
134.99373794041819
 20
-47.190724764669554
 10
135.0592709061142
 20
-47.16357932725465
 10
135.21785079523698
 20
-47.09789355339455
 10
135.452163576023
 20
-47.035110436273555
 10
135.69266061516092
 20
-47.00344888755599
 10
135.93523718352162
 20
-47.00344888838503
 10
136.17573793267832
 20
-47.035111344216766
 10
136.31070461126743
 20
-47.071275439926055
 10
136.4100488453296
 20
-47.09789449578816
 10
136.63416785013735
 20
-47.190728784195294
 10
136.84423748687388
 20
-47.312013276185645
 10
137.03668714823513
 20
-47.45968437980859
 10
137.20821314109313
 20
-47.631210373839075
 10
137.35588912293315
 20
-47.82366858363794
 10
137.43348334288288
 20
-47.95806597674136
 10
137.4771729920108
 20
-48.03373783499595
 10
137.49474212987542
 20
-48.07615359538177
 10
137.49715949294057
 20
-48.081792896555484
 10
137.49971451914246
 20
-48.08737117613115
 10
137.50240566952274
 20
-48.092885074166766
 10
137.50523132313205
 20
-48.09833126949901
 10
137.50818977800608
 20
-48.10370648174364
 10
137.51127925219103
 20
-48.109007473271376
 10
137.51449788481673
 20
-48.11423105115798
 10
137.51784373721753
 20
-48.11937406910746
 10
137.57181972631096
 20
-48.20015605269818
 10
137.575291015221
 20
-48.20521574239644
 10
137.5788854339364
 20
-48.21018871541448
 10
137.58260081716145
 20
-48.21507197600867
 10
137.58643492673082
 20
-48.21986258247859
 10
137.59038545295792
 20
-48.224557648939104
 10
137.59445001602612
 20
-48.22915434705888
 10
137.59862616742245
 20
-48.23364990776414
 10
137.60291139141256
 20
-48.23804162290679
 10
138.61203621356373
 20
-49.24716644481225
 10
138.6120775575954
 20
-49.247206789319016
 10
138.78125131045928
 20
-49.416381479113326
 10
138.91694642635957
 20
-49.59322409655729
 10
139.02840665661915
 20
-49.78627908258284
 10
139.09912055156911
 20
-49.95699861356199
 10
139.11370969913688
 20
-49.99221958707069
 10
139.17140372861806
 20
-50.207537342039444
 10
139.20050011247847
 20
-50.42854310188979
 10
139.20050011158048
 20
-51.111456911216706
 10
139.17140372617075
 20
-51.332462670263745
 10
139.11370954084347
 20
-51.54778100052028
 10
139.02840478702677
 20
-51.75372564155114
 10
138.9169478068541
 20
-51.94677429427252
 10
138.7812469505643
 20
-52.12362280206817
 10
136.62360971508187
 20
-54.28125708163276
 10
136.44677431583892
 20
-54.416947795350055
 10
136.25372563030004
 20
-54.528404792575195
 10
136.0477809886416
 20
-54.613709544875746
 10
135.83246265796043
 20
-54.67140372861805
 10
135.6114568979741
 20
-54.70050011249638
 10
131.38854260186372
 20
-54.70050011156259
 10
131.16753718671976
 20
-54.67140464325572
 10
130.98483816312972
 20
-54.622450231679856
 10
130.9522169726421
 20
-54.613709637206576
 10
130.74627498290096
 20
-54.52840510977061
 10
130.73353712660628
 20
-54.52105085205398
 10
130.55323047887723
 20
-54.41695055740687
 10
130.47814999274468
 20
-54.35933975971363
 10
130.37637650273044
 20
-54.281247266297804
 10
128.04178266017854
 20
-51.94665242875202
 10
128.03739087682015
 20
-51.94236713801098
 10
128.03289524468704
 20
-51.93819092327441
 10
128.02829847205456
 20
-51.93412630039305
 10
128.02360332812756
 20
-51.93017571799208
 10
128.018812641372
 20
-51.92634155599599
 10
128.01392929781113
 20
-51.92262612419485
 10
128.0089562392869
 20
-51.91903166085285
 10
128.00389646168767
 20
-51.91556033135993
 10
127.92311548637929
 20
-51.86158534797097
 10
127.9179724344922
 20
-51.85823949471312
 10
127.9127488222849
 20
-51.85502086266768
 10
127.90744779610367
 20
-51.85193139051821
 10
127.90207254892374
 20
-51.8489729391512
 10
127.89662631842594
 20
-51.846147290535185
 10
127.89111238504663
 20
-51.843456146647405
 10
127.8855340700017
 20
-51.84090112844867
 10
127.87989473328618
 20
-51.838483774907004
 10
127.87419777165039
 20
-51.83620554207065
 10
127.86844661655392
 20
-51.83406780219107
 10
127.86264473209881
 20
-51.83207184289641
 10
127.856795612943
 20
-51.83021886641587
 10
127.85090278219536
 20
-51.8285099888556
 10
127.84496978929364
 20
-51.82694623952644
 10
127.83900020786652
 20
-51.82552856032392
 10
127.8329976335811
 20
-51.8242578051609
 10
127.73770966274475
 20
-51.80530381101076
 10
127.7316775433374
 20
-51.80418071618639
 10
127.7256196785181
 20
-51.803205995528955
 10
127.71953971733235
 20
-51.802380236176035
 10
127.7134413221358
 20
-51.801703935536125
 10
127.70732816638801
 20
-51.801177500989034
 10
127.70120393243985
 20
-51.80080124964051
 10
127.6950723093153
 20
-51.80057540813115
 10
127.68893699048927
 20
-51.8005001125
 10
127.58457098267408
 20
-51.80050011225621
 10
127.52095158767453
 20
-51.79608369498199
 10
127.34664117176636
 20
-51.7550860046609
 10
127.2816001301614
 20
-51.72636760240482
 10
127.18550133183294
 20
-51.683935865414014
 10
127.0401749520054
 20
-51.58438472023536
 10
126.9156152694972
 20
-51.459825035630026
 10
126.8160638814325
 20
-51.31449829598554
 10
126.80098813065716
 20
-51.28035526528307
 10
126.74491269025687
 20
-51.153357025123064
 10
126.70391448776684
 20
-50.979040614899226
 10
126.69949988750041
 20
-50.91543032952182
 10
126.69949988758357
 20
-49.0845713994863
  0
LWPOLYLINE
  5
37
330
17
100
AcDbEntity
  8
0
100
AcDbPolyline
 90
17
 70
0
 10
132.1239491125
 20
-49.65957828484318
 10
132.1239491125
 20
-49.7539489
 10
132.12402440780593
 20
-49.7600842061631
 10
132.12425024836875
 20
-49.766215816647986
 10
132.12462649815055
 20
-49.772340038002554
 10
132.12515293051254
 20
-49.77845318122567
 10
132.12582922835168
 20
-49.78455156398923
 10
132.1266549842915
 20
-49.79063151285629
 10
132.1276297009276
 20
-49.79668936549377
 10
132.12875279112725
 20
-49.80272147287855
 10
132.13002357838306
 20
-49.80872420149549
 10
132.13144129722048
 20
-49.814693935526094
 10
132.13161671137124
 20
-49.81535946801031
 10
132.12908635394678
 20
-49.81282911045054
 10
132.12556112386577
 20
-49.803377182968774
 10
132.12394890870218
 20
-49.788381137330596
 10
132.1239491125
 20
-49.65957828484318
  0
LWPOLYLINE
  5
38
330
17
100
AcDbEntity
  8
0
100
AcDbPolyline
 90
16
 70
0
 10
132.3125385194175
 20
-49.99628128573155
 10
132.31320402343408
 20
-49.99645669249955
 10
132.31917375722477
 20
-49.99787441234723
 10
132.32517648562666
 20
-49.99914520061889
 10
132.33120859282135
 20
-50.00026829183936
 10
132.3372664452939
 20
-50.00124300950064
 10
132.3433463940212
 20
-50.002068766469364
 10
132.3494447766703
 20
-50.002745065340534
 10
132.35555791980434
 20
-50.00327149873708
 10
132.36168214109526
 20
-50.00364774955528
 10
132.36781375154192
 20
-50.00387359115575
 10
132.37389143667082
 20
-50.0039481803385
 10
132.33951697352532
 20
-50.00394813104657
 10
132.32451681828746
 20
-50.00233538364064
 10
132.31506855672427
 20
-49.99881132317362
 10
132.3125385194175
 20
-49.99628128573155
  0
LWPOLYLINE
  5
39
330
17
100
AcDbEntity
  8
0
100
AcDbPolyline
 90
44
 70
0
 10
128.1607322539719
 20
-46.41362596394379
 10
128.24241815424202
 20
-46.38708487793776
 10
128.41341920404116
 20
-46.3599998876254
 10
128.5865798099806
 20
-46.359999888728986
 10
128.75758044201916
 20
-46.387084815106334
 10
128.83926557643306
 20
-46.413625956873354
 10
128.8388538404319
 20
-46.41403769080438
 10
128.83096440543386
 20
-46.4112148058267
 10
128.82516237747504
 20
-46.409218777075665
 10
128.81931311198082
 20
-46.4073657383852
 10
128.81342013233007
 20
-46.40565680595653
 10
128.80748698823334
 20
-46.40409300918666
 10
128.7265717958068
 20
-46.38382480862726
 10
128.7206020611683
 20
-46.38240708948887
 10
128.7145993319329
 20
-46.381136301962975
 10
128.70856722392026
 20
-46.38001321152444
 10
128.70250937064665
 20
-46.37903849468097
 10
128.61999717592988
 20
-46.36679896681801
 10
128.6139172264196
 20
-46.36597321070257
 10
128.6078188430069
 20
-46.36529691271977
 10
128.60170569912992
 20
-46.36477048024623
 10
128.59558147711795
 20
-46.36439423038519
 10
128.51226691765132
 20
-46.36030124856275
 10
128.5061353065067
 20
-46.360075407953055
 10
128.49999999968273
 20
-46.36000011263264
 10
128.49386469285878
 20
-46.36007540795659
 10
128.4877330817143
 20
-46.360301248569826
 10
128.40441852225013
 20
-46.36439423044032
 10
128.39829430023838
 20
-46.36477048030489
 10
128.3921811563617
 20
-46.36529691278196
 10
128.38608277294938
 20
-46.365973210768274
 10
128.38000282343958
 20
-46.366798966887224
 10
128.2974906287296
 20
-46.37903849479782
 10
128.29143277545654
 20
-46.38001321164479
 10
128.28540066744452
 20
-46.3811363020868
 10
128.27939793820985
 20
-46.382407089616166
 10
128.27342820357217
 20
-46.383824808758
 10
128.19251301115767
 20
-46.404093009364004
 10
128.18657986706188
 20
-46.405656806137294
 10
128.18068688741215
 20
-46.407365738569354
 10
128.17483762191904
 20
-46.40921877726318
 10
128.1690355939614
 20
-46.41121480601755
 10
128.16114455480266
 20
-46.41403826497823
 10
128.1607322539719
 20
-46.41362596394379
  0
LWPOLYLINE
  5
3A
330
17
100
AcDbEntity
  8
0
100
AcDbPolyline
 90
578
 70
0
 10
127.6500000823478
 20
-51.1999998825
 10
128.14383455958293
 20
-51.19999990740648
 10
130.72191732444338
 20
-53.778082672258776
 10
130.72806550693454
 20
-53.7840817776158
 10
130.73435906312454
 20
-53.78992819220191
 10
130.7889214617411
 20
-53.83938066769042
 10
130.7953566005838
 20
-53.84507086980682
 10
130.80192944583348
 20
-53.85060143192781
 10
130.80863603825392
 20
-53.85596902264956
 10
130.81547233804466
 20
-53.86117040873614
 10
130.8746191919553
 20
-53.90503670521931
 10
130.88158108118498
 20
-53.91006875355028
 10
130.8886643662718
 20
-53.91492843300783
 10
130.8958647805097
 20
-53.919612816302774
 10
130.90317798663838
 20
-53.924119081737786
 10
130.9663396812187
 20
-53.96197674453343
 10
130.97376127403624
 20
-53.96630217770268
 10
130.9812867830526
 20
-53.970444173126985
 10
130.98891167518264
 20
-53.9744002358232
 10
130.9966313574764
 20
-53.97816798280706
 10
131.06319961108045
 20
-54.00965242192777
 10
131.07100943348996
 20
-54.01322958364938
 10
131.07890469167026
 20
-54.01661400536028
 10
131.086880629813
 20
-54.0198036484114
 10
131.09493244351134
 20
-54.02279659148102
 10
131.16426616746693
 20
-54.04760459456684
 10
131.17238900660942
 20
-54.050399034817985
 10
131.18057797830141
 20
-54.052993288984325
 10
131.1888281498126
 20
-54.05538579438415
 10
131.19713455154812
 20
-54.057575109861666
 10
131.26856602419193
 20
-54.07546776228138
 10
131.2769236526859
 20
-54.077452569074794
 10
131.2853274736155
 20
-54.07923167161073
 10
131.29377242483326
 20
-54.08080399822434
 10
131.30225341941636
 20
-54.08216860180488
 10
131.37509471661795
 20
-54.092973587534544
 10
131.38360664591113
 20
-54.094129646093215
 10
131.39214438266754
 20
-54.095076463267226
 10
131.40070278407387
 20
-54.095813468729325
 10
131.40927669486913
 20
-54.09634021853498
 10
131.48282631745008
 20
-54.09995347978809
 10
131.49141057303845
 20
-54.10026965664309
 10
131.50000000257796
 20
-54.1003750700938
 10
135.49999999766823
 20
-54.10037507008778
 10
135.50858942727865
 20
-54.10026965663531
 10
135.5171736829378
 20
-54.09995347977506
 10
135.59072330576151
 20
-54.09634021847992
 10
135.59929721657795
 20
-54.09581346866918
 10
135.60785561800526
 20
-54.09507646320096
 10
135.61639335478247
 20
-54.09412964601979
 10
135.62490528409617
 20
-54.09297358745293
 10
135.69774658129097
 20
-54.08216860167563
 10
135.70622757587319
 20
-54.08080399808955
 10
135.71467252708996
 20
-54.07923167147041
 10
135.72307634801842
 20
-54.077452568928976
 10
135.7314339765111
 20
-54.0754677621301
 10
135.80286544914287
 20
-54.05757510966379
 10
135.8111718508769
 20
-54.05538579418085
 10
135.81942202238645
 20
-54.05299328877565
 10
135.82761099407668
 20
-54.050399034603984
 10
135.8357338332173
 20
-54.047604594347554
 10
135.90506755715657
 20
-54.0227965912165
 10
135.91311937085297
 20
-54.01980364814161
 10
135.92109530899367
 20
-54.01661400508527
 10
135.92899056717178
 20
-54.013229583369196
 10
135.936800389579
 20
-54.00965242164247
 10
136.00336864316267
 20
-53.978167982478176
 10
136.01108832545395
 20
-53.97440023548927
 10
136.0187132175814
 20
-53.970444172788085
 10
136.0262387265951
 20
-53.966302177358855
 10
136.0336603194098
 20
-53.96197674418476
 10
136.0968220139657
 20
-53.924119081347655
 10
136.10413522009145
 20
-53.919612815907854
 10
136.11133563432634
 20
-53.914928432608185
 10
136.11841891941
 20
-53.910068753145985
 10
136.1253808086364
 20
-53.905036704810456
 10
136.1845276625182
 20
-53.86117040828876
 10
136.19136396228862
 20
-53.855969022210886
 10
136.19807055468934
 20
-53.850601431498745
 10
136.20464339991986
 20
-53.845070869388266
 10
136.211078538744
 20
-53.83938066728324
 10
136.26564093715888
 20
-53.789928191936895
 10
136.27193449329516
 20
-53.784081777397084
 10
136.27808267573496
 20
-53.77808267208892
 10
138.27808267225944
 20
-51.77808267555591
 10
138.28408177761634
 20
-51.77193449306485
 10
138.28992819220235
 20
-51.76564093687497
 10
138.3393806676905
 20
-51.71107853825885
 10
138.34507086980696
 20
-51.70464339941608
 10
138.350601431928
 20
-51.69807055416633
 10
138.35596902264982
 20
-51.6913639617458
 10
138.36117040873646
 20
-51.68452766195501
 10
138.40503670521952
 20
-51.62538080804442
 10
138.41006875355043
 20
-51.61841891881478
 10
138.41492843300796
 20
-51.611335633728
 10
138.41961281630287
 20
-51.60413521949013
 10
138.42411908173787
 20
-51.59682201336149
 10
138.46197674453333
 20
-51.53366031878147
 10
138.46630217770257
 20
-51.52623872596395
 10
138.47044417312688
 20
-51.51871321694757
 10
138.47440023582308
 20
-51.51108832481755
 10
138.47816798280692
 20
-51.50336864252381
 10
138.50965242192797
 20
-51.436800388919046
 10
138.51322958364963
 20
-51.428990566509434
 10
138.51661400536057
 20
-51.421095308329036
 10
138.51980364841174
 20
-51.413119370186166
 10
138.52279659148138
 20
-51.40506755648772
 10
138.54760459456716
 20
-51.335733832531965
 10
138.55039903481824
 20
-51.327610993389634
 10
138.5529932889845
 20
-51.3194220216978
 10
138.5553857943843
 20
-51.31117185018679
 10
138.55757510986177
 20
-51.302865448451435
 10
138.57546776228128
 20
-51.23143397580864
 10
138.57745256907472
 20
-51.22307634731461
 10
138.57923167161067
 20
-51.21467252638494
 10
138.5808039982243
 20
-51.206227575167105
 10
138.58216860180485
 20
-51.19774658058395
 10
138.59297358753454
 20
-51.12490528338209
 10
138.5941296460932
 20
-51.11639335408892
 10
138.59507646326722
 20
-51.1078556173325
 10
138.59581346872932
 20
-51.09929721592617
 10
138.59634021853498
 20
-51.0907233051309
 10
138.5999534797881
 20
-51.01717368254952
 10
138.60026965664315
 20
-51.008589426959155
 10
138.6003750700938
 20
-50.99999999741764
 10
138.60037507008778
 20
-50.54000000232753
 10
138.60026965663525
 20
-50.53141057271908
 10
138.59995347977505
 20
-50.52282631706192
 10
138.5963402184799
 20
-50.44927669423835
 10
138.59581346866915
 20
-50.440702783421976
 10
138.59507646320094
 20
-50.432144381994725
 10
138.59412964601978
 20
-50.42360664521759
 10
138.59297358745295
 20
-50.41509471590396
 10
138.58216860167573
 20
-50.34225341870948
 10
138.58080399808964
 20
-50.333772424127176
 10
138.57923167147047
 20
-50.32532747291032
 10
138.57745256892903
 20
-50.31692365198176
 10
138.5754677621301
 20
-50.30856602348898
 10
138.55757510966356
 20
-50.23713455085648
 10
138.55538579418064
 20
-50.228828149122485
 10
138.55299328877544
 20
-50.22057797761297
 10
138.5503990346038
 20
-50.21238900592276
 10
138.54760459434738
 20
-50.20426616678218
 10
138.52279659121635
 20
-50.134932442843024
 10
138.51980364814145
 20
-50.126880629146584
 10
138.51661400508507
 20
-50.11890469100584
 10
138.513229583369
 20
-50.1110094328277
 10
138.50965242164224
 20
-50.10319961042046
 10
138.478167982478
 20
-50.03663135683699
 10
138.4744002354891
 20
-50.02891167454575
 10
138.47044417278795
 20
-50.02128678241836
 10
138.46630217735873
 20
-50.01376127340472
 10
138.46197674418465
 20
-50.00633968059007
 10
138.4241190813476
 20
-49.94317798603428
 10
138.4196128159078
 20
-49.93586477990851
 10
138.41492843260815
 20
-49.92866436567365
 10
138.41006875314596
 20
-49.92158108058998
 10
138.40503670481044
 20
-49.91461919136357
 10
138.3611704082887
 20
-49.855472337481714
 10
138.35596902221081
 20
-49.84863603771127
 10
138.35060143149866
 20
-49.841929445310555
 10
138.34507086938817
 20
-49.83535660008002
 10
138.3393806672831
 20
-49.82892146125585
 10
138.28992819193644
 20
-49.774359062840645
 10
138.28408177839725
 20
-49.76806550775535
 10
138.27808267414068
 20
-49.761917326316784
 10
137.01129479443205
 20
-48.49512942560532
 10
137.01012430699816
 20
-48.491093187250364
 10
137.00753005282726
 20
-48.48290421556111
 10
137.00473561257164
 20
-48.47478137642147
 10
136.97498089296067
 20
-48.391622506082314
 10
136.9719879498862
 20
-48.383570692385724
 10
136.9687983068303
 20
-48.37559475424483
 10
136.96541388511463
 20
-48.36769949606652
 10
136.96183672338833
 20
-48.359889673659104
 10
136.92407428622133
 20
-48.280047708537744
 10
136.92030653923285
 20
-48.272328026246285
 10
136.91635047653207
 20
-48.26470313411866
 10
136.91220848110328
 20
-48.25717762510478
 10
136.9078830479296
 20
-48.24975603228988
 10
136.86247656611962
 20
-48.17399989415655
 10
136.85797030068022
 20
-48.166686688030545
 10
136.85328591738096
 20
-48.15948627379542
 10
136.84842623791914
 20
-48.15240298871149
 10
136.843394189584
 20
-48.14544109948482
 10
136.79078095237244
 20
-48.07450036136225
 10
136.78557956628177
 20
-48.06766406157466
 10
136.780211975556
 20
-48.06095746915744
 10
136.7746814134311
 20
-48.05438462391109
 10
136.76899121131086
 20
-48.047949485071804
 10
136.70967791293384
 20
-47.9825073450486
 10
136.7038314983832
 20
-47.97621378890333
 10
136.69783239306375
 20
-47.97006560645504
 10
136.69168421061218
 20
-47.96406650113892
 10
136.68539065446373
 20
-47.95822008659171
 10
136.6199485144078
 20
-47.89890678824995
 10
136.6135133755654
 20
-47.8932165861332
 10
136.606940530316
 20
-47.88768602401184
 10
136.6002339378958
 20
-47.8823184332897
 10
136.59339763810536
 20
-47.877117047202724
 10
136.522456899954
 20
-47.82450381002977
 10
136.5154950107246
 20
-47.81947176169843
 10
136.50841172563804
 20
-47.814612082240494
 10
136.50121131140037
 20
-47.80992769894516
 10
136.49389810527194
 20
-47.80542143350976
 10
136.41814196711408
 20
-47.76001495174118
 10
136.4107203742968
 20
-47.75568951857152
 10
136.40319486528062
 20
-47.75154752314681
 10
136.39556997315083
 20
-47.747591460450195
 10
136.3878502908573
 20
-47.743823713465915
 10
136.30800832571535
 20
-47.70606127634243
 10
136.30019850330604
 20
-47.70248411462039
 10
136.2923032451259
 20
-47.69909969290905
 10
136.28432730698333
 20
-47.6959100498575
 10
136.27627549328514
 20
-47.69291710678745
 10
136.19311662292955
 20
-47.663162387221696
 10
136.18499378378723
 20
-47.66036794697011
 10
136.17680481209536
 20
-47.657773692803325
 10
136.16855464058432
 20
-47.65538118740306
 10
136.16024823884894
 20
-47.65319187192509
 10
136.07457332866045
 20
-47.63173142413214
 10
136.0662157001666
 20
-47.62974661733828
 10
136.05781187923708
 20
-47.62796751480189
 10
136.04936692801942
 20
-47.626395188187814
 10
136.0408859334364
 20
-47.62503058460681
 10
135.95352007963533
 20
-47.6120710844304
 10
135.94500815032092
 20
-47.61091502586864
 10
135.93647041354316
 20
-47.609968208692585
 10
135.92791201211537
 20
-47.60923120322949
 10
135.91933810129862
 20
-47.60870445342389
 10
135.8311226848155
 20
-47.60437070793507
 10
135.82253842921307
 20
-47.60405453108136
 10
135.81394899965952
 20
-47.60394911763264
 10
135.80535957010602
 20
-47.604054531086035
 10
135.79677531450375
 20
-47.604370707944426
 10
135.70855989802308
 20
-47.6087044534813
 10
135.69998598720662
 20
-47.60923120329157
 10
135.69142758577922
 20
-47.60996820875933
 10
135.68288984900195
 20
-47.61091502594003
 10
135.6743779196882
 20
-47.61207108450643
 10
135.5870120658939
 20
-47.62503058473048
 10
135.57853107131163
 20
-47.6263951883161
 10
135.5700861200948
 20
-47.62796751493478
 10
135.56168229916622
 20
-47.62974661747575
 10
135.55332467067345
 20
-47.63173142427418
 10
135.467649760497
 20
-47.65319187211373
 10
135.45934335876285
 20
-47.65538118759621
 10
135.45109318725318
 20
-47.65777369300096
 10
135.44290421556278
 20
-47.66036794717218
 10
135.43478137642202
 20
-47.66316238742818
 10
135.35162250608275
 20
-47.692917107039165
 10
135.34357069238618
 20
-47.69591005011362
 10
135.33559475424528
 20
-47.699099693169515
 10
135.327699496067
 20
-47.702484114885166
 10
135.3198896736596
 20
-47.70606127661148
 10
135.24004770853801
 20
-47.743823713778546
 10
135.23232802624653
 20
-47.747591460767026
 10
135.22470313411887
 20
-47.7515475234678
 10
135.21717762510497
 20
-47.75568951889661
 10
135.20975603229004
 20
-47.76001495207031
 10
135.1339998941566
 20
-47.80542143388035
 10
135.1266866880306
 20
-47.80992769931974
 10
135.11948627379547
 20
-47.81461208261902
 10
135.11240298871155
 20
-47.81947176208083
 10
135.10544109948486
 20
-47.824503810415976
 10
135.03450036136235
 20
-47.87711704762747
 10
135.02766406157474
 20
-47.882318433718154
 10
135.0209574691575
 20
-47.88768602444393
 10
135.01438462391116
 20
-47.893216586568855
 10
135.00794948507186
 20
-47.898906788689104
 10
134.94250734504857
 20
-47.95822008706622
 10
134.9362137889033
 20
-47.96406650161684
 10
134.93006560645503
 20
-47.970065606936295
 10
134.92406650113892
 20
-47.97621378938784
 10
134.91822008659173
 20
-47.98250734553628
 10
134.85890678824984
 20
-48.047949485592326
 10
134.85321658613304
 20
-48.05438462443478
 10
134.84768602401167
 20
-48.06095746968422
 10
134.8423184332895
 20
-48.067664062104434
 10
134.8371170472025
 20
-48.07450036189493
 10
134.78450381002963
 20
-48.14544110004623
 10
134.77947176169832
 20
-48.1524029892756
 10
134.7746120822404
 20
-48.15948627436214
 10
134.76992769894508
 20
-48.16668668859976
 10
134.7654214335097
 20
-48.17399989472817
 10
134.7200149517413
 20
-48.24975603288573
 10
134.71568951857165
 20
-48.25717762570303
 10
134.71154752314692
 20
-48.2647031347192
 10
134.70759146045032
 20
-48.27232802684901
 10
134.70382371346602
 20
-48.28004770914255
 10
134.66606127634222
 20
-48.35988967428521
 10
134.66248411462016
 20
-48.36769949669461
 10
134.6590996929088
 20
-48.3755947548748
 10
134.65591004985723
 20
-48.38357069301746
 10
134.65291710678713
 20
-48.39162250671571
 10
134.6231623872214
 20
-48.474781377071466
 10
134.62036794696988
 20
-48.48290421621366
 10
134.61777369280315
 20
-48.49109318790538
 10
134.61538118740293
 20
-48.49934335941628
 10
134.61319187192498
 20
-48.50764976115153
 10
134.59173142413223
 20
-48.59332467133898
 10
134.58974661733836
 20
-48.60168229983291
 10
134.58796751480196
 20
-48.610086120762496
 10
134.58639518818785
 20
-48.61853107198024
 10
134.58503058460684
 20
-48.627012066563324
 10
134.5720710844304
 20
-48.71437792036471
 10
134.57091502586866
 20
-48.72288984967907
 10
134.56996820869261
 20
-48.73142758645681
 10
134.56923120322952
 20
-48.73998598788454
 10
134.56870445342392
 20
-48.74855989870126
 10
134.56437070793507
 20
-48.83677531518457
 10
134.56405453108135
 20
-48.84535957078706
 10
134.56394911763263
 20
-48.853949000340684
 10
134.56405453108604
 20
-48.862538429894244
 10
134.56437070794445
 20
-48.871122685496566
 10
134.56870445348136
 20
-48.959338101977124
 10
134.56923120329162
 20
-48.96791201279351
 10
134.56996820875935
 20
-48.97647041422079
 10
134.57091502594005
 20
-48.98500815099797
 10
134.57207108450643
 20
-48.99352008031165
 10
134.5850305847304
 20
-49.08088593410565
 10
134.58639518831603
 20
-49.08936692868803
 10
134.58796751493472
 20
-49.09781187990496
 10
134.58974661747573
 20
-49.106215700833616
 10
134.59173142427417
 20
-49.1145733293265
 10
134.61319187211396
 20
-49.20024823950366
 10
134.61538118759643
 20
-49.20855464123778
 10
134.61777369300117
 20
-49.216804812747434
 10
134.6203679471724
 20
-49.22499378443779
 10
134.62316238742838
 20
-49.233116623578525
 10
134.65291710703934
 20
-49.31627549391768
 10
134.65591005011382
 20
-49.32432730761427
 10
134.6590996931697
 20
-49.33230324575516
 10
134.6624841148854
 20
-49.34019850393347
 10
134.66606127661169
 20
-49.34800832634088
 10
134.7038237137787
 20
-49.42785029146225
 10
134.70759146076716
 20
-49.43556997375371
 10
134.7115475234679
 20
-49.44319486588133
 10
134.71568951889674
 20
-49.45072037489521
 10
134.72001495207041
 20
-49.45814196771012
 10
134.7654214338804
 20
-49.53389810584345
 10
134.7699276993198
 20
-49.541211311969455
 10
134.77461208261906
 20
-49.54841172620458
 10
134.77947176208087
 20
-49.55549501128851
 10
134.78450381041603
 20
-49.56245690051518
 10
134.83711704762757
 20
-49.63339763863775
 10
134.84231843371825
 20
-49.64023393842534
 10
134.84768602444402
 20
-49.64694053084256
 10
134.85321658656892
 20
-49.65351337608891
 10
134.85890678868915
 20
-49.659948514928196
 10
134.91822008706617
 20
-49.7253906549514
 10
134.9240665016168
 20
-49.73168421109667
 10
134.93006560693627
 20
-49.73783239354496
 10
134.93621378938784
 20
-49.74383149886108
 10
134.94250734553628
 20
-49.74967791340829
 10
135.0079494855922
 20
-49.80899121175005
 10
135.01438462443463
 20
-49.8146814138668
 10
135.02095746968402
 20
-49.82021197598816
 10
135.0276640621042
 20
-49.8255795667103
 10
135.03450036189466
 20
-49.83078095279728
 10
135.10544110004602
 20
-49.88339418997023
 10
135.1124029892754
 20
-49.88842623830157
 10
135.11948627436198
 20
-49.893285917759506
 10
135.12668668859965
 20
-49.89797030105484
 10
135.13399989472808
 20
-49.90247656649024
 10
135.20975603288593
 20
-49.947883048258824
 10
135.21717762570321
 20
-49.95220848142848
 10
135.2247031347194
 20
-49.95635047685319
 10
135.2323280268492
 20
-49.960306539549805
 10
135.24004770914271
 20
-49.964074286534085
 10
135.31988967428467
 20
-50.00183672365757
 10
135.32769949669398
 20
-50.00541388537961
 10
135.3355947548741
 20
-50.00879830709095
 10
135.3435706930167
 20
-50.0119879501425
 10
135.35162250671488
 20
-50.01498089321255
 10
135.43478137707046
 20
-50.044735612778304
 10
135.44290420077147
 20
-50.04753004792877
 10
135.45109315678093
 20
-50.05012429775539
 10
135.4551294408956
 20
-50.0512947989652
 10
136.17383458919517
 20
-50.77000005535982
 10
135.04420968124577
 20
-51.89962492852363
 10
131.95579024879248
 20
-51.89962489907052
 10
129.6999998824443
 20
-49.643834490954994
 10
129.6999998822545
 20
-49.15000009986549
 10
129.69989446880018
 20
-49.14141067031329
 10
129.69957829194092
 20
-49.132826414712355
 10
129.69905154212984
 20
-49.124252503897274
 10
129.69831453666137
 20
-49.11569410247131
 10
129.69736771947998
 20
-49.10715636569547
 10
129.696211660913
 20
-49.09864443638313
 10
129.69484705732683
 20
-49.09016344180224
 10
129.69327473070769
 20
-49.0817184905868
 10
129.6914956281663
 20
-49.073314669659645
 10
129.68951082136755
 20
-49.064957041168256
 10
129.6873215058848
 20
-49.056650639435524
 10
129.68492900047983
 20
-49.04840046792726
 10
129.68233474630847
 20
-49.040211496238285
 10
129.6795403060524
 20
-49.03208865709894
 10
129.67654736297794
 20
-49.02403684340378
 10
129.6733577199221
 20
-49.0160609052643
 10
129.6699732982066
 20
-49.00816564708739
 10
129.66639613648047
 20
-49.000355824681364
 10
129.66262838949223
 20
-48.9926361423912
 10
129.65867232679176
 20
-48.98501125026485
 10
129.6545303313633
 20
-48.977485741252224
 10
129.65020489819003
 20
-48.970064148438546
 10
129.64569863275113
 20
-48.96275094231382
 10
129.64101424945244
 20
-48.955550528079954
 10
129.63615456999125
 20
-48.94846724299723
 10
129.63112252165678
 20
-48.94150535377174
 10
129.62592113556678
 20
-48.93466905398521
 10
129.62055354484173
 20
-48.92796246156902
 10
129.6150229827176
 20
-48.92138961632365
 10
129.60933278059818
 20
-48.91495447748532
 10
129.60348636604846
 20
-48.90866092134102
 10
129.59748726073
 20
-48.90251273889364
 10
129.59133907827945
 20
-48.89651363357841
 10
129.58504552213205
 20
-48.890667219032025
 10
129.5786103832907
 20
-48.88497701691601
 10
129.57203753804242
 20
-48.87944645479535
 10
129.56533094562337
 20
-48.87407886407385
 10
129.55849464583412
 20
-48.86887747798747
 10
129.55153275660595
 20
-48.863845429656685
 10
129.54444947152066
 20
-48.858985750199246
 10
129.5372490572843
 20
-48.854301366904345
 10
129.5299358511572
 20
-48.849795101469326
 10
129.52251425834123
 20
-48.84546966829997
 10
129.51498874932642
 20
-48.841327672875494
 10
129.507363857198
 20
-48.837371610179055
 10
129.49964417490582
 20
-48.833603863194895
 10
129.4918343524979
 20
-48.83002670147291
 10
129.48393909431923
 20
-48.82664227976156
 10
129.47596315617804
 20
-48.82345263670994
 10
129.4679113424813
 20
-48.82045969363974
 10
129.45978850334046
 20
-48.81766525338797
 10
129.45159953165012
 20
-48.815070999220936
 10
129.4433493601406
 20
-48.81267849382034
 10
129.4350429584067
 20
-48.81048917834198
 10
129.42668532991428
 20
-48.808504371547635
 10
129.41828150898618
 20
-48.8067252690107
 10
129.4098365577699
 20
-48.80515294239601
 10
129.40135556318828
 20
-48.80378833881434
 10
129.39284363387534
 20
-48.80263228025185
 10
129.384305897099
 20
-48.80168546307499
 10
129.37574749567264
 20
-48.80094845761103
 10
129.36717358485728
 20
-48.800421707804496
 10
129.35858932925618
 20
-48.800105530949786
 10
129.34999989970393
 20
-48.8000001175
 10
127.65000009994944
 20
-48.80000011774556
 10
127.6414106703967
 20
-48.80010553119784
 10
127.63282641479516
 20
-48.800421708055076
 10
127.62425250397943
 20
-48.80094845786415
 10
127.61569410255278
 20
-48.80168546333067
 10
127.6071563657762
 20
-48.80263228051011
 10
127.59864443646308
 20
-48.803788339075204
 10
127.59016344188136
 20
-48.80515294265949
 10
127.58171849066504
 20
-48.806725269276804
 10
127.57331466973697
 20
-48.80850437181638
 10
127.56495704124463
 20
-48.81048917861339
 10
127.5566506395109
 20
-48.812678494094406
 10
127.5484004680016
 20
-48.81507099949767
 10
127.54021149631156
 20
-48.81766525366738
 10
127.5320886571711
 20
-48.82045969392183
 10
127.5240368434748
 20
-48.82345263699471
 10
127.51606090533414
 20
-48.826642280049015
 10
127.50816564715603
 20
-48.830026701763046
 10
127.50035582474877
 20
-48.83360386348771
 10
127.49263614245733
 20
-48.83737161047454
 10
127.48501125032969
 20
-48.841327673173645
 10
127.47748574131573
 20
-48.84546966860078
 10
127.47006414850071
 20
-48.84979510177278
 10
127.46275094237461
 20
-48.85430136721043
 10
127.45555052813934
 20
-48.85898575050795
 10
127.4484672430552
 20
-48.86384542996798
 10
127.44150535382828
 20
-48.86887747830135
 10
127.43466905404028
 20
-48.8740788643903
 10
127.42796246162263
 20
-48.87944645511433
 10
127.42138961637576
 20
-48.88497701723751
 10
127.41495447753591
 20
-48.89066721935601
 10
127.40866092139011
 20
-48.89651363390485
 10
127.4025127389412
 20
-48.902512739222516
 10
127.39651363362442
 20
-48.908660921672286
 10
127.39066721907649
 20
-48.91495447781895
 10
127.38497701695891
 20
-48.92138961665962
 10
127.3794464548367
 20
-48.92796246190727
 10
127.37407886411363
 20
-48.93466905432571
 10
127.36887747802567
 20
-48.94150535411445
 10
127.3638454296933
 20
-48.94846724334211
 10
127.3589857502343
 20
-48.95555052842695
 10
127.35430136693782
 20
-48.962750942662886
 10
127.34979510150121
 20
-48.97006414878964
 10
127.3454696683303
 20
-48.97748574160529
 10
127.34132767290424
 20
-48.98501125061984
 10
127.33737161020625
 20
-48.992636142748054
 10
127.33360386322053
 20
-49.00035582504003
 10
127.33002670149699
 20
-49.00816564744782
 10
127.3266422797841
 20
-49.01606090562642
 10
127.32345263673095
 20
-49.02403684376754
 10
127.32045969365923
 20
-49.03208865746427
 10
127.31766525340596
 20
-49.04021149660513
 10
127.31507099923743
 20
-49.048400468295554
 10
127.31267849383536
 20
-49.0566506398052
 10
127.31048917835554
 20
-49.06495704153924
 10
127.30850437155975
 20
-49.07331467003187
 10
127.30672526902137
 20
-49.0817184909602
 10
127.30515294240529
 20
-49.09016344217674
 10
127.30378833882222
 20
-49.09864443675866
 10
127.30263228025836
 20
-49.10715636607195
 10
127.30168546308015
 20
-49.115694102848664
 10
127.30094845761487
 20
-49.124252504275425
 10
127.30042170780703
 20
-49.13282641509123
 10
127.30010553095104
 20
-49.14141067069281
 10
127.3000001175
 20
-49.15000010024556
 10
127.3000001175
 20
-50.8499999
 10
127.3001055309443
 20
-50.85858932927781
 10
127.30042170778005
 20
-50.86717358460494
 10
127.30094845755417
 20
-50.8757474951473
 10
127.30168546297233
 20
-50.884305896302095
 10
127.30263228009002
 20
-50.892843632808834
 10
127.30378833858009
 20
-50.90135556185461
 10
127.30515294207615
 20
-50.90983655617199
 10
127.30672526859215
 20
-50.91828150712744
 10
127.30850437101742
 20
-50.92668532779861
 10
127.31048917768727
 20
-50.935042956038494
 10
127.31267849302847
 20
-50.943349357524674
 10
127.3150709982794
 20
-50.95159952879181
 10
127.31766525228444
 20
-50.95978850024555
 10
127.32045969236209
 20
-50.96791133915601
 10
127.32345263524624
 20
-50.97596315262907
 10
127.32664227810014
 20
-50.9839390905537
 10
127.33002669960231
 20
-50.99183434852342
 10
127.33360386110394
 20
-50.99964417073036
 10
127.33737160785681
 20
-51.007363852829975
 10
127.34132767031133
 20
-51.014988744774705
 10
127.34546966548355
 20
-51.02251425361505
 10
127.34979509839062
 20
-51.029935846266184
 10
127.35430136355365
 20
-51.03724905223848
 10
127.35898574656719
 20
-51.044449466330406
 10
127.36384542573425
 20
-51.05153275128204
 10
127.36887747376602
 20
-51.05849464038765
 10
127.37407885954511
 20
-51.065330940065834
 10
127.3794464499514
 20
-51.07203753238556
 10
127.38497701174938
 20
-51.078610377546646
 10
127.39066721353562
 20
-51.0850455163132
 10
127.39651362774555
 20
-51.0913390723985
 10
127.40251273271808
 20
-51.09748725479993
 10
127.40866091481695
 20
-51.10348636008255
 10
127.41495447060738
 20
-51.10933277460989
 10
127.42138960908694
 20
-51.11502297672068
 10
127.4279624539691
 20
-51.12055353885015
 10
127.43466904601812
 20
-51.1259211295947
 10
127.44150534543397
 20
-51.13112251571857
 10
127.44846723428579
 20
-51.13615456410146
 10
127.45555051899233
 20
-51.141014243625776
 10
127.462750932848
 20
-51.145698627002474
 10
127.47006413859302
 20
-51.15020489253435
 10
127.477485731026
 20
-51.15453032581572
 10
127.48501123965744
 20
-51.15867232136748
 10
127.49263613140265
 20
-51.16262838420656
 10
127.50035581331224
 20
-51.16639613134878
 10
127.50816563533877
 20
-51.16997329324429
 10
127.5160608931378
 20
-51.173357715144654
 10
127.52403683090155
 20
-51.17654735840082
 10
127.53208864422366
 20
-51.17954030169106
 10
127.54021148299319
 20
-51.182334742178384
 10
127.54840045431608
 20
-51.18492899659643
 10
127.55665062546257
 20
-51.18732150226346
 10
127.56495702683833
 20
-51.189510818023585
 10
127.5733146549781
 20
-51.19149562511496
 10
127.58171847555954
 20
-51.19327472796409
 10
127.5901634264357
 20
-51.194847054906
 10
127.59864442068425
 20
-51.196211658829796
 10
127.60715634967173
 20
-51.19736771774915
 10
127.6156940861307
 20
-51.198314535297456
 10
127.62425248724833
 20
-51.199051541147256
 10
127.63282639776412
 20
-51.1995782913538
 10
127.6414106530753
 20
-51.1998944686225
 10
127.6500000823478
 20
-51.1999998825
  0
LWPOLYLINE
  5
3B
330
17
100
AcDbEntity
  8
0
100
AcDbPolyline
 90
497
 70
0
 10
126.7994998825834
 20
-49.08803836115179
 10
126.80311562846178
 20
-49.03595529843171
 10
126.84013482746552
 20
-48.878557754740875
 10
126.90380013433807
 20
-48.73437106524925
 10
126.9928790739221
 20
-48.6043325071245
 10
127.10433251897527
 20
-48.49287906394779
 10
127.2483639917232
 20
-48.394214708126015
 10
127.25113609439893
 20
-48.39262590348494
 10
127.2584828960774
 20
-48.38817209795347
 10
127.26571816586777
 20
-48.38353930725292
 10
127.27283754418714
 20
-48.37873032285282
 10
127.27983674128252
 20
-48.37374804238753
 10
127.28671153981563
 20
-48.368595467910254
 10
127.2912163409589
 20
-48.36504320536299
 10
127.30104002537465
 20
-48.35886447537242
 10
127.30821604291224
 20
-48.35422784139043
 10
127.31527674895247
 20
-48.34941743261405
 10
127.32221793625929
 20
-48.344436115403276
 10
127.32903546881377
 20
-48.33928685795668
 10
127.33572528427868
 20
-48.33397272854274
 10
127.34228339641909
 20
-48.328496893671556
 10
127.34870589747764
 20
-48.32286261620806
 10
127.35498896050301
 20
-48.317073253427765
 10
127.3611288416303
 20
-48.31113225501627
 10
127.36712188231188
 20
-48.305043161013735
 10
127.37296451149734
 20
-48.29880959970548
 10
127.37865324776143
 20
-48.29243528545999
 10
127.3841847013785
 20
-48.28592401651569
 10
127.38955557634227
 20
-48.279279672717685
 10
127.44970455323435
 20
-48.20298270187755
 10
127.45493960393401
 20
-48.19617193991133
 10
127.46000593021212
 20
-48.189234752265605
 10
127.46490048018647
 20
-48.18217531780264
 10
127.4696203054504
 20
-48.174997889024425
 10
127.47416256284892
 20
-48.167706789511044
 10
127.47852451619136
 20
-48.16030641131619
 10
127.48270353789962
 20
-48.152801212321485
 10
127.48669711059104
 20
-48.14519571355107
 10
127.49050282859471
 20
-48.13749449644824
 10
127.49411839940076
 20
-48.12970220011565
 10
127.49754164504121
 20
-48.12182351852077
 10
127.49813025835928
 20
-48.120372370670275
 10
127.50223656323729
 20
-48.126684214558225
 10
127.50709624269919
 20
-48.13376749964204
 10
127.51212829103441
 20
-48.14072938886859
 10
127.56181857029888
 20
-48.20772897443389
 10
127.5670199563897
 20
-48.214565274221435
 10
127.5723875471156
 20
-48.2212718666386
 10
127.57791810924064
 20
-48.2278447118849
 10
127.58360831136102
 20
-48.23427985072413
 10
127.63962642612947
 20
-48.29608631589642
 10
127.64547284068018
 20
-48.30237987204157
 10
127.65147194599972
 20
-48.308528054489756
 10
127.65762012845137
 20
-48.31452715980575
 10
127.66391368459989
 20
-48.320373574352836
 10
127.72572014980456
 20
-48.3763916890857
 10
127.73215528864709
 20
-48.382081891202375
 10
127.73872813389659
 20
-48.38761245332365
 10
127.74543472631687
 20
-48.39298004404569
 10
127.75227102610744
 20
-48.398181430132574
 10
127.81927061170155
 20
-48.44787170935849
 10
127.82623250093103
 20
-48.452903757689704
 10
127.83331578601765
 20
-48.45776343714751
 10
127.84051620025535
 20
-48.462447820442726
 10
127.84782940638385
 20
-48.466954085878
 10
127.91937686973202
 20
-48.509837985044285
 10
127.92679846254937
 20
-48.51416341821381
 10
127.93432397156559
 20
-48.51830541363841
 10
127.94194886369546
 20
-48.522261476334904
 10
127.94966854598906
 20
-48.52602922331905
 10
128.02507484590797
 20
-48.56169374703439
 10
128.03288466831737
 20
-48.56527090875631
 10
128.04077992649752
 20
-48.56865533046753
 10
128.04875586464019
 20
-48.57184497351896
 10
128.05680767833843
 20
-48.57483791658889
 10
128.1353466109385
 20
-48.6029395959936
 10
128.14346945008086
 20
-48.605734036245046
 10
128.15165842177274
 20
-48.60832829041169
 10
128.1599085932838
 20
-48.61072079581182
 10
128.1682149950192
 20
-48.61291011128966
 10
128.24913018744576
 20
-48.63317831184906
 10
128.25748781593967
 20
-48.63516311864279
 10
128.2658916368692
 20
-48.63694222117905
 10
128.27433658808692
 20
-48.63851454779299
 10
128.28281758266996
 20
-48.639879151373854
 10
128.36532977738673
 20
-48.652118679236814
 10
128.37384170670114
 20
-48.653274737798434
 10
128.38237944347892
 20
-48.654221554974356
 10
128.3909378449067
 20
-48.65495856043731
 10
128.39951175572344
 20
-48.65548531024277
 10
128.48282631519007
 20
-48.659578292065206
 10
128.4914105707925
 20
-48.659894468918786
 10
128.5000000003461
 20
-48.659999882367366
 10
128.50858942989962
 20
-48.65989446891383
 10
128.5171736855019
 20
-48.6595782920553
 10
128.60048824496607
 20
-48.65548531018481
 10
128.60906215578254
 20
-48.6549585603744
 10
128.61762055720988
 20
-48.65422155490651
 10
128.62615829398712
 20
-48.65327473772567
 10
128.63467022330084
 20
-48.65211867915914
 10
128.71718241801082
 20
-48.63987915124854
 10
128.7256634125931
 20
-48.63851454766279
 10
128.73410836380992
 20
-48.63694222104397
 10
128.74251218473847
 20
-48.63516311850285
 10
128.75086981323125
 20
-48.63317831170429
 10
128.83178500564574
 20
-48.61291011109829
 10
128.84009140737984
 20
-48.61072079561568
 10
128.84834157888946
 20
-48.6083282902108
 10
128.8565305505798
 20
-48.60573403603944
 10
128.8646533897205
 20
-48.60293959578333
 10
128.94319232230427
 20
-48.574837916333394
 10
128.95124412542157
 20
-48.57184497733967
 10
128.95922005318982
 20
-48.5686553388813
 10
128.9671153012211
 20
-48.565270922272134
 10
128.97492511372576
 20
-48.56169376615281
 10
128.97771326056076
 20
-48.56037507135099
 10
129.963163504931
 20
-48.56037508711403
 10
130.0071217894945
 20
-48.604333372417635
 10
130.09619925024455
 20
-48.73437010217381
 10
130.15986475576125
 20
-48.878559376226484
 10
130.1968859166048
 20
-49.035967264022325
 10
130.20050011750513
 20
-49.088036424450706
 10
130.20050011754788
 20
-49.188935990539946
 10
130.2006055314187
 20
-49.197525437044035
 10
130.20092170952623
 20
-49.20610970956621
 10
130.20144846141585
 20
-49.21468363724129
 10
130.2021854697907
 20
-49.223242055435456
 10
130.20313229070268
 20
-49.23177980885725
 10
130.20428835382006
 20
-49.24029175466296
 10
130.20565296277093
 20
-49.24877276555448
 10
130.20722529556258
 20
-49.257217732867794
 10
130.22617928984894
 20
-49.35250570366234
 10
130.22795836070068
 20
-49.360909368273084
 10
130.2299431281745
 20
-49.369266842177346
 10
130.23213239676505
 20
-49.37757309133229
 10
130.23452484778775
 20
-49.3858231125498
 10
130.23711904017313
 20
-49.394011936510125
 10
130.2399134113347
 20
-49.40213463075508
 10
130.24290627811024
 20
-49.41018630265906
 10
130.24609583777567
 20
-49.41816210237609
 10
130.2494801691309
 20
-49.426057225761035
 10
130.2530572336569
 20
-49.43386691726341
 10
130.25682487674382
 20
-49.44158647279174
 10
130.26078082898863
 20
-49.449211242547115
 10
130.26492270756205
 20
-49.45673663382389
 10
130.26924801764397
 20
-49.46415811377607
 10
130.2737541539261
 20
-49.47147121214765
 10
130.27843840218122
 20
-49.4786715239652
 10
130.3324143856958
 20
-49.55945349920647
 10
130.33727419016734
 20
-49.56653706478043
 10
130.34230637636617
 20
-49.57349922700221
 10
130.34750791287834
 20
-49.58033579183074
 10
130.35287566627244
 20
-49.587042640885414
 10
130.35840640298716
 20
-49.59361573392708
 10
130.36409679127928
 20
-49.600051111291855
 10
130.36994340323062
 20
-49.60634489627647
 10
130.3759427168131
 20
-49.6124932974736
 10
131.98750670291443
 20
-51.22405728350717
 10
131.99365510415674
 20
-51.2300565971322
 10
131.9999488891886
 20
-51.23590320912382
 10
132.00638426660262
 20
-51.24159359745391
 10
132.01295735969543
 20
-51.24712433420422
 10
132.01966420880305
 20
-51.25249208763145
 10
132.02650077368622
 20
-51.25769362417424
 10
132.0334629359643
 20
-51.262725810401086
 10
132.04054650159608
 20
-51.267585614898
 10
132.12132847690455
 20
-51.32156159828688
 10
132.12852878872891
 20
-51.326245846531464
 10
132.13584188710706
 20
-51.3307519828029
 10
132.14326336706554
 20
-51.33507729287399
 10
132.15078875834834
 20
-51.33921917143642
 10
132.15841352810946
 20
-51.34317512367006
 10
132.16613308364327
 20
-51.346942766745705
 10
132.17394277515086
 20
-51.350519831260314
 10
132.18183789854072
 20
-51.353904162603996
 10
132.18981369826238
 20
-51.357093722257794
 10
132.19786537017072
 20
-51.36008658902158
 10
132.20598806441973
 20
-51.36288096017127
 10
132.2141768883838
 20
-51.365475152544676
 10
132.2224269096048
 20
-51.36786760355535
 10
132.23073315876292
 20
-51.370056872133766
 10
132.23909063267004
 20
-51.37204163959537
 10
132.24749429728337
 20
-51.373820710434856
 10
132.34278226811938
 20
-51.39277470458493
 10
132.35122723539058
 20
-51.39434703735656
 10
132.3597082462393
 20
-51.39571164628951
 10
132.36822019200167
 20
-51.39686770939116
 10
132.37675794537964
 20
-51.39781453028958
 10
132.38531636352954
 20
-51.39855153865302
 10
132.39389029116003
 20
-51.39907829053344
 10
132.40247456363736
 20
-51.39939446863397
 10
132.41106401009642
 20
-51.399499882499995
 10
134.49126899689185
 20
-51.399499882489295
 10
134.4989031572455
 20
-51.39941661485966
 10
134.5065336851508
 20
-51.39916685159082
 10
134.51415694988765
 20
-51.398750711523896
 10
134.54665893352694
 20
-51.39662071253951
 10
134.55496427093277
 20
-51.39597708163062
 10
134.5632519381934
 20
-51.395135974295464
 10
134.5715172405721
 20
-51.39409786699832
 10
134.57975549600133
 20
-51.392863347798574
 10
134.58796203773485
 20
-51.39143311601755
 10
134.59613221699144
 20
-51.38980798184242
 10
134.60426140558812
 20
-51.3879888658672
 10
134.61234499856207
 20
-51.3859767985713
 10
134.62037841677915
 20
-51.38377291973578
 10
134.62835710952774
 20
-51.381378477797675
 10
134.63627655709686
 20
-51.3787948291428
 10
134.72827552577192
 20
-51.34756483967713
 10
134.736375286256
 20
-51.3447039698668
 10
134.74440239733067
 20
-51.341645181909854
 10
134.7523520236803
 20
-51.33839031833785
 10
134.76021937666385
 20
-51.334941339793005
 10
134.76799971719964
 20
-51.33130032384719
 10
134.77568835861993
 20
-51.327469463750404
 10
134.78328066949405
 20
-51.3234510671097
 10
134.79077207641816
 20
-51.319247554499064
 10
134.79815806677044
 20
-51.31486145800136
 10
134.80543419142901
 20
-51.3102954196831
 10
134.81259606745218
 20
-51.30555219000287
 10
134.81963938071863
 20
-51.3006346261546
 10
134.8265598885259
 20
-51.2955456903464
 10
134.83335342214642
 20
-51.29028844801626
 10
134.8400158893383
 20
-51.28486606598547
 10
134.84654327681065
 20
-51.27928181055105
 10
134.91958724682513
 20
-51.21522283672318
 10
134.9259753852526
 20
-51.20948029042761
 10
134.93222067473135
 20
-51.20358270534114
 10
134.93831935354976
 20
-51.19753363374335
 10
134.94426774830393
 20
-51.19133671915833
 10
134.9500622761102
 20
-51.18499569416014
 10
134.9556994467633
 20
-51.17851437812455
 10
134.96117586483848
 20
-51.1718966749285
 10
134.96648823173683
 20
-51.16514657059873
 10
134.97163334767194
 20
-51.15826813091086
 10
134.9766081135974
 20
-51.15126549894049
 10
134.98140953307322
 20
-51.14414289256764
 10
134.9860347140709
 20
-51.1369046019363
 10
134.99048087071532
 20
-51.12955498687027
 10
134.99474532496257
 20
-51.12209847424717
 10
134.99882550821323
 20
-51.11453955533198
 10
135.00271896285946
 20
-51.106882783071875
 10
135.04568994517166
 20
-51.01974681872613
 10
135.0493944769256
 20
-51.011996479198494
 10
135.0529076876051
 20
-51.00415755905405
 10
135.05622746092874
 20
-50.99623478028715
 10
135.05935179713757
 20
-50.98823291540677
 10
135.0622788141996
 20
-50.980156784561615
 10
135.0650067489437
 20
-50.97201125263659
 10
135.06753395812152
 20
-50.96380122632232
 10
135.06985891939743
 20
-50.955531651159404
 10
135.0719802322655
 20
-50.947207508559394
 10
135.07389661889317
 20
-50.93883381280406
 10
135.075606924891
 20
-50.93041560802494
 10
135.07711012000797
 20
-50.92195796516478
 10
135.07840529875216
 20
-50.91346597892303
 10
135.07949168093617
 20
-50.90494476468679
 10
135.0803686121471
 20
-50.896399455449505
 10
135.08103556414073
 20
-50.887835198718896
 10
135.08738956144387
 20
-50.79088823842944
 10
135.0878461304757
 20
-50.78231024168189
 10
135.08809204588889
 20
-50.77372362365782
 10
135.08812715955108
 20
-50.76513355668995
 10
135.08795145031078
 20
-50.75654521518855
 10
135.08756502401022
 20
-50.74796377252453
 10
135.08696811342153
 20
-50.73939439791311
 10
135.08616107810656
 20
-50.73084225330008
 10
135.08514440420024
 20
-50.72231249025238
 10
135.0839187041178
 20
-50.71381024685492
 10
135.0824847161859
 20
-50.70534064461556
 10
135.08084330419777
 20
-50.69690878538008
 10
135.07899545689295
 20
-50.68851974825894
 10
135.07694228736176
 20
-50.68017858656779
 10
135.0746850323747
 20
-50.67189032478349
 10
135.0722250516375
 20
-50.66365995551752
 10
135.0695638269721
 20
-50.65549243650854
 10
135.03833383967702
 20
-50.56349347422785
 10
135.03547296987026
 20
-50.55539371375351
 10
135.03241418191735
 20
-50.54736660268836
 10
135.02915931834985
 20
-50.53941697634809
 10
135.02571033980996
 20
-50.53154962337365
 10
135.02206932386957
 20
-50.523769282846736
 10
135.01823846377866
 20
-50.516080641435096
 10
135.01422006714427
 20
-50.508488330569385
 10
135.01001655454033
 20
-50.50099692365335
 10
135.00563045804978
 20
-50.49361093330888
 10
135.00106441973907
 20
-50.4863348086578
 10
134.99632119006677
 20
-50.47917293264178
 10
134.99140362622683
 20
-50.47212961938217
 10
134.98631469042732
 20
-50.46520911158133
 10
134.9810574481062
 20
-50.45841557796691
 10
134.97563506608483
 20
-50.45175311078072
 10
134.97005081066013
 20
-50.4452257233137
 10
134.90599183023647
 20
-50.3721817457086
 10
134.90024939159082
 20
-50.36579372411129
 10
134.8943519198236
 20
-50.3595485461089
 10
134.88830296701474
 20
-50.35344997320674
 10
134.88210617648204
 20
-50.347501678609085
 10
134.8757652805868
 20
-50.34170724500673
 10
134.8692840984857
 20
-50.33607016241914
 10
134.8626665338307
 20
-50.33059382609241
 10
134.8559165724176
 20
-50.32528153445426
 10
134.657283179396
 20
-50.172864598745534
 10
134.5638102970143
 20
-50.07939171642158
 10
134.55766189577938
 20
-50.073392402807
 10
134.55136811075536
 20
-50.06754579082542
 10
134.54493273334967
 20
-50.061855402504946
 10
134.5383596402656
 20
-50.056324665763796
 10
134.53165279116715
 20
-50.050956912345285
 10
134.5248162262935
 20
-50.04575537581074
 10
134.51785406402536
 20
-50.04072318959164
 10
134.51077049840387
 20
-50.03586338510198
 10
134.43600909544003
 20
-49.98591015940905
 10
134.43897198308233
 20
-49.98255938329242
 10
134.44450254520302
 20
-49.97598653804418
 10
134.44987013592456
 20
-49.969279945625196
 10
134.455071522011
 20
-49.96244364583596
 10
134.46010357034183
 20
-49.95548175660785
 10
134.46496324979933
 20
-49.94839847152261
 10
134.46964763309427
 20
-49.94119805728631
 10
134.47415389852932
 20
-49.933884851159235
 10
134.47847933169874
 20
-49.92646325834331
 10
134.48262132712327
 20
-49.918937749328535
 10
134.48657738981976
 20
-49.91131285720014
 10
134.49034513680397
 20
-49.90359317490802
 10
134.493922298526
 20
-49.89578335250013
 10
134.49730672023742
 20
-49.887888094321475
 10
134.5004963632891
 20
-49.87991215618034
 10
134.50348930635934
 20
-49.87186034248363
 10
134.5062837466112
 20
-49.86373750334283
 10
134.50887800077828
 20
-49.85554853165251
 10
134.51127050617893
 20
-49.847298360143014
 10
134.51345982165736
 20
-49.83899195840915
 10
134.51544462845177
 20
-49.83063432991674
 10
134.51722373098877
 20
-49.82223050898867
 10
134.5187960576035
 20
-49.81378555777241
 10
134.52016066118526
 20
-49.805304563190816
 10
134.5213167197478
 20
-49.79679263387789
 10
134.52226353692473
 20
-49.78825489710157
 10
134.52300054238876
 20
-49.77969649567523
 10
134.52352729219535
 20
-49.77112258485988
 10
134.52384346905015
 20
-49.76253832925879
 10
134.5239488825
 20
-49.75394889970655
 10
134.5239488822545
 20
-47.95394909995227
 10
134.523843468825
 20
-47.94535967132468
 10
134.52352729203594
 20
-47.93677541664663
 10
134.52300054234036
 20
-47.928201506751044
 10
134.5222635370325
 20
-47.91964310623952
 10
134.52131672005672
 20
-47.911105370371395
 10
134.52016066174002
 20
-47.9025934419584
 10
134.51879605844854
 20
-47.89411244826683
 10
134.51722373216816
 20
-47.885667497929056
 10
134.51544463000917
 20
-47.87726367786628
 10
134.513459823636
 20
-47.868906050224396
 10
134.5112705086215
 20
-47.860599649324676
 10
134.5088780037269
 20
-47.85234947863137
 10
134.50628375010737
 20
-47.84416050773771
 10
134.50348931044397
 20
-47.836037669372516
 10
134.50049636800227
 20
-47.827985856428825
 10
134.4973067256185
 20
-47.82000991901663
 10
134.4939223046136
 20
-47.81211466154135
 10
134.4903451436357
 20
-47.804304839809845
 10
134.48657739743243
 20
-47.79658515816568
 10
134.4826213355527
 20
-47.78896026665542
 10
134.47847934097973
 20
-47.78143475822761
 10
134.47415390869565
 20
-47.77401316596615
 10
134.4696476441786
 20
-47.76669996035974
 10
134.46496326183316
 20
-47.75949954660903
 10
134.46010358335553
 20
-47.75241626197309
 10
134.45507153603373
 20
-47.745454373156804
 10
134.44987015098417
 20
-47.73861807374076
 10
134.44450256132606
 20
-47.731911481655224
 10
134.43897200029403
 20
-47.72533863669962
 10
134.4360087241007
 20
-47.72198742063992
 10
134.5107694992069
 20
-47.672034614303804
 10
134.51785306456316
 20
-47.66717480998558
 10
134.5248152265749
 20
-47.66214262395066
 10
134.53165179120143
 20
-47.6569410876127
 10
134.53835864006254
 20
-47.65157333440282
 10
134.5449317329194
 20
-47.646042597882
 10
134.55136711010854
 20
-47.64035220979317
 10
134.55766089492698
 20
-47.634505598054155
 10
134.5638092959678
 20
-47.62850628469267
 10
134.6572853547726
 20
-47.535030227021586
 10
134.8393491635313
 20
-47.395329844581816
 10
135.0380619244523
 20
-47.28060431057459
 10
135.09753968318924
 20
-47.255967095392506
 10
135.25006351851465
 20
-47.192789814774656
 10
135.47171421139328
 20
-47.13339945047499
 10
135.69921486096305
 20
-47.1034488825784
 10
135.92868285144942
 20
-47.10344888336263
 10
136.15618709527246
 20
-47.133400320507164
 10
136.28482284542187
 20
-47.16786805453357
 10
136.3778357823269
 20
-47.19279065408599
 10
136.58984377008844
 20
-47.28060833245447
 10
136.7885612570918
 20
-47.395338618255046
 10
136.97061117905952
 20
-47.535029759830906
 10
137.1328675656366
 20
-47.69728614751708
 10
137.2725635372922
 20
-47.879344436793126
 10
137.34688104539512
 20
-48.00806638743807
 10
137.3872933517596
 20
-48.07806178405935
 10
137.40235414632343
 20
-48.11442185239977
 10
137.40573845461464
 20
-48.12231687404298
 10
137.40931549129726
 20
-48.13012646544891
 10
137.4130831018297
 20
-48.13784592269877
 10
137.41703901688268
 20
-48.14547059616392
 10
137.42118085370635
 20
-48.152995893306404
 10
137.42550611756528
 20
-48.160417281445234
 10
137.43001220324126
 20
-48.16773029048648
 10
137.4346963966024
 20
-48.17493051561574
 10
137.48867238569582
 20
-48.25571249920647
 10
137.49353219016987
 20
-48.26279606478403
 10
137.49856437637143
 20
-48.26975822700929
 10
137.50376591288648
 20
-48.276594791841156
 10
137.50913366628362
 20
-48.28330164089904
 10
137.51466440300155
 20
-48.28987473394376
 10
137.52035479129702
 20
-48.29631011131144
 10
137.5262014032519
 20
-48.302603896298805
 10
137.53220071683805
 20
-48.30875229749852
 10
138.5413255389892
 20
-49.31787711940398
 10
138.5413668829981
 20
-49.31791746388849
 10
138.70590580274933
 20
-49.482457294901195
 10
138.83362096018678
 20
-49.648900151585195
 10
138.93852688228566
 20
-49.830602730860555
 10
139.00673273524163
 20
-49.995267274294264
 10
139.0188135400867
 20
-50.024432631998394
 10
139.0731147803733
 20
-50.227088283816514
 10
139.10050011746984
 20
-50.43509754238346
 10
139.10050011658907
 20
-51.10490247022251
 10
139.07311477806988
 20
-51.31291172776333
 10
139.01881332032602
 20
-51.51556818517891
 10
138.93852506732767
 20
-51.70940187794436
 10
138.83362249802124
 20
-51.89109798742303
 10
138.70590170269105
 20
-52.05754669442588
 10
136.5575336726341
 20
-54.20591178126362
 10
136.39109802228597
 20
-54.33362247878471
 10
136.20940186735507
 20
-54.438525072549716
 10
136.01556817399864
 20
-54.51881332412118
 10
135.8129117161834
 20
-54.57311478037327
 10
135.60490245742594
 20
-54.600500117494924
 10
131.39509684809008
 20
-54.600500116564035
 10
131.18708807201378
 20
-54.573115661988844
 10
131.0107194387338
 20
-54.52585748571461
 10
130.984429699478
 20
-54.51881335439358
 10
130.79059899628857
 20
-54.43852551916901
 10
130.78353719724885
 20
-54.434448358234576
 10
130.6089065630988
 20
-54.33362511794702
 10
130.53902561637662
 20
-54.28000403354047
 10
130.44245233229225
 20
-54.20590174471803
 10
128.11249334982995
 20
-51.875941769237194
 10
128.1063448531282
 20
-51.86994236219974
 10
128.10005096814183
 20
-51.864095661568534
 10
128.0936154864564
 20
-51.85840518953463
 10
128.08704228495856
 20
-51.852874374173275
 10
128.08033532350078
 20
-51.84750654737874
 10
128.07349864251557
 20
-51.84230494285715
 10
128.06653636058167
 20
-51.83727269417835
 10
128.05945267194272
 20
-51.83241283288826
 10
127.97867169663434
 20
-51.778437849499305
 10
127.97147142399243
 20
-51.773753654938304
 10
127.96415836690218
 20
-51.76924757007469
 10
127.95673693024847
 20
-51.76492230906544
 10
127.94921158419656
 20
-51.76078047715163
 10
127.94158686149966
 20
-51.756824569089204
 10
127.93386735476861
 20
-51.75305696764631
 10
127.9260577137057
 20
-51.74947994216809
 10
127.918162642304
 20
-51.74609564720974
 10
127.91018689601388
 20
-51.742906121238846
 10
127.90213527887883
 20
-51.73991328540745
 10
127.89401264064169
 20
-51.737118942394915
 10
127.88582387382355
 20
-51.73452477532216
 10
127.87757391077685
 20
-51.732132346737785
 10
127.86926772071445
 20
-51.729943097676966
 10
127.86091030671646
 20
-51.72795834679342
 10
127.85250670271688
 20
-51.7261792895652
 10
127.75721873188053
 20
-51.707225295415064
 10
127.74877376471024
 20
-51.70565296266094
 10
127.74029275396322
 20
-51.70428835374054
 10
127.73178080830318
 20
-51.703132290646444
 10
127.723243055028
 20
-51.70218546975057
 10
127.7146846369811
 20
-51.70144846138465
 10
127.70611070945368
 20
-51.700921709496704
 10
127.69752643707929
 20
-51.700605531383616
 10
127.68893699072287
 20
-51.7005001175
 10
127.5880377786518
 20
-51.700500117264305
 10
127.53595969720541
 20
-51.69688489051608
 10
127.37855650359838
 20
-51.65986376728928
 10
127.32199221171315
 20
-51.634888212660925
 10
127.23437028747742
 20
-51.59619937878923
 10
127.10433336135392
 20
-51.50712178030734
 10
126.99287821050545
 20
-51.39566662758236
 10
126.90380027074694
 20
-51.26562919856189
 10
126.89246741712059
 20
-51.23996294982394
 10
126.84013500538201
 20
-51.121441826375154
 10
126.80311352279726
 20
-50.96403365837298
 10
126.79949988250056
 20
-50.91196446146906
 10
126.7994998825834
 20
-49.08803836115179
  0
LWPOLYLINE
  5
3C
330
17
100
AcDbEntity
  8
0
100
AcDbPolyline
 90
616
 70
0
 10
127.65000007730431
 20
-51.2999998775
 10
128.1024132033277
 20
-51.299999900317395
 10
130.65120664986037
 20
-53.84879334684201
 10
130.65911145592042
 20
-53.85650648230104
 10
130.66720317102187
 20
-53.864023301054615
 10
130.72176556963842
 20
-53.91347577654312
 10
130.73003931957905
 20
-53.92079175069277
 10
130.73849012061433
 20
-53.927902473419756
 10
130.74711288229778
 20
-53.934803661490584
 10
130.75590241060013
 20
-53.941491157887626
 10
130.81504926451078
 20
-53.98535745437079
 10
130.82400026494892
 20
-53.99182723079632
 10
130.83310734577486
 20
-53.99807539009889
 10
130.8423650212236
 20
-54.00409816862096
 10
130.8517677148176
 20
-54.00989193846598
 10
130.91492940939793
 20
-54.04774960126162
 10
130.92447145730617
 20
-54.05331087247922
 10
130.93414711175583
 20
-54.058636295167624
 10
130.94395054449444
 20
-54.06372266149132
 10
130.95387585030068
 20
-54.06856690761342
 10
131.02044410390474
 20
-54.10005134673413
 10
131.03048530414554
 20
-54.10465055466192
 10
131.04063635037733
 20
-54.10900195400452
 10
131.05089112798947
 20
-54.11310292364166
 10
131.06124345988732
 20
-54.116950993302595
 10
131.13057718384292
 20
-54.14175899638842
 10
131.14102083416896
 20
-54.145351848139896
 10
131.15154951205866
 20
-54.14868731778233
 10
131.16215687543018
 20
-54.151763396153534
 10
131.17283653480442
 20
-54.15457823033891
 10
131.24426800744823
 20
-54.172470882758624
 10
131.2550135297976
 20
-54.175022777207296
 10
131.2658184424214
 20
-54.177310194753495
 10
131.27667623684422
 20
-54.17933175754243
 10
131.28758037273676
 20
-54.181086247860264
 10
131.36042166993835
 20
-54.19189123358993
 10
131.37136557902957
 20
-54.19337759459393
 10
131.38234266914498
 20
-54.19459493096053
 10
131.393346328096
 20
-54.195542509411794
 10
131.4043699276899
 20
-54.19621975916193
 10
131.47791955027085
 20
-54.199833020415035
 10
131.48895645031303
 20
-54.20023953351433
 10
131.5000000025781
 20
-54.200375065093795
 10
135.49999999766837
 20
-54.200375065087776
 10
135.51104355002462
 20
-54.200239533506036
 10
135.5220804501578
 20
-54.19983302039999
 10
135.59563007298152
 20
-54.19621975910485
 10
135.60665367260265
 20
-54.19554250934819
 10
135.61765733158066
 20
-54.19459493088905
 10
135.62863442172278
 20
-54.193377594513265
 10
135.63957833084038
 20
-54.19189123349873
 10
135.71241962803518
 20
-54.18108624772143
 10
135.7233237639266
 20
-54.17933175739647
 10
135.73418155834815
 20
-54.17731019460044
 10
135.74498647097047
 20
-54.17502277704716
 10
135.75573199331822
 20
-54.17247088259146
 10
135.82716346594998
 20
-54.154578230125146
 10
135.8378431253223
 20
-54.151763395932804
 10
135.84845048869173
 20
-54.14868731755469
 10
135.8589791665792
 20
-54.1453518479054
 10
135.8694228169028
 20
-54.14175899614713
 10
135.9387565408421
 20
-54.116950993016076
 10
135.94910887273747
 20
-54.113102923348364
 10
135.95936365034694
 20
-54.10900195370451
 10
135.96951469657594
 20
-54.10465055435527
 10
135.97955589681376
 20
-54.1000513464209
 10
136.04612415039745
 20
-54.0685669072566
 10
136.05604945620053
 20
-54.06372266112802
 10
136.0658528889358
 20
-54.05863629479792
 10
136.07552854338198
 20
-54.0533108721032
 10
136.0850705912866
 20
-54.04774960087936
 10
136.1482322858425
 20
-54.00989193804225
 10
136.15763497943277
 20
-54.00409816819108
 10
136.1668926548776
 20
-53.99807538966293
 10
136.17599973569946
 20
-53.99182723035439
 10
136.18495073613343
 20
-53.985357453922994
 10
136.24409759001523
 20
-53.941491157401295
 10
136.25288711829148
 20
-53.93480366101546
 10
136.26150987994953
 20
-53.927902472956994
 10
136.2699606809602
 20
-53.92079175024352
 10
136.27823443087698
 20
-53.913475776108484
 10
136.33279682929185
 20
-53.86402330076214
 10
136.3408885443242
 20
-53.856506482068106
 10
136.34879335031823
 20
-53.84879334667189
 10
138.3487933468427
 20
-51.84879335013888
 10
138.3565064823016
 20
-51.84088854407895
 10
138.36402330105503
 20
-51.83279682897768
 10
138.41347577654318
 20
-51.77823443036156
 10
138.4207917506929
 20
-51.769960680420844
 10
138.42790247341998
 20
-51.76150987938545
 10
138.43480366149086
 20
-51.752887117701924
 10
138.44149115788798
 20
-51.74409758939947
 10
138.48535745437104
 20
-51.68495073548888
 10
138.49182723079653
 20
-51.67599973505078
 10
138.49807539009905
 20
-51.66689265422492
 10
138.50409816862108
 20
-51.65763497877624
 10
138.50989193846604
 20
-51.64823228518226
 10
138.5477496012615
 20
-51.58507059060224
 10
138.5533108724791
 20
-51.57552854269401
 10
138.5586362951675
 20
-51.565852888244365
 10
138.5637226614912
 20
-51.55604945550577
 10
138.5685669076133
 20
-51.54612414969954
 10
138.60005134673435
 20
-51.47955589609477
 10
138.6046505546622
 20
-51.46951469585384
 10
138.60900195400484
 20
-51.4593636496219
 10
138.61310292364203
 20
-51.449108872009646
 10
138.616950993303
 20
-51.43875654011164
 10
138.64175899638877
 20
-51.36942281615588
 10
138.64535184814017
 20
-51.358979165830036
 10
138.64868731778253
 20
-51.348450487940525
 10
138.65176339615368
 20
-51.33784312456923
 10
138.654578230339
 20
-51.327163465195206
 10
138.67247088275852
 20
-51.25573199255241
 10
138.6750227772072
 20
-51.244986470202946
 10
138.67731019475343
 20
-51.23418155757907
 10
138.6793317575424
 20
-51.223323763156145
 10
138.68108624786024
 20
-51.21241962726352
 10
138.69189123358993
 20
-51.13957833006166
 10
138.69337759459393
 20
-51.12863442097044
 10
138.6945949309605
 20
-51.11765733085504
 10
138.69554250941178
 20
-51.10665367190405
 10
138.69621975916192
 20
-51.09563007231013
 10
138.69983302041504
 20
-51.02208044972875
 10
138.70023953351438
 20
-51.011043549684
 10
138.7003750650938
 20
-50.999999997416325
 10
138.70037506508777
 20
-50.54000000232622
 10
138.70023953350596
 20
-50.5289564499725
 10
138.69983302039998
 20
-50.517919549841864
 10
138.69621975910482
 20
-50.44436992701829
 10
138.69554250934817
 20
-50.433346327397246
 10
138.69459493088902
 20
-50.42234266841935
 10
138.69337759451327
 20
-50.41136557827731
 10
138.69189123349875
 20
-50.40042166915979
 10
138.68108624772154
 20
-50.32758037196531
 10
138.67933175739654
 20
-50.316676236073775
 10
138.6773101946005
 20
-50.30581844165211
 10
138.6750227770472
 20
-50.295013529029674
 10
138.67247088259145
 20
-50.28426800668181
 10
138.6545782301249
 20
-50.212836534049316
 10
138.6517633959326
 20
-50.20215687467703
 10
138.64868731755448
 20
-50.191549511307656
 10
138.6453518479052
 20
-50.181020833420234
 10
138.64175899614693
 20
-50.17057718309665
 10
138.6169509930159
 20
-50.10124345915749
 10
138.61310292334818
 20
-50.090891127262054
 10
138.6090019537043
 20
-50.08063634965253
 10
138.60465055435503
 20
-50.070485303423496
 10
138.60005134642066
 20
-50.06044410318562
 10
138.5685669072564
 20
-49.99387584960215
 10
138.56372266112783
 20
-49.98395054379913
 10
138.55863629479776
 20
-49.97414711106391
 10
138.55331087210305
 20
-49.9644714566178
 10
138.54774960087926
 20
-49.95492940871324
 10
138.50989193804222
 20
-49.89176771415745
 10
138.50409816819104
 20
-49.882365020567185
 10
138.49807538966292
 20
-49.873107345122364
 10
138.49182723035437
 20
-49.8640002643005
 10
138.48535745392297
 20
-49.855049263866555
 10
138.44149115740123
 20
-49.7959024099847
 10
138.4348036610154
 20
-49.78711288170842
 10
138.4279024729569
 20
-49.77849012005034
 10
138.4207917502434
 20
-49.77003931903966
 10
138.41347577610836
 20
-49.761765569122865
 10
138.3640233007617
 20
-49.70720317070766
 10
138.35650648335414
 20
-49.699111457026575
 10
138.34879334930997
 20
-49.69120665231984
 10
137.0990006214089
 20
-48.441413903697715
 10
137.09889001437304
 20
-48.441092392741034
 10
137.06913529476208
 20
-48.35793352240188
 10
137.06528722509492
 20
-48.34758119050626
 10
137.0611862554516
 20
-48.33732641289654
 10
137.05683485610288
 20
-48.327175366667284
 10
137.05223564816905
 20
-48.317134166429184
 10
137.01447321100204
 20
-48.237292201307824
 10
137.00962896487403
 20
-48.22736689550452
 10
137.00454259854448
 20
-48.21756346276901
 10
136.9992171758503
 20
-48.20788780832259
 10
136.993655904627
 20
-48.198345760417716
 10
136.948249422817
 20
-48.12258962228439
 10
136.94245565296634
 20
-48.11318692869381
 10
136.9364328744387
 20
-48.10392925324865
 10
136.93018471513068
 20
-48.094822172426454
 10
136.92371493869976
 20
-48.08587117199216
 10
136.87110170148821
 20
-48.01493043386959
 10
136.86441420508592
 20
-48.00614090557126
 10
136.85751301700995
 20
-47.99751814389197
 10
136.85040229427793
 20
-47.98906734286095
 10
136.84308632012332
 20
-47.980793592924734
 10
136.7837730217463
 20
-47.91535145290153
 10
136.77625620303834
 20
-47.90725973785761
 10
136.7685430676276
 20
-47.899354931852656
 10
136.76063826161845
 20
-47.89164179644622
 10
136.75254654657044
 20
-47.884124977742665
 10
136.68710440651452
 20
-47.82481167940091
 10
136.67883065657426
 20
-47.81749570525079
 10
136.67037985553932
 20
-47.81038498252333
 10
136.66175709385624
 20
-47.80348379445201
 10
136.65296756555423
 20
-47.796796298054474
 10
136.58202682740287
 20
-47.74418306088152
 10
136.57307582696507
 20
-47.737713284455516
 10
136.5639687461395
 20
-47.73146512515246
 10
136.5547110706911
 20
-47.72544234662988
 10
136.5453083770974
 20
-47.719648576784365
 10
136.46955223893954
 20
-47.674242095015785
 10
136.46001019103159
 20
-47.668680823797665
 10
136.45033453658223
 20
-47.663355401108745
 10
136.4405311038439
 20
-47.65826903478452
 10
136.43060579803793
 20
-47.65342478866188
 10
136.35076383289598
 20
-47.6156623515384
 10
136.34072263265543
 20
-47.61106314361005
 10
136.33057158642384
 20
-47.6067117442669
 10
136.32031680881192
 20
-47.60261077462919
 10
136.30996447691427
 20
-47.5987627049677
 10
136.22680560655868
 20
-47.569007985401946
 10
136.21636195623284
 20
-47.5654151336499
 10
136.2058332783433
 20
-47.562079664006895
 10
136.19522591497199
 20
-47.55900358563512
 10
136.1845462555979
 20
-47.55618875144916
 10
136.0988713454094
 20
-47.534728303656216
 10
136.08812582306018
 20
-47.53217640920696
 10
136.07732091043653
 20
-47.52988899166017
 10
136.0664631160138
 20
-47.52786742887065
 10
136.05555898012136
 20
-47.526112938552224
 10
135.96819312632027
 20
-47.51315343837581
 10
135.95724921720176
 20
-47.51166707736783
 10
135.9462721270589
 20
-47.51044974099862
 10
135.93526846808035
 20
-47.50950216254607
 10
135.9242448684588
 20
-47.508824912796015
 10
135.8360294519757
 20
-47.504491167307194
 10
135.82499255191541
 20
-47.504084654209564
 10
135.81394899963226
 20
-47.50394912263264
 10
135.8029054473492
 20
-47.504084654215575
 10
135.79186854728914
 20
-47.50449116731922
 10
135.70365313080848
 20
-47.5088249128561
 10
135.6926295311873
 20
-47.50950216261216
 10
135.68162587220925
 20
-47.5104497410707
 10
135.67064878206705
 20
-47.51166707744589
 10
135.65970487294936
 20
-47.51315343845984
 10
135.57233901915507
 20
-47.52611293868389
 10
135.56143488326356
 20
-47.52786742900825
 10
135.55057708884192
 20
-47.529888991803695
 10
135.5397721762195
 20
-47.53217640935638
 10
135.5290266538716
 20
-47.5347283038115
 10
135.44335174369516
 20
-47.55618875165105
 10
135.4326720843227
 20
-47.55900358584281
 10
135.4220647209531
 20
-47.56207966422035
 10
135.41153604306544
 20
-47.56541513386907
 10
135.40109239274162
 20
-47.56900798562677
 10
135.31793352240234
 20
-47.59876270523775
 10
135.30758119050674
 20
-47.6026107749049
 10
135.29732641289704
 20
-47.60671174454821
 10
135.28717536666778
 20
-47.61106314389691
 10
135.2771341664297
 20
-47.61566235183073
 10
135.19729220130813
 20
-47.653424788997796
 10
135.1873668955048
 20
-47.65826903512584
 10
135.17756346276926
 20
-47.663355401455405
 10
135.1678878083228
 20
-47.6686808241496
 10
135.1583457604179
 20
-47.67424209537292
 10
135.08258962228444
 20
-47.71964857718296
 10
135.07318692869387
 20
-47.72544234703361
 10
135.06392925324872
 20
-47.73146512556125
 10
135.05482217242653
 20
-47.73771328486929
 10
135.04587117199222
 20
-47.7441830613002
 10
134.9749304338697
 20
-47.796796298511694
 10
134.96614090557136
 20
-47.803483794914
 10
134.95751814389206
 20
-47.81038498299
 10
134.949067342861
 20
-47.817495705722045
 10
134.94079359292476
 20
-47.824811679876646
 10
134.87535145290147
 20
-47.884124978253766
 10
134.86725973785758
 20
-47.891641796961714
 10
134.85935493185264
 20
-47.89935493237243
 10
134.85164179644624
 20
-47.90725973838157
 10
134.8441249777427
 20
-47.91535145342955
 10
134.7848116794008
 20
-47.9807935934856
 10
134.77749570525066
 20
-47.9890673434259
 10
134.77038498252315
 20
-47.99751814446089
 10
134.7634837944518
 20
-48.006140906144026
 10
134.7567962980542
 20
-48.014930434446086
 10
134.70418306088135
 20
-48.085871172597386
 10
134.69771328445538
 20
-48.094822173035155
 10
134.69146512515235
 20
-48.1039292538607
 10
134.6854423466298
 20
-48.113186929309066
 10
134.6796485767843
 20
-48.12258962290274
 10
134.6342420950159
 20
-48.198345761060295
 10
134.6286808237978
 20
-48.207887808968245
 10
134.6239488772903
 20
-48.21648518836021
 10
134.6239488772545
 20
-47.953949099938626
 10
134.62381334570227
 20
-47.942905548846014
 10
134.62340683268778
 20
-47.93186864997424
 10
134.62272958307918
 20
-47.92084505153705
 10
134.6217820048262
 20
-47.90984139373652
 10
134.62056466871448
 20
-47.898864304763215
 10
134.61907830802159
 20
-47.88792039680365
 10
134.61732381807542
 20
-47.877016262057346
 10
134.6153022557149
 20
-47.866158468765924
 10
134.61301483865336
 20
-47.85535355725665
 10
134.610462944745
 20
-47.84460803600279
 10
134.6076481111549
 20
-47.83392837770316
 10
134.60457203343327
 20
-47.82332101538318
 10
134.6012365644939
 20
-47.81279233851991
 10
134.5976437134981
 20
-47.80234868919323
 10
134.59379564464447
 20
-47.79199635826563
 10
134.58969467586536
 20
-47.781741581592804
 10
134.58534327743047
 20
-47.771590536267446
 10
134.5807440704589
 20
-47.76154933689837
 10
134.57589982534043
 20
-47.75162403192731
 10
134.57474794129078
 20
-47.74940389706138
 10
134.57543338688757
 20
-47.748933635081194
 10
134.58438473804554
 20
-47.742463681607724
 10
134.59317460685108
 20
-47.735775992030355
 10
134.6017976982439
 20
-47.72887459504622
 10
134.61024881763132
 20
-47.721763648090885
 10
134.61852287401734
 20
-47.71444743483382
 10
134.62661488306964
 20
-47.706930362597944
 10
134.63451997012208
 20
-47.6992169597046
 10
134.72336114990108
 20
-47.610375781003135
 10
134.89502487640615
 20
-47.47865554287725
 10
135.0823859084864
 20
-47.37048385647965
 10
135.1358084611581
 20
-47.348354863160154
 10
135.2822762417923
 20
-47.28768607615478
 10
135.49126484676353
 20
-47.23168846467644
 10
135.70576910676527
 20
-47.20344887760079
 10
135.9221285193772
 20
-47.20344887834023
 10
136.13663625786657
 20
-47.231689296797555
 10
136.25894107957632
 20
-47.26446066914108
 10
136.34562271932415
 20
-47.2876868123838
 10
136.54551969003953
 20
-47.370487880713654
 10
136.73288502730975
 20
-47.47866396032444
 10
136.90453520988393
 20
-47.61037513985325
 10
137.05752199018013
 20
-47.763361921195184
 10
137.18923795165125
 20
-47.93502028994829
 10
137.26027874790736
 20
-48.05806679813478
 10
137.29741371150837
 20
-48.122385733122734
 10
137.30996616277145
 20
-48.15269010941778
 10
137.31431741628867
 20
-48.16284085153048
 10
137.31891646345207
 20
-48.17288175476667
 10
137.32376053413662
 20
-48.18280677123079
 10
137.32884671063334
 20
-48.19260992282882
 10
137.3341719294066
 20
-48.202285304869164
 10
137.33973298293952
 20
-48.211827089619085
 10
137.3455265216658
 20
-48.22122952981497
 10
137.35154905598722
 20
-48.230486962124026
 10
137.40552504508065
 20
-48.31126894571475
 10
137.41177336511876
 20
-48.320376387171606
 10
137.41824331880645
 20
-48.329327738604086
 10
137.4249310086115
 20
-48.33811760767363
 10
137.43183240583642
 20
-48.34674069931948
 10
137.43894335304518
 20
-48.35519181894841
 10
137.44625956656793
 20
-48.363465875564
 10
137.45377663908133
 20
-48.37155788483347
 10
137.46149004226353
 20
-48.37946297209025
 10
138.4706148644147
 20
-49.38858779399571
 10
138.47065620840164
 20
-49.38862813845882
 10
138.63056029503917
 20
-49.54853311068885
 10
138.75029549401398
 20
-49.704576206613076
 10
138.84864710795216
 20
-49.87492637913831
 10
138.91434491891417
 20
-50.03353593502653
 10
138.92391738103655
 20
-50.05664567692608
 10
138.97482583212846
 20
-50.24663922559337
 10
139.0005001224612
 20
-50.44165198287736
 10
139.00050012159772
 20
-51.098348029228326
 10
138.97482582996903
 20
-51.2933607852627
 10
138.9239170998086
 20
-51.48335536983734
 10
138.84864534762843
 20
-51.66507811433776
 10
138.7502971891884
 20
-51.83542168057354
 10
138.6305564548178
 20
-51.9914705867836
 10
136.4914576301863
 20
-54.13056648089449
 10
136.33542172873314
 20
-54.25029716221929
 10
136.16507810441001
 20
-54.348645352524265
 10
135.98335535935573
 20
-54.42391710336661
 10
135.79336077440647
 20
-54.474825832128474
 10
135.59834801687774
 20
-54.50050012249348
 10
131.4016510943165
 20
-54.50050012156549
 10
131.2066389573078
 20
-54.47482668072198
 10
131.03660071433785
 20
-54.429264739749364
 10
131.01664242631384
 20
-54.42391707158057
 10
130.83492300967617
 20
-54.348645928567436
 10
130.8335372678914
 20
-54.34784586441517
 10
130.66458264732017
 20
-54.25029967848706
 10
130.59990124000856
 20
-54.20066830736732
 10
130.50852816185414
 20
-54.130556223138306
 10
128.18320403948138
 20
-51.805231109722364
 10
128.17529882943626
 20
-51.79751758638851
 10
128.16720669159665
 20
-51.79000039986268
 10
128.1589325008582
 20
-51.782684078676226
 10
128.15048124178958
 20
-51.77557303035448
 10
128.14185800562956
 20
-51.76867153876151
 10
128.13306798722002
 20
-51.76198376151946
 10
128.12411648187643
 20
-51.75551372750387
 10
128.1150088821978
 20
-51.74926533441659
 10
128.0342279068894
 20
-51.69529035102764
 10
128.02497041349267
 20
-51.6892678151635
 10
128.0155679115195
 20
-51.68347427748171
 10
128.0060260643933
 20
-51.67791322761268
 10
127.99635061946941
 20
-51.67258801515206
 10
127.98654740457339
 20
-51.66750184764323
 10
127.9766223244906
 20
-51.66265778864522
 10
127.96658135740974
 20
-51.6580587558875
 10
127.95643055132182
 20
-51.653707519512494
 10
127.9461760203774
 20
-51.649606700407055
 10
127.93582394120375
 20
-51.64575876862382
 10
127.92538054918457
 20
-51.64216604189343
 10
127.9148521347041
 20
-51.63883068422845
 10
127.90424503935836
 20
-51.63575470461997
 10
127.89356565213525
 20
-51.63293995582749
 10
127.88282040556643
 20
-51.63038813326293
 10
127.87201577185267
 20
-51.62810077396951
 10
127.77672780101632
 20
-51.60914677981937
 10
127.7658699860831
 20
-51.6071252091355
 10
127.75496582940835
 20
-51.60537071195212
 10
127.74402189927402
 20
-51.60388434511686
 10
127.7330447879202
 20
-51.60266700396502
 10
127.7220411075742
 20
-51.60171942178027
 10
127.71101748646751
 20
-51.60104216935291
 10
127.6999805648433
 20
-51.60063565463608
 10
127.68893699095646
 20
-51.6005001225
 10
127.59150457462961
 20
-51.60050012227241
 10
127.5509678067363
 20
-51.597686086050174
 10
127.41047183543039
 20
-51.56464152991766
 10
127.36238428374322
 20
-51.54340881871279
 10
127.28323924312186
 20
-51.508462892164424
 10
127.16849177070249
 20
-51.42985884037934
 10
127.07014115151365
 20
-51.331508219534626
 10
126.99153666006136
 20
-51.216760101138206
 10
126.98394670430473
 20
-51.199570635997084
 10
126.9353573205072
 20
-51.089526627627365
 10
126.90231255782768
 20
-50.94902670184666
 10
126.89949987750072
 20
-50.9084985934165
 10
126.89949987758325
 20
-49.09150532281686
 10
126.90231440725687
 20
-49.05096339026702
 10
126.93535708991425
 20
-48.91047312502109
 10
126.99153648047267
 20
-48.783240245134195
 10
127.07014197220145
 20
-48.66849095812168
 10
127.16849096889656
 20
-48.57014196308242
 10
127.30164685332569
 20
-48.478927596455264
 10
127.30192301741745
 20
-48.47876931559701
 10
127.31136890528975
 20
-48.47304299419942
 10
127.32067139502026
 20
-48.46708654901299
 10
127.32982488143087
 20
-48.460903569070005
 10
127.33882384912492
 20
-48.45449777990034
 10
127.34766287581036
 20
-48.447873041286705
 10
127.34889944730176
 20
-48.446897942396376
 10
127.3542809091021
 20
-48.443513204246045
 10
127.36350721736471
 20
-48.437551817697766
 10
127.37258526798789
 20
-48.43136700641384
 10
127.38150965166807
 20
-48.42496245571428
 10
127.39027505066669
 20
-48.418341981854375
 10
127.39887624197871
 20
-48.41150952975074
 10
127.40730810044496
 20
-48.40446917063065
 10
127.41556560180595
 20
-48.39722509960615
 10
127.4236438256957
 20
-48.38978163317434
 10
127.43153795857366
 20
-48.382143206645274
 10
127.43924329659282
 20
-48.37431437149916
 10
127.44675524840271
 20
-48.366299792674255
 10
127.45406933788512
 20
-48.3581042457872
 10
127.46118120682134
 20
-48.34973261428739
 10
127.46808661748905
 20
-48.34118988654709
 10
127.5041809562152
 20
-48.29540542184667
 10
127.50951320254964
 20
-48.3014357428724
 10
127.56553131731809
 20
-48.36324220804469
 10
127.57304813602616
 20
-48.37133392308846
 10
127.580761271437
 20
-48.37923872909326
 10
127.58866607744625
 20
-48.386951864499544
 10
127.59675779249434
 20
-48.394468683202945
 10
127.65856425769901
 20
-48.45048679793581
 10
127.66683800763941
 20
-48.45780277208582
 10
127.6752888086745
 20
-48.46491349481317
 10
127.68391157035772
 20
-48.47181468288437
 10
127.69270109865987
 20
-48.47850217928179
 10
127.75970068425399
 20
-48.528192458507704
 10
127.76865168469186
 20
-48.53466223493355
 10
127.77775876551752
 20
-48.54091039423645
 10
127.787016440966
 20
-48.54693317275886
 10
127.79641913455978
 20
-48.55272694260422
 10
127.86796659790795
 20
-48.5956108417705
 10
127.87750864581598
 20
-48.601172112988465
 10
127.88718430026542
 20
-48.60649753567723
 10
127.89698773300381
 20
-48.61158390200129
 10
127.90691303880986
 20
-48.616428148123774
 10
127.98231933872877
 20
-48.652092671839114
 10
127.99236053896942
 20
-48.6566918797673
 10
128.00251158520106
 20
-48.661043279110295
 10
128.01276636281307
 20
-48.66514424874784
 10
128.0231186947108
 20
-48.66899231840918
 10
128.10165762731089
 20
-48.69709399781389
 10
128.11010510969862
 20
-48.7000001226791
 10
127.650000099935
 20
-48.700000122745564
 10
127.6389565476529
 20
-48.70013565432706
 10
127.62791964759379
 20
-48.70054216742922
 10
127.61689604797357
 20
-48.701219417183744
 10
127.60589238899644
 20
-48.7021669956407
 10
127.59491529885513
 20
-48.70338433201427
 10
127.58397138973825
 20
-48.70487069302653
 10
127.57306725384747
 20
-48.70662518334918
 10
127.5622094594265
 20
-48.708646746142875
 10
127.55140454680469
 20
-48.710934163693764
 10
127.54065902445738
 20
-48.71348605814705
 10
127.52997936508545
 20
-48.71630089233693
 10
127.51937200171636
 20
-48.71937697071256
 10
127.50884332382915
 20
-48.72271244035933
 10
127.49839967350572
 20
-48.72630529211505
 10
127.48804734161047
 20
-48.730153361780175
 10
127.47779256400105
 20
-48.734254331421425
 10
127.46764151777204
 20
-48.738605730768036
 10
127.45760031753413
 20
-48.74320493869975
 10
127.44767501173085
 20
-48.748049184825675
 10
127.43787157899531
 20
-48.75313555115309
 10
127.4281959245488
 20
-48.758460973845125
 10
127.41865387664377
 20
-48.764022245066265
 10
127.40925118305307
 20
-48.769816014914674
 10
127.39999350760773
 20
-48.77583879344005
 10
127.39088642678527
 20
-48.782086952745814
 10
127.38193542635064
 20
-48.78855672917443
 10
127.3731458980518
 20
-48.79524422557451
 10
127.36452313637194
 20
-48.80214541364826
 10
127.35607233534027
 20
-48.80925613637806
 10
127.34779858540332
 20
-48.81657211053042
 10
127.33970687035871
 20
-48.82408892923607
 10
127.33180206435297
 20
-48.8318020646445
 10
127.32408892894568
 20
-48.83970687065135
 10
127.31657211024121
 20
-48.847798585697056
 10
127.30925613609004
 20
-48.856072335635055
 10
127.30214541336146
 20
-48.864523136667756
 10
127.29524422528895
 20
-48.87314589834861
 10
127.28855672889014
 20
-48.88193542664841
 10
127.28208695246282
 20
-48.89088642708398
 10
127.27583879315837
 20
-48.89999350790734
 10
127.26981601463434
 20
-48.909251183353554
 10
127.26402224478728
 20
-48.918653876945086
 10
127.25846097356752
 20
-48.928195924850925
 10
127.25313555087689
 20
-48.9378715792982
 10
127.2480491845509
 20
-48.94767501203448
 10
127.24320493842639
 20
-48.95760031783845
 10
127.23860573049613
 20
-48.96764151807703
 10
127.23425433115099
 20
-48.97779256430666
 10
127.23015336151123
 20
-48.98804734191667
 10
127.2263052918476
 20
-48.99839967381247
 10
127.22271244009337
 20
-49.008843324136436
 10
127.21937697044812
 20
-49.01937200202412
 10
127.21630089207403
 20
-49.029979365393665
 10
127.21348605788569
 20
-49.040659024766
 10
127.21093416343396
 20
-49.05140454711367
 10
127.20864674588464
 20
-49.062209459735804
 10
127.20662518309251
 20
-49.073067254157074
 10
127.20487069277142
 20
-49.08397139004811
 10
127.20338433176074
 20
-49.094915299165194
 10
127.20216699538877
 20
-49.10589238930669
 10
127.2012194169334
 20
-49.116896048283955
 10
127.20054216718047
 20
-49.12791964790428
 10
127.2001356540799
 20
-49.138956547963446
 10
127.2000001225
 20
-49.15000010024556
 10
127.2000001225
 20
-50.8499999
 10
127.20013565407123
 20
-50.86104345192862
 10
127.20054216714577
 20
-50.87208035163493
 10
127.20121941685537
 20
-50.88310395090367
 10
127.20216699525012
 20
-50.89410760953127
 10
127.20338433154433
 20
-50.90508469932564
 10
127.20487069246012
 20
-50.916028608098785
 10
127.20662518266934
 20
-50.9269327436497
 10
127.20864674533274
 20
-50.937790537735275
 10
127.21093416273668
 20
-50.94859545002678
 10
127.2134860570265
 20
-50.95934097204949
 10
127.21630089103661
 20
-50.97002063110315
 10
127.21937696921637
 20
-50.9806279941609
 10
127.22271243865143
 20
-50.99115667174428
 10
127.22630529017982
 20
-51.00160032177201
 10
127.23015335960231
 20
-51.011952653380234
 10
127.2342543289859
 20
-51.022207430711894
 10
127.23860572806011
 20
-51.03235847667296
 10
127.24320493570505
 20
-51.042399676653325
 10
127.24804918153018
 20
-51.05232498220997
 10
127.25313554754314
 20
-51.06212841471033
 10
127.25846096990742
 20
-51.07180406893364
 10
127.26402224078792
 20
-51.08134611662795
 10
127.26981601028325
 20
-51.0907488100209
 10
127.27583878844352
 20
-51.10000648528195
 10
127.28208694737262
 20
-51.109113565934045
 10
127.28855672341345
 20
-51.11806456621269
 10
127.29524421941514
 20
-51.12685409437036
 10
127.30214540708037
 20
-51.13547685592429
 10
127.30925612939205
 20
-51.14392765684569
 10
127.31657210311722
 20
-51.1522014066884
 10
127.32408892138713
 20
-51.16029312165521
 10
127.33180205635182
 20
-51.168197927599905
 10
127.3397068619075
 20
-51.17591106296328
 10
127.34779857649521
 20
-51.183427881641286
 10
127.35607232596894
 20
-51.19074385578373
 10
127.36452312653171
 20
-51.19785457852163
 10
127.37314588773758
 20
-51.20475576662176
 10
127.38193541555796
 20
-51.211443263066734
 10
127.39088641551031
 20
-51.21791303955902
 10
127.39999349584727
 20
-51.22416119894742
 10
127.40925117080457
 20
-51.230183977574605
 10
127.4186538639053
 20
-51.23597774754416
 10
127.42819591131914
 20
-51.241539018905925
 10
127.43787156527385
 20
-51.24686444175819
 10
127.4476749975177
 20
-51.25195080826558
 10
127.45760030283002
 20
-51.25679505459129
 10
127.46764150257842
 20
-51.261394262742655
 10
127.47779254832002
 20
-51.26574566232884
 10
127.48804732544485
 20
-51.26984663222962
 10
127.498399656859
 20
-51.273694702174225
 10
127.50884330670553
 20
-51.27728755422935
 10
127.51937198412068
 20
-51.280623024195414
 10
127.52997934702329
 20
-51.283699102910155
 10
127.54065900593498
 20
-51.2865139374589
 10
127.55140452782899
 20
-51.28906583229067
 10
127.56220944000512
 20
-51.29135325023954
 10
127.57306723398875
 20
-51.29337481345056
 10
127.58397136945118
 20
-51.29512930420973
 10
127.59491527814934
 20
-51.296615665677486
 10
127.60589236788233
 20
-51.2978330025253
 10
127.61689602646213
 20
-51.29878058147504
 10
127.62791962569672
 20
-51.299457831740604
 10
127.63895652538253
 20
-51.299864345371795
 10
127.65000007730431
 20
-51.2999998775
  0
LWPOLYLINE
  5
3D
330
17
100
AcDbEntity
  8
0
100
AcDbPolyline
 90
332
 70
0
 10
128.88989489069024
 20
-48.700000122566465
 10
128.89834237340241
 20
-48.697093997584204
 10
128.97688130598618
 20
-48.668992318134265
 10
128.98723362427984
 20
-48.66514425371376
 10
128.99748838855334
 20
-48.66104328998157
 10
128.9990472358286
 20
-48.66037506669224
 10
129.9217421496091
 20
-48.66037508145146
 10
129.92985884848625
 20
-48.668491780465295
 10
130.00846272407054
 20
-48.78323899980763
 10
130.06464237239132
 20
-48.9104743471463
 10
130.09768700022718
 20
-49.05097467053234
 10
130.10050012250662
 20
-49.09150283133769
 10
130.10050012254788
 20
-49.188935990582316
 10
130.10063565466749
 20
-49.199979564658996
 10
130.10104216937717
 20
-49.211016486473234
 10
130.1017194218067
 20
-49.222040107769764
 10
130.1026670040029
 20
-49.23304378830512
 10
130.1038843451755
 20
-49.24402089984742
 10
130.1053707120407
 20
-49.254964830169044
 10
130.10712520926322
 20
-49.26586898702956
 10
130.10914677999534
 20
-49.27672680214669
 10
130.1281007742817
 20
-49.372014772941235
 10
130.1303881510911
 20
-49.38281948458363
 10
130.132939994986
 20
-49.393564808174816
 10
130.13575476888812
 20
-49.404244271374026
 10
130.1388307773459
 20
-49.41485144151083
 10
130.14216616755567
 20
-49.42537992945982
 10
130.14575893047765
 20
-49.435823393489045
 10
130.14960690204623
 20
-49.446175543079875
 10
130.1537077644732
 20
-49.456430142716044
 10
130.1580590476442
 20
-49.466581015639555
 10
130.16265813060625
 20
-49.476622047571176
 10
130.16750224314657
 20
-49.486547190393324
 10
130.17258846746128
 20
-49.49635046579309
 10
130.17791373991284
 20
-49.50602596886323
 10
130.18347485287532
 20
-49.51556787165889
 10
130.18926845666664
 20
-49.52497042670806
 10
130.19529106156605
 20
-49.53422797047349
 10
130.24926704508064
 20
-49.61500994571476
 10
130.25551536511549
 20
-49.62411738716698
 10
130.26198531879967
 20
-49.633068738594986
 10
130.26867300860104
 20
-49.64185860766024
 10
130.27557440582203
 20
-49.65048169930196
 10
130.28268535302666
 20
-49.658932818926964
 10
130.2900015665451
 20
-49.66720687553882
 10
130.29751863905398
 20
-49.67529888480475
 10
130.30523204223147
 20
-49.6832039720582
 10
131.91679602833278
 20
-51.294767958091775
 10
131.92470111564433
 20
-51.30248136132395
 10
131.93279312497103
 20
-51.30999843388461
 10
131.9410671816462
 20
-51.317314647451866
 10
131.94951830133692
 20
-51.32442559470228
 10
131.95814139304673
 20
-51.33132699196585
 10
131.96693126218224
 20
-51.33801468180657
 10
131.97588261368264
 20
-51.34448463552681
 10
131.9849900552092
 20
-51.350732955594275
 10
132.06577203051768
 20
-51.40470893898315
 10
132.07502957429188
 20
-51.41073154386905
 10
132.08443212934947
 20
-51.41652514764661
 10
132.09397403215323
 20
-51.42208626059515
 10
132.1036495352311
 20
-51.427411533032554
 10
132.11345281063828
 20
-51.43249775733295
 10
132.12337795346747
 20
-51.437341869858784
 10
132.13341898540577
 20
-51.44194095280614
 10
132.1435698583356
 20
-51.4462922359623
 10
132.15382445797775
 20
-51.45039309837432
 10
132.16417660757415
 20
-51.45424106992776
 10
132.1746200716086
 20
-51.45783383283451
 10
132.18514855956244
 20
-51.46116922302889
 10
132.19575572970368
 20
-51.46424523147118
 10
132.20643519290698
 20
-51.46706000535772
 10
132.21718051650186
 20
-51.46961184923693
 10
132.22798522814756
 20
-51.47189922603055
 10
132.32327319898357
 20
-51.490853220180625
 10
132.33413101404653
 20
-51.492874790887
 10
132.34503517085207
 20
-51.494629288086514
 10
132.35597910111798
 20
-51.496115654931494
 10
132.3669562126039
 20
-51.497332996086605
 10
132.37795989308236
 20
-51.498280578268165
 10
132.38898351432155
 20
-51.49895783068585
 10
132.40002043607814
 20
-51.49936434538654
 10
132.41106401009694
 20
-51.49949987749999
 10
134.49126899689236
 20
-51.49949987748929
 10
134.5010843459185
 20
-51.49939281910833
 10
134.51089502465385
 20
-51.49907169490554
 10
134.52069636502983
 20
-51.498536657676645
 10
134.55319834866913
 20
-51.49640665869226
 10
134.5638766396195
 20
-51.49557913323796
 10
134.57453221181171
 20
-51.49449770952133
 10
134.58515902915576
 20
-51.4931630001393
 10
134.5957510718505
 20
-51.49157576116819
 10
134.6063023397936
 20
-51.48973689173545
 10
134.61680685598063
 20
-51.487647433510276
 10
134.62725866989064
 20
-51.48530857011356
 10
134.63765186085715
 20
-51.48272162644741
 10
134.64798054142193
 20
-51.4798880679446
 10
134.65823886067017
 20
-51.476809499738465
 10
134.66842100754474
 20
-51.47348766575363
 10
134.7604199762198
 20
-51.442257676287966
 10
134.770833953985
 20
-51.43857941510324
 10
134.78115452536676
 20
-51.43464668773003
 10
134.79137547353054
 20
-51.430461863137445
 10
134.80149064165226
 20
-51.42602746215122
 10
134.81149393662687
 20
-51.42134615593517
 10
134.82137933273867
 20
-51.41642076438217
 10
134.83114087529108
 20
-51.411254254415546
 10
134.84077268419355
 20
-51.405849738201866
 10
134.8502689575036
 20
-51.40021047127625
 10
134.85962397492176
 20
-51.39433985058134
 10
134.86883210123727
 20
-51.38824141242105
 10
134.87788778972268
 20
-51.38191883033041
 10
134.8867855854749
 20
-51.37537591286273
 10
134.8955201287013
 20
-51.36861660129541
 10
134.904086157948
 20
-51.36164496725582
 10
134.91247851326958
 20
-51.35446521026871
 10
134.98552248328406
 20
-51.29040623644084
 10
134.99373580411938
 20
-51.283022962632245
 10
135.00176546202061
 20
-51.27544035323536
 10
135.00960662050144
 20
-51.26766297546677
 10
135.01725455661392
 20
-51.259695513857466
 10
135.02470466379344
 20
-51.251542767431225
 10
135.0319524546331
 20
-51.24320964681402
 10
135.03899356358696
 20
-51.23470117127625
 10
135.0458237495991
 20
-51.2260224657094
 10
135.05243889865852
 20
-51.217178757539294
 10
135.05883502627694
 20
-51.20817537357738
 10
135.06500827988873
 20
-51.199017736812294
 10
135.0709549411715
 20
-51.189711363143424
 10
135.07667142828572
 20
-51.18026185805853
 10
135.08215429803218
 20
-51.17067491325739
 10
135.0874002479259
 20
-51.16095630322359
 10
135.09240611818532
 20
-51.1511118817463
 10
135.13537710049752
 20
-51.063975917400555
 10
135.14014006989547
 20
-51.05401119515075
 10
135.14465705505484
 20
-51.04393258353646
 10
135.14892533504238
 20
-51.03374615369331
 10
135.1529423387394
 20
-51.023458041704245
 10
135.1567056463906
 20
-51.013074444903324
 10
135.16021299106157
 20
-51.002601618142585
 10
135.1634622600045
 20
-50.992045870024235
 10
135.16645149593066
 20
-50.98141355910048
 10
135.1691788981896
 20
-50.97071109004333
 10
135.17164282385377
 20
-50.95994490978648
 10
135.17384178870813
 20
-50.949121503641884
 10
135.17577446814423
 20
-50.93824739139311
 10
135.1774396979582
 20
-50.927329123368
 10
135.17883647505192
 20
-50.91637327649284
 10
135.1799639580374
 20
-50.90538645033061
 10
135.1808214677435
 20
-50.894375263105545
 10
135.18717546504664
 20
-50.79742830281609
 10
135.18776248237324
 20
-50.786399449854954
 10
135.1880786593331
 20
-50.77535951239543
 10
135.18812380547018
 20
-50.764315140579605
 10
135.18789789358982
 20
-50.75327298722066
 10
135.1874010597748
 20
-50.74223970379549
 10
135.18663360330362
 20
-50.73122193643795
 10
135.18559598647008
 20
-50.720226321935485
 10
135.1842888343048
 20
-50.709259483731294
 10
135.18271293419883
 20
-50.69832802793456
 10
135.18086923542924
 20
-50.6874385393411
 10
135.17875884858734
 20
-50.676597577466914
 10
135.17638304490973
 20
-50.66581167259688
 10
135.17374325551248
 20
-50.65508732185111
 10
135.17084107052912
 20
-50.6444309852713
 10
135.16767823815272
 20
-50.63384908192933
 10
135.1642566635829
 20
-50.623347986060644
 10
135.13302667628784
 20
-50.53134902377995
 10
135.1293484151077
 20
-50.52093504602723
 10
135.1254156877397
 20
-50.510614474657764
 10
135.1212308631529
 20
-50.50039352650599
 10
135.11679646217306
 20
-50.49027835839599
 10
135.11211515596398
 20
-50.48027506343281
 10
135.1071897644185
 20
-50.47038966733213
 10
135.10202325446
 20
-50.4606281247905
 10
135.09661873825496
 20
-50.45099631589845
 10
135.09097947133853
 20
-50.44150004259843
 10
135.0851088506533
 20
-50.4321450251899
 10
135.07901041250324
 20
-50.42293689888358
 10
135.0726878304233
 20
-50.413881210406934
 10
135.0661449129668
 20
-50.404983414663
 10
135.0593856014111
 20
-50.39624887144446
 10
135.0524139673836
 20
-50.38768284220508
 10
135.04523421040898
 20
-50.379290486890326
 10
134.98117522998533
 20
-50.30624650928523
 10
134.97379209458379
 20
-50.29803333866012
 10
134.96620963088307
 20
-50.290003824085616
 10
134.9584324058431
 20
-50.282162801782846
 10
134.95046510372964
 20
-50.274514994442995
 10
134.94231252329286
 20
-50.26706500838283
 10
134.93397957487718
 20
-50.25981733077022
 10
134.9254712774636
 20
-50.25277632692156
 10
134.91679275564678
 20
-50.24594623767251
 10
134.72335925090832
 20
-50.09751932109445
 10
134.6345209715756
 20
-50.008681041816615
 10
134.62661588427355
 20
-50.000967638597885
 10
134.61852387495696
 20
-49.99345056605013
 10
134.6102498182925
 20
-49.986134352495235
 10
134.60179869861298
 20
-49.97902340525662
 10
134.59317560691494
 20
-49.97212200800424
 10
134.5843857377917
 20
-49.96543431817411
 10
134.5754343863041
 20
-49.95896436446384
 10
134.57474820403388
 20
-49.95849359707695
 10
134.57589981548256
 20
-49.956273987898946
 10
134.58074406160512
 20
-49.94634868209479
 10
134.58534326953344
 20
-49.93630748185609
 10
134.5896946688767
 20
-49.92615643562638
 10
134.59379563851456
 20
-49.91590165801635
 10
134.59764370817632
 20
-49.90554932612058
 10
134.60123655992865
 20
-49.8951056757967
 10
134.60457202957207
 20
-49.88457699790914
 10
134.60764810794433
 20
-49.87396963453979
 10
134.61046294213088
 20
-49.86328997516768
 10
134.61301483658085
 20
-49.8525444528203
 10
134.6153022541284
 20
-49.84173954019848
 10
134.6173238169188
 20
-49.83088174577759
 10
134.61907830723817
 20
-49.81997760988697
 10
134.62056466824717
 20
-49.80903370077035
 10
134.6217820046175
 20
-49.79805661062936
 10
134.62272958307128
 20
-49.78705295165264
 10
134.6234068328226
 20
-49.77602935203291
 10
134.6238133459216
 20
-49.76499245197436
 10
134.6239488775
 20
-49.75394889969291
 10
134.6239488774642
 20
-49.49141281197305
 10
134.6286808241497
 20
-49.500010191677404
 10
134.63424209537303
 20
-49.509552239582284
 10
134.679648577183
 20
-49.58530837771561
 10
134.68544234703367
 20
-49.59471107130619
 10
134.6914651255613
 20
-49.60396874675135
 10
134.69771328486934
 20
-49.613075827573546
 10
134.70418306130026
 20
-49.62202682800784
 10
134.7567962985118
 20
-49.69296756613041
 10
134.7634837949141
 20
-49.70175709442874
 10
134.77038498299007
 20
-49.71037985610803
 10
134.7774957057221
 20
-49.71883065713905
 10
134.7848116798767
 20
-49.72710440707527
 10
134.84412497825372
 20
-49.79254654709847
 10
134.85164179696167
 20
-49.80063826214239
 10
134.8593549323724
 20
-49.808543068147344
 10
134.86725973838156
 20
-49.81625620355378
 10
134.87535145342957
 20
-49.823773022257335
 10
134.9407935934855
 20
-49.88308632059909
 10
134.94906734342575
 20
-49.89040229474921
 10
134.9575181444607
 20
-49.89751301747667
 10
134.96614090614378
 20
-49.90441420554799
 10
134.97493043444578
 20
-49.911101701945526
 10
135.04587117259715
 20
-49.96371493911848
 10
135.05482217303495
 20
-49.970184715544484
 10
135.06392925386052
 20
-49.97643287484754
 10
135.07318692930892
 20
-49.98245565337012
 10
135.08258962290262
 20
-49.988249423215635
 10
135.15834576106047
 20
-50.033655904984215
 10
135.16788780896843
 20
-50.039217176202335
 10
135.17756346341778
 20
-50.044542598891255
 10
135.1873668961561
 20
-50.04962896521548
 10
135.19729220196209
 20
-50.05447321133812
 10
135.27713416710404
 20
-50.0922356484616
 10
135.2871753673446
 20
-50.09683485638995
 10
135.29732641357617
 20
-50.1011862557331
 10
135.3075811911881
 20
-50.10528722537081
 10
135.31793352308574
 20
-50.1091352950323
 10
135.40109239344133
 20
-50.138890014598054
 10
135.40141391575833
 20
-50.139000625550274
 10
136.03241324425773
 20
-50.770000048953555
 10
135.00278832837645
 20
-51.79962493312861
 10
131.99721160389603
 20
-51.79962490446554
 10
129.79999987742838
 20
-49.602413137315146
 10
129.7999998772545
 20
-49.150000099827054
 10
129.79986434567036
 20
-49.13895654754566
 10
129.7994578325656
 20
-49.12791964748732
 10
129.79878058280852
 20
-49.11689604786792
 10
129.79783300434903
 20
-49.10589238889168
 10
129.796615667973
 20
-49.09491529875132
 10
129.79512930695827
 20
-49.08397138963546
 10
129.79337481663322
 20
-49.07306725374574
 10
129.79135325383717
 20
-49.062209459325885
 10
129.78906583628398
 20
-49.05140454670525
 10
129.78651394182842
 20
-49.04065902435918
 10
129.7836991076363
 20
-49.029979364988534
 10
129.7806230292585
 20
-49.019372001620766
 10
129.77728755960962
 20
-49.008843323734936
 10
129.7736947078518
 20
-48.99839967341292
 10
129.76984663818465
 20
-48.98804734151914
 10
129.76574566854143
 20
-48.97779256391124
 10
129.7613942691929
 20
-48.96764151768379
 10
129.7567950612593
 20
-48.957600317447465
 10
129.75195081513158
 20
-48.94767501164583
 10
129.7468644488024
 20
-48.93787157891195
 10
129.74153902610868
 20
-48.92819592446715
 10
129.73597775488588
 20
-48.918653876563845
 10
129.7301839850359
 20
-48.90925118297491
 10
129.72416120650897
 20
-48.89999350753137
 10
129.71791304720173
 20
-48.89088642671073
 10
129.71144327077172
 20
-48.88193542627795
 10
129.70475577437028
 20
-48.87314589798099
 10
129.69785458629522
 20
-48.86452313630303
 10
129.6907438635642
 20
-48.85607233527327
 10
129.68342788941067
 20
-48.84779858533827
 10
129.6759110707039
 20
-48.83970687029559
 10
129.66819793529442
 20
-48.83180206429183
 10
129.66029312928657
 20
-48.824088928886525
 10
129.65220141423993
 20
-48.81657211018403
 10
129.64392766430106
 20
-48.809256136034875
 10
129.63547686326754
 20
-48.80214541330831
 10
129.62685410158593
 20
-48.795244225237816
 10
129.61806457328544
 20
-48.78855672884104
 10
129.60911357284922
 20
-48.78208695241574
 10
129.60000649202527
 20
-48.775838793113316
 10
129.59074881657855
 20
-48.769816014591306
 10
129.58134612298656
 20
-48.76402224474628
 10
129.5718040750803
 20
-48.758460973528535
 10
129.5621284206327
 20
-48.75313555083992
 10
129.55232498789613
 20
-48.74804918451593
 10
129.54239968209194
 20
-48.74320493839344
 10
129.53235848185318
 20
-48.73860573046517
 10
129.52220743562341
 20
-48.73425433112201
 10
129.51195265801334
 20
-48.730153361484206
 10
129.50160032611754
 20
-48.72630529182253
 10
129.4911566757936
 20
-48.72271244007025
 10
129.48062799790603
 20
-48.71937697042692
 10
129.47002063453664
 20
-48.716300892054726
 10
129.4593409751645
 20
-48.713486057868266
 10
129.44859545281707
 20
-48.71093416341839
 10
129.43779054019524
 20
-48.7086467458709
 10
129.4269327457743
 20
-48.70662518308059
 10
129.41602860988365
 20
-48.7048706927613
 10
129.40508470076702
 20
-48.70338433175238
 10
129.394107610626
 20
-48.702166995382136
 10
129.38310395164928
 20
-48.70121941692847
 10
129.3720803520295
 20
-48.70054216717721
 10
129.36104345197097
 20
-48.700135654078295
 10
129.3499998996895
 20
-48.7000001225
 10
128.88989489069024
 20
-48.700000122566465
  0
LWPOLYLINE
  5
3E
330
17
100
AcDbEntity
  8
0
100
AcDbPolyline
 90
560
 70
0
 10
127.65000007226082
 20
-51.399999872500004
 10
128.06099184707247
 20
-51.39999989322832
 10
130.58049597527736
 20
-53.91950402142524
 10
130.59015740490634
 20
-53.92893118698628
 10
130.6000472789192
 20
-53.93811840990732
 10
130.65460967753575
 20
-53.987570885395826
 10
130.66472203857427
 20
-53.99651263157873
 10
130.6750507953952
 20
-54.005203514911706
 10
130.68558972634162
 20
-54.01363830033161
 10
130.6963324831556
 20
-54.0218119070391
 10
130.75547933706625
 20
-54.06567820352227
 10
130.7664194487129
 20
-54.07358570804236
 10
130.7775503252779
 20
-54.08122234718994
 10
130.78886526193747
 20
-54.088583520939146
 10
130.80035744299684
 20
-54.09566479519416
 10
130.86351913757716
 20
-54.133522457989805
 10
130.87518164057613
 20
-54.14031956725577
 10
130.88700744045903
 20
-54.14682841720826
 10
130.89898941380622
 20
-54.15304508715944
 10
130.91112034312496
 20
-54.15896583241979
 10
130.97768859672902
 20
-54.1904502715405
 10
130.9899611748011
 20
-54.19607152567446
 10
131.00236800908442
 20
-54.20138990264874
 10
131.0149016261659
 20
-54.20640219887192
 10
131.02755447626328
 20
-54.21110539512418
 10
131.09688820021887
 20
-54.23591339821
 10
131.1096526617285
 20
-54.240304661461806
 10
131.12252104581592
 20
-54.24438134658033
 10
131.13548560104775
 20
-54.24814099792292
 10
131.14853851806072
 20
-54.25158135081616
 10
131.21996999070453
 20
-54.26947400323587
 10
131.23310340690932
 20
-54.2725929853398
 10
131.2463094112273
 20
-54.27538871789627
 10
131.25958004885518
 20
-54.277859516860524
 10
131.27290732605718
 20
-54.280003893915655
 10
131.34574862325877
 20
-54.29080887964532
 10
131.35912451214804
 20
-54.29262554309466
 10
131.37254095562244
 20
-54.29411339865382
 10
131.3859898721181
 20
-54.29527155009426
 10
131.39946316051066
 20
-54.296099299788864
 10
131.4730127830916
 20
-54.29971256104197
 10
131.4865023275876
 20
-54.300209410385555
 10
131.50000000257825
 20
-54.3003750600938
 10
135.4999999976685
 20
-54.30037506008778
 10
135.51349767277063
 20
-54.30020941037676
 10
135.52698721737784
 20
-54.29971256102493
 10
135.60053684020156
 20
-54.29609929972979
 10
135.6140101286274
 20
-54.29527155002721
 10
135.62745904515603
 20
-54.294113398577146
 10
135.64087548866306
 20
-54.292625543006736
 10
135.6542513775846
 20
-54.290808879544535
 10
135.72709267477939
 20
-54.28000389376724
 10
135.74041995198002
 20
-54.27785951670339
 10
135.75369058960635
 20
-54.27538871773046
 10
135.76689659392252
 20
-54.272592985165346
 10
135.78003001012533
 20
-54.26947400305282
 10
135.8514614827571
 20
-54.251581350586505
 10
135.8645143997677
 20
-54.24814099768476
 10
135.877478954997
 20
-54.24438134633373
 10
135.89034733908167
 20
-54.24030466120682
 10
135.90311180058833
 20
-54.23591339794671
 10
135.97244552452761
 20
-54.211105394815654
 10
135.98509837462197
 20
-54.20640219855512
 10
135.99763199170022
 20
-54.20138990232373
 10
136.0100388259801
 20
-54.19607152534133
 10
136.02231140404857
 20
-54.19045027119933
 10
136.08887965763225
 20
-54.15896583203504
 10
136.10101058694713
 20
-54.15304508676676
 10
136.11299256029025
 20
-54.14682841680775
 10
136.1248183601689
 20
-54.14031956684753
 10
136.13648086316343
 20
-54.13352245757395
 10
136.19964255771933
 20
-54.09566479473685
 10
136.2111347387741
 20
-54.0885835204743
 10
136.2224496754289
 20
-54.08122234671768
 10
136.23358055198895
 20
-54.0735857075628
 10
136.24452066363045
 20
-54.06567820303554
 10
136.30366751751225
 20
-54.02181190651384
 10
136.31441027429435
 20
-54.01363829982003
 10
136.32494920520975
 20
-54.00520351441524
 10
136.33527796200056
 20
-53.996512631098774
 10
136.34539032300995
 20
-53.98757088493373
 10
136.39995272142482
 20
-53.93811840958739
 10
136.40984259535324
 20
-53.92893118673912
 10
136.4195040249015
 20
-53.91950402125486
 10
138.41950402142598
 20
-51.919504024721846
 10
138.42893118698683
 20
-51.90984259509305
 10
138.4381184099077
 20
-51.89995272108039
 10
138.48757088539585
 20
-51.84539032246427
 10
138.49651263157887
 20
-51.83527796142562
 10
138.50520351491193
 20
-51.82494920460458
 10
138.51363830033193
 20
-51.814410273658034
 10
138.5218119070395
 20
-51.80366751684393
 10
138.56567820352257
 20
-51.74452066293334
 10
138.5735857080426
 20
-51.73358055128677
 10
138.58122234719013
 20
-51.72244967472182
 10
138.58858352093927
 20
-51.71113473806233
 10
138.59566479519424
 20
-51.69964255700303
 10
138.6335224579897
 20
-51.636480862423014
 10
138.64031956725566
 20
-51.624818359424054
 10
138.64682841720813
 20
-51.61299255954116
 10
138.6530450871593
 20
-51.60101058619399
 10
138.65896583241965
 20
-51.58887965687526
 10
138.6904502715407
 20
-51.52231140327049
 10
138.69607152567474
 20
-51.510038825198244
 10
138.70138990264908
 20
-51.49763199091476
 10
138.70640219887233
 20
-51.48509837383311
 10
138.71110539512463
 20
-51.47244552373556
 10
138.7359133982104
 20
-51.4031117997798
 10
138.74030466146212
 20
-51.39034733827042
 10
138.74438134658055
 20
-51.37747895418325
 10
138.74814099792306
 20
-51.36451439895167
 10
138.75158135081622
 20
-51.35146148193897
 10
138.76947400323573
 20
-51.280030009296176
 10
138.7725929853397
 20
-51.266896593091275
 10
138.7753887178962
 20
-51.25369058877321
 10
138.77785951686047
 20
-51.240419951145185
 10
138.78000389391562
 20
-51.22709267394309
 10
138.7908088796453
 20
-51.15425137674123
 10
138.79262554309466
 20
-51.140875487851964
 10
138.79411339865382
 20
-51.12745904437758
 10
138.79527155009424
 20
-51.114010127881926
 10
138.79609929978886
 20
-51.10053683948936
 10
138.79971256104199
 20
-51.026987216907976
 10
138.80020941038563
 20
-51.01349767240884
 10
138.80037506009378
 20
-50.99999999741502
 10
138.80037506008776
 20
-50.54000000232491
 10
138.80020941037668
 20
-50.52650232722592
 10
138.7997125610249
 20
-50.51301278262181
 10
138.79609929972975
 20
-50.43946315979824
 10
138.7952715500272
 20
-50.42598987137251
 10
138.79411339857714
 20
-50.41254095484397
 10
138.79262554300672
 20
-50.39912451133704
 10
138.79080887954456
 20
-50.385748622415626
 10
138.78000389376734
 20
-50.31290732522115
 10
138.77785951670347
 20
-50.29958004802038
 10
138.77538871773052
 20
-50.2863094103939
 10
138.77259298516537
 20
-50.27310340607759
 10
138.7694740030528
 20
-50.25996998987465
 10
138.75158135058626
 20
-50.18853851724215
 10
138.74814099768452
 20
-50.17548560023158
 10
138.7443813463335
 20
-50.16252104500234
 10
138.7403046612066
 20
-50.149652660917724
 10
138.73591339794652
 20
-50.13688819941111
 10
138.7111053948155
 20
-50.06755447547195
 10
138.70640219855494
 20
-50.05490162537753
 10
138.7013899023235
 20
-50.04236800829922
 10
138.69607152534107
 20
-50.029961174019284
 10
138.69045027119904
 20
-50.01768859595077
 10
138.6589658320348
 20
-49.951120342367304
 10
138.65304508676655
 20
-49.9389894130525
 10
138.64682841680758
 20
-49.927007439709456
 10
138.6403195668474
 20
-49.915181639830884
 10
138.63352245757386
 20
-49.90351913683642
 10
138.59566479473682
 20
-49.840357442280634
 10
138.58858352047426
 20
-49.828865261225864
 10
138.58122234671765
 20
-49.81755032457107
 10
138.57358570756278
 20
-49.80641944801102
 10
138.5656782030355
 20
-49.79547933636953
 10
138.52181190651376
 20
-49.736332482487676
 10
138.51363829981995
 20
-49.72558972570555
 10
138.50520351441514
 20
-49.71505079479012
 10
138.49651263109865
 20
-49.70472203799929
 10
138.48757088493358
 20
-49.69460967698988
 10
138.4381184095869
 20
-49.64004727857467
 10
138.42893118831103
 20
-49.63015740629779
 10
138.41950402447927
 20
-49.62049597832289
 10
137.1855968095366
 20
-48.38658874292255
 10
137.16328969656348
 20
-48.32424453872145
 10
137.1585865003036
 20
-48.31159168862681
 10
137.1535742040729
 20
-48.29905807154826
 10
137.14825582709113
 20
-48.28665123726806
 10
137.1426345729498
 20
-48.27437865919927
 10
137.10487213578278
 20
-48.19453669407791
 10
137.0989513905152
 20
-48.18240576476276
 10
137.09273472055685
 20
-48.17042379141935
 10
137.0862258705973
 20
-48.158597991540404
 10
137.07942876132438
 20
-48.14693548854555
 10
137.0340222795144
 20
-48.07117935041222
 10
137.0269410052525
 20
-48.05968716935707
 10
137.0195798314965
 20
-48.04837223270189
 10
137.01194319234222
 20
-48.03724135614142
 10
137.00403568781556
 20
-48.0263012444995
 10
136.951422450604
 20
-47.95536050637693
 10
136.9432488438901
 20
-47.94461774956787
 10
136.9348140584639
 20
-47.934078818626524
 10
136.92612317512473
 20
-47.92375006181083
 10
136.9171814289358
 20
-47.91363770077766
 10
136.85786813055878
 20
-47.84819556075446
 10
136.84868090769348
 20
-47.8383056868119
 10
136.8392537421915
 20
-47.82864425725028
 10
136.82959231262473
 20
-47.81921709175353
 10
136.81970243867715
 20
-47.81002986889362
 10
136.75426029862123
 20
-47.750716570551866
 10
136.74414793758314
 20
-47.74177482436839
 10
136.73381918076265
 20
-47.73308394103482
 10
136.72328024981667
 20
-47.724649155614316
 10
136.71253749300308
 20
-47.716475548906224
 10
136.64159675485172
 20
-47.66386231173327
 10
136.63065664320553
 20
-47.65595480721259
 10
136.61952576664095
 20
-47.648318168064414
 10
136.6082108299818
 20
-47.64095699431461
 10
136.59671864892283
 20
-47.633875720058974
 10
136.52096251076497
 20
-47.58846923829039
 10
136.50930000776637
 20
-47.5816721290238
 10
136.49747420788384
 20
-47.57516327907068
 10
136.485492234537
 20
-47.568946609118846
 10
136.4733613052186
 20
-47.56302586385784
 10
136.39351934007664
 20
-47.525263426734355
 10
136.38124676200485
 20
-47.519642172599724
 10
136.3688399277218
 20
-47.51432379562476
 10
136.35630631064058
 20
-47.509311499400894
 10
136.34365346054344
 20
-47.50460830314794
 10
136.26049459018785
 20
-47.47485358358219
 10
136.24773012867848
 20
-47.4704623203297
 10
136.23486174459129
 20
-47.46638563521047
 10
136.22189718935965
 20
-47.46262598386719
 10
136.20884427234688
 20
-47.45918563097324
 10
136.1231693621584
 20
-47.43772518318029
 10
136.11003594595377
 20
-47.434606201075646
 10
136.09682994163597
 20
-47.431810468518464
 10
136.0835593040082
 20
-47.42933966955349
 10
136.07023202680634
 20
-47.427195292497636
 10
135.98286617300525
 20
-47.41423579232122
 10
135.9694902840826
 20
-47.41241912886703
 10
135.95607384057467
 20
-47.41093127330465
 10
135.94262492404533
 20
-47.40977312186265
 10
135.92915163561898
 20
-47.408945372168134
 10
135.84093621913587
 20
-47.40461162667931
 10
135.82744667461776
 20
-47.40411477733777
 10
135.81394899960503
 20
-47.403949127632636
 10
135.8004513245924
 20
-47.40411477734512
 10
135.78696178007453
 20
-47.40461162669402
 10
135.69874636359387
 20
-47.408945372230896
 10
135.68527307516797
 20
-47.409773121932744
 10
135.67182415863925
 20
-47.410931273382076
 10
135.65840771513214
 20
-47.41241912895176
 10
135.6450318262105
 20
-47.41423579241324
 10
135.5576659724162
 20
-47.427195292637286
 10
135.5443386952155
 20
-47.429339669700404
 10
135.53106805758904
 20
-47.431810468672616
 10
135.51786205327272
 20
-47.434606201237
 10
135.50472863706977
 20
-47.43772518334881
 10
135.41905372689334
 20
-47.45918563118836
 10
135.40600080988253
 20
-47.46262598408941
 10
135.39303625465303
 20
-47.46638563543973
 10
135.38016787056813
 20
-47.47046232056594
 10
135.3674034090612
 20
-47.474853583825364
 10
135.28424453872194
 20
-47.50460830343635
 10
135.2715916886273
 20
-47.509311499696196
 10
135.25905807154876
 20
-47.5143237959269
 10
135.2466512372686
 20
-47.51964217290864
 10
135.23437865919982
 20
-47.52526342704998
 10
135.15453669407825
 20
-47.563025864217046
 10
135.14240576476305
 20
-47.56894660948466
 10
135.13042379141962
 20
-47.57516327944302
 10
135.1185979915406
 20
-47.581672129402584
 10
135.10693548854573
 20
-47.588469238675536
 10
135.0311793504123
 20
-47.63387572048558
 10
135.01968716935713
 20
-47.640956994747484
 10
135.00837223270196
 20
-47.64831816850348
 10
134.99724135614147
 20
-47.65595480765775
 10
134.98630124449957
 20
-47.66386231218442
 10
134.91536050637706
 20
-47.716475549395916
 10
134.90461774956796
 20
-47.72464915610984
 10
134.89407881862658
 20
-47.733083941536066
 10
134.88375006181087
 20
-47.74177482487523
 10
134.8736377007777
 20
-47.750716571064196
 10
134.8081955607544
 20
-47.810029869441315
 10
134.79830568681186
 20
-47.81921709230657
 10
134.78864425725027
 20
-47.82864425780856
 10
134.77921709175357
 20
-47.838305687375275
 10
134.7700298688937
 20
-47.848195561322825
 10
134.72145150474432
 20
-47.901793526690234
 10
134.72130047261993
 20
-47.900039681233515
 10
134.71981261737227
 20
-47.886623239155035
 10
134.71799595430315
 20
-47.87324735164891
 10
134.7158515777023
 20
-47.85992007584787
 10
134.71338077926168
 20
-47.84664943960279
 10
134.71058504729754
 20
-47.83344343664701
 10
134.707466065854
 20
-47.82031002178119
 10
134.70402571368834
 20
-47.807257106081636
 10
134.70026606313968
 20
-47.794292552135
 10
134.69618937888043
 20
-47.78142416930211
 10
134.69549969046406
 20
-47.77941939260145
 10
134.6955688712123
 20
-47.77935512714173
 10
134.7052306442764
 20
-47.76992763471654
 10
134.78943694502982
 20
-47.685721334984436
 10
134.95070058928098
 20
-47.5619812411727
 10
135.12670989252047
 20
-47.460363402384715
 10
135.17407723823314
 20
-47.440742631298015
 10
135.31448896506998
 20
-47.38258233753487
 10
135.51081548213372
 20
-47.329977478877886
 10
135.71232335256744
 20
-47.3034488726232
 10
135.915574187305
 20
-47.30344887331783
 10
136.1170854204607
 20
-47.32997827308795
 10
136.23305931373076
 20
-47.361053283748596
 10
136.31340965632145
 20
-47.382582970681625
 10
136.50119560999053
 20
-47.460367428972795
 10
136.67720879752773
 20
-47.561989302393876
 10
136.83845924070837
 20
-47.685720519875595
 10
136.98217641472357
 20
-47.8294376948732
 10
137.1059123660103
 20
-47.990696143103484
 10
137.17367645041958
 20
-48.10806720883149
 10
137.20753407125713
 20
-48.16670968218613
 10
137.21757817921943
 20
-48.19095836643579
 10
137.22289637796274
 20
-48.203364829017964
 10
137.2285174356069
 20
-48.21563704408443
 10
137.23443796644358
 20
-48.22776761976279
 10
137.24065440438397
 20
-48.23974924949373
 10
137.24716300510687
 20
-48.251574716431925
 10
137.25395984831377
 20
-48.263236897792936
 10
137.26104084009032
 20
-48.274728769143465
 10
137.26840171537208
 20
-48.28604340863231
 10
137.3223777044655
 20
-48.366825392223035
 10
137.33001454006762
 20
-48.3779567095592
 10
137.33792226124146
 20
-48.388897250198895
 10
137.34609610433654
 20
-48.39964042350611
 10
137.3545311453892
 20
-48.41017975773993
 10
137.36322230308883
 20
-48.42050890395307
 10
137.37216434183887
 20
-48.43062163981657
 10
137.38135187491076
 20
-48.44051187336814
 10
137.39077936768902
 20
-48.45017364668198
 10
138.39990418984019
 20
-49.45929846858744
 10
138.39994553380518
 20
-49.45933881302915
 10
138.55521478732916
 20
-49.61460892647663
 10
138.66697002784107
 20
-49.7602522616408
 10
138.75876733361864
 20
-49.919250027416055
 10
138.82195710258668
 20
-50.07180459575879
 10
138.82902122198647
 20
-50.08885872185397
 10
138.8765368838837
 20
-50.26619016737042
 10
138.9005001274526
 20
-50.44820642337104
 10
138.90050012660635
 20
-51.09179358823392
 10
138.8765368818682
 20
-51.27380984276206
 10
138.8290208792911
 20
-51.45114255449595
 10
138.75876562792922
 20
-51.620754350731175
 10
138.66697188035553
 20
-51.77974537372405
 10
138.55521120694465
 20
-51.92539447914119
 10
136.42538158773849
 20
-54.055221180525365
 10
136.27974543518016
 20
-54.16697184565396
 10
136.12075434146504
 20
-54.25876563249878
 10
135.9511425447129
 20
-54.32902088261201
 10
135.77380983262947
 20
-54.37653688388368
 10
135.59179357632954
 20
-54.40050012749202
 10
131.40820534054282
 20
-54.40050012656693
 10
131.22618984260177
 20
-54.37653769945511
 10
131.06248198994192
 20
-54.33267199378412
 10
131.04885515314973
 20
-54.32902078876757
 10
130.87924694333253
 20
-54.258766304939854
 10
130.7202587315411
 20
-54.166974239026814
 10
130.6607768636405
 20
-54.121332581194174
 10
130.574603991416
 20
-54.055210701558586
 10
128.2539147291328
 20
-51.73452045020753
 10
128.2442528057443
 20
-51.725092810577266
 10
128.23436241505146
 20
-51.7159051381568
 10
128.22424951526003
 20
-51.70696296781781
 10
128.2139201986206
 20
-51.69827168653567
 10
128.20338068775834
 20
-51.68983653014427
 10
128.19263733192446
 20
-51.68166258018176
 10
128.1816966031712
 20
-51.67375476082937
 10
128.17056509245285
 20
-51.666117835944924
 10
128.08978411714446
 20
-51.61214285255597
 10
128.07846940299288
 20
-51.60478197538868
 10
128.06697745613678
 20
-51.59770098488872
 10
128.0553151985381
 20
-51.5909041461599
 10
128.04348965474225
 20
-51.58439555315248
 10
128.0315079476471
 20
-51.57817912619724
 10
128.0193772942126
 20
-51.57225860964412
 10
128.00710500111376
 20
-51.56663756960691
 10
127.99469846033962
 20
-51.56131939181524
 10
127.98216514474089
 20
-51.55630727957526
 10
127.96951260352866
 20
-51.551604251840196
 10
127.95674845772743
 20
-51.547213141391936
 10
127.94388039558464
 20
-51.54313659313474
 10
127.93091616793984
 20
-51.539377062502155
 10
127.91786358355604
 20
-51.535936813978005
 10
127.90473050441638
 20
-51.532817919732445
 10
127.89152484098845
 20
-51.53002225837381
 10
127.7962368701521
 20
-51.511068264223674
 10
127.78296620745594
 20
-51.50859745561006
 10
127.76963890485347
 20
-51.5064530701637
 10
127.75626299024484
 20
-51.50463639958727
 10
127.7428465208124
 20
-51.50314853817947
 10
127.72939757816728
 20
-51.50199038217588
 10
127.71592426348134
 20
-51.50116262920911
 10
127.7024346926073
 20
-51.50066577788854
 10
127.68893699119005
 20
-51.5005001275
 10
127.59497137060733
 20
-51.500500127280496
 10
127.56597591626716
 20
-51.49848728158426
 10
127.4423871672624
 20
-51.469419292546036
 10
127.40277635577328
 20
-51.45192942476466
 10
127.33210819876632
 20
-51.42072640553963
 10
127.23265018005101
 20
-51.352595900451306
 10
127.14740409252187
 20
-51.267349811486916
 10
127.07927304937583
 20
-51.167891003714615
 10
127.07542599148888
 20
-51.159178322170234
 10
127.03057963563234
 20
-51.05761142887944
 10
127.00151159285811
 20
-50.93401974532043
 10
126.99949987250088
 20
-50.90503272536395
 10
126.9994998725831
 20
-49.094972284482
 10
127.00151318605197
 20
-49.06597148210234
 10
127.03057935236298
 20
-48.942388495301316
 10
127.07927282660732
 20
-48.83210942501907
 10
127.14740487048074
 20
-48.73264940911896
 10
127.23264941881794
 20
-48.64740486221697
 10
127.35586170822202
 20
-48.56300205127957
 10
127.36425491450214
 20
-48.55791389044535
 10
127.37562462417274
 20
-48.55063379077305
 10
127.3868122186746
 20
-48.54307681528718
 10
127.39781095696735
 20
-48.53524751741315
 10
127.40592407734493
 20
-48.52916683638849
 10
127.40752179282957
 20
-48.52816193311966
 10
127.41879839181719
 20
-48.5208757940051
 10
127.42989378702329
 20
-48.51331658021364
 10
127.44080136707687
 20
-48.50548879602528
 10
127.45151463251962
 20
-48.497397105752064
 10
127.46202719967876
 20
-48.48904633095872
 10
127.47233280447084
 20
-48.480441447589726
 10
127.48242530613426
 20
-48.471587583004236
 10
127.49229869088842
 20
-48.46249001292091
 10
127.50194707551701
 20
-48.45315415827427
 10
127.50758663414246
 20
-48.44742421175335
 10
127.51005059687427
 20
-48.44994940369678
 10
127.51971202644113
 20
-48.45937656919334
 10
127.52960190038881
 20
-48.46856379205305
 10
127.59140836559348
 20
-48.52458190678591
 10
127.60152072663173
 20
-48.53352365296926
 10
127.61184948345239
 20
-48.54221453630269
 10
127.62238841439856
 20
-48.55064932172305
 10
127.6331311712123
 20
-48.558822928431
 10
127.68865219730847
 20
-48.600000127739975
 10
127.65000009992055
 20
-48.60000012774556
 10
127.6365024249091
 20
-48.60016577745628
 10
127.62301288039241
 20
-48.60066262680337
 10
127.60953959196769
 20
-48.60149037650334
 10
127.59609067544008
 20
-48.602648527950734
 10
127.58267423193404
 20
-48.60413638351842
 10
127.56929834301341
 20
-48.60595304697785
 10
127.55597106581357
 20
-48.608097424038874
 10
127.54270042818793
 20
-48.61056822300894
 10
127.52949442387238
 20
-48.61336395557114
 10
127.51636100767013
 20
-48.61648293768071
 10
127.50330809066
 20
-48.61992329057946
 10
127.4903435354311
 20
-48.62368294192745
 10
127.47747515134674
 20
-48.627759627051276
 10
127.4647106898403
 20
-48.632150890308274
 10
127.45205783974612
 20
-48.63685408656565
 10
127.43952422266794
 20
-48.64186638279384
 10
127.42711738838806
 20
-48.64718475977303
 10
127.41484481031948
 20
-48.65280601391179
 10
127.40271388100437
 20
-48.658726759176815
 10
127.39073190766094
 20
-48.66494342913255
 10
127.37890610778187
 20
-48.67145227908947
 10
127.36724360478684
 20
-48.67824938835975
 10
127.35575142373153
 20
-48.685330662618924
 10
127.34443648707611
 20
-48.69269183637216
 10
127.33330561051532
 20
-48.700328475523655
 10
127.322365498873
 20
-48.70823598004752
 10
127.3116227420633
 20
-48.716409586758715
 10
127.30108381112126
 20
-48.7248443721822
 10
127.29075505430477
 20
-48.73353525551862
 10
127.28064269327074
 20
-48.742477001704835
 10
127.2707528193273
 20
-48.7516642245673
 10
127.26109138976474
 20
-48.76109139006649
 10
127.25166422426695
 20
-48.77075281963041
 10
127.24247700140592
 20
-48.78064269357517
 10
127.23353525522116
 20
-48.7907550546105
 10
127.22484437188623
 20
-48.80108381142824
 10
127.21640958646427
 20
-48.81162274237151
 10
127.20823597975462
 20
-48.82236549918238
 10
127.20032847523234
 20
-48.833305610825846
 10
127.19269183608246
 20
-48.84443648738774
 10
127.18533066233086
 20
-48.855751424044215
 10
127.17824938807334
 20
-48.86724360510054
 10
127.17145227880475
 20
-48.878906108096565
 10
127.16494342884954
 20
-48.89073190797657
 10
127.15872675889553
 20
-48.902713881320906
 10
127.15280601363226
 20
-48.91484481063687
 10
127.14718475949527
 20
-48.92711738870625
 10
127.14186638251788
 20
-48.93952422298691
 10
127.13685408629149
 20
-48.952057840065805
 10
127.13215089003594
 20
-48.96471069016068
 10
127.12775962678079
 20
-48.97747515166775
 10
127.12368294165881
 20
-48.99034353575269
 10
127.11992329031271
 20
-49.00330809098213
 10
127.11648293741584
 20
-49.016361007992764
 10
127.11336395530817
 20
-49.02949442419547
 10
127.11056822274787
 20
-49.04270042851142
 10
127.10809742377972
 20
-49.05597106613741
 10
127.10595304672063
 20
-49.06929834333757
 10
127.10413638326314
 20
-49.08267423225845
 10
127.10264852769738
 20
-49.09609067576472
 10
127.10149037625193
 20
-49.109539592292485
 10
127.10066262655391
 20
-49.123012880717326
 10
127.10016577720877
 20
-49.136502425234085
 10
127.1000001275
 20
-49.15000010024556
 10
127.1000001275
 20
-50.8499999
 10
127.10016577719817
 20
-50.863497574579426
 10
127.1006626265115
 20
-50.876987118664914
 10
127.10149037615655
 20
-50.89046040666004
 10
127.10264852752793
 20
-50.903909322760434
 10
127.10413638299862
 20
-50.91732576584245
 10
127.10595304634015
 20
-50.93070165434296
 10
127.10809742326252
 20
-50.944028931127406
 10
127.11056822207335
 20
-50.95729956834312
 10
127.11336395445593
 20
-50.97050557225495
 10
127.11648293636573
 20
-50.983638988060484
 10
127.11992328904475
 20
-50.996691904681626
 10
127.12368294015334
 20
-51.009656459529985
 10
127.12775962501841
 20
-51.022524843243005
 10
127.13215088799757
 20
-51.035289304388016
 10
127.13685408395838
 20
-51.0479421541314
 10
127.14186637987164
 20
-51.06047577087009
 10
127.14718475651792
 20
-51.07288260482251
 10
127.15280601030618
 20
-51.08515518257629
 10
127.15872675520356
 20
-51.09728611158996
 10
127.16494342477493
 20
-51.10926808464596
 10
127.17145227433129
 20
-51.12109388425222
 10
127.17824938318525
 20
-51.13275638698971
 10
127.18533065701287
 20
-51.144248567803324
 10
127.19269183031986
 20
-51.15556350423349
 10
127.20032846901097
 20
-51.16669438058605
 10
127.2082359730609
 20
-51.17763449203773
 10
127.21640957928517
 20
-51.18837724867488
 10
127.22484436420935
 20
-51.19891617946302
 10
127.23353524703474
 20
-51.20924493614473
 10
127.24247699269883
 20
-51.219357297063596
 10
127.25166421502871
 20
-51.22924717091192
 10
127.26109137998556
 20
-51.23890860039988
 10
127.27075280899805
 20
-51.248335765844004
 10
127.28064268238303
 20
-51.25752298867268
 10
127.29075504285092
 20
-51.26646473484678
 10
127.3010837990943
 20
-51.2751556181931
 10
127.31162272945704
 20
-51.283590403648816
 10
127.32236548568196
 20
-51.2917640104149
 10
127.33330559673482
 20
-51.29967151501658
 10
127.34443647270223
 20
-51.30730815426907
 10
127.35575140876114
 20
-51.31466932814674
 10
127.36724358921761
 20
-51.32175060255397
 10
127.37890609161228
 20
-51.32854771199613
 10
127.39073189089027
 20
-51.3350565621489
 10
127.40271386363273
 20
-51.341273232324596
 10
127.4148447923478
 20
-51.3471939778338
 10
127.42711736981806
 20
-51.35281523224102
 10
127.43952420350224
 20
-51.358133609513025
 10
127.45205781998814
 20
-51.36314590605842
 10
127.46471066949432
 20
-51.36784910265738
 10
127.47747513041786
 20
-51.372240366280316
 10
127.49034351392527
 20
-51.376317051794395
 10
127.50330806858402
 20
-51.38007670355686
 10
127.51636098503164
 20
-51.383517056894206
 10
127.52949440067987
 20
-51.38663603946637
 10
127.54270040445071
 20
-51.389431772514996
 10
127.5559710415418
 20
-51.39190257199513
 10
127.56929831821809
 20
-51.39404694958967
 10
127.58267420662698
 20
-51.39586361360581
 10
127.59609064963395
 20
-51.39735146975315
 10
127.60953956567595
 20
-51.39850962180282
 10
127.62301285362932
 20
-51.399337372127405
 10
127.63650239768975
 20
-51.39983422212108
 10
127.65000007226082
 20
-51.399999872500004
  0
LWPOLYLINE
  5
3F
330
17
100
AcDbEntity
  8
0
100
AcDbPolyline
 90
265
 70
0
 10
129.73817449330247
 20
-48.76037507351516
 10
129.87158794572989
 20
-48.760375075649215
 10
129.92072619789647
 20
-48.83210789744133
 10
129.9694199890214
 20
-48.942389318066105
 10
129.99848808384957
 20
-49.06598207704226
 10
130.00050012750808
 20
-49.094969238224685
 10
130.0005001275479
 20
-49.188935990624685
 10
130.0006657779163
 20
-49.202433692273964
 10
130.00116262922813
 20
-49.21592326338025
 10
130.00199038219753
 20
-49.229396578298235
 10
130.00314853821513
 20
-49.24284552117477
 10
130.00463639964826
 20
-49.256261990837594
 10
130.00645307026133
 20
-49.26963790567514
 10
130.0085974557555
 20
-49.28296520850466
 10
130.01106826442813
 20
-49.29623587142559
 10
130.0300222587145
 20
-49.39152384222013
 10
130.0328179414815
 20
-49.404729600894164
 10
130.0359368617975
 20
-49.41786277417229
 10
130.03937714101122
 20
-49.43091545141577
 10
130.04313670690405
 20
-49.44387977047186
 10
130.04721329493822
 20
-49.45674792240952
 10
130.05160444962064
 20
-49.46951215622301
 10
130.05630752598222
 20
-49.48216478350069
 10
130.06131969117078
 20
-49.494698183056016
 10
130.06663792615754
 20
-49.50710480551808
 10
130.07225902755556
 20
-49.51937717787895
 10
130.0781796095493
 20
-49.53150790799491
 10
130.08439610593396
 20
-49.54348968903907
 10
130.09090477226363
 20
-49.55531530390257
 10
130.09770168810667
 20
-49.56697762954171
 10
130.10478275940716
 20
-49.57846964126848
 10
130.1121437209509
 20
-49.58978441698177
 10
130.1661197044655
 20
-49.670566392223044
 10
130.17375654006364
 20
-49.681697709553546
 10
130.1816642612332
 20
-49.69263825018778
 10
130.18983810432377
 20
-49.703381423489745
 10
130.19827314537162
 20
-49.713920757718526
 10
130.2069643030662
 20
-49.72424990392686
 10
130.21590634181095
 20
-49.73436263978579
 10
130.22509387487733
 20
-49.74425287333304
 10
130.23452136764985
 20
-49.75391464664281
 10
131.84608535375116
 20
-51.365478632676385
 10
131.85574712713193
 20
-51.374906125515714
 10
131.86563736075345
 20
-51.38409365864541
 10
131.87575009668976
 20
-51.39303569744983
 10
131.88607924297844
 20
-51.40172685520033
 10
131.8966185772904
 20
-51.41016189630026
 10
131.9073617506783
 20
-51.418335739438916
 10
131.91830229140098
 20
-51.42624346065254
 10
131.92943360882234
 20
-51.433880296290546
 10
132.0102155841308
 20
-51.48785627967942
 10
132.0215303598548
 20
-51.49521724120663
 10
132.0330223715919
 20
-51.502298312490325
 10
132.0446846972409
 20
-51.50909522831631
 10
132.0565103121139
 20
-51.5156038946287
 10
132.0684920931671
 20
-51.521820390995856
 10
132.08062282329166
 20
-51.52774097297187
 10
132.0928951956607
 20
-51.53336207435197
 10
132.1053018181305
 20
-51.53868030932061
 10
132.1178352176931
 20
-51.54369247449086
 10
132.1304878449776
 20
-51.54839555083395
 10
132.14325207879747
 20
-51.55278670549775
 10
132.15612023074107
 20
-51.55686329351311
 10
132.1690845498026
 20
-51.560622859387024
 10
132.18213722705107
 20
-51.56406313858168
 10
132.1952704003337
 20
-51.56718205887849
 10
132.20847615901178
 20
-51.569977741626246
 10
132.3037641298478
 20
-51.58893173577632
 10
132.31703479270254
 20
-51.59140254441745
 10
132.33036209546486
 20
-51.59354692988352
 10
132.3437380102343
 20
-51.59536360047183
 10
132.3571544798282
 20
-51.59685146188363
 10
132.3706034226352
 20
-51.598009617883314
 10
132.38407673748313
 20
-51.59883737083827
 10
132.39756630851895
 20
-51.599334222139106
 10
132.41106401009748
 20
-51.5994998725
 10
134.4912689968929
 20
-51.5994998724893
 10
134.50326553459152
 20
-51.599369023357006
 10
134.51525636415693
 20
-51.59897653822026
 10
134.527235780172
 20
-51.59832260382939
 10
134.55973776381128
 20
-51.596192604845
 10
134.5727890083062
 20
-51.59518118484531
 10
134.58581248542998
 20
-51.5938594447472
 10
134.59880081773937
 20
-51.59222813328027
 10
134.61174664769962
 20
-51.59028817453781
 10
134.62464264185232
 20
-51.58804066745335
 10
134.6374814949698
 20
-51.585486885178135
 10
134.65025593419315
 20
-51.582628274359934
 10
134.66295872315223
 20
-51.57946645432352
 10
134.67558266606474
 20
-51.57600321615342
 10
134.68812061181256
 20
-51.57224052167925
 10
134.7005654579926
 20
-51.568180502364456
 10
134.79256442666767
 20
-51.53695051289879
 10
134.80529262171405
 20
-51.53245486033968
 10
134.81790665340284
 20
-51.5276481935502
 10
134.83039892338078
 20
-51.52253340793705
 10
134.84276190664067
 20
-51.51711358450944
 10
134.8549881560541
 20
-51.51139198802315
 10
134.8670703068574
 20
-51.50537206501392
 10
134.87900108108812
 20
-51.499057441721384
 10
134.8907732919689
 20
-51.49245192190467
 10
134.90237984823673
 20
-51.48555948455114
 10
134.9138137584145
 20
-51.478384281479585
 10
134.92506813502234
 20
-51.47093063483923
 10
134.93613619872673
 20
-51.46320303450623
 10
134.94701128242392
 20
-51.455206135379065
 10
134.95768683525614
 20
-51.44694475457455
 10
134.9681564265577
 20
-51.43842386852617
 10
134.9784137497285
 20
-51.429648609986366
 10
135.05145771974298
 20
-51.365589636158504
 10
135.06149622298616
 20
-51.35656563483688
 10
135.0713102493099
 20
-51.34729800112958
 10
135.0808938874531
 20
-51.33779231719019
 10
135.09024136492394
 20
-51.328054308556595
 10
135.09934705147666
 20
-51.3180898407023
 10
135.10820546250295
 20
-51.3079049155035
 10
135.1168112623354
 20
-51.297505667623994
 10
135.12515926746136
 20
-51.286898360820075
 10
135.13324444964513
 20
-51.27608938416772
 10
135.1410619389565
 20
-51.26508524821427
 10
135.14860702670424
 20
-51.253892581056945
 10
135.15587516827208
 20
-51.242518124350546
 10
135.16286198585613
 20
-51.230968729246776
 10
135.1695632711018
 20
-51.21925135226762
 10
135.17597498763857
 20
-51.20737305111519
 10
135.1820932735112
 20
-51.19534098042073
 10
135.2250642558234
 20
-51.108205016074976
 10
135.23088566286532
 20
-51.09602591110299
 10
135.23640642250456
 20
-51.08370760801886
 10
135.241623209156
 20
-51.071257527099455
 10
135.24653288034125
 20
-51.05868316800171
 10
135.2511324785816
 20
-51.045992105245034
 10
135.25541923317948
 20
-51.03319198364858
 10
135.25939056188747
 20
-51.02029051372614
 10
135.26304407246388
 20
-51.00729546704156
 10
135.26637756411372
 20
-50.99421467152726
 10
135.26938902881437
 20
-50.98105600676889
 10
135.27207665252524
 20
-50.96782739925882
 10
135.27443881628048
 20
-50.954536817621445
 10
135.27647409716423
 20
-50.94119226781297
 10
135.27818126916767
 20
-50.927801788298886
 10
135.2795593039277
 20
-50.91437344521172
 10
135.28060737134624
 20
-50.90091532749219
 10
135.28696136864937
 20
-50.803968367202735
 10
135.28767883427082
 20
-50.79048865802802
 10
135.2880652727773
 20
-50.77699540113305
 10
135.2881204513893
 20
-50.763496724469256
 10
135.28784433686883
 20
-50.75000075925278
 10
135.28723709553938
 20
-50.736515635066446
 10
135.28629909318573
 20
-50.723049474962785
 10
135.2850308948336
 20
-50.70961039057089
 10
135.28343326440938
 20
-50.69620647721022
 10
135.28150716427984
 20
-50.682845809014204
 10
135.27925375467257
 20
-50.66953643406664
 10
135.27667439297693
 20
-50.65628636955375
 10
135.2737706329265
 20
-50.643103596934814
 10
135.27054422366322
 20
-50.629996057134434
 10
135.26699710868354
 20
-50.61697164575911
 10
135.26313142466793
 20
-50.60403820834114
 10
135.25894950019372
 20
-50.59120353561275
 10
135.22771951289866
 20
-50.49920457333206
 10
135.22322386034514
 20
-50.48647637830096
 10
135.218417193562
 20
-50.47386234662716
 10
135.21330240795595
 20
-50.461370076663876
 10
135.20788258453615
 20
-50.449007093418324
 10
135.20216098805838
 20
-50.43678084401889
 10
135.19614106505838
 20
-50.42469869322916
 10
135.18982644177572
 20
-50.41276791901162
 10
135.1832209219696
 20
-50.400995708143554
 10
135.17632848462728
 20
-50.38938915188797
 10
135.1691532815676
 20
-50.37795524172199
 10
135.1616996349397
 20
-50.36670086512538
 10
135.15397203461978
 20
-50.35563280143171
 10
135.14597513550626
 20
-50.34475771774468
 10
135.13771375471597
 20
-50.334082164922016
 10
135.12919286868234
 20
-50.32361257362944
 10
135.12041761015783
 20
-50.31335525046696
 10
135.05635862973418
 20
-50.24031127286187
 10
135.04733479757672
 20
-50.23027295320895
 10
135.03806734194254
 20
-50.220459102062335
 10
135.02856184467146
 20
-50.210875630358956
 10
135.0188240309772
 20
-50.20152831027692
 10
135.00885976599895
 20
-50.192422771758935
 10
134.99867505126866
 20
-50.1835644991213
 10
134.9882760210965
 20
-50.17495882775073
 10
134.97766893887598
 20
-50.16661094089076
 10
134.7894353224204
 20
-50.02217404344315
 10
134.70523164613687
 20
-49.937970367211655
 10
134.6955698727677
 20
-49.928542874388754
 10
134.6954999328711
 20
-49.928477903717535
 10
134.69618937324614
 20
-49.926473848250566
 10
134.70026605836586
 20
-49.91360546416578
 10
134.70402570970975
 20
-49.900640908936566
 10
134.70746606260442
 20
-49.88758799192621
 10
134.71058504470992
 20
-49.87445457572385
 10
134.71338077726807
 20
-49.861248571408304
 10
134.7158515762341
 20
-49.847977933782765
 10
134.7179959532911
 20
-49.834650656583115
 10
134.71981261674657
 20
-49.8212747676628
 10
134.7213004723103
 20
-49.807858324157145
 10
134.7214515048982
 20
-49.80610447350241
 10
134.77002986944123
 20
-49.85970243924554
 10
134.77921709230654
 20
-49.8695923131881
 10
134.78864425780853
 20
-49.87925374274972
 10
134.7983056873753
 20
-49.88868090824647
 10
134.80819556132286
 20
-49.89786813110638
 10
134.87363770137878
 20
-49.957181429448134
 10
134.88375006241688
 20
-49.96612317563161
 10
134.89407881923736
 20
-49.97481405896518
 10
134.90461775018335
 20
-49.983248844385685
 10
134.91536050699693
 20
-49.991422451093776
 10
134.9863012451483
 20
-50.04403568826673
 10
134.9972413567945
 20
-50.05194319278741
 10
135.00837223335907
 20
-50.05957983193559
 10
135.01968717001822
 20
-50.06694100568539
 10
135.03117935107718
 20
-50.074022279941026
 10
135.10693548923504
 20
-50.11942876170961
 10
135.11859799223365
 20
-50.1262258709762
 10
135.13042379211618
 20
-50.13273472092932
 10
135.14240576546302
 20
-50.138951390881154
 10
135.15453669478143
 20
-50.14487213614216
 10
135.23437865992338
 20
-50.182634573265645
 10
135.24665123799517
 20
-50.188255827400276
 10
135.2590580722782
 20
-50.19357420437524
 10
135.27159168935944
 20
-50.198586500599106
 10
135.28424453945658
 20
-50.20328969685206
 10
135.3465887511037
 20
-50.2255968124511
 10
135.89099189932028
 20
-50.7700000425473
 10
134.9613669755072
 20
-51.69962493773359
 10
132.0386329589996
 20
-51.69962490986055
 10
129.89999987241242
 20
-49.56099178367527
 10
129.89999987225448
 20
-49.15000009978863
 10
129.89983422254056
 20
-49.13650242477804
 10
129.8993373731903
 20
-49.12301288026228
 10
129.8985096234872
 20
-49.109539591838576
 10
129.89735147203672
 20
-49.09609067531206
 10
129.895863616466
 20
-49.08267423180717
 10
129.89404695300357
 20
-49.06929834288779
 10
129.8919025759396
 20
-49.05597106568924
 10
129.88943177696666
 20
-49.042700428064975
 10
129.88663604440163
 20
-49.02949442375087
 10
129.8835170622893
 20
-49.01636100755012
 10
129.88007670938782
 20
-49.003308090541545
 10
129.87631705803716
 20
-48.990343535314274
 10
129.87224037291074
 20
-48.9774751512316
 10
129.86784910965122
 20
-48.96471068972691
 10
129.86314591339135
 20
-48.95205783963451
 10
129.85813361716075
 20
-48.939524222558184
 10
129.8528152401792
 20
-48.92711738828019
 10
129.84719398603818
 20
-48.91484481021357
 10
129.84127324077093
 20
-48.90271388090046
 10
129.83505657081304
 20
-48.89073190755906
 10
129.82854772085403
 20
-48.87890610768207
 10
129.82175061158176
 20
-48.86724360468915
 10
129.81466933732065
 20
-48.85575142363601
 10
129.80730816356552
 20
-48.84443648698279
 10
129.79967152441225
 20
-48.83330561042423
 10
129.79176401988667
 20
-48.822365498784166
 10
129.7835904131738
 20
-48.81162274197677
 10
129.77515562774875
 20
-48.80108381103704
 10
129.7664647444108
 20
-48.79075505422289
 10
129.75752299822315
 20
-48.78064269319122
 10
129.74833577535932
 20
-48.77075281925018
 10
129.73890860985884
 20
-48.761091389690016
 10
129.73817449330247
 20
-48.76037507351516
  0
LWPOLYLINE
  5
40
330
17
100
AcDbEntity
  8
0
100
AcDbPolyline
 90
6
 70
0
 10
134.90212087129865
 20
-51.59962494216858
 10
134.91276128097613
 20
-51.594323365645685
 10
134.92686128688516
 20
-51.58686062902723
 10
134.9401873279885
 20
-51.5793832376113
 10
134.9199456226379
 20
-51.59962494233857
 10
134.90212087129865
 20
-51.59962494216858
  0
LWPOLYLINE
  5
41
330
17
100
AcDbEntity
  8
0
100
AcDbPolyline
 90
56
 70
0
 10
135.26310583889503
 20
-51.25646473664869
 10
135.26454972735124
 20
-51.253789799006796
 10
135.27178042883708
 20
-51.23957007909516
 10
135.31475141114927
 20
-51.15243411474941
 10
135.3216312558352
 20
-51.13804062705525
 10
135.32815578995428
 20
-51.12348263250128
 10
135.3343210832696
 20
-51.10876890050561
 10
135.3401234219431
 20
-51.09390829429918
 10
135.34555931077261
 20
-51.07890976558675
 10
135.35062547529736
 20
-51.06378234915457
 10
135.35531886377046
 20
-51.048535157428056
 10
135.35963664899714
 20
-51.03317737498264
 10
135.36357623003784
 20
-51.017718253011196
 10
135.36713523377497
 20
-51.0021671037513
 10
135.37031151634235
 20
-50.98653329487577
 10
135.37310316441673
 20
-50.97082624384977
 10
135.37550849637023
 20
-50.95505541225794
 10
135.3775260632834
 20
-50.93923030010493
 10
135.379154649818
 20
-50.92336044009283
 10
135.380393274949
 20
-50.90745539187884
 10
135.38674727225214
 20
-50.81050843158938
 10
135.38759518616837
 20
-50.79457786620108
 10
135.38805188622146
 20
-50.77863128987067
 10
135.3881170973084
 20
-50.76267830835891
 10
135.38779078014784
 20
-50.74672853128489
 10
135.38707313130396
 20
-50.73079156633741
 10
135.38596458306782
 20
-50.71487701348763
 10
135.38446580319712
 20
-50.69899445920629
 10
135.38257769451394
 20
-50.683153470689135
 10
135.38030139436088
 20
-50.66736359009384
 10
135.3776382739159
 20
-50.651634328792184
 10
135.3745899373665
 20
-50.63597516164058
 10
135.3711582209433
 20
-50.62039552127275
 10
135.36734519181394
 20
-50.604904792417756
 10
135.36315314683796
 20
-50.58951230624691
 10
135.35858461118315
 20
-50.574227334752955
 10
135.35364233680454
 20
-50.559059085164854
 10
135.32241234950948
 20
-50.46706012288416
 10
135.31709930558262
 20
-50.45201771057468
 10
135.31141869938435
 20
-50.43711021859656
 10
135.305373952759
 20
-50.42234662682176
 10
135.29896870689925
 20
-50.40773582844066
 10
135.29220682015278
 20
-50.39328662460496
 10
135.28509236569823
 20
-50.37900771912619
 10
135.27762962909148
 20
-50.36490771323273
 10
135.2698231056842
 20
-50.35099510038865
 10
135.26167749791603
 20
-50.33727826117751
 10
135.25319771248184
 20
-50.32376545825407
 10
135.24438885737615
 20
-50.31046483136717
 10
135.23525623881625
 20
-50.29738439245647
 10
135.2293844277323
 20
-50.289399242709564
 10
135.23560218753082
 20
-50.29188577582742
 10
135.25055555582745
 20
-50.29744409867181
 10
135.2917566857784
 20
-50.312186098680236
 10
135.74957055438284
 20
-50.77000003614104
 10
135.26310583889503
 20
-51.25646473664869
  0
LWPOLYLINE
  5
42
330
17
100
AcDbEntity
  8
0
100
AcDbPolyline
 90
14
 70
0
 10
135.48130316591372
 20
-50.896846069360386
 10
135.4865331758549
 20
-50.81704849597604
 10
135.48751153806595
 20
-50.79866707437415
 10
135.48803849966566
 20
-50.780267178608284
 10
135.4881137432275
 20
-50.761859892248566
 10
135.48773722342688
 20
-50.743456303317004
 10
135.48690916706852
 20
-50.72506749760837
 10
135.4856300729499
 20
-50.70670455201247
 10
135.48390071156064
 20
-50.6883785278417
 10
135.48172212461853
 20
-50.67010046416805
 10
135.4790956244419
 20
-50.65188137117349
 10
135.47686688076953
 20
-50.6387176813137
 10
135.60814920944543
 20
-50.770000029734774
 10
135.48130316591372
 20
-50.896846069360386
  0
ENDSEC
  0
SECTION
  2
OBJECTS
  0
DICTIONARY
  5
A
330
0
100
AcDbDictionary
281
1
  3
ACAD_COLOR
350
B
  3
ACAD_GROUP
350
C
  3
ACAD_LAYOUT
350
D
  3
ACAD_MATERIAL
350
E
  3
ACAD_MLEADERSTYLE
350
F
  3
ACAD_MLINESTYLE
350
10
  3
ACAD_PLOTSETTINGS
350
11
  3
ACAD_PLOTSTYLENAME
350
12
  3
ACAD_SCALELIST
350
14
  3
ACAD_TABLESTYLE
350
15
  3
ACAD_VISUALSTYLE
350
16
  0
DICTIONARY
  5
B
330
A
100
AcDbDictionary
281
1
  0
DICTIONARY
  5
C
330
A
100
AcDbDictionary
281
1
  0
DICTIONARY
  5
D
330
A
100
AcDbDictionary
281
1
  3
Model
350
1A
  3
Layout1
350
1E
  0
DICTIONARY
  5
E
330
A
100
AcDbDictionary
281
1
  3
ByBlock
350
1F
  3
ByLayer
350
20
  3
Global
350
21
  0
DICTIONARY
  5
F
330
A
100
AcDbDictionary
281
1
  3
Standard
350
2C
  0
DICTIONARY
  5
10
330
A
100
AcDbDictionary
281
1
  3
Standard
350
22
  0
DICTIONARY
  5
11
330
A
100
AcDbDictionary
281
1
  0
ACDBDICTIONARYWDFLT
  5
12
330
A
100
AcDbDictionary
281
1
  3
Normal
350
13
100
AcDbDictionaryWithDefault
340
13
  0
ACDBPLACEHOLDER
  5
13
330
12
  0
DICTIONARY
  5
14
330
A
100
AcDbDictionary
281
1
  0
DICTIONARY
  5
15
330
A
100
AcDbDictionary
281
1
  0
DICTIONARY
  5
16
330
A
100
AcDbDictionary
281
1
  0
LAYOUT
  5
1A
330
D
100
AcDbPlotSettings
  1

  2
Adobe PDF
  4
A4
  6

 40
3.175
 41
3.175
 42
3.175
 43
3.175
 44
209.91
 45
297.03
 46
0.0
 47
0.0
 48
0.0
 49
0.0
140
0.0
141
0.0
142
1.0
143
1.0
 70
1024
 72
0
 73
1
 74
5
  7

 75
16
 76
0
 77
2
 78
300
147
1.0
148
0.0
149
0.0
100
AcDbLayout
  1
Model
 70
1
 71
0
 10
-3.175
 20
-3.175
 11
293.857
 21
206.735
 12
0.0
 22
0.0
 32
0.0
 14
29.068
 24
20.356
 34
0.0
 15
261.614
 25
183.204
 35
0.0
146
0.0
 13
0.0
 23
0.0
 33
0.0
 16
1.0
 26
0.0
 36
0.0
 17
0.0
 27
1.0
 37
0.0
 76
1
330
17
  0
LAYOUT
  5
1E
330
D
100
AcDbPlotSettings
  1

  2
Adobe PDF
  4
A4
  6

 40
3.175
 41
3.175
 42
3.175
 43
3.175
 44
209.91
 45
297.03
 46
0.0
 47
0.0
 48
0.0
 49
0.0
140
0.0
141
0.0
142
1.0
143
1.0
 70
0
 72
0
 73
1
 74
5
  7

 75
16
 76
0
 77
2
 78
300
147
1.0
148
0.0
149
0.0
100
AcDbLayout
  1
Layout1
 70
1
 71
1
 10
-3.175
 20
-3.175
 11
293.857
 21
206.735
 12
0.0
 22
0.0
 32
0.0
 14
29.068
 24
20.356
 34
0.0
 15
261.614
 25
183.204
 35
0.0
146
0.0
 13
0.0
 23
0.0
 33
0.0
 16
1.0
 26
0.0
 36
0.0
 17
0.0
 27
1.0
 37
0.0
 76
1
330
1B
  0
MATERIAL
  5
1F
102
{ACAD_REACTORS
330
E
102
}
330
E
100
AcDbMaterial
  1
ByBlock
  2

 70
0
 40
1.0
 71
1
 41
1.0
 91
-1023410177
 42
1.0
 72
1
  3

 73
1
 74
1
 75
1
 44
0.5
 73
0
 45
1.0
 46
1.0
 77
1
  4

 78
1
 79
1
170
1
 48
1.0
171
1
  6

172
1
173
1
174
1
140
1.0
141
1.0
175
1
  7

176
1
177
1
178
1
143
1.0
179
1
  8

270
1
271
1
272
1
145
1.0
146
1.0
273
1
  9

274
1
275
1
276
1
 42
1.0
 72
1
  3

 73
1
 74
1
 75
1
 94
63
  0
MATERIAL
  5
20
102
{ACAD_REACTORS
330
E
102
}
330
E
100
AcDbMaterial
  1
ByLayer
  2

 70
0
 40
1.0
 71
1
 41
1.0
 91
-1023410177
 42
1.0
 72
1
  3

 73
1
 74
1
 75
1
 44
0.5
 73
0
 45
1.0
 46
1.0
 77
1
  4

 78
1
 79
1
170
1
 48
1.0
171
1
  6

172
1
173
1
174
1
140
1.0
141
1.0
175
1
  7

176
1
177
1
178
1
143
1.0
179
1
  8

270
1
271
1
272
1
145
1.0
146
1.0
273
1
  9

274
1
275
1
276
1
 42
1.0
 72
1
  3

 73
1
 74
1
 75
1
 94
63
  0
MATERIAL
  5
21
102
{ACAD_REACTORS
330
E
102
}
330
E
100
AcDbMaterial
  1
Global
  2

 70
0
 40
1.0
 71
1
 41
1.0
 91
-1023410177
 42
1.0
 72
1
  3

 73
1
 74
1
 75
1
 44
0.5
 73
0
 45
1.0
 46
1.0
 77
1
  4

 78
1
 79
1
170
1
 48
1.0
171
1
  6

172
1
173
1
174
1
140
1.0
141
1.0
175
1
  7

176
1
177
1
178
1
143
1.0
179
1
  8

270
1
271
1
272
1
145
1.0
146
1.0
273
1
  9

274
1
275
1
276
1
 42
1.0
 72
1
  3

 73
1
 74
1
 75
1
 94
63
  0
MLINESTYLE
  5
22
102
{ACAD_REACTORS
330
10
102
}
330
10
100
AcDbMlineStyle
  2
Standard
 70
0
  3

 62
256
 51
90.0
 52
90.0
 71
2
 49
0.5
 62
256
  6
BYLAYER
 49
-0.5
 62
256
  6
BYLAYER
  0
MLEADERSTYLE
  5
2C
102
{ACAD_REACTORS
330
F
102
}
330
F
100
AcDbMLeaderStyle
179
2
170
2
171
1
172
0
 90
2
 40
0.0
 41
0.0
173
1
 91
-1056964608
 92
-2
290
1
 42
2.0
291
1
 43
8.0
  3
Standard
 44
4.0
300

342
29
174
1
175
1
176
0
178
1
 93
-1056964608
 45
4.0
292
0
297
0
 46
4.0
 94
-1056964608
 47
1.0
 49
0.0
140
1.0
294
1
141
0.0
177
0
142
1.0
295
0
296
0
143
3.75
271
0
272
9
272
9
  0
ENDSEC
  0
EOF
