  0
SECTION
  2
HEADER
  9
$ACADVER
  1
AC1024
  9
$ACADMAINTVER
 70
6
  9
$DWGCODEPAGE
  3
ANSI_1252
  9
$LASTSAVEDBY
  1
ezdxf
  9
$INSBASE
 10
0.0
 20
0.0
 30
0.0
  9
$EXTMIN
 10
-100
 20
-100
 30
-100
  9
$EXTMAX
 10
100
 20
100
 30
100
  9
$LIMMIN
 10
0.0
 20
0.0
  9
$LIMMAX
 10
420.0
 20
297.0
  9
$ORTHOMODE
 70
0
  9
$REGENMODE
 70
1
  9
$FILLMODE
 70
1
  9
$QTEXTMODE
 70
0
  9
$MIRRTEXT
 70
1
  9
$LTSCALE
 40
1.0
  9
$ATTMODE
 70
1
  9
$TEXTSIZE
 40
2.5
  9
$TRACEWID
 40
1.0
  9
$TEXTSTYLE
  7
Standard
  9
$CLAYER
  8
0
  9
$CELTYPE
  6
ByLayer
  9
$CECOLOR
 62
256
  9
$CELTSCALE
 40
1.0
  9
$DISPSILH
 70
0
  9
$DIMSCALE
 40
1.0
  9
$DIMASZ
 40
2.5
  9
$DIMEXO
 40
0.625
  9
$DIMDLI
 40
3.75
  9
$DIMRND
 40
0.0
  9
$DIMDLE
 40
0.0
  9
$DIMEXE
 40
1.25
  9
$DIMTP
 40
0.0
  9
$DIMTM
 40
0.0
  9
$DIMTXT
 40
2.5
  9
$DIMCEN
 40
2.5
  9
$DIMTSZ
 40
0.0
  9
$DIMTOL
 70
0
  9
$DIMLIM
 70
0
  9
$DIMTIH
 70
0
  9
$DIMTOH
 70
0
  9
$DIMSE1
 70
0
  9
$DIMSE2
 70
0
  9
$DIMTAD
 70
1
  9
$DIMZIN
 70
8
  9
$DIMBLK
  1

  9
$DIMASO
 70
1
  9
$DIMSHO
 70
1
  9
$DIMPOST
  1

  9
$DIMAPOST
  1

  9
$DIMALT
 70
0
  9
$DIMALTD
 70
3
  9
$DIMALTF
 40
0.03937007874
  9
$DIMLFAC
 40
1.0
  9
$DIMTOFL
 70
1
  9
$DIMTVP
 40
0.0
  9
$DIMTIX
 70
0
  9
$DIMSOXD
 70
0
  9
$DIMSAH
 70
0
  9
$DIMBLK1
  1

  9
$DIMBLK2
  1

  9
$DIMSTYLE
  2
ISO-25
  9
$DIMCLRD
 70
0
  9
$DIMCLRE
 70
0
  9
$DIMCLRT
 70
0
  9
$DIMTFAC
 40
1.0
  9
$DIMGAP
 40
0.625
  9
$DIMJUST
 70
0
  9
$DIMSD1
 70
0
  9
$DIMSD2
 70
0
  9
$DIMTOLJ
 70
0
  9
$DIMTZIN
 70
8
  9
$DIMALTZ
 70
0
  9
$DIMALTTZ
 70
0
  9
$DIMUPT
 70
0
  9
$DIMDEC
 70
2
  9
$DIMTDEC
 70
2
  9
$DIMALTU
 70
2
  9
$DIMALTTD
 70
3
  9
$DIMTXSTY
  7
Standard
  9
$DIMAUNIT
 70
0
  9
$DIMADEC
 70
0
  9
$DIMALTRND
 40
0.0
  9
$DIMAZIN
 70
0
  9
$DIMDSEP
 70
44
  9
$DIMATFIT
 70
3
  9
$DIMFRAC
 70
0
  9
$DIMLDRBLK
  1

  9
$DIMLUNIT
 70
2
  9
$DIMLWD
 70
-2
  9
$DIMLWE
 70
-2
  9
$DIMTMOVE
 70
0
  9
$DIMFXL
 40
1.0
  9
$DIMFXLON
 70
0
  9
$DIMJOGANG
 40
0.785398163397
  9
$DIMTFILL
 70
0
  9
$DIMTFILLCLR
 70
0
  9
$DIMARCSYM
 70
0
  9
$DIMLTYPE
  6

  9
$DIMLTEX1
  6

  9
$DIMLTEX2
  6

  9
$DIMTXTDIRECTION
 70
0
  9
$LUNITS
 70
2
  9
$LUPREC
 70
4
  9
$SKETCHINC
 40
1.0
  9
$FILLETRAD
 40
10.0
  9
$AUNITS
 70
0
  9
$AUPREC
 70
2
  9
$MENU
  1
.
  9
$ELEVATION
 40
0.0
  9
$PELEVATION
 40
0.0
  9
$THICKNESS
 40
0.0
  9
$LIMCHECK
 70
0
  9
$CHAMFERA
 40
0.0
  9
$CHAMFERB
 40
0.0
  9
$CHAMFERC
 40
0.0
  9
$CHAMFERD
 40
0.0
  9
$SKPOLY
 70
0
  9
$TDCREATE
 40
2461298.5282175927
  9
$TDUCREATE
 40
2458532.153996898
  9
$TDUPDATE
 40
2461298.5282175927
  9
$TDUUPDATE
 40
2458532.1544311
  9
$TDINDWG
 40
0.0
  9
$TDUSRTIMER
 40
0.0
  9
$USRTIMER
 70
1
  9
$ANGBASE
 50
0.0
  9
$ANGDIR
 70
0
  9
$PDMODE
 70
0
  9
$PDSIZE
 40
0.0
  9
$PLINEWID
 40
0.0
  9
$SPLFRAME
 70
0
  9
$SPLINETYPE
 70
6
  9
$SPLINESEGS
 70
8
  9
$HANDSEED
  5
4B
  9
$SURFTAB1
 70
6
  9
$SURFTAB2
 70
6
  9
$SURFTYPE
 70
6
  9
$SURFU
 70
6
  9
$SURFV
 70
6
  9
$UCSBASE
  2

  9
$UCSNAME
  2

  9
$UCSORG
 10
0.0
 20
0.0
 30
0.0
  9
$UCSXDIR
 10
1.0
 20
0.0
 30
0.0
  9
$UCSYDIR
 10
0.0
 20
1.0
 30
0.0
  9
$UCSORTHOREF
  2

  9
$UCSORTHOVIEW
 70
0
  9
$UCSORGTOP
 10
0.0
 20
0.0
 30
0.0
  9
$UCSORGBOTTOM
 10
0.0
 20
0.0
 30
0.0
  9
$UCSORGLEFT
 10
0.0
 20
0.0
 30
0.0
  9
$UCSORGRIGHT
 10
0.0
 20
0.0
 30
0.0
  9
$UCSORGFRONT
 10
0.0
 20
0.0
 30
0.0
  9
$UCSORGBACK
 10
0.0
 20
0.0
 30
0.0
  9
$PUCSBASE
  2

  9
$PUCSNAME
  2

  9
$PUCSORG
 10
0.0
 20
0.0
 30
0.0
  9
$PUCSXDIR
 10
1.0
 20
0.0
 30
0.0
  9
$PUCSYDIR
 10
0.0
 20
1.0
 30
0.0
  9
$PUCSORTHOREF
  2

  9
$PUCSORTHOVIEW
 70
0
  9
$PUCSORGTOP
 10
0.0
 20
0.0
 30
0.0
  9
$PUCSORGBOTTOM
 10
0.0
 20
0.0
 30
0.0
  9
$PUCSORGLEFT
 10
0.0
 20
0.0
 30
0.0
  9
$PUCSORGRIGHT
 10
0.0
 20
0.0
 30
0.0
  9
$PUCSORGFRONT
 10
0.0
 20
0.0
 30
0.0
  9
$PUCSORGBACK
 10
0.0
 20
0.0
 30
0.0
  9
$USERI1
 70
0
  9
$USERI2
 70
0
  9
$USERI3
 70
0
  9
$USERI4
 70
0
  9
$USERI5
 70
0
  9
$USERR1
 40
0.0
  9
$USERR2
 40
0.0
  9
$USERR3
 40
0.0
  9
$USERR4
 40
0.0
  9
$USERR5
 40
0.0
  9
$WORLDVIEW
 70
1
  9
$SHADEDGE
 70
3
  9
$SHADEDIF
 70
70
  9
$TILEMODE
 70
1
  9
$MAXACTVP
 70
64
  9
$PINSBASE
 10
0.0
 20
0.0
 30
0.0
  9
$PLIMCHECK
 70
0
  9
$PEXTMIN
 10
1e+20
 20
1e+20
 30
1e+20
  9
$PEXTMAX
 10
-1e+20
 20
-1e+20
 30
-1e+20
  9
$PLIMMIN
 10
0.0
 20
0.0
  9
$PLIMMAX
 10
420.0
 20
297.0
  9
$UNITMODE
 70
0
  9
$VISRETAIN
 70
1
  9
$PLINEGEN
 70
0
  9
$PSLTSCALE
 70
1
  9
$TREEDEPTH
 70
3020
  9
$CMLSTYLE
  2
Standard
  9
$CMLJUST
 70
0
  9
$CMLSCALE
 40
20.0
  9
$PROXYGRAPHICS
 70
1
  9
$MEASUREMENT
 70
1
  9
$CELWEIGHT
370
-1
  9
$ENDCAPS
280
0
  9
$JOINSTYLE
280
0
  9
$LWDISPLAY
290
0
  9
$INSUNITS
 70
6
  9
$HYPERLINKBASE
  1

  9
$STYLESHEET
  1

  9
$XEDIT
290
1
  9
$CEPSNTYPE
380
0
  9
$PSTYLEMODE
290
1
  9
$FINGERPRINTGUID
  2
65D0640F-B063-11F1-85C7-BCEE7B8C4939
  9
$VERSIONGUID
  2
65D87802-B063-11F1-B054-BCEE7B8C4939
  9
$EXTNAMES
290
1
  9
$PSVPSCALE
 40
0.0
  9
$OLESTARTUP
290
0
  9
$SORTENTS
280
127
  9
$INDEXCTL
280
0
  9
$HIDETEXT
280
1
  9
$XCLIPFRAME
280
2
  9
$HALOGAP
280
0
  9
$OBSCOLOR
 70
257
  9
$OBSLTYPE
280
0
  9
$INTERSECTIONDISPLAY
280
0
  9
$INTERSECTIONCOLOR
 70
257
  9
$DIMASSOC
280
2
  9
$PROJECTNAME
  1

  9
$CAMERADISPLAY
290
0
  9
$LENSLENGTH
 40
50.0
  9
$CAMERAHEIGHT
 40
0.0
  9
$STEPSPERSEC
 40
24.0
  9
$STEPSIZE
 40
100.0
  9
$3DDWFPREC
 40
2.0
  9
$PSOLWIDTH
 40
0.005
  9
$PSOLHEIGHT
 40
0.08
  9
$LOFTANG1
 40
1.570796326795
  9
$LOFTANG2
 40
1.570796326795
  9
$LOFTMAG1
 40
0.0
  9
$LOFTMAG2
 40
0.0
  9
$LOFTPARAM
 70
7
  9
$LOFTNORMALS
280
1
  9
$LATITUDE
 40
37.795
  9
$LONGITUDE
 40
-122.394
  9
$NORTHDIRECTION
 40
0.0
  9
$TIMEZONE
 70
-8000
  9
$LIGHTGLYPHDISPLAY
280
1
  9
$TILEMODELIGHTSYNCH
280
1
  9
$CMATERIAL
347
20
  9
$SOLIDHIST
280
0
  9
$SHOWHIST
280
1
  9
$DWFFRAME
280
2
  9
$DGNFRAME
280
2
  9
$REALWORLDSCALE
290
1
  9
$INTERFERECOLOR
 62
256
  9
$CSHADOW
280
0
  9
$SHADOWPLANELOCATION
 40
0.0
  0
ENDSEC
  0
SECTION
  2
CLASSES
  0
CLASS
  1
ACDBDICTIONARYWDFLT
  2
AcDbDictionaryWithDefault
  3
ObjectDBX Classes
 90
0
 91
0
280
0
281
0
  0
CLASS
  1
SUN
  2
AcDbSun
  3
SCENEOE
 90
1153
 91
0
280
0
281
0
  0
CLASS
  1
VISUALSTYLE
  2
AcDbVisualStyle
  3
ObjectDBX Classes
 90
4095
 91
0
280
0
281
0
  0
CLASS
  1
MATERIAL
  2
AcDbMaterial
  3
ObjectDBX Classes
 90
1153
 91
0
280
0
281
0
  0
CLASS
  1
SCALE
  2
AcDbScale
  3
ObjectDBX Classes
 90
1153
 91
0
280
0
281
0
  0
CLASS
  1
TABLESTYLE
  2
AcDbTableStyle
  3
ObjectDBX Classes
 90
4095
 91
0
280
0
281
0
  0
CLASS
  1
MLEADERSTYLE
  2
AcDbMLeaderStyle
  3
ACDB_MLEADERSTYLE_CLASS
 90
4095
 91
0
280
0
281
0
  0
CLASS
  1
DICTIONARYVAR
  2
AcDbDictionaryVar
  3
ObjectDBX Classes
 90
0
 91
0
280
0
281
0
  0
CLASS
  1
CELLSTYLEMAP
  2
AcDbCellStyleMap
  3
ObjectDBX Classes
 90
1152
 91
0
280
0
281
0
  0
CLASS
  1
MENTALRAYRENDERSETTINGS
  2
AcDbMentalRayRenderSettings
  3
SCENEOE
 90
1024
 91
0
280
0
281
0
  0
CLASS
  1
ACDBDETAILVIEWSTYLE
  2
AcDbDetailViewStyle
  3
ObjectDBX Classes
 90
1025
 91
0
280
0
281
0
  0
CLASS
  1
ACDBSECTIONVIEWSTYLE
  2
AcDbSectionViewStyle
  3
ObjectDBX Classes
 90
1025
 91
0
280
0
281
0
  0
CLASS
  1
RASTERVARIABLES
  2
AcDbRasterVariables
  3
ISM
 90
0
 91
0
280
0
281
0
  0
CLASS
  1
LAYOUT
  2
AcDbLayout
  3
ObjectDBX Classes
 90
0
 91
0
280
0
281
0
  0
CLASS
  1
ACDBPLACEHOLDER
  2
AcDbPlaceHolder
  3
ObjectDBX Classes
 90
0
 91
0
280
0
281
0
  0
ENDSEC
  0
SECTION
  2
TABLES
  0
TABLE
  2
VPORT
  5
8
330
0
100
AcDbSymbolTable
 70
1
  0
VPORT
  5
23
330
8
100
AcDbSymbolTableRecord
100
AcDbViewportTableRecord
  2
*Active
 70
0
 10
0.0
 20
0.0
 11
1.0
 21
1.0
 12
70.0
 22
50.0
 13
0.0
 23
0.0
 14
0.5
 24
0.5
 15
0.5
 25
0.5
 16
0.0
 26
0.0
 36
1.0
 17
0.0
 27
0.0
 37
0.0
 40
1.0
 41
1.34
 42
50.0
 43
0.0
 44
0.0
 50
0.0
 51
0.0
 71
0
 72
1000
 73
1
 74
3
 75
0
 76
0
 77
0
 78
0
281
0
 65
0
146
0.0
  0
ENDTAB
  0
TABLE
  2
LTYPE
  5
2
330
0
100
AcDbSymbolTable
 70
3
  0
LTYPE
  5
24
330
2
100
AcDbSymbolTableRecord
100
AcDbLinetypeTableRecord
  2
ByBlock
 70
0
  3

 72
65
 73
0
 40
0.0
  0
LTYPE
  5
25
330
2
100
AcDbSymbolTableRecord
100
AcDbLinetypeTableRecord
  2
ByLayer
 70
0
  3

 72
65
 73
0
 40
0.0
  0
LTYPE
  5
26
330
2
100
AcDbSymbolTableRecord
100
AcDbLinetypeTableRecord
  2
Continuous
 70
0
  3

 72
65
 73
0
 40
0.0
  0
ENDTAB
  0
TABLE
  2
LAYER
  5
1
330
0
100
AcDbSymbolTable
 70
2
  0
LAYER
  5
27
330
1
100
AcDbSymbolTableRecord
100
AcDbLayerTableRecord
  2
0
 70
0
 62
7
  6
Continuous
370
-3
390
13
347
21
  0
LAYER
  5
28
330
1
100
AcDbSymbolTableRecord
100
AcDbLayerTableRecord
  2
Defpoints
 70
0
 62
7
  6
Continuous
290
0
370
-3
390
13
347
21
  0
ENDTAB
  0
TABLE
  2
STYLE
  5
5
330
0
100
AcDbSymbolTable
 70
1
  0
STYLE
  5
29
330
5
100
AcDbSymbolTableRecord
100
AcDbTextStyleTableRecord
  2
Standard
 70
0
 40
0.0
 41
1.0
 50
0.0
 71
0
 42
2.5
  3
txt
  4

  0
ENDTAB
  0
TABLE
  2
VIEW
  5
7
330
0
100
AcDbSymbolTable
 70
0
  0
ENDTAB
  0
TABLE
  2
UCS
  5
6
330
0
100
AcDbSymbolTable
 70
0
  0
ENDTAB
  0
TABLE
  2
APPID
  5
3
330
0
100
AcDbSymbolTable
 70
2
  0
APPID
  5
2A
330
3
100
AcDbSymbolTableRecord
100
AcDbRegAppTableRecord
  2
ACAD
 70
0
  0
APPID
  5
4A
330
3
100
AcDbSymbolTableRecord
100
AcDbRegAppTableRecord
  2
HATCHBACKGROUNDCOLOR
 70
0
  0
ENDTAB
  0
TABLE
  2
DIMSTYLE
  5
4
330
0
100
AcDbSymbolTable
 70
1
100
AcDbDimStyleTable
  0
DIMSTYLE
105
2B
330
4
100
AcDbSymbolTableRecord
100
AcDbDimStyleTableRecord
  2
Standard
 70
0
 40
1.0
 41
2.5
 42
0.625
 43
3.75
 44
1.25
 45
0.0
 46
0.0
 47
0.0
 48
0.0
 49
2.5
140
2.5
141
2.5
142
0.0
143
0.03937007874
144
1.0
145
0.0
146
1.0
147
0.625
148
0.0
 69
0
 70
0
 71
0
 72
0
 73
0
 74
0
 75
0
 76
0
 77
1
 78
8
 79
0
170
0
171
3
172
1
173
0
174
0
175
0
176
0
177
0
178
0
179
0
271
0
272
2
273
2
274
3
275
0
276
0
277
2
278
44
279
0
280
0
281
0
282
0
283
0
284
8
285
0
286
0
288
0
289
3
290
0
371
-2
372
-2
  0
ENDTAB
  0
TABLE
  2
BLOCK_RECORD
  5
9
330
0
100
AcDbSymbolTable
 70
2
  0
BLOCK_RECORD
  5
17
330
9
100
AcDbSymbolTableRecord
100
AcDbBlockTableRecord
  2
*Model_Space
340
1A
 70
0
280
1
281
0
  0
BLOCK_RECORD
  5
1B
330
9
100
AcDbSymbolTableRecord
100
AcDbBlockTableRecord
  2
*Paper_Space
340
1E
 70
0
280
1
281
0
  0
ENDTAB
  0
ENDSEC
  0
SECTION
  2
BLOCKS
  0
BLOCK
  5
18
330
17
100
AcDbEntity
  8
0
100
AcDbBlockBegin
  2
*Model_Space
 70
0
 10
0.0
 20
0.0
 30
0.0
  3
*Model_Space
  1

  0
ENDBLK
  5
19
330
17
100
AcDbEntity
  8
0
100
AcDbBlockEnd
  0
BLOCK
  5
1C
330
1B
100
AcDbEntity
  8
0
100
AcDbBlockBegin
  2
*Paper_Space
 70
0
 10
0.0
 20
0.0
 30
0.0
  3
*Paper_Space
  1

  0
ENDBLK
  5
1D
330
1B
100
AcDbEntity
  8
0
100
AcDbBlockEnd
  0
ENDSEC
  0
SECTION
  2
ENTITIES
  0
LWPOLYLINE
  5
2D
330
17
100
AcDbEntity
  8
0
100
AcDbPolyline
 90
582
 70
0
 10
127.65000009747826
 20
-50.8999998975
 10
128.2680986283486
 20
-50.89999992867372
 10
130.93404934819242
 20
-53.56595064850908
 10
130.93492765997686
 20
-53.566807663560084
 10
130.93582673943257
 20
-53.56764286564381
 10
130.99038913804912
 20
-53.61709534113232
 10
130.9913084435981
 20
-53.617908227148945
 10
130.9922474214909
 20
-53.61869830745195
 10
130.9932055061224
 20
-53.61946510612648
 10
130.9941821203782
 20
-53.62020816128171
 10
131.05332897428886
 20
-53.664074457764876
 10
131.05432352989308
 20
-53.66479332181216
 10
131.05533542776263
 20
-53.665487561734665
 10
131.05636405836805
 20
-53.666156759348226
 10
131.05740880210072
 20
-53.66680051155323
 10
131.12057049668104
 20
-53.70465817434887
 10
131.1216307242264
 20
-53.70527609337305
 10
131.12270579694302
 20
-53.70586780700509
 10
131.1237950672473
 20
-53.70643295881884
 10
131.12489787900356
 20
-53.70697120838796
 10
131.19146613260762
 20
-53.73845564750867
 10
131.19258182152328
 20
-53.73896667061176
 10
131.19370971554903
 20
-53.739450159427605
 10
131.1948491352837
 20
-53.73990582272062
 10
131.19599939438348
 20
-53.74033338601628
 10
131.26533311833907
 20
-53.765141389102105
 10
131.26649352393085
 20
-53.76554059485227
 10
131.2676633770297
 20
-53.76591120259032
 10
131.26884197295988
 20
-53.766252989076
 10
131.27002860177922
 20
-53.76656574842993
 10
131.34146007442303
 20
-53.784458400849644
 10
131.34265402135074
 20
-53.78474194467727
 10
131.3438545671978
 20
-53.78499610218241
 10
131.34506098880036
 20
-53.78522072027007
 10
131.3462725594551
 20
-53.785415663638716
 10
131.41911385665668
 20
-53.79622064936838
 10
131.42032984655572
 20
-53.79638580059105
 10
131.4215495232352
 20
-53.79652106018734
 10
131.42277215200752
 20
-53.79662634668192
 10
131.42399699640686
 20
-53.79670159665416
 10
131.4975466189878
 20
-53.80031485790727
 10
131.49877294121472
 20
-53.80036002602941
 10
131.5000000025775
 20
-53.8003750850938
 10
135.49999999766777
 20
-53.80037508508778
 10
135.50122705904067
 20
-53.80036002602314
 10
135.5024533812777
 20
-53.80031485790025
 10
135.5760030041014
 20
-53.796701596605104
 10
135.57722784850375
 20
-53.79662634663214
 10
135.5784504772791
 20
-53.79652106013668
 10
135.57967015396156
 20
-53.79638580053937
 10
135.58088614386352
 20
-53.796220649315536
 10
135.65372744105832
 20
-53.78541566353824
 10
135.6549390117129
 20
-53.785220720168795
 10
135.65614543331532
 20
-53.78499610208035
 10
135.65734597916224
 20
-53.78474194457443
 10
135.65853992608976
 20
-53.78445840074602
 10
135.72997139872152
 20
-53.7665657482797
 10
135.73115802754066
 20
-53.766252988925
 10
135.7323366234706
 20
-53.76591120243854
 10
135.7335064765692
 20
-53.76554059469973
 10
135.73466688216072
 20
-53.76514138894881
 10
135.8040006061
 20
-53.740333385817756
 10
135.8051508651995
 20
-53.739905822521344
 10
135.80629028493388
 20
-53.73945015922758
 10
135.80741817895932
 20
-53.738966670410996
 10
135.80853386787464
 20
-53.73845564730718
 10
135.87510212145833
 20
-53.70697120814288
 10
135.8762049332142
 20
-53.70643295857304
 10
135.87729420351815
 20
-53.70586780675858
 10
135.87836927623437
 20
-53.70527609312584
 10
135.87942950377933
 20
-53.70465817410097
 10
135.94259119833524
 20
-53.666800511263865
 10
135.9436359420675
 20
-53.666156759058175
 10
135.94466457267248
 20
-53.66548756144394
 10
135.94567647054157
 20
-53.66479332152077
 10
135.94667102614534
 20
-53.664074457472836
 10
136.00581788002714
 20
-53.62020816095114
 10
136.00679449428006
 20
-53.619465105797154
 10
136.00775257890874
 20
-53.61869830712399
 10
136.0086915567988
 20
-53.61790822682249
 10
136.0096108623451
 20
-53.61709534080749
 10
136.06417326076
 20
-53.567642865461146
 10
136.06507234020802
 20
-53.56680766338403
 10
136.06595065198513
 20
-53.56595064834001
 10
138.0659506485096
 20
-51.56595065180699
 10
138.0668076635606
 20
-51.56507234002255
 10
138.06764286564433
 20
-51.56417326056686
 10
138.11709534113248
 20
-51.50961086195074
 10
138.11790822714912
 20
-51.50869155640177
 10
138.11869830745212
 20
-51.50775257850895
 10
138.11946510612665
 20
-51.50679449387745
 10
138.12020816128188
 20
-51.50581787962162
 10
138.16407445776494
 20
-51.44667102571103
 10
138.16479332181223
 20
-51.4456764701068
 10
138.16548756173472
 20
-51.44466457223726
 10
138.1661567593483
 20
-51.443635941631854
 10
138.16680051155328
 20
-51.44259119789918
 10
138.20465817434874
 20
-51.379429503319166
 10
138.20527609337293
 20
-51.37836927577381
 10
138.20586780700498
 20
-51.37729420305718
 10
138.2064329588187
 20
-51.37620493275289
 10
138.20697120838784
 20
-51.375102120996644
 10
138.23845564750889
 20
-51.30853386739188
 10
138.23896667061197
 20
-51.30741817847622
 10
138.23945015942783
 20
-51.30629028445045
 10
138.23990582272086
 20
-51.30515086471575
 10
138.24033338601652
 20
-51.304000605615975
 10
138.2651413891023
 20
-51.23466688166022
 10
138.26554059485244
 20
-51.233506476068456
 10
138.26591120259047
 20
-51.232336622969626
 10
138.26625298907618
 20
-51.23115802703948
 10
138.26656574843008
 20
-51.229971398220144
 10
138.2844584008496
 20
-51.15853992557735
 10
138.28474194467722
 20
-51.15734597864963
 10
138.28499610218236
 20
-51.15614543280253
 10
138.28522072027002
 20
-51.154939011199986
 10
138.28541566363867
 20
-51.15372744054525
 10
138.29622064936837
 20
-51.080886143343385
 10
138.29638580059103
 20
-51.07967015344436
 10
138.29652106018733
 20
-51.07845047676487
 10
138.2966263466819
 20
-51.07722784799254
 10
138.29670159665415
 20
-51.076003003593215
 10
138.30031485790727
 20
-51.00245338101183
 10
138.3003600260294
 20
-51.00122705878464
 10
138.3003750850938
 20
-50.99999999742157
 10
138.30037508508778
 20
-50.54000000233146
 10
138.30036002602313
 20
-50.53877294095883
 10
138.30031485790025
 20
-50.53754661872209
 10
138.2967015966051
 20
-50.46399699589852
 10
138.2966263466321
 20
-50.46277215149618
 10
138.29652106013666
 20
-50.46154952272086
 10
138.29638580053935
 20
-50.46032984603841
 10
138.29622064931553
 20
-50.45911385613646
 10
138.28541566353832
 20
-50.38627255894198
 10
138.28522072016887
 20
-50.38506098828737
 10
138.2849961020804
 20
-50.38385456668496
 10
138.28474194457448
 20
-50.382654020838025
 10
138.28445840074608
 20
-50.38146007391048
 10
138.26656574827953
 20
-50.310028601277985
 10
138.26625298892483
 20
-50.30884197245884
 10
138.26591120243836
 20
-50.307663376528915
 10
138.26554059469956
 20
-50.30649352343031
 10
138.26514138894865
 20
-50.3053331178388
 10
138.24033338581762
 20
-50.23599939389964
 10
138.2399058225212
 20
-50.23484913480015
 10
138.23945015922743
 20
-50.23370971506576
 10
138.23896667041086
 20
-50.232581821040306
 10
138.23845564730703
 20
-50.231466132124986
 10
138.2069712081428
 20
-50.16489787854152
 10
138.20643295857295
 20
-50.163795066785624
 10
138.2058678067585
 20
-50.16270579648171
 10
138.20527609312575
 20
-50.16163072376548
 10
138.20465817410087
 20
-50.16057049622053
 10
138.16680051126383
 20
-50.09740880166474
 10
138.16615675905814
 20
-50.09636405793249
 10
138.1654875614439
 20
-50.095335427327505
 10
138.16479332152073
 20
-50.094323529458414
 10
138.16407445747282
 20
-50.09332897385464
 10
138.12020816095108
 20
-50.03418211997278
 10
138.11946510579708
 20
-50.03320550571987
 10
138.11869830712394
 20
-50.03224742109119
 10
138.11790822682244
 20
-50.03130844320111
 10
138.11709534080742
 20
-50.0303891376548
 10
138.06764286546075
 20
-49.975826739239594
 10
138.0668076635266
 20
-49.9749276599417
 10
138.0659506486328
 20
-49.97404934830762
 10
136.74082504201735
 20
-48.64892371972215
 10
136.7236967664979
 20
-48.58054381090138
 10
136.7233840071433
 20
-48.57935718208238
 10
136.72304222065694
 20
-48.578178586152596
 10
136.72267161291822
 20
-48.57700873305413
 10
136.72227240716742
 20
-48.57584832746275
 10
136.69251768755646
 20
-48.492689457123596
 10
136.69209012426012
 20
-48.491539198024086
 10
136.6916344609664
 20
-48.49039977828967
 10
136.6911509721499
 20
-48.489271884264205
 10
136.69063994904613
 20
-48.48815619534886
 10
136.65287751187913
 20
-48.4083142302275
 10
136.65233926230934
 20
-48.407211418471576
 10
136.65177411049496
 20
-48.406122148167626
 10
136.65118239686225
 20
-48.40504707545136
 10
136.65056447783743
 20
-48.403986847906374
 10
136.60515799602746
 20
-48.328230709773045
 10
136.60451424382185
 20
-48.32718596604075
 10
136.60384504620765
 20
-48.32615733543574
 10
136.60315080628456
 20
-48.32514543756661
 10
136.60243194223668
 20
-48.324150881962794
 10
136.54981870502513
 20
-48.25321014384022
 10
136.5490756498693
 20
-48.252233529584856
 10
136.5483088511942
 20
-48.25127544495382
 10
136.54751877089063
 20
-48.25033646706149
 10
136.54670588487346
 20
-48.249417161513016
 10
136.48739258649644
 20
-48.183975021489815
 10
136.48655738441778
 20
-48.18307594204049
 10
136.48570036937215
 20
-48.18219763026216
 10
136.48482205759336
 20
-48.181340615217
 10
136.48392297814357
 20
-48.18050541313883
 10
136.41848083808765
 20
-48.121192114797076
 10
136.41756153253874
 20
-48.12037922878039
 10
136.41662255464595
 20
-48.119589148477345
 10
136.41566447001452
 20
-48.118822349802755
 10
136.41468785575873
 20
-48.11807929464747
 10
136.34374711760736
 20
-48.06546605747452
 10
136.34275256200317
 20
-48.06474719342718
 10
136.34174066413365
 20
-48.064052953504614
 10
136.34071203352826
 20
-48.063383755890996
 10
136.33966728979564
 20
-48.06274000368594
 10
136.26391115163779
 20
-48.01733352191736
 10
136.26285092409245
 20
-48.01671560289312
 10
136.26177585137586
 20
-48.016123889261024
 10
136.2606865810716
 20
-48.01555873744722
 10
136.25958376931538
 20
-48.01502048787804
 10
136.17974180417343
 20
-47.97725805075456
 10
136.17862611525783
 20
-47.976747027651406
 10
136.17749822123207
 20
-47.9762635388355
 10
136.17635880149743
 20
-47.97580787554242
 10
136.17520854239768
 20
-47.9753803122467
 10
136.0920496720421
 20
-47.94562559268095
 10
136.09088926645035
 20
-47.94522638693072
 10
136.0897194133515
 20
-47.94485577919261
 10
136.08854081742135
 20
-47.94451399270685
 10
136.087354188602
 20
-47.944201233352864
 10
136.00167927841352
 20
-47.92274078555992
 10
136.00048533148583
 20
-47.92245724173222
 10
135.99928478563876
 20
-47.92220308422702
 10
135.99807836403622
 20
-47.921978466139294
 10
135.9968667933815
 20
-47.92178352277058
 10
135.90950093958043
 20
-47.90882402259417
 10
135.90828494967838
 20
-47.90865887137106
 10
135.90706527299585
 20
-47.90852361177448
 10
135.90584264422046
 20
-47.908418325279754
 10
135.90461779981806
 20
-47.90834307530752
 10
135.81640238333495
 20
-47.9040093298187
 10
135.81517606110603
 20
-47.90396416169674
 10
135.81394899974123
 20
-47.90394910263264
 10
135.81272193837643
 20
-47.90396416169741
 10
135.81149561614754
 20
-47.904009329820035
 10
135.72328019966687
 20
-47.90834307535691
 10
135.72205535526453
 20
-47.90841832532981
 10
135.7208327264892
 20
-47.9085236118252
 10
135.71961304980672
 20
-47.908658871422446
 10
135.71839705990476
 20
-47.908824022646215
 10
135.63103120611046
 20
-47.921783522870264
 10
135.62981963545585
 20
-47.921978466239636
 10
135.62861321385344
 20
-47.922203084328025
 10
135.6274126680065
 20
-47.922457241833875
 10
135.62621872107897
 20
-47.92274078566222
 10
135.54054381090253
 20
-47.94420123350177
 10
135.53935718208336
 20
-47.944513992856415
 10
135.5381785861534
 20
-47.94485577934281
 10
135.5370087330548
 20
-47.945226387081554
 10
135.53584832746324
 20
-47.945625592832414
 10
135.45268945712397
 20
-47.9753803124434
 10
135.45153919802445
 20
-47.97580787573975
 10
135.45039977829003
 20
-47.97626353903345
 10
135.4492718842646
 20
-47.97674702784997
 10
135.44815619534924
 20
-47.97725805095373
 10
135.36831423022767
 20
-48.0150204881208
 10
135.36721141847173
 20
-48.015558737690576
 10
135.3661221481678
 20
-48.01612388950497
 10
135.3650470754515
 20
-48.01671560313766
 10
135.36398684790652
 20
-48.017333522162474
 10
135.28823070977307
 20
-48.062740003972515
 10
135.2871859660408
 20
-48.06338375617814
 10
135.28615733543577
 20
-48.06405295379232
 10
135.28514543756663
 20
-48.06474719371544
 10
135.28415088196283
 20
-48.06546605776332
 10
135.2132101438403
 20
-48.11807929497481
 10
135.21223352958495
 20
-48.11882235013062
 10
135.2112754449539
 20
-48.11958914880574
 10
135.21033646706158
 20
-48.1203792291093
 10
135.2094171615131
 20
-48.121192115126476
 10
135.1439750214898
 20
-48.180505413503596
 10
135.1430759420405
 20
-48.18134061558225
 10
135.14219763026216
 20
-48.18219763062789
 10
135.141340615217
 20
-48.18307594240668
 10
135.14050541313884
 20
-48.18397502185646
 10
135.08119211479695
 20
-48.24941716191251
 10
135.08037922878026
 20
-48.25033646746142
 10
135.0795891484772
 20
-48.2512754453542
 10
135.0788223498026
 20
-48.25223352998566
 10
135.07807929464732
 20
-48.25321014424145
 10
135.02546605747446
 20
-48.32415088239275
 10
135.02474719342712
 20
-48.325145437996945
 10
135.02405295350457
 20
-48.32615733586645
 10
135.02338375589096
 20
-48.32718596647182
 10
135.0227400036859
 20
-48.32823071020446
 10
134.9773335219175
 20
-48.40398684836202
 10
134.97671560289325
 20
-48.40504707590734
 10
134.97612388926115
 20
-48.406122148623936
 10
134.97555873744736
 20
-48.4072114189282
 10
134.97502048787817
 20
-48.40831423068442
 10
134.93725805075437
 20
-48.48815619582708
 10
134.93674702765122
 20
-48.489271884742706
 10
134.9362635388353
 20
-48.49039977876845
 10
134.93580787554222
 20
-48.49153919850312
 10
134.9353803122465
 20
-48.49268945760287
 10
134.9056255926808
 20
-48.575848327958624
 10
134.90522638693056
 20
-48.577008733550365
 10
134.90485577919245
 20
-48.57817858664918
 10
134.9045139927067
 20
-48.57935718257931
 10
134.90420123335272
 20
-48.580543811398634
 10
134.88274078555997
 20
-48.66621872158609
 10
134.88245724173228
 20
-48.66741266851379
 10
134.88220308422706
 20
-48.668613214360875
 10
134.88197846613934
 20
-48.669819635963414
 10
134.88178352277063
 20
-48.67103120661814
 10
134.8688240225942
 20
-48.758397060419526
 10
134.86865887137108
 20
-48.759613050321576
 10
134.86852361177452
 20
-48.76083272700411
 10
134.86841832527978
 20
-48.7620553557795
 10
134.86834307530756
 20
-48.76328020018189
 10
134.8640093298187
 20
-48.8514956166652
 10
134.86396416169674
 20
-48.85272193889413
 10
134.86394910263263
 20
-48.85394900025893
 10
134.86396416169742
 20
-48.85517606162372
 10
134.86400932982005
 20
-48.856402383852625
 10
134.86834307535696
 20
-48.944617800333184
 10
134.86841832532986
 20
-48.94584264473552
 10
134.86852361182522
 20
-48.94706527351085
 10
134.86865887142247
 20
-48.9482849501933
 10
134.86882402264624
 20
-48.949500940095255
 10
134.8817835228702
 20
-49.03686679388926
 10
134.8819784662396
 20
-49.038078364543885
 10
134.88220308432795
 20
-49.039284786146304
 10
134.88245724183383
 20
-49.04048533199325
 10
134.88274078566218
 20
-49.04167927892081
 10
134.90420123350196
 20
-49.12735418909797
 10
134.9045139928566
 20
-49.128540817917134
 10
134.904855779343
 20
-49.129719413847084
 10
134.90522638708174
 20
-49.13088926694571
 10
134.9056255928326
 20
-49.13204967253724
 10
134.93538031244356
 20
-49.2152085428764
 10
134.9358078757399
 20
-49.21635880197591
 10
134.9362635390336
 20
-49.21749822171032
 10
134.93674702785012
 20
-49.21862611573579
 10
134.9372580509539
 20
-49.219741804651136
 10
134.9750204881209
 20
-49.299583769772504
 10
134.97555873769068
 20
-49.300686581528424
 10
134.97612388950506
 20
-49.301775851832375
 10
134.97671560313776
 20
-49.30285092454864
 10
134.97733352216258
 20
-49.303911152093626
 10
135.02274000397256
 20
-49.379667290226955
 10
135.02338375617816
 20
-49.38071203395925
 10
135.02405295379236
 20
-49.38174066456426
 10
135.02474719371546
 20
-49.38275256243339
 10
135.02546605776334
 20
-49.383747118037206
 10
135.07807929497488
 20
-49.45468785615978
 10
135.0788223501307
 20
-49.455664470415144
 10
135.0795891488058
 20
-49.45662255504618
 10
135.08037922910938
 20
-49.45756153293851
 10
135.08119211512656
 20
-49.458480838486985
 10
135.14050541350358
 20
-49.523922978510186
 10
135.14134061558224
 20
-49.52482205795951
 10
135.14219763062786
 20
-49.52570036973784
 10
135.14307594240665
 20
-49.526557384783
 10
135.14397502185645
 20
-49.52739258686117
 10
135.20941716191237
 20
-49.586705885202925
 10
135.21033646746127
 20
-49.58751877121961
 10
135.21127544535406
 20
-49.588308851522655
 10
135.2122335299855
 20
-49.589075650197245
 10
135.2132101442413
 20
-49.58981870535253
 10
135.28415088239265
 20
-49.642431942525484
 10
135.28514543799685
 20
-49.64315080657282
 10
135.28615733586636
 20
-49.643845046495386
 10
135.28718596647175
 20
-49.644514244109004
 10
135.28823071020437
 20
-49.64515799631406
 10
135.36398684836223
 20
-49.69056447808264
 10
135.36504707590757
 20
-49.69118239710688
 10
135.36612214862416
 20
-49.691774110738976
 10
135.3672114189284
 20
-49.69233926255278
 10
135.36831423068463
 20
-49.69287751212196
 10
135.44815619582658
 20
-49.73063994924544
 10
135.4492718847422
 20
-49.731150972348594
 10
135.45039977876795
 20
-49.731634461164504
 10
135.4515391985026
 20
-49.73209012445758
 10
135.45268945760233
 20
-49.7325176877533
 10
135.53584832795792
 20
-49.76227240731905
 10
135.53700873134378
 20
-49.76267161234055
 10
135.53817858220228
 20
-49.76304221945864
 10
135.53935717586165
 20
-49.7633840054343
 10
135.54054380238387
 20
-49.76369676438921
 10
135.6089237650699
 20
-49.7808250668666
 10
136.5980986240075
 20
-50.770000074578604
 10
135.16847373985365
 20
-52.19962491470869
 10
131.83152618348177
 20
-52.19962488288545
 10
129.39999989749205
 20
-49.76809855187454
 10
129.3999998972545
 20
-49.15000009998079
 10
129.3999848381896
 20
-49.148773038616184
 10
129.39993967006683
 20
-49.14754671638748
 10
129.39986442009382
 20
-49.14632187198533
 10
129.39975913359834
 20
-49.14509924321019
 10
129.39962387400098
 20
-49.14387956652793
 10
129.39945872277713
 20
-49.14266357662616
 10
129.39926377940768
 20
-49.14145200597175
 10
129.39903916131922
 20
-49.140245584369545
 10
129.39878500381332
 20
-49.13904503852281
 10
129.39850145998494
 20
-49.137851091595465
 10
129.39818870063024
 20
-49.13666446277651
 10
129.39784691414383
 20
-49.13548586684676
 10
129.39747630640505
 20
-49.13431601374833
 10
129.3970771006542
 20
-49.133155608157
 10
129.39664953735786
 20
-49.132005349057685
 10
129.39619387406415
 20
-49.13086592932348
 10
129.39571038524764
 20
-49.1297380352982
 10
129.39519936214393
 20
-49.128622346383054
 10
129.39466111257417
 20
-49.12751953462732
 10
129.3940959607598
 20
-49.12643026432355
 10
129.39350424712717
 20
-49.12535519160746
 10
129.39288632810243
 20
-49.12429496406265
 10
129.39224257589686
 20
-49.12325022033055
 10
129.39157337828277
 20
-49.12222158972571
 10
129.39087913835974
 20
-49.12120969185675
 10
129.39016027431197
 20
-49.12021513625311
 10
129.38941721915626
 20
-49.11923852199789
 10
129.38865042048124
 20
-49.118280437367005
 10
129.3878603401778
 20
-49.11734145947481
 10
129.38704745416075
 20
-49.11642215392648
 10
129.3862122520822
 20
-49.11552307447729
 10
129.38535523703672
 20
-49.11464476269909
 10
129.38447692525807
 20
-49.11378774765406
 10
129.38357784580845
 20
-49.11295254557601
 10
129.38265854025965
 20
-49.11213965955943
 10
129.38171956236707
 20
-49.11134957925648
 10
129.38076147773577
 20
-49.11058278058198
 10
129.37978486348015
 20
-49.10983972542678
 10
129.37879030787613
 20
-49.10912086137953
 10
129.3777784100068
 20
-49.108426621457035
 10
129.37674977940162
 20
-49.10775742384348
 10
129.37570503566917
 20
-49.10711367163848
 10
129.37464480812403
 20
-49.106495752614286
 10
129.37356973540764
 20
-49.10590403898222
 10
129.37248046510356
 20
-49.105338887168436
 10
129.37137765334754
 20
-49.10480063759927
 10
129.37026196443213
 20
-49.10428961449613
 10
129.3691340704066
 20
-49.10380612568022
 10
129.36799465067216
 20
-49.103350462387134
 10
129.3668443915726
 20
-49.10292289909139
 10
129.36568398598106
 20
-49.10252369334114
 10
129.36451413288245
 20
-49.10215308560299
 10
129.36333553695252
 20
-49.101811299117195
 10
129.36214890813338
 20
-49.10149853976314
 10
129.3609549612059
 20
-49.10121499593538
 10
129.35975441535902
 20
-49.1009608384301
 10
129.3585479937567
 20
-49.10073622034229
 10
129.35733642310217
 20
-49.10054127697348
 10
129.35612043320035
 20
-49.100376125750266
 10
129.354900756518
 20
-49.10024086615357
 10
129.3536781277428
 20
-49.10013557965872
 10
129.35245328334062
 20
-49.10006032968636
 10
129.35122696111188
 20
-49.10001516156426
 10
129.34999989974727
 20
-49.1000001025
 10
127.65000009999278
 20
-49.10000010274556
 10
127.64877303862811
 20
-49.10001516181018
 10
127.64754671639932
 20
-49.10006032993264
 10
127.64632187199706
 20
-49.10013557990536
 10
127.64509924322184
 20
-49.100240866400576
 10
127.64387956653945
 20
-49.10037612599764
 10
127.64266357663759
 20
-49.100541277221225
 10
127.64145200598306
 20
-49.100736220590406
 10
127.64024558438072
 20
-49.100960838678596
 10
127.63904503853385
 20
-49.101214996184254
 10
127.63785109160638
 20
-49.10149854001239
 10
127.63666446278728
 20
-49.10181129936682
 10
127.63548586685738
 20
-49.102153085853004
 10
127.63431601375879
 20
-49.102523693591536
 10
127.6331556081673
 20
-49.102922899342175
 10
127.63200534906782
 20
-49.103350462638296
 10
127.63086592933345
 20
-49.10380612593177
 10
127.62973803530801
 20
-49.10428961474806
 10
127.62862234639269
 20
-49.10480063785158
 10
127.62751953463676
 20
-49.105338887421134
 10
127.62643026433281
 20
-49.10590403923529
 10
127.62535519161653
 20
-49.10649575286774
 10
127.62429496407154
 20
-49.10711367189231
 10
127.62325022033923
 20
-49.107757424097684
 10
127.6222215897342
 20
-49.108426621711615
 10
127.62120969186503
 20
-49.10912086163448
 10
127.62021513626118
 20
-49.1098397256821
 10
127.61923852200576
 20
-49.11058278083767
 10
127.61828043737466
 20
-49.11134957951253
 10
127.61734145948225
 20
-49.11213965981584
 10
127.6164221539337
 20
-49.11295254583277
 10
127.6155230744843
 20
-49.113787747911175
 10
127.6146447627059
 20
-49.11464476295656
 10
127.61378774766064
 20
-49.115523074735094
 10
127.61295254558236
 20
-49.11642215418462
 10
127.61213965956556
 20
-49.11734145973328
 10
127.61134957926238
 20
-49.118280437625806
 10
127.61058278058766
 20
-49.119238522257014
 10
127.60983972543224
 20
-49.12021513651255
 10
127.60912086138475
 20
-49.121209692116494
 10
127.60842662146204
 20
-49.12222158998576
 10
127.60775742384826
 20
-49.1232502205909
 10
127.60711367164303
 20
-49.12429496432329
 10
127.60649575261861
 20
-49.12535519186838
 10
127.60590403898632
 20
-49.12643026458475
 10
127.60533888717232
 20
-49.127519534888776
 10
127.60480063760293
 20
-49.128622346644775
 10
127.60428961449956
 20
-49.12973803556017
 10
127.60380612568345
 20
-49.13086592958568
 10
127.60335046239014
 20
-49.13200534932013
 10
127.60292289909418
 20
-49.13315560841966
 10
127.60252369334371
 20
-49.13431601401122
 10
127.60215308560535
 20
-49.13548586710985
 10
127.60181129911933
 20
-49.13666446303979
 10
127.60149853976507
 20
-49.13785109185894
 10
127.60121499593711
 20
-49.13904503878646
 10
127.60096083843163
 20
-49.14024558463337
 10
127.6007362203436
 20
-49.14145200623573
 10
127.6005412769746
 20
-49.14266357689029
 10
127.6003761257512
 20
-49.14387956679219
 10
127.60024086615431
 20
-49.145099243474576
 10
127.60013557965927
 20
-49.14632187224983
 10
127.60006032968671
 20
-49.14754671665209
 10
127.60001516156443
 20
-49.14877303888088
 10
127.6000001025
 20
-49.15000010024556
 10
127.6000001025
 20
-50.8499999
 10
127.60001516156348
 20
-50.8512269613254
 10
127.60006032968286
 20
-50.85245328351499
 10
127.6001355796506
 20
-50.85367812787818
 10
127.6002408661389
 20
-50.85490075661458
 10
127.60037612572715
 20
-50.856120433258404
 10
127.60054127694
 20
-50.857336423122085
 10
127.6007362202966
 20
-50.85854799373885
 10
127.6009608383703
 20
-50.85975441530392
 10
127.60121499585964
 20
-50.86095496111409
 10
127.6014985396696
 20
-50.8621489080055
 10
127.60181129900407
 20
-50.863335536789236
 10
127.60215308546849
 20
-50.86451413268455
 10
127.60252369318349
 20
-50.865683985749364
 10
127.60292289890887
 20
-50.866844391308
 10
127.60335046217803
 20
-50.86799465037558
 10
127.60380612544287
 20
-50.8691340700791
 10
127.6042896142289
 20
-50.87026196407477
 10
127.60480063730056
 20
-50.87137765296148
 10
127.60533888683669
 20
-50.87248046468999
 10
127.6059040386159
 20
-50.873569734967816
 10
127.60649575221193
 20
-50.874644807659294
 10
127.60711367119866
 20
-50.875705035180886
 10
127.6077574233648
 20
-50.87674977889121
 10
127.60842662093818
 20
-50.87777840947577
 10
127.60912086081917
 20
-50.87879030732601
 10
127.60983972482371
 20
-50.87978486291252
 10
127.61058277993502
 20
-50.88076147715226
 10
127.61134957856449
 20
-50.881719561769366
 10
127.61213965882133
 20
-50.88265853964952
 10
127.6129525447908
 20
-50.8835778451876
 10
127.61378774682079
 20
-50.88447692462836
 10
127.61464476181686
 20
-50.88535523639999
 10
127.61552307354528
 20
-50.88621225144036
 10
127.61642215294391
 20
-50.8870474535157
 10
127.61734145844099
 20
-50.88786033953153
 10
127.6182804362813
 20
-50.888650419835734
 10
127.61923852085972
 20
-50.88941721851353
 10
127.620215135062
 20
-50.890160273674084
 10
127.62120969061226
 20
-50.89087913772878
 10
127.62222158842748
 20
-50.891573377660826
 10
127.62325021897828
 20
-50.89224257528607
 10
127.62429496265615
 20
-50.892886327504904
 10
127.62535519014656
 20
-50.8935042465451
 10
127.6264302628082
 20
-50.89409596019536
 10
127.62751953305752
 20
-50.89466111202951
 10
127.6286223447589
 20
-50.89519936162125
 10
127.62973803361982
 20
-50.89571038474919
 10
127.63086592759112
 20
-50.8961938735921
 10
127.63200534727164
 20
-50.8966495369144
 10
127.63315560631767
 20
-50.89707710024158
 10
127.63431601185617
 20
-50.89747630602548
 10
127.6354858649023
 20
-50.89784691379949
 10
127.63666446078037
 20
-50.89818870032335
 10
127.63785108954833
 20
-50.89850145971766
 10
127.63904503642544
 20
-50.898785003587854
 10
127.64024558222279
 20
-50.89903916113773
 10
127.64145200377652
 20
-50.89926377927228
 10
127.64266357438346
 20
-50.89945872268997
 10
127.64387956423882
 20
-50.89962387396417
 10
127.64509924087581
 20
-50.89975913361392
 10
127.64632186960691
 20
-50.899864420163894
 10
127.6475467139663
 20
-50.8999396701934
 10
127.64877303615361
 20
-50.89998483837464
 10
127.65000009747826
 20
-50.8999998975
  0
LWPOLYLINE
  5
2E
330
17
100
AcDbEntity
  8
0
100
AcDbPolyline
 90
392
 70
0
 10
122.2944491025
 20
-42.512101001636
 10
122.29444910250268
 20
-55.19579599844607
 10
122.29447586151846
 20
-55.19743159784708
 10
122.29500886141406
 20
-55.21371659457567
 10
122.29508914254875
 20
-55.21535094271535
 10
122.31093614224349
 20
-55.45714493789391
 10
122.3110194141007
 20
-55.458233313557855
 10
122.31112642517246
 20
-55.4593196120521
 10
122.31125712445748
 20
-55.46040331564855
 10
122.31550912361315
 20
-55.492690309155456
 10
122.315663235881
 20
-55.4937695182564
 10
122.315840840274
 20
-55.49484511090897
 10
122.31604185236309
 20
-55.49591657580093
 10
122.36172185109693
 20
-55.72556356938066
 10
122.36194620355701
 20
-55.72663052451226
 10
122.36219376705785
 20
-55.72769233409606
 10
122.3624644238852
 20
-55.72874849325121
 10
122.37089042220109
 20
-55.76019848692384
 10
122.37118433026227
 20
-55.76124947685323
 10
122.37150110610939
 20
-55.7622938019189
 10
122.37184059883523
 20
-55.76333096462031
 10
122.44710959674028
 20
-55.9850659584155
 10
122.44747140027458
 20
-55.98609479334943
 10
122.44785555730748
 20
-55.98711549237108
 10
122.44826188507193
 20
-55.98812756987135
 10
122.46071188257633
 20
-56.01818556381825
 10
122.46114035817774
 20
-56.01918892561264
 10
122.46159062424235
 20
-56.02018269958216
 10
122.46206246638471
 20
-56.02116641256069
 10
122.56563446349791
 20
-56.231189406682674
 10
122.56612757934417
 20
-56.23216244100557
 10
122.56664180530802
 20
-56.23312448606141
 10
122.56717689662631
 20
-56.234075083932474
 10
122.58344789336172
 20
-56.262257078256724
 10
122.58400353961493
 20
-56.26319568464294
 10
122.58457952804278
 20
-56.26412194704524
 10
122.58517558453819
 20
-56.26503542466468
 10
122.62379960893212
 20
-56.322840461172774
 10
122.7152646072126
 20
-56.459727458580105
 10
122.71588060142868
 20
-56.46062793385056
 10
122.71651609639723
 20
-56.46151475442536
 10
122.7171707895452
 20
-56.462387498069816
 10
122.73699978556766
 20
-56.48822849286872
 10
122.73767315129913
 20
-56.489086477565856
 10
122.73836507126511
 20
-56.48992957062688
 10
122.73907521623364
 20
-56.49075737088811
 10
122.8934532119249
 20
-56.66679036595872
 10
122.89418129509005
 20
-56.667602535296496
 10
122.89492692134745
 20
-56.668398629268886
 10
122.89568973586123
 20
-56.66917826902298
 10
122.91871873123917
 20
-56.692207264385786
 10
122.91949837098694
 20
-56.69297007889253
 10
122.92029446495275
 20
-56.69371570514318
 10
122.92110663428363
 20
-56.69444378830188
 10
123.09713962936779
 20
-56.84882178397653
 10
123.09796757434474
 20
-56.84953205037703
 10
123.09881081735044
 20
-56.85022408540351
 10
123.09966895701086
 20
-56.85089755965523
 10
123.12550795182274
 20
-56.87072455566075
 10
123.12638050637376
 20
-56.87137909482619
 10
123.12726713144399
 20
-56.872014444295736
 10
123.12816740508035
 20
-56.872630301700724
 10
123.32285639964256
 20
-57.00271829805442
 10
123.3237698495636
 20
-57.00331434237767
 10
123.32469608366472
 20
-57.00389031979344
 10
123.32563466118454
 20
-57.00444595621487
 10
123.35382665551923
 20
-57.020722952931564
 10
123.35477739875847
 20
-57.021258131497376
 10
123.35573959279462
 20
-57.021772438255134
 10
123.35671277949672
 20
-57.02226562832714
 10
123.5667237736291
 20
-57.12583062542165
 10
123.56770708854586
 20
-57.12630227695661
 10
123.56870045641638
 20
-57.12675236991341
 10
123.56970340465045
 20
-57.127180690162405
 10
123.59977639860536
 20
-57.139637687646776
 10
123.60078880673753
 20
-57.140044170127275
 10
123.60180984248836
 20
-57.14042846718494
 10
123.60283901976386
 20
-57.14079039586388
 10
123.82041707187565
 20
-57.21464841355347
 10
123.82455606893294
 20
-57.21605341254323
 10
123.82559306948109
 20
-57.216392853340615
 10
123.8266372302202
 20
-57.216709584366434
 10
123.82768805388318
 20
-57.21700345478194
 10
123.8591480475614
 20
-57.22543245307709
 10
123.86020435817004
 20
-57.22570315764172
 10
123.86126632099747
 20
-57.225950762198146
 10
123.86233343094311
 20
-57.22617514897839
 10
124.0919804245252
 20
-57.27185514769087
 10
124.09305221840955
 20
-57.272056217793896
 10
124.09412814242806
 20
-57.27223386582578
 10
124.0952076847975
 20
-57.27238800728493
 10
124.12749967830715
 20
-57.276640006419534
 10
124.12858298449233
 20
-57.276770640168145
 10
124.1296688833785
 20
-57.27687760313436
 10
124.13075685780954
 20
-57.27696084437737
 10
124.34328762802473
 20
-57.290890829316496
 10
124.37254640074795
 20
-57.292808814415245
 10
124.37418140560487
 20
-57.2928891385945
 10
124.39046640233327
 20
-57.29342213848474
 10
124.3921020017179
 20
-57.2934488975
 10
144.69579599844565
 20
-57.29344889749732
 10
144.69743169818133
 20
-57.293422135197524
 10
144.71371569490967
 20
-57.29288913530193
 10
144.7153507415332
 20
-57.29280880509084
 10
144.74114543776614
 20
-57.2911178250044
 10
144.9571401327969
 20
-57.27696084498232
 10
144.95822811048933
 20
-57.2768776036673
 10
144.95931401262754
 20
-57.27677064048719
 10
144.96039732205085
 20
-57.27664000638318
 10
144.99268931555764
 20
-57.272388007227384
 10
144.99376885791767
 20
-57.27223386576895
 10
144.99484478192684
 20
-57.2720562177382
 10
144.99591657580189
 20
-57.27185514763672
 10
145.22556356938006
 20
-57.2261751489032
 10
145.22663067933487
 20
-57.22595076212082
 10
145.2276926421714
 20
-57.22570315756185
 10
145.228748952789
 20
-57.22543245299428
 10
145.26020894646172
 20
-57.21700345467845
 10
145.2612597570286
 20
-57.21670958807917
 10
145.2623039048444
 20
-57.216392861439296
 10
145.26334089266066
 20
-57.21605342559174
 10
145.40675771506628
 20
-57.167370146415614
 10
145.48505271211997
 20
-57.14079114740452
 10
145.48608084242736
 20
-57.14042958186276
 10
145.48710084789107
 20
-57.140045693306085
 10
145.4881122438936
 20
-57.139639664124815
 10
145.51819923784123
 20
-57.12717866661992
 10
145.51920306823294
 20
-57.12675001906051
 10
145.52019730244513
 20
-57.12629956094172
 10
145.5211814666599
 20
-57.125827506936446
 10
145.73117746078145
 20
-57.02226850982344
 10
145.7321502007812
 20
-57.021775545708316
 10
145.73311195829865
 20
-57.02126148422996
 10
145.7340622758308
 20
-57.02072656992471
 10
145.7622662701549
 20
-57.00444357318922
 10
145.76320519680613
 20
-57.00388775640899
 10
145.7641317715004
 20
-57.003311583791145
 10
145.765045552997
 20
-57.00271532971271
 10
145.95972754754615
 20
-56.87263233334198
 10
145.96062799228258
 20
-56.87201635765632
 10
145.96151478318822
 20
-56.871380882512554
 10
145.96238749807014
 20
-56.870726210454535
 10
145.98822849286867
 20
-56.85089721443235
 10
145.9890864775658
 20
-56.850223848700885
 10
145.98992957062683
 20
-56.84953192873492
 10
145.99075737088805
 20
-56.84882178376638
 10
146.1667903659586
 20
-56.69444378807521
 10
146.1676025352964
 20
-56.693715704910055
 10
146.1683986292688
 20
-56.69297007865265
 10
146.1691782690229
 20
-56.69220726413886
 10
146.19220726438596
 20
-56.66917826876062
 10
146.1929700788927
 20
-56.66839862901285
 10
146.19371570514335
 20
-56.66760253504707
 10
146.19444378830204
 20
-56.666790365716196
 10
146.34882178397666
 20
-56.490757370632146
 10
146.3495319289512
 20
-56.48992957036359
 10
146.35022384892287
 20
-56.489086477295
 10
146.35089721465968
 20
-56.48822849259003
 10
146.37072621066562
 20
-56.462387497777385
 10
146.37138088271746
 20
-56.46151478290267
 10
146.3720163578554
 20
-56.460627992004476
 10
146.37263233353553
 20
-56.459727547275754
 10
146.50271532988856
 20
-56.26504555271458
 10
146.50331141952145
 20
-56.26413202934593
 10
146.50388743903562
 20
-56.26320571983241
 10
146.50444311428078
 20
-56.262267065041
 10
146.52072911099737
 20
-56.23405907070657
 10
146.52126422151542
 20
-56.23310843716146
 10
146.5217784651168
 20
-56.23214635560459
 10
146.52227159701175
 20
-56.23117328400505
 10
146.62582759410623
 20
-56.02118128987273
 10
146.6262993481268
 20
-56.02019775882884
 10
146.62674953407756
 20
-56.01920417049359
 10
146.62717793769067
 20
-56.01820099776944
 10
146.63964193517504
 20
-55.98811000381475
 10
146.64004834133902
 20
-55.98709775299521
 10
146.640432569092
 20
-55.98607687752504
 10
146.64079443556963
 20
-55.98504786326656
 10
146.71605343345442
 20
-55.763340869464635
 10
146.71639286638185
 20
-55.76230388915643
 10
146.7167095904341
 20
-55.76125974896155
 10
146.71700345478175
 20
-55.76020894611752
 10
146.72543245307708
 20
-55.728748952438714
 10
146.7257031576417
 20
-55.72769264183007
 10
146.72595076219812
 20
-55.726630679002625
 10
146.7261751489784
 20
-55.72556356905698
 10
146.77185514769087
 20
-55.495916575474894
 10
146.77205621779387
 20
-55.49484478159054
 10
146.77223386582577
 20
-55.493768857572014
 10
146.77238800728492
 20
-55.49268931520257
 10
146.77664000641954
 20
-55.46039732169266
 10
146.77677063719875
 20
-55.45931404261731
 10
146.77687759838014
 20
-55.458228170957646
 10
146.77696083902632
 20
-55.45714022383099
 10
146.7928088386971
 20
-55.21535222881219
 10
146.7928891418779
 20
-55.213717494072256
 10
146.79342214176813
 20
-55.19743149734552
 10
146.7934488975
 20
-55.195795998283124
 10
146.79344889749734
 20
-42.512101001554015
 10
146.79342214176495
 20
-42.51046550247525
 10
146.79288914186932
 20
-42.49417950574684
 10
146.79280883868884
 20
-42.49254477102053
 10
146.77696083899406
 20
-42.25075677584071
 10
146.77687759834697
 20
-42.24966882870407
 10
146.77677063716422
 20
-42.24858295703446
 10
146.7766400063832
 20
-42.24749967794922
 10
146.77238800722733
 20
-42.21520768444204
 10
146.77223386576892
 20
-42.21412814208201
 10
146.77205621773817
 20
-42.21305221807286
 10
146.77185514763667
 20
-42.21198042419781
 10
146.72617514890334
 20
-41.98233343062057
 10
146.72595076212096
 20
-41.98126632066577
 10
146.725703157562
 20
-41.98020435782926
 10
146.72543245299443
 20
-41.979148047211666
 10
146.71700345467843
 20
-41.94768805353822
 10
146.71670958425386
 20
-41.94663722984666
 10
146.7163928532177
 20
-41.94559306907937
 10
146.7160534124088
 20
-41.944556068503466
 10
146.71464839475811
 20
-41.94041701650635
 10
146.64079039574807
 20
-41.722839019455954
 10
146.6404284670656
 20
-41.72180984217089
 10
146.640044170004
 20
-41.72078880641064
 10
146.63963768751913
 20
-41.71977639826923
 10
146.62718069001454
 20
-41.689703404321534
 10
146.6267523697687
 20
-41.68870045609639
 10
146.6263022768154
 20
-41.68770708823465
 10
146.62583062528435
 20
-41.68672377332651
 10
146.52226562817106
 20
-41.47671277920436
 10
146.52177243809462
 20
-41.475739592493944
 10
146.52125813133205
 20
-41.47477739844967
 10
146.52072295276108
 20
-41.473826655202515
 10
146.50444595602596
 20
-41.44563466087869
 10
146.50389031960881
 20
-41.44469608336729
 10
146.50331434219765
 20
-41.443769849274396
 10
146.5027182978794
 20
-41.44285639936136
 10
146.3726303015077
 20
-41.24816740481073
 10
146.37201444409723
 20
-41.24726713116669
 10
146.37137909462183
 20
-41.246380506089025
 10
146.37072455545024
 20
-41.24550795153082
 10
146.35089755942744
 20
-41.219668956731624
 10
146.35022408518105
 20
-41.218810817079
 10
146.34953205016026
 20
-41.217967574080866
 10
146.34882178376577
 20
-41.21713962911121
 10
146.1944437880751
 20
-41.04110663404128
 10
146.19371570490995
 20
-41.04029446470352
 10
146.19297007865256
 20
-41.03949837073114
 10
146.1922072641388
 20
-41.038718730977045
 10
146.16917826876104
 20
-41.01568973561439
 10
146.16839862901324
 20
-41.01492692110764
 10
146.16760253504745
 20
-41.014181294856975
 10
146.16679036571654
 20
-41.01345321169826
 10
145.9907573706318
 20
-40.85907521602309
 10
145.9899295919434
 20
-40.85836508915668
 10
145.98908652123458
 20
-40.857673186343135
 10
145.98822855963775
 20
-40.85699983678923
 10
145.9623915648257
 20
-40.837173840783706
 10
145.96151881141824
 20
-40.83651913819138
 10
145.9606319807054
 20
-40.83588363423278
 10
145.95973149493707
 20
-40.83526763149274
 10
145.7650355003759
 20
-40.705175635139724
 10
145.7641219981439
 20
-40.70457956060057
 10
145.76319571039025
 20
-40.70400355523473
 10
145.76225707795058
 20
-40.70344789317264
 10
145.73407508361552
 20
-40.68717689645567
 10
145.73312448575237
 20
-40.68664180514255
 10
145.73216244070466
 20
-40.6861275791835
 10
145.73118940639006
 20
-40.685634463341685
 10
145.52116641225857
 20
-40.58206246624765
 10
145.52018269927143
 20
-40.58159062410138
 10
145.51918892529315
 20
-40.58114035803325
 10
145.51818556348982
 20
-40.580711882428695
 10
145.48812756953504
 20
-40.56826188494421
 10
145.4871154920433
 20
-40.567855557183854
 10
145.48609479303033
 20
-40.567471400154666
 10
145.48506595810525
 20
-40.56710959662369
 10
145.26333096430292
 20
-40.49184059873881
 10
145.26229380159248
 20
-40.49150110601022
 10
145.26124947651766
 20
-40.491184330160756
 10
145.26019848657904
 20
-40.49089042209762
 10
145.22874849290065
 20
-40.48246442380235
 10
145.22769233375448
 20
-40.48219376697792
 10
145.22663052417977
 20
-40.48194620347964
 10
145.22556356905736
 20
-40.48172185102169
 10
144.9959165754739
 20
-40.43604185230893
 10
144.99484511057264
 20
-40.43584084021832
 10
144.99376951791072
 20
-40.43566323582418
 10
144.99269030880035
 20
-40.435509123555605
 10
144.9604033152907
 20
-40.43125712442116
 10
144.95931961170413
 20
-40.43112642513794
 10
144.95823331321984
 20
-40.43101941406755
 10
144.9571449375659
 20
-40.43093614221128
 10
144.7153509425496
 20
-40.41508914254058
 10
144.71371659439632
 20
-40.41500886140554
 10
144.69743159766676
 20
-40.41447586151525
 10
144.6957959982821
 20
-40.414449102499994
 10
124.39210200155425
 20
-40.41444910250267
 10
124.39046640215321
 20
-40.41447586151847
 10
124.3741814054245
 20
-40.41500886141408
 10
124.37254689222215
 20
-40.41508915336713
 10
124.130749897042
 20
-40.430937153061954
 10
124.12966194894388
 20
-40.43102039113259
 10
124.12857607625844
 20
-40.43112734977705
 10
124.1274927961042
 20
-40.43125797805905
 10
124.0952078025975
 20
-40.43550897721487
 10
124.0941282206074
 20
-40.4356631221438
 10
124.09305225719444
 20
-40.43584077536336
 10
124.09198042419787
 20
-40.436041852363324
 10
123.8623334306195
 20
-40.481721851096864
 10
123.86126657023205
 20
-40.48194618255366
 10
123.86020485443146
 20
-40.48219372092967
 10
123.85914878796413
 20
-40.482464348543594
 10
123.82770179429119
 20
-40.490889346859596
 10
123.82665069108313
 20
-40.491183281317205
 10
123.82560625407818
 20
-40.49150008845422
 10
123.82456898093618
 20
-40.49183961731639
 10
123.60282598714109
 20
-40.56711161522141
 10
123.60179710746125
 20
-40.567473436376254
 10
123.60077636445794
 20
-40.56785761298258
 10
123.59976424380396
 20
-40.56826396224792
 10
123.56971624985721
 20
-40.58070995975222
 10
123.56871300494167
 20
-40.58113838873395
 10
123.56771934567318
 20
-40.58158860313964
 10
123.56673574505417
 20
-40.582060388657894
 10
123.3567007509324
 20
-40.68563738577103
 10
123.35572746390577
 20
-40.68613062884451
 10
123.35476517189254
 20
-40.68664499296364
 10
123.35381433316564
 20
-40.68718023317251
 10
123.32564533884168
 20
-40.70344422990768
 10
123.32470692363297
 20
-40.70399977732233
 10
123.3237808477318
 20
-40.704575658785075
 10
123.32286755167475
 20
-40.705171600347676
 10
123.12815755712454
 20
-40.835272596719115
 10
123.12725711586157
 20
-40.83588856661962
 10
123.12637032822437
 20
-40.836524035795044
 10
123.12549761639958
 20
-40.83717870170777
 10
123.09967862160084
 20
-40.85699069773011
 10
123.09882058784561
 20
-40.857664098799965
 10
123.09797744734503
 20
-40.8583560561847
 10
123.09714960132979
 20
-40.8590662405981
 10
122.92110660625843
 20
-41.013453236289976
 10
122.92029471336225
 20
-41.01418106723659
 10
122.91949888468528
 20
-41.01492642934901
 10
122.91871949869437
 20
-41.01568896816042
 10
122.89569250333153
 20
-41.038714963538624
 10
122.89492940679929
 20
-41.03949486363516
 10
122.89418351037511
 20
-41.04029122975856
 10
122.89345516927294
 20
-41.04110368265995
 10
122.73906617359877
 20
-41.217149677743556
 10
122.73835601256042
 20
-41.21797749933938
 10
122.73766407744331
 20
-41.21882061444934
 10
122.73699069750269
 20
-41.219678621879666
 10
122.71717870149725
 20
-41.245497616691544
 10
122.71652403559067
 20
-41.24637032850914
 10
122.71588856642107
 20
-41.247257116138904
 10
122.71527259652606
 20
-41.2481575573942
 10
122.58517160017252
 20
-41.442867551956134
 10
122.58457565860492
 20
-41.443780848021206
 10
122.58399977713754
 20
-41.44470692393061
 10
122.58344422971861
 20
-41.44564533914776
 10
122.56718023300179
 20
-41.47381433348273
 10
122.56664499279809
 20
-41.4747651722017
 10
122.56613062868377
 20
-41.47572746420679
 10
122.56563738561474
 20
-41.476700751225096
 10
122.4620603885209
 20
-41.68673574535611
 10
122.46158860299875
 20
-41.68771934598374
 10
122.46113838858952
 20
-41.68871300526101
 10
122.46070995960464
 20
-41.689716250185484
 10
122.44826396212005
 20
-41.719764244140634
 10
122.4478576128588
 20
-41.720776364786076
 10
122.44747343625619
 20
-41.72179710778068
 10
122.44711161510467
 20
-41.722825987451664
 10
122.3718396172198
 20
-41.944568981254086
 10
122.37150008835489
 20
-41.945606254405114
 10
122.37118328121554
 20
-41.94665069141921
 10
122.37088934675597
 20
-41.94770179463652
 10
122.3624643484609
 20
-41.97914878831405
 10
122.36219372084993
 20
-41.98020485477239
 10
122.36194618247646
 20
-41.98126657056388
 10
122.3617218510218
 20
-41.98233343094214
 10
122.31604185230914
 20
-42.211980424525066
 10
122.31584077530763
 20
-42.213052257530954
 10
122.31566312208693
 20
-42.2141282209533
 10
122.31550897715728
 20
-42.21520780295283
 10
122.31125797802268
 20
-42.24749279646246
 10
122.31112734886847
 20
-42.24857608458657
 10
122.31102038970003
 20
-42.24966196527617
 10
122.31093715145465
 20
-42.25074992140132
 10
122.30500015312482
 20
-42.34133289591866
 10
122.2950891557138
 20
-42.4925458564593
 10
122.29500886140578
 20
-42.49418040559605
 10
122.29447586151552
 20
-42.510465402243184
 10
122.2944491025
 20
-42.512101001636
  0
LWPOLYLINE
  5
2F
330
17
100
AcDbEntity
  8
0
100
AcDbPolyline
 90
723
 70
0
 10
126.49949989758387
 20
-49.07763747615611
 10
126.49949989750009
 20
-50.92236206562693
 10
126.50551641770599
 20
-51.00905452795178
 10
126.55446806000657
 20
-51.21718742261884
 10
126.61802954975974
 20
-51.361139878149785
 10
126.64059110280367
 20
-51.41223649083288
 10
126.76108938748077
 20
-51.58814185172543
 10
126.91185813330833
 20
-51.73891060009141
 10
127.08776342054404
 20
-51.85940883866361
 10
127.20081599562296
 20
-51.90932639450533
 10
127.28281050810233
 20
-51.94553047940414
 10
127.49093536861272
 20
-51.994481303913794
 10
127.57763739071856
 20
-52.00050010224001
 10
127.68893699002209
 20
-52.0005001025
 10
127.69016405378729
 20
-52.00051516162623
 10
127.6913903784122
 20
-52.0005603299281
 10
127.69261522520183
 20
-52.00063558019781
 10
127.6938378563514
 20
-52.000740867107226
 10
127.6950575353907
 20
-52.00087612723521
 10
127.69627352762785
 20
-52.00104127910579
 10
127.6974851005917
 20
-52.00123622323728
 10
127.69869152447318
 20
-52.00146084220215
 10
127.79397949530953
 20
-52.02041483635229
 10
127.79518001016662
 20
-52.020668987384894
 10
127.79637392645203
 20
-52.0209525232254
 10
127.79756052503238
 20
-52.02126527309123
 10
127.79873909118191
 20
-52.021607048603286
 10
127.79990891501308
 20
-52.02197764389939
 10
127.8010692919041
 20
-52.02237683575832
 10
127.80221952292338
 20
-52.02280438373424
 10
127.80335891525054
 20
-52.02326003030151
 10
127.80448678259364
 20
-52.02374350100985
 10
127.80560244560263
 20
-52.02425450464959
 10
127.8067052322785
 20
-52.02479273342715
 10
127.80779447837806
 20
-52.02535786315035
 10
127.80886952781404
 20
-52.02594955342375
 10
127.80992973305028
 20
-52.026567447853644
 10
127.81097445549175
 20
-52.02721117426273
 10
127.81200306586916
 20
-52.0278803449143
 10
127.89278404117755
 20
-52.08185532830326
 10
127.8937959966974
 20
-52.08254959420184
 10
127.89479060840225
 20
-52.083268486870246
 10
127.89576727711442
 20
-52.08401157323047
 10
127.89672541446554
 20
-52.08477840562969
 10
127.89766444325093
 20
-52.08556852210988
 10
127.89858379777743
 20
-52.086381446686154
 10
127.89948292420405
 20
-52.08721668963347
 10
127.90036128087573
 20
-52.08807374778168
 10
130.2442248436068
 20
-54.43193830945734
 10
130.35639874548076
 20
-54.518011212059925
 10
130.43210384757606
 20
-54.57610129039953
 10
130.4418741009342
 20
-54.58359900596594
 10
130.6335369853212
 20
-54.694255839692794
 10
130.6576269561258
 20
-54.70816429097381
 10
130.88779151897035
 20
-54.803502202832576
 10
130.9330756119216
 20
-54.81563572361035
 10
131.12843541613185
 20
-54.867982605789464
 10
131.3754341094109
 20
-54.900500101559686
 10
135.6245657790705
 20
-54.90050010249927
 10
135.87156454151446
 20
-54.86798162510762
 10
136.1122066179273
 20
-54.80350198638494
 10
136.34237315619012
 20
-54.7081642326261
 10
136.55812690294462
 20
-54.58359842848087
 10
136.7557617999776
 20
-54.4319476823709
 10
138.9319374463106
 20
-52.25577501735298
 10
139.08359842451992
 20
-52.058126907971356
 10
139.2081642264251
 20
-51.8423731687645
 10
139.30350198187844
 20
-51.61220663120306
 10
139.3679816223725
 20
-51.37156455526479
 10
139.40050010156324
 20
-51.12456579320552
 10
139.40050010249567
 20
-50.415434220902206
 10
139.36798162510766
 20
-50.16843545848554
 10
139.30350201723712
 20
-49.92779349721512
 10
139.28389618422406
 20
-49.880461292097465
 10
139.20816620528618
 20
-49.69763178602736
 10
139.08359735870525
 20
-49.48187198650166
 10
138.93194232587925
 20
-49.284229847537645
 10
138.75349890678947
 20
-49.10578544017951
 10
138.75345756271275
 20
-49.10574509562879
 10
137.7443327405616
 20
-48.09662027372333
 10
137.74347569576358
 20
-48.0957419306948
 10
137.7426404654843
 20
-48.09484281855375
 10
137.74182755287066
 20
-48.093923478929796
 10
137.74103744762525
 20
-48.0929844656377
 10
137.74027062571136
 20
-48.092026344343715
 10
137.73952754906637
 20
-48.09104969222488
 10
137.7388086653233
 20
-48.09005509762127
 10
137.73811440754127
 20
-48.089043159681616
 10
137.68413841844784
 20
-48.00826117609089
 10
137.68346924796768
 20
-48.007232572500996
 10
137.68282552144254
 20
-48.006187856923674
 10
137.68220762660556
 20
-48.00512765861813
 10
137.68161593563073
 20
-48.0040526161692
 10
137.6810508049089
 20
-48.00296337710275
 10
137.68051257483282
 20
-48.00186059749563
 10
137.68000156959243
 20
-48.00074494158049
 10
137.67951809697942
 20
-47.99961708134575
 10
137.65693227251327
 20
-47.94508993686918
 10
137.60668793785842
 20
-47.85806515534794
 10
137.52254029421505
 20
-47.71231687732758
 10
137.35890429200623
 20
-47.49905882648305
 10
137.1688390865863
 20
-47.308993619763925
 10
136.95558994643804
 20
-47.14536259204688
 10
136.72281601023514
 20
-47.010969687676926
 10
136.47447497133504
 20
-46.908102179192504
 10
136.36246814295856
 20
-46.87809021071103
 10
136.21483960749003
 20
-46.83853339163597
 10
135.94834584766613
 20
-46.803448898429835
 10
135.67955212355648
 20
-46.803448897511196
 10
135.41306230528258
 20
-46.838532407870645
 10
135.1534253486817
 20
-46.90810103063434
 10
134.98273335017655
 20
-46.97880379171935
 10
134.90508997234994
 20
-47.01096567285947
 10
134.67232202490686
 20
-47.14535274969539
 10
134.47197730857448
 20
-47.299080355869556
 10
134.45905536187036
 20
-47.30899617259373
 10
134.35167727350486
 20
-47.41637425965688
 10
134.35079893049902
 20
-47.4172313044228
 10
134.3498998183821
 20
-47.41806653467123
 10
134.34898047878366
 20
-47.41887944725535
 10
134.34804146551838
 20
-47.41966955247261
 10
134.34708334425252
 20
-47.42043637435974
 10
134.346106692163
 20
-47.421179450979444
 10
134.3451120975899
 20
-47.421898334698724
 10
134.34410015968186
 20
-47.422592592458464
 10
134.2633181844403
 20
-47.47656857597333
 10
134.262289573768
 20
-47.47723775093832
 10
134.2612448508924
 20
-47.47788148159797
 10
134.26018464508576
 20
-47.47849938021137
 10
134.25910959494607
 20
-47.47909107459712
 10
134.25802034801276
 20
-47.47965620835754
 10
134.2569175603763
 20
-47.4801944410933
 10
134.25580189628334
 20
-47.48070544860848
 10
134.2546740277363
 20
-47.48118892310584
 10
134.25353463408894
 20
-47.481644573372215
 10
134.25238440163682
 20
-47.482072124953916
 10
134.25122402320414
 20
-47.482471320322055
 10
134.25005419772643
 20
-47.48284191902766
 10
134.2488756298294
 20
-47.4831836978465
 10
134.24768902940465
 20
-47.48349645091355
 10
134.2464951111821
 20
-47.483779989846965
 10
134.24529459429934
 20
-47.4840341438616
 10
134.1500076235048
 20
-47.50298813814792
 10
134.14880118768622
 20
-47.50321276168676
 10
134.14758960262756
 20
-47.50340770979321
 10
134.14637359816018
 20
-47.50357286503494
 10
134.14515390677758
 20
-47.50370812792619
 10
134.14393126319416
 20
-47.50381341698766
 10
134.14270640390265
 20
-47.50388866879561
 10
134.14148006673054
 20
-47.50393383802006
 10
134.14025299039548
 20
-47.5039488974521
 10
133.57394989122804
 20
-47.50394889749611
 10
133.57394900791428
 20
-47.90394900096155
 10
134.17394890821603
 20
-47.9039491025
 10
134.175175969446
 20
-47.90396416176885
 10
134.17640229153523
 20
-47.90400933008894
 10
134.1776271357933
 20
-47.904084580252565
 10
134.17884976442
 20
-47.90418986693185
 10
134.18006944094972
 20
-47.90432512670606
 10
134.18128543069508
 20
-47.90449027809978
 10
134.1824970011895
 20
-47.904685221632
 10
134.18370342262833
 20
-47.904909839876055
 10
134.1849039683086
 20
-47.905163997530344
 10
134.18609791506663
 20
-47.90544754149983
 10
134.1872845437137
 20
-47.90576030098827
 10
134.18846313946923
 20
-47.90610208760108
 10
134.18963299239138
 20
-47.906472695458824
 10
134.1907933978046
 20
-47.906871901321246
 10
134.19194365672428
 20
-47.9072994647217
 10
134.19308307627756
 20
-47.90775512811205
 10
134.19421097012082
 20
-47.908238617017766
 10
134.19532665885322
 20
-47.90874964020326
 10
134.19642947042564
 20
-47.90928788984735
 10
134.19751874054583
 20
-47.909853041728645
 10
134.1985938130783
 20
-47.910444755420855
 10
134.19965404043975
 20
-47.911062674497856
 10
134.20069878398897
 20
-47.91170642674839
 10
134.2017274144116
 20
-47.91237562440024
 10
134.20273931209937
 20
-47.913069864353865
 10
134.203733867523
 20
-47.91378872842515
 10
134.20471048159962
 20
-47.914531783597376
 10
134.20566856605362
 20
-47.91529858228197
 10
134.20660754377082
 20
-47.91608866258818
 10
134.2075268491463
 20
-47.916901548601274
 10
134.208425928425
 20
-47.91773675066922
 10
134.20930424003524
 20
-47.918593765697636
 10
134.21016125491514
 20
-47.919472077452824
 10
134.21099645683105
 20
-47.92037115687273
 10
134.21180934268872
 20
-47.92129046238566
 10
134.21259942283615
 20
-47.922229440236464
 10
134.21336622135874
 20
-47.923187524820115
 10
134.2141092763658
 20
-47.9241641390224
 10
134.21482814026893
 20
-47.925158694567585
 10
134.21552238005145
 20
-47.92617059237272
 10
134.21619157752937
 20
-47.927199222908534
 10
134.21683532960324
 20
-47.9282439665666
 10
134.21745324850096
 20
-47.92930419403252
 10
134.2180449620114
 20
-47.930379266665064
 10
134.21861011370848
 20
-47.931468536880814
 10
134.21914836316608
 20
-47.932571348544265
 10
134.21965938616293
 20
-47.93368703736305
 10
134.22014287487792
 20
-47.934814931288095
 10
134.2205985380756
 20
-47.93595435091841
 10
134.22102610128155
 20
-47.937104609910364
 10
134.22142530694776
 20
-47.9382650153911
 10
134.2217959146077
 20
-47.93943486837591
 10
134.2221377010212
 20
-47.94061346418924
 10
134.22245046030898
 20
-47.9418000928892
 10
134.22273400407659
 20
-47.942994039695186
 10
134.22298816152787
 20
-47.94419458541844
 10
134.22321277956792
 20
-47.94540100689526
 10
134.22340772289527
 20
-47.94661257742263
 10
134.22357287408337
 20
-47.94782856719591
 10
134.22370813365134
 20
-47.9490482437485
 10
134.2238134201239
 20
-47.950270872393006
 10
134.2238886700804
 20
-47.95149571666381
 10
134.22393383819315
 20
-47.95272203876067
 10
134.2239488972545
 20
-47.95394909999318
 10
134.2239488975
 20
-49.75394889974746
 10
134.22393383843573
 20
-49.755175961112066
 10
134.2238886703136
 20
-49.7564022833408
 10
134.22381342034126
 20
-49.75762712774299
 10
134.2237081338464
 20
-49.75884975651818
 10
134.2235728742497
 20
-49.76006943320051
 10
134.22340772302647
 20
-49.76128542310236
 10
134.22321277965764
 20
-49.76249699375687
 10
134.22298816156982
 20
-49.763703415359196
 10
134.22273400406453
 20
-49.76490396120606
 10
134.22245046023676
 20
-49.76609790813355
 10
134.2221377008827
 20
-49.76728453695267
 10
134.2217959143969
 20
-49.7684631328826
 10
134.22142530665874
 20
-49.76963298598122
 10
134.2210261009085
 20
-49.77079339157276
 10
134.22059853761272
 20
-49.77194365067229
 10
134.22014287431963
 20
-49.77308307040674
 10
134.21965938550372
 20
-49.774210964432264
 10
134.21914836240057
 20
-49.775326653347676
 10
134.21861011283139
 20
-49.77642946510369
 10
134.2180449610176
 20
-49.777518735407746
 10
134.21745324738552
 20
-49.77859380812414
 10
134.21683532836133
 20
-49.779654035669274
 10
134.21619157615632
 20
-49.78069877940172
 10
134.21552237854277
 20
-49.7817274100069
 10
134.21482813862025
 20
-49.78273930787622
 10
134.214109274573
 20
-49.783733863480236
 10
134.2133662194178
 20
-49.78471047773584
 10
134.2125994207433
 20
-49.78566856236713
 10
134.21180934044034
 20
-49.78660754025973
 10
134.21099645442376
 20
-49.787526845808486
 10
134.2101612523457
 20
-49.78842592525811
 10
134.20930423730064
 20
-49.78930423703675
 10
134.20842592552245
 20
-49.79016125208224
 10
134.20752684607325
 20
-49.79099645416076
 10
134.2066075405249
 20
-49.791809340177814
 10
134.20566856263272
 20
-49.79259942048126
 10
134.20471047800183
 20
-49.793366219156255
 10
134.2037338637466
 20
-49.794109274311964
 10
134.20273930814295
 20
-49.79482813835973
 10
134.201727410274
 20
-49.795522378282755
 10
134.20069877966915
 20
-49.79619157589685
 10
134.19965403593704
 20
-49.7968353281024
 10
134.19859380839225
 20
-49.79745324712714
 10
134.19751873567614
 20
-49.79804496075977
 10
134.19642946537238
 20
-49.79861011257412
 10
134.19532665361663
 20
-49.79914836214385
 10
134.19421096470148
 20
-49.79965938524758
 10
134.1930830706762
 20
-49.80014287406407
 10
134.191943650942
 20
-49.80059853735776
 10
134.1907933918427
 20
-49.8010261006541
 10
134.18963298625135
 20
-49.80142530640496
 10
134.18846313315294
 20
-49.80179591414372
 10
134.18728453722318
 20
-49.80213770063013
 10
134.1860979084042
 20
-49.8024504599848
 10
134.18490396147686
 20
-49.802734003813185
 10
134.18370341563013
 20
-49.80298816131909
 10
134.18249699402793
 20
-49.80321277940753
 10
134.1812854233735
 20
-49.803407722776974
 10
134.18006943347174
 20
-49.80357287400082
 10
134.1788497567895
 20
-49.80370813359816
 10
134.17762712801436
 20
-49.80381342009365
 10
134.1764022836122
 20
-49.80388867006665
 10
134.1751759613835
 20
-49.80393383818939
 10
134.1739489000189
 20
-49.80394889725429
 10
133.57394899649998
 20
-49.8039488974811
 10
133.5739489085
 20
-50.20394808793552
 10
134.14025307948305
 20
-50.20394910250008
 10
134.14148013204206
 20
-50.20396416354734
 10
134.1427064454271
 20
-50.204009333220384
 10
134.14393128096344
 20
-50.20408458431107
 10
134.14515390086652
 20
-50.2041898714916
 10
134.1463735686863
 20
-50.20432513134184
 10
134.14758954975107
 20
-50.20449028238746
 10
134.14880111160974
 20
-50.204685225149085
 10
134.15000752447324
 20
-50.204909842202156
 10
134.24529549530925
 20
-50.22386383635224
 10
134.24649601882544
 20
-50.2241179893293
 10
134.24768994366931
 20
-50.2244015275381
 10
134.2488765506919
 20
-50.22471428019216
 10
134.25005512515204
 20
-50.225056058907974
 10
134.25122495714692
 20
-50.22542665781846
 10
134.25238534203962
 20
-50.22582585369698
 10
134.25353558088366
 20
-50.226253406091814
 10
134.2546749808439
 20
-50.22670905747093
 10
134.2558028556139
 20
-50.22719253337716
 10
134.25691852582926
 20
-50.22770354259354
 10
134.25802131947694
 20
-50.22824177731863
 10
134.25911057229996
 20
-50.228806913352
 10
134.26018562819752
 20
-50.22939861028949
 10
134.26124583962016
 20
-50.23001651172822
 10
134.26229056795987
 20
-50.23066024548128
 10
134.26331918393478
 20
-50.231329423801945
 10
134.34410115924325
 20
-50.28530540719081
 10
134.34511309718917
 20
-50.285999664975044
 10
134.34610769179892
 20
-50.28671854872063
 10
134.3470843439237
 20
-50.28746162536842
 10
134.3480424652235
 20
-50.28822844728535
 10
134.34898147852124
 20
-50.28901855253409
 10
134.34990081815062
 20
-50.289831465151295
 10
134.35079993029692
 20
-50.29066669543438
 10
134.35167827333046
 20
-50.291523740236464
 10
134.45905496485935
 20
-50.39890043169902
 10
134.6732880227301
 20
-50.563287424799505
 10
134.67425230293196
 20
-50.56404632360496
 10
134.67519766931125
 20
-50.56482865736592
 10
134.67612355246854
 20
-50.56563395487843
 10
134.6770293947393
 20
-50.56646173110734
 10
134.6779146505297
 20
-50.56731148747843
 10
134.67877878664524
 20
-50.56818271217873
 10
134.67962128261198
 20
-50.56907488046479
 10
134.68044163098992
 20
-50.569987454978694
 10
134.74450061141357
 20
-50.64303143258379
 10
134.74529836218852
 20
-50.643963916507644
 10
134.7460729881916
 20
-50.644915697534245
 10
134.74682402280888
 20
-50.64588620233631
 10
134.7475510136374
 20
-50.64687484630785
 10
134.74825352275738
 20
-50.64788103391637
 10
134.7489311269963
 20
-50.648904159061516
 10
134.74958341818353
 20
-50.64994360544024
 10
134.75021000339646
 20
-50.65099874691803
 10
134.75081050519702
 20
-50.65206894790603
 10
134.75138456185908
 20
-50.65315356374399
 10
134.75193182758636
 20
-50.65425194108851
 10
134.7524519727207
 20
-50.65536341830664
 10
134.75294468394068
 20
-50.65648732587442
 10
134.75340966445032
 20
-50.657622986780176
 10
134.7538466341579
 20
-50.65876971693234
 10
134.75425532984457
 20
-50.65992682557153
 10
134.78548531713963
 20
-50.75192578785222
 10
134.78586549209183
 20
-50.75309257628208
 10
134.78621691791145
 20
-50.75426834332007
 10
134.78653938290958
 20
-50.75545238071783
 10
134.7868326928426
 20
-50.75664397524514
 10
134.78709667102902
 20
-50.75784240911958
 10
134.78733115845588
 20
-50.75904696043894
 10
134.78753601387473
 20
-50.76025690361599
 10
134.7877111138865
 20
-50.76147150981563
 10
134.787856353016
 20
-50.762690047393875
 10
134.78797164377528
 20
-50.76391178233859
 10
134.7880569167165
 20
-50.76513597871165
 10
134.78811212047373
 20
-50.766361899092225
 10
134.78813722179376
 20
-50.767588805021
 10
134.7881322055563
 20
-50.76881595744498
 10
134.788097074783
 20
-50.7700426171627
 10
134.7880318506356
 20
-50.771268045269494
 10
134.78167785333247
 20
-50.86821500555895
 10
134.78158257447623
 20
-50.86943847080618
 10
134.78145729858895
 20
-50.870659229268654
 10
134.7813021011341
 20
-50.871876545588115
 10
134.7811170755992
 20
-50.873089686479794
 10
134.78090233343966
 20
-50.8742979211741
 10
134.78065800401137
 20
-50.875500521856836
 10
134.78038423449314
 20
-50.87669676410759
 10
134.7800811897977
 20
-50.877885927336166
 10
134.77974905247257
 20
-50.879067295216586
 10
134.77938802259004
 20
-50.880240156118624
 10
134.7789983176266
 20
-50.881403803536486
 10
134.778580172332
 20
-50.88255753651436
 10
134.7781338385879
 20
-50.883700660068705
 10
134.77765958525595
 20
-50.884832485606836
 10
134.77715769801603
 20
-50.885952331341755
 10
134.77662847919402
 20
-50.88705952270284
 10
134.73365749688182
 20
-50.97419548704859
 10
134.73310128907522
 20
-50.97528931165718
 10
134.7325184057537
 20
-50.97636915721649
 10
134.73190919800408
 20
-50.977434373305506
 10
134.73127403276916
 20
-50.97848431831494
 10
134.73061329262666
 20
-50.9795183598337
 10
134.72992737555867
 20
-50.98053587502982
 10
134.7292166947122
 20
-50.98153625102559
 10
134.72848167815002
 20
-50.982518885266714
 10
134.7277227685931
 20
-50.98348318588525
 10
134.7269404231538
 20
-50.98442857205611
 10
134.7261351130605
 20
-50.98535447434691
 10
134.7253073233739
 20
-50.98626033506094
 10
134.72445755269473
 20
-50.98714560857309
 10
134.72358631286352
 20
-50.98800976165848
 10
134.72269412865228
 20
-50.98885227381369
 10
134.72178153744835
 20
-50.9896726375702
 10
134.64873756743387
 20
-51.05373161139807
 10
134.64780508350924
 20
-51.05452936217442
 10
134.64685330248184
 20
-51.055303988178814
 10
134.6458827976789
 20
-51.05605502279741
 10
134.64489415370645
 20
-51.05678201362715
 10
134.64388796609694
 20
-51.05748452274833
 10
134.64286484095078
 20
-51.058162126988364
 10
134.641825394571
 20
-51.05881441817669
 10
134.6407702530921
 20
-51.059441003390646
 10
134.6397000521029
 20
-51.06004150519217
 10
134.63861543626376
 20
-51.06061556185512
 10
134.637517058918
 20
-51.06116282758324
 10
134.6364055816986
 20
-51.06168297271835
 10
134.63528167412952
 20
-51.062175683939046
 10
134.63414601322245
 20
-51.06264066444933
 10
134.6329992830689
 20
-51.063077634157466
 10
134.63184217442833
 20
-51.06348632984466
 10
134.53984320575327
 20
-51.09471631931032
 10
134.53871185610055
 20
-51.095085411975305
 10
134.53757204285074
 20
-51.09542747510932
 10
134.53642441167688
 20
-51.09574231494296
 10
134.5352696126806
 20
-51.09602975312809
 10
134.53410830002395
 20
-51.09628962683884
 10
134.53294113155872
 20
-51.09652178886385
 10
134.53176876845393
 20
-51.09672610768972
 10
134.53059187482117
 20
-51.0969024675754
 10
134.5294111173385
 20
-51.09705076861784
 10
134.5282271648727
 20
-51.09717092680858
 10
134.52704068810044
 20
-51.09726287408128
 10
134.49453870446115
 20
-51.09939287306567
 10
134.4934496666416
 20
-51.09945232164665
 10
134.49235959122655
 20
-51.09948800211363
 10
134.4912689968903
 20
-51.099499897489295
 10
132.4110640100949
 20
-51.099499897499996
 10
132.409836946315
 20
-51.09948483837628
 10
132.4086106216754
 20
-51.0994396700762
 10
132.40738577487105
 20
-51.09936441980757
 10
132.40616314370678
 20
-51.0992591328985
 10
132.40494346465277
 20
-51.099123872770164
 10
132.40372747240102
 20
-51.098958720898494
 10
132.40251589942264
 20
-51.09876377676522
 10
132.40130947552674
 20
-51.098539157797845
 10
132.30602150469073
 20
-51.07958516364777
 10
132.30482098117454
 20
-51.0793310106707
 10
132.30362705633067
 20
-51.0790474724619
 10
132.30244044930808
 20
-51.07873471980784
 10
132.30126187484794
 20
-51.07839294109203
 10
132.30009204285307
 20
-51.07802234218154
 10
132.29893165796034
 20
-51.07762314630301
 10
132.2977814191163
 20
-51.077195593908186
 10
132.29664201915605
 20
-51.07673994252907
 10
132.2955141443861
 20
-51.07625646662283
 10
132.29439847417072
 20
-51.075745457406455
 10
132.29329568052302
 20
-51.075207222681364
 10
132.2922064277
 20
-51.074642086647984
 10
132.29113137180246
 20
-51.0740503897105
 10
132.29007116037982
 20
-51.07343248827177
 10
132.2890264320401
 20
-51.072788754518704
 10
132.28799781606517
 20
-51.072119576198055
 10
132.2072158407567
 20
-51.01814359280918
 10
132.2062039028093
 20
-51.017449335023905
 10
132.20520930819816
 20
-51.01673045127721
 10
132.20423265607198
 20
-51.015987374628246
 10
132.2032745347709
 20
-51.01522055271007
 10
132.20233552147192
 20
-51.01443044746002
 10
132.20141618184135
 20
-51.013617534841444
 10
132.20051706969394
 20
-51.01278230455693
 10
132.19963872665934
 20
-51.01192525975335
 10
130.58807474055803
 20
-49.400361273719774
 10
130.58721769576053
 20
-49.39948293069162
 10
130.58638246548176
 20
-49.39858381855096
 10
130.5855695528686
 20
-49.39766447892742
 10
130.58477944762365
 20
-49.396725465635754
 10
130.5840126257102
 20
-49.395767344342225
 10
130.5832695490656
 20
-49.394790692223864
 10
130.5825506653229
 20
-49.39379609762076
 10
130.58185640754127
 20
-49.39278415968162
 10
130.52788042402668
 20
-49.312002184440345
 10
130.5272112457045
 20
-49.31097356846641
 10
130.52656751194993
 20
-49.30992884012761
 10
130.52594961050966
 20
-49.30886862870587
 10
130.5253579135706
 20
-49.30779357280919
 10
130.52479277753562
 20
-49.30670431998699
 10
130.5242545428089
 20
-49.30560152634009
 10
130.5237435335909
 20
-49.30448585612547
 10
130.52326005768302
 20
-49.303357981356186
 10
130.52280440630224
 20
-49.30221858139661
 10
130.52237685390574
 20
-49.30106834255319
 10
130.52197765802552
 20
-49.29990795766105
 10
130.5216070591133
 20
-49.298738125666716
 10
130.5212652803958
 20
-49.29755955120707
 10
130.52095252774
 20
-49.29637294418494
 10
130.52066898952944
 20
-49.29517901934147
 10
130.52041483655063
 20
-49.29397849582565
 10
130.50146084226427
 20
-49.198690525031104
 10
130.50123622329403
 20
-49.1974841011292
 10
130.5010412791582
 20
-49.196272528144696
 10
130.50087612728427
 20
-49.19505653588674
 10
130.500740867154
 20
-49.19383685682648
 10
130.5006355802433
 20
-49.19261422565589
 10
130.50056032997335
 20
-49.19138937884516
 10
130.5005151616723
 20
-49.19016305419913
 10
130.50050010254787
 20
-49.18893599041284
 10
130.50050010250072
 20
-49.07763720378975
 10
130.49448266573765
 20
-48.99094504449257
 10
130.44553190587104
 20
-48.78281446346702
 10
130.35940882876673
 20
-48.58776340927261
 10
130.2389106125192
 20
-48.41185814827455
 10
130.0881418652799
 20
-48.261089398496836
 10
130.0870991268813
 20
-48.26037510409648
 10
128.9103460337855
 20
-48.260375085273395
 10
128.8466586271759
 20
-48.290496975190685
 10
128.84554293967525
 20
-48.291007997493445
 10
128.84441504709935
 20
-48.29149148558047
 10
128.84327562884673
 20
-48.29194714821738
 10
128.84212537125853
 20
-48.29237471093077
 10
128.76358643867476
 20
-48.32047639038071
 10
128.76242603308324
 20
-48.320875596131586
 10
128.76125617998463
 20
-48.32124620387035
 10
128.76007758405467
 20
-48.32158799035676
 10
128.75889095523553
 20
-48.32190074971142
 10
128.67797576282103
 20
-48.34216895031742
 10
128.6767818158935
 20
-48.34245249414579
 10
128.67558127004656
 20
-48.34270665165166
 10
128.67437484844416
 20
-48.34293126974006
 10
128.67316327778954
 20
-48.34312621310946
 10
128.59065108307956
 20
-48.35536574102005
 10
128.5894350931776
 20
-48.35553089224384
 10
128.58821541649513
 20
-48.355666151841106
 10
128.5869927877198
 20
-48.35577143833652
 10
128.58576794331745
 20
-48.355846688309434
 10
128.50245338385326
 20
-48.35993967017993
 10
128.50122706162438
 20
-48.35998483830257
 10
128.50000000025958
 20
-48.359999897367366
 10
128.49877293889477
 20
-48.35998483830328
 10
128.49754661666586
 20
-48.35993967018134
 10
128.41423205719923
 20
-48.3558466883589
 10
128.41300721279683
 20
-48.3557714383867
 10
128.41178458402146
 20
-48.35566615189199
 10
128.4105649073389
 20
-48.35553089229543
 10
128.40934891743686
 20
-48.35536574107234
 10
128.3268367227201
 20
-48.34312621320938
 10
128.32562515206536
 20
-48.34293126984068
 10
128.32441873046284
 20
-48.34270665175298
 10
128.32321818461577
 20
-48.3424524942478
 10
128.32202423768805
 20
-48.342168950420124
 10
128.2411090452615
 20
-48.321900749860724
 10
128.23992241644217
 20
-48.32158799050674
 10
128.238743820512
 20
-48.32124620402101
 10
128.23757396741317
 20
-48.32087559628292
 10
128.2364135618214
 20
-48.32047639053271
 10
128.1578746292213
 20
-48.292374711128005
 10
128.15672437012157
 20
-48.291947147832296
 10
128.1555849503869
 20
-48.291491484539236
 10
128.15445705636117
 20
-48.29100799572335
 10
128.15334136744553
 20
-48.29049697262022
 10
128.07793506752662
 20
-48.25483244890488
 10
128.0768322557704
 20
-48.25429419933571
 10
128.07574298546612
 20
-48.25372904752193
 10
128.07466791274953
 20
-48.253137333889846
 10
128.0736076852042
 20
-48.25251941486563
 10
128.00206022185603
 20
-48.20963551569935
 10
128.00101547812338
 20
-48.2089917634943
 10
127.999986847518
 20
-48.2083225658807
 10
127.99897494964848
 20
-48.20762832595816
 10
127.99798039404428
 20
-48.20690946191084
 10
127.93098080845016
 20
-48.157219182684926
 10
127.93000419419437
 20
-48.15647612752966
 10
127.92904610956289
 20
-48.15570932885508
 10
127.9281071316701
 20
-48.15491924855204
 10
127.92718782612117
 20
-48.15410636253537
 10
127.8653813609165
 20
-48.09808824780251
 10
127.8644822814667
 20
-48.09725304572435
 10
127.86360396968792
 20
-48.09639603067921
 10
127.86274695464226
 20
-48.0955177189009
 10
127.86191175256359
 20
-48.094618639451596
 10
127.80589363779514
 20
-48.03281217427931
 10
127.80508075177795
 20
-48.03189286873084
 10
127.80429067147436
 20
-48.03095389083852
 10
127.80352387279923
 20
-48.029995806207495
 10
127.80278081764341
 20
-48.02901919195213
 10
127.75309053837894
 20
-47.96201960638683
 10
127.75237167433104
 20
-47.96102505078304
 10
127.75167743440792
 20
-47.96001315291392
 10
127.75100823679372
 20
-47.958984522308924
 10
127.75036448458809
 20
-47.95793977857665
 10
127.70748058538025
 20
-47.8863923152528
 10
127.70686266635542
 20
-47.885332087707816
 10
127.7062709527227
 20
-47.88425701499155
 10
127.70570580090829
 20
-47.883167744687604
 10
127.70516755133849
 20
-47.88206493293168
 10
127.66950302757971
 20
-47.80665863303341
 10
127.66899200447592
 20
-47.80554294411808
 10
127.6685085156594
 20
-47.80441505009262
 10
127.66805285236568
 20
-47.803275630358215
 10
127.6676252890693
 20
-47.80212537125872
 10
127.6395236096193
 20
-47.72358643867488
 10
127.63912440386842
 20
-47.722426033083345
 10
127.63875379612966
 20
-47.72125617998472
 10
127.63841200964325
 20
-47.72007758405476
 10
127.63809925028859
 20
-47.7188909552356
 10
127.6178310496826
 20
-47.63797576282106
 10
127.61754750585422
 20
-47.63678181589352
 10
127.61729334834835
 20
-47.63558127004659
 10
127.61706873025994
 20
-47.63437484844419
 10
127.61687378689055
 20
-47.633163277789585
 10
127.60463425897996
 20
-47.55065108307967
 10
127.60446910775617
 20
-47.549435093177706
 10
127.60433384815892
 20
-47.54821541649524
 10
127.60422856166349
 20
-47.5469927877199
 10
127.60415331169058
 20
-47.54576794331755
 10
127.60006032982008
 20
-47.46245338385311
 10
127.60001516169743
 20
-47.461227061624214
 10
127.60000010263265
 20
-47.46000000025943
 10
127.60001516169673
 20
-47.45877293889463
 10
127.60006032981866
 20
-47.45754661666571
 10
127.60415331164108
 20
-47.374232057199386
 10
127.6042285616133
 20
-47.37300721279699
 10
127.60433384810801
 20
-47.371784584021604
 10
127.60446910770456
 20
-47.370564907339066
 10
127.60463425892766
 20
-47.36934891743701
 10
127.61687378679063
 20
-47.286836722720054
 10
127.61706873015932
 20
-47.28562515206533
 10
127.61729334824703
 20
-47.2844187304628
 10
127.61754750575221
 20
-47.28321818461572
 10
127.61783104957989
 20
-47.28202423768802
 10
127.63809925013928
 20
-47.2011090452615
 10
127.63841200949325
 20
-47.19992241644215
 10
127.63875379597899
 20
-47.198743820512
 10
127.63912440371708
 20
-47.19757396741316
 10
127.63952360946728
 20
-47.196413561821394
 10
127.6676252888719
 20
-47.11787462922153
 10
127.66805285216755
 20
-47.116724370121936
 10
127.66850851546056
 20
-47.115584950387415
 10
127.66899200427636
 20
-47.114457056361815
 10
127.66950302737942
 20
-47.113341367446324
 10
127.68863212430365
 20
-47.07289629010821
 10
127.390769192596
 20
-46.77503280295292
 10
127.38814381812371
 20
-46.77864644820089
 10
127.29524465639851
 20
-46.960967502214594
 10
127.23200968713121
 20
-47.155584486276325
 10
127.19999989882929
 20
-47.357678224866795
 10
127.19999989752507
 20
-47.5623207400417
 10
127.23200970629203
 20
-47.764413661548666
 10
127.23735283274664
 20
-47.78085850331603
 10
127.23771769629393
 20
-47.78203020067619
 10
127.23805369415678
 20
-47.783210499599384
 10
127.23836062393003
 20
-47.78439868907343
 10
127.23863830071916
 20
-47.78559405333286
 10
127.23888655725162
 20
-47.786795872290114
 10
127.23910524397768
 20
-47.788003421969336
 10
127.23929422916042
 20
-47.789215974942465
 10
127.23945339895513
 20
-47.79043280076746
 10
127.25087139550699
 20
-47.88691377122328
 10
127.25100064752955
 20
-47.88813406738078
 10
127.25109991383017
 20
-47.88935716794857
 10
127.25116913461763
 20
-47.890582336214536
 10
127.25120826819803
 20
-47.89180883422115
 10
127.25121729100002
 20
-47.893035923209936
 10
127.25119619758885
 20
-47.89426286406644
 10
127.25114500066977
 20
-47.89548891776544
 10
127.2510637310803
 20
-47.896713345816075
 10
127.25095243777164
 20
-47.89793541070666
 10
127.25081118777932
 20
-47.899154376348925
 10
127.25064006618265
 20
-47.900369508521365
 10
127.25043917605356
 20
-47.90158007531151
 10
127.25020863839454
 20
-47.90278534755674
 10
127.24994859206568
 20
-47.903984599283525
 10
127.2496591937011
 20
-47.90517710814468
 10
127.24934061761459
 20
-47.90636215585446
 10
127.22296862850871
 20
-47.99986911757325
 10
127.22262105034147
 20
-48.00104604296798
 10
127.22224469311493
 20
-48.0022140837229
 10
127.22183978354128
 20
-48.003372536227005
 10
127.22140656553225
 20
-48.00452070264515
 10
127.22094530005214
 20
-48.00565789133836
 10
127.22045626496065
 20
-48.00678341728049
 10
127.2199397548455
 20
-48.00789660247086
 10
127.21939608084497
 20
-48.00899677634269
 10
127.21882557046048
 20
-48.01008327616704
 10
127.2182285673593
 20
-48.01115544745199
 10
127.21760543116753
 20
-48.01221264433697
 10
127.21695653725345
 20
-48.01325422998174
 10
127.21628227650146
 20
-48.01427957695006
 10
127.21558305507655
 20
-48.015288067587626
 10
127.21485929417967
 20
-48.01627909439416
 10
127.21411142979402
 20
-48.01725206038933
 10
127.15396245290194
 20
-48.093549031229465
 10
127.15319518504997
 20
-48.09449822320061
 10
127.15240497739039
 20
-48.09542840447836
 10
127.15159230078123
 20
-48.09633902079915
 10
127.15075763946902
 20
-48.097229529557474
 10
127.14990149080022
 20
-48.098099400129264
 10
127.1490243649249
 20
-48.09894811418805
 10
127.1481267844927
 20
-48.099775166013806
 10
127.14720928434147
 20
-48.1005800627943
 10
127.14627241117856
 20
-48.10136232491876
 10
127.14531672325501
 20
-48.102121486263606
 10
127.14434279003294
 20
-48.10285709447027
 10
127.14335119184625
 20
-48.10356871121466
 10
127.14234251955479
 20
-48.10425591246843
 10
127.14131737419227
 20
-48.10491828875157
 10
127.11113794480774
 20
-48.12390002081304
 10
127.11100607839741
 20
-48.12405446713941
 10
127.11018646516193
 20
-48.12496803104737
 10
127.10934467546086
 20
-48.12586120234609
 10
127.1084812165112
 20
-48.12673344285875
 10
127.10759660858669
 20
-48.12758422702033
 10
127.1066913847043
 20
-48.12841304219421
 10
127.10576609030309
 20
-48.129219388981134
 10
127.1048212829155
 20
-48.13000278152005
 10
127.10385753183144
 20
-48.13076274778092
 10
127.10287541775529
 20
-48.1314988298491
 10
127.10187553245594
 20
-48.13221058420129
 10
127.10085847841032
 20
-48.13289758197273
 10
127.09982486844027
 20
-48.133559409215664
 10
127.09877532534334
 20
-48.13419566714873
 10
127.09771048151755
 20
-48.13480597239725
 10
127.0896779668755
 20
-48.13927966698977
 10
126.91185716921122
 20
-48.26109036654406
 10
126.76109037908422
 20
-48.41185715413269
 10
126.64059109593413
 20
-48.587763525594646
 10
126.5544680401193
 20
-48.78281164390027
 10
126.5055192920765
 20
-48.99093102292578
 10
126.49949989758387
 20
-49.07763747615611
  0
LWPOLYLINE
  5
30
330
17
100
AcDbEntity
  8
0
100
AcDbPolyline
 90
76
 70
0
 10
132.37394909153844
 20
-49.8039488975
 10
132.37272203030835
 20
-49.803933838231146
 10
132.37149570821904
 20
-49.80388866991105
 10
132.37027086396085
 20
-49.803813419747414
 10
132.36904823533405
 20
-49.803708133068106
 10
132.36782855880423
 20
-49.803572873293874
 10
132.36661256905876
 20
-49.80340772190013
 10
132.36540099856424
 20
-49.80321277836787
 10
132.36419457712532
 20
-49.802988160123775
 10
132.36299403144494
 20
-49.80273400246944
 10
132.3618000846868
 20
-49.802450458499905
 10
132.36061345603963
 20
-49.80213769901142
 10
132.359434860284
 20
-49.801795912398546
 10
132.35826500736178
 20
-49.801425304540736
 10
132.35710460194844
 20
-49.80102609867825
 10
132.35595434302869
 20
-49.80059853527772
 10
132.35481492347535
 20
-49.800142871887296
 10
132.35368702963197
 20
-49.7996593829815
 10
132.35257134089952
 20
-49.79914835979592
 10
132.351468529327
 20
-49.79861011015174
 10
132.35037925920676
 20
-49.79804495827035
 10
132.3493041866742
 20
-49.797453244578044
 10
132.3482439593127
 20
-49.796835325500936
 10
132.34719921576342
 20
-49.7961915732503
 10
132.34617058534073
 20
-49.79552237559834
 10
132.34515868765294
 20
-49.7948281356446
 10
132.34416413222925
 20
-49.79410927157319
 10
132.34318751815258
 20
-49.793366216400855
 10
132.34222943369855
 20
-49.79259941771614
 10
132.3412904559813
 20
-49.7918093374098
 10
132.3403711506058
 20
-49.79099645139658
 10
132.3394720713271
 20
-49.7901612493285
 10
132.33859375971682
 20
-49.78930423429995
 10
132.3377367448369
 20
-49.78842592254463
 10
132.33690154292097
 20
-49.78752684312458
 10
132.33608865706333
 20
-49.78660753761151
 10
132.3352985769159
 20
-49.78566855976057
 10
132.3345317783933
 20
-49.78471047517678
 10
132.33378872338625
 20
-49.783733860974344
 10
132.33306985948315
 20
-49.78273930542901
 10
132.33237561970066
 20
-49.781727407623734
 10
132.33170642222277
 20
-49.78069877708777
 10
132.33106267014892
 20
-49.779654033429566
 10
132.33044475125126
 20
-49.778593805963496
 10
132.3298530377409
 20
-49.7775187333308
 10
132.32928788604383
 20
-49.7764294631149
 10
132.32874963658628
 20
-49.7753266514513
 10
132.3282386135895
 20
-49.77421096263237
 10
132.32775512487459
 20
-49.77308306870718
 10
132.327299461677
 20
-49.771943649076725
 10
132.32687189847113
 20
-49.77079339008462
 10
132.326472692805
 20
-49.76963298460374
 10
132.32610208514518
 20
-49.76846313161879
 10
132.32576029873175
 20
-49.76728453580532
 10
132.32544753944407
 20
-49.76609790710522
 10
132.3251639956766
 20
-49.764903960299094
 10
132.32490983822544
 20
-49.76370341457571
 10
132.3246852201855
 20
-49.76249699309875
 10
132.32449027685828
 20
-49.761285422571255
 10
132.32432512567033
 20
-49.76006943279784
 10
132.3241898661025
 20
-49.758849756245134
 10
132.3240845796301
 20
-49.75762712760051
 10
132.32400932967374
 20
-49.75640228332959
 10
132.32396416156118
 20
-49.75517596123262
 10
132.32394910249997
 20
-49.7539489
 10
132.32394910249997
 20
-49.153948996499985
 10
131.92394992252986
 20
-49.153948908500006
 10
131.9239489017404
 20
-49.79910102703734
 10
131.92939214515812
 20
-49.84973144446272
 10
131.95689959522497
 20
-49.92348504841599
 10
132.20441125354574
 20
-50.170996719972685
 10
132.27816013497886
 20
-50.19850395141499
 10
132.32879618543313
 20
-50.2039481056735
 10
132.9739481087721
 20
-50.20394903080164
 10
132.9739489920857
 20
-49.80394899903845
 10
132.37394909153844
 20
-49.8039488975
  0
LWPOLYLINE
  5
31
330
17
100
AcDbEntity
  8
0
100
AcDbPolyline
 90
58
 70
0
 10
128.11289584014537
 20
-46.64863229468253
 10
128.15334140572529
 20
-46.62950300924823
 10
128.15445708527963
 20
-46.62899199144483
 10
128.1555849697132
 20
-46.62850850745555
 10
128.15672437964247
 20
-46.62805284850798
 10
128.15787462874147
 20
-46.62762528906923
 10
128.23641356132524
 20
-46.59952360961929
 10
128.23757396691676
 20
-46.599124403868416
 10
128.23874382001537
 20
-46.59875379612965
 10
128.23992241594533
 20
-46.59841200964324
 10
128.24110904476447
 20
-46.598099250288584
 10
128.32202423717897
 20
-46.57783104968258
 10
128.3232181841065
 20
-46.57754750585421
 10
128.32441872995344
 20
-46.57729334834834
 10
128.32562515155584
 20
-46.57706873025994
 10
128.32683672221046
 20
-46.576873786890545
 10
128.40934891692044
 20
-46.56463425897995
 10
128.4105649068224
 20
-46.56446910775616
 10
128.41178458350487
 20
-46.564333848158896
 10
128.4130072122802
 20
-46.564228561663484
 10
128.41423205668255
 20
-46.56415331169057
 10
128.49754661614674
 20
-46.560060329820075
 10
128.49877293837562
 20
-46.56001516169743
 10
128.49999999974042
 20
-46.560000102632635
 10
128.50122706110523
 20
-46.56001516169672
 10
128.50245338333414
 20
-46.56006032981866
 10
128.58576794280077
 20
-46.5641533116411
 10
128.58699278720317
 20
-46.564228561613305
 10
128.58821541597854
 20
-46.564333848108014
 10
128.5894350926611
 20
-46.564469107704575
 10
128.59065108256314
 20
-46.56463425892766
 10
128.6731632772799
 20
-46.57687378679062
 10
128.67437484793464
 20
-46.57706873015932
 10
128.67558126953716
 20
-46.577293348247025
 10
128.67678181538423
 20
-46.5775475057522
 10
128.67797576231195
 20
-46.57783104957988
 10
128.7588909547385
 20
-46.59809925013928
 10
128.76007758355783
 20
-46.59841200949326
 10
128.761256179488
 20
-46.59875379597899
 10
128.76242603258683
 20
-46.599124403717084
 10
128.7635864381786
 20
-46.59952360946729
 10
128.8421253707787
 20
-46.627625288872
 10
128.8432756298783
 20
-46.62805285216765
 10
128.84441504961282
 20
-46.628508515460645
 10
128.8455429436384
 20
-46.62899200427646
 10
128.8466586325539
 20
-46.62950302737951
 10
128.887102302473
 20
-46.64863145864414
 10
129.1849659522373
 20
-46.35076930647196
 10
129.18134522956206
 20
-46.34813868044317
 10
128.9990316415681
 20
-46.25524470311632
 10
128.80441451372374
 20
-46.19200968713121
 10
128.60232077513328
 20
-46.15999989882931
 10
128.39767824143786
 20
-46.15999989752508
 10
128.19558441895495
 20
-46.192009696474074
 10
128.00097719362668
 20
-46.25524076925106
 10
127.81865881685985
 20
-46.34813618417417
 10
127.81503357157361
 20
-46.35076987896103
 10
128.11289584014537
 20
-46.64863229468253
  0
LWPOLYLINE
  5
32
330
17
100
AcDbEntity
  8
0
100
AcDbPolyline
 90
582
 70
0
 10
127.65000009495651
 20
-50.9499998925
 10
128.24738795125654
 20
-50.94999992262918
 10
130.89869401266867
 20
-53.601305984032926
 10
130.90045063619365
 20
-53.60302001409209
 10
130.90224879506013
 20
-53.604690418217785
 10
130.95681119367669
 20
-53.65414289370629
 10
130.95864980472865
 20
-53.65576866569891
 10
130.9605277604673
 20
-53.6573488262654
 10
130.9624439296824
 20
-53.65888242357613
 10
130.9643971581452
 20
-53.66036853384943
 10
131.02354401205585
 20
-53.704234830332595
 10
131.0255331232146
 20
-53.70567255839122
 10
131.0275569189031
 20
-53.70706103820152
 10
131.02961418006248
 20
-53.708399433395186
 10
131.0317036674756
 20
-53.709686937773
 10
131.0948653620559
 20
-53.747544600568645
 10
131.0969858170936
 20
-53.74878043858611
 10
131.09913596247313
 20
-53.74996386582061
 10
131.10131450302723
 20
-53.751094169419844
 10
131.1035201264846
 20
-53.75217066853117
 10
131.17008838008866
 20
-53.78365510765188
 10
131.17231975786416
 20
-53.784677153832504
 10
131.17457554585926
 20
-53.785644131440016
 10
131.17685438527167
 20
-53.786555458003264
 10
131.17915490341366
 20
-53.78741058457321
 10
131.24848862736926
 20
-53.81221858765903
 10
131.2508094384948
 20
-53.8130169991394
 10
131.25314914463402
 20
-53.813758214596966
 10
131.25550633643545
 20
-53.81444178755125
 10
131.25787959401484
 20
-53.81506730624348
 10
131.32931106665865
 20
-53.83295995866319
 10
131.33169896045436
 20
-53.833527046304276
 10
131.3341000520885
 20
-53.83403536130184
 10
131.33651289523326
 20
-53.834484597465924
 10
131.33893603648212
 20
-53.83487448419347
 10
131.41177733368372
 20
-53.845679469923134
 10
131.41420931342097
 20
-53.84600977236021
 10
131.41664866671897
 20
-53.84628029154602
 10
131.41909392420249
 20
-53.846490864529926
 10
131.4215436129399
 20
-53.84664136447064
 10
131.49509323552084
 20
-53.85025462572375
 10
131.49754587991333
 20
-53.850344961965774
 10
131.50000000257756
 20
-53.8503750800938
 10
135.49999999766783
 20
-53.85037508008778
 10
135.50245412035233
 20
-53.85034496195925
 10
135.50490676476505
 20
-53.85025462571573
 10
135.57845638758877
 20
-53.846641364420584
 10
135.58090607633224
 20
-53.84649086447842
 10
135.58335133382175
 20
-53.84628029149277
 10
135.5857906871257
 20
-53.84600977230491
 10
135.5882226668688
 20
-53.845679469865495
 10
135.6610639640636
 20
-53.834874484088196
 10
135.6634871053122
 20
-53.83448459735906
 10
135.66589994845668
 20
-53.83403536119339
 10
135.6683010400905
 20
-53.83352704619426
 10
135.67068893388586
 20
-53.83295995855162
 10
135.7421204065176
 20
-53.815067306085304
 10
135.74449366409658
 20
-53.81444178739154
 10
135.74685085589752
 20
-53.81375821443571
 10
135.74919056203626
 20
-53.813016998976615
 10
135.75151137316126
 20
-53.81221858749474
 10
135.82084509710054
 20
-53.787410584363684
 10
135.823145615242
 20
-53.78655545779224
 10
135.8254244546538
 20
-53.7856441312275
 10
135.82768024264828
 20
-53.78467715361851
 10
135.82991162042313
 20
-53.783655107436424
 10
135.89647987400681
 20
-53.75217066827213
 10
135.89868549746348
 20
-53.75109416915935
 10
135.90086403801686
 20
-53.7499638655587
 10
135.90301418339558
 20
-53.74878043832279
 10
135.9051346384325
 20
-53.74754460030395
 10
135.9682963329884
 20
-53.70968693746684
 10
135.97038582040065
 20
-53.708399433087656
 10
135.9724430815592
 20
-53.707061037892636
 10
135.97446687724678
 20
-53.705672558081005
 10
135.9764559884046
 20
-53.704234830021086
 10
136.0356028422864
 20
-53.66036853349939
 10
136.03755607074342
 20
-53.65888242322857
 10
136.03947223995286
 20
-53.657348825920586
 10
136.04135019568605
 20
-53.655768665357094
 10
136.0431888067327
 20
-53.654142893367734
 10
136.09775120514757
 20
-53.60469041802139
 10
136.09954936399868
 20
-53.603020013908925
 10
136.101305987509
 20
-53.601305983863725
 10
138.10130598403347
 20
-51.60130598733071
 10
138.1030200140926
 20
-51.59954936380576
 10
138.10469041821827
 20
-51.597751204939314
 10
138.15414289370642
 20
-51.543188806323194
 10
138.15576866569904
 20
-51.54135019527123
 10
138.15734882626558
 20
-51.539472239532536
 10
138.15888242357633
 20
-51.53755607031743
 10
138.16036853384963
 20
-51.535602841854605
 10
138.2042348303327
 20
-51.476455987944014
 10
138.2056725583913
 20
-51.47446687678527
 10
138.2070610382016
 20
-51.472443081096785
 10
138.20839943339524
 20
-51.4703858199374
 10
138.20968693777306
 20
-51.46829633252431
 10
138.24754460056852
 20
-51.40513463794429
 10
138.24878043858598
 20
-51.40301418290659
 10
138.2499638658205
 20
-51.400864037527086
 10
138.2510941694197
 20
-51.39868549697297
 10
138.25217066853105
 20
-51.39647987351562
 10
138.2836551076521
 20
-51.32991161991085
 10
138.28467715383272
 20
-51.327680242135315
 10
138.28564413144025
 20
-51.32542445414017
 10
138.2865554580035
 20
-51.32314561472775
 10
138.28741058457345
 20
-51.32084509658571
 10
138.31221858765923
 20
-51.25151137262995
 10
138.3130169991396
 20
-51.24919056150445
 10
138.31375821459713
 20
-51.246850855365274
 10
138.3144417875514
 20
-51.244493663563915
 10
138.31506730624363
 20
-51.24212040598457
 10
138.33295995866314
 20
-51.17068893334178
 10
138.33352704630423
 20
-51.16830103954604
 10
138.33403536130177
 20
-51.165899947911875
 10
138.3344845974659
 20
-51.1634871047671
 10
138.33487448419342
 20
-51.16106396351821
 10
138.3456794699231
 20
-51.08822266631635
 10
138.3460097723602
 20
-51.0857906865791
 10
138.346280291546
 20
-51.08335133328111
 10
138.34649086452993
 20
-51.08090607579757
 10
138.34664136447063
 20
-51.078456387060164
 10
138.35025462572375
 20
-51.00490676447878
 10
138.3503449619658
 20
-51.00245412008571
 10
138.35037508009378
 20
-50.999999997420915
 10
138.35037508008776
 20
-50.54000000233081
 10
138.35034496195922
 20
-50.537545879646885
 10
138.3502546257157
 20
-50.535093235234726
 10
138.34664136442055
 20
-50.461543612411155
 10
138.3464908644784
 20
-50.45909392366772
 10
138.34628029149275
 20
-50.45664866617821
 10
138.34600977230488
 20
-50.4542093128743
 10
138.34567946986547
 20
-50.451777333131204
 10
138.33487448408826
 20
-50.378936035936725
 10
138.33448459735914
 20
-50.37651289468807
 10
138.33403536119346
 20
-50.37410005154358
 10
138.33352704619432
 20
-50.37169895990973
 10
138.33295995855167
 20
-50.36931106611435
 10
138.31506730608513
 20
-50.29787959348185
 10
138.31444178739136
 20
-50.2955063359029
 10
138.31375821443552
 20
-50.29314914410197
 10
138.31301699897645
 20
-50.290809437963254
 10
138.31221858749458
 20
-50.28848862683825
 10
138.28741058436356
 20
-50.21915490289909
 10
138.2865554577921
 20
-50.216854384757625
 10
138.28564413122734
 20
-50.21457554534581
 10
138.28467715361836
 20
-50.21231975735131
 10
138.28365510743626
 20
-50.210088379576455
 10
138.25217066827202
 20
-50.143520125992985
 10
138.25109416915924
 20
-50.14131450253634
 10
138.24996386555858
 20
-50.13913596198298
 10
138.24878043832268
 20
-50.13698581660426
 10
138.24754460030385
 20
-50.13486536156737
 10
138.2096869374668
 20
-50.07170366701158
 10
138.20839943308764
 20
-50.06961417959931
 10
138.2070610378926
 20
-50.067556918440786
 10
138.20567255808098
 20
-50.06553312275319
 10
138.20423483002105
 20
-50.063544011595376
 10
138.1603685334993
 20
-50.00439715771352
 10
138.1588824232285
 20
-50.00244392925651
 10
138.1573488259205
 20
-50.00052776004706
 10
138.15576866535702
 20
-49.998649804313864
 10
138.15414289336766
 20
-49.996811193267206
 10
138.104690418021
 20
-49.942248794852
 10
138.1030200141944
 20
-49.94045063630116
 10
138.10130598444965
 20
-49.93869401307691
 10
136.78596451662767
 20
-48.623352523447096
 10
136.772198324304
 20
-48.56839480310725
 10
136.77157280561042
 20
-48.566021545528585
 10
136.77088923265478
 20
-48.56366435372794
 10
136.7701480171959
 20
-48.561324647589494
 10
136.76934960571427
 20
-48.55900383646476
 10
136.7395948861033
 20
-48.47584496612561
 10
136.73873975953197
 20
-48.4735444479841
 10
136.73782843296735
 20
-48.47126560857224
 10
136.73686145535848
 20
-48.46900982057769
 10
136.73583940917652
 20
-48.466778442802784
 10
136.69807697200952
 20
-48.386936477681424
 10
136.69700047289686
 20
-48.38473085422472
 10
136.69587016929634
 20
-48.38255231367129
 10
136.69468674206055
 20
-48.380402168292505
 10
136.6934509040418
 20
-48.37828171325555
 10
136.64804442223183
 20
-48.30252557512222
 10
136.64675691785277
 20
-48.300436087709876
 10
136.64541852265788
 20
-48.29837882655127
 10
136.64403004284634
 20
-48.2963550308636
 10
136.64259231478653
 20
-48.29436591970571
 10
136.58997907757498
 20
-48.22342518158314
 10
136.5884929673005
 20
-48.22147195312123
 10
136.58695936998865
 20
-48.219555783907076
 10
136.58537920942103
 20
-48.21767782816936
 10
136.58375343742733
 20
-48.21583921711838
 10
136.5244401390503
 20
-48.15039707709518
 10
136.52276973493474
 20
-48.14859891824148
 10
136.52105570488632
 20
-48.14684229472874
 10
136.51929908137262
 20
-48.14512826468127
 10
136.51750092251802
 20
-48.143457860566684
 10
136.4520587824621
 20
-48.08414456222493
 10
136.45022017141025
 20
-48.082518790232214
 10
136.44834221567166
 20
-48.08093862966562
 10
136.44642604645665
 20
-48.07940503235478
 10
136.44447281799393
 20
-48.077918922081366
 10
136.37353207984256
 20
-48.02530568490841
 10
136.37154296868388
 20
-48.023867956849685
 10
136.36951917299547
 20
-48.02247947703927
 10
136.36746191183613
 20
-48.02114108184549
 10
136.3653724244231
 20
-48.019853577467565
 10
136.28961628626524
 20
-47.974447095698984
 10
136.2874958312276
 20
-47.973211257681406
 10
136.28534568584817
 20
-47.97202783044679
 10
136.2831671452941
 20
-47.97089752684744
 10
136.28096152183682
 20
-47.96982102773599
 10
136.20111955669486
 20
-47.932058590612506
 10
136.19888817891942
 20
-47.931036544431755
 10
136.19663239092435
 20
-47.93006956682412
 10
136.194353551512
 20
-47.92915824026075
 10
136.19205303337003
 20
-47.92830311369068
 10
136.10889416301444
 20
-47.89854839412493
 10
136.10657335188895
 20
-47.897749982644434
 10
136.10423364574976
 20
-47.89700876718675
 10
136.1018764539484
 20
-47.89632519423233
 10
136.09950319636906
 20
-47.89569967553997
 10
136.01382828618057
 20
-47.874239227747026
 10
136.01144039238488
 20
-47.87367214010582
 10
136.00903930075077
 20
-47.87316382510813
 10
136.00662645760602
 20
-47.87271458894391
 10
136.00420331635718
 20
-47.872324702216225
 10
135.9168374625561
 20
-47.85936520203981
 10
135.91440548281278
 20
-47.85903489960185
 10
135.91196612950867
 20
-47.85876438041546
 10
135.90952087201902
 20
-47.858553807431264
 10
135.90707118327546
 20
-47.858403307490576
 10
135.81885576679235
 20
-47.854069562001754
 10
135.81640312239583
 20
-47.85397922576009
 10
135.8139489997276
 20
-47.85394910763264
 10
135.81149487705937
 20
-47.85397922576143
 10
135.8090422326629
 20
-47.854069562004426
 10
135.72082681618224
 20
-47.8584033075413
 10
135.71837712743877
 20
-47.858553807483325
 10
135.71593186994923
 20
-47.85876438046885
 10
135.7134925166453
 20
-47.85903489965658
 10
135.71106053690215
 20
-47.85936520209586
 10
135.62369468310786
 20
-47.87232470231991
 10
135.62127154185922
 20
-47.87271458904891
 10
135.61885869871472
 20
-47.87316382521445
 10
135.61645760708086
 20
-47.87367214021344
 10
135.6140697132855
 20
-47.87423922785596
 10
135.52839480310905
 20
-47.89569967569551
 10
135.52602154553006
 20
-47.896325194389156
 10
135.52366435372906
 20
-47.89700876734485
 10
135.52132464759032
 20
-47.897749982803816
 10
135.51900383646526
 20
-47.89854839428557
 10
135.43584496612598
 20
-47.928303113896554
 10
135.43354444798447
 20
-47.92915824046788
 10
135.43126560857263
 20
-47.93006956703249
 10
135.42900982057807
 20
-47.93103654464136
 10
135.42677844280317
 20
-47.932058590823324
 10
135.3469364776816
 20
-47.96982102799039
 10
135.34473085422488
 20
-47.97089752710305
 10
135.34255231367146
 20
-47.97202783070358
 10
135.34040216829266
 20
-47.97321125793937
 10
135.3382817132557
 20
-47.974447095958105
 10
135.26252557512225
 20
-48.019853577768146
 10
135.2604360877099
 20
-48.02114108214721
 10
135.2583788265513
 20
-48.02247947734212
 10
135.25635503086363
 20
-48.023867957153634
 10
135.25436591970575
 20
-48.025305685213446
 10
135.18342518158323
 20
-48.07791892242494
 10
135.18147195312133
 20
-48.07940503269941
 10
135.17955578390715
 20
-48.080938630011296
 10
135.17767782816944
 20
-48.08251879057891
 10
135.17583921711847
 20
-48.084144562572625
 10
135.11039707709517
 20
-48.143457860949745
 10
135.10859891824148
 20
-48.1451282650653
 10
135.10684229472875
 20
-48.14684229511372
 10
135.10512826468127
 20
-48.14859891862739
 10
135.1034578605667
 20
-48.150397077482
 10
135.0441445622248
 20
-48.21583921753805
 10
135.04251879023207
 20
-48.21767782858993
 10
135.04093862966548
 20
-48.21955578432853
 10
135.0394050323546
 20
-48.22147195354354
 10
135.0379189220812
 20
-48.22342518200628
 10
134.98530568490833
 20
-48.29436592015758
 10
134.98386795684962
 20
-48.296355031316246
 10
134.98247947703922
 20
-48.29837882700466
 10
134.98114108184544
 20
-48.30043608816398
 10
134.9798535774675
 20
-48.302525575577
 10
134.9344470956991
 20
-48.37828171373456
 10
134.93321125768153
 20
-48.38040216877221
 10
134.9320278304469
 20
-48.38255231415164
 10
134.9308975268476
 20
-48.384730854705694
 10
134.92982102773612
 20
-48.386936478162994
 10
134.89205859061232
 20
-48.46677844330566
 10
134.89103654443156
 20
-48.46900982108113
 10
134.8900695668239
 20
-48.47126560907622
 10
134.88915824026054
 20
-48.47354444848858
 10
134.88830311369045
 20
-48.47584496663057
 10
134.85854839412474
 20
-48.55900383698632
 10
134.85774998264426
 20
-48.561324648111786
 10
134.85700876718658
 20
-48.563664354250925
 10
134.8563251942322
 20
-48.56602154605225
 10
134.85569967553985
 20
-48.56839480363156
 10
134.8342392277471
 20
-48.65406971381902
 10
134.83367214010588
 20
-48.656457607614726
 10
134.8331638251082
 20
-48.65885869924887
 10
134.83271458894396
 20
-48.66127154239362
 10
134.83232470221628
 20
-48.6636946836425
 10
134.81936520203985
 20
-48.751060537443884
 10
134.8190348996019
 20
-48.75349251718718
 10
134.81876438041547
 20
-48.75593187049127
 10
134.8185538074313
 20
-48.75837712798092
 10
134.8184033074906
 20
-48.76082681672445
 10
134.81406956200175
 20
-48.84904223320776
 10
134.81397922576008
 20
-48.8514948776043
 10
134.81394910763265
 20
-48.85394900027256
 10
134.81397922576144
 20
-48.85640312294079
 10
134.81406956200442
 20
-48.85885576733728
 10
134.81840330754133
 20
-48.94707118381784
 10
134.81855380748337
 20
-48.94952087256128
 10
134.81876438046888
 20
-48.9519661300508
 10
134.8190348996566
 20
-48.95440548335472
 10
134.8193652020959
 20
-48.95683746309783
 10
134.83232470231985
 20
-49.04420331689183
 10
134.83271458904886
 20
-49.04662645814051
 10
134.8331638252144
 20
-49.04903930128502
 10
134.8336721402134
 20
-49.0514403929189
 10
134.83423922785593
 20
-49.05382828671431
 10
134.85569967569572
 20
-49.13950319689147
 10
134.85632519438934
 20
-49.14187645447046
 10
134.85700876734504
 20
-49.14423364627143
 10
134.857749982804
 20
-49.146573352410186
 10
134.85854839428575
 20
-49.14889416353523
 10
134.8883031138967
 20
-49.23205303387439
 10
134.88915824046805
 20
-49.2343535520159
 10
134.89006956703267
 20
-49.236632391427754
 10
134.89103654464154
 20
-49.238888179422304
 10
134.8920585908235
 20
-49.24111955719721
 10
134.9298210279905
 20
-49.320961522318576
 10
134.93089752710316
 20
-49.32316714577528
 10
134.93202783070367
 20
-49.32534568632871
 10
134.93321125793946
 20
-49.327495831707495
 10
134.9344470959582
 20
-49.329616286744454
 10
134.97985357776818
 20
-49.40537242487778
 10
134.98114108214725
 20
-49.407461912290124
 10
134.98247947734214
 20
-49.40951917344873
 10
134.98386795715368
 20
-49.4115429691364
 10
134.9853056852135
 20
-49.41353208029429
 10
135.03791892242504
 20
-49.48447281841686
 10
135.0394050326995
 20
-49.48642604687877
 10
135.04093863001137
 20
-49.488342216092924
 10
135.04251879057898
 20
-49.49022017183064
 10
135.04414456257268
 20
-49.49205878288162
 10
135.1034578609497
 20
-49.55750092290482
 10
135.10512826506528
 20
-49.55929908175852
 10
135.1068422951137
 20
-49.56105570527126
 10
135.1085989186274
 20
-49.56276973531873
 10
135.110397077482
 20
-49.564440139433316
 10
135.1758392175379
 20
-49.62375343777507
 10
135.17767782858976
 20
-49.625379209767786
 10
135.17955578432836
 20
-49.62695937033438
 10
135.18147195354337
 20
-49.62849296764522
 10
135.1834251820061
 20
-49.629979077918634
 10
135.25436592015745
 20
-49.68259231509159
 10
135.25635503131613
 20
-49.684030043150315
 10
135.25837882700455
 20
-49.68541852296073
 10
135.26043608816389
 20
-49.68675691815451
 10
135.26252557557692
 20
-49.688044422532435
 10
135.33828171373477
 20
-49.733450904301016
 10
135.3404021687724
 20
-49.734686742318594
 10
135.34255231415185
 20
-49.73587016955321
 10
135.34473085470592
 20
-49.73700047315256
 10
135.3469364781632
 20
-49.73807697226401
 10
135.42677844330515
 20
-49.775839409387494
 10
135.4290098210806
 20
-49.776861455568245
 10
135.43126560907567
 20
-49.77782843317588
 10
135.43354444848802
 20
-49.77873975973925
 10
135.43584496663
 20
-49.77959488630932
 10
135.51900383698558
 20
-49.80934960587507
 10
135.52132464369927
 20
-49.8101480158981
 10
135.52366434535776
 20
-49.81088923011575
 10
135.5260215326176
 20
-49.81157280204997
 10
135.52839478560267
 20
-49.81219831994417
 10
135.58335256308865
 20
-49.825964537404495
 10
136.52738795507432
 20
-50.77000007137547
 10
135.14776306445452
 20
-52.14962491951118
 10
131.85223685999802
 20
-52.14962488808296
 10
129.44999989248407
 20
-49.74738787609013
 10
129.44999989225448
 20
-49.15000009996157
 10
129.44996977412544
 20
-49.147545977293724
 10
129.4498794378822
 20
-49.14509333289763
 10
129.44972893793994
 20
-49.14264364415456
 10
129.4495183649542
 20
-49.14019838666542
 10
129.44924784576628
 20
-49.137759033361874
 10
129.44891754332684
 20
-49.13532705361915
 10
129.4485276565977
 20
-49.1329039123709
 10
129.448078420432
 20
-49.130491069226814
 10
129.4475701054329
 20
-49.12808997759336
 10
129.44700301779028
 20
-49.12570208379838
 10
129.44637749909657
 20
-49.12332882621979
 10
129.44569392614082
 20
-49.12097163441921
 10
129.4449527106818
 20
-49.118631928280855
 10
129.44415429920002
 20
-49.11631111715621
 10
129.4432991726287
 20
-49.1140105990151
 10
129.44238784606412
 20
-49.11173175960365
 10
129.44142086845528
 20
-49.1094759716095
 10
129.44039882227338
 20
-49.10724459383499
 10
129.43932232316078
 20
-49.10503897037866
 10
129.43819201956035
 20
-49.10286042982559
 10
129.43700859232464
 20
-49.10071028444717
 10
129.43577275430604
 20
-49.09858982941056
 10
129.43448524992712
 20
-49.096500341998585
 10
129.43314685473237
 20
-49.09444308084034
 10
129.43175837492103
 20
-49.09241928515302
 10
129.43032064686142
 20
-49.09043017399546
 10
129.42883453658715
 20
-49.088476945533856
 10
129.42730093927545
 20
-49.08656077631999
 10
129.42572077870807
 20
-49.08468282058255
 10
129.4240950067146
 20
-49.08284420953185
 10
129.4224246025993
 20
-49.08104605067843
 10
129.42071057255114
 20
-49.07928942716595
 10
129.41895394903779
 20
-49.077575397118736
 10
129.41715579018347
 20
-49.075904993004386
 10
129.4153171791319
 20
-49.074279221011885
 10
129.41343922339362
 20
-49.07269906044549
 10
129.41152305417896
 20
-49.071165463134825
 10
129.40956982571657
 20
-49.069679352861584
 10
129.40758071455824
 20
-49.068241624803015
 10
129.4055569188702
 20
-49.06685314499275
 10
129.40349965771125
 20
-49.06551474979909
 10
129.4014101702986
 20
-49.06422724542127
 10
129.39928971526132
 20
-49.062991407403786
 10
129.39713956988228
 20
-49.061807980169235
 10
129.3949610293286
 20
-49.06067767656994
 10
129.3927554058717
 20
-49.05960117745852
 10
129.39052402809665
 20
-49.05857913127779
 10
129.388268240102
 20
-49.05761215367015
 10
129.38598940069005
 20
-49.05670082710675
 10
129.3836888825485
 20
-49.05584570053664
 10
129.38136807142342
 20
-49.0550472890561
 10
129.37902836528468
 20
-49.05430607359833
 10
129.37667117348374
 20
-49.053622500643826
 10
129.37429791590483
 20
-49.05299698195136
 10
129.37191002210955
 20
-49.05242989431001
 10
129.36950893047583
 20
-49.051921579312165
 10
129.3670960873315
 20
-49.05147234314777
 10
129.36467294608303
 20
-49.0510824564199
 10
129.36224096634015
 20
-49.050752153981726
 10
129.35980161303647
 20
-49.050481634795105
 10
129.3573563555472
 20
-49.05027106181066
 10
129.35490666680406
 20
-49.050120561869704
 10
129.35245402240793
 20
-49.05003022562776
 10
129.34999989974006
 20
-49.0500001075
 10
127.65000009998556
 20
-49.05000010774556
 10
127.64754597731756
 20
-49.05003022587403
 10
127.64509333292129
 20
-49.050120562116696
 10
127.64264364417804
 20
-49.050271062058385
 10
127.6401983866887
 20
-49.05048163504355
 10
127.63775903338495
 20
-49.05075215423092
 10
127.635327053642
 20
-49.05108245666983
 10
127.63290391239352
 20
-49.05147234339845
 10
127.63049106924917
 20
-49.0519215795636
 10
127.62808997761546
 20
-49.052429894562195
 10
127.6257020838202
 20
-49.052996982204306
 10
127.62332882624133
 20
-49.053622500897525
 10
127.62097163444047
 20
-49.0543060738528
 10
127.6186319283018
 20
-49.05504728931133
 10
127.61631111717683
 20
-49.055845700792645
 10
127.6140105990354
 20
-49.056700827363514
 10
127.61173175962361
 20
-49.05761215392767
 10
127.60947597162912
 20
-49.05857913153608
 10
127.60724459385425
 20
-49.059601177717575
 10
127.60503897039756
 20
-49.060677676829755
 10
127.60286042984413
 20
-49.06180798042982
 10
127.60071028446532
 20
-49.06299140766512
 10
127.59858982942832
 20
-49.06422724568337
 10
127.59650034201596
 20
-49.06551475006194
 10
127.59444308085732
 20
-49.066853145256346
 10
127.59241928516958
 20
-49.06824162506736
 10
127.59043017401162
 20
-49.06967935312666
 10
127.58847694554959
 20
-49.07116546340064
 10
127.5865607763353
 20
-49.07269906071202
 10
127.58468282059744
 20
-49.07427922127914
 10
127.58284420954631
 20
-49.07590499327235
 10
127.58104605069245
 20
-49.077575397387406
 10
127.57928942717955
 20
-49.07928942743531
 10
127.57757539713188
 20
-49.08104605094847
 10
127.57590499301709
 20
-49.082844209802566
 10
127.57427922102414
 20
-49.084682820853935
 10
127.5726990604573
 20
-49.08656077659203
 10
127.57116546314619
 20
-49.08847694580654
 10
127.5696793528725
 20
-49.090430174268775
 10
127.56824162481348
 20
-49.09241928542695
 10
127.56685314500275
 20
-49.09444308111488
 10
127.56551474980866
 20
-49.09650034227372
 10
127.56422724543039
 20
-49.09858982968627
 10
127.56299140741244
 20
-49.10071028472344
 10
127.56180798017745
 20
-49.10286043010242
 10
127.5606776765777
 20
-49.10503897065602
 10
127.55960117746584
 20
-49.10724459411287
 10
127.55857913128466
 20
-49.10947597188788
 10
127.55761215367659
 20
-49.11173175988252
 10
127.55670082711275
 20
-49.11401059929443
 10
127.5558457005422
 20
-49.11631111743599
 10
127.55504728906124
 20
-49.11863192856107
 10
127.55430607360304
 20
-49.12097163469984
 10
127.55362250064812
 20
-49.12332882650081
 10
127.55299698195523
 20
-49.12570208407978
 10
127.55242989431346
 20
-49.12808997787511
 10
127.55192157931522
 20
-49.1304910695089
 10
127.55147234315042
 20
-49.132903912653305
 10
127.55108245642215
 20
-49.13532705390185
 10
127.55075215398358
 20
-49.13775903364484
 10
127.55048163479658
 20
-49.14019838694863
 10
127.55027106181176
 20
-49.142643644438
 10
127.55012056187043
 20
-49.14509333318128
 10
127.55003022562812
 20
-49.14754597757756
 10
127.5500001075
 20
-49.15000010024556
 10
127.5500001075
 20
-50.8499999
 10
127.55003022562619
 20
-50.85245402258945
 10
127.55012056186271
 20
-50.85490666690732
 10
127.55027106179442
 20
-50.857356355572456
 10
127.55048163476577
 20
-50.85980161298413
 10
127.55075215393549
 20
-50.862240966210784
 10
127.55108245635297
 20
-50.864672945877345
 10
127.55147234305637
 20
-50.86709608705031
 10
127.55192157919258
 20
-50.86950893012011
 10
127.55242989415852
 20
-50.87191002168042
 10
127.5529969817643
 20
-50.874297915403545
 10
127.55362250041757
 20
-50.87667117291169
 10
127.55430607332933
 20
-50.879028364643375
 10
127.55504728874081
 20
-50.88136807071452
 10
127.5558457001716
 20
-50.88368888177378
 10
127.55670082668856
 20
-50.885989399851425
 10
127.55761215319545
 20
-50.88826823920149
 10
127.55857913074333
 20
-50.89052402713644
 10
127.5596011768611
 20
-50.89275540485407
 10
127.56067767590643
 20
-50.89496102825596
 10
127.56180797943661
 20
-50.89713956875714
 10
127.56299140659908
 20
-50.899289714086336
 10
127.56422724454164
 20
-50.901410169076506
 10
127.56551474884175
 20
-50.90349965644493
 10
127.56685314395502
 20
-50.90555691756262
 10
127.56824162368233
 20
-50.90758071321249
 10
127.56967935165545
 20
-50.90956982433579
 10
127.57116546184089
 20
-50.91152305276644
 10
127.57269905906149
 20
-50.91343922195275
 10
127.5742792195357
 20
-50.91531717766611
 10
127.57590499143399
 20
-50.9171557886963
 10
127.5775753954522
 20
-50.91895394753286
 10
127.5792894254015
 20
-50.92071057103221
 10
127.5810460488144
 20
-50.92242460107011
 10
127.58284420756672
 20
-50.92409500517902
 10
127.58468281851492
 20
-50.92572077717003
 10
127.58656077414858
 20
-50.92730093773895
 10
127.58847694325753
 20
-50.92883453505619
 10
127.59043017161324
 20
-50.930320645340146
 10
127.59241928266403
 20
-50.9317583734136
 10
127.59444307824387
 20
-50.933146853242974
 10
127.59650033929407
 20
-50.93448524846
 10
127.59858982659755
 20
-50.93577275286549
 10
127.60071028152538
 20
-50.937008590914985
 10
127.6028604267949
 20
-50.93819201818591
 10
127.60503896723907
 20
-50.939322321825955
 10
127.60724459058666
 20
-50.94039882098254
 10
127.60947596825275
 20
-50.94142086721284
 10
127.61173175613894
 20
-50.94238784487449
 10
127.61401059544303
 20
-50.94329917149632
 10
127.61631111347755
 20
-50.9441542981293
 10
127.61863192449654
 20
-50.944952709677146
 10
127.6209716305303
 20
-50.94569392520663
 10
127.6233288222275
 20
-50.94637749823726
 10
127.62570207970411
 20
-50.94700301701023
 10
127.62808997339863
 20
-50.94757010473645
 10
127.63049106493331
 20
-50.94807841982349
 10
127.63290390798046
 20
-50.948527656081374
 10
127.63532704913375
 20
-50.948917542907
 10
127.63775902878366
 20
-50.94924784544713
 10
127.64019838199667
 20
-50.94951836473988
 10
127.64264363939772
 20
-50.949728937834564
 10
127.64509332805527
 20
-50.94987943788981
 10
127.64754597236858
 20
-50.94996977425004
 10
127.65000009495651
 20
-50.9499998925
  0
LWPOLYLINE
  5
33
330
17
100
AcDbEntity
  8
0
100
AcDbPolyline
 90
392
 70
0
 10
122.24444910749999
 20
-42.51210100163601
 10
122.24444910750267
 20
-55.19579599844609
 10
122.24450262553293
 20
-55.19906719716631
 10
122.24503562542853
 20
-55.2153521938949
 10
122.24519618769388
 20
-55.218620890092545
 10
122.26104318738862
 20
-55.460414885271106
 10
122.26120973109886
 20
-55.46259163654457
 10
122.26142375323704
 20
-55.46476423347874
 10
122.26168515180053
 20
-55.46693164061746
 10
122.2659371509562
 20
-55.49921863412437
 10
122.2662453754842
 20
-55.501377052272304
 10
122.26660058426134
 20
-55.50352823752365
 10
122.26700260842944
 20
-55.505671167254015
 10
122.31268260716328
 20
-55.73531816083374
 10
122.31313131207224
 20
-55.73745207104359
 10
122.31362643906151
 20
-55.73957569015811
 10
122.3141677527027
 20
-55.74168800841559
 10
122.32259375101859
 20
-55.773138002088224
 10
122.32318156712627
 20
-55.775239981894444
 10
122.32381511880466
 20
-55.77732863197357
 10
122.32449410423938
 20
-55.77940295732453
 10
122.39976310214442
 20
-56.001137951119716
 10
122.40048670919494
 20
-56.00319562093614
 10
122.40125502324153
 20
-56.005237018928405
 10
122.4020676787501
 20
-56.00726117387835
 10
122.4145176762545
 20
-56.037319167825245
 10
122.4153746274359
 20
-56.039325891363845
 10
122.4162751595426
 20
-56.04131343925321
 10
122.41721884380374
 20
-56.04328086516107
 10
122.52079084091694
 20
-56.25330385928306
 10
122.5217770725848
 20
-56.25524992788021
 10
122.52280552448678
 20
-56.25717401794379
 10
122.5238757070966
 20
-56.25907521363838
 10
122.54014670383201
 20
-56.28725720796263
 10
122.54125799631065
 20
-56.28913442068812
 10
122.54240997313757
 20
-56.29098694544642
 10
122.54360208609857
 20
-56.292813900639636
 10
122.58222613679595
 20
-56.35061897651366
 10
122.67369113507644
 20
-56.48750597392099
 10
122.6749231234778
 20
-56.48930692441687
 10
122.67619411338312
 20
-56.49108056552213
 10
122.67750349964632
 20
-56.49282605276741
 10
122.69733249566879
 20
-56.51866704756632
 10
122.69867922709805
 20
-56.5203830169177
 10
122.7000630669954
 20
-56.52206920299758
 10
122.70148335689697
 20
-56.52372480347866
 10
122.85586135258824
 20
-56.699757798549264
 10
122.85731751888213
 20
-56.701382137184204
 10
122.85880877135963
 20
-56.70297432508918
 10
122.86033440034905
 20
-56.704533604558385
 10
122.88336339572699
 20
-56.72756259992119
 10
122.88492267518357
 20
-56.72908822889654
 10
122.88651486307535
 20
-56.73057948136056
 10
122.88813920169652
 20
-56.73203564764157
 10
123.06417219678067
 20
-56.88641364331622
 10
123.06582808669319
 20
-56.88783417608169
 10
123.06751457266242
 20
-56.88921824610005
 10
123.06923085194036
 20
-56.89056519456982
 10
123.09506984675224
 20
-56.91039219057534
 10
123.09681495581066
 20
-56.911701268873486
 10
123.09858820590678
 20
-56.91297196778083
 10
123.1003887531345
 20
-56.91420368256001
 10
123.29507774769671
 20
-57.0442916789137
 10
123.29690464749312
 20
-57.04548376753041
 10
123.29875711564904
 20
-57.04663572233315
 10
123.30063427064175
 20
-57.04774699514823
 10
123.32882626497644
 20
-57.06402399186492
 10
123.33072775140738
 20
-57.065094348969794
 10
123.33265213943157
 20
-57.06612296245958
 10
123.33459851278711
 20
-57.06710934257893
 10
123.5446095069195
 20
-57.17067433967344
 10
123.54657613670383
 20
-57.17161764271978
 10
123.5485628723952
 20
-57.172517828610886
 10
123.5505687688132
 20
-57.17337446908745
 10
123.58064176276811
 20
-57.18583146657182
 10
123.58266657898183
 20
-57.18664443151249
 10
123.58470865043247
 20
-57.187413025608606
 10
123.586767004932
 20
-57.1881368829484
 10
123.80434511241097
 20
-57.26199491943264
 10
123.80848410946825
 20
-57.2633999184224
 10
123.81055811051272
 20
-57.264078800000185
 10
123.81264643193872
 20
-57.264712262035985
 10
123.81474807921215
 20
-57.2653000028523
 10
123.84620807289038
 20
-57.27372900114745
 10
123.84832069405482
 20
-57.27427041026318
 10
123.8504446196566
 20
-57.274765619363656
 10
123.85257883949451
 20
-57.27521439291293
 10
124.0822258330766
 20
-57.32089439162541
 10
124.0843694207917
 20
-57.32129653182141
 10
124.08652126877494
 20
-57.32165182787629
 10
124.08868035345985
 20
-57.32196011078689
 10
124.1209723469695
 20
-57.32621210992149
 10
124.1231389592857
 20
-57.326473377412185
 10
124.12531075700375
 20
-57.326687303339256
 10
124.12748670581142
 20
-57.326853785821115
 10
124.34001724987648
 20
-57.34078375593759
 10
124.36927579666992
 20
-57.34270172622609
 10
124.37254580630203
 20
-57.34286237458058
 10
124.38883080303043
 20
-57.34339537447082
 10
124.39210200171792
 20
-57.3434488925
 10
144.69579599844565
 20
-57.34344889249732
 10
144.69906739783522
 20
-57.34339536789906
 10
144.71535139456356
 20
-57.342862368003466
 10
144.7186214877289
 20
-57.34270170758532
 10
144.74441588190908
 20
-57.341010747300054
 10
144.960410275076
 20
-57.32685378706309
 10
144.96258623040643
 20
-57.326687304437215
 10
144.96475803462863
 20
-57.32647337808233
 10
144.96692465342107
 20
-57.32621210988085
 10
144.99921664692786
 20
-57.32196011072505
 10
145.00137573159392
 20
-57.321651827815906
 10
145.00352757955844
 20
-57.32129653176329
 10
145.00567116725495
 20
-57.32089439157036
 10
145.23531816083312
 20
-57.275214392836844
 10
145.2374523806894
 20
-57.27476561928329
 10
145.23957630630937
 20
-57.27427041017774
 10
145.2416889274918
 20
-57.27372900105615
 10
145.2731489211645
 20
-57.26530000274031
 10
145.27525054224574
 20
-57.26471226955644
 10
145.27733883782514
 20
-57.26407881629254
 10
145.27941281340577
 20
-57.2633999446144
 10
145.42283046147443
 20
-57.2147163851564
 10
145.50112545852812
 20
-57.18813738614531
 10
145.5031817190915
 20
-57.187414255079865
 10
145.50522172996793
 20
-57.18664647798571
 10
145.50724452192242
 20
-57.18583441964347
 10
145.53733151587005
 20
-57.173373422138575
 10
145.53933917660325
 20
-57.17251612704118
 10
145.54132764497794
 20
-57.171615210826126
 10
145.54329597335825
 20
-57.17067110283919
 10
145.7532919674798
 20
-57.06711210572618
 10
145.75523744743066
 20
-57.06612617752059
 10
145.75716096241746
 20
-57.065098054589576
 10
145.75906159743425
 20
-57.064028226005824
 10
145.78726559175834
 20
-57.04774522927033
 10
145.78914344501388
 20
-57.04663359573767
 10
145.7909965943561
 20
-57.04548125053079
 10
145.7928241573036
 20
-57.04428874240371
 10
145.98750615185276
 20
-56.914205746032984
 10
145.9893070412806
 20
-56.91297379469246
 10
145.99108062304754
 20
-56.91170284443671
 10
145.99282605276775
 20
-56.91039350035341
 10
146.01866704756628
 20
-56.89056450433122
 10
146.02038301691763
 20
-56.88921777290195
 10
146.02206920299753
 20
-56.88783393300462
 10
146.0237248034786
 20
-56.886413643103054
 10
146.19975779854914
 20
-56.732035647411884
 10
146.2013821371841
 20
-56.73057948111797
 10
146.20297432508912
 20
-56.72908822864044
 10
146.20453360455835
 20
-56.727562599651
 10
146.2275625999214
 20
-56.70453360427276
 10
146.22908822889673
 20
-56.702974324816196
 10
146.23057948136073
 20
-56.701382136924444
 10
146.2320356476417
 20
-56.69975779830331
 10
146.38641364331633
 20
-56.52372480321926
 10
146.38783393322993
 20
-56.52206920272354
 10
146.38921777313863
 20
-56.5203830166285
 10
146.39056450457863
 20
-56.518667047261474
 10
146.41039350058458
 20
-56.49282605244883
 10
146.41170284465554
 20
-56.49108062274303
 10
146.41297379489959
 20
-56.48930704099099
 10
146.41420574622907
 20
-56.487506151578565
 10
146.5442887425821
 20
-56.29282415701739
 10
146.5454809218181
 20
-56.290997110325776
 10
146.54663296081762
 20
-56.28914449134505
 10
146.54774431128016
 20
-56.287267181809156
 10
146.56403030799675
 20
-56.259059187474726
 10
146.56510052900612
 20
-56.257157920432036
 10
146.56612901618317
 20
-56.25523375736638
 10
146.5671152799484
 20
-56.25328761421597
 10
146.67067127704289
 20
-56.04329562008365
 10
146.6716147850604
 20
-56.04132855804504
 10
146.67251515693943
 20
-56.03934138142422
 10
146.67337196414425
 20
-56.037335036026086
 10
146.6858359616286
 20
-56.00724404207139
 10
146.68664877393627
 20
-56.00521954048294
 10
146.68741722942306
 20
-56.00317778959365
 10
146.68814096236017
 20
-56.00111976112814
 10
146.76339996024495
 20
-55.779412767326214
 10
146.76407882608282
 20
-55.77733880676164
 10
146.7647122741715
 20
-55.775250526424095
 10
146.76530000285211
 20
-55.77314892078858
 10
146.77372900114744
 20
-55.74168892710977
 10
146.77427041026317
 20
-55.7395763059453
 10
146.77476561936365
 20
-55.737452380343505
 10
146.77521439291291
 20
-55.73531816050557
 10
146.8208943916254
 20
-55.505671166923484
 10
146.8212965318214
 20
-55.503527579208374
 10
146.82165182787628
 20
-55.501375731225124
 10
146.82196011078688
 20
-55.499216646540205
 10
146.8262121099215
 20
-55.4669246530303
 10
146.8264733714734
 20
-55.46475809493376
 10
146.82668729383084
 20
-55.462586351668726
 10
146.82685377511896
 20
-55.460410457469806
 10
146.84270177478976
 20
-55.21862246245101
 10
146.8428623811474
 20
-55.21535299305287
 10
146.84339538103762
 20
-55.19906699632613
 10
146.8434488925
 20
-55.19579599828311
 10
146.84344889249732
 20
-42.512101001554
 10
146.84339538103387
 20
-42.50883000347825
 10
146.84286238113825
 20
-42.492544006749846
 10
146.84270177478135
 20
-42.489274537378954
 10
146.82685377508656
 20
-42.247486542199134
 10
146.82668729379654
 20
-42.24531064798024
 10
146.82647337143638
 20
-42.24313890469532
 10
146.82621210988086
 20
-42.24097234657901
 10
146.821960110725
 20
-42.20868035307183
 10
146.82165182781586
 20
-42.20652126840575
 10
146.82129653176324
 20
-42.204369420441246
 10
146.82089439157033
 20
-42.20222583274474
 10
146.775214392837
 20
-41.9725788391675
 10
146.77476561928344
 20
-41.97044461931125
 10
146.7742704101779
 20
-41.96832069369133
 10
146.77372900105632
 20
-41.966208072508955
 10
146.76530000274033
 20
-41.93474807883551
 10
146.76471226190586
 20
-41.93264643150493
 10
146.76407879984941
 20
-41.93055811002257
 10
146.76339991824852
 20
-41.9284841089226
 10
146.7619948818419
 20
-41.92434500167228
 10
146.68813688283186
 20
-41.70676700462188
 10
146.68741302548497
 20
-41.70470865010322
 10
146.68664443138096
 20
-41.70266657863376
 10
146.68583146643155
 20
-41.70064176240157
 10
146.67337446892697
 20
-41.67056876845387
 10
146.6725178284567
 20
-41.66856287205373
 10
146.67161764257267
 20
-41.66657613637992
 10
146.67067433953412
 20
-41.66460950661281
 10
146.56710934242082
 20
-41.45459851249066
 10
146.56612296229258
 20
-41.45265213911848
 10
146.5650943487932
 20
-41.45072775107804
 10
146.564023991678
 20
-41.44882626463127
 10
146.54774699494288
 20
-41.420634270307445
 10
146.54663572213636
 20
-41.41875711533157
 10
146.5454837673429
 20
-41.416904647192105
 10
146.54429167873613
 20
-41.41507774741171
 10
146.41420368236444
 20
-41.220388752861076
 10
146.41297196757426
 20
-41.218588205618005
 10
146.41170126865526
 20
-41.21681495550702
 10
146.41039219034482
 20
-41.21506984643422
 10
146.39056519432202
 20
-41.189230851635024
 10
146.38921824586293
 20
-41.18751457237269
 10
146.38783417585591
 20
-41.185828086418574
 10
146.38641364310243
 20
-41.184172196520656
 10
146.23203564741175
 20
-41.008139201450724
 10
146.23057948111787
 20
-41.006514862815806
 10
146.2290882286404
 20
-41.004922674910844
 10
146.22756259965098
 20
-41.00336339544166
 10
146.20453360427322
 20
-40.980334400079
 10
146.20297432481664
 20
-40.97880877110363
 10
146.20138213692485
 20
-40.9773175186396
 10
146.19975779830366
 20
-40.97586135235858
 10
146.02372480321893
 20
-40.82148335668341
 10
146.02206924588347
 20
-40.82006310298609
 10
146.02038310450803
 20
-40.818679297393594
 10
146.01866718135722
 20
-40.81733259831945
 10
145.99283018654518
 20
-40.79750660231393
 10
145.99108467977388
 20
-40.796197197162
 10
145.98931101839253
 20
-40.79492618927659
 10
145.98751004690095
 20
-40.7936941838273
 10
145.79281405233976
 20
-40.66360218747428
 10
145.79098704792148
 20
-40.6624100384258
 10
145.78913447246046
 20
-40.661258027722894
 10
145.78725720762804
 20
-40.66014670362651
 10
145.759075213293
 20
-40.64387570690954
 10
145.7571740176142
 20
-40.64280552431004
 10
145.75524992756687
 20
-40.64177707241766
 10
145.75330385898636
 20
-40.64079084075868
 10
145.54328086485486
 20
-40.53721884366465
 10
145.54131343892976
 20
-40.5362751593957
 10
145.53932589102286
 20
-40.53537462728195
 10
145.5373191674664
 20
-40.53451767609427
 10
145.5072611735116
 20
-40.52206767860978
 10
145.50523701857875
 20
-40.52125502310939
 10
145.5031956206039
 20
-40.52048670907023
 10
145.50113795080514
 20
-40.51976310202636
 10
145.27940295700282
 20
-40.444494104141484
 10
145.2773286316338
 20
-40.44381511870127
 10
145.2752399815364
 20
-40.44318156701819
 10
145.2731380017117
 20
-40.44259375090661
 10
145.2416880080333
 20
-40.43416775261134
 10
145.23957568979378
 20
-40.43362643897603
 10
145.23745207069743
 20
-40.433131311991836
 10
145.23531816050595
 20
-40.43268260708715
 10
145.0056711669225
 20
-40.387002608374395
 10
145.00352823717353
 20
-40.386600584203215
 10
145.00137705190343
 20
-40.38624537542382
 10
144.99921863373666
 20
-40.38593715089437
 10
144.96693164022702
 20
-40.381685151759925
 10
144.96476423310807
 20
-40.381423753200025
 10
144.9625916361938
 20
-40.381209731064594
 10
144.96041488494032
 20
-40.38104318735623
 10
144.71862088992404
 20
-40.36519618768553
 10
144.71535219369918
 20
-40.36503562541946
 10
144.69906719696962
 20
-40.36450262552917
 10
144.6957959982821
 20
-40.36444910749999
 10
124.39210200155424
 20
-40.36444910750267
 10
124.38883080283395
 20
-40.36450262553292
 10
124.37254580610524
 20
-40.36503562542853
 10
124.36927677978227
 20
-40.36519620933061
 10
124.12747978460212
 20
-40.38104420902544
 10
124.12530388846028
 20
-40.38121068516256
 10
124.12313214314369
 20
-40.38142460244612
 10
124.1209655828894
 20
-40.38168585900359
 10
124.08868058938269
 20
-40.38593685815941
 10
124.08652142545648
 20
-40.386245148009564
 10
124.08436949868435
 20
-40.386600454439794
 10
124.08222583274481
 20
-40.387002608429675
 10
123.85257883916644
 20
-40.432682607163215
 10
123.85044511844488
 20
-40.433131270065594
 10
123.84832168689678
 20
-40.43362634680524
 10
123.84620955401493
 20
-40.43416760201955
 10
123.81476256034199
 20
-40.44259260033555
 10
123.81266035397842
 20
-40.443180469236076
 10
123.81057148002073
 20
-40.44381408349425
 10
123.80849693378859
 20
-40.444493141201626
 10
123.5867539399935
 20
-40.519765139106646
 10
123.58469618068528
 20
-40.520488781398235
 10
123.5826546947297
 20
-40.52125713459168
 10
123.58063045347234
 20
-40.522069833102044
 10
123.55058245952559
 20
-40.534515830606345
 10
123.54857596974466
 20
-40.535372688548385
 10
123.54658865125737
 20
-40.53627311733726
 10
123.54462145006853
 20
-40.53721668835018
 10
123.33458645594676
 20
-40.640793685463315
 10
123.33263988194216
 20
-40.64178017158561
 10
123.33071529796383
 20
-40.64280889979816
 10
123.32881362055757
 20
-40.64387938018913
 10
123.3006446262336
 20
-40.660143376924296
 10
123.29876779586311
 20
-40.661254471725826
 10
123.29691564410707
 20
-40.662406234622516
 10
123.29508905203863
 20
-40.663598117717925
 10
123.10037905748842
 20
-40.793699114089364
 10
123.0985781750075
 20
-40.794931053859585
 10
123.09680459977744
 20
-40.796201992178645
 10
123.09505917617152
 20
-40.79751132397137
 10
123.06924018137278
 20
-40.81732331999371
 10
123.06752411390521
 20
-40.81867012209974
 10
123.06583783294622
 20
-40.8200540368346
 10
123.06418214095713
 20
-40.821474405625914
 10
122.88813914588577
 20
-40.975861401317786
 10
122.886515360134
 20
-40.97731706317463
 10
122.88492370281983
 20
-40.9788077873622
 10
122.88336493087698
 20
-40.98033286494689
 10
122.86033793551414
 20
-41.00335886032509
 10
122.85881174248782
 20
-41.00491866047918
 10
122.85731994967675
 20
-41.00651139268614
 10
122.85586326750884
 20
-41.00813629844831
 10
122.70147427183467
 20
-41.18418229353192
 10
122.70005394979346
 20
-41.185837936682184
 10
122.69867007959385
 20
-41.187524166859944
 10
122.69732331974626
 20
-41.18924018167768
 10
122.67751132374082
 20
-41.21505917648956
 10
122.67620199196041
 20
-41.21680460008112
 10
122.674931053653
 20
-41.21857817529631
 10
122.67369911389378
 20
-41.22037905776188
 10
122.54359811754023
 20
-41.415089052323815
 10
122.54240623443484
 20
-41.41691564440829
 10
122.54125447152887
 20
-41.418767796180795
 10
122.54014337671877
 20
-41.42064462656817
 10
122.52387938000196
 20
-41.44881362090314
 10
122.52280889962132
 20
-41.450715298293545
 10
122.5217801714184
 20
-41.4526398822556
 10
122.52079368530501
 20
-41.45458645624356
 10
122.41721668821117
 20
-41.664621450374575
 10
122.41627311719043
 20
-41.66658865158064
 10
122.4153726883945
 20
-41.6685759700855
 10
122.41451583044616
 20
-41.670582459884294
 10
122.40206983296157
 20
-41.700630453839445
 10
122.4012571344594
 20
-41.702654695079715
 10
122.40048878127338
 20
-41.7046961810179
 10
122.39976513898844
 20
-41.70675394030842
 10
122.32449314110357
 20
-41.92849693411084
 10
122.32381408339072
 20
-41.93057148036103
 10
122.32318046912785
 20
-41.932660354337
 10
122.32259260022343
 20
-41.93476256071907
 10
122.31416760192836
 20
-41.9662095543966
 10
122.31362634671993
 20
-41.96832168726046
 10
122.31313126998535
 20
-41.970445118790366
 10
122.31268260708725
 20
-41.97257883949354
 10
122.2670026083746
 20
-42.20222583307647
 10
122.26660045438163
 20
-42.204369499034655
 10
122.26624514794914
 20
-42.20652142582555
 10
122.26593685809753
 20
-42.20868058977063
 10
122.26168585896293
 20
-42.24096558328026
 10
122.26142460066103
 20
-42.24313215947431
 10
122.26121068232952
 20
-42.245303920799216
 10
122.26104420584292
 20
-42.24747983299513
 10
122.25510720973014
 20
-42.338062773686175
 10
122.24519621403199
 20
-42.48927570809325
 10
122.24503562541996
 20
-42.492544806285025
 10
122.2445026255297
 20
-42.50882980293216
 10
122.24444910749999
 20
-42.51210100163601
  0
LWPOLYLINE
  5
34
330
17
100
AcDbEntity
  8
0
100
AcDbPolyline
 90
717
 70
0
 10
126.54949989258381
 20
-49.07937095690201
 10
126.54949989250017
 20
-50.92062913168743
 10
126.55511593274123
 20
-51.001551050063846
 10
126.60207921518855
 20
-51.2012298240427
 10
126.66376919668241
 20
-51.3409437349687
 10
126.68445929526744
 20
-51.38780194334272
 10
126.79972085605331
 20
-51.55606264930555
 10
126.94393733637865
 20
-51.700279132058995
 10
127.1121978971445
 20
-51.815540597544604
 10
127.22101203062819
 20
-51.86358669981824
 10
127.29876817322047
 20
-51.89791936309889
 10
127.49843942300294
 20
-51.94488190416081
 10
127.57937078862078
 20
-51.95050010724406
 10
127.68893699013888
 20
-51.9505001075
 10
127.69139111760794
 20
-51.950530225751706
 10
127.69384376679645
 20
-51.950620562353194
 10
127.69629346031446
 20
-51.95077106288884
 10
127.69873872255245
 20
-51.95098163670241
 10
127.70117808057009
 20
-51.95125215695161
 10
127.7036100649836
 20
-51.95158246068453
 10
127.70603321085073
 20
-51.95197234893775
 10
127.70844605855335
 20
-51.95242158685627
 10
127.8037340293897
 20
-51.971375581006406
 10
127.80613505904384
 20
-51.97188388305891
 10
127.808522891555
 20
-51.97245095472574
 10
127.81089608865635
 20
-51.97307645444177
 10
127.81325322089648
 20
-51.97376000544878
 10
127.81559286850032
 20
-51.97450119602247
 10
127.81791362222434
 20
-51.97529957972038
 10
127.82021408420542
 20
-51.976154675650825
 10
127.82249286880275
 20
-51.97706596876259
 10
127.82474860343257
 20
-51.97803291015508
 10
127.82697992939475
 20
-51.97905491740902
 10
127.82918550269135
 20
-51.98013137493722
 10
127.831363994836
 20
-51.98126163435538
 10
127.83351409365422
 20
-51.982445014872596
 10
127.8356345040737
 20
-51.98368080370148
 10
127.83772394890438
 20
-51.98496825648747
 10
127.83978116960779
 20
-51.98630659775716
 10
127.92056214491618
 20
-52.04028158114611
 10
127.92258605590527
 20
-52.04167011290857
 10
127.92457527926523
 20
-52.04310789820942
 10
127.92652861664074
 20
-52.04459407089273
 10
127.92844489129506
 20
-52.046127735652824
 10
127.93032294881893
 20
-52.047707968573704
 10
127.93216165782594
 20
-52.0493338176856
 10
127.93395991063423
 20
-52.05100430353847
 10
127.93571662393367
 20
-52.05271841979203
 10
130.27726275673575
 20
-54.39426555055106
 10
130.38683655577483
 20
-54.47834335095674
 10
130.4625417545056
 20
-54.53643350344651
 10
130.46971326187654
 20
-54.54193693508173
 10
130.65853701939247
 20
-54.65095459494815
 10
130.6797889617115
 20
-54.66322449792
 10
130.90389788158296
 20
-54.75605406379849
 10
130.9460162490766
 20
-54.767339353042544
 10
131.13821085829005
 20
-54.818838117613254
 10
131.37871123236022
 20
-54.85050010656041
 10
135.62128855896023
 20
-54.85050010749855
 10
135.86178907111477
 20
-54.81883715344244
 10
136.09610021141117
 20
-54.75605387838006
 10
136.32021127582573
 20
-54.66322437486036
 10
136.53028875756004
 20
-54.54193577228135
 10
136.72272378040554
 20
-54.39427503406999
 10
138.89426482425768
 20
-52.22273696518364
 10
139.04193577218652
 20
-52.030288755938635
 10
139.16322436882263
 20
-51.82021128806903
 10
139.25605387399204
 20
-51.59610022433786
 10
139.31883715077933
 20
-51.36178908450307
 10
139.35050010656755
 20
-51.12128857287218
 10
139.3505001074914
 20
-50.4187114409854
 10
139.31883715344247
 20
-50.178210928885264
 10
139.25605394008443
 20
-49.94390001887361
 10
139.23770227837002
 20
-49.899595621506876
 10
139.16322632036642
 20
-49.71979360905814
 10
139.04193462770198
 20
-49.5097100126237
 10
138.894269573908
 20
-49.31726775377977
 10
138.71814357125783
 20
-49.14114077569575
 10
138.71810222719327
 20
-49.14110043115689
 10
137.7089774050421
 20
-48.131975609251434
 10
137.70726331548892
 20
-48.13021892323829
 10
137.70559285497214
 20
-48.12842069900114
 10
137.7039670297855
 20
-48.1265820197992
 10
137.70238681933418
 20
-48.124703993261946
 10
137.70085317554475
 20
-48.12278775072188
 10
137.6993670222919
 20
-48.12083444653304
 10
137.69792925484168
 20
-48.118845257375554
 10
137.69654073931238
 20
-48.11682138154684
 10
137.64256475021895
 20
-48.03603939795612
 10
137.64122640929207
 20
-48.03398219082776
 10
137.639938956274
 20
-48.03189275972535
 10
137.6387031666309
 20
-48.02977236316727
 10
137.63751978471086
 20
-48.027622278323165
 10
137.6363895232954
 20
-48.02544380024473
 10
137.6353130631702
 20
-48.02323824108562
 10
137.634291052715
 20
-48.02100692931114
 10
137.63332410751312
 20
-48.018751208898045
 10
137.6119924546346
 20
-47.967251910292674
 10
137.5633867912796
 20
-47.883065359446285
 10
137.4808775034777
 20
-47.74015480251325
 10
137.3212315061616
 20
-47.53209671167017
 10
137.13580110365046
 20
-47.34666630789151
 10
136.92775183293887
 20
-47.187025260998425
 10
136.7006539713188
 20
-47.05590945955952
 10
136.458368440639
 20
-46.95555025596901
 10
136.34952726068283
 20
-46.92638651559997
 10
136.20506418927587
 20
-46.88767787732394
 10
135.94506868179388
 20
-46.85344889341863
 10
135.68282924629372
 20
-46.8534488925224
 10
135.4228376224789
 20
-46.88767691251415
 10
135.16953170951524
 20
-46.955549158951975
 10
135.00186773838934
 20
-47.02499767321682
 10
134.92725196325887
 20
-47.05590544356502
 10
134.7001598799524
 20
-47.18701559675998
 10
134.50241567570416
 20
-47.33874778970418
 10
134.49209378244683
 20
-47.346668423036725
 10
134.38703260881425
 20
-47.45172959539507
 10
134.38527592284652
 20
-47.45344368488407
 10
134.38347769865763
 20
-47.455114145339174
 10
134.38163901950668
 20
-47.456739970466764
 10
134.3797609930231
 20
-47.458320180861776
 10
134.37784475053928
 20
-47.45985382459769
 10
134.3758914464091
 20
-47.46133997779995
 10
134.3739022573126
 20
-47.46277774520256
 10
134.37187838154713
 20
-47.464166260687335
 10
134.29109640630557
 20
-47.5181422442022
 10
134.2890391850124
 20
-47.51948059409872
 10
134.28694973931346
 20
-47.52076805538582
 10
134.28482932775313
 20
-47.522003852581726
 10
134.28267922752755
 20
-47.523187241323654
 10
134.28050073371537
 20
-47.52431750881624
 10
134.27829515849763
 20
-47.52539397426085
 10
134.27606383036743
 20
-47.52641598926566
 10
134.27380809332982
 20
-47.5273829382362
 10
134.27152930609202
 20
-47.52829423874616
 10
134.26922884124528
 20
-47.52914934188819
 10
134.26690808443797
 20
-47.52994773260451
 10
134.264568433541
 20
-47.5306889299972
 10
134.26221129780586
 20
-47.53137248761779
 10
134.25983809701572
 20
-47.53199799373625
 10
134.2574502606303
 20
-47.532565071588905
 10
134.2550492269248
 20
-47.53307337960546
 10
134.15976225613025
 20
-47.55202737389178
 10
134.1573493845534
 20
-47.55247662095824
 10
134.1549262144967
 20
-47.55286651716138
 10
134.15249420562273
 20
-47.55319682763658
 10
134.1500548229185
 20
-47.553467353412316
 10
134.14760953581276
 20
-47.55367793153
 10
134.14515981729105
 20
-47.55382843514214
 10
134.14270714300812
 20
-47.553918773588784
 10
134.14025299039935
 20
-47.5539488924521
 10
133.623949775814
 20
-47.55394889249222
 10
133.62394911332856
 20
-47.853949014423115
 10
134.17394891667757
 20
-47.85394910750001
 10
134.17640303907615
 20
-47.85397922603694
 10
134.1788556831933
 20
-47.85406956267486
 10
134.1813053716482
 20
-47.85422006299835
 10
134.18375062884047
 20
-47.854430636351665
 10
134.1861899818389
 20
-47.85470115589332
 10
134.18862196126884
 20
-47.8550314586725
 10
134.19104510219705
 20
-47.855421345727194
 10
134.19345794501442
 20
-47.855870582204076
 10
134.19585903631494
 20
-47.856378897499944
 10
134.19824692977133
 20
-47.856945985424744
 10
134.20062018700614
 20
-47.85757150438598
 10
134.20297737845829
 20
-47.85825507759451
 10
134.2053170842441
 20
-47.85899629329147
 10
134.20763789501254
 20
-47.85979470499635
 10
134.20993841279434
 20
-47.86064983177589
 10
134.2122172518439
 20
-47.8615611585338
 10
134.21447303947406
 20
-47.862528136321046
 10
134.21670441688303
 20
-47.863550182666486
 10
134.21891003997277
 20
-47.86462668192776
 10
134.22108858015866
 20
-47.86575698566209
 10
134.2232387251699
 20
-47.86694041301693
 10
134.22535917983976
 20
-47.868176251140035
 10
134.22744866688592
 20
-47.869463755608905
 10
134.2295059276798
 20
-47.87080215087915
 10
134.2315297230047
 20
-47.87219063075169
 10
134.23351883380224
 20
-47.873628358858326
 10
134.2354720619067
 20
-47.87511446916562
 10
134.23738823076675
 20
-47.87664806649646
 10
134.23926618615423
 20
-47.87822822706937
 10
134.2411047968592
 20
-47.87985399905492
 10
134.24290295537162
 20
-47.88152440314906
 10
134.24465957854824
 20
-47.88323843316304
 10
134.24637360826517
 20
-47.88499505662949
 10
134.24804401205526
 20
-47.88679321542436
 10
134.2496697837299
 20
-47.88863182640426
 10
134.25124994398527
 20
-47.890509782058906
 10
134.2527835409921
 20
-47.892425951178296
 10
134.25426965096912
 20
-47.89437917953405
 10
134.2557073787394
 20
-47.89636829057469
 10
134.25709585826974
 20
-47.898392086134365
 10
134.2584342531921
 20
-47.90044934715456
 10
134.25972175730766
 20
-47.90253883441844
 10
134.2609575950722
 20
-47.90465928929728
 10
134.26214102206347
 20
-47.90680943450862
 10
134.2632713254294
 20
-47.908987974885655
 10
134.26434782431772
 20
-47.91119359815742
 10
134.26536987028584
 20
-47.913424975739204
 10
134.26633684769166
 20
-47.91568076353289
 10
134.26724817406424
 20
-47.917959602736545
 10
134.26810330045475
 20
-47.920260120662945
 10
134.2689017117672
 20
-47.92258093156641
 10
134.26964292706853
 20
-47.92492063747753
 10
134.27032649987848
 20
-47.92727782904526
 10
134.2709520184384
 20
-47.929651086385846
 10
134.27151910595944
 20
-47.93203897993812
 10
134.2720274208493
 20
-47.934440071324595
 10
134.27247665691817
 20
-47.93685291421793
 10
134.27286654356314
 20
-47.93927605521208
 10
134.27319684593107
 20
-47.941708034697854
 10
134.27346736506024
 20
-47.94414738774205
 10
134.27367793800008
 20
-47.946592644969925
 10
134.27382843790934
 20
-47.94904233345028
 10
134.27391877413254
 20
-47.95149497758269
 10
134.27394889225448
 20
-47.95394909998636
 10
134.2739488925
 20
-49.75394889974064
 10
134.27391877437222
 20
-49.7564030224085
 10
134.27382843813027
 20
-49.75885566680464
 10
134.27367793818928
 20
-49.76130535554778
 10
134.27346736520482
 20
-49.76375061303703
 10
134.27319684601818
 20
-49.76618996634071
 10
134.27286654358
 20
-49.768621946083606
 10
134.2724766568521
 20
-49.771045087332055
 10
134.2720274206877
 20
-49.773457930476376
 10
134.27151910568983
 20
-49.77585902211009
 10
134.27095201804846
 20
-49.77824691590536
 10
134.27032649935597
 20
-49.78062017348428
 10
134.26964292640145
 20
-49.782977365285205
 10
134.26890171094365
 20
-49.78531707142395
 10
134.2681032994631
 20
-49.787637882549014
 10
134.26724817289298
 20
-49.78993840069056
 10
134.26633684632955
 20
-49.79221724010248
 10
134.2653698687219
 20
-49.79447302809714
 10
134.26434782254117
 20
-49.79670440587218
 10
134.26327132342973
 20
-49.79891002932907
 10
134.2621410198304
 20
-49.80108856988272
 10
134.26095759259584
 20
-49.80323871526176
 10
134.25972175457835
 20
-49.80535917029901
 10
134.2584342502005
 20
-49.80744865771165
 10
134.25709585500684
 20
-49.80950591887059
 10
134.25570737519655
 20
-49.81152971455864
 10
134.254269647138
 20
-49.81351882571694
 10
134.2527835368647
 20
-49.815472054179324
 10
134.25124993955404
 20
-49.81738822339398
 10
134.24966977898765
 20
-49.81926617913225
 10
134.24804400699512
 20
-49.821104790183796
 10
134.24637360288077
 20
-49.82290294903808
 10
134.24465957283354
 20
-49.824659572551454
 10
134.24290294932106
 20
-49.82637360259958
 10
134.24110479046763
 20
-49.82804400671487
 10
134.23926617941692
 20
-49.82966977870833
 10
134.23738822367946
 20
-49.83124993927571
 10
134.2354720544656
 20
-49.832783536587364
 10
134.23351882600397
 20
-49.83426964686162
 10
134.2315297148464
 20
-49.83570737492123
 10
134.22950591915907
 20
-49.83709585473255
 10
134.22744865800084
 20
-49.838434249927275
 10
134.22535917058886
 20
-49.83972175430618
 10
134.22323871555224
 20
-49.84095759232478
 10
134.2210885701738
 20
-49.84214101956045
 10
134.21891002962073
 20
-49.843271323160884
 10
134.21670440616438
 20
-49.844347822273456
 10
134.21447302838988
 20
-49.84536986845535
 10
134.21221724039572
 20
-49.84633684606416
 10
134.20993840098427
 20
-49.847248172628746
 10
134.20763788284316
 20
-49.848103299200055
 10
134.2053170717185
 20
-49.84890171068181
 10
134.20297736558015
 20
-49.849642926140795
 10
134.20062017377958
 20
-49.85032649909653
 10
134.198246916201
 20
-49.850952017790235
 10
134.19585902240598
 20
-49.851519105432835
 10
134.19345793077255
 20
-49.85202742043193
 10
134.19104508762845
 20
-49.85247665659759
 10
134.1886219463802
 20
-49.852866543326726
 10
134.18618996663747
 20
-49.85319684576616
 10
134.18375061333396
 20
-49.853467364954064
 10
134.1813053558448
 20
-49.85367793793978
 10
134.17885566710174
 20
-49.853828437882015
 10
134.17640302270564
 20
-49.85391877412525
 10
134.1739489000378
 20
-49.85394889225429
 10
133.62394898049996
 20
-49.8539488924622
 10
133.62394891449998
 20
-50.153948182513155
 10
134.14025316906074
 20
-50.15394910750016
 10
134.1427072741174
 20
-50.15397922959393
 10
134.1451599008262
 20
-50.15406956893775
 10
134.14760957183765
 20
-50.15422007111536
 10
134.15005481158263
 20
-50.154430645471166
 10
134.15249414716124
 20
-50.15470116516487
 10
134.15492610922996
 20
-50.155031467247866
 10
134.15734923288676
 20
-50.15542135276136
 10
134.1597620585534
 20
-50.15587058685627
 10
134.25505002938942
 20
-50.17482458100635
 10
134.25745107636178
 20
-50.17533288694778
 10
134.25983892598984
 20
-50.175899963351206
 10
134.26221213997567
 20
-50.17652546864368
 10
134.26456928883704
 20
-50.177209026058215
 10
134.26690895276826
 20
-50.17795022386066
 10
134.26922972249568
 20
-50.178748615597755
 10
134.27153020012628
 20
-50.17960372036603
 10
134.27380899998977
 20
-50.18051502310148
 10
134.27606474947333
 20
-50.18148197488978
 10
134.27829608984828
 20
-50.182503993296976
 10
134.28050167708852
 20
-50.18358046272025
 10
134.2826801826801
 20
-50.184710734758745
 10
134.28483029442143
 20
-50.18589412860414
 10
134.2869507172137
 20
-50.1871299314507
 10
134.28904017384093
 20
-50.188417398924635
 10
134.29109740573932
 20
-50.18975575553249
 10
134.3718793810478
 20
-50.243731738921355
 10
134.37390325688904
 20
-50.24512025445512
 10
134.3758924460588
 20
-50.246558021910346
 10
134.37784575025955
 20
-50.24804417516878
 10
134.3797619928112
 20
-50.2495778189643
 10
134.3816400193597
 20
-50.251158029422264
 10
134.38347869857253
 20
-50.25278385461604
 10
134.38527692282014
 20
-50.25445431514044
 10
134.38703360884335
 20
-50.256168404701754
 10
134.4920929989636
 20
-50.36122779475712
 10
134.70372611282278
 20
-50.52361977839201
 10
134.7056546731783
 20
-50.52513757596497
 10
134.7075454058896
 20
-50.52670224344778
 10
134.7093971721579
 20
-50.528312838432534
 10
134.7112088566541
 20
-50.529968390848964
 10
134.71297936819062
 20
-50.531667903548666
 10
134.71470764037852
 20
-50.53341035290572
 10
134.7163926322699
 20
-50.535194689433226
 10
134.71803332898477
 20
-50.5370198384154
 10
134.78209230940843
 20
-50.61006381602049
 10
134.78368781091845
 20
-50.61192878382159
 10
134.78523706288584
 20
-50.6138323458272
 10
134.7867391320829
 20
-50.61577335538279
 10
134.78819311370353
 20
-50.61775064327646
 10
134.78959813190838
 20
-50.61976301844318
 10
134.7909533403523
 20
-50.62180926868231
 10
134.79225792269418
 20
-50.62388816138779
 10
134.79351109308874
 20
-50.625998444290595
 10
134.79471209665982
 20
-50.6281388462131
 10
134.79586020995524
 20
-50.63030807783478
 10
134.79695474138242
 20
-50.6325048324689
 10
134.7979950316251
 20
-50.63472778684959
 10
134.79898045404042
 20
-50.63697560192895
 10
134.79991041503646
 20
-50.63924692368367
 10
134.80078435442974
 20
-50.64154038393066
 10
134.80160174578265
 20
-50.64385460115119
 10
134.8328317330777
 20
-50.73585356343188
 10
134.83359208296312
 20
-50.738187140233244
 10
134.83429493458473
 20
-50.74053867425045
 10
134.83493986456492
 20
-50.74290674898676
 10
134.8355264844163
 20
-50.7452899379818
 10
134.8360544407759
 20
-50.747686805670774
 10
134.83652341561793
 20
-50.75009590824926
 10
134.8369331264454
 20
-50.75251579454286
 10
134.83728332646018
 20
-50.75494500688141
 10
134.83757380471187
 20
-50.757382081976964
 10
134.83780438622466
 20
-50.759825551805314
 10
134.8379749321029
 20
-50.762273944490225
 10
134.8380853396146
 20
-50.76472578519008
 10
134.8381355422534
 20
-50.767179596986274
 10
134.83812550977873
 20
-50.769633901772885
 10
134.83805524823387
 20
-50.772087221147
 10
134.83792479994233
 20
-50.77453807729931
 10
134.8315708026392
 20
-50.87148503758877
 10
134.8313802449315
 20
-50.873931968022056
 10
134.8311296931632
 20
-50.87637348488596
 10
134.83081929826125
 20
-50.87880811746402
 10
134.83044924720073
 20
-50.88123439918672
 10
134.83001976289233
 20
-50.88365086851492
 10
134.82953110404802
 20
-50.886056069820256
 10
134.82898356502523
 20
-50.88844855426197
 10
134.82837747564952
 20
-50.89082688065965
 10
134.82771320101585
 20
-50.89318961636142
 10
134.82699114126882
 20
-50.89553533810685
 10
134.8262117313614
 20
-50.89786263288439
 10
134.82537544079318
 20
-50.90017009878247
 10
134.82448277332725
 20
-50.90245634583399
 10
134.82353426668706
 20
-50.90471999685366
 10
134.82253049223232
 20
-50.906959688267506
 10
134.8214720546148
 20
-50.90917407093433
 10
134.7785010723026
 20
-50.996310035280075
 10
134.7773886567172
 20
-50.998497684442555
 10
134.7762228901033
 20
-51.00065737550719
 10
134.77500447463453
 20
-51.002787807631954
 10
134.77373414419645
 20
-51.00488769759832
 10
134.77241266394444
 20
-51.00695578058415
 10
134.77104082984278
 20
-51.00899081092551
 10
134.76961946818534
 20
-51.010991562867034
 10
134.76814943509777
 20
-51.012956831300144
 10
134.7666316160219
 20
-51.01488543248901
 10
134.7650669251824
 20
-51.01677620478347
 10
134.76345630503607
 20
-51.01862800931877
 10
134.76180072570423
 20
-51.02043973070153
 10
134.7601011843884
 20
-51.02221027768156
 10
134.75835870476953
 20
-51.02393858380915
 10
134.75657433639165
 20
-51.02562360807744
 10
134.75474915402944
 20
-51.02726433554945
 10
134.68170518401496
 20
-51.091323309377316
 10
134.67984021621234
 20
-51.09291881089012
 10
134.6779366542051
 20
-51.09446806286018
 10
134.67599564464777
 20
-51.09597013205981
 10
134.67401835675227
 20
-51.09742411368295
 10
134.6720059815836
 20
-51.09882913189019
 10
134.6699597313424
 20
-51.10018434033638
 10
134.6678808386348
 20
-51.1014889226804
 10
134.66577055572975
 20
-51.10274209307699
 10
134.66363015380495
 20
-51.103943096650006
 10
134.66146092218085
 20
-51.10509120994722
 10
134.65926416754428
 20
-51.10618574137608
 10
134.65704121316105
 20
-51.10722603162031
 10
134.65479339807908
 20
-51.108211454037054
 10
134.65252207632167
 20
-51.10914141503438
 10
134.65022861607196
 20
-51.1100153544288
 10
134.64791439884866
 20
-51.110832745782744
 10
134.5559154301736
 20
-51.14206273524841
 10
134.5536527309247
 20
-51.14280092055992
 10
134.55137310448208
 20
-51.14348504681085
 10
134.54907784219174
 20
-51.1441147264624
 10
134.54676824425692
 20
-51.14468960281828
 10
134.54444561900164
 20
-51.14520935022678
 10
134.54211128212955
 20
-51.14567367426521
 10
134.5397665559786
 20
-51.14608231190672
 10
134.53741276877193
 20
-51.146435031669256
 10
134.53505125386565
 20
-51.14673163374674
 10
134.53268334899323
 20
-51.1469719501222
 10
134.53031039550802
 20
-51.147155844663004
 10
134.49780841186873
 20
-51.14928584364739
 10
134.49563033628408
 20
-51.149404740806396
 10
134.49345018550852
 20
-51.149476101738564
 10
134.49126899689057
 20
-51.149499892489295
 10
132.41106401009515
 20
-51.149499892499996
 10
132.40860988259678
 20
-51.14946977425331
 10
132.40615723337885
 20
-51.14937943765542
 10
132.40370753983137
 20
-51.14922893712192
 10
132.40126227756397
 20
-51.149018363309054
 10
132.39882291951696
 20
-51.14874784305913
 10
132.39639093507424
 20
-51.14841753932406
 10
132.39396778917802
 20
-51.148027651067245
 10
132.39155494144657
 20
-51.14757841314373
 10
132.29626697061056
 20
-51.12862441899365
 10
132.2938659236382
 20
-51.12811611305222
 10
132.29147807401014
 20
-51.127549036648794
 10
132.2891048600243
 20
-51.12692353135632
 10
132.28674771116295
 20
-51.126239973941786
 10
132.2844080472317
 20
-51.12549877613934
 10
132.2820872775043
 20
-51.124700384402246
 10
132.2797867998737
 20
-51.12384527963397
 10
132.27750800001022
 20
-51.12293397689852
 10
132.27525225052665
 20
-51.121967025110216
 10
132.2730209101517
 20
-51.120945006703025
 10
132.27081532291146
 20
-51.11986853727975
 10
132.26863681731987
 20
-51.118738265241255
 10
132.26648670557856
 20
-51.11755487139586
 10
132.26436628278628
 20
-51.1163190685493
 10
132.26227682615905
 20
-51.115031601075366
 10
132.26021959426066
 20
-51.11369324446751
 10
132.1794376189522
 20
-51.05971726107863
 10
132.177413743108
 20
-51.0583287455428
 10
132.17542455393541
 20
-51.056890978085356
 10
132.1734712497319
 20
-51.05540482482458
 10
132.17155500717763
 20
-51.053871181026565
 10
132.16967698062663
 20
-51.05229097056598
 10
132.16783830141145
 20
-51.05066514536946
 10
132.1660400771616
 20
-51.04899468484218
 10
132.16428339113628
 20
-51.04728059527788
 10
130.55271940503496
 20
-49.43571660924431
 10
130.55100531548283
 20
-49.4339599232319
 10
130.54933485496704
 20
-49.43216169899554
 10
130.54770902978137
 20
-49.43032301979443
 10
130.54612881933096
 20
-49.42844499325805
 10
130.5445951755424
 20
-49.4265287507189
 10
130.5431090222904
 20
-49.424575446531016
 10
130.54167125484096
 20
-49.422586257374526
 10
130.54028273931237
 20
-49.420562381546844
 10
130.48630675579778
 20
-49.33978040630557
 10
130.48496839918693
 20
-49.337723174409135
 10
130.48368093170993
 20
-49.33563371778378
 10
130.48244512886026
 20
-49.33351329499331
 10
130.48126173501174
 20
-49.3313631832537
 10
130.48013146297006
 20
-49.32918467766377
 10
130.47905499354357
 20
-49.3269790904251
 10
130.4780329751331
 20
-49.32474775005163
 10
130.4770660233415
 20
-49.32249200056947
 10
130.47615472060272
 20
-49.320213200707286
 10
130.4752996158311
 20
-49.317912723077946
 10
130.4745012240906
 20
-49.31559195335169
 10
130.47376002628474
 20
-49.31325228942152
 10
130.47307646886676
 20
-49.310895140561165
 10
130.47245096357082
 20
-49.308521926576226
 10
130.47188388716393
 20
-49.306134076948986
 10
130.47137558121898
 20
-49.30373302997737
 10
130.45242158693262
 20
-49.20844505918283
 10
130.45197234900337
 20
-49.20603221143934
 10
130.45158246074146
 20
-49.20360906553092
 10
130.45125215700187
 20
-49.2011770810758
 10
130.45098163674808
 20
-49.19873772301627
 10
130.45077106293195
 20
-49.19629246073622
 10
130.45062056239584
 20
-49.193842767176
 10
130.45053022579594
 20
-49.19139011794527
 10
130.4505001075479
 20
-49.188935990434025
 10
130.45050010750148
 20
-49.079370407146726
 10
130.44488321002882
 20
-48.99844874737242
 10
130.39792071656666
 20
-48.798771948129136
 10
130.3155405678731
 20
-48.61219785686773
 10
130.20027914394666
 20
-48.44393735069443
 10
130.0667168942714
 20
-48.31037509877045
 10
128.9215739043533
 20
-48.310375080453
 10
128.86803637386532
 20
-48.33569643809107
 10
128.86580499891977
 20
-48.33671848267104
 10
128.86354921382437
 20
-48.33768545882091
 10
128.86127037737614
 20
-48.338596784071946
 10
128.85896986225728
 20
-48.33945190947735
 10
128.7804309296735
 20
-48.36755358892729
 10
128.77811011854848
 20
-48.36835200040907
 10
128.77577041240974
 20
-48.36909321586807
 10
128.77341322060877
 20
-48.369776788823806
 10
128.77103996302978
 20
-48.37040230751749
 10
128.69012477061528
 20
-48.39067050812349
 10
128.6877368768199
 20
-48.39123759576604
 10
128.68533578518606
 20
-48.39174591076508
 10
128.68292294204156
 20
-48.39219514693066
 10
128.68049980079292
 20
-48.3925850336597
 10
128.59798760608294
 20
-48.404824561570294
 10
128.5955556263398
 20
-48.40515486400962
 10
128.5931162730359
 20
-48.40542538319738
 10
128.59067101554635
 20
-48.40563595618294
 10
128.58822132680288
 20
-48.40578645612501
 10
128.5049067673387
 20
-48.4098794379955
 10
128.50245412294223
 20
-48.40996977423853
 10
128.500000000274
 20
-48.40999989236737
 10
128.49754587760577
 20
-48.409969774239954
 10
128.49509323320925
 20
-48.40987943799833
 10
128.41177867374262
 20
-48.40578645617589
 10
128.40932898499906
 20
-48.40563595623524
 10
128.4068837275094
 20
-48.405425383251085
 10
128.4044443742053
 20
-48.40515486406473
 10
128.402012394462
 20
-48.40482456162681
 10
128.31950019974522
 20
-48.39258503376385
 10
128.31707705849635
 20
-48.392195147036205
 10
128.31466421535163
 20
-48.391745910872025
 10
128.31226312371749
 20
-48.39123759587438
 10
128.3098752299218
 20
-48.3906705082332
 10
128.22896003749526
 20
-48.3704023076738
 10
128.2265867799159
 20
-48.36977678898149
 10
128.22422958811453
 20
-48.36909321602711
 10
128.22188988197533
 20
-48.36835200056945
 10
128.21956907084981
 20
-48.367553589089
 10
128.14103013824973
 20
-48.33945190968429
 10
128.13872962010774
 20
-48.33859678311426
 10
128.13645078069538
 20
-48.33768545655093
 10
128.13419499270032
 20
-48.336718478943325
 10
128.13196361492484
 20
-48.33569643276261
 10
128.05655731500593
 20
-48.30003190904727
 10
128.05435169154862
 20
-48.29895540993586
 10
128.05217315099455
 20
-48.29782510633654
 10
128.0500230056151
 20
-48.29664167910196
 10
128.04790255057742
 20
-48.29540584108442
 10
127.97635508722925
 20
-48.25252194191813
 10
127.9742655998162
 20
-48.25123443754024
 10
127.97220833865687
 20
-48.24989604234649
 10
127.97018454296843
 20
-48.24850756253612
 10
127.96819543180973
 20
-48.24706983447743
 10
127.90119584621561
 20
-48.197379555251516
 10
127.89924261775286
 20
-48.19589344497813
 10
127.89732644853783
 20
-48.194359847667315
 10
127.8954484927992
 20
-48.19277968710074
 10
127.8936098817473
 20
-48.19115391510805
 10
127.83180341654263
 20
-48.13513580037519
 10
127.830005257688
 20
-48.13346539626063
 10
127.82824863417432
 20
-48.1317513662132
 10
127.82653460412587
 20
-48.1299947427005
 10
127.82486420001028
 20
-48.12819658384684
 10
127.76884608524183
 20
-48.06639011867455
 10
127.76722031324809
 20
-48.06455150762359
 10
127.76564015268043
 20
-48.06267355188588
 10
127.76410655536851
 20
-48.06075738267173
 10
127.762620445094
 20
-48.05880415420984
 10
127.71293016582953
 20
-47.99180456864454
 10
127.71149243776969
 20
-47.98981545748668
 10
127.71010395795815
 20
-47.987791661799044
 10
127.70876556276323
 20
-47.985734400640474
 10
127.70747805838413
 20
-47.983644913228176
 10
127.66459415917629
 20
-47.91209744990432
 10
127.66335832115752
 20
-47.909976994867364
 10
127.66217489392169
 20
-47.90782684948858
 10
127.66104459032111
 20
-47.905648308935156
 10
127.65996809120843
 20
-47.903442685478446
 10
127.62430356744964
 20
-47.82803638558018
 10
127.62328152126764
 20
-47.8258050078053
 10
127.62231454365875
 20
-47.82354921981078
 10
127.6214032170941
 20
-47.82127038039896
 10
127.62054809052275
 20
-47.81896986225747
 10
127.59244641107274
 20
-47.74043092967363
 10
127.59164799959095
 20
-47.73811011854858
 10
127.59090678413195
 20
-47.73577041240982
 10
127.5902232111762
 20
-47.73341322060884
 10
127.58959769248251
 20
-47.73103996302984
 10
127.56932949187652
 20
-47.6501247706153
 10
127.56876240423396
 20
-47.64773687681993
 10
127.56825408923493
 20
-47.64533578518609
 10
127.56780485306936
 20
-47.64292294204161
 10
127.56741496634032
 20
-47.64049980079297
 10
127.55517543842973
 20
-47.55798760608306
 10
127.5548451359904
 20
-47.55555562633993
 10
127.55457461680264
 20
-47.55311627303599
 10
127.55436404381707
 20
-47.55067101554644
 10
127.55421354387501
 20
-47.54822132680298
 10
127.55012056200451
 20
-47.46490676733854
 10
127.55003022576147
 20
-47.46245412294207
 10
127.55000010763264
 20
-47.460000000273844
 10
127.55003022576005
 20
-47.45754587760561
 10
127.55012056200168
 20
-47.455093233209084
 10
127.5542135438241
 20
-47.37177867374276
 10
127.55436404376475
 20
-47.36932898499922
 10
127.55457461674891
 20
-47.36688372750957
 10
127.55484513593527
 20
-47.364444374205476
 10
127.55517543837318
 20
-47.36201239446216
 10
127.56741496623616
 20
-47.27950019974521
 10
127.5678048529638
 20
-47.277077058496346
 10
127.56825408912798
 20
-47.2746642153516
 10
127.56876240412564
 20
-47.27226312371747
 10
127.56932949176681
 20
-47.269875229921766
 10
127.5895976923262
 20
-47.18896003749524
 10
127.59022321101851
 20
-47.18658677991588
 10
127.59090678397288
 20
-47.184229588114505
 10
127.59164799943053
 20
-47.181889881975316
 10
127.592446410911
 20
-47.1795690708498
 10
127.62054809031562
 20
-47.10103013824994
 10
127.62140321688554
 20
-47.09872962010825
 10
127.62231454344875
 20
-47.09645078069618
 10
127.62328152105621
 20
-47.09419499270138
 10
127.62430356723677
 20
-47.091963614926186
 10
127.6283767670559
 20
-47.08335155747512
 10
127.40355641249465
 20
-46.858530783674276
 10
127.34158139937459
 20
-46.980161049273306
 10
127.28077846668656
 20
-47.167293003617004
 10
127.24999989380422
 20
-47.36161346595812
 10
127.24999989255016
 20
-47.55838548106734
 10
127.28077850903746
 20
-47.75270530881594
 10
127.28490576134097
 20
-47.76540798610456
 10
127.28563548841733
 20
-47.767751380766285
 10
127.28630748412623
 20
-47.77011197855366
 10
127.28692134365737
 20
-47.77248835744234
 10
127.28747669722173
 20
-47.774879085901425
 10
127.28797321027426
 20
-47.77728272375585
 10
127.28841058371545
 20
-47.779697823053915
 10
127.28878855407146
 20
-47.78212292893954
 10
127.28910689365294
 20
-47.7845565805287
 10
127.3005248902048
 20
-47.881037550984516
 10
127.30078339424347
 20
-47.883478143238506
 10
127.30098192683974
 20
-47.88592434431292
 10
127.30112036841118
 20
-47.888374680783606
 10
127.30119863557005
 20
-47.89082767673551
 10
127.30121668117356
 20
-47.89328185465173
 10
127.30117449435228
 20
-47.89573573630339
 10
127.30107210051668
 20
-47.89818784364009
 10
127.30090956134178
 20
-47.900636699680135
 10
127.30068697473007
 20
-47.90308082940021
 10
127.30040447475248
 20
-47.90551876062379
 10
127.3000622315677
 20
-47.90794902490792
 10
127.29966045131957
 20
-47.91037015842767
 10
127.29919937601304
 20
-47.912780702857866
 10
127.29867928336832
 20
-47.91517920625148
 10
127.29810048665364
 20
-47.91756422391417
 10
127.29746333449654
 20
-47.919934319274475
 10
127.27109134539066
 20
-48.01344128099326
 10
127.27039618907357
 20
-48.015795131723884
 10
127.26964347463931
 20
-48.018131213175316
 10
127.26883365551227
 20
-48.020448118125614
 10
127.26796721951585
 20
-48.0227444509045
 10
127.26704468857868
 20
-48.02501882823405
 10
127.26606661842014
 20
-48.02726988006203
 10
127.26503359821567
 20
-48.029496250387105
 10
127.2639462502418
 20
-48.03169659807576
 10
127.26280522950135
 20
-48.03386959767013
 10
127.26161122332884
 20
-48.036013940186436
 10
127.26036495097644
 20
-48.038128333903536
 10
127.25906716318075
 20
-48.040211505140995
 10
127.25771864171047
 20
-48.04226219902636
 10
127.25632019889562
 20
-48.04427918025107
 10
127.25487267713807
 20
-48.04626123381458
 10
127.25337694840412
 20
-48.04820716575628
 10
127.19322797151204
 20
-48.124504136596414
 10
127.19169343584647
 20
-48.12640252049124
 10
127.19011302056683
 20
-48.12826288300025
 10
127.18848766738914
 20
-48.13008411559628
 10
127.18681834480645
 20
-48.1318651330684
 10
127.18510604751167
 20
-48.13360487416849
 10
127.18335179580487
 20
-48.13530230224362
 10
127.18155663498536
 20
-48.13695640585379
 10
127.17972163472879
 20
-48.13856619937454
 10
127.1778478884498
 20
-48.140130723584335
 10
127.17593651265048
 20
-48.141649046236076
 10
127.17398864625504
 20
-48.143120262612605
 10
127.17200544993123
 20
-48.144543496065815
 10
127.16998810539874
 20
-48.145917898539
 10
127.16793781472498
 20
-48.14724265107216
 10
127.14292093836679
 20
-48.1629773304127
 10
127.14181135162856
 20
-48.16404449112495
 10
127.14000090390907
 20
-48.16570212143127
 10
127.13815031515291
 20
-48.1673148149648
 10
127.13626070042496
 20
-48.168881600003466
 10
127.13433319830501
 20
-48.170401532487205
 10
127.13236897020181
 20
-48.171873696586765
 10
127.13036919965312
 20
-48.173297205255544
 10
127.12833509161273
 20
-48.17467120076408
 10
127.1262678717243
 20
-48.175994855216864
 10
127.12416878558292
 20
-48.17726737105118
 10
127.1220390979846
 20
-48.178487981517705
 10
127.11602698068663
 20
-48.181836419440835
 10
126.94393639256796
 20
-48.299721814179755
 10
126.79972182629224
 20
-48.443936378027416
 10
126.68445926680803
 20
-48.61219811431534
 10
126.60207916896312
 20
-48.79876932824245
 10
126.55511867899409
 20
-48.9984350684682
 10
126.54949989258381
 20
-49.07937095690201
  0
LWPOLYLINE
  5
35
330
17
100
AcDbEntity
  8
0
100
AcDbPolyline
 90
76
 70
0
 10
132.3739490830769
 20
-49.85394889249999
 10
132.3714949606781
 20
-49.85391877396305
 10
132.36904231656075
 20
-49.85382843732512
 10
132.36659262810562
 20
-49.853677937001606
 10
132.36414737091314
 20
-49.85346736364825
 10
132.36170801791448
 20
-49.85319684410655
 10
132.35927603848438
 20
-49.852866541327316
 10
132.35685289755594
 20
-49.85247665427255
 10
132.35444005473838
 20
-49.85202741779559
 10
132.35203896343765
 20
-49.85151910249964
 10
132.34965106998106
 20
-49.85095201457474
 10
132.34727781274606
 20
-49.850326495613395
 10
132.34492062129374
 20
-49.84964292240475
 10
132.34258091550777
 20
-49.84890170670766
 10
132.34026010473912
 20
-49.848103295002645
 10
132.33795958695714
 20
-49.84724816822296
 10
132.33568074790742
 20
-49.84633684146489
 10
132.33342496027709
 20
-49.84536986367748
 10
132.33119358286797
 20
-49.84434781733187
 10
132.3289879597781
 20
-49.84327131807042
 10
132.32680941959202
 20
-49.8421410143359
 10
132.32465927458068
 20
-49.84095758698086
 10
132.32253881991068
 20
-49.83972174885755
 10
132.3204493328644
 20
-49.83843424438847
 10
132.3183920720704
 20
-49.83709584911801
 10
132.3163682767454
 20
-49.83570736924525
 10
132.31437916594777
 20
-49.83426964113837
 10
132.31242593784324
 20
-49.832783530830845
 10
132.31050976898308
 20
-49.831249933499755
 10
132.30863181359558
 20
-49.829669772926586
 10
132.30679320289053
 20
-49.828044000940785
 10
132.30499504437807
 20
-49.82637359684639
 10
132.3032384212014
 20
-49.82465956683214
 10
132.30152439148443
 20
-49.82290294336541
 10
132.29985398769435
 20
-49.82110478457027
 10
132.29822821601968
 20
-49.819266173590094
 10
132.29664805576434
 20
-49.81738821793516
 10
132.29511445875752
 20
-49.81547204881548
 10
132.29362834878054
 20
-49.81351882045944
 10
132.2921906210103
 20
-49.811529709418515
 10
132.29080214148001
 20
-49.809505913858544
 10
132.2894637465577
 20
-49.807448652838055
 10
132.2881762424422
 20
-49.805359165573876
 10
132.28694040467775
 20
-49.80323871069474
 10
132.2857569776866
 20
-49.80108856548311
 10
132.28462667432075
 20
-49.798910025105776
 10
132.28355017543257
 20
-49.79670440183372
 10
132.28252812946457
 20
-49.79447302425164
 10
132.28156115205888
 20
-49.79221723645766
 10
132.28064982568648
 20
-49.78993839725371
 10
132.2797946992961
 20
-49.78763787932702
 10
132.27899628798386
 20
-49.78531706842327
 10
132.27825507268273
 20
-49.782977362511865
 10
132.27757149987298
 20
-49.78062017094385
 10
132.27694598131325
 20
-49.778246913602985
 10
132.27637889379247
 20
-49.77585902005044
 10
132.27587057890284
 20
-49.773457928663696
 10
132.27542134283422
 20
-49.771045085770105
 10
132.27503145618954
 20
-49.76862194477569
 10
132.27470115382187
 20
-49.76618996528967
 10
132.27443063469298
 20
-49.763750612245225
 10
132.27422006175343
 20
-49.76130535501711
 10
132.27406956184447
 20
-49.75885566653652
 10
132.27397922562162
 20
-49.75640302240389
 10
132.2739491075
 20
-49.7539489
 10
132.2739491075
 20
-49.203948980499966
 10
131.9739498384176
 20
-49.2039489145
 10
131.97394890098087
 20
-49.79642105474465
 10
131.97843438738295
 20
-49.838142879668716
 10
131.9999462827531
 20
-49.8958210653078
 10
132.23207557795718
 20
-50.127950372925234
 10
132.28974930522656
 20
-50.14946181192351
 10
132.33147638232217
 20
-50.153948114516766
 10
132.9239482241863
 20
-50.15394896410328
 10
132.9239488866714
 20
-49.853948985576885
 10
132.3739490830769
 20
-49.85394889249999
  0
LWPOLYLINE
  5
36
330
17
100
AcDbEntity
  8
0
100
AcDbPolyline
 90
56
 70
0
 10
127.89853037572371
 20
-46.36355603584636
 10
128.12335117004878
 20
-46.588376941237264
 10
128.13196369193705
 20
-46.58430353078676
 10
128.13419505098997
 20
-46.58328149520552
 10
128.1364508198007
 20
-46.58231452725113
 10
128.13872963960225
 20
-46.58140320937877
 10
128.14103013774272
 20
-46.580548090522655
 10
128.2195690703265
 20
-46.552446411072715
 10
128.22188988145152
 20
-46.551647999590934
 10
128.22422958759026
 20
-46.55090678413193
 10
128.22658677939123
 20
-46.550223211176196
 10
128.22896003697022
 20
-46.549597692482514
 10
128.30987522938472
 20
-46.52932949187651
 10
128.3122631231801
 20
-46.52876240423396
 10
128.31466421481394
 20
-46.52825408923492
 10
128.31707705795844
 20
-46.52780485306934
 10
128.31950019920708
 20
-46.5274149663403
 10
128.40201239391706
 20
-46.51517543842971
 10
128.4044443736602
 20
-46.514845135990385
 10
128.4068837269641
 20
-46.51457461680262
 10
128.40932898445365
 20
-46.51436404381706
 10
128.41177867319712
 20
-46.514213543874995
 10
128.4950932326613
 20
-46.5101205620045
 10
128.49754587705777
 20
-46.51003022576147
 10
128.499999999726
 20
-46.510000107632635
 10
128.50245412239423
 20
-46.51003022576005
 10
128.50490676679075
 20
-46.510120562001674
 10
128.58822132625738
 20
-46.51421354382411
 10
128.59067101500094
 20
-46.514364043764765
 10
128.5931162724906
 20
-46.51457461674892
 10
128.5955556257947
 20
-46.514845135935275
 10
128.597987605538
 20
-46.51517543837319
 10
128.68049980025478
 20
-46.52741496623615
 10
128.68292294150365
 20
-46.5278048529638
 10
128.68533578464837
 20
-46.52825408912798
 10
128.68773687628251
 20
-46.52876240412562
 10
128.6901247700782
 20
-46.5293294917668
 10
128.77103996250474
 20
-46.5495976923262
 10
128.7734132200841
 20
-46.55022321101851
 10
128.77577041188547
 20
-46.55090678397289
 10
128.77811011802467
 20
-46.55164799943055
 10
128.78043092915019
 20
-46.552446410911
 10
128.85896986175027
 20
-46.58054809031571
 10
128.86127037989195
 20
-46.581403216885626
 10
128.86354921930402
 20
-46.58231454344884
 10
128.86580500729883
 20
-46.58328152105629
 10
128.86803638507402
 20
-46.58430356723685
 10
128.87664708857588
 20
-46.58837612668571
 10
129.10146867386874
 20
-46.36355567174573
 10
128.97983823829253
 20
-46.301581492810435
 10
128.792705996383
 20
-46.24077846668655
 10
128.5983855340419
 20
-46.20999989380424
 10
128.4016134818919
 20
-46.20999989255016
 10
128.20729285219133
 20
-46.24077848940155
 10
128.02017041687944
 20
-46.3015776313936
 10
127.89853037572371
 20
-46.36355603584636
  0
LWPOLYLINE
  5
37
330
17
100
AcDbEntity
  8
0
100
AcDbPolyline
 90
582
 70
0
 10
127.65000009243477
 20
-50.9999998875
 10
128.22667727416444
 20
-50.99999991658464
 10
130.86333867714492
 20
-53.63666131955678
 10
130.86597361241044
 20
-53.639232364624085
 10
130.8686708506877
 20
-53.64173797079176
 10
130.92323324930425
 20
-53.69119044628027
 10
130.9259911658592
 20
-53.69362910424886
 10
130.92880809944373
 20
-53.695999345078846
 10
130.9316823532424
 20
-53.69829974102578
 10
130.9346121959122
 20
-53.70052890641715
 10
130.99375904982284
 20
-53.744395202900314
 10
130.9967427165361
 20
-53.74655179497028
 10
130.99977841004355
 20
-53.748634514668375
 10
131.00286430175694
 20
-53.75064210744215
 10
131.00599853285047
 20
-53.752573363992774
 10
131.06916022743079
 20
-53.79043102678842
 10
131.07234090996084
 20
-53.79228478379916
 10
131.0755661280032
 20
-53.79405992463612
 10
131.07883393880715
 20
-53.795755380020836
 10
131.0821423739656
 20
-53.79737012867438
 10
131.14871062756967
 20
-53.82885456779509
 10
131.15205769420504
 20
-53.83038763705325
 10
131.1554413761695
 20
-53.831838103452434
 10
131.1588596352596
 20
-53.83320509328591
 10
131.16231041244387
 20
-53.834487783130136
 10
131.23164413639947
 20
-53.85929578621596
 10
131.23512535305878
 20
-53.86049340342653
 10
131.23863491223835
 20
-53.861605226603615
 10
131.24217069991101
 20
-53.862630586026505
 10
131.24573058625043
 20
-53.86356886405702
 10
131.31716205889424
 20
-53.88146151647673
 10
131.32074389955798
 20
-53.88231214793127
 10
131.32434553697917
 20
-53.883074620421255
 10
131.32796480166616
 20
-53.88374847466177
 10
131.33159951350916
 20
-53.884333304748225
 10
131.40444081071075
 20
-53.89513829047789
 10
131.40808878028622
 20
-53.89563374412937
 10
131.41174781020274
 20
-53.89603952290471
 10
131.41541569639747
 20
-53.89635538237794
 10
131.41909022947297
 20
-53.896581132287125
 10
131.4926398520539
 20
-53.90019439354023
 10
131.496318818612
 20
-53.90032989790215
 10
131.50000000257765
 20
-53.9003750750938
 10
135.4999999976679
 20
-53.90037507508778
 10
135.50368118166395
 20
-53.90032989789537
 10
135.5073601482524
 20
-53.90019439353121
 10
135.5809097710761
 20
-53.896581132236065
 10
135.58458430416067
 20
-53.8963553823247
 10
135.58825219036441
 20
-53.89603952284885
 10
135.5919112202898
 20
-53.895633744070444
 10
135.59555918987408
 20
-53.89513829041545
 10
135.66840048706888
 20
-53.884333304638155
 10
135.67203519891154
 20
-53.88374847454933
 10
135.67565446359808
 20
-53.88307462030644
 10
135.67925610101878
 20
-53.8823121478141
 10
135.68283794168198
 20
-53.88146151635722
 10
135.75426941431374
 20
-53.863568863890904
 10
135.75782930065253
 20
-53.862630585858064
 10
135.76136508832445
 20
-53.86160522643287
 10
135.7648746475033
 20
-53.86049340325351
 10
135.7683558641618
 20
-53.85929578604067
 10
135.83768958810109
 20
-53.83448778290961
 10
135.84114036528453
 20
-53.83320509306313
 10
135.84455862437375
 20
-53.83183810322741
 10
135.84794230633727
 20
-53.83038763682601
 10
135.85128937297165
 20
-53.828854567565664
 10
135.91785762655533
 20
-53.79737012840137
 10
135.92116606171274
 20
-53.795755379745664
 10
135.92443387251558
 20
-53.79405992435881
 10
135.9276590905568
 20
-53.79228478351974
 10
135.93083977308564
 20
-53.79043102650692
 10
135.99400146764154
 20
-53.75257336366982
 10
135.9971356987338
 20
-53.75064210711714
 10
136.0002215904459
 20
-53.74863451434134
 10
136.003257283952
 20
-53.746551794641256
 10
136.00624095066385
 20
-53.744395202569336
 10
136.06538780454565
 20
-53.70052890604764
 10
136.06831764720675
 20
-53.69829974066
 10
136.07119190099695
 20
-53.69599934471719
 10
136.07400883457328
 20
-53.6936291038917
 10
136.0767667511203
 20
-53.69119044592798
 10
136.13132914953516
 20
-53.64173797058164
 10
136.13402638778936
 20
-53.63923236443381
 10
136.13666132303288
 20
-53.63666131938744
 10
138.13666131955736
 20
-51.63666132285443
 10
138.1392323646246
 20
-51.63402638758895
 10
138.14173797079224
 20
-51.631329149311775
 10
138.1911904462804
 20
-51.576766750695654
 10
138.193629104249
 20
-51.57400883414068
 10
138.19599934507903
 20
-51.57119190055611
 10
138.19829974102598
 20
-51.56831764675741
 10
138.2005289064174
 20
-51.565387804087585
 10
138.24439520290045
 20
-51.506240950176995
 10
138.24655179497037
 20
-51.503257283463746
 10
138.24863451466845
 20
-51.50022158995631
 10
138.25064210744222
 20
-51.49713569824295
 10
138.25257336399284
 20
-51.49400146714944
 10
138.2904310267883
 20
-51.43083977256942
 10
138.29228478379903
 20
-51.42765909003936
 10
138.294059924636
 20
-51.42443387199699
 10
138.29575538002072
 20
-51.421166061193055
 10
138.29737012867426
 20
-51.41785762603459
 10
138.3288545677953
 20
-51.351289372429825
 10
138.3303876370535
 20
-51.34794230579441
 10
138.33183810345267
 20
-51.34455862382989
 10
138.33320509328618
 20
-51.34114036473974
 10
138.3344877831304
 20
-51.33768958755544
 10
138.3592957862162
 20
-51.26835586359968
 10
138.36049340342674
 20
-51.26487464694044
 10
138.36160522660379
 20
-51.26136508776092
 10
138.36263058602665
 20
-51.25782930008835
 10
138.36356886405716
 20
-51.25426941374901
 10
138.38146151647666
 20
-51.182837941106214
 10
138.3823121479312
 20
-51.17925610044245
 10
138.3830746204212
 20
-51.17565446302122
 10
138.38374847466173
 20
-51.172035198334214
 10
138.3843333047482
 20
-51.168400486491166
 10
138.3951382904779
 20
-51.095559189289304
 10
138.39563374412936
 20
-51.09191121971383
 10
138.3960395229047
 20
-51.08825218979733
 10
138.39635538237792
 20
-51.0845843036026
 10
138.3965811322871
 20
-51.08090977052711
 10
138.40019439354023
 20
-51.007360147945725
 10
138.40032989790217
 20
-51.003681181386774
 10
138.4003750750938
 20
-50.999999997420254
 10
138.40037507508777
 20
-50.540000002330146
 10
138.40032989789535
 20
-50.53631881833495
 10
138.4001943935312
 20
-50.53263985174737
 10
138.39658113223604
 20
-50.4590902289238
 10
138.39635538232469
 20
-50.455415695839264
 10
138.39603952284884
 20
-50.45174780963556
 10
138.39563374407044
 20
-50.44808877971019
 10
138.39513829041545
 20
-50.44444081012595
 10
138.38433330463823
 20
-50.37159951293147
 10
138.3837484745494
 20
-50.36796480108878
 10
138.3830746203065
 20
-50.3643455364022
 10
138.38231214781416
 20
-50.36074389898144
 10
138.38146151635726
 20
-50.35716205831822
 10
138.36356886389072
 20
-50.28573058568572
 10
138.3626305858579
 20
-50.282170699346956
 10
138.3616052264327
 20
-50.27863491167502
 10
138.36049340325334
 20
-50.2751253524962
 10
138.3592957860405
 20
-50.27164413583771
 10
138.33448778290946
 20
-50.20231041189855
 10
138.333205093063
 20
-50.1988596347151
 10
138.33183810322726
 20
-50.19544137562587
 10
138.33038763682586
 20
-50.19205769366231
 10
138.3288545675655
 20
-50.18871062702792
 10
138.29737012840124
 20
-50.122142373444454
 10
138.29575537974554
 20
-50.11883393828706
 10
138.2940599243587
 20
-50.11556612748425
 10
138.29228478351965
 20
-50.112340909443056
 10
138.29043102650684
 20
-50.10916022691422
 10
138.2525733636698
 20
-50.04599853235843
 10
138.2506421071171
 20
-50.04286430126615
 10
138.24863451434132
 20
-50.03977840955407
 10
138.24655179464122
 20
-50.03674271604797
 10
138.2443952025693
 20
-50.03375904933611
 10
138.20052890604757
 20
-49.974612195454256
 10
138.19829974065993
 20
-49.97168235279315
 10
138.1959993447171
 20
-49.96880809900294
 10
138.19362910389162
 20
-49.965991165426615
 10
138.1911904459279
 20
-49.96323324887961
 10
138.14173797058123
 20
-49.908670850464404
 10
138.13923236486224
 20
-49.90597361266062
 10
138.13666132026654
 20
-49.90333867784621
 10
136.831103991238
 20
-48.59778132717205
 10
136.8206998821101
 20
-48.556245795313124
 10
136.81976160407754
 20
-48.552685908974794
 10
136.81873624465265
 20
-48.54915012130328
 10
136.8176244214736
 20
-48.545640562124866
 10
136.8164268042611
 20
-48.54215934546677
 10
136.78667208465015
 20
-48.45900047512762
 10
136.78538939480384
 20
-48.45554969794411
 10
136.7840224049683
 20
-48.452131438854806
 10
136.7825719385671
 20
-48.44874775689118
 10
136.7810388693069
 20
-48.44540069025671
 10
136.7432764321399
 20
-48.36555872513535
 10
136.74166168348438
 20
-48.362250289977865
 10
136.73996622809773
 20
-48.358982479174955
 10
136.73819108725883
 20
-48.355757261133654
 10
136.7363373302462
 20
-48.35257657860472
 10
136.6909308484362
 20
-48.27682044047139
 10
136.68899959188371
 20
-48.273686209379
 10
136.68699199910807
 20
-48.27060031766682
 10
136.68490927940815
 20
-48.267564624160606
 10
136.6827526873364
 20
-48.26458095744863
 10
136.63013945012486
 20
-48.193640219326056
 10
136.62791028473174
 20
-48.19071037665761
 10
136.6256098887831
 20
-48.187836122860325
 10
136.6232396479514
 20
-48.18501918927722
 10
136.62080098998118
 20
-48.18226127272374
 10
136.56148769160416
 20
-48.11681913270054
 10
136.55898208545167
 20
-48.114121894442476
 10
136.55641104040046
 20
-48.11148695919532
 10
136.5537761051519
 20
-48.10891591414554
 10
136.55107886689248
 20
-48.106410307994544
 10
136.48563672683656
 20
-48.04709700965279
 10
136.48287881028173
 20
-48.044658351684035
 10
136.48006187669733
 20
-48.04228811085389
 10
136.47718762289878
 20
-48.03998771490679
 10
136.4742577802291
 20
-48.03775854951526
 10
136.40331704207773
 20
-47.985145312342304
 10
136.4003333753646
 20
-47.98298872027218
 10
136.39729768185725
 20
-47.980906000573924
 10
136.394211790144
 20
-47.97889840779998
 10
136.39107755905056
 20
-47.97696715124919
 10
136.3153214208927
 20
-47.93156066948061
 10
136.31214073836276
 20
-47.92970691246969
 10
136.30891552032048
 20
-47.92793177163256
 10
136.30564770951662
 20
-47.92623631624767
 10
136.30233927435825
 20
-47.924621567593945
 10
136.2224973092163
 20
-47.88685913047046
 10
136.219150242581
 20
-47.88532606121211
 10
136.2157665606166
 20
-47.88387559481274
 10
136.2123483015266
 20
-47.88250860497907
 10
136.20889752434238
 20
-47.88122591513467
 10
136.1257386539868
 20
-47.85147119556892
 10
136.12225743732753
 20
-47.850273578358156
 10
136.118747878148
 20
-47.84916175518088
 10
136.11521209047544
 20
-47.8481363957578
 10
136.11165220413608
 20
-47.84719811772709
 10
136.0259772939476
 20
-47.82573766993414
 10
136.0223954532839
 20
-47.82488703847941
 10
136.01879381586275
 20
-47.82412456598924
 10
136.01517455117582
 20
-47.82345071174852
 10
136.01153983933284
 20
-47.822865881661876
 10
135.92417398553175
 20
-47.80990638148546
 10
135.9205260159472
 20
-47.80941092783265
 10
135.91686698602152
 20
-47.80900514905644
 10
135.9131990998176
 20
-47.80868928958278
 10
135.9095245667329
 20
-47.808463539673625
 10
135.8213091502498
 20
-47.8041297941848
 10
135.81763018368565
 20
-47.80399428982344
 10
135.81394899971397
 20
-47.80394911263264
 10
135.81026781574232
 20
-47.80399428982545
 10
135.80658884917827
 20
-47.80412979418881
 10
135.7183734326976
 20
-47.808463539725686
 10
135.71469889961304
 20
-47.808689289636845
 10
135.71103101340927
 20
-47.8090051491125
 10
135.70737198348385
 20
-47.80941092789071
 10
135.70372401389955
 20
-47.8099063815455
 10
135.61635816010525
 20
-47.82286588176955
 10
135.61272344826259
 20
-47.823450711858186
 10
135.60910418357602
 20
-47.82412456610087
 10
135.60550254615526
 20
-47.82488703859301
 10
135.60192070549203
 20
-47.8257376700497
 10
135.5162457953156
 20
-47.84719811788925
 10
135.51268590897675
 20
-47.84813639592189
 10
135.50915012130474
 20
-47.84916175534689
 10
135.50564056212585
 20
-47.85027357852607
 10
135.50215934546728
 20
-47.85147119573872
 10
135.419000475128
 20
-47.8812259153497
 10
135.4155496979445
 20
-47.882508605196
 10
135.4121314388552
 20
-47.88387559503153
 10
135.4087477568916
 20
-47.88532606143275
 10
135.40540069025712
 20
-47.886859130692926
 10
135.32555872513555
 20
-47.924621567859994
 10
135.32225028997806
 20
-47.926236316515514
 10
135.31898247917513
 20
-47.92793177190219
 10
135.31575726113383
 20
-47.92970691274108
 10
135.31257657860488
 20
-47.93156066975373
 10
135.23682044047143
 20
-47.97696715156377
 10
135.23368620937904
 20
-47.97889840811628
 10
135.23060031766687
 20
-47.980906000891906
 10
135.22756462416064
 20
-47.98298872059183
 10
135.22458095744867
 20
-47.985145312663576
 10
135.15364021932615
 20
-48.03775854987507
 10
135.15071037665768
 20
-48.039987715268204
 10
135.1478361228604
 20
-48.042288111216855
 10
135.1450191892773
 20
-48.044658352048536
 10
135.1422612727238
 20
-48.047097010018774
 10
135.0768191327005
 20
-48.106410308395894
 10
135.07412189444244
 20
-48.10891591454836
 10
135.0714869591953
 20
-48.11148695959956
 10
135.06891591414555
 20
-48.11412189484811
 10
135.06641030799454
 20
-48.116819133107526
 10
135.00709700965265
 20
-48.182261273163576
 10
135.0046583516839
 20
-48.18501918971842
 10
135.00228811085373
 20
-48.187836123302844
 10
134.99998771490664
 20
-48.19071037710142
 10
134.99775854951508
 20
-48.19364021977111
 10
134.94514531234222
 20
-48.26458095792241
 10
134.9429887202721
 20
-48.26756462463554
 10
134.94090600057385
 20
-48.27060031814286
 10
134.93889840779994
 20
-48.27368620985612
 10
134.93696715124915
 20
-48.27682044094954
 10
134.89156066948075
 20
-48.3525765791071
 10
134.88970691246982
 20
-48.35575726163705
 10
134.88793177163268
 20
-48.358982479679334
 10
134.8862363162478
 20
-48.36225029048318
 10
134.88462156759408
 20
-48.36555872564157
 10
134.84685913047028
 20
-48.44540069078423
 10
134.84532606121192
 20
-48.44874775741955
 10
134.84387559481254
 20
-48.452131439383976
 10
134.84250860497886
 20
-48.45554969847404
 10
134.84122591513443
 20
-48.459000475658264
 10
134.8114711955687
 20
-48.54215934601402
 10
134.810273578358
 20
-48.545640562673206
 10
134.80916175518072
 20
-48.54915012185267
 10
134.80813639575766
 20
-48.552685909525195
 10
134.80719811772695
 20
-48.5562457958645
 10
134.7857376699342
 20
-48.641920706051955
 10
134.78488703847947
 20
-48.645502546715676
 10
134.7841245659893
 20
-48.649104184136874
 10
134.78345071174857
 20
-48.652723448823835
 10
134.7828658816619
 20
-48.656358160666855
 10
134.76990638148547
 20
-48.74372401446824
 10
134.76941092783267
 20
-48.7473719840528
 10
134.76900514905645
 20
-48.75103101397843
 10
134.76868928958282
 20
-48.75469890018233
 10
134.76846353967366
 20
-48.75837343326702
 10
134.7641297941848
 20
-48.846588849750326
 10
134.76399428982344
 20
-48.85026781631448
 10
134.76394911263264
 20
-48.85394900028618
 10
134.76399428982546
 20
-48.85763018425786
 10
134.76412979418882
 20
-48.86130915082193
 10
134.76846353972573
 20
-48.94952456730249
 10
134.76868928963688
 20
-48.95319910038703
 10
134.76900514911253
 20
-48.95686698659074
 10
134.76941092789073
 20
-48.960526016516134
 10
134.76990638154552
 20
-48.9641739861004
 10
134.78286588176948
 20
-49.0515398398944
 10
134.7834507118581
 20
-49.055174551737124
 10
134.78412456610081
 20
-49.05879381642374
 10
134.78488703859296
 20
-49.06239545384453
 10
134.78573767004966
 20
-49.0659772945078
 10
134.80719811788944
 20
-49.151652204684964
 10
134.8081363959221
 20
-49.155212091023785
 10
134.80916175534708
 20
-49.15874787869578
 10
134.81027357852628
 20
-49.16225743787466
 10
134.8114711957389
 20
-49.16573865453322
 10
134.84122591534987
 20
-49.248897524872376
 10
134.84250860519617
 20
-49.252348302055886
 10
134.8438755950317
 20
-49.25576656114519
 10
134.84532606143293
 20
-49.25915024310881
 10
134.8468591306931
 20
-49.262497309743274
 10
134.8846215678601
 20
-49.34233927486464
 10
134.88623631651564
 20
-49.345647710022135
 10
134.8879317719023
 20
-49.348915520825045
 10
134.8897069127412
 20
-49.352140738866346
 10
134.89156066975383
 20
-49.35532142139528
 10
134.9369671515638
 20
-49.43107755952861
 10
134.9388984081163
 20
-49.434211790621
 10
134.94090600089194
 20
-49.43729768233318
 10
134.94298872059187
 20
-49.440333375839394
 10
134.9451453126636
 20
-49.44331704255137
 10
134.99775854987516
 20
-49.514257780673944
 10
134.99998771526828
 20
-49.51718762334239
 10
135.00228811121693
 20
-49.520061877139675
 10
135.0046583520486
 20
-49.52287881072278
 10
135.00709701001884
 20
-49.52563672727626
 10
135.06641030839586
 20
-49.59107886729946
 10
135.06891591454834
 20
-49.593776105557524
 10
135.07148695959955
 20
-49.59641104080468
 10
135.0741218948481
 20
-49.59898208585446
 10
135.07681913310753
 20
-49.601487692005456
 10
135.14226127316346
 20
-49.66080099034721
 10
135.14501918971828
 20
-49.663239648315965
 10
135.14783612330268
 20
-49.66560988914611
 10
135.15071037710123
 20
-49.66791028509321
 10
135.15364021977092
 20
-49.67013945048474
 10
135.22458095792229
 20
-49.722752687657696
 10
135.22756462463542
 20
-49.72490927972782
 10
135.23060031814276
 20
-49.726991999426076
 10
135.23368620985602
 20
-49.72899959220002
 10
135.23682044094946
 20
-49.73093084875081
 10
135.31257657910731
 20
-49.77633733051939
 10
135.31575726163726
 20
-49.77819108753031
 10
135.31898247967953
 20
-49.77996622836744
 10
135.3222502904834
 20
-49.78166168375233
 10
135.32555872564177
 20
-49.783276432406055
 10
135.40540069078372
 20
-49.82103886952954
 10
135.408747757419
 20
-49.82257193878789
 10
135.41213143938342
 20
-49.82402240518726
 10
135.41554969847343
 20
-49.82538939502093
 10
135.41900047565764
 20
-49.82667208486533
 10
135.50215934601323
 20
-49.85642680443108
 10
135.50564055605474
 20
-49.85762441945565
 10
135.50915010851324
 20
-49.85873624077285
 10
135.51268588937353
 20
-49.85976159866565
 10
135.51624576882148
 20
-49.86069987549913
 10
135.55778136110737
 20
-49.871104007942385
 10
136.45667728614112
 20
-50.77000006817235
 10
135.12705238905542
 20
-52.09962492431367
 10
131.8729475365143
 20
-52.09962489328047
 10
129.49999988747612
 20
-49.726677200305744
 10
129.4999998872545
 20
-49.15000009994235
 10
129.49995471006127
 20
-49.146318915971264
 10
129.49981920569755
 20
-49.14263994940778
 10
129.49959345578606
 20
-49.1389654163238
 10
129.4992775963101
 20
-49.13529753012065
 10
129.4988718175316
 20
-49.13163850019583
 10
129.49837636387653
 20
-49.12799053061214
 10
129.49779153378768
 20
-49.124355818770056
 10
129.4971176795448
 20
-49.12073655408408
 10
129.4963552070525
 20
-49.11713491666393
 10
129.49550457559565
 20
-49.113553076001295
 10
129.4945662975629
 20
-49.10999318966308
 10
129.49354093813778
 20
-49.10645740199168
 10
129.49242911495855
 20
-49.10294784281339
 10
129.49123149774587
 20
-49.099466626155426
 10
129.4899488078996
 20
-49.09601584897253
 10
129.48858181806406
 20
-49.09259758988383
 10
129.48713135166292
 20
-49.08921390792081
 10
129.48559828240283
 20
-49.085866841286936
 10
129.4839835337474
 20
-49.082558406130005
 10
129.48228807836085
 20
-49.079290595327635
 10
129.48051293752212
 20
-49.076065377286874
 10
129.47865918050965
 20
-49.072884694758464
 10
129.47672792395736
 20
-49.06975046366663
 10
129.47472033118197
 20
-49.06666457195498
 10
129.47263761148233
 20
-49.063628878449286
 10
129.47048101941087
 20
-49.060645211737814
 10
129.46825185401804
 20
-49.057715369069825
 10
129.4659514580697
 20
-49.05484111527298
 10
129.46358121723836
 20
-49.05202418169029
 10
129.46114255926847
 20
-49.04926626513722
 10
129.45863695311638
 20
-49.046569026879574
 10
129.4560659080656
 20
-49.04393409163281
 10
129.4534309728175
 20
-49.04136304658341
 10
129.45073373455853
 20
-49.03885744043277
 10
129.44797581800415
 20
-49.03641878246434
 10
129.4451588844202
 20
-49.03404854163449
 10
129.44228463062214
 20
-49.03174814568767
 10
129.43935478795296
 20
-49.02951898029639
 10
129.43637112124037
 20
-49.02736238822651
 10
129.43333542773357
 20
-49.025279668528455
 10
129.43024953602085
 20
-49.023272075754704
 10
129.427115304928
 20
-49.02134081920407
 10
129.4239346223986
 20
-49.019487062193285
 10
129.42070940435693
 20
-49.01771192135625
 10
129.41744159355366
 20
-49.01601646597143
 10
129.41413315839586
 20
-49.01440171731776
 10
129.4107860917612
 20
-49.01286864805944
 10
129.40740240979738
 20
-49.01141818166007
 10
129.40398415070797
 20
-49.01005119182637
 10
129.4005333735244
 20
-49.0087685019819
 10
129.3970521568658
 20
-49.007570884771056
 10
129.39354259768692
 20
-49.006459061593674
 10
129.390006810015
 20
-49.00543370217046
 10
129.38644692367626
 20
-49.00449542413958
 10
129.3828650830132
 20
-49.00364479268464
 10
129.37926344559264
 20
-49.002882320194225
 10
129.3756441809063
 20
-49.00220846595325
 10
129.3720094690639
 20
-49.001623635866316
 10
129.36836149947996
 20
-49.00112818221319
 10
129.3647024695549
 20
-49.00072240343663
 10
129.3610345833516
 20
-49.00040654396261
 10
129.35736005026752
 20
-49.00018079405305
 10
129.35368108370395
 20
-49.00004528969126
 10
129.34999989973284
 20
-49.0000001125
 10
127.65000009997833
 20
-49.00000011274556
 10
127.646318916007
 20
-49.000045289937894
 10
127.64263994944326
 20
-49.00018079430076
 10
127.63896541635901
 20
-49.00040654421141
 10
127.63529753015555
 20
-49.00072240368653
 10
127.63163850023042
 20
-49.00112818246419
 10
127.6279905306464
 20
-49.00162363611843
 10
127.62435581880396
 20
-49.00220846620649
 10
127.62073655411761
 20
-49.00288232044859
 10
127.61713491669707
 20
-49.00364479294014
 10
127.61355307603402
 20
-49.00449542439622
 10
127.60999318969537
 20
-49.005433702428235
 10
127.60645740202354
 20
-49.006459061852595
 10
127.60294784284478
 20
-49.00757088503113
 10
127.59946662618634
 20
-49.008768502243115
 10
127.59601584900295
 20
-49.01005119208873
 10
127.59259758991377
 20
-49.01141818192358
 10
127.58921390795022
 20
-49.0128686483241
 10
127.58586684131582
 20
-49.014401717583574
 10
127.58255840615834
 20
-49.01601646623839
 10
127.57929059535542
 20
-49.01771192162435
 10
127.5760653773141
 20
-49.019487062462524
 10
127.5728846947851
 20
-49.02134081947444
 10
127.56975046369267
 20
-49.0232720760262
 10
127.56666457198043
 20
-49.025279668801076
 10
127.56362887847413
 20
-49.02736238850024
 10
127.56064521176204
 20
-49.029518980571225
 10
127.55771536909343
 20
-49.03174814596361
 10
127.55484111529594
 20
-49.03404854191152
 10
127.55202418171262
 20
-49.036418782742444
 10
127.5492662651589
 20
-49.038857440711936
 10
127.5465690269006
 20
-49.04136304686364
 10
127.54393409165318
 20
-49.043934091914075
 10
127.54136304660312
 20
-49.046569027161866
 10
127.53885744045182
 20
-49.04926626542053
 10
127.53641878248273
 20
-49.052024181974595
 10
127.53404854165221
 20
-49.05484111555826
 10
127.53174814570471
 20
-49.057715369356075
 10
127.52951898031276
 20
-49.06064521202501
 10
127.5273623882422
 20
-49.06362887873741
 10
127.52527966854348
 20
-49.06666457224401
 10
127.52327207576904
 20
-49.069750463956545
 10
127.52134081921774
 20
-49.072884695049254
 10
127.51948706220628
 20
-49.07606537757851
 10
127.51771192136857
 20
-49.079290595620094
 10
127.51601646598309
 20
-49.08255840642326
 10
127.51440171732874
 20
-49.085866841580966
 10
127.51286864806976
 20
-49.08921390821559
 10
127.51141818166973
 20
-49.092597590179345
 10
127.51005119183537
 20
-49.09601584926874
 10
127.50876850199025
 20
-49.09946662645232
 10
127.50757088477876
 20
-49.10294784311093
 10
127.50645906160074
 20
-49.10645740228984
 10
127.50543370217689
 20
-49.10999318996183
 10
127.50449542414539
 20
-49.11355307630061
 10
127.50364479268983
 20
-49.11713491696377
 10
127.50288232019881
 20
-49.12073655438443
 10
127.50220846595722
 20
-49.12435581907088
 10
127.50162363586969
 20
-49.1279905309134
 10
127.50112818221598
 20
-49.131638500497495
 10
127.50072240343884
 20
-49.13529753042269
 10
127.50040654396425
 20
-49.138965416626185
 10
127.50018079405413
 20
-49.14263994971047
 10
127.5000452896918
 20
-49.14631891627423
 10
127.5000001125
 20
-49.15000010024556
 10
127.5000001125
 20
-50.8499999
 10
127.5000452896889
 20
-50.8536810838535
 10
127.50018079404256
 20
-50.85736005029964
 10
127.50040654393824
 20
-50.861034583266736
 10
127.50072240339263
 20
-50.86470246935367
 10
127.50112818214384
 20
-50.86836149916316
 10
127.50162363576592
 20
-50.87200946863261
 10
127.50220846581617
 20
-50.87564418036175
 10
127.50288232001485
 20
-50.879263444936306
 10
127.50364479245741
 20
-50.88286508224675
 10
127.50449542385898
 20
-50.886446922801596
 10
127.50543370183108
 20
-50.890006809034155
 10
127.50645906119016
 20
-50.89354259660221
 10
127.50757088429812
 20
-50.89705215567968
 10
127.50876850143433
 20
-50.90053337223955
 10
127.51005119119907
 20
-50.90398414932727
 10
127.51141818094803
 20
-50.90740240832388
 10
127.51286864725775
 20
-50.910786090198116
 10
127.51440171642163
 20
-50.914133156746665
 10
127.51601646497618
 20
-50.917441591821934
 10
127.51771192025731
 20
-50.92070940254646
 10
127.51948706098624
 20
-50.923934620513386
 10
127.52134081788462
 20
-50.92711530297213
 10
127.52327207431868
 20
-50.93024953399864
 10
127.52527966697185
 20
-50.93333542564947
 10
127.52736238654546
 20
-50.93637111909897
 10
127.52951897848719
 20
-50.939354785759065
 10
127.53174814374678
 20
-50.94228462838063
 10
127.53404853955851
 20
-50.94515888213613
 10
127.53641878025006
 20
-50.947975815682696
 10
127.53885743807716
 20
-50.950733732205
 10
127.54136304408361
 20
-50.95343097043737
 10
127.54393408898613
 20
-50.95606590566443
 10
127.54656902408354
 20
-50.958636950699855
 10
127.54926626218953
 20
-50.96114255684234
 10
127.55202417858884
 20
-50.963581214808535
 10
127.55484111201586
 20
-50.965951455642156
 10
127.55771536565535
 20
-50.96825185159885
 10
127.56064520816449
 20
-50.97048101700621
 10
127.5636288747158
 20
-50.97263760909841
 10
127.56666456806028
 20
-50.97472032882513
 10
127.56975045960984
 20
-50.97672792163393
 10
127.57288469053894
 20
-50.978659178226074
 10
127.5760653729042
 20
-50.98051293528487
 10
127.5792905907816
 20
-50.98228807617646
 10
127.58255840142061
 20
-50.98398353162241
 10
127.58586683641444
 20
-50.985598280343815
 10
127.58921390288567
 20
-50.9871313496765
 10
127.59259758468676
 20
-50.98858181615688
 10
127.59601584361442
 20
-50.98994880607824
 10
127.59946662063744
 20
-50.99123149601702
 10
127.60294783713691
 20
-50.99242911332881
 10
127.60645739615832
 20
-50.99354093661377
 10
127.60999318367466
 20
-50.99456629615117
 10
127.61355306985989
 20
-50.99550457430281
 10
127.61713491037183
 20
-50.996355205885045
 10
127.62073654764382
 20
-50.997117678509255
 10
127.62435581218439
 20
-50.99779153289047
 10
127.62799052388404
 20
-50.99837636312403
 10
127.6316384933285
 20
-50.9988718169301
 10
127.63529752311753
 20
-50.99927759586584
 10
127.63896540918853
 20
-50.99959345550523
 10
127.64263994214424
 20
-50.99981920558623
 10
127.64631890858354
 20
-50.99995471012544
 10
127.65000009243477
 20
-50.9999998875
  0
LWPOLYLINE
  5
38
330
17
100
AcDbEntity
  8
0
100
AcDbPolyline
 90
392
 70
0
 10
122.1944491125
 20
-42.51210100163602
 10
122.19444911250268
 20
-55.195795998446094
 10
122.19452938954738
 20
-55.20070279648554
 10
122.19506238944298
 20
-55.21698779321413
 10
122.19530323283901
 20
-55.221890837469736
 10
122.21115023253375
 20
-55.4636848326483
 10
122.21140004809702
 20
-55.46694995953129
 10
122.2117210813016
 20
-55.47020885490539
 10
122.2121131791436
 20
-55.47345996558637
 10
122.21636517829927
 20
-55.50574695909328
 10
122.21682751508742
 20
-55.5089845862882
 10
122.21736032824866
 20
-55.51221136413834
 10
122.21796336449579
 20
-55.51542575870709
 10
122.26364336322963
 20
-55.745072752286816
 10
122.26431642058746
 20
-55.74827361757492
 10
122.26505911106518
 20
-55.75145904622015
 10
122.26587108152019
 20
-55.75462752357997
 10
122.27429707983607
 20
-55.7860775172526
 10
122.27517880399026
 20
-55.78923048693566
 10
122.27612913149991
 20
-55.792363462028234
 10
122.27714760964352
 20
-55.79547495002875
 10
122.35241660754856
 20
-56.017209943823936
 10
122.3535020181153
 20
-56.020296448522856
 10
122.35465448917557
 20
-56.023358545485735
 10
122.35587347242827
 20
-56.02639477788535
 10
122.36832346993268
 20
-56.05645277183225
 10
122.36960889669406
 20
-56.059462857115065
 10
122.37095969484284
 20
-56.06244417892426
 10
122.37237522122275
 20
-56.065395317761464
 10
122.47594721833596
 20
-56.27541831188345
 10
122.47742656582543
 20
-56.278337414754844
 10
122.47896924366555
 20
-56.28122354982617
 10
122.4805745175669
 20
-56.28407534334429
 10
122.49684551430231
 20
-56.31225733766854
 10
122.49851245300637
 20
-56.31507315673332
 10
122.50024041823234
 20
-56.3178519438476
 10
122.50202858765896
 20
-56.32059237661459
 10
122.54065266465979
 20
-56.37839749185455
 10
122.63211766294027
 20
-56.51528448926188
 10
122.63396564552691
 20
-56.51798591498319
 10
122.63587213036902
 20
-56.520646376618906
 10
122.63783620974745
 20
-56.523264607465016
 10
122.65766520576992
 20
-56.54910560226392
 10
122.65968530289699
 20
-56.55167955626954
 10
122.6617610627257
 20
-56.554208835368286
 10
122.66389149756031
 20
-56.55669223606921
 10
122.81826949325158
 20
-56.73272523113982
 10
122.82045374267422
 20
-56.73516173907192
 10
122.82269062137182
 20
-56.73755002090949
 10
122.82497906483687
 20
-56.7398889400938
 10
122.84800806021481
 20
-56.762917935456606
 10
122.85034697938019
 20
-56.76520637890056
 10
122.85273526119796
 20
-56.76744325757794
 10
122.8551717691094
 20
-56.76962750698125
 10
123.03120476419356
 20
-56.9240055026559
 10
123.03368859904162
 20
-56.92613630178635
 10
123.0362183279744
 20
-56.92821240679659
 10
123.03879274686986
 20
-56.93023282948441
 10
123.06463174168174
 20
-56.95005982548993
 10
123.06724940524757
 20
-56.95202344292079
 10
123.06990928036957
 20
-56.95392949126591
 10
123.07261010118863
 20
-56.95577706341929
 10
123.26729909575084
 20
-57.085865059772985
 10
123.27003944542263
 20
-57.08765319268314
 10
123.27281814763334
 20
-57.08938112487285
 10
123.27563388009895
 20
-57.09104803408158
 10
123.30382587443364
 20
-57.10732503079827
 10
123.30667810405629
 20
-57.1089305664422
 10
123.30956468606853
 20
-57.11047348666402
 10
123.3124842460775
 20
-57.11195305683072
 10
123.52249524020989
 20
-57.21551805392523
 10
123.52544518486181
 20
-57.216933008482954
 10
123.52842528837402
 20
-57.21828328730836
 10
123.53143413297596
 20
-57.21956824801249
 10
123.56150712693086
 20
-57.232025245496864
 10
123.56454435122613
 20
-57.233244692897706
 10
123.56760745837656
 20
-57.23439758403227
 10
123.57069499010012
 20
-57.23548337003291
 10
123.7882731529463
 20
-57.30934142531181
 10
123.79241215000359
 20
-57.31074642430157
 10
123.79552315154436
 20
-57.311764746659755
 10
123.79865563365725
 20
-57.31271493970554
 10
123.80180810454112
 20
-57.31359655092267
 10
123.83326809821935
 20
-57.32202554921782
 10
123.83643702993962
 20
-57.322837662884645
 10
123.83962291831573
 20
-57.32358047652916
 10
123.84282424804591
 20
-57.324253636847466
 10
124.07247124162801
 20
-57.369933635559946
 10
124.07568662317387
 20
-57.37053684584892
 10
124.07891439512183
 20
-57.3710697899268
 10
124.0821530221222
 20
-57.37153221428884
 10
124.11444501563184
 20
-57.375784213423444
 10
124.11769493407907
 20
-57.37617611465622
 10
124.12095263062899
 20
-57.37649700354415
 10
124.12421655381331
 20
-57.376746727264866
 10
124.33674687240672
 20
-57.39067668260317
 10
124.3660051925919
 20
-57.39259463803693
 10
124.37091020699917
 20
-57.39283561056666
 10
124.38719520372757
 20
-57.3933686104569
 10
124.39210200171792
 20
-57.3934488875
 10
144.69579599844567
 20
-57.39344888749732
 10
144.7007030974891
 20
-57.3933686006006
 10
144.71698709421744
 20
-57.392835600705006
 10
144.7218922339246
 20
-57.3925946100798
 10
144.74768632648323
 20
-57.39090366956743
 10
144.96368041735508
 20
-57.376746729143846
 10
144.96694435032356
 20
-57.37649700520713
 10
144.9702020566297
 20
-57.37617611567748
 10
144.97345198479127
 20
-57.37578421337852
 10
145.00574397829806
 20
-57.371532214222725
 10
145.0089826052702
 20
-57.37106978986285
 10
145.01221037719006
 20
-57.370536845788365
 10
145.01542575870803
 20
-57.36993363550401
 10
145.2450727522862
 20
-57.32425363677049
 10
145.24827408204396
 20
-57.32358047644577
 10
145.25145997044734
 20
-57.32283766279363
 10
145.25462890219455
 20
-57.322025549118
 10
145.28608889586727
 20
-57.31359655080217
 10
145.28924132746283
 20
-57.31271495103371
 10
145.29237377080582
 20
-57.31176477114579
 10
145.29548473415088
 20
-57.31074646363706
 10
145.43890320788256
 20
-57.26206262389719
 10
145.51719820493625
 20
-57.23548362488609
 10
145.52028259575562
 20
-57.23439892829697
 10
145.5233426120448
 20
-57.23324726266534
 10
145.52637679995124
 20
-57.232029175162126
 10
145.55646379389887
 20
-57.21956817765723
 10
145.5594752849736
 20
-57.21828223502185
 10
145.56245798751075
 20
-57.21693086071053
 10
145.5654104800566
 20
-57.215514698741934
 10
145.77540647417817
 20
-57.11195570162893
 10
145.7783246940801
 20
-57.110476809332845
 10
145.78120996653627
 20
-57.108934624949185
 10
145.78406091903773
 20
-57.10732988208693
 10
145.81226491336182
 20
-57.09104688535144
 10
145.81508169322166
 20
-57.089379435066334
 10
145.8178614172118
 20
-57.08765091727042
 10
145.82060276161025
 20
-57.085862155094716
 10
146.0152847561594
 20
-56.95577915872399
 10
146.0179860902786
 20
-56.9539312317286
 10
146.02064646290685
 20
-56.952024806360875
 10
146.02326460746534
 20
-56.95006079025228
 10
146.04910560226386
 20
-56.930231794230096
 10
146.05167955626948
 20
-56.92821169710303
 10
146.0542088353682
 20
-56.92613593727433
 10
146.05669223606913
 20
-56.92400550243973
 10
146.23272523113968
 20
-56.769627506748556
 10
146.23516173907183
 20
-56.76744325732589
 10
146.23755002090942
 20
-56.76520637862824
 10
146.23988894009378
 20
-56.762917935163145
 10
146.26291793545684
 20
-56.739888939784905
 10
146.26520637890076
 20
-56.73755002061956
 10
146.2674432575781
 20
-56.735161738801835
 10
146.26962750698138
 20
-56.73272523089043
 10
146.424005502656
 20
-56.55669223580638
 10
146.42613593750863
 20
-56.5542088350835
 10
146.4282116973544
 20
-56.55167955596201
 10
146.4302317944976
 20
-56.549105601932915
 10
146.45006079050353
 20
-56.52326460712027
 10
146.45202480659358
 20
-56.52064646258339
 10
146.45393123194378
 20
-56.517986089977505
 10
146.4557791589226
 20
-56.51528475588138
 10
146.58586215527563
 20
-56.32060276132021
 10
146.58765042411474
 20
-56.317862191305615
 10
146.5893784825996
 20
-56.315083262857684
 10
146.59104550827954
 20
-56.31226729857731
 10
146.60733150499613
 20
-56.28405930424288
 10
146.6089368364968
 20
-56.281207403702616
 10
146.6104795672495
 20
-56.2783211591282
 10
146.61195896288504
 20
-56.275401944426896
 10
146.71551495997952
 20
-56.06540995029457
 10
146.71693022199403
 20
-56.062459357261254
 10
146.7182807798013
 20
-56.059478592354864
 10
146.71956599059783
 20
-56.05646907428274
 10
146.7320299880822
 20
-56.026378080328044
 10
146.7332492065335
 20
-56.02334132797067
 10
146.73440188975408
 20
-56.02027870166225
 10
146.7354874891507
 20
-56.01719165898971
 10
146.8107464870355
 20
-55.795484665187786
 10
146.81176478578382
 20
-55.79237372436686
 10
146.81271495790892
 20
-55.78924130388664
 10
146.81359655092245
 20
-55.786088895459635
 10
146.82202554921778
 20
-55.754628901780826
 10
146.8228376628846
 20
-55.75145997006053
 10
146.82358047652914
 20
-55.748274081684386
 10
146.82425363684746
 20
-55.74507275195416
 10
146.86993363555993
 20
-55.515425758372075
 10
146.8705368458489
 20
-55.5122103768262
 10
146.8710697899268
 20
-55.50898260487823
 10
146.87153221428883
 20
-55.505743977877835
 10
146.87578421342346
 20
-55.47345198436793
 10
146.87617610574804
 20
-55.47020214725019
 10
146.87649698928152
 20
-55.4669445323798
 10
146.87674671121164
 20
-55.463680691108614
 10
146.89259471088243
 20
-55.22189269608982
 10
146.89283562041686
 20
-55.21698849203348
 10
146.8933686203071
 20
-55.20070249530674
 10
146.8934488875
 20
-55.1957959982831
 10
146.89344888749733
 20
-42.512101001553994
 10
146.89336862030282
 20
-42.507194504481255
 10
146.8928356204072
 20
-42.49090850775285
 10
146.89259471087382
 20
-42.48600430373738
 10
146.87674671117904
 20
-42.24421630855756
 10
146.8764969892461
 20
-42.24095246725641
 10
146.87617610570854
 20
-42.237694852356185
 10
146.87578421337852
 20
-42.2344450152088
 10
146.87153221422267
 20
-42.20215302170162
 10
146.87106978986282
 20
-42.19891439472949
 10
146.8705368457883
 20
-42.195686622809625
 10
146.86993363550397
 20
-42.19247124129166
 10
146.82425363677064
 20
-41.96282424771442
 10
146.82358047644593
 20
-41.95962291795673
 10
146.8228376627938
 20
-41.9564370295534
 10
146.8220255491182
 20
-41.953268097806244
 10
146.8135965508022
 20
-41.9218081041328
 10
146.81271493955785
 20
-41.91865563316319
 10
146.8117647464811
 20
-41.915523150965754
 10
146.81074642408825
 20
-41.91241214934174
 10
146.80934136892566
 20
-41.908272986838206
 10
146.7354833699156
 20
-41.69069498978781
 10
146.73439758390435
 20
-41.687607458035544
 10
146.73324469275795
 20
-41.68454435085688
 10
146.732025245344
 20
-41.6815071265339
 10
146.71956824783942
 20
-41.6514341325862
 10
146.71828328714471
 20
-41.64842528801107
 10
146.7169330083299
 20
-41.645445184525194
 10
146.7155180537839
 20
-41.642495239899105
 10
146.61195305667061
 20
-41.432484245776955
 10
146.61047348649058
 20
-41.429564685743024
 10
146.60893056625434
 20
-41.42667810370643
 10
146.60732503059495
 20
-41.42382587406003
 10
146.59104803385983
 20
-41.3956338797362
 10
146.5893811246639
 20
-41.39281814729587
 10
146.5876531924881
 20
-41.39003944510982
 10
146.5858650595929
 20
-41.38729909546205
 10
146.4557770632212
 20
-41.192610100911416
 10
146.45392949105133
 20
-41.18990928006932
 10
146.4520234426887
 20
-41.187249404925
 10
146.45005982523938
 20
-41.18463174133762
 10
146.43023282921658
 20
-41.158792746538424
 10
146.4282124065448
 20
-41.15621832766638
 10
146.42613630155157
 20
-41.15368859875628
 10
146.4240055024391
 20
-41.15120476393011
 10
146.2696275067484
 20
-40.97517176886018
 10
146.2674432573258
 20
-40.972735260928104
 10
146.26520637862822
 20
-40.970346979090564
 10
146.2629179351632
 20
-40.968008059906275
 10
146.23988893978543
 20
-40.94497906454362
 10
146.23755002062003
 20
-40.942690621099636
 10
146.23516173880225
 20
-40.94045374242223
 10
146.23272523089076
 20
-40.9382694930189
 10
146.05669223580603
 20
-40.78389149734373
 10
146.05420889982355
 20
-40.781761116815495
 10
146.05167968778147
 20
-40.77968540844406
 10
146.0491058030767
 20
-40.77766535984968
 10
146.02326880826467
 20
-40.757839363844155
 10
146.02065054812954
 20
-40.75587525613263
 10
146.01799005607967
 20
-40.753968744320396
 10
146.0152885988648
 20
-40.752120736161864
 10
145.8205926043036
 20
-40.62202873980885
 10
145.81785209769902
 20
-40.620240516251
 10
145.81507323453067
 20
-40.618512500211054
 10
145.81225733730548
 20
-40.616845514080374
 10
145.78407534297043
 20
-40.600574517363405
 10
145.78122354947604
 20
-40.598969243477534
 10
145.7783374144291
 20
-40.59742656565182
 10
145.77541831158265
 20
-40.59594721817569
 10
145.56539531745116
 20
-40.49237522108165
 10
145.56244417858812
 20
-40.49095969469003
 10
145.55946285675262
 20
-40.48960889653067
 10
145.556452771443
 20
-40.48832346975985
 10
145.5263947774882
 20
-40.47587347227536
 10
145.5233585451142
 20
-40.47465448903493
 10
145.52029644817742
 20
-40.47350201798579
 10
145.51720994350504
 20
-40.47241660742904
 10
145.2954749497027
 20
-40.39714760954416
 10
145.2923634616751
 20
-40.39612913139233
 10
145.2892304865551
 20
-40.39517880387562
 10
145.2860775168443
 20
-40.3942970797156
 10
145.2546275231659
 20
-40.385871081420326
 10
145.25145904583303
 20
-40.38505911097413
 10
145.2482736172151
 20
-40.38431642050403
 10
145.24507275195455
 20
-40.383643363152615
 10
145.0154257583711
 20
-40.33796336443986
 10
145.01221136377444
 20
-40.33736032818811
 10
145.00898458589617
 20
-40.336827515023465
 10
145.005746958673
 20
-40.336365178233144
 10
144.97345996516336
 20
-40.3321131790987
 10
144.97020885451204
 20
-40.33172108126212
 10
144.96694995916778
 20
-40.331400048061646
 10
144.96368483231475
 20
-40.33115023250117
 10
144.72189083729847
 20
-40.31530323283047
 10
144.71698779300203
 20
-40.31506238943338
 10
144.70070279627248
 20
-40.31452938954309
 10
144.69579599828208
 20
-40.31444911249999
 10
124.39210200155424
 20
-40.31444911250267
 10
124.38719520351468
 20
-40.31452938954738
 10
124.37091020678596
 20
-40.31506238944299
 10
124.36600666734239
 20
-40.3153032652941
 10
124.12420967216224
 20
-40.331151264988925
 10
124.12094582797667
 20
-40.33140097919252
 10
124.11768821002894
 20
-40.33172185511519
 10
124.11443836967459
 20
-40.332113739948134
 10
124.08215337616788
 20
-40.336364739103956
 10
124.07891463030555
 20
-40.336827173875335
 10
124.07568674017426
 20
-40.33736013351623
 10
124.07247124129174
 20
-40.337963364496034
 10
123.84282424771337
 20
-40.383643363229574
 10
123.83962366665769
 20
-40.384316357577525
 10
123.83643851936209
 20
-40.38505897268081
 10
123.83327032006572
 20
-40.385870855495504
 10
123.80182332639278
 20
-40.394295853811506
 10
123.7986700168737
 20
-40.39517765715494
 10
123.7955367059633
 20
-40.39612807853428
 10
123.79242488664102
 20
-40.39714666508686
 10
123.57068189284593
 20
-40.47241866299188
 10
123.56759525390932
 20
-40.473504126420224
 10
123.56453302500147
 20
-40.47465665620078
 10
123.56149666314073
 20
-40.47587570395617
 10
123.53144866919398
 20
-40.48832170146047
 10
123.52843893454768
 20
-40.48960698836282
 10
123.52545795684158
 20
-40.490957631534876
 10
123.5225071550829
 20
-40.49237298804246
 10
123.31247216096114
 20
-40.5959499851556
 10
123.30955229997855
 20
-40.59742971432671
 10
123.30666542403512
 20
-40.59897280663268
 10
123.30381290794949
 20
-40.60057852720574
 10
123.27564391362553
 20
-40.61684252394091
 10
123.27282866809324
 20
-40.618509166129314
 10
123.27005044048234
 20
-40.62023681045996
 10
123.2673105524025
 20
-40.622024635088174
 10
123.0726005578523
 20
-40.75212563145961
 10
123.06989923415343
 20
-40.75397354109955
 10
123.06723887133052
 20
-40.75587994856225
 10
123.06462073594345
 20
-40.75784394623497
 10
123.03880174114471
 20
-40.77765594225731
 10
123.0362276399648
 20
-40.77967614539951
 10
123.03369821854739
 20
-40.78175201748451
 10
123.03121468058445
 20
-40.783882570653724
 10
122.8551716855131
 20
-40.938269566345596
 10
122.85273600690573
 20
-40.94045305911266
 10
122.8503485209544
 20
-40.94268914537539
 10
122.8480103630596
 20
-40.94497676173335
 10
122.82498336769676
 20
-40.968002757111556
 10
122.82269407817635
 20
-40.970342457323184
 10
122.8204563889784
 20
-40.97273155561373
 10
122.81827136574474
 20
-40.97516891423667
 10
122.66388237007057
 20
-41.151214909320274
 10
122.66175188702651
 20
-41.15369837402498
 10
122.65967608174438
 20
-41.15622771927054
 10
122.65765594198984
 20
-41.1588017414757
 10
122.6378439459844
 20
-41.18462073628758
 10
122.63587994833014
 20
-41.1872388716531
 10
122.63397354088492
 20
-41.18989923445372
 10
122.63212563126149
 20
-41.19260055812956
 10
122.50202463490794
 20
-41.387310552691496
 10
122.50023681026475
 20
-41.39005044079537
 10
122.4985091659202
 20
-41.39282866843098
 10
122.49684252371895
 20
-41.39564391398858
 10
122.48057852700214
 20
-41.42381290832355
 10
122.47897280644457
 20
-41.42666542438539
 10
122.47742971415303
 20
-41.429552300304415
 10
122.47594998499527
 20
-41.43247216126202
 10
122.37237298790143
 20
-41.642507155393034
 10
122.37095763138213
 20
-41.64545795717754
 10
122.36960698819948
 20
-41.64843893490999
 10
122.36832170128768
 20
-41.651448669583104
 10
122.3558757038031
 20
-41.681496663538255
 10
122.35465665605999
 20
-41.68453302537336
 10
122.35350412629056
 20
-41.687595254255115
 10
122.35241866287221
 20
-41.69068189316517
 10
122.27714666498734
 20
-41.91242488696759
 10
122.27612807842654
 20
-41.91553670631695
 10
122.27517765704015
 20
-41.91867001725479
 10
122.27429585369087
 20
-41.921823326801615
 10
122.2658708553958
 20
-41.95327032047914
 10
122.26505897258991
 20
-41.956438519748545
 10
122.26431635749425
 20
-41.95962366701686
 10
122.26364336315272
 20
-41.96282424804495
 10
122.21796336444007
 20
-42.19247124162788
 10
122.21736013345564
 20
-42.195686740538356
 10
122.21682717381134
 20
-42.1989146306978
 10
122.21636473903777
 20
-42.202153376588434
 10
122.21211373990317
 20
-42.23443837009806
 10
122.21172185245358
 20
-42.237688234362054
 10
122.21140097495899
 20
-42.24094587632227
 10
122.21115126023118
 20
-42.24420974458895
 10
122.20521426633545
 20
-42.3347926514537
 10
122.19530327235017
 20
-42.48600555972721
 10
122.19506238943414
 20
-42.490909206974
 10
122.19452938954389
 20
-42.50719420362114
 10
122.1944491125
 20
-42.51210100163602
  0
LWPOLYLINE
  5
39
330
17
100
AcDbEntity
  8
0
100
AcDbPolyline
 90
711
 70
0
 10
126.59949988758372
 20
-49.0811044376479
 10
126.59949988750024
 20
-50.918896197747515
 10
126.60471544777647
 20
-50.9940475721759
 10
126.64969037037059
 20
-51.18527222546668
 10
126.70950883635521
 20
-51.32074757536833
 10
126.72832748773126
 20
-51.36336739585264
 10
126.83835232462586
 20
-51.52398344688567
 10
126.97601653944893
 20
-51.66164766402653
 10
127.13663237374506
 20
-51.77167235642565
 10
127.24120806563342
 20
-51.81784700513116
 10
127.31472583833859
 20
-51.85030824679364
 10
127.50594347739319
 20
-51.895282504407824
 10
127.58110418652298
 20
-51.90050011224811
 10
127.68893699025568
 20
-51.9005001125
 10
127.69261818142859
 20
-51.900545289877186
 10
127.69629715518069
 20
-51.90068079477828
 10
127.6999716954271
 20
-51.90090654557987
 10
127.7036395887535
 20
-51.9012224062976
 10
127.70729862574947
 20
-51.90162818666802
 10
127.71094660233932
 20
-51.902123642263255
 10
127.71458132110975
 20
-51.902708474638224
 10
127.71820059263351
 20
-51.90338233151038
 10
127.81348856346986
 20
-51.92233632566052
 10
127.81709010792106
 20
-51.923098778732914
 10
127.82067185665794
 20
-51.92394938622608
 10
127.82423165228032
 20
-51.924887635792295
 10
127.82776735061104
 20
-51.92591296229428
 10
127.83127682198754
 20
-51.92702474814555
 10
127.83475795254458
 20
-51.92822232368243
 10
127.83820864548743
 20
-51.92950496756741
 10
127.84162682235497
 20
-51.93087190722366
 10
127.84501042427148
 20
-51.93232231930032
 10
127.84835741318687
 20
-51.933855330168456
 10
127.85166577310419
 20
-51.935470016447304
 10
127.85493351129394
 20
-51.9371654055604
 10
127.85815865949439
 20
-51.938940476321434
 10
127.86133927509711
 20
-51.94079415954933
 10
127.86447344231702
 20
-51.942725338712215
 10
127.86755927334642
 20
-51.94473285060001
 10
127.9483402486548
 20
-51.998707833988966
 10
127.95137611511315
 20
-52.000790631615295
 10
127.95435995012822
 20
-52.0029473095486
 10
127.95728995616707
 20
-52.00517656855498
 10
127.9601643681246
 20
-52.00747706567595
 10
127.9629814543869
 20
-52.00984741503752
 10
127.96573951787444
 20
-52.012286188685046
 10
127.96843689706441
 20
-52.01479191744347
 10
127.9710719669916
 20
-52.01736309180238
 10
130.31030066986477
 20
-54.35659279164482
 10
130.41727436606894
 20
-54.438675489853566
 10
130.4929796614351
 20
-54.49676571649349
 10
130.49755242281884
 20
-54.5002748641975
 10
130.68353705346374
 20
-54.60765335020351
 10
130.70195096729725
 20
-54.61828470486623
 10
130.9200042441955
 20
-54.70860592476436
 10
130.95895688623162
 20
-54.71904298247474
 10
131.1479863004482
 20
-54.76969362943703
 10
131.3819883553096
 20
-54.800500111561135
 10
135.61801133885004
 20
-54.80050011249782
 10
135.852013600715
 20
-54.76969268177728
 10
136.07999380489514
 20
-54.708605770375144
 10
136.29804939546122
 20
-54.618284517094665
 10
136.50245061217558
 20
-54.500273116081736
 10
136.6896857608335
 20
-54.35660238576911
 10
138.85659220220464
 20
-52.18969891301445
 10
139.00027311985323
 20
-52.00245060390577
 10
139.11828451121997
 20
-51.79804940737392
 10
139.20860576610576
 20
-51.579993817472264
 10
139.26969267918608
 20
-51.352013613741775
 10
139.30050011157186
 20
-51.11801135253885
 10
139.30050011248707
 20
-50.42198866106836
 10
139.2696926817773
 20
-50.18798639928478
 10
139.20860586293185
 20
-49.960006540532326
 10
139.19150837251598
 20
-49.918729950916294
 10
139.11828643544666
 20
-49.741955432088936
 10
139.00027189669862
 20
-49.537548038745584
 10
138.85659682193662
 20
-49.35030566002177
 10
138.6827882357274
 20
-49.17649611121317
 10
138.6827468916738
 20
-49.176455766684995
 10
137.67362206952262
 20
-48.16733094477953
 10
137.67105093521425
 20
-48.16469591578178
 10
137.66854524445998
 20
-48.161998579448536
 10
137.66610650670034
 20
-48.1592405606686
 10
137.6637361910431
 20
-48.15642352088619
 10
137.66143572537814
 20
-48.15354915710005
 10
137.65920649551742
 20
-48.150619200841206
 10
137.6570498443601
 20
-48.14763541712984
 10
137.6549670710835
 20
-48.144599603412075
 10
137.60099108199006
 20
-48.06381761982135
 10
137.5989835706165
 20
-48.060731809154525
 10
137.59705239110545
 20
-48.05759766252704
 10
137.59519870665625
 20
-48.054417067716415
 10
137.593423633791
 20
-48.05119194047714
 10
137.59172824168195
 20
-48.047924223386715
 10
137.59011355150759
 20
-48.04461588467562
 10
137.58858053583756
 20
-48.04126891704179
 10
137.58713011804682
 20
-48.037885336450344
 10
137.567052636756
 20
-47.98941388371631
 10
137.52008564470077
 20
-47.908065563544625
 10
137.43921471274038
 20
-47.767992727698974
 10
137.28355872031693
 20
-47.565134596857234
 10
137.1027631207146
 20
-47.384338996019046
 10
136.8999137194397
 20
-47.22868792994995
 10
136.67849193240252
 20
-47.10084923144216
 10
136.44226190994294
 20
-47.00299833274551
 10
136.33658637840708
 20
-46.97468282048891
 10
136.19528877106168
 20
-46.93682236301191
 10
135.94179151592164
 20
-46.90344888840743
 10
135.68610636903094
 20
-46.9034488875336
 10
135.43261293967527
 20
-46.936821417157645
 10
135.1856380703487
 20
-47.002997287269636
 10
135.0210021266021
 20
-47.07119155471428
 10
134.94941395416788
 20
-47.10084521427053
 10
134.72799773499787
 20
-47.22867844382459
 10
134.53285404376282
 20
-47.378415222825964
 10
134.52513220302328
 20
-47.38434067347979
 10
134.42238794412364
 20
-47.487084931133275
 10
134.41975291519398
 20
-47.48965606534534
 10
134.41705557893312
 20
-47.492161756007114
 10
134.41429756022973
 20
-47.49460049367818
 10
134.41148052052782
 20
-47.49697080925095
 10
134.408606156826
 20
-47.49927127483564
 10
134.40567620065517
 20
-47.501500504620466
 10
134.4026924170353
 20
-47.5036571557064
 10
134.39965660341238
 20
-47.505739928916206
 10
134.31887462817082
 20
-47.55971591243107
 10
134.31578879625678
 20
-47.56172343725912
 10
134.3126546277345
 20
-47.56365462917369
 10
134.30947401042053
 20
-47.5655083249521
 10
134.30624886010904
 20
-47.567283408050194
 10
134.30298111941795
 20
-47.56897880927494
 10
134.29967275661892
 20
-47.5705935074284
 10
134.29632576445155
 20
-47.57212652992283
 10
134.2929421589233
 20
-47.57357695336657
 10
134.2895239780951
 20
-47.57494390412012
 10
134.28607328085374
 20
-47.57622655882246
 10
134.2825921456718
 20
-47.57742414488697
 10
134.2790826693556
 20
-47.578535940966724
 10
134.27554696578235
 20
-47.579561277389075
 10
134.2719871646268
 20
-47.58049953655894
 10
134.2684054100785
 20
-47.581350153330845
 10
134.26480385955028
 20
-47.582112615349324
 10
134.16951688875574
 20
-47.601066609635645
 10
134.16589758142064
 20
-47.60174048022971
 10
134.16226282636583
 20
-47.602325324529545
 10
134.1586148130853
 20
-47.602820790238226
 10
134.15495573905943
 20
-47.60322657889845
 10
134.15128780843142
 20
-47.60354244607233
 10
134.14761323067944
 20
-47.60376820148866
 10
134.1439342192857
 20
-47.6039037091575
 10
134.14025299040324
 20
-47.6039488874521
 10
133.67394966039993
 20
-47.603948887488336
 10
133.67394921874285
 20
-47.80394902788467
 10
134.17394892513911
 20
-47.80394911250001
 10
134.1776301087063
 20
-47.803994290305035
 10
134.18130907485136
 20
-47.80412979526078
 10
134.18498360750309
 20
-47.80435554574414
 10
134.18865149326092
 20
-47.80467140577148
 10
134.19231052272812
 20
-47.805077185080584
 10
134.1959584918426
 20
-47.80557263924522
 10
134.19959320320464
 20
-47.80615746982239
 10
134.20321246740053
 20
-47.80683132453209
 10
134.2068141043213
 20
-47.80759379746954
 10
134.21039594447603
 20
-47.80844442934965
 10
134.21395583029857
 20
-47.80938270778369
 10
134.21749161744734
 20
-47.810408067587936
 10
134.22100117609676
 20
-47.81151989112412
 10
134.22448239222044
 20
-47.812717508671454
 10
134.22793316886438
 20
-47.81400019883007
 10
134.23135142741023
 20
-47.815367188955555
 10
134.2347351088273
 20
-47.816817655624334
 10
134.23808217491285
 20
-47.81835072512972
 10
134.2413906095199
 20
-47.819965474008164
 10
134.24465841977153
 20
-47.82166092959553
 10
134.24788363726148
 20
-47.823436070613
 10
134.25106431923976
 20
-47.825289827782214
 10
134.2541985497829
 20
-47.82722108446943
 10
134.257284440948
 20
-47.82922867735807
 10
134.26032013391006
 20
-47.83131139714951
 10
134.26330380008147
 20
-47.8334679892915
 10
134.26623364221376
 20
-47.83569715473386
 10
134.26910789547992
 20
-47.83799755071095
 10
134.2719248285376
 20
-47.84036779155057
 10
134.27468274457212
 20
-47.84280644950857
 10
134.27737998231825
 20
-47.845312055628895
 10
134.28001491706124
 20
-47.847883100628444
 10
134.2825859616152
 20
-47.85051803580617
 10
134.28509156727947
 20
-47.85321527397599
 10
134.2875302247711
 20
-47.85597319042285
 10
134.2899004651344
 20
-47.858790123881356
 10
134.29220086062548
 20
-47.86166437753649
 10
134.2944300255724
 20
-47.8645942200457
 10
134.29658661720987
 20
-47.8675778865818
 10
134.298669336488
 20
-47.870613579896016
 10
134.30067692885484
 20
-47.8736994714006
 10
134.30260818501208
 20
-47.8768337022703
 10
134.30446194164344
 20
-47.880014384562045
 10
134.30623708211556
 20
-47.88323960235217
 10
134.30793253715035
 20
-47.886507412890495
 10
134.30954728546936
 20
-47.88981584777057
 10
134.31108035440877
 20
-47.89316291411536
 10
134.3125308205054
 20
-47.89654659577769
 10
134.31389781005285
 20
-47.89996485455469
 10
134.31518049962799
 20
-47.903415631415534
 10
134.31637811658666
 20
-47.90689684774172
 10
134.3174899395294
 20
-47.910406406579156
 10
134.31851529873575
 20
-47.913942193901285
 10
134.31945357656784
 20
-47.9175020798825
 10
134.32030420784227
 20
-47.92108392018106
 10
134.3210666801707
 20
-47.92468555723077
 10
134.32174053426843
 20
-47.9283048215406
 10
134.32232536423098
 20
-47.93193953300154
 10
134.32282081777876
 20
-47.935587502199795
 10
134.32322659646914
 20
-47.9392465317356
 10
134.32354245587626
 20
-47.942914417546845
 10
134.32376820573828
 20
-47.94658895023676
 10
134.32390371007193
 20
-47.95026791640471
 10
134.3239488872545
 20
-47.953949099979546
 10
134.3239488875
 20
-49.75394889973383
 10
134.3239037103087
 20
-49.75763008370494
 10
134.3237682059469
 20
-49.76130905026849
 10
134.3235424560373
 20
-49.76498358335258
 10
134.32322659656325
 20
-49.76865146955589
 10
134.32282081778666
 20
-49.77231049948092
 10
134.32232536413352
 20
-49.77595846906486
 10
134.32174053404654
 20
-49.77959318090725
 10
134.32106667980554
 20
-49.78321244559357
 10
134.3203042073151
 20
-49.786814083014114
 10
134.31945357586014
 20
-49.79039592367719
 10
134.31851529782924
 20
-49.79395581001589
 10
134.317489938406
 20
-49.79749159768782
 10
134.3163781152286
 20
-49.80100115686668
 10
134.31518049801772
 20
-49.80448237352527
 10
134.3138978081732
 20
-49.807933150708834
 10
134.3125308183395
 20
-49.811351409798235
 10
134.3110803519401
 20
-49.81473509176202
 10
134.30954728268176
 20
-49.81808215839668
 10
134.30793253402805
 20
-49.82139059355445
 10
134.30623707864322
 20
-49.8246584043577
 10
134.30446193780617
 20
-49.827883622399376
 10
134.30260818079535
 20
-49.83106430492875
 10
134.3006769242447
 20
-49.83419853602159
 10
134.29866933147093
 20
-49.83728442773429
 10
134.29658661177285
 20
-49.84032012124106
 10
134.29443001970296
 20
-49.84330378795365
 10
134.29220085431166
 20
-49.846233630622805
 10
134.28990045836483
 20
-49.849107884420846
 10
134.28753021753496
 20
-49.85192481800477
 10
134.2850915595665
 20
-49.854682734559105
 10
134.28258595341583
 20
-49.85737997281806
 10
134.28001490836644
 20
-49.860014908066155
 10
134.27737997311965
 20
-49.86258595311693
 10
134.27468273486198
 20
-49.86509155926897
 10
134.27192481830892
 20
-49.86753021723884
 10
134.2691078847262
 20
-49.869900458070155
 10
134.26623363092935
 20
-49.872200854018466
 10
134.26330378826134
 20
-49.874430019411285
 10
134.26032012154985
 20
-49.876586611482715
 10
134.25728442804416
 20
-49.878669331182344
 10
134.2541985363325
 20
-49.88067692395771
 10
134.25106430524065
 20
-49.882608180509976
 10
134.24788362271224
 20
-49.88446193752242
 10
134.24465840467147
 20
-49.886237078361134
 10
134.24139059386908
 20
-49.88793253374765
 10
134.23808215871213
 20
-49.88954728240305
 10
134.23473509207827
 20
-49.89108035166311
 10
134.23135141011522
 20
-49.89253081806425
 10
134.22793315102655
 20
-49.893897807899734
 10
134.22448237384364
 20
-49.895180497746004
 10
134.22100115718567
 20
-49.896378114958665
 10
134.21749159800737
 20
-49.89748993813787
 10
134.21395581033596
 20
-49.89851529756294
 10
134.21039592399774
 20
-49.89945357559567
 10
134.2068140833351
 20
-49.90030420705248
 10
134.20321244591497
 20
-49.901066679544776
 10
134.19959318122898
 20
-49.90174053378764
 10
134.1959584693869
 20
-49.90232536387647
 10
134.1923104998032
 20
-49.902820817531506
 10
134.18865146987838
 20
-49.90322659630997
 10
134.18498358367523
 20
-49.90354245578591
 10
134.18130905059127
 20
-49.90376820569739
 10
134.17763008402778
 20
-49.9039037100611
 10
134.1739489000567
 20
-49.90394888725429
 10
133.67394896449994
 20
-49.9039488874433
 10
133.67394892049998
 20
-50.10394827709079
 10
134.14025325863844
 20
-50.10394911250024
 10
134.14393441619276
 20
-50.10399429564052
 10
134.14761335622532
 20
-50.10412980465512
 10
134.15128786271185
 20
-50.104355557919654
 10
134.15495572229875
 20
-50.10467141945073
 10
134.15861472563617
 20
-50.105077198987914
 10
134.16226266870885
 20
-50.10557265210827
 10
134.16589735416375
 20
-50.10615748037364
 10
134.16951659263358
 20
-50.106831331510385
 10
134.2648045634696
 20
-50.125785325660466
 10
134.2684061338981
 20
-50.126547784566256
 10
134.27198790831034
 20
-50.127398399164306
 10
134.27554772925944
 20
-50.12833665709521
 10
134.279083452522
 20
-50.12936199320846
 10
134.28259294838963
 20
-50.130473789902865
 10
134.28607410295174
 20
-50.13167137749853
 10
134.28952481936886
 20
-50.13295403464025
 10
134.29294301913563
 20
-50.13432098873203
 10
134.29632664333278
 20
-50.1357714164024
 10
134.29967365386733
 20
-50.137304444000414
 10
134.3029820347001
 20
-50.138919148121865
 10
134.30624979306023
 20
-50.14061455616549
 10
134.30947496064536
 20
-50.14238964691879
 10
134.31265559480727
 20
-50.14424335117317
 10
134.315789779722
 20
-50.14617455236799
 10
134.31887562754386
 20
-50.14818208726303
 10
134.39965760285233
 20
-50.2021580706519
 10
134.4026934165889
 20
-50.204240843935196
 10
134.40567720031865
 20
-50.20639749510006
 10
134.4086071565954
 20
-50.20862672496913
 10
134.41148152039892
 20
-50.21092719064324
 10
134.4142985601982
 20
-50.21329750631043
 10
134.41705657899442
 20
-50.21573624408077
 10
134.41975391534336
 20
-50.218241934846496
 10
134.42238894435621
 20
-50.220813069167036
 10
134.52513103306785
 20
-50.32355515781519
 10
134.73416420291545
 20
-50.48395213198452
 10
134.7370570434246
 20
-50.48622882832498
 10
134.73989314246796
 20
-50.48857582952963
 10
134.74267079184725
 20
-50.49099172198664
 10
134.74538831856893
 20
-50.49347505059058
 10
134.74804408585157
 20
-50.49602431961889
 10
134.7506364941118
 20
-50.49863799363269
 10
134.7531639819278
 20
-50.50131449840164
 10
134.7556250269796
 20
-50.50405222185209
 10
134.81968400740325
 20
-50.57709619945719
 10
134.82207725964835
 20
-50.57989365113552
 10
134.82440113758005
 20
-50.58274899412014
 10
134.82665424135686
 20
-50.585660508429264
 10
134.82883521376965
 20
-50.58862644024505
 10
134.8309427410594
 20
-50.591645002969976
 10
134.83297555370834
 20
-50.5947143783031
 10
134.83493242720482
 20
-50.597832717335336
 10
134.836812182781
 20
-50.60099814166316
 10
134.83861368812262
 20
-50.60420874452016
 10
134.8403358580514
 20
-50.607462591925575
 10
134.84197765517848
 20
-50.6107577238493
 10
134.84353809052948
 20
-50.61409215539254
 10
134.84501622414015
 20
-50.61746387798348
 10
134.84641116562258
 20
-50.62087086058718
 10
134.84772207470158
 20
-50.624311050928995
 10
134.84894816172076
 20
-50.62778237673086
 10
134.88017814901582
 20
-50.71978133901155
 10
134.8813186738344
 20
-50.72328170418443
 10
134.88237295125805
 20
-50.72680900518085
 10
134.88334034622025
 20
-50.73036111725571
 10
134.88422027599
 20
-50.73393590071848
 10
134.88501221052283
 20
-50.73753120222198
 10
134.88571567278
 20
-50.741144856059584
 10
134.88633023901605
 20
-50.74477468546974
 10
134.88685553903386
 20
-50.74841850394719
 10
134.88729125640776
 20
-50.752074116560074
 10
134.88763712867407
 20
-50.75573932127205
 10
134.8878929474893
 20
-50.75941191026881
 10
134.88805855875543
 20
-50.76308967128794
 10
134.88813386271303
 20
-50.76677038895157
 10
134.8881188140012
 20
-50.7704518461008
 10
134.88801342168475
 20
-50.774131825131306
 10
134.88781774924905
 20
-50.777808109329136
 10
134.88146375194592
 20
-50.874755069618594
 10
134.88117791538676
 20
-50.87842546523794
 10
134.88080208773746
 20
-50.88208774050327
 10
134.8803364953884
 20
-50.88573968933993
 10
134.87978141880225
 20
-50.88937911189365
 10
134.879137192345
 20
-50.89300381585575
 10
134.87840420408466
 20
-50.89661161778369
 10
134.87758289555734
 20
-50.90020034441635
 10
134.8766737615013
 20
-50.90376783398315
 10
134.87567734955914
 20
-50.907311937506265
 10
134.8745942599476
 20
-50.9108305200951
 10
134.87342514509623
 20
-50.91432146223231
 10
134.87217070925433
 20
-50.91778266105058
 10
134.87083170806662
 20
-50.92121203159929
 10
134.8694089481182
 20
-50.924607508100486
 10
134.8679032864486
 20
-50.92796704519326
 10
134.86631563003553
 20
-50.93128861916581
 10
134.82334464772333
 20
-51.01842458351156
 10
134.82167602435916
 20
-51.021706057227945
 10
134.81992737445287
 20
-51.024945593797895
 10
134.81809975126498
 20
-51.028141241958416
 10
134.81619425562374
 20
-51.03129107688172
 10
134.81421203526224
 20
-51.0343932013346
 10
134.8121542841269
 20
-51.03744574682121
 10
134.8100222416585
 20
-51.04044687470848
 10
134.80781719204552
 20
-51.04339477733358
 10
134.80554046345068
 20
-51.04628767909277
 10
134.80319342721097
 20
-51.04912383751083
 10
134.8007774970116
 20
-51.05190154429063
 10
134.79829412803457
 20
-51.054619126342125
 10
134.79574481608205
 20
-51.05727494679003
 10
134.79313109667555
 20
-51.059867405959814
 10
134.79045454413105
 20
-51.06239494234119
 10
134.78771677061053
 20
-51.064856033528685
 10
134.71467280059605
 20
-51.12891500735656
 10
134.71187534891544
 20
-51.13130825960582
 10
134.70902000592838
 20
-51.13363213754155
 10
134.70610849161662
 20
-51.13588524132222
 10
134.7031425597981
 20
-51.13806621373875
 10
134.70012399707022
 20
-51.140173741032044
 10
134.69705462173403
 20
-51.14220655368438
 10
134.6939362826986
 20
-51.144163427184125
 10
134.69077085836742
 20
-51.146043182763336
 10
134.68756025550695
 20
-51.147844688107845
 10
134.68430640809794
 20
-51.149566858039314
 10
134.68101127617052
 20
-51.15120865516892
 10
134.67767684462348
 20
-51.15276909052226
 10
134.6743051220286
 20
-51.15424722413506
 10
134.67089813942093
 20
-51.155642165619426
 10
134.66745794907501
 20
-51.156953074700134
 10
134.66398662326898
 20
-51.15817916172084
 10
134.57198765459393
 20
-51.1894091511865
 10
134.56859360574887
 20
-51.19051642914454
 10
134.56517416611345
 20
-51.19154261851238
 10
134.56173127270662
 20
-51.192487137981836
 10
134.55826687583325
 20
-51.19334945250847
 10
134.55478293797938
 20
-51.194129073614725
 10
134.55128143270042
 20
-51.19482555966656
 10
134.54776434350327
 20
-51.195438516123716
 10
134.54423366272272
 20
-51.195967595763115
 10
134.5406913903928
 20
-51.19641249887563
 10
134.5371395331138
 20
-51.19677297343582
 10
134.53358010291564
 20
-51.19704881524473
 10
134.50107811927634
 20
-51.199178814229114
 10
134.4978110059266
 20
-51.199357159966134
 10
134.49454077979047
 20
-51.1994642013635
 10
134.49126899689082
 20
-51.199499887489296
 10
132.4110640100954
 20
-51.1994998875
 10
132.40738281887852
 20
-51.19945471013035
 10
132.40370384508228
 20
-51.19931920523464
 10
132.4000293047917
 20
-51.199093454436266
 10
132.39636141142114
 20
-51.198777593719605
 10
132.39270237438114
 20
-51.198371813348096
 10
132.38905439774743
 20
-51.19787635774962
 10
132.3854196789334
 20
-51.19729152536927
 10
132.3818004073664
 20
-51.19661766848961
 10
132.2865124365304
 20
-51.177663674339534
 10
132.28291086610187
 20
-51.176901215433745
 10
132.27932909168965
 20
-51.176050600835694
 10
132.27576927074054
 20
-51.17511234290479
 10
132.27223354747798
 20
-51.17408700679154
 10
132.26872405161035
 20
-51.172975210097135
 10
132.26524289704824
 20
-51.17177762250147
 10
132.26179218063112
 20
-51.17049496535975
 10
132.25837398086435
 20
-51.16912801126797
 10
132.25499035666718
 20
-51.1676775835976
 10
132.25164334613265
 20
-51.16614455599959
 10
132.24833496529988
 20
-51.16452985187813
 10
132.24506720693975
 20
-51.16283444383451
 10
132.24184203935462
 20
-51.161059353081214
 10
132.23866140519272
 20
-51.15920564882682
 10
132.235527220278
 20
-51.157274447632005
 10
132.23244137245612
 20
-51.15526691273696
 10
132.15165939714765
 20
-51.10129092934809
 10
132.14862358340667
 20
-51.09920815606169
 10
132.14563979967267
 20
-51.0970515048935
 10
132.14270984339183
 20
-51.0948222750209
 10
132.13983547958438
 20
-51.09252180934306
 10
132.13701843978134
 20
-51.09015149367193
 10
132.13426042098158
 20
-51.08771275589748
 10
132.13156308462925
 20
-51.08520706512745
 10
132.12892805561324
 20
-51.082635930802425
 10
130.51736406951193
 20
-49.47107194476885
 10
130.51479293520512
 20
-49.4684369157722
 10
130.51228724445235
 20
-49.46573957944014
 10
130.50984850669417
 20
-49.462981560661454
 10
130.5074781910383
 20
-49.460164520880355
 10
130.50517772537466
 20
-49.45729015709559
 10
130.50294849551517
 20
-49.454360200838174
 10
130.500791844359
 20
-49.451376417128294
 10
130.49870907108348
 20
-49.44834060341208
 10
130.4447330875689
 20
-49.367558628170805
 10
130.44272555266932
 20
-49.36447278035186
 10
130.44079435146992
 20
-49.361338595439946
 10
130.4389406472109
 20
-49.358157961280746
 10
130.43716555645287
 20
-49.354932793698204
 10
130.43547014840448
 20
-49.35166503534054
 10
130.4338554442782
 20
-49.348356654510106
 10
130.4323224166753
 20
-49.3450096439778
 10
130.43087198899997
 20
-49.34162601978275
 10
130.4295050349032
 20
-49.33820782001796
 10
130.42822237775644
 20
-49.33475710360271
 10
130.42702479015568
 20
-49.33127594904234
 10
130.42591299345617
 20
-49.32776645317633
 10
130.42488765733776
 20
-49.32423072991525
 10
130.42394939940166
 20
-49.32067090896751
 10
130.42309878479838
 20
-49.317089134556504
 10
130.42233632588733
 20
-49.31348756412909
 10
130.40338233160097
 20
-49.218199593334546
 10
130.4027084747127
 20
-49.21458032174948
 10
130.4021236423247
 20
-49.21094560291713
 10
130.40162818671948
 20
-49.207297626264854
 10
130.40122240634216
 20
-49.20363858920605
 10
130.40090654562061
 20
-49.19997069581653
 10
130.4006807948183
 20
-49.19629615550684
 10
130.4005452899196
 20
-49.192617181691396
 10
130.4005001125479
 20
-49.18893599045521
 10
130.40050011250221
 20
-49.08110361050371
 10
130.39528375431996
 20
-49.00595245025212
 10
130.35030952726223
 20
-48.814729432791104
 10
130.27167230697953
 20
-48.63663230446294
 10
130.16164767537404
 20
-48.47601655311425
 10
130.04600621764598
 20
-48.36037509343917
 10
128.93280177492113
 20
-48.3603750756326
 10
128.88941412055476
 20
-48.38089590099145
 10
128.88606705816434
 20
-48.382428967848625
 10
128.88268338054942
 20
-48.38387943206135
 10
128.87926512590553
 20
-48.38524641992651
 10
128.875814353256
 20
-48.38652910802392
 10
128.79727542067224
 20
-48.41463078747386
 10
128.7937942040137
 20
-48.415828404686565
 10
128.79028464483483
 20
-48.416940227865794
 10
128.78674885716285
 20
-48.41796558729085
 10
128.78318897082403
 20
-48.41890386532355
 10
128.70227377840953
 20
-48.439172065929554
 10
128.6986919377463
 20
-48.4400226973863
 10
128.69509030032557
 20
-48.4407851698785
 10
128.69147103563898
 20
-48.44145902412125
 10
128.68783632379632
 20
-48.442043854209935
 10
128.60532412908634
 20
-48.45428338212053
 10
128.60167615950206
 20
-48.454778835775386
 10
128.59801712957662
 20
-48.45518461455365
 10
128.59434924337287
 20
-48.455500474029364
 10
128.5906747102883
 20
-48.45572622394058
 10
128.50736015082413
 20
-48.45981920581107
 10
128.50368118426007
 20
-48.4599547101745
 10
128.50000000028842
 20
-48.45999988736737
 10
128.49631881631674
 20
-48.459954710176625
 10
128.4926398497526
 20
-48.45981920581532
 10
128.40932529028598
 20
-48.45572622399288
 10
128.40565075720127
 20
-48.455500474083784
 10
128.40198287099736
 20
-48.45518461461018
 10
128.3983238410717
 20
-48.454778835834034
 10
128.39467587148712
 20
-48.45428338218128
 10
128.31216367677035
 20
-48.44204385431832
 10
128.30852896492735
 20
-48.44145902423173
 10
128.30490970024042
 20
-48.440785169991074
 10
128.30130806281923
 20
-48.44002269750095
 10
128.29772622215552
 20
-48.439172066046275
 10
128.21681102972897
 20
-48.418903865486875
 10
128.2132511433896
 20
-48.41796558745622
 10
128.209715355717
 20
-48.416940228033205
 10
128.2062057965375
 20
-48.415828404855986
 10
128.20272457987824
 20
-48.41463078764529
 10
128.12418564727815
 20
-48.38652910824058
 10
128.12073487009394
 20
-48.38524641839623
 10
128.11731661100387
 20
-48.38387942856261
 10
128.11393292903944
 20
-48.38242896216329
 10
128.11058586240412
 20
-48.380895892905
 10
128.0351795624852
 20
-48.34523136918966
 10
128.0318711273268
 20
-48.34361662053599
 10
128.02860331652295
 20
-48.34192116515115
 10
128.02537809848064
 20
-48.340146024314066
 10
128.02219741595064
 20
-48.3382922673032
 10
127.95064995260249
 20
-48.29540836813692
 10
127.94751572150903
 20
-48.29347711158618
 10
127.94442982979574
 20
-48.29146951881229
 10
127.94139413628837
 20
-48.289386799114084
 10
127.9384104695752
 20
-48.28723020704402
 10
127.87141088398108
 20
-48.237539927818105
 10
127.86848104131136
 20
-48.23531076242661
 10
127.86560678751276
 20
-48.233010366479554
 10
127.8627898539283
 20
-48.230640125649444
 10
127.86003193737344
 20
-48.22820146768073
 10
127.79822547216877
 20
-48.17218335294786
 10
127.79552823390931
 20
-48.16967774679692
 10
127.79289329866072
 20
-48.167106701747194
 10
127.79032225360947
 20
-48.16447176650009
 10
127.78781664745696
 20
-48.16177452824208
 10
127.73179853268852
 20
-48.09996806306979
 10
127.72935987471823
 20
-48.09721014651633
 10
127.72698963388649
 20
-48.09439321293325
 10
127.72468923793778
 20
-48.09151895913598
 10
127.7224600725446
 20
-48.08858911646755
 10
127.67276979328014
 20
-48.021589530902254
 10
127.67061320120835
 20
-48.01860586419033
 10
127.6685304815084
 20
-48.01557017068417
 10
127.66652288873273
 20
-48.01248427897203
 10
127.66459163218018
 20
-48.0093500478797
 10
127.62170773297234
 20
-47.93780258455585
 10
127.61985397595963
 20
-47.93462190202691
 10
127.61807883512068
 20
-47.93139668398562
 10
127.61638337973395
 20
-47.92812887318271
 10
127.61476863107836
 20
-47.924820438025215
 10
127.57910410731958
 20
-47.849414138126946
 10
127.57757103805936
 20
-47.84606707149253
 10
127.5761205716581
 20
-47.84268338952894
 10
127.57475358182252
 20
-47.839265130439685
 10
127.57347089197617
 20
-47.83581435325622
 10
127.54536921252617
 20
-47.75727542067238
 10
127.54417159531346
 20
-47.753794204013815
 10
127.54305977213421
 20
-47.75028464483492
 10
127.54203441270916
 20
-47.74674885716291
 10
127.54109613467645
 20
-47.74318897082408
 10
127.52082793407045
 20
-47.662273778409535
 10
127.51997730261371
 20
-47.658691937746326
 10
127.51921483012151
 20
-47.65509030032559
 10
127.51854097587876
 20
-47.651471035639034
 10
127.51795614579008
 20
-47.64783632379637
 10
127.50571661787949
 20
-47.565324129086456
 10
127.50522116422464
 20
-47.56167615950216
 10
127.50481538544636
 20
-47.55801712957674
 10
127.50449952597066
 20
-47.55434924337299
 10
127.50427377605943
 20
-47.55067471028842
 10
127.50018079418894
 20
-47.46736015082398
 10
127.50004528982551
 20
-47.463681184259926
 10
127.50000011263265
 20
-47.46000000028827
 10
127.50004528982339
 20
-47.45631881631658
 10
127.50018079418469
 20
-47.45263984975245
 10
127.50427377600711
 20
-47.36932529028613
 10
127.50449952591622
 20
-47.365650757201436
 10
127.5048153853898
 20
-47.36198287099752
 10
127.50522116416596
 20
-47.35832384107188
 10
127.5057166178187
 20
-47.35467587148731
 10
127.51795614568168
 20
-47.272163676770354
 10
127.51854097576827
 20
-47.26852896492735
 10
127.51921483000893
 20
-47.264909700240395
 10
127.51997730249906
 20
-47.26130806281921
 10
127.52082793395373
 20
-47.257726222155505
 10
127.54109613451311
 20
-47.17681102972898
 10
127.54203441254377
 20
-47.17325114338961
 10
127.54305977196678
 20
-47.169715355717
 10
127.54417159514401
 20
-47.16620579653747
 10
127.54536921235471
 20
-47.16272457987821
 10
127.5695258586256
 20
-47.09521127627845
 10
127.41686305766989
 20
-46.942548190640814
 10
127.38791814235067
 20
-46.99935459633204
 10
127.32954724624189
 20
-47.17900152095776
 10
127.29999988877913
 20
-47.36554870704954
 10
127.29999988757524
 20
-47.55445022209298
 10
127.32954731178285
 20
-47.74099695608306
 10
127.33245868993531
 20
-47.7499574688931
 10
127.33355328054071
 20
-47.75347256085639
 10
127.33456127409566
 20
-47.757013457507945
 10
127.33548206338472
 20
-47.76057802581126
 10
127.33631509372432
 20
-47.764164118470006
 10
127.3370598632969
 20
-47.7677695752216
 10
127.3377159234532
 20
-47.7713922241385
 10
127.33828287898251
 20
-47.77502988293663
 10
127.33876038835076
 20
-47.77868036028995
 10
127.35017838490262
 20
-47.87516133074576
 10
127.35056614095738
 20
-47.87882221909624
 10
127.3508639398493
 20
-47.882491520677284
 10
127.35107160220473
 20
-47.88616702535268
 10
127.35118900294205
 20
-47.889846519249886
 10
127.3512160713471
 20
-47.89352778609353
 10
127.35115279111571
 20
-47.89720860854035
 10
127.35099920036359
 20
-47.90088676951474
 10
127.35075539160327
 20
-47.9045600535442
 10
127.35042151168848
 20
-47.90822624809376
 10
127.34999776172565
 20
-47.91188314489866
 10
127.34948439695273
 20
-47.91552854129447
 10
127.34888172658556
 20
-47.919160241543835
 10
127.34819011363153
 20
-47.922776058159
 10
127.34740997467095
 20
-47.926373813219435
 10
127.34654177960617
 20
-47.929951339683655
 10
127.34558605137849
 20
-47.93350648269449
 10
127.31921406227261
 20
-48.02701344441328
 10
127.31817132780566
 20
-48.03054422047979
 10
127.31704225616367
 20
-48.03404834262773
 10
127.31582752748324
 20
-48.03752370002422
 10
127.31452787349944
 20
-48.040968199163835
 10
127.31314407710522
 20
-48.04437976512975
 10
127.31167697187965
 20
-48.04775634284357
 10
127.31012744158585
 20
-48.05109589830336
 10
127.30849641963864
 20
-48.05439641980884
 10
127.30678488854223
 20
-48.05765591917322
 10
127.30499387929838
 20
-48.06087243292088
 10
127.30312447078536
 20
-48.064044023470096
 10
127.30117778910804
 20
-48.06716878030025
 10
127.29915500691949
 20
-48.07024482110266
 10
127.2970573427147
 20
-48.073270292914515
 10
127.29488606009645
 20
-48.07624337323501
 10
127.29264246701423
 20
-48.07916227112323
 10
127.23249349012215
 20
-48.155459241963364
 10
127.23019168664298
 20
-48.15830681778188
 10
127.22782106374326
 20
-48.16109736152213
 10
127.22538303399706
 20
-48.163829210393416
 10
127.22287905014389
 20
-48.16650073657934
 10
127.22031060422312
 20
-48.16911034820772
 10
127.21767922668485
 20
-48.1716564902992
 10
127.21498648547802
 20
-48.17413764569377
 10
127.21223398511611
 20
-48.176552335954774
 10
127.20942336572105
 20
-48.17889912224991
 10
127.20655630204594
 20
-48.181176606208545
 10
127.20363450247713
 20
-48.18338343075495
 10
127.20065970801623
 20
-48.18551828091697
 10
127.19763369124271
 20
-48.18757988460956
 10
127.19455825525769
 20
-48.189567013392754
 10
127.17352008714302
 20
-48.20279923409278
 10
127.17331042311382
 20
-48.202991200668336
 10
127.17053454000272
 20
-48.20541024094846
 10
127.16770011793442
 20
-48.20776041848688
 10
127.1648088647786
 20
-48.21004031719349
 10
127.16186252264833
 20
-48.21224856332442
 10
127.15886286685031
 20
-48.214383826309806
 10
127.15581170481514
 20
-48.216444819555434
 10
127.15271087500834
 20
-48.218430301218056
 10
127.14956224582252
 20
-48.220339074953635
 10
127.14636771445164
 20
-48.22216999063816
 10
127.14237599449783
 20
-48.22439317189185
 10
126.97601561592462
 20
-48.33835326181551
 10
126.83835327350037
 20
-48.47601560192203
 10
126.72832743768195
 20
-48.63663270303605
 10
126.64969029780693
 20
-48.814727012584704
 10
126.60471806591165
 20
-49.00593911401071
 10
126.59949988758372
 20
-49.0811044376479
  0
LWPOLYLINE
  5
3A
330
17
100
AcDbEntity
  8
0
100
AcDbPolyline
 90
76
 70
0
 10
132.37394907461535
 20
-49.90394888749999
 10
132.37026789104783
 20
-49.90390370969496
 10
132.3665889249025
 20
-49.90376820473919
 10
132.36291439225042
 20
-49.90354245425579
 10
132.35924650649227
 20
-49.9032265942284
 10
132.35558747702476
 20
-49.902820814919224
 10
132.35193950790998
 20
-49.9023253607545
 10
132.3483047965476
 20
-49.90174053017723
 10
132.34468553235143
 20
-49.901066675467405
 10
132.34108389543036
 20
-49.900304202529824
 10
132.33750205527534
 20
-49.89945357064957
 10
132.33394216945248
 20
-49.89851529221537
 10
132.33040638230347
 20
-49.89748993241095
 10
132.32689682365375
 20
-49.89637810887458
 10
132.32341560752982
 20
-49.89518049132704
 10
132.3199648308856
 20
-49.8938978011682
 10
132.31654657233952
 20
-49.89253081104249
 10
132.3131628909222
 20
-49.891080344373464
 10
132.30981582483642
 20
-49.88954727486782
 10
132.30650739022914
 20
-49.88793252598911
 10
132.30323957997732
 20
-49.88623707040145
 10
132.30001436248713
 20
-49.88446192938369
 10
132.29683368050866
 20
-49.88260817221417
 10
132.29369944996535
 20
-49.88067691552664
 10
132.29061355880006
 20
-49.87866932263767
 10
132.28757786583787
 20
-49.87658660284589
 10
132.28459419966632
 20
-49.87443001070355
 10
132.2816643575339
 20
-49.872200845260835
 10
132.27879010426764
 20
-49.86990044928337
 10
132.27597317120984
 20
-49.86753020844337
 10
132.27321525517524
 20
-49.86509155048499
 10
132.27051801742905
 20
-49.86258594436427
 10
132.267883082686
 20
-49.86001489936432
 10
132.26531203813198
 20
-49.857379964186194
 10
132.2628064324677
 20
-49.85468272601595
 10
132.26036777497606
 20
-49.85192480956868
 10
132.25799753461277
 20
-49.84910787610975
 10
132.2556971391217
 20
-49.846233622454186
 10
132.2534679741748
 20
-49.84330377994454
 10
132.2513113825374
 20
-49.84032011340801
 10
132.24922866325937
 20
-49.837284420093354
 10
132.2472210708926
 20
-49.83419852858833
 10
132.24528981473551
 20
-49.831064297718186
 10
132.24343605810424
 20
-49.827883615425996
 10
132.2416609176323
 20
-49.824658397635424
 10
132.23996546259767
 20
-49.82139058709666
 10
132.23835071427882
 20
-49.818082152216135
 10
132.2368176453396
 20
-49.81473508587091
 10
132.2353671792432
 20
-49.81135140420813
 10
132.23400018969596
 20
-49.807933145430695
 10
132.2327175001211
 20
-49.80448236856942
 10
132.2315198831627
 20
-49.801001152242804
 10
132.23040806022024
 20
-49.79749159340494
 10
132.2293827010142
 20
-49.79395580608239
 10
132.22844442318245
 20
-49.79039592010076
 10
132.22759379190833
 20
-49.786814079801786
 10
132.22683131958027
 20
-49.78321244275168
 10
132.22615746548294
 20
-49.77959317844145
 10
132.22557263552076
 20
-49.77595846698012
 10
132.2250771819734
 20
-49.77231049778149
 10
132.22467140328345
 20
-49.76865146824532
 10
132.22435554387675
 20
-49.76498358243371
 10
132.22412979401523
 20
-49.76130904974345
 10
132.22399428968205
 20
-49.75763008357515
 10
132.22394911249998
 20
-49.7539489
 10
132.22394911249998
 20
-49.25394896449995
 10
132.0239497543054
 20
-49.25394892050001
 10
132.0239489002213
 20
-49.79374108245221
 10
132.02747662960772
 20
-49.82655431487461
 10
132.04299297028118
 20
-49.868157082199644
 10
132.25973990236858
 20
-50.08490402587779
 10
132.30133847547424
 20
-50.100419672432025
 10
132.3341565792112
 20
-50.10394812336003
 10
132.87394833960053
 20
-50.10394889740492
 10
132.87394878125713
 20
-49.90394897211533
 10
132.37394907461535
 20
-49.90394888749999
  0
LWPOLYLINE
  5
3B
330
17
100
AcDbEntity
  8
0
100
AcDbPolyline
 90
46
 70
0
 10
127.98254823750527
 20
-46.37686325062058
 10
128.13521090349457
 20
-46.529525992028184
 10
128.20272457932776
 20
-46.50536921252614
 10
128.2062057959863
 20
-46.50417159531344
 10
128.20971535516517
 20
-46.50305977213421
 10
128.21325114283715
 20
-46.50203441270915
 10
128.21681102917597
 20
-46.50109613467645
 10
128.29772622159047
 20
-46.48082793407045
 10
128.3013080622537
 20
-46.479977302613705
 10
128.30490969967443
 20
-46.4792148301215
 10
128.30852896436102
 20
-46.47854097587875
 10
128.31216367620368
 20
-46.47795614579007
 10
128.39467587091366
 20
-46.46571661787947
 10
128.39832384049794
 20
-46.465221164224616
 10
128.40198287042338
 20
-46.46481538544635
 10
128.40565075662713
 20
-46.46449952597064
 10
128.4093252897117
 20
-46.46427377605942
 10
128.49263984917587
 20
-46.46018079418893
 10
128.49631881573993
 20
-46.4600452898255
 10
128.49999999971158
 20
-46.460000112632635
 10
128.50368118368326
 20
-46.46004528982338
 10
128.5073601502474
 20
-46.46018079418468
 10
128.59067470971402
 20
-46.46427377600712
 10
128.59434924279873
 20
-46.46449952591622
 10
128.59801712900264
 20
-46.46481538538982
 10
128.6016761589283
 20
-46.46522116416597
 10
128.60532412851288
 20
-46.46571661781872
 10
128.68783632322965
 20
-46.47795614568168
 10
128.69147103507265
 20
-46.47854097576827
 10
128.69509029975958
 20
-46.47921483000893
 10
128.69869193718077
 20
-46.47997730249905
 10
128.70227377784448
 20
-46.48082793395373
 10
128.78318897027103
 20
-46.501096134513126
 10
128.7867488566104
 20
-46.50203441254378
 10
128.790284644283
 20
-46.5030597719668
 10
128.7937942034625
 20
-46.504171595144015
 10
128.79727542012176
 20
-46.505369212354715
 10
128.8647873096732
 20
-46.529525352671016
 10
129.0174508574225
 20
-46.37686257248005
 10
128.96064483501692
 20
-46.347918282504544
 10
128.78099747904227
 20
-46.28954724624189
 10
128.5944502929505
 20
-46.259999888779156
 10
128.40554872234597
 20
-46.25999988757524
 10
128.21900128542762
 20
-46.28954728232904
 10
128.03936364013225
 20
-46.347914493536116
 10
127.98254823750527
 20
-46.37686325062058
  0
LWPOLYLINE
  5
3C
330
17
100
AcDbEntity
  8
0
100
AcDbPolyline
 90
582
 70
0
 10
127.65000008991302
 20
-51.0499998825
 10
128.20596659707235
 20
-51.0499999105401
 10
130.82798334162118
 20
-53.672016655080625
 10
130.83149658862726
 20
-53.67544471515609
 10
130.83509290631525
 20
-53.67878552336573
 10
130.8896553049318
 20
-53.72823799885424
 10
130.89333252698975
 20
-53.73148954279882
 10
130.89708843842013
 20
-53.734649863892294
 10
130.9009207768024
 20
-53.73771705847542
 10
130.90482723367916
 20
-53.74068927898487
 10
130.9639740875898
 20
-53.78455557546803
 10
130.9679523098576
 20
-53.787431031549325
 10
130.971999901184
 20
-53.790207991135226
 10
130.97611442345138
 20
-53.79288478148911
 10
130.98029339822534
 20
-53.79545979021255
 10
131.04345509280566
 20
-53.83331745300819
 10
131.04769600282808
 20
-53.83578912901222
 10
131.0519962935333
 20
-53.83815598345164
 10
131.05635337458708
 20
-53.84041659062184
 10
131.06076462144665
 20
-53.84256958881759
 10
131.1273328750507
 20
-53.8740540279383
 10
131.13179563054592
 20
-53.876098120274
 10
131.13630720647976
 20
-53.87803207546485
 10
131.14086488524757
 20
-53.87985472856857
 10
131.14546592147408
 20
-53.88156498168707
 10
131.21479964542968
 20
-53.906372984772894
 10
131.21944126762276
 20
-53.90796980771367
 10
131.2241206798427
 20
-53.90945223861027
 10
131.22883506338658
 20
-53.91081938450176
 10
131.23358157848602
 20
-53.91207042187057
 10
131.30501305112983
 20
-53.92996307429028
 10
131.30978883866158
 20
-53.93109724955827
 10
131.31459102186983
 20
-53.93211387954068
 10
131.31941670809903
 20
-53.93301235185762
 10
131.3242629905362
 20
-53.93379212530297
 10
131.3971042877378
 20
-53.944597111032635
 10
131.4019682471515
 20
-53.945257715898535
 10
131.4068469536865
 20
-53.9457987542634
 10
131.41173746859243
 20
-53.94621990022595
 10
131.416636846006
 20
-53.94652090010361
 10
131.49018646858696
 20
-53.950134161356715
 10
131.49509175731063
 20
-53.95031483383851
 10
131.50000000257774
 20
-53.9503750700938
 10
135.499999997668
 20
-53.95037507008778
 10
135.5049082429756
 20
-53.950314833831484
 10
135.50981353173972
 20
-53.95013416134669
 10
135.58336315456344
 20
-53.946520900051546
 10
135.5882625319891
 20
-53.94621990017098
 10
135.59315304690705
 20
-53.94579875420494
 10
135.59803175345394
 20
-53.945257715835986
 10
135.60289571287936
 20
-53.94459711096541
 10
135.67573701007416
 20
-53.93379212518811
 10
135.68058329251082
 20
-53.93301235173959
 10
135.68540897873945
 20
-53.93211387941949
 10
135.69021116194708
 20
-53.93109724943394
 10
135.69498694947808
 20
-53.92996307416282
 10
135.76641842210984
 20
-53.912070421696505
 10
135.77116493720843
 20
-53.910819384324604
 10
135.7758793207514
 20
-53.90945223843005
 10
135.78055873297032
 20
-53.9079698075304
 10
135.78520035516232
 20
-53.9063729845866
 10
135.8545340791016
 20
-53.88156498145555
 10
135.859135115327
 20
-53.87985472833403
 10
135.86369279409365
 20
-53.87803207522734
 10
135.86820437002623
 20
-53.87609812003353
 10
135.87266712552014
 20
-53.8740540276949
 10
135.93923537910382
 20
-53.84256958853061
 10
135.943646625962
 20
-53.84041659033198
 10
135.9480037070143
 20
-53.83815598315893
 10
135.952303997718
 20
-53.8357891287167
 10
135.9565449077388
 20
-53.8333174527099
 10
136.0197066022947
 20
-53.795459789872794
 10
136.02388557706698
 20
-53.79288478114661
 10
136.02800009933262
 20
-53.79020799079004
 10
136.0320476906572
 20
-53.78743103120149
 10
136.03602591292312
 20
-53.78455557511759
 10
136.09517276680492
 20
-53.74068927859589
 10
136.09907922367012
 20
-53.73771705809142
 10
136.10291156204107
 20
-53.73464986351379
 10
136.10666747346053
 20
-53.73148954242631
 10
136.11034469550788
 20
-53.728237998488225
 10
136.16490709392275
 20
-53.67878552314188
 10
136.16850341158005
 20
-53.6754447149587
 10
136.17201665855674
 20
-53.67201665491116
 10
138.17201665508122
 20
-51.67201665837815
 10
138.17544471515663
 20
-51.66850341137215
 10
138.1787855233662
 20
-51.66490709368423
 10
138.22823799885435
 20
-51.61034469506811
 10
138.23148954279895
 20
-51.60666747301013
 10
138.23464986389249
 20
-51.60291156157969
 10
138.23771705847565
 20
-51.599079223197386
 10
138.24068927898512
 20
-51.595172766320566
 10
138.28455557546818
 20
-51.536025912409976
 10
138.28743103154946
 20
-51.53204769014223
 10
138.29020799113533
 20
-51.528000098815845
 10
138.2928847814892
 20
-51.5238855765485
 10
138.29545979021262
 20
-51.519706601774566
 10
138.33331745300808
 20
-51.45654490719455
 10
138.33578912901208
 20
-51.45230399717214
 10
138.33815598345151
 20
-51.44800370646689
 10
138.34041659062171
 20
-51.44364662541313
 10
138.34256958881747
 20
-51.43923537855356
 10
138.3740540279385
 20
-51.3726671249488
 10
138.37609812027424
 20
-51.368204369453515
 10
138.37803207546511
 20
-51.36369279351962
 10
138.37985472856883
 20
-51.35913511475175
 10
138.38156498168735
 20
-51.35453407852518
 10
138.40637298477313
 20
-51.28520035456942
 10
138.40796980771387
 20
-51.280558732376434
 10
138.40945223861044
 20
-51.27587932015658
 10
138.4108193845019
 20
-51.271164936612784
 10
138.4120704218707
 20
-51.266418421513436
 10
138.4299630742902
 20
-51.19498694887064
 10
138.4310972495582
 20
-51.19021116133886
 10
138.43211387954062
 20
-51.18540897813055
 10
138.43301235185757
 20
-51.18058329190133
 10
138.43379212530294
 20
-51.17573700946412
 10
138.44459711103264
 20
-51.10289571226226
 10
138.44525771589852
 20
-51.09803175284856
 10
138.4457987542634
 20
-51.09315304631355
 10
138.44621990022594
 20
-51.08826253140762
 10
138.4465209001036
 20
-51.08336315399405
 10
138.45013416135671
 20
-51.00981353141267
 10
138.45031483383855
 20
-51.00490824268784
 10
138.4503750700938
 20
-50.9999999974196
 10
138.45037507008777
 20
-50.54000000232949
 10
138.45031483383144
 20
-50.53509175702301
 10
138.45013416134668
 20
-50.530186468260005
 10
138.44652090005152
 20
-50.456636845436435
 10
138.44621990017097
 20
-50.451737468010805
 10
138.44579875420493
 20
-50.446846953092916
 10
138.44525771583596
 20
-50.441968246546075
 10
138.4445971109654
 20
-50.43710428712069
 10
138.43379212518818
 20
-50.36426298992621
 10
138.43301235173968
 20
-50.35941670748948
 10
138.43211387941955
 20
-50.354591021260816
 10
138.43109724943398
 20
-50.34978883805315
 10
138.42996307416286
 20
-50.345013050522084
 10
138.4120704216963
 20
-50.27358157788959
 10
138.4108193843244
 20
-50.26883506279101
 10
138.40945223842985
 20
-50.26412067924807
 10
138.4079698075302
 20
-50.259441267029146
 10
138.40637298458643
 20
-50.25479964483716
 10
138.3815649814554
 20
-50.185465920898004
 10
138.37985472833387
 20
-50.18086488467257
 10
138.37803207522717
 20
-50.17630720590592
 10
138.37609812003333
 20
-50.17179562997331
 10
138.3740540276947
 20
-50.167332874479385
 10
138.34256958853047
 20
-50.100764620895916
 10
138.34041659033184
 20
-50.096353374037776
 10
138.3381559831588
 20
-50.09199629298551
 10
138.33578912871658
 20
-50.08769600228184
 10
138.33331745270982
 20
-50.08345509226107
 10
138.29545978987278
 20
-50.02029339770528
 10
138.2928847811466
 20
-50.016114422932986
 10
138.29020799079
 20
-50.011999900667355
 10
138.28743103120146
 20
-50.007952309342755
 10
138.28455557511757
 20
-50.00397408707685
 10
138.24068927859582
 20
-49.94482723319499
 10
138.23771705809133
 20
-49.940920776329804
 10
138.2346498635137
 20
-49.93708843795882
 10
138.23148954242623
 20
-49.93333252653937
 10
138.22823799848814
 20
-49.929655304492016
 10
138.17878552314147
 20
-49.87509290607681
 10
138.17544471553006
 20
-49.87149658902008
 10
138.17201665608343
 20
-49.8679833426155
 10
136.87624346584832
 20
-48.572210130897
 10
136.8692014399162
 20
-48.54409678751899
 10
136.86795040254466
 20
-48.53935027242099
 10
136.8665832566505
 20
-48.53463588887862
 10
136.86510082575128
 20
-48.52995647666023
 10
136.86350400280796
 20
-48.52531485446878
 10
136.833749283197
 20
-48.44215598412963
 10
136.83203903007572
 20
-48.43755494790412
 10
136.83021637696925
 20
-48.432997269137374
 10
136.8282824217757
 20
-48.42848569320467
 10
136.8262383294373
 20
-48.424022937710646
 10
136.7884758922703
 20
-48.344180972589285
 10
136.7863228940719
 20
-48.33976972573102
 10
136.78406228689911
 20
-48.33541264467862
 10
136.78169543245713
 20
-48.33111235397481
 10
136.77922375645056
 20
-48.3268714439539
 10
136.7338172746406
 20
-48.25111530582057
 10
136.73124226591463
 20
-48.24693633104813
 10
136.7285654755583
 20
-48.24282180878236
 10
136.72578851596995
 20
-48.23877421745762
 10
136.72291305988628
 20
-48.234795995191554
 10
136.67029982267474
 20
-48.16385525706898
 10
136.66732760216294
 20
-48.159948800193995
 10
136.66426040757753
 20
-48.15611646181358
 10
136.6611000864818
 20
-48.152360550385076
 10
136.65784854253502
 20
-48.1486833283291
 10
136.598535244158
 20
-48.0832411883059
 10
136.59519443596864
 20
-48.079644870643456
 10
136.59176637591463
 20
-48.076131623661894
 10
136.5882531289312
 20
-48.07270356360981
 10
136.58465681126694
 20
-48.069362755422404
 10
136.51921467121102
 20
-48.01004945708065
 10
136.51553744915324
 20
-48.006797913135856
 10
136.511781537723
 20
-48.00363759204216
 10
136.5079491993409
 20
-48.00057039745882
 10
136.5040427424643
 20
-47.997598176949154
 10
136.43310200431293
 20
-47.9449849397762
 10
136.4291237820453
 20
-47.942109483694686
 10
136.42507619071907
 20
-47.93933252410858
 10
136.42096166845184
 20
-47.93665573375448
 10
136.41678269367802
 20
-47.93408072503082
 10
136.34102655552016
 20
-47.88867424326224
 10
136.33678564549788
 20
-47.886202567257975
 10
136.33248535479277
 20
-47.883835712818325
 10
136.32812827373914
 20
-47.88157510564788
 10
136.32371702687968
 20
-47.879422107451894
 10
136.24387506173773
 20
-47.84165967032841
 10
136.2394123062426
 20
-47.83961557799247
 10
136.23490073030885
 20
-47.83768162280137
 10
136.23034305154115
 20
-47.835858969697405
 10
136.22574201531472
 20
-47.83414871657865
 10
136.14258314495913
 20
-47.8043939970129
 10
136.13794152276617
 20
-47.80279717407187
 10
136.1332621105463
 20
-47.80131474317502
 10
136.12854772700248
 20
-47.79994759728328
 10
136.12380121190313
 20
-47.798696559914205
 10
136.03812630171464
 20
-47.77723611212126
 10
136.03335051418296
 20
-47.77610193685301
 10
136.02854833097476
 20
-47.77508530687034
 10
136.0237226447456
 20
-47.774186834553134
 10
136.01887636230848
 20
-47.77340706110752
 10
135.9315105085074
 20
-47.760447560931105
 10
135.92664654908157
 20
-47.759786956063444
 10
135.92176784253436
 20
-47.75924591769741
 10
135.9168773276162
 20
-47.7588247717343
 10
135.91197795019033
 20
-47.75852377185667
 10
135.82376253370722
 20
-47.75419002636785
 10
135.8188572449755
 20
-47.754009353886794
 10
135.8139489997004
 20
-47.75394911763264
 10
135.8090407544253
 20
-47.754009353889465
 10
135.80413546569366
 20
-47.754190026373195
 10
135.715920049213
 20
-47.75852377191007
 10
135.7110206717873
 20
-47.758824771790366
 10
135.70613015686934
 20
-47.75924591775615
 10
135.70125145032245
 20
-47.759786956124834
 10
135.69638749089697
 20
-47.760447560995146
 10
135.60902163710267
 20
-47.773407061219196
 10
135.60417535466595
 20
-47.774186834667454
 10
135.5993496684373
 20
-47.77508530698729
 10
135.59454748522964
 20
-47.77610193697258
 10
135.58977169769855
 20
-47.777236112243436
 10
135.50409678752212
 20
-47.79869656008299
 10
135.49935027242344
 20
-47.79994759745463
 10
135.49463588888042
 20
-47.80131474334894
 10
135.48995647666138
 20
-47.80279717424833
 10
135.4853148544693
 20
-47.80439399719187
 10
135.40215598413002
 20
-47.83414871680286
 10
135.39755494790452
 20
-47.835858969924125
 10
135.3929972691378
 20
-47.837681623030576
 10
135.3884856932051
 20
-47.83961557822414
 10
135.38402293771108
 20
-47.84165967056252
 10
135.3041809725895
 20
-47.87942210772959
 10
135.2997697257312
 20
-47.88157510592798
 10
135.2954126446788
 20
-47.883835713100794
 10
135.291112353975
 20
-47.88620256754279
 10
135.28687144395406
 20
-47.88867424354935
 10
135.2111153058206
 20
-47.934080725359394
 10
135.20693633104818
 20
-47.93665573408534
 10
135.2028218087824
 20
-47.939332524441696
 10
135.19877421745764
 20
-47.94210948403002
 10
135.19479599519158
 20
-47.944984940113706
 10
135.12385525706907
 20
-47.9975981773252
 10
135.11994880019407
 20
-48.000570397836995
 10
135.11611646181365
 20
-48.003637592422415
 10
135.11236055038515
 20
-48.00679791351815
 10
135.10868332832916
 20
-48.01004945746492
 10
135.04324118830587
 20
-48.06936275584204
 10
135.03964487064346
 20
-48.07270356403141
 10
135.0361316236619
 20
-48.07613162408539
 10
135.03270356360983
 20
-48.079644871068815
 10
135.02936275542243
 20
-48.08324118873306
 10
134.97004945708053
 20
-48.14868332878911
 10
134.9667979131357
 20
-48.1523605508469
 10
134.963637592042
 20
-48.15611646227716
 10
134.96057039745864
 20
-48.15994880065929
 10
134.95759817694895
 20
-48.163855257535936
 10
134.90498493977609
 20
-48.234795995687236
 10
134.9021094836946
 20
-48.23877421795484
 10
134.8993325241085
 20
-48.242821809281075
 10
134.89665573375441
 20
-48.24693633154828
 10
134.89408072503076
 20
-48.251115306322085
 10
134.84867424326237
 20
-48.32687144447964
 10
134.8462025672581
 20
-48.33111235450192
 10
134.84383571281845
 20
-48.33541264520704
 10
134.84157510564802
 20
-48.339769726260684
 10
134.839422107452
 20
-48.344180973120146
 10
134.8016596703282
 20
-48.42402293826281
 10
134.79961557799226
 20
-48.42848569375797
 10
134.79768162280115
 20
-48.43299726969175
 10
134.79585896969718
 20
-48.4375549484595
 10
134.7941487165784
 20
-48.44215598468597
 10
134.7643939970127
 20
-48.52531485504172
 10
134.7627971740717
 20
-48.52995647723463
 10
134.76131474317486
 20
-48.534635889454414
 10
134.75994759728314
 20
-48.539350272998135
 10
134.75869655991409
 20
-48.54409678809743
 10
134.73723611212134
 20
-48.629771698284884
 10
134.7361019368531
 20
-48.63454748581661
 10
134.7350853068704
 20
-48.63934966902486
 10
134.73418683455319
 20
-48.64417535525404
 10
134.73340706110756
 20
-48.64902163769121
 10
134.72044756093112
 20
-48.7363874914926
 10
134.71978695606347
 20
-48.741251450918405
 10
134.71924591769744
 20
-48.746130157465586
 10
134.71882477173432
 20
-48.75102067238375
 10
134.7185237718567
 20
-48.75592004980958
 10
134.71419002636785
 20
-48.84413546629289
 10
134.71400935388678
 20
-48.84904075502465
 10
134.71394911763264
 20
-48.85394900029981
 10
134.71400935388948
 20
-48.858857245574924
 10
134.7141900263732
 20
-48.86376253430659
 10
134.7185237719101
 20
-48.951977950787146
 10
134.7188247717904
 20
-48.956877328212784
 10
134.71924591775618
 20
-48.96176784313069
 10
134.71978695612486
 20
-48.96664654967755
 10
134.72044756099515
 20
-48.97151050910297
 10
134.7334070612191
 20
-49.058876362896974
 10
134.73418683466738
 20
-49.06372264533374
 10
134.73508530698723
 20
-49.068548331562454
 10
134.73610193697255
 20
-49.073350514770176
 10
134.7372361122434
 20
-49.07812630230131
 10
134.7586965600832
 20
-49.16380121247847
 10
134.75994759745484
 20
-49.16854772757711
 10
134.76131474334915
 20
-49.173262111120124
 10
134.76279717424853
 20
-49.177941523339136
 10
134.76439399719206
 20
-49.18258314553121
 10
134.79414871680302
 20
-49.265742015870366
 10
134.7958589699243
 20
-49.270343052095875
 10
134.79768162303077
 20
-49.27490073086262
 10
134.79961557822432
 20
-49.27941230679532
 10
134.8016596705627
 20
-49.28387506228935
 10
134.83942210772972
 20
-49.363717027410715
 10
134.84157510592811
 20
-49.36812827426898
 10
134.8438357131009
 20
-49.37248535532138
 10
134.8462025675429
 20
-49.37678564602519
 10
134.84867424354945
 20
-49.3810265560461
 10
134.89408072535943
 20
-49.45678269417943
 10
134.89665573408539
 20
-49.46096166895187
 10
134.89933252444172
 20
-49.46507619121764
 10
134.90210948403006
 20
-49.46912378254238
 10
134.90498494011374
 20
-49.473102004808446
 10
134.95759817732528
 20
-49.54404274293102
 10
134.96057039783707
 20
-49.547949199806006
 10
134.9636375924225
 20
-49.55178153818642
 10
134.9667979135182
 20
-49.555537449614924
 10
134.970049457465
 20
-49.5592146716709
 10
135.02936275584202
 20
-49.6246568116941
 10
135.03270356403138
 20
-49.628253129356544
 10
135.03613162408539
 20
-49.631766376338106
 10
135.03964487106882
 20
-49.635194436390194
 10
135.04324118873308
 20
-49.6385352445776
 10
135.108683328789
 20
-49.69784854291935
 10
135.11236055084677
 20
-49.701100086864145
 10
135.116116462277
 20
-49.70426040795784
 10
135.1199488006591
 20
-49.70732760254118
 10
135.12385525753572
 20
-49.710299823050846
 10
135.1947959956871
 20
-49.7629130602238
 10
135.1987742179547
 20
-49.765788516305314
 10
135.20282180928095
 20
-49.76856547589142
 10
135.20693633154818
 20
-49.77124226624552
 10
135.211115306322
 20
-49.77381727496918
 10
135.28687144447986
 20
-49.81922375673776
 10
135.29111235450213
 20
-49.821695432742025
 10
135.29541264520725
 20
-49.824062287181675
 10
135.29976972626088
 20
-49.82632289435212
 10
135.30418097312034
 20
-49.828475892548106
 10
135.3840229382623
 20
-49.86623832967159
 10
135.38848569375742
 20
-49.86828242200753
 10
135.39299726969116
 20
-49.87021637719863
 10
135.39755494845886
 20
-49.872039030302595
 10
135.4021559846853
 20
-49.87374928342135
 10
135.48531485504088
 20
-49.9035040029871
 10
135.48995646841024
 20
-49.9051008230132
 10
135.49463587166872
 20
-49.906583251429964
 10
135.49935024612947
 20
-49.90795039528133
 10
135.5040967520403
 20
-49.909201431054086
 10
135.53221015912612
 20
-49.916243478480276
 10
136.38596661720794
 20
-50.7700000649692
 10
135.1063417136563
 20
-52.04962492911616
 10
131.89365821303053
 20
-52.04962489847798
 10
129.54999988246817
 20
-49.70596652452136
 10
129.5499998822545
 20
-49.15000009992313
 10
129.54993964599714
 20
-49.1450918546488
 10
129.54975897351292
 20
-49.14018656591792
 10
129.54945797363217
 20
-49.13528718849303
 10
129.54903682766596
 20
-49.13039667357587
 10
129.5484957892969
 20
-49.12551796702977
 10
129.54783518442625
 20
-49.120654007605125
 10
129.5470554109777
 20
-49.11580772516921
 10
129.54615693865756
 20
-49.11098203894135
 10
129.54514030867205
 20
-49.10617985573448
 10
129.544006133401
 20
-49.10140406820421
 10
129.5427550960292
 20
-49.09665755310636
 10
129.54138795013478
 20
-49.091943169564146
 10
129.5399055192353
 20
-49.08726375734592
 10
129.53830869629172
 20
-49.08262213515464
 10
129.53659844317045
 20
-49.078021098929945
 10
129.53477579006403
 20
-49.07346342016401
 10
129.53284183487054
 20
-49.0689518442321
 10
129.5307977425323
 20
-49.064489088738874
 10
129.52864474433403
 20
-49.060077841881345
 10
129.5263841371614
 20
-49.05572076082968
 10
129.5240172827196
 20
-49.05142047012658
 10
129.52154560671326
 20
-49.04717956010637
 10
129.5189705979876
 20
-49.04300058533467
 10
129.51629380763157
 20
-49.03888606306961
 10
129.51351684804362
 20
-49.03483847174556
 10
129.51064139196032
 20
-49.03086024948017
 10
129.50766917144892
 20
-49.02695379260579
 10
129.5046019768639
 20
-49.023121454225965
 10
129.50144165576864
 20
-49.01936554279803
 10
129.49819011182234
 20
-49.01568832074259
 10
129.4948493036335
 20
-49.01209200308071
 10
129.49142124358005
 20
-49.00857875609967
 10
129.4879079965972
 20
-49.00515069604809
 10
129.48431167893355
 20
-49.00180988786115
 10
129.4806344568764
 20
-48.99855834391679
 10
129.4768785454468
 20
-48.995398022823494
 10
129.47304620706535
 20
-48.99233082824052
 10
129.46913975018938
 20
-48.989358607731184
 10
129.46516152792248
 20
-48.98648315164999
 10
129.46111393659697
 20
-48.98370619206417
 10
129.45699941433048
 20
-48.981029401710316
 10
129.45282043955743
 20
-48.97845439298687
 10
129.44857952953592
 20
-48.975982716982784
 10
129.44427923883157
 20
-48.97361586254327
 10
129.4399221577787
 20
-48.971355255372934
 10
129.43551091092004
 20
-48.969202257177
 10
129.4310481554257
 20
-48.967158164841095
 10
129.4265365794928
 20
-48.96522420964999
 10
129.4219789007259
 20
-48.96340155654598
 10
129.41737786450028
 20
-48.96169130342715
 10
129.41273624230817
 20
-48.96009448048602
 10
129.40805683008915
 20
-48.95861204958902
 10
129.40334244654622
 20
-48.95724490369709
 10
129.39859593144772
 20
-48.9559938663278
 10
129.39382014391683
 20
-48.954859691059276
 10
129.38901796070942
 20
-48.95384306107629
 10
129.3841922744811
 20
-48.95294458875873
 10
129.37934599204476
 20
-48.952164815312734
 10
129.37448203261977
 20
-48.951504210444654
 10
129.3696033260734
 20
-48.95096317207817
 10
129.364712811156
 20
-48.950542026114555
 10
129.35981343373095
 20
-48.95024102623639
 10
129.354908145
 20
-48.95006035375476
 10
129.34999989972562
 20
-48.9500001175
 10
127.65000009997111
 20
-48.95000011774556
 10
127.64509185469646
 20
-48.95006035400175
 10
127.64018656596525
 20
-48.950241026484825
 10
127.63528718853999
 20
-48.95054202636443
 10
127.63039667362243
 20
-48.95096317232951
 10
127.62551796707591
 20
-48.95150421069747
 10
127.62065400765081
 20
-48.95216481556704
 10
127.61580772521442
 20
-48.952944589014535
 10
127.61098203898607
 20
-48.95384306133359
 10
127.60617985577868
 20
-48.954859691318084
 10
127.60140406824786
 20
-48.95599386658812
 10
127.59665755314944
 20
-48.95724490395894
 10
127.59194316960662
 20
-48.95861204985239
 10
127.58726375738779
 20
-48.96009448075092
 10
127.58262213519588
 20
-48.961691303693584
 10
127.57802109897052
 20
-48.96340155681395
 10
127.57346342020392
 20
-48.96522420991949
 10
127.56895184427133
 20
-48.967158165112124
 10
127.56448908877739
 20
-48.96920225744957
 10
127.56007784191914
 20
-48.97135525564702
 10
127.55572076086672
 20
-48.973615862818875
 10
127.55142047016287
 20
-48.97598271725991
 10
127.54717956014188
 20
-48.97845439326551
 10
127.5430005853694
 20
-48.98102940199046
 10
127.53888606310355
 20
-48.98370619234581
 10
127.53483847177868
 20
-48.986483151933115
 10
127.53086024951247
 20
-48.989358608015785
 10
127.52695379263726
 20
-48.992330828526576
 10
127.5231214542566
 20
-48.99539802311101
 10
127.5193655428278
 20
-48.99855834420574
 10
127.5156883207715
 20
-49.00180988815152
 10
127.51209200310876
 20
-49.00515069633987
 10
127.50857875612684
 20
-49.008578756392836
 10
127.50515069607438
 20
-49.012092003375244
 10
127.50180988788655
 20
-49.015688321038475
 10
127.49855834394131
 20
-49.01936554309525
 10
127.49539802284711
 20
-49.023121454524485
 10
127.49233082826323
 20
-49.0269537929056
 10
127.489358607753
 20
-49.03086024978124
 10
127.48648315167092
 20
-49.034838472047866
 10
127.48370619208418
 20
-49.03888606337313
 10
127.48102940172944
 20
-49.043000585639376
 10
127.4784543930051
 20
-49.04717956041223
 10
127.47598271700011
 20
-49.05142047043357
 10
127.4736158625597
 20
-49.05572076113777
 10
127.47135525538846
 20
-49.0600778421905
 10
127.46920225719165
 20
-49.06448908904907
 10
127.46715816485485
 20
-49.06895184454331
 10
127.46522420966286
 20
-49.07346342047618
 10
127.46340155655798
 20
-49.078021099243045
 10
127.46169130343829
 20
-49.08262213546864
 10
127.4600944804963
 20
-49.087263757660786
 10
127.45861204959844
 20
-49.09194316987983
 10
127.45724490370567
 20
-49.096657553422844
 10
127.45599386633555
 20
-49.10140406852144
 10
127.45485969106619
 20
-49.10617985605243
 10
127.4538430610824
 20
-49.11098203925996
 10
127.45294458876403
 20
-49.11580772548845
 10
127.45216481531723
 20
-49.120654007924955
 10
127.45150421044838
 20
-49.12551796735015
 10
127.45096317208112
 20
-49.13039667389675
 10
127.45054202611675
 20
-49.13528718881436
 10
127.45024102623785
 20
-49.14018656623966
 10
127.45006035375548
 20
-49.1450918549709
 10
127.4500001175
 20
-49.15000010024556
 10
127.4500001175
 20
-50.8499999
 10
127.45006035375162
 20
-50.85490814511755
 10
127.45024102622241
 20
-50.85981343369196
 10
127.45054202608206
 20
-50.86471281096101
 10
127.4509631720195
 20
-50.86960332572321
 10
127.45150421035218
 20
-50.87448203211554
 10
127.45216481517888
 20
-50.87934599138787
 10
127.45294458857596
 20
-50.88419227367321
 10
127.45384306083712
 20
-50.8890179597525
 10
127.4548596907563
 20
-50.893820142813084
 10
127.45599386595367
 20
-50.89859593019964
 10
127.45724490324459
 20
-50.90334244515661
 10
127.458612049051
 20
-50.908056828561044
 10
127.46009447985543
 20
-50.91273624064484
 10
127.46169130269706
 20
-50.91737786270533
 10
127.46340155570958
 20
-50.92197889880311
 10
127.4652242087006
 20
-50.92653657744627
 10
127.46715816377218
 20
-50.93104815325979
 10
127.46920225598217
 20
-50.93551090863926
 10
127.47135525404593
 20
-50.9399221553879
 10
127.47361586107802
 20
-50.94427923633578
 10
127.47598271537339
 20
-50.948579526940435
 10
127.4784543912276
 20
-50.95282043686776
 10
127.48102939979563
 20
-50.95699941155236
 10
127.4837061899887
 20
-50.961113933736314
 10
127.4864831494086
 20
-50.965161524985454
 10
127.48935860531893
 20
-50.96913974718234
 10
127.49233082565266
 20
-50.97304620399481
 10
127.49539802005552
 20
-50.97687854231951
 10
127.49855834096442
 20
-50.98063445369929
 10
127.50180988472034
 20
-50.984311675713705
 10
127.50515069271502
 20
-50.98790799334187
 10
127.50857875257077
 20
-50.99142124029665
 10
127.51209199935266
 20
-50.994849300329605
 10
127.51568831681233
 20
-50.99819010850566
 10
127.51936553866277
 20
-51.001441652447035
 10
127.52312144988315
 20
-51.00460197354536
 10
127.52695378805316
 20
-51.00766916814152
 10
127.53086024471573
 20
-51.01064138867227
 10
127.53483846676758
 20
-51.01351684478323
 10
127.53888605787667
 20
-51.016293804407276
 10
127.54300057992562
 20
-51.01897059480787
 10
127.54717955448035
 20
-51.02154560358666
 10
127.55142046428301
 20
-51.02401727965476
 10
127.5557207547683
 20
-51.02638413416701
 10
127.56007783560217
 20
-51.02864474141885
 10
127.56448908224222
 20
-51.03079773970509
 10
127.5689518375186
 20
-51.03284183214016
 10
127.57346341323458
 20
-51.03477578743928
 10
127.57802109178581
 20
-51.036598440660164
 10
127.58262212779734
 20
-51.03830869390474
 10
127.58726374977728
 20
-51.03990551698047
 10
127.59194316178632
 20
-51.04138794802091
 10
127.5966575451218
 20
-51.04275509406508
 10
127.60140406001567
 20
-51.04400613159539
 10
127.60617984734502
 20
-51.04514030703364
 10
127.61098203035434
 20
-51.046156937195015
 10
127.61580771638832
 20
-51.04705540969956
 10
127.62065399863432
 20
-51.04783518334106
 10
127.62551795787334
 20
-51.048495788413064
 10
127.63039666423838
 20
-51.0490368269918
 10
127.63528717897934
 20
-51.0494579731759
 10
127.6401865562332
 20
-51.049758973282636
 10
127.64509184479851
 20
-51.04993964600084
 10
127.65000008991302
 20
-51.0499998825
  0
LWPOLYLINE
  5
3D
330
17
100
AcDbEntity
  8
0
100
AcDbPolyline
 90
392
 70
0
 10
122.14444911749999
 20
-42.51210100163603
 10
122.14444911750267
 20
-55.19579599844611
 10
122.14455615356184
 20
-55.202338395804766
 10
122.14508915345743
 20
-55.21862339253336
 10
122.14541027798413
 20
-55.22516078484693
 10
122.16125727767887
 20
-55.46695478002549
 10
122.1615903650952
 20
-55.47130828251801
 10
122.16201840936618
 20
-55.47565347633203
 10
122.16254120648667
 20
-55.47998829055528
 10
122.16679320564234
 20
-55.51227528406219
 10
122.16740965469062
 20
-55.5165921203041
 10
122.168120072236
 20
-55.52089449075303
 10
122.16892412056214
 20
-55.52518035016017
 10
122.21460411929598
 20
-55.7548273437399
 10
122.2155015291027
 20
-55.759095164106256
 10
122.21649178306886
 20
-55.76334240228219
 10
122.21757441033769
 20
-55.76756703874435
 10
122.22600040865358
 20
-55.799017032416984
 10
122.22717604085425
 20
-55.80322099197687
 10
122.22844314419518
 20
-55.8073982920829
 10
122.22980111504766
 20
-55.81154694273297
 10
122.3050701129527
 20
-56.033281936528155
 10
122.30651732703565
 20
-56.037397276109566
 10
122.30805395510961
 20
-56.04148007204306
 10
122.30967926610644
 20
-56.045528381892346
 10
122.32212926361085
 20
-56.075586375839244
 10
122.32384316595223
 20
-56.07959982286627
 10
122.32564423014308
 20
-56.0835749185953
 10
122.32753159864177
 20
-56.087509770361855
 10
122.43110359575498
 20
-56.29753276448384
 10
122.43307605906604
 20
-56.30142490162948
 10
122.4351329628443
 20
-56.30527308170855
 10
122.43727332803718
 20
-56.30907547305021
 10
122.4535443247726
 20
-56.33725746737446
 10
122.45576690970209
 20
-56.34101189277851
 10
122.45807086332712
 20
-56.34471694224878
 10
122.46045508921934
 20
-56.34837085258955
 10
122.49907919252364
 20
-56.406176007195434
 10
122.59054419080412
 20
-56.543063004602764
 10
122.59300816757603
 20
-56.54666490554951
 10
122.59555014735491
 20
-56.55021218771569
 10
122.59816891984858
 20
-56.55370316216261
 10
122.61799791587104
 20
-56.57954415696152
 10
122.62069137869592
 20
-56.582976095621376
 10
122.623459058456
 20
-56.586348467738986
 10
122.62629963822364
 20
-56.589659668659756
 10
122.7806776339149
 20
-56.76569266373036
 10
122.7835899664663
 20
-56.76894134095963
 10
122.786572471384
 20
-56.77212571672978
 10
122.78962372932469
 20
-56.77524427562921
 10
122.81265272470263
 20
-56.79827327099202
 10
122.81577128357682
 20
-56.80132452890457
 10
122.81895565932058
 20
-56.804307033795325
 10
122.8222043365223
 20
-56.80721936632093
 10
122.99823733160646
 20
-56.96159736199558
 10
123.00154911139008
 20
-56.96443842749101
 10
123.00492208328637
 20
-56.96720656749313
 10
123.00835464179936
 20
-56.969900464399004
 10
123.03419363661123
 20
-56.989727460404524
 10
123.03768385468446
 20
-56.99234561696809
 10
123.04123035483236
 20
-56.994887014750994
 10
123.04483144924276
 20
-56.997350444278574
 10
123.23952044380498
 20
-57.12743844063227
 10
123.24317424335214
 20
-57.12982261783587
 10
123.24687917961765
 20
-57.132126527412545
 10
123.25063348955615
 20
-57.13434907301494
 10
123.27882548389084
 20
-57.15062606973163
 10
123.2826284567052
 20
-57.15276678391461
 10
123.28647723270547
 20
-57.15482401086847
 10
123.2903699793679
 20
-57.15679677108251
 10
123.50038097350028
 20
-57.26036176817702
 10
123.50431423301978
 20
-57.26224837424613
 10
123.50828770435282
 20
-57.26404874600583
 10
123.5122994971387
 20
-57.26576202693754
 10
123.5423724910936
 20
-57.27821902442191
 10
123.54642212347042
 20
-57.27984495428292
 10
123.55050626632065
 20
-57.28138214245594
 10
123.55462297526826
 20
-57.28282985711743
 10
123.77220119348164
 20
-57.356687931190976
 10
123.77634019053892
 20
-57.35809293018074
 10
123.78048819257599
 20
-57.35945069331933
 10
123.78466483537578
 20
-57.360717617375094
 10
123.7888681298701
 20
-57.361893098993036
 10
123.82032812354832
 20
-57.37032209728819
 10
123.8245533658244
 20
-57.371404915506105
 10
123.82880121697487
 20
-57.37239533369467
 10
123.83306965659733
 20
-57.373292880782
 10
124.06271665017942
 20
-57.41897287949448
 10
124.06700382555604
 20
-57.419777159876425
 10
124.07130752146871
 20
-57.420487751977305
 10
124.07562569078455
 20
-57.4211043177908
 10
124.1079176842942
 20
-57.4253563169254
 10
124.11225090887243
 20
-57.42587885190025
 10
124.11659450425424
 20
-57.42630670374905
 10
124.1209464018152
 20
-57.42663966870862
 10
124.33347649425849
 20
-57.44056960922428
 10
124.36273458851389
 20
-57.44248754984778
 10
124.36927460769633
 20
-57.44280884655274
 10
124.38555960442473
 20
-57.44334184644298
 10
124.39210200171793
 20
-57.4434488825
 10
144.69579599844567
 20
-57.44344888249732
 10
144.70233879714303
 20
-57.44334183330214
 10
144.71862279387136
 20
-57.442808833406545
 10
144.72516298012027
 20
-57.442487512574274
 10
144.7509567704729
 20
-57.440796591873124
 10
144.96695055963417
 20
-57.42663967122461
 10
144.9713024702407
 20
-57.426306705977034
 10
144.97564607863075
 20
-57.42587885327263
 10
144.97997931616146
 20
-57.42535631687619
 10
145.01227130966825
 20
-57.42110431772039
 10
145.01658947894643
 20
-57.420487751909796
 10
145.02089317482168
 20
-57.41977715981345
 10
145.0251803501611
 20
-57.41897287943766
 10
145.25482734373927
 20
-57.37329288070414
 10
145.2590957833985
 20
-57.37239533360825
 10
145.2633436345853
 20
-57.37140491540953
 10
145.26756887689731
 20
-57.370322097179866
 10
145.29902887057003
 20
-57.36189309886403
 10
145.30323211267995
 20
-57.36071763251099
 10
145.30740870378654
 20
-57.35945072599903
 10
145.31155665489598
 20
-57.35809298265972
 10
145.45497595429072
 20
-57.30940886263797
 10
145.5332709513444
 20
-57.28282986362688
 10
145.53738347241975
 20
-57.28138360151408
 10
145.54146349412164
 20
-57.27984804734496
 10
145.54550907798003
 20
-57.27822393068078
 10
145.57559607192766
 20
-57.265762933175886
 10
145.5796113933439
 20
-57.26404834300253
 10
145.58358833004357
 20
-57.26224651059494
 10
145.58752498675497
 20
-57.260358294644675
 10
145.79752098087653
 20
-57.15679929753167
 10
145.80141194072957
 20
-57.15482744114511
 10
145.8052589706551
 20
-57.152771195308794
 10
145.8090602406412
 20
-57.15063153816804
 10
145.8372642349653
 20
-57.13434854143255
 10
145.84101994142944
 20
-57.132125274395
 10
145.8447262400675
 20
-57.12982058401006
 10
145.84838136591685
 20
-57.127435567785724
 10
146.043063360466
 20
-56.997352571415
 10
146.0466651392766
 20
-56.994888668764744
 10
146.05021230276617
 20
-56.992346768285024
 10
146.05370316216295
 20
-56.989728080151146
 10
146.07954415696148
 20
-56.96989908412896
 10
146.08297609562132
 20
-56.967205621304096
 10
146.08634846773893
 20
-56.96443794154403
 10
146.08965966865966
 20
-56.9615973617764
 10
146.26569266373022
 20
-56.80721936608523
 10
146.26894134095954
 20
-56.8043070335338
 10
146.27212571672976
 20
-56.80132452861603
 10
146.27524427562923
 20
-56.79827327067529
 10
146.2982732709923
 20
-56.77524427529705
 10
146.3013245289048
 20
-56.77212571642291
 10
146.30430703379548
 20
-56.76894134067921
 10
146.30721936632105
 20
-56.765692663477544
 10
146.46159736199567
 20
-56.589659668393494
 10
146.46443794178737
 20
-56.58634846744346
 10
146.4672056215702
 20
-56.582976095295535
 10
146.4698990844165
 20
-56.57954415660436
 10
146.48972808042245
 20
-56.55370316179172
 10
146.49234676853163
 20
-56.55021230242376
 10
146.49488866898798
 20
-56.546665138964016
 10
146.49735257161618
 20
-56.54306336018419
 10
146.6274355679692
 20
-56.34838136562302
 10
146.6298199264114
 20
-56.344727272285446
 10
146.6321240043816
 20
-56.34102203437032
 10
146.6343467052789
 20
-56.337267415345465
 10
146.65063270199548
 20
-56.309059421011035
 10
146.6527731439875
 20
-56.3052568869732
 10
146.65483011831586
 20
-56.301408560889996
 10
146.6568026458217
 20
-56.29751627463782
 10
146.76035864291617
 20
-56.0875242805055
 10
146.76224565892764
 20
-56.08359015647746
 10
146.76404640266318
 20
-56.079615803285506
 10
146.76576001705138
 20
-56.07560311253939
 10
146.77822401453574
 20
-56.045512118584696
 10
146.77984963913073
 20
-56.041463115458406
 10
146.7813865500851
 20
-56.03737961373085
 10
146.78283401594126
 20
-56.03326355685128
 10
146.85809301382605
 20
-55.81155656304936
 10
146.85945074548482
 20
-55.80740864197207
 10
146.86071764164632
 20
-55.80323208134918
 10
146.86189309899282
 20
-55.79902887013069
 10
146.87032209728815
 20
-55.76756887645188
 10
146.87140491550608
 20
-55.763343634175754
 10
146.87239533369467
 20
-55.759095783025266
 10
146.873292880782
 20
-55.75482734340275
 10
146.91897287949448
 20
-55.525180349820666
 10
146.91977715987642
 20
-55.520893174444026
 10
146.9204877519773
 20
-55.51658947853133
 10
146.9211043177908
 20
-55.512271309215464
 10
146.92535631692542
 20
-55.479979315705556
 10
146.9258788400227
 20
-55.47564619956663
 10
146.9263066847322
 20
-55.47130271309087
 10
146.9266396473043
 20
-55.46695092474743
 10
146.9424876469751
 20
-55.22516292972863
 10
146.94280885968635
 20
-55.21862399101409
 10
146.94334185957658
 20
-55.202337994287355
 10
146.9434488825
 20
-55.19579599828309
 10
146.94344888249734
 20
-42.51210100155398
 10
146.94334185957177
 20
-42.50555900548426
 10
146.94280885967615
 20
-42.48927300875585
 10
146.94248764696633
 20
-42.48273407009581
 10
146.92663964727154
 20
-42.24094607491599
 10
146.92630668469567
 20
-42.23659428653259
 10
146.9258788399807
 20
-42.232250800017056
 10
146.9253563168762
 20
-42.22791768383859
 10
146.92110431772034
 20
-42.19562569033141
 10
146.92048775190975
 20
-42.19130752105323
 10
146.9197771598134
 20
-42.18700382517801
 10
146.9189728794376
 20
-42.18271664983859
 10
146.87329288070427
 20
-41.95306965626135
 10
146.8723953336084
 20
-41.948801216602206
 10
146.8714049154097
 20
-41.944553365415466
 10
146.87032209718006
 20
-41.940328123103534
 10
146.86189309886407
 20
-41.90886812943009
 10
146.86071761720984
 20
-41.90466483482146
 10
146.8594506931128
 20
-41.90048819190894
 10
146.85809292992798
 20
-41.89634018976088
 10
146.85668785600942
 20
-41.89220097200413
 10
146.78282985699937
 20
-41.674622974953735
 10
146.78138214232374
 20
-41.670506265967866
 10
146.77984495413492
 20
-41.666422123080004
 10
146.77821902425646
 20
-41.662372490666236
 10
146.76576202675187
 20
-41.63229949671854
 10
146.76404874583275
 20
-41.628287703968404
 10
146.76224837408716
 20
-41.624314232670464
 10
146.76036176803368
 20
-41.620380973185405
 10
146.65679677092038
 20
-41.410369979063255
 10
146.65482401068857
 20
-41.40647723236756
 10
146.6527667837155
 20
-41.4026284563348
 10
146.65062606951187
 20
-41.398825483488785
 10
146.63434907277676
 20
-41.37063348916496
 10
146.63212652719147
 20
-41.36687917926016
 10
146.6298226176333
 20
-41.36317424302753
 10
146.62743844044962
 20
-41.359520443512395
 10
146.49735044407794
 20
-41.16483144896176
 10
146.49488701452836
 20
-41.16123035452063
 10
146.49234561672213
 20
-41.157683854342984
 10
146.48972746013393
 20
-41.15419363624102
 10
146.46990046411113
 20
-41.128354641441824
 10
146.46720656722664
 20
-41.12492208296006
 10
146.46443842724722
 20
-41.12154911109399
 10
146.46159736177574
 20
-41.11823733133956
 10
146.30721936608506
 20
-40.942204336269626
 10
146.30430703353372
 20
-40.938955659040396
 10
146.30132452861605
 20
-40.93577128327028
 10
146.2982732706754
 20
-40.9326527243709
 10
146.27524427529764
 20
-40.90962372900824
 10
146.27212571642343
 20
-40.906572471095636
 10
146.26894134067962
 20
-40.903589966204855
 10
146.26569266347786
 20
-40.900677633679216
 10
146.08965966839313
 20
-40.74629963800405
 10
146.0863485537636
 20
-40.743459130644894
 10
146.0829762710549
 20
-40.74069151949451
 10
146.07954442479618
 20
-40.737998121379896
 10
146.05370742998414
 20
-40.71817212537437
 10
146.0502164164852
 20
-40.71555331510326
 10
146.0466690937668
 20
-40.7130112993642
 10
146.04306715082868
 20
-40.71054728849642
 10
145.8483711562675
 20
-40.580455292143405
 10
145.84471714747656
 20
-40.57807099407622
 10
145.84101199660088
 20
-40.57576697269922
 10
145.83725746698295
 20
-40.57354432453424
 10
145.8090754726479
 20
-40.55727332781727
 10
145.8052730813379
 20
-40.555132962645025
 10
145.8014249012913
 20
-40.55307605888598
 10
145.79753276417892
 20
-40.551103595592686
 10
145.58750977004743
 20
-40.44753159849865
 10
145.58357491824646
 20
-40.44564422998435
 10
145.57959982248235
 20
-40.443843165779384
 10
145.5755863754196
 20
-40.44212926342543
 10
145.5455283814648
 20
-40.42967926594094
 10
145.5414800716497
 20
-40.42805395496048
 10
145.53739727575098
 20
-40.426517326901354
 10
145.53328193620496
 20
-40.42507011283171
 10
145.31154694240263
 20
-40.349801114946835
 10
145.30739829171645
 20
-40.34844314408339
 10
145.30322099157382
 20
-40.34717604073306
 10
145.29901703197694
 20
-40.346000408524596
 10
145.26756703829855
 20
-40.33757441022932
 10
145.26334240187234
 20
-40.33649178297224
 10
145.25909516373275
 20
-40.33550152901622
 10
145.25482734340315
 20
-40.33460411921808
 10
145.0251803498197
 20
-40.28892412050532
 10
145.02089449037533
 20
-40.28812007217301
 10
145.01659211988894
 20
-40.287409654623104
 10
145.01227528360934
 20
-40.28679320557192
 10
144.9799882900997
 20
-40.28254120643747
 10
144.975653475916
 20
-40.28201840932421
 10
144.97130828214176
 20
-40.28159036505869
 10
144.9669547796892
 20
-40.28125727764612
 10
144.7251607846729
 20
-40.26541027797542
 10
144.7186233923049
 20
-40.2650891534473
 10
144.70233839557534
 20
-40.26455615355701
 10
144.69579599828208
 20
-40.26444911749999
 10
124.39210200155422
 20
-40.26444911750267
 10
124.38555960419542
 20
-40.264556153561834
 10
124.3692746074667
 20
-40.265089153457446
 10
124.3627365549025
 20
-40.26541032125759
 10
124.12093955972234
 20
-40.28125832095242
 10
124.11658776749306
 20
-40.28159127322249
 10
124.1122442769142
 20
-40.28201910778426
 10
124.10791115645978
 20
-40.28254162089268
 10
124.07562616295307
 20
-40.2867926200485
 10
124.07130783515463
 20
-40.2874091997411
 10
124.06700398166417
 20
-40.28811981259267
 10
124.06271664983866
 20
-40.288924120562385
 10
123.83306965626029
 20
-40.334604119295925
 10
123.8288022148705
 20
-40.335501445089456
 10
123.8245553518274
 20
-40.33649159855638
 10
123.82033108611651
 20
-40.33757410897146
 10
123.78888409244357
 20
-40.34599910728746
 10
123.78467967976898
 20
-40.34717484507381
 10
123.78050193190585
 20
-40.348442073574326
 10
123.77635283949343
 20
-40.3498001889721
 10
123.55460984569834
 20
-40.42507218687712
 10
123.55049432713335
 20
-40.42651947144221
 10
123.54641135527321
 20
-40.428056177809886
 10
123.54236287280911
 20
-40.429681574810296
 10
123.51231487886236
 20
-40.4421275723146
 10
123.50830189935067
 20
-40.44384128817726
 10
123.50432726242576
 20
-40.4456421457325
 10
123.50039286009726
 20
-40.447529287734746
 10
123.2903578659755
 20
-40.55110628484788
 10
123.28646471801493
 20
-40.55307925706781
 10
123.2826155501064
 20
-40.55513671346719
 10
123.27881219534143
 20
-40.557277674222355
 10
123.25064320101747
 20
-40.573541670957525
 10
123.2468895403234
 20
-40.5757638605328
 10
123.24318523685761
 20
-40.5780673862974
 10
123.23953205276639
 20
-40.58045115245842
 10
123.04482205821618
 20
-40.71055214882986
 10
123.04122029329936
 20
-40.7130160283395
 10
123.03767314288359
 20
-40.715557904945854
 10
123.03418229571538
 20
-40.71817656849857
 10
123.00836330091664
 20
-40.73798856452091
 10
123.00493116602439
 20
-40.74068216869929
 10
123.00155860414856
 20
-40.743449998134416
 10
122.99824722021178
 20
-40.74629073568153
 10
122.82220422514042
 20
-40.900677731373406
 10
122.81895665367747
 20
-40.9035890550507
 10
122.81577333908895
 20
-40.90657050338858
 10
122.81265579524221
 20
-40.90962065851982
 10
122.78962879987937
 20
-40.932646653898026
 10
122.78657641386489
 20
-40.9357662541672
 10
122.78359282828005
 20
-40.93895171854131
 10
122.78067946398063
 20
-40.942201530025024
 10
122.62629046830646
 20
-41.11824752510863
 10
122.62344982425955
 20
-41.12155881136777
 10
122.62068208389492
 20
-41.12493127168114
 10
122.61798856423343
 20
-41.12836330127372
 10
122.59817656822798
 20
-41.1541822960856
 10
122.59555790469989
 20
-41.157673143225075
 10
122.59301602811685
 20
-41.16122029361112
 10
122.5905521486292
 20
-41.16482205849724
 10
122.46045115227565
 20
-41.359532053059176
 10
122.45806738609467
 20
-41.363185237182456
 10
122.45576386031152
 20
-41.36688954068117
 10
122.45354167071912
 20
-41.370643201408996
 10
122.4372776740023
 20
-41.398812195743965
 10
122.43513671326781
 20
-41.40261555047724
 10
122.43307925688767
 20
-41.40646471835324
 10
122.43110628468553
 20
-41.410357866280485
 10
122.32752928759169
 20
-41.6203928604115
 10
122.32564214557381
 20
-41.62432726277445
 10
122.32384128800446
 20
-41.62830189973448
 10
122.3221275721292
 20
-41.632314879281914
 10
122.30968157464461
 20
-41.662362873237065
 10
122.30805617766057
 20
-41.666411355667
 10
122.30651947130775
 20
-41.670494327492335
 10
122.30507218675596
 20
-41.67460984602192
 10
122.2298001888711
 20
-41.896352839824345
 10
122.22844207346236
 20
-41.900501932272874
 10
122.22717484495246
 20
-41.904679680172585
 10
122.22599910715833
 20
-41.908884092884165
 10
122.21757410886326
 20
-41.94033108656169
 10
122.21649159845991
 20
-41.94455535223663
 10
122.21550144500316
 20
-41.94880221524335
 10
122.21460411921818
 20
-41.953069656596355
 10
122.16892412050552
 20
-42.18271665017928
 10
122.16811981252964
 20
-42.187003982042064
 10
122.16740919967353
 20
-42.19130783557005
 10
122.16679261997803
 20
-42.19562616340624
 10
122.16254162084343
 20
-42.227911156915866
 10
122.16201910424614
 20
-42.2322443092498
 10
122.16159126758846
 20
-42.23658783184532
 10
122.16125831461945
 20
-42.24093965618276
 10
122.15532132294075
 20
-42.33152252922121
 10
122.14541033066837
 20
-42.48273541136116
 10
122.14508915344832
 20
-42.48927360766298
 10
122.14455615355807
 20
-42.50555860431012
 10
122.14444911749999
 20
-42.51210100163603
  0
LWPOLYLINE
  5
3E
330
17
100
AcDbEntity
  8
0
100
AcDbPolyline
 90
709
 70
0
 10
126.64949988258365
 20
-49.082837918393786
 10
126.64949988250032
 20
-50.91716326380802
 10
126.65431496281171
 20
-50.98654409428796
 10
126.6973015255526
 20
-51.1693146268906
 10
126.75524847674875
 20
-51.30055141740024
 10
126.7721956801951
 20
-51.338932848362596
 10
126.87698379319836
 20
-51.49190424446575
 10
127.00809574251927
 20
-51.62301619599412
 10
127.16106685034549
 20
-51.72780411530662
 10
127.26140410063866
 20
-51.77210731044408
 10
127.3306835034567
 20
-51.80269713048838
 10
127.51344753178343
 20
-51.84568310465484
 10
127.5828375844252
 20
-51.85050011725215
 10
127.68893699037247
 20
-51.8505001175
 10
127.69384524524922
 20
-51.85056035400267
 10
127.69875054356493
 20
-51.85074102720337
 10
127.70364993053973
 20
-51.85104202827091
 10
127.70854045495456
 20
-51.85146317589278
 10
127.71341917092886
 20
-51.85200421638442
 10
127.71828313969506
 20
-51.85266482384199
 10
127.72312943136876
 20
-51.8534446003387
 10
127.72795512671368
 20
-51.8543430761645
 10
127.82324309755003
 20
-51.873297070314635
 10
127.8280451567983
 20
-51.87431367440693
 10
127.8328208217609
 20
-51.87544781772642
 10
127.83756721590429
 20
-51.87669881714283
 10
127.84228148032562
 20
-51.87806591913978
 10
127.8469607754748
 20
-51.879548300268624
 10
127.85160228286482
 20
-51.881145067644475
 10
127.85620320676945
 20
-51.882855259484
 10
127.86076077590718
 20
-51.88467784568474
 10
127.8652722451104
 20
-51.88661172844556
 10
127.869734896979
 20
-51.888655742927895
 10
127.87414604351704
 20
-51.89080865795738
 10
127.87850302775189
 20
-51.89306917676543
 10
127.88280322533458
 20
-51.89543593777028
 10
127.88704404612052
 20
-51.897907515397165
 10
127.89122293572967
 20
-51.90048242093696
 10
127.89533737708504
 20
-51.90315910344287
 10
127.97611835239343
 20
-51.95713408683182
 10
127.98016617432103
 20
-51.95991115032202
 10
127.98414462099122
 20
-51.962786720887784
 10
127.9880512956934
 20
-51.96575906621723
 10
127.99188384495413
 20
-51.96882639569908
 10
127.99563995995489
 20
-51.97198686150134
 10
127.99931737792295
 20
-51.97523855968449
 10
128.00291388349459
 20
-51.97857953134846
 10
128.00642731004953
 20
-51.98200776381273
 10
130.34333858299388
 20
-54.31892003273864
 10
130.447712176363
 20
-54.39900762875038
 10
130.52341756836464
 20
-54.457097929540474
 10
130.52539158376115
 20
-54.45861279331327
 10
130.708537087535
 20
-54.56435210545887
 10
130.72411297288295
 20
-54.57334491181241
 10
130.93611060680817
 20
-54.66115778573029
 10
130.97189752338662
 20
-54.670746611906935
 10
131.15776174260643
 20
-54.72054914126082
 10
131.38526547825896
 20
-54.75050011656186
 10
135.61473411873976
 20
-54.7505001174971
 10
135.84223813031528
 20
-54.7205482101121
 10
136.06388739837897
 20
-54.661157662370265
 10
136.2758875150969
 20
-54.57334465932888
 10
136.47461246679094
 20
-54.45861045988224
 10
136.6566477412616
 20
-54.3189297374681
 10
138.81891958015171
 20
-52.15666086084514
 10
138.9586104675199
 20
-51.97461245187303
 10
139.0733446536174
 20
-51.775887526678645
 10
139.16115765821945
 20
-51.56388741060688
 10
139.22054820759286
 20
-51.34223814298046
 10
139.25050011657615
 20
-51.11473413220551
 10
139.25050011748277
 20
-50.42526588115134
 10
139.2205482101121
 20
-50.19776186968451
 10
139.16115778577915
 20
-49.97611306219083
 10
139.14531446666194
 20
-49.93786428032571
 10
139.0733465505269
 20
-49.764117255119714
 10
138.95860916569544
 20
-49.56538606486774
 10
138.81892406996514
 20
-49.38334356626367
 10
138.6474329001975
 20
-49.21185144673111
 10
138.64739155615428
 20
-49.21181110221308
 10
137.6382667340031
 20
-48.20268628030763
 10
137.6348385549396
 20
-48.19917290832525
 10
137.63149763394782
 20
-48.19557645989591
 10
137.6282459836152
 20
-48.191899101538
 10
137.62508556275202
 20
-48.18814304851044
 10
137.62201827521153
 20
-48.18431056347822
 10
137.61904596874297
 20
-48.180403955149366
 10
137.6161704338785
 20
-48.17642557688412
 10
137.6133934028546
 20
-48.17237782527731
 10
137.55941741376117
 20
-48.09159584168658
 10
137.5567407319409
 20
-48.08748142748129
 10
137.5541658259369
 20
-48.08330256532872
 10
137.55169424668162
 20
-48.07906177226556
 10
137.54932748287115
 20
-48.074761602631106
 10
137.5470669600685
 20
-48.0704046465287
 10
137.54491403984497
 20
-48.06599352826562
 10
137.54287001896012
 20
-48.06153090477244
 10
137.5409361285805
 20
-48.05701946400264
 10
137.52211281887733
 20
-48.011575857139796
 10
137.47678449812196
 20
-47.93306576764297
 10
137.39755192200306
 20
-47.79583065288468
 10
137.24588593447234
 20
-47.59817248204442
 10
137.06972513777865
 20
-47.42201168414656
 10
136.87207560594052
 20
-47.27035059890149
 10
136.65632989348615
 20
-47.14578900332476
 10
136.42615537924692
 20
-47.05044640952202
 10
136.32364549613135
 20
-47.02297912537785
 10
136.18551335284755
 20
-46.98596684869989
 10
135.9385143500494
 20
-46.953448883396234
 10
135.68938349176824
 20
-46.9534488825448
 10
135.44238825687154
 20
-46.98596592180116
 10
135.20174443118222
 20
-47.050445415587276
 10
135.04013651427545
 20
-47.11738543643518
 10
134.97157594507686
 20
-47.145784984976046
 10
134.75583559004343
 20
-47.27034129088916
 10
134.56329241120568
 20
-47.41808265642029
 10
134.55817062359958
 20
-47.42201292392295
 10
134.457743279433
 20
-47.52244026687147
 10
134.45422990754145
 20
-47.52586844580663
 10
134.45063345920863
 20
-47.52920936667507
 10
134.44695610095275
 20
-47.5324610168896
 10
134.44320004803254
 20
-47.535621437640124
 10
134.43936756311277
 20
-47.5386887250736
 10
134.43546095490123
 20
-47.541661031440974
 10
134.43148257675801
 20
-47.54453656621023
 10
134.42743482527766
 20
-47.547313597145084
 10
134.3466528500361
 20
-47.60128958065995
 10
134.34253840750117
 20
-47.60396628041951
 10
134.33835951615555
 20
-47.60654120296155
 10
134.3341186930879
 20
-47.60901279732246
 10
134.3298184926905
 20
-47.61137957477673
 10
134.32546150512056
 20
-47.61364010973364
 10
134.3210503547402
 20
-47.61579304059594
 10
134.31658769853564
 20
-47.61783707058001
 10
134.31207622451677
 20
-47.61977096849693
 10
134.30751865009816
 20
-47.62159356949407
 10
134.3029177204622
 20
-47.62330377575674
 10
134.2982762069056
 20
-47.624900557169425
 10
134.29359690517018
 20
-47.626382951936264
 10
134.28888263375882
 20
-47.62775006716036
 10
134.28413623223787
 20
-47.62900107938164
 10
134.27936055952668
 20
-47.630135235072785
 10
134.27455849217574
 20
-47.631151851093186
 10
134.1792715213812
 20
-47.65010584537951
 10
134.17444577828783
 20
-47.65100433950118
 10
134.16959943823497
 20
-47.65178413189771
 10
134.16473542054786
 20
-47.65244475283987
 10
134.15985665520037
 20
-47.65298580438458
 10
134.15496608105008
 20
-47.653406960614674
 10
134.15006664406783
 20
-47.65370796783519
 10
134.1451612955633
 20
-47.65388864472622
 10
134.14025299040713
 20
-47.6539488824521
 10
133.72394954498589
 20
-47.65394888248445
 10
133.72394932415713
 20
-47.753949041346225
 10
134.17394893360066
 20
-47.75394911750001
 10
134.17885717833647
 20
-47.75400935457313
 10
134.18376246650942
 20
-47.754190027846704
 10
134.18866184335798
 20
-47.75449102848992
 10
134.1935523576814
 20
-47.75491217519129
 10
134.1984310636173
 20
-47.755453214267845
 10
134.20329502241634
 20
-47.75611381981794
 10
134.20814130421223
 20
-47.75689359391758
 10
134.21296698978662
 20
-47.75779206686011
 10
134.21776917232765
 20
-47.75880869743914
 10
134.2225449591807
 20
-47.75994287327456
 10
134.227291473591
 20
-47.7611939111814
 10
134.2320058564364
 20
-47.762561057581365
 10
134.23668526794947
 20
-47.76404348895676
 10
134.24132688942834
 20
-47.765640312346555
 10
134.24592792493445
 20
-47.76735056588426
 10
134.2504856029766
 20
-47.7691732193773
 10
134.25499717818053
 20
-47.77110717492762
 10
134.2594599329427
 20
-47.77315126759295
 10
134.263871179067
 20
-47.775304266088575
 10
134.26822825938436
 20
-47.77756487352898
 10
134.27252854935307
 20
-47.77993172820907
 10
134.27676945863976
 20
-47.78240340442439
 10
134.28094843267988
 20
-47.784978413329945
 10
134.28506295421622
 20
-47.78765520383698
 10
134.2891105448154
 20
-47.79043216354733
 10
134.29308876636074
 20
-47.79330761972467
 10
134.29699522252082
 20
-47.79627984030209
 10
134.30082756019306
 20
-47.79934703492544
 10
134.30458347092102
 20
-47.80250735603177
 10
134.30826069228502
 20
-47.80575889996222
 10
134.31185700926488
 20
-47.80909970810873
 10
134.3153702555742
 20
-47.812527768093844
 10
134.31879831496525
 20
-47.81604101498284
 10
134.32213912250364
 20
-47.81963733252762
 10
134.3253906658123
 20
-47.823314554441446
 10
134.32855098628352
 20
-47.8270704657038
 10
134.33161818025886
 20
-47.83090280389468
 10
134.3345904001757
 20
-47.83480926055735
 10
134.33746585568036
 20
-47.838787482588906
 10
134.34024281470627
 20
-47.84283507365765
 10
134.34291960451756
 20
-47.84694959564663
 10
134.3454946127165
 20
-47.85112857012215
 10
134.3479662882147
 20
-47.855369479826805
 10
134.35033314216764
 20
-47.85966977019572
 10
134.35259374887127
 20
-47.864026850895335
 10
134.35474674662098
 20
-47.868438097383724
 10
134.35679083853168
 20
-47.87290085249151
 10
134.3587247933191
 20
-47.87741242802249
 10
134.3605474460415
 20
-47.88197010637283
 10
134.3622576988012
 20
-47.886571142168116
 10
134.3638545214061
 20
-47.891212763917025
 10
134.36533695199023
 20
-47.89589217568078
 10
134.36670409759301
 20
-47.90060655875731
 10
134.36795513469727
 20
-47.90535307337915
 10
134.36908930972513
 20
-47.910128860423995
 10
134.37010593949213
 20
-47.914931043136924
 10
134.37100441161866
 20
-47.91975672886326
 10
134.37178418489881
 20
-47.924603010790996
 10
134.37244478962646
 20
-47.929466969701735
 10
134.37298582787804
 20
-47.93434567572914
 10
134.37340697375245
 20
-47.93923619012376
 10
134.3737079735672
 20
-47.94413556702323
 10
134.37388864601132
 20
-47.949040855226734
 10
134.3739488822545
 20
-47.953949099972725
 10
134.3739488825
 20
-49.75394889972701
 10
134.3738886462452
 20
-49.75885714500137
 10
134.37370797376352
 20
-49.76376243373233
 10
134.37340697388532
 20
-49.76866181115737
 10
134.37298582792167
 20
-49.77355232607474
 10
134.37244478955515
 20
-49.77843103262112
 10
134.37178418468704
 20
-49.78329499204611
 10
134.371004411241
 20
-49.78814127448243
 10
134.37010593892342
 20
-49.79296696071075
 10
134.36908930894037
 20
-49.79776914391814
 10
134.3679551336718
 20
-49.802544931449
 10
134.3667040963025
 20
-49.807291446547495
 10
134.36533695041052
 20
-49.81200583009042
 10
134.3638545195135
 20
-49.81668524230941
 10
134.36225769657233
 20
-49.82132686450152
 10
134.36054744345347
 20
-49.8259279007271
 10
134.35872479034944
 20
-49.83048557949398
 10
134.35679083515828
 20
-49.83499715542689
 10
134.35474674282236
 20
-49.839459910921185
 10
134.3525937446264
 20
-49.84387115777983
 10
134.35033313745603
 20
-49.84822823883267
 10
134.3479662830165
 20
-49.85252852953699
 10
134.34549460701237
 20
-49.856769439558484
 10
134.3429195982889
 20
-49.86094841433153
 10
134.34024280793503
 20
-49.86506293659798
 10
134.33746584834915
 20
-49.869110527923475
 10
134.33459039226793
 20
-49.873088750190355
 10
134.33161817175858
 20
-49.87699520706628
 10
134.32855097717558
 20
-49.8808275454477
 10
134.32539065608225
 20
-49.88458345687728
 10
134.32213911213788
 20
-49.888260678934415
 10
134.31879830395093
 20
-49.89185699659803
 10
134.3153702438993
 20
-49.89537024358085
 10
134.31185699691827
 20
-49.898798303634265
 10
134.30826067925636
 20
-49.902139111823075
 10
134.3045834572009
 20
-49.90539065576935
 10
134.30082754577293
 20
-49.9085509768646
 10
134.2969952073931
 20
-49.911618171449575
 10
134.2930887505187
 20
-49.91459039196094
 10
134.2891105282533
 20
-49.9174658480442
 10
134.28506293692922
 20
-49.92024280763214
 10
134.28094841466415
 20
-49.922919597988134
 10
134.27676943989243
 20
-49.92549460671376
 10
134.27252852987223
 20
-49.92796628272006
 10
134.2682282391691
 20
-49.93033313716182
 10
134.26387115811744
 20
-49.93259374433442
 10
134.2594599112599
 20
-49.934746742532646
 10
134.25499715576666
 20
-49.936790834870884
 10
134.25048557983473
 20
-49.93872479006434
 10
134.2459279010688
 20
-49.94054744317073
 10
134.2413268648441
 20
-49.94225769629196
 10
134.2366852426528
 20
-49.943854519235515
 10
134.2320058304346
 20
-49.94533695013496
 10
134.22729144689237
 20
-49.94670409602934
 10
134.22254493179452
 20
-49.94795513340111
 10
134.21776914426422
 20
-49.94908930867213
 10
134.21296696105736
 20
-49.95010593865762
 10
134.2081412748295
 20
-49.951004410977696
 10
134.20329499239358
 20
-49.951784184426224
 10
134.19843103296895
 20
-49.95244478929684
 10
134.19355232642283
 20
-49.95298582766588
 10
134.18866181150568
 20
-49.95340697363205
 10
134.1837624340808
 20
-49.95370797351276
 10
134.17885714534992
 20
-49.95388864599696
 10
134.1739489000756
 20
-49.95394888225429
 10
133.72394894849992
 20
-49.9539488824244
 10
133.72394892650001
 20
-50.05394837166842
 10
134.14025334821613
 20
-50.053949117500316
 10
134.14516155826814
 20
-50.05400936168711
 10
134.1500668116244
 20
-50.05419004037249
 10
134.15496615358603
 20
-50.054491044723946
 10
134.15985663301487
 20
-50.0549121934303
 10
134.1647353041111
 20
-50.055453232810954
 10
134.16959922818774
 20
-50.05611383696868
 10
134.17444547544076
 20
-50.05689360798592
 10
134.17927112671376
 20
-50.0577920761645
 10
134.27455909754977
 20
-50.076746070314584
 10
134.27936119143445
 20
-50.07776268218473
 10
134.28413689063086
 20
-50.07889683497741
 10
134.2888833185432
 20
-50.08014784554673
 10
134.293597616207
 20
-50.0815149603587
 10
134.298276944011
 20
-50.08299735594506
 10
134.3029184834078
 20
-50.08459413939929
 10
134.30751943861145
 20
-50.08630434891447
 10
134.31207703828147
 20
-50.08812695436257
 10
134.31658853719222
 20
-50.09006085791501
 10
134.32105121788635
 20
-50.09210489470385
 10
134.32546239231166
 20
-50.094257833523486
 10
134.32981940344035
 20
-50.096518377572224
 10
134.33411962686927
 20
-50.098885165233426
 10
134.3383604724008
 20
-50.10135677089565
 10
134.34253938560303
 20
-50.103931705811334
 10
134.34665384934837
 20
-50.10660841899358
 10
134.42743582465684
 20
-50.16058440238245
 10
134.43148357628874
 20
-50.16336143341526
 10
134.4354619545785
 20
-50.166236968289766
 10
134.43936856293124
 20
-50.16920927476947
 10
134.44320104798663
 20
-50.172276562322175
 10
134.44695710103667
 20
-50.175436983198594
 10
134.4506344594163
 20
-50.1786886335455
 10
134.4542309078666
 20
-50.18202955455255
 10
134.45774427986908
 20
-50.185457733632326
 10
134.5581690671719
 20
-50.28588252087311
 10
134.76460229300815
 20
-50.44428448557703
 10
134.76845941367097
 20
-50.447320080685
 10
134.7722408790463
 20
-50.450449415611494
 10
134.7759444115366
 20
-50.45367060554075
 10
134.77956778048375
 20
-50.456981710332215
 10
134.7831088035125
 20
-50.46038073568913
 10
134.7865653478451
 20
-50.46386563435968
 10
134.7899353315857
 20
-50.46743430737008
 10
134.79321672497446
 20
-50.47108460528879
 10
134.8572757053981
 20
-50.54412858289388
 10
134.86046670837825
 20
-50.54785851844946
 10
134.8635652122743
 20
-50.551665642413084
 10
134.86656935063084
 20
-50.55554766147575
 10
134.8694773138358
 20
-50.55950223721365
 10
134.8722873502104
 20
-50.56352698749678
 10
134.87499776706434
 20
-50.5676194879239
 10
134.8776069317155
 20
-50.57177727328288
 10
134.88011327247324
 20
-50.575997839035736
 10
134.8825152795854
 20
-50.580278642827224
 10
134.8848115061475
 20
-50.58461710601637
 10
134.88700056897454
 20
-50.5890106152297
 10
134.88908114943388
 20
-50.593456523935494
 10
134.8910519942399
 20
-50.59795215403802
 10
134.89291191620873
 20
-50.60249479749068
 10
134.89465979497342
 20
-50.60708171792732
 10
134.89629457765884
 20
-50.61171015231052
 10
134.9275245649539
 20
-50.70370911459121
 10
134.92904526470568
 20
-50.70837626813561
 10
134.93045096793136
 20
-50.713079336111235
 10
134.9317408278756
 20
-50.71781548552465
 10
134.9329140675637
 20
-50.72258186345515
 10
134.93396998026972
 20
-50.72737559877317
 10
134.93490792994206
 20
-50.73219380386991
 10
134.9357273515867
 20
-50.73703357639662
 10
134.93642775160754
 20
-50.74189200101298
 10
134.93700870810366
 20
-50.74676615114317
 10
134.93746987112348
 20
-50.751653090738785
 10
134.93781096287566
 20
-50.756549876047394
 10
134.93803177789627
 20
-50.761453557385806
 10
134.93813218317268
 20
-50.76636118091685
 10
134.93811211822361
 20
-50.771269790428704
 10
134.93797159513562
 20
-50.7761764291156
 10
134.9377106985558
 20
-50.78107814135896
 10
134.93135670125267
 20
-50.87802510164842
 10
134.93097558584202
 20
-50.882918962453815
 10
134.93047448231172
 20
-50.88780199612058
 10
134.92985369251556
 20
-50.89267126121583
 10
134.92911359040377
 20
-50.897523824600576
 10
134.92825462179772
 20
-50.90235676319657
 10
134.9272773041213
 20
-50.90716716574711
 10
134.92618222608942
 20
-50.911952134570726
 10
134.92497004735313
 20
-50.91670878730664
 10
134.92364149810243
 20
-50.921434258651104
 10
134.9221973786264
 20
-50.926125702083326
 10
134.9206385588311
 20
-50.93078029158022
 10
134.9189659777155
 20
-50.93539522331868
 10
134.917180642806
 20
-50.939967717364574
 10
134.91528362954932
 20
-50.944495019347315
 10
134.9132760806649
 20
-50.94897440211902
 10
134.9111592054563
 20
-50.9534031673973
 10
134.8681882231441
 20
-51.040539131743046
 10
134.86596339200113
 20
-51.04491443001332
 10
134.86363185880245
 20
-51.049233812088595
 10
134.8611950278954
 20
-51.05349467628487
 10
134.85865436705103
 20
-51.05769445616511
 10
134.85601140658002
 20
-51.06183062208506
 10
134.853267738411
 20
-51.065900682716915
 10
134.85042501513163
 20
-51.06990218654993
 10
134.84748494899327
 20
-51.073832723367026
 10
134.84444931087947
 20
-51.07768992569654
 10
134.84131992923957
 20
-51.081471470238185
 10
134.83809868898717
 20
-51.0851750792625
 10
134.8347875303649
 20
-51.08879852198273
 10
134.83138844777568
 20
-51.09233961589852
 10
134.82790348858157
 20
-51.095796228110494
 10
134.8243347518704
 20
-51.099166276604954
 10
134.8206843871916
 20
-51.10244773150794
 10
134.7476404171771
 20
-51.166506705335806
 10
134.7439104816185
 20
-51.16969770832153
 10
134.74010335765163
 20
-51.17279621222293
 10
134.7362213385855
 20
-51.17580035058464
 10
134.7322667628439
 20
-51.17870831379456
 10
134.72824201255688
 20
-51.18151835017391
 10
134.72414951212565
 20
-51.1842287670324
 10
134.7199917267624
 20
-51.18683793168785
 10
134.71577116100508
 20
-51.18934427244969
 10
134.71149035720896
 20
-51.19174627956569
 10
134.70715189401503
 20
-51.19404250613142
 10
134.70275838479677
 20
-51.19623156896177
 10
134.6983124760859
 20
-51.19831214942422
 10
134.69381684597815
 20
-51.20028299423308
 10
134.68927420252015
 20
-51.20214291620447
 10
134.68468728207807
 20
-51.20389079497147
 10
134.6800588476893
 20
-51.20552557765893
 10
134.58805987901425
 20
-51.2367555671246
 10
134.58353448057304
 20
-51.238231937729154
 10
134.5789752277448
 20
-51.239600190213906
 10
134.57438470322148
 20
-51.240859549501266
 10
134.56976550740958
 20
-51.24200930219866
 10
134.5651202569571
 20
-51.243048797002665
 10
134.5604515832713
 20
-51.24397744506792
 10
134.55576213102796
 20
-51.244794720340714
 10
134.5510545566735
 20
-51.245500159856974
 10
134.54633152691994
 20
-51.24609336400452
 10
134.54159571723432
 20
-51.24657399674944
 10
134.53684981032325
 20
-51.24694178582645
 10
134.50434782668395
 20
-51.24907178481084
 10
134.4999916755691
 20
-51.24930957912587
 10
134.49563137407245
 20
-51.24945230098843
 10
134.49126899689108
 20
-51.249499882489296
 10
132.41106401009566
 20
-51.2494998825
 10
132.40615575516026
 20
-51.24943964600738
 10
132.4012504567857
 20
-51.249258972813855
 10
132.39635106975203
 20
-51.24895797175061
 10
132.39146054527833
 20
-51.248536824130156
 10
132.3865818292453
 20
-51.247995783637066
 10
132.38171786042065
 20
-51.24733517617518
 10
132.3768715686888
 20
-51.2465553996713
 10
132.37204587328623
 20
-51.2456569238355
 10
132.2767579024502
 20
-51.22670292968542
 10
132.27195580856554
 20
-51.22568631781527
 10
132.26718010936912
 20
-51.224552165022594
 10
132.26243368145677
 20
-51.22330115445327
 10
132.257719383793
 20
-51.2219340396413
 10
132.25304005598898
 20
-51.22045164405494
 10
132.24839851659218
 20
-51.21885486060071
 10
132.24379756138853
 20
-51.21714465108553
 10
132.2392399617185
 20
-51.21532204563743
 10
132.23472846280777
 20
-51.21338814208499
 10
132.23026578211363
 20
-51.21134410529615
 10
132.2258546076883
 20
-51.209191166476515
 10
132.22149759655963
 20
-51.20693062242778
 10
132.21719737313072
 20
-51.204563834766574
 10
132.21295652759918
 20
-51.20209222910435
 10
132.20877761439695
 20
-51.19951729418867
 10
132.2046631506516
 20
-51.19684058100641
 10
132.12388117534314
 20
-51.14286459761754
 10
132.11983342370533
 20
-51.14008756658059
 10
132.11585504540992
 20
-51.13721203170165
 10
132.11194843705172
 20
-51.134239725217235
 10
132.1081159519911
 20
-51.13117243765956
 10
132.10435989893605
 20
-51.12801201677789
 10
132.10068254055167
 20
-51.12476036642549
 10
132.0970860920969
 20
-51.121419445412705
 10
132.09357272009018
 20
-51.11799126632696
 10
130.48200873398886
 20
-49.50642728029339
 10
130.47858055492742
 20
-49.50291390831249
 10
130.47523963393766
 20
-49.49931745988472
 10
130.47198798360697
 20
-49.495640101528465
 10
130.46882756274562
 20
-49.491884048502655
 10
130.4657602752069
 20
-49.48805156347227
 10
130.46278796873997
 20
-49.484144955145325
 10
130.45991243387704
 20
-49.48016657688207
 10
130.4571354028546
 20
-49.47611882527731
 10
130.40315941934
 20
-49.39533685003604
 10
130.40048270615173
 20
-49.39122238629459
 10
130.39790777122994
 20
-49.387043473096114
 10
130.3954361655615
 20
-49.38280262756818
 10
130.39306937789402
 20
-49.378502404142715
 10
130.39080883383892
 20
-49.374145393017315
 10
130.38865589501285
 20
-49.36973421859511
 10
130.3866118582175
 20
-49.365271537903965
 10
130.38467795465846
 20
-49.360760038996034
 10
130.38285534920368
 20
-49.35620243932864
 10
130.3811451396818
 20
-49.35160148412748
 10
130.3795483562208
 20
-49.346959944732994
 10
130.3780659606276
 20
-49.342280616931134
 10
130.37669884580873
 20
-49.33756631926934
 10
130.37544783523248
 20
-49.332819891358795
 10
130.37431368243284
 20
-49.32804419216402
 10
130.37329707055568
 20
-49.323242098280815
 10
130.35434307626932
 20
-49.22795412748627
 10
130.35344460042205
 20
-49.223128432059625
 10
130.35266482390796
 20
-49.21828214030335
 10
130.35200421643708
 20
-49.21341817145392
 10
130.35146317593623
 20
-49.208539455395844
 10
130.35104202830925
 20
-49.20364893089686
 10
130.35074102724076
 20
-49.198749543837685
 10
130.35056035404324
 20
-49.193844245437525
 10
130.35050011754788
 20
-49.188935990476395
 10
130.35050011750292
 20
-49.08283681386029
 10
130.34568429861113
 20
-49.013456153131955
 10
130.3026983379578
 20
-48.83068691745308
 10
130.22780404608588
 20
-48.66106675205804
 10
130.1230162068016
 20
-48.50809575553424
 10
130.0252955410205
 20
-48.410375088107884
 10
128.94402964548894
 20
-48.410375070812194
 10
128.91079186724417
 20
-48.426095363891825
 10
128.90632911740886
 20
-48.42813945302622
 10
128.90181754727445
 20
-48.43007340530179
 10
128.89725987443492
 20
-48.43189605578108
 10
128.89265884425473
 20
-48.4336063065705
 10
128.81411991167096
 20
-48.46170798602044
 10
128.8094782894789
 20
-48.463304808964054
 10
128.8047988772599
 20
-48.464787239863526
 10
128.80008449371692
 20
-48.466154385757896
 10
128.79533797861828
 20
-48.46740542312962
 10
128.71442278620378
 20
-48.487673623735624
 10
128.70964699867272
 20
-48.48880779900656
 10
128.70484481546507
 20
-48.48982442899192
 10
128.7000191292364
 20
-48.49072290131184
 10
128.6951728467997
 20
-48.49150267476018
 10
128.61266065208972
 20
-48.50374220267077
 10
128.60779669266427
 20
-48.50440280754116
 10
128.60291798611738
 20
-48.50494384590992
 10
128.59802747119943
 20
-48.50536499187578
 10
128.59312809377377
 20
-48.50566599175615
 10
128.5098135343096
 20
-48.509758973626646
 10
128.50490824557795
 20
-48.50993964611046
 10
128.50000000030286
 20
-48.50999988236737
 10
128.49509175502774
 20
-48.509939646113295
 10
128.490186466296
 20
-48.50975897363231
 10
128.40687190682937
 20
-48.50566599180987
 10
128.4019725294035
 20
-48.505364991932325
 10
128.39708201448533
 20
-48.50494384596929
 10
128.3922033079381
 20
-48.504402807603334
 10
128.38733934851228
 20
-48.50374220273575
 10
128.30482715379551
 20
-48.49150267487279
 10
128.29998087135837
 20
-48.490722901427254
 10
128.2951551851292
 20
-48.48982442911013
 10
128.29035300192098
 20
-48.48880779912753
 10
128.28557721438926
 20
-48.48767362385936
 10
128.20466202196272
 20
-48.46740542329996
 10
128.19991550686333
 20
-48.46615438593096
 10
128.19520112331952
 20
-48.4647872400393
 10
128.19052171109962
 20
-48.46330480914252
 10
128.18588008890663
 20
-48.461707986201574
 10
128.10734115630655
 20
-48.43360630679687
 10
128.10274012008009
 20
-48.43189605367819
 10
128.09818244131236
 20
-48.430073400574294
 10
128.09367086537858
 20
-48.428139445383266
 10
128.08920810988343
 20
-48.42609535304739
 10
128.01380180996452
 20
-48.39043082933205
 10
128.00939056310503
 20
-48.38827783113613
 10
128.00503348205135
 20
-48.386017223965766
 10
128.0007331913462
 20
-48.38365036952618
 10
127.99649228132388
 20
-48.38117869352199
 10
127.92494481797571
 20
-48.338294794355704
 10
127.92076584320185
 20
-48.335719785632115
 10
127.9166513209346
 20
-48.333042995278085
 10
127.9126037296083
 20
-48.33026603569205
 10
127.90862550734066
 20
-48.32739057961061
 10
127.84162592174654
 20
-48.277700300384694
 10
127.83771946486985
 20
-48.27472807987508
 10
127.8338871264877
 20
-48.27166088529179
 10
127.83013121505739
 20
-48.26850056419814
 10
127.82645399299956
 20
-48.26524902025341
 10
127.76464752779489
 20
-48.20923090552054
 10
127.76105121013059
 20
-48.2058900973332
 10
127.75753796314712
 20
-48.20246203728118
 10
127.75410990309308
 20
-48.19894879029968
 10
127.75076909490366
 20
-48.19535247263731
 10
127.69475098013521
 20
-48.13354600746502
 10
127.69149943618835
 20
-48.12986878540907
 10
127.68833911509256
 20
-48.12611287398061
 10
127.68527192050706
 20
-48.122280535600225
 10
127.6822996999952
 20
-48.11837407872527
 10
127.63260942073073
 20
-48.05137449315997
 10
127.629733964647
 20
-48.04739627089398
 10
127.62695700505863
 20
-48.0433486795693
 10
127.62428021470222
 20
-48.03923415730359
 10
127.62170520597623
 20
-48.035055182531224
 10
127.57882130676839
 20
-47.96350771920737
 10
127.57634963076174
 20
-47.95926680918647
 10
127.57398277631967
 20
-47.95496651848265
 10
127.57172216914677
 20
-47.95060943743026
 10
127.5695691709483
 20
-47.946198190571984
 10
127.53390464718952
 20
-47.870791890673715
 10
127.53186055485108
 20
-47.866329135179754
 10
127.52992659965744
 20
-47.86181755924711
 10
127.52810394655093
 20
-47.85725988048042
 10
127.5263936934296
 20
-47.85265884425497
 10
127.4982920139796
 20
-47.77411991167113
 10
127.49669519103597
 20
-47.769478289479046
 10
127.4952127601365
 20
-47.76479887726001
 10
127.4938456142421
 20
-47.76008449371699
 10
127.49259457687037
 20
-47.75533797861832
 10
127.47232637626438
 20
-47.67442278620378
 10
127.47119220099346
 20
-47.66964699867273
 10
127.47017557100808
 20
-47.66484481546509
 10
127.46927709868817
 20
-47.66001912923645
 10
127.46849732523984
 20
-47.655172846799765
 10
127.45625779732924
 20
-47.57266065208985
 10
127.45559719245885
 20
-47.567796692664395
 10
127.45505615409009
 20
-47.56291798611749
 10
127.45463500812423
 20
-47.55802747119954
 10
127.45433400824386
 20
-47.55312809377385
 10
127.45024102637336
 20
-47.46981353430941
 10
127.45006035388954
 20
-47.464908245577774
 10
127.45000011763264
 20
-47.460000000302685
 10
127.45006035388671
 20
-47.45509175502756
 10
127.45024102636769
 20
-47.450186466295825
 10
127.45433400819012
 20
-47.3668719068295
 10
127.45463500806767
 20
-47.36197252940366
 10
127.4550561540307
 20
-47.35708201448548
 10
127.45559719239665
 20
-47.35220330793828
 10
127.45625779726424
 20
-47.347339348512456
 10
127.4684973251272
 20
-47.2648271537955
 10
127.46927709857275
 20
-47.25998087135836
 10
127.47017557088988
 20
-47.2551551851292
 10
127.47119220087248
 20
-47.25035300192096
 10
127.47232637614064
 20
-47.24557721438925
 10
127.49259457670003
 20
-47.16466202196273
 10
127.49384561406903
 20
-47.159915506863335
 10
127.4952127599607
 20
-47.155201123319515
 10
127.49669519085747
 20
-47.15052171109962
 10
127.49829201379842
 20
-47.145880088906615
 10
127.51178201480562
 20
-47.10817806175653
 10
127.43128686440808
 20
-47.02768276125358
 10
127.37831602579725
 20
-47.19071003829843
 10
127.34999988375407
 20
-47.36948394814096
 10
127.34999988260032
 20
-47.55051496311863
 10
127.37831611452826
 20
-47.729288603350255
 10
127.38001161852965
 20
-47.73450695168163
 10
127.38147107266411
 20
-47.73919374094649
 10
127.3828150640651
 20
-47.74391493646223
 10
127.38404278311206
 20
-47.74866769418018
 10
127.3851534902269
 20
-47.75344915103859
 10
127.38614651631954
 20
-47.75825642668734
 10
127.38702126319097
 20
-47.76308662522309
 10
127.38777720389356
 20
-47.76793683693372
 10
127.38841388304857
 20
-47.77280414005119
 10
127.39983187960043
 20
-47.86928511050701
 10
127.40034888767129
 20
-47.87416629495397
 10
127.40074595285887
 20
-47.87905869704165
 10
127.40102283599829
 20
-47.883959369921755
 10
127.40117937031405
 20
-47.88886536176425
 10
127.40121546152064
 20
-47.89377371753533
 10
127.40113108787915
 20
-47.898681480777306
 10
127.4009263002105
 20
-47.903585695389395
 10
127.40060122186476
 20
-47.90848340740827
 10
127.40015604864689
 20
-47.913371666787306
 10
127.3995910486988
 20
-47.91824752917352
 10
127.39890656233777
 20
-47.92310805768102
 10
127.39810300185155
 20
-47.927950324659996
 10
127.39718085125003
 20
-47.93277141346013
 10
127.39614066597359
 20
-47.93756842018739
 10
127.39498307255872
 20
-47.94233845545314
 10
127.39370876826045
 20
-47.947078646114505
 10
127.36733677915457
 20
-48.04058560783329
 10
127.36594646653775
 20
-48.04529330923569
 10
127.36444103768805
 20
-48.04996547208014
 10
127.3628213994542
 20
-48.05459928192282
 10
127.36108852748305
 20
-48.05919194742317
 10
127.35924346563176
 20
-48.06374070202543
 10
127.35728732533914
 20
-48.068242805625104
 10
127.35522128495603
 20
-48.072695546219606
 10
127.35304658903547
 20
-48.07709624154191
 10
127.35076454758311
 20
-48.08144224067631
 10
127.34837653526793
 20
-48.08573092565532
 10
127.34588399059429
 20
-48.089959713036656
 10
127.34328841503533
 20
-48.09412605545949
 10
127.34059137212851
 20
-48.098227443178956
 10
127.33779448653377
 20
-48.10226140557795
 10
127.33489944305484
 20
-48.10622551265542
 10
127.33190798562435
 20
-48.11011737649017
 10
127.27175900873227
 20
-48.186414347330306
 10
127.26868993743949
 20
-48.19021111507251
 10
127.2655291069197
 20
-48.193931840044
 10
127.26227840060498
 20
-48.19757430519055
 10
127.25893975548134
 20
-48.20113634009026
 10
127.25551516093458
 20
-48.20461582224694
 10
127.25200665756483
 20
-48.208010678354775
 10
127.24841633597069
 20
-48.21131888553374
 10
127.24474633550344
 20
-48.21453847253501
 10
127.2409988429923
 20
-48.217667520915484
 10
127.23717609144143
 20
-48.22070416618101
 10
127.23328035869923
 20
-48.22364659889729
 10
127.22931396610123
 20
-48.22649306576813
 10
127.22527927708667
 20
-48.22924187068013
 10
127.2211786957904
 20
-48.23189137571334
 10
127.20345272394006
 20
-48.24304034887334
 10
127.20291876485253
 20
-48.24350566693213
 10
127.19913953544386
 20
-48.246639236970296
 10
127.19528453125218
 20
-48.24967910189977
 10
127.19135607509486
 20
-48.25262343006209
 10
127.18735653404748
 20
-48.25547044736406
 10
127.18328831801755
 20
-48.25821843834679
 10
127.17915387829237
 20
-48.260865747219256
 10
127.17495570606211
 20
-48.263410778856084
 10
127.17069633091869
 20
-48.26585199975862
 10
127.16872500830884
 20
-48.26694992434298
 10
127.00809483928138
 20
-48.376984709451186
 10
126.87698472070845
 20
-48.508094825816706
 10
126.77219560855585
 20
-48.6610672917568
 10
126.69730142665074
 20
-48.83068469692689
 10
126.65431745282923
 20
-49.013443159553134
 10
126.64949988258365
 20
-49.082837918393786
  0
LWPOLYLINE
  5
3F
330
17
100
AcDbEntity
  8
0
100
AcDbPolyline
 90
76
 70
0
 10
132.3739490661538
 20
-49.95394888249999
 10
132.36904082141757
 20
-49.95388864542686
 10
132.3641355332442
 20
-49.95370797215325
 10
132.3592361563952
 20
-49.953406971509985
 10
132.35434564207137
 20
-49.95298582480854
 10
132.34946693613503
 20
-49.9524447857319
 10
132.3446029773356
 20
-49.95178418018169
 10
132.3397566955393
 20
-49.95100440608191
 10
132.3349310099645
 20
-49.95010593313922
 10
132.33012882742307
 20
-49.94908930256002
 10
132.3253530405696
 20
-49.9479551267244
 10
132.32060652615894
 20
-49.94670408881735
 10
132.3158921433132
 20
-49.94533694241715
 10
132.31121273179974
 20
-49.9438545110415
 10
132.3065711103205
 20
-49.942257687651434
 10
132.30197007481405
 20
-49.94054743411344
 10
132.2974123967716
 20
-49.938724780620085
 10
132.29290082156732
 20
-49.936790825069444
 10
132.28843806680484
 20
-49.93474673240377
 10
132.28402682068023
 20
-49.93259373390779
 10
132.27966974036258
 20
-49.930333126467005
 10
132.2753694503936
 20
-49.92796627178652
 10
132.27112854110666
 20
-49.92549459557078
 10
132.26694956706632
 20
-49.92291958666481
 10
132.26283504552976
 20
-49.92024279615734
 10
132.25878745493037
 20
-49.91746583644653
 10
132.25480923338483
 20
-49.91459038026873
 10
132.25090277722458
 20
-49.911618159690825
 10
132.2470704395522
 20
-49.908550965066986
 10
132.2433145288241
 20
-49.90539064396016
 10
132.23963730746
 20
-49.902139100029196
 10
132.23604099048
 20
-49.89879829188215
 10
132.2325277441706
 20
-49.895370231896514
 10
132.22909968477953
 20
-49.891856985006974
 10
132.22575887724108
 20
-49.888260667461644
 10
132.2225073339324
 20
-49.884583445547264
 10
132.2193470134612
 20
-49.88082753428434
 10
132.21627981948592
 20
-49.87699519609289
 10
132.2133075995691
 20
-49.87308873942964
 10
132.21043214406455
 20
-49.8691105173975
 10
132.2076551850387
 20
-49.865062926328164
 10
132.20497839522756
 20
-49.860948404338615
 10
132.2024033870288
 20
-49.856769429862496
 10
132.19993171153075
 20
-49.85252852015725
 10
132.197564857578
 20
-49.848228229787736
 10
132.19530425087456
 20
-49.84387114908753
 10
132.1931512531251
 20
-49.839459902598556
 10
132.19110716121466
 20
-49.83499714749017
 10
132.1891732064275
 20
-49.83048557195861
 10
132.18735055370547
 20
-49.825927893607684
 10
132.18564030094612
 20
-49.82132685781182
 10
132.18404347834155
 20
-49.816685236062334
 10
132.1825610477578
 20
-49.81200582429801
 10
132.18119390215543
 20
-49.80729144122092
 10
132.17994286505163
 20
-49.80254492659852
 10
132.17880869002423
 20
-49.79776913955313
 10
132.1777920602577
 20
-49.79296695683966
 10
132.17689358813166
 20
-49.7881412711128
 10
132.17611381485202
 20
-49.783294989184554
 10
132.17545321012494
 20
-49.77843103027331
 10
132.17491217187393
 20
-49.77355232424541
 10
132.1744910260001
 20
-49.76866180985031
 10
132.17419002618595
 20
-49.76376243295038
 10
132.1740093537425
 20
-49.75885714474642
 10
132.17394911749997
 20
-49.7539489
 10
132.17394911749997
 20
-49.30394894849993
 10
132.07394967019312
 20
-49.30394892650001
 10
132.07394889946173
 20
-49.791061110159255
 10
132.07651887183252
 20
-49.81496575008062
 10
132.0860396578093
 20
-49.840493099091454
 10
132.28740422678
 20
-50.04185767883035
 10
132.31292764572194
 20
-50.05137753294055
 10
132.33683677610023
 20
-50.053948132203296
 10
132.82394845501474
 20
-50.05394883070656
 10
132.82394867584284
 20
-49.953948958653775
 10
132.3739490661538
 20
-49.95394888249999
  0
LWPOLYLINE
  5
40
330
17
100
AcDbEntity
  8
0
100
AcDbPolyline
 90
44
 70
0
 10
128.06768206247634
 20
-46.39128642913558
 10
128.14817772785193
 20
-46.47178213427759
 10
128.18588008832904
 20
-46.45829201397956
 10
128.1905217105211
 20
-46.45669519103595
 10
128.1952011227401
 20
-46.455212760136476
 10
128.19991550628308
 20
-46.453845614242105
 10
128.20466202138172
 20
-46.45259457687038
 10
128.28557721379622
 20
-46.43232637626438
 10
128.29035300132728
 20
-46.43119220099344
 10
128.29515518453493
 20
-46.43017557100808
 10
128.2999808707636
 20
-46.42927709868816
 10
128.3048271532003
 20
-46.428497325239825
 10
128.38733934791028
 20
-46.41625779732923
 10
128.39220330733573
 20
-46.41559719245884
 10
128.39708201388262
 20
-46.41505615409008
 10
128.40197252880057
 20
-46.41463500812422
 10
128.40687190622623
 20
-46.41433400824385
 10
128.4901864656904
 20
-46.410241026373356
 10
128.49509175442205
 20
-46.41006035388954
 10
128.49999999969714
 20
-46.410000117632634
 10
128.50490824497226
 20
-46.410060353886706
 10
128.509813533704
 20
-46.41024102636769
 10
128.59312809317063
 20
-46.41433400819013
 10
128.5980274705965
 20
-46.41463500806768
 10
128.60291798551467
 20
-46.415056154030715
 10
128.6077966920619
 20
-46.41559719239667
 10
128.61266065148772
 20
-46.41625779726425
 10
128.69517284620449
 20
-46.42849732512721
 10
128.70001912864163
 20
-46.42927709857275
 10
128.7048448148708
 20
-46.43017557088987
 10
128.70964699807902
 20
-46.431192200872474
 10
128.71442278561074
 20
-46.432326376140644
 10
128.79533797803728
 20
-46.452594576700044
 10
128.80008449313667
 20
-46.45384561406904
 10
128.80479887668048
 20
-46.4552127599607
 10
128.80947828890038
 20
-46.45669519085748
 10
128.81411991109337
 20
-46.45829201379843
 10
128.8518205763492
 20
-46.47178152751208
 10
128.93231578997887
 20
-46.39128671859443
 10
128.76928896170156
 20
-46.33831602579723
 10
128.59051505185911
 20
-46.309999883754074
 10
128.40948396280004
 20
-46.30999988260032
 10
128.230709718664
 20
-46.338316075256515
 10
128.06768206247634
 20
-46.39128642913558
  0
LWPOLYLINE
  5
41
330
17
100
AcDbEntity
  8
0
100
AcDbPolyline
 90
582
 70
0
 10
127.65000008739128
 20
-51.099999877500004
 10
128.18525591998028
 20
-51.09999990449556
 10
130.79262800609746
 20
-53.70737199060448
 10
130.79701956484405
 20
-53.711657065688094
 10
130.80151496194281
 20
-53.715833075939706
 10
130.85607736055937
 20
-53.765285551428214
 10
130.8606738881203
 20
-53.769349981348775
 10
130.86536877739655
 20
-53.77330038270575
 10
130.8701592003624
 20
-53.777134375925066
 10
130.87504227144615
 20
-53.78084965155259
 10
130.9341891253568
 20
-53.82471594803576
 10
130.9391619031791
 20
-53.828310268128384
 10
130.94422139232444
 20
-53.83178146760208
 10
130.94936454514578
 20
-53.83512745553605
 10
130.9545882636002
 20
-53.83834621643231
 10
131.0177499581805
 20
-53.87620387922796
 10
131.02305109569525
 20
-53.879293474225264
 10
131.02842645906338
 20
-53.88225204226715
 10
131.03387281036697
 20
-53.885077801222835
 10
131.03938686892766
 20
-53.8877690489608
 10
131.10595512253173
 20
-53.91925348808151
 10
131.1115335668868
 20
-53.92180860349474
 10
131.11717303679
 20
-53.92422604747726
 10
131.12287013523553
 20
-53.926504363851215
 10
131.1286214305043
 20
-53.928642180244
 10
131.1979551544599
 20
-53.95345018332982
 10
131.20375718218673
 20
-53.9554462120008
 10
131.20960644744704
 20
-53.95729925061692
 10
131.21549942686215
 20
-53.95900818297701
 10
131.22143257072162
 20
-53.96057197968411
 10
131.29286404336543
 20
-53.97846463210382
 10
131.2988337777652
 20
-53.97988235118527
 10
131.30483650676052
 20
-53.981153138660105
 10
131.31086861453193
 20
-53.982276229053475
 10
131.31692646756323
 20
-53.983250945857726
 10
131.38976776476483
 20
-53.99405593158739
 10
131.39584771401675
 20
-53.9948816876677
 10
131.40194609717025
 20
-53.995557985622085
 10
131.4080592407874
 20
-53.996084418073956
 10
131.41418346253906
 20
-53.99646066792009
 10
131.48773308512
 20
-54.0000739291732
 10
131.49386469600927
 20
-54.00029976977488
 10
131.5000000025778
 20
-54.0003750650938
 10
135.49999999766806
 20
-54.00037506508778
 10
135.50613530428726
 20
-54.0002997697676
 10
135.5122669152271
 20
-54.00007392916217
 10
135.5858165380508
 20
-53.99646066786703
 10
135.5919407598176
 20
-53.99608441801726
 10
135.5980539034497
 20
-53.99555798556102
 10
135.60415228661805
 20
-53.99488168760152
 10
135.61023223588464
 20
-53.99405593151537
 10
135.68307353307944
 20
-53.98325094573807
 10
135.68913138611012
 20
-53.982276228929855
 10
135.6951634938808
 20
-53.98115313853254
 10
135.70116622287534
 20
-53.979882351053774
 10
135.70713595727418
 20
-53.97846463196843
 10
135.77856742990593
 20
-53.96057197950211
 10
135.78450057376435
 20
-53.959008182791145
 10
135.7903935531783
 20
-53.95729925042721
 10
135.79624281843738
 20
-53.955446211807285
 10
135.80204484616286
 20
-53.95345018313253
 10
135.87137857010214
 20
-53.928642180001475
 10
135.8771298653695
 20
-53.92650436360493
 10
135.88282696381359
 20
-53.92422604722725
 10
135.88846643371522
 20
-53.92180860324103
 10
135.89404487806866
 20
-53.91925348782414
 10
135.96061313165234
 20
-53.88776904865985
 10
135.96612719021127
 20
-53.88507780091828
 10
135.971573541513
 20
-53.88225204195904
 10
135.9769489048792
 20
-53.87929347391365
 10
135.98225004239194
 20
-53.876203878912875
 10
136.04541173694784
 20
-53.83834621607577
 10
136.05063545540017
 20
-53.83512745517609
 10
136.05577860821933
 20
-53.83178146723874
 10
136.06083809736245
 20
-53.82831026776173
 10
136.0658108751824
 20
-53.82471594766584
 10
136.1249577290642
 20
-53.78084965114414
 10
136.12984080013345
 20
-53.77713437552284
 10
136.1346312230852
 20
-53.77330038231039
 10
136.1393261123478
 20
-53.76934998096091
 10
136.14392263989546
 20
-53.76528555104848
 10
136.19848503831034
 20
-53.715833075702136
 10
136.2029804353707
 20
-53.7116570654836
 10
136.2073719940806
 20
-53.70737199043488
 10
138.20737199060508
 20
-51.707371993901866
 10
138.21165706568863
 20
-51.70298043515535
 10
138.21583307594017
 20
-51.69848503805668
 10
138.26528555142832
 20
-51.64392263944056
 10
138.2693499813489
 20
-51.639326111879576
 10
138.27330038270594
 20
-51.63463122260327
 10
138.2771343759253
 20
-51.629840799637364
 10
138.28084965155287
 20
-51.624957728553554
 10
138.32471594803593
 20
-51.56581087464296
 10
138.32831026812852
 20
-51.5608380968207
 10
138.33178146760218
 20
-51.55577860767538
 10
138.33512745553614
 20
-51.55063545485407
 10
138.33834621643237
 20
-51.54541173639969
 10
138.37620387922783
 20
-51.482250041819675
 10
138.37929347422514
 20
-51.476948904304926
 10
138.38225204226703
 20
-51.4715735409368
 10
138.3850778012227
 20
-51.46612718963322
 10
138.38776904896068
 20
-51.460613131072535
 10
138.41925348808172
 20
-51.39404487746777
 10
138.42180860349498
 20
-51.38846643311261
 10
138.42422604747753
 20
-51.38282696320934
 10
138.4265043638515
 20
-51.377129864763745
 10
138.4286421802443
 20
-51.37137856949491
 10
138.4534501833301
 20
-51.30204484553915
 10
138.45544621200102
 20
-51.29624281781243
 10
138.4572992506171
 20
-51.290393552552224
 10
138.45900818297716
 20
-51.28450057313723
 10
138.46057197968423
 20
-51.27856742927787
 10
138.47846463210374
 20
-51.20713595663508
 10
138.4798823511852
 20
-51.20116622223527
 10
138.48115313866003
 20
-51.195163493239896
 10
138.48227622905344
 20
-51.18913138546844
 10
138.4832509458577
 20
-51.18307353243708
 10
138.49405593158738
 20
-51.110232235235216
 10
138.4948816876677
 20
-51.1041522859833
 10
138.49555798562207
 20
-51.09805390282978
 10
138.49608441807393
 20
-51.09194075921265
 10
138.49646066792008
 20
-51.085816537461
 10
138.5000739291732
 20
-51.01226691487962
 10
138.50029976977493
 20
-51.006135303988906
 10
138.5003750650938
 20
-50.999999997418946
 10
138.50037506508778
 20
-50.54000000232884
 10
138.50029976976757
 20
-50.533864695711074
 10
138.50007392916217
 20
-50.52773308477265
 10
138.496460667867
 20
-50.45418346194908
 10
138.49608441801723
 20
-50.44805924018235
 10
138.495557985561
 20
-50.441946096550275
 10
138.49488168760152
 20
-50.43584771338197
 10
138.49405593151536
 20
-50.42976776411543
 10
138.48325094573815
 20
-50.35692646692095
 10
138.48227622892992
 20
-50.35086861389019
 10
138.4811531385326
 20
-50.344836506119435
 10
138.47988235105382
 20
-50.33883377712486
 10
138.47846463196845
 20
-50.33286404272595
 10
138.4605719795019
 20
-50.261432570093454
 10
138.45900818279094
 20
-50.25549942623507
 10
138.457299250427
 20
-50.24960644682113
 10
138.4554462118071
 20
-50.243757181562096
 10
138.45345018313236
 20
-50.23795515383662
 10
138.42864218000133
 20
-50.16862142989746
 10
138.42650436360478
 20
-50.162870134630055
 10
138.42422604722708
 20
-50.15717303618598
 10
138.42180860324083
 20
-50.151533566284314
 10
138.41925348782394
 20
-50.145955121930854
 10
138.3877690486597
 20
-50.079386868347385
 10
138.38507780091814
 20
-50.07387280978849
 10
138.3822520419589
 20
-50.068426458486776
 10
138.37929347391355
 20
-50.06305109512061
 10
138.37620387891278
 20
-50.05774995760791
 10
138.33834621607573
 20
-49.99458826305212
 10
138.33512745517606
 20
-49.98936454459981
 10
138.33178146723873
 20
-49.984221391780636
 10
138.3283102677617
 20
-49.979161902637536
 10
138.32471594766582
 20
-49.97418912481759
 10
138.28084965114408
 20
-49.915042270935736
 10
138.27713437552276
 20
-49.910159199866456
 10
138.2733003823103
 20
-49.9053687769147
 10
138.26934998096084
 20
-49.90067388765212
 10
138.26528555104838
 20
-49.89607736010442
 10
138.2158330757017
 20
-49.841514961689214
 10
138.2116570661979
 20
-49.83701956537954
 10
138.20737199190032
 20
-49.83262800738479
 10
136.92138294045859
 20
-48.5466389346219
 10
136.91770299772227
 20
-48.53194777972486
 10
136.9161392010118
 20
-48.52601463586719
 10
136.91443026864835
 20
-48.52012165645395
 10
136.91257723002897
 20
-48.5142723911956
 10
136.91058120135477
 20
-48.50847036347079
 10
136.8808264817438
 20
-48.42531149313164
 10
136.87868866534757
 20
-48.41956019786412
 10
136.8764103489702
 20
-48.413863099419935
 10
136.87399290498428
 20
-48.408223629518154
 10
136.8714377895677
 20
-48.40264518516457
 10
136.8336753524007
 20
-48.32280322004321
 10
136.83098410465942
 20
-48.31728916148416
 10
136.8281583457005
 20
-48.311842810182284
 10
136.8251997776554
 20
-48.30646744681596
 10
136.82211018265494
 20
-48.30116630930307
 10
136.77670370084496
 20
-48.22541017116974
 10
136.77348493994558
 20
-48.22018645271726
 10
136.7701389520085
 20
-48.2150432998979
 10
136.76666775253176
 20
-48.20998381075461
 10
136.76307343243613
 20
-48.20501103293447
 10
136.71046019522458
 20
-48.1340702948119
 10
136.70674491959414
 20
-48.12918722373037
 10
136.70291092637197
 20
-48.12439680076683
 10
136.69896052501218
 20
-48.11970191149295
 10
136.6948960950889
 20
-48.11510538393446
 10
136.63558279671187
 20
-48.04966324391126
 10
136.6314067864856
 20
-48.04516784684446
 10
136.6271217114288
 20
-48.04077628812848
 10
136.6227301527105
 20
-48.036491213074086
 10
136.61823475564142
 20
-48.032315202850256
 10
136.5527926155855
 20
-47.9730019045085
 10
136.54819608802478
 20
-47.96893747458768
 10
136.54350119874871
 20
-47.964987073230446
 10
136.53871077578307
 20
-47.961153080010845
 10
136.5338277046995
 20
-47.95743780438305
 10
136.46288696654813
 20
-47.90482456721009
 10
136.45791418872602
 20
-47.90123024711719
 10
136.45285469958088
 20
-47.89775904764323
 10
136.4477115467597
 20
-47.89441305970897
 10
136.44248782830547
 20
-47.89119429881244
 10
136.36673169014762
 20
-47.845787817043856
 10
136.36143055263304
 20
-47.84269822204626
 10
136.35605518926508
 20
-47.83973965400409
 10
136.35060883796166
 20
-47.836913895048106
 10
136.3450947794011
 20
-47.83422264730985
 10
136.26525281425916
 20
-47.79646021018637
 10
136.25967436990422
 20
-47.793905094772825
 10
136.25403490000113
 20
-47.791487650789996
 10
136.24833780155575
 20
-47.78920933441574
 10
136.2425865062871
 20
-47.787071518022636
 10
136.1594276359315
 20
-47.757316798456884
 10
136.15362560820478
 20
-47.75532076978559
 10
136.14777634294455
 20
-47.75346773116916
 10
136.14188336352953
 20
-47.75175879880875
 10
136.13595021967015
 20
-47.75019500210132
 10
136.05027530948166
 20
-47.728734554308375
 10
136.04430557508198
 20
-47.72731683522661
 10
136.03830284608674
 20
-47.726046047751446
 10
136.0322707383154
 20
-47.72492295735775
 10
136.02621288528414
 20
-47.72394824055317
 10
135.93884703148305
 20
-47.710988740376756
 10
135.93276708221597
 20
-47.71016298429424
 10
135.9266686990472
 20
-47.709486686338394
 10
135.92055555541475
 20
-47.70896025388581
 10
135.91443133364774
 20
-47.70858400403972
 10
135.82621591716463
 20
-47.7042502585509
 10
135.8200843062653
 20
-47.70402441795014
 10
135.81394899968674
 20
-47.703949122632636
 10
135.80781369310824
 20
-47.704024417953484
 10
135.80168208220903
 20
-47.704250258557586
 10
135.71346666572836
 20
-47.70858400409446
 10
135.70734244396155
 20
-47.708960253943886
 10
135.7012293003294
 20
-47.7094866863998
 10
135.695130917161
 20
-47.710162984358966
 10
135.68905096789436
 20
-47.71098874044479
 10
135.60168511410006
 20
-47.72394824066884
 10
135.59562726106932
 20
-47.72492295747672
 10
135.58959515329857
 20
-47.72604604787371
 10
135.58359242430402
 20
-47.72731683535215
 10
135.5776226899051
 20
-47.728734554437175
 10
135.49194777972866
 20
-47.750195002276726
 10
135.48601463587016
 20
-47.75175879898737
 10
135.4801216564561
 20
-47.75346773135098
 10
135.47427239119693
 20
-47.755320769970595
 10
135.4684703634713
 20
-47.75731679864503
 10
135.38531149313204
 20
-47.78707151825601
 10
135.37956019786455
 20
-47.789209334652256
 10
135.37386309942036
 20
-47.79148765102963
 10
135.36822362951858
 20
-47.79390509501554
 10
135.362645185165
 20
-47.79646021043212
 10
135.28280322004343
 20
-47.83422264759919
 10
135.27728916148436
 20
-47.83691389534046
 10
135.27184281018248
 20
-47.8397396542994
 10
135.26646744681614
 20
-47.842698222344495
 10
135.26116630930323
 20
-47.845787817344984
 10
135.1854101711698
 20
-47.891194299155025
 10
135.1801864527173
 20
-47.89441306005441
 10
135.17504329989794
 20
-47.897759047991485
 10
135.16998381075464
 20
-47.90123024746822
 10
135.1650110329345
 20
-47.904824567563836
 10
135.09407029481198
 20
-47.95743780477533
 10
135.08918722373045
 20
-47.96115308040578
 10
135.0843968007669
 20
-47.964987073627974
 10
135.07970191149303
 20
-47.96893747498776
 10
135.07510538393453
 20
-47.97300190491107
 10
135.00966324391123
 20
-48.03231520328819
 10
135.00516784684444
 20
-48.03649121351445
 10
135.00077628812846
 20
-48.04077628857122
 10
134.99649121307408
 20
-48.04516784728953
 10
134.99231520285028
 20
-48.0496632443586
 10
134.9330019045084
 20
-48.11510538441465
 10
134.92893747458754
 20
-48.1197019119754
 10
134.92498707323028
 20
-48.12439680125148
 10
134.92115308001067
 20
-48.12918722421716
 10
134.91743780438284
 20
-48.134070295300766
 10
134.86482456720998
 20
-48.20501103345207
 10
134.8612302471171
 20
-48.209983811274135
 10
134.85775904764316
 20
-48.21504330041928
 10
134.8544130597089
 20
-48.22018645324043
 10
134.85119429881237
 20
-48.22541017169463
 10
134.80578781704398
 20
-48.301166309852185
 10
134.8026982220464
 20
-48.30646744736678
 10
134.7997396540042
 20
-48.311842810734746
 10
134.79691389504822
 20
-48.31728916203818
 10
134.79422264730997
 20
-48.32280322059872
 10
134.75646021018616
 20
-48.402645185741385
 10
134.75390509477262
 20
-48.40822363009639
 10
134.75148765078976
 20
-48.41386309999951
 10
134.74920933441547
 20
-48.41956019844496
 10
134.74707151802238
 20
-48.425311493713664
 10
134.71731679845666
 20
-48.50847036406942
 10
134.7153207697854
 20
-48.51427239179604
 10
134.713467731169
 20
-48.52012165705616
 10
134.7117587988086
 20
-48.526014636471075
 10
134.71019500210122
 20
-48.53194778033036
 10
134.68873455430847
 20
-48.61762269051782
 10
134.68731683522668
 20
-48.62359242491755
 10
134.68604604775152
 20
-48.62959515391286
 10
134.6849229573578
 20
-48.635627261684256
 10
134.6839482405532
 20
-48.64168511471557
 10
134.67098874037677
 20
-48.72905096851696
 10
134.67016298429428
 20
-48.73513091778401
 10
134.66948668633842
 20
-48.741229300952746
 10
134.66896025388584
 20
-48.74734244458517
 10
134.66858400403976
 20
-48.753466666352146
 10
134.6642502585509
 20
-48.841682082835455
 10
134.66402441795015
 20
-48.84781369373483
 10
134.66394912263263
 20
-48.85394900031343
 10
134.66402441795347
 20
-48.86008430689199
 10
134.6642502585576
 20
-48.866215917791244
 10
134.6685840040945
 20
-48.9544313342718
 10
134.66896025394394
 20
-48.960555556038535
 10
134.66948668639984
 20
-48.96666869967064
 10
134.670162984359
 20
-48.97276708283897
 10
134.6709887404448
 20
-48.97884703210554
 10
134.68394824066877
 20
-49.066212885899546
 10
134.68492295747666
 20
-49.072270738930364
 10
134.68604604787365
 20
-49.07830284670118
 10
134.6873168353521
 20
-49.08430557569582
 10
134.68873455443716
 20
-49.0902753100948
 10
134.71019500227695
 20
-49.175950220271964
 10
134.71175879898757
 20
-49.18188336413044
 10
134.7134677313512
 20
-49.18777634354448
 10
134.7153207699708
 20
-49.19362560880362
 10
134.71731679864524
 20
-49.1994276365292
 10
134.7470715182562
 20
-49.282586506868356
 10
134.74920933465245
 20
-49.28833780213587
 10
134.7514876510298
 20
-49.29403490058005
 10
134.75390509501574
 20
-49.29967437048183
 10
134.75646021043232
 20
-49.30525281483541
 10
134.79422264759933
 20
-49.38509477995678
 10
134.79691389534057
 20
-49.39060883851584
 10
134.79973965429951
 20
-49.39605518981771
 10
134.80269822234462
 20
-49.40143055318404
 10
134.80578781734508
 20
-49.40673169069693
 10
134.85119429915505
 20
-49.48248782883026
 10
134.85441306005444
 20
-49.48771154728274
 10
134.85775904799152
 20
-49.4928547001021
 10
134.86123024746826
 20
-49.49791418924539
 10
134.8648245675639
 20
-49.50288696706553
 10
134.91743780477543
 20
-49.5738277051881
 10
134.92115308040587
 20
-49.57871077626963
 10
134.92498707362805
 20
-49.58350119923317
 10
134.92893747498783
 20
-49.58819608850705
 10
134.93300190491112
 20
-49.59279261606554
 10
134.99231520328814
 20
-49.65823475608874
 10
134.99649121351442
 20
-49.66273015315554
 10
135.00077628857122
 20
-49.66712171187152
 10
135.00516784728953
 20
-49.671406786925914
 10
135.0096632443586
 20
-49.675582797149744
 10
135.0751053844145
 20
-49.7348960954915
 10
135.07970191197523
 20
-49.73896052541232
 10
135.0843968012513
 20
-49.742910926769554
 10
135.08918722421694
 20
-49.746744919989155
 10
135.09407029530053
 20
-49.75046019561695
 10
135.1650110334519
 20
-49.80307343278991
 10
135.169983811274
 20
-49.80666775288281
 10
135.17504330041913
 20
-49.81013895235677
 10
135.1801864532403
 20
-49.81348494029103
 10
135.18541017169454
 20
-49.81670370118756
 10
135.2611663098524
 20
-49.862110182956144
 10
135.26646744736698
 20
-49.86519977795374
 10
135.27184281073494
 20
-49.86815834599591
 10
135.27728916203836
 20
-49.870984104951894
 10
135.2828032205989
 20
-49.87367535269015
 10
135.36264518574086
 20
-49.91143778981363
 10
135.3682236300958
 20
-49.913992905227175
 10
135.37386309999889
 20
-49.916410349210004
 10
135.37956019844427
 20
-49.91868866558426
 10
135.38531149371292
 20
-49.920826481977365
 10
135.4684703640685
 20
-49.950581201543116
 10
135.4742723807657
 20
-49.95257722657074
 10
135.4801216348242
 20
-49.954430262087065
 10
135.4860146028854
 20
-49.956139191897
 10
135.49194773525912
 20
-49.95770298660904
 10
135.50663895714487
 20
-49.96138294901816
 10
136.31525594827474
 20
-50.77000006176609
 10
135.0856310382572
 20
-51.99962493391865
 10
131.91436888954678
 20
-51.99962490367549
 10
129.59999987746022
 20
-49.68525584873697
 10
129.5999998772545
 20
-49.15000009990392
 10
129.59992458193298
 20
-49.14386479332634
 10
129.59969874132827
 20
-49.13773318242807
 10
129.59932249147826
 20
-49.13160896066227
 10
129.59879605902185
 20
-49.12549581703111
 10
129.5981197610622
 20
-49.119397433863725
 10
129.59729400497594
 20
-49.11331748459811
 10
129.59631928816768
 20
-49.10725963156836
 10
129.59519619777035
 20
-49.10122752379861
 10
129.59392541029163
 20
-49.09522479480504
 10
129.59250769120635
 20
-49.089255060407126
 10
129.59094389449552
 20
-49.08332191654964
 10
129.58923496213177
 20
-49.0774289371366
 10
129.58738192351205
 20
-49.071579671878446
 10
129.58538589483757
 20
-49.065777644153854
 10
129.58324807844133
 20
-49.06002634888736
 10
129.580969762064
 20
-49.054329250444184
 10
129.57855231807818
 20
-49.048689780543405
 10
129.57599720266174
 20
-49.043111336190805
 10
129.57330595492064
 20
-49.03759727763268
 10
129.5704801959619
 20
-49.03215092633172
 10
129.56752162791705
 20
-49.02677556296628
 10
129.56443203291687
 20
-49.02147442545427
 10
129.56121327201785
 20
-49.016250707002705
 10
129.55786728408117
 20
-49.011107554184235
 10
129.5543960846049
 20
-49.00604806504182
 10
129.55080176450977
 20
-49.00107528722252
 10
129.5470864888798
 20
-48.99619221614175
 10
129.54325249565812
 20
-48.991401793178945
 10
129.5393020942989
 20
-48.98670690390576
 10
129.53523766437618
 20
-48.982110376347954
 10
129.53106165415056
 20
-48.97761497928184
 10
129.52677657909447
 20
-48.973223420566526
 10
129.5223850203769
 20
-48.96893834551276
 10
129.51788962330858
 20
-48.96476233528953
 10
129.51329309574862
 20
-48.96069790536924
 10
129.50859820647335
 20
-48.95674750401249
 10
129.50380778350853
 20
-48.95291351079336
 10
129.49892471242578
 20
-48.94919823516598
 10
129.49395193460458
 20
-48.94560391507348
 10
129.48889244546032
 20
-48.94213271559987
 10
129.4837492926401
 20
-48.93878672766592
 10
129.47852557418682
 20
-48.93556796676966
 10
129.47322443667318
 20
-48.93247837177228
 10
129.46784907330618
 20
-48.92951980373028
 10
129.46240272200373
 20
-48.92669404477442
 10
129.45688866344418
 20
-48.924002797036245
 10
129.45131021909023
 20
-48.921447681622745
 10
129.44567074918817
 20
-48.91903023763991
 10
129.43997365074378
 20
-48.91675192126559
 10
129.43422235547618
 20
-48.9146141048724
 10
129.4284203277505
 20
-48.91261807620097
 10
129.4225710624914
 20
-48.910765037584355
 10
129.41667808307744
 20
-48.90905610522372
 10
129.41074493921911
 20
-48.90749230851601
 10
129.40477520482045
 20
-48.9060745894339
 10
129.3987724758262
 20
-48.90480380195835
 10
129.39274036805588
 20
-48.90368071156421
 10
129.3866825150256
 20
-48.90270599475915
 10
129.38060256575955
 20
-48.901880238676114
 10
129.3745041825918
 20
-48.9012039407197
 10
129.36839103896037
 20
-48.9006775082665
 10
129.36226681719438
 20
-48.90030125841974
 10
129.356135206296
 20
-48.900075417818265
 10
129.34999989971837
 20
-48.900000122499996
 10
127.65000009996389
 20
-48.90000012274556
 10
127.64386479338592
 20
-48.900075418065605
 10
127.63773318248722
 20
-48.90030125866888
 10
127.63160896072097
 20
-48.900677508517454
 10
127.6254958170893
 20
-48.901203940972486
 10
127.61939743392139
 20
-48.90188023893075
 10
127.61331748465523
 20
-48.90270599501564
 10
127.60725963162488
 20
-48.903680711822574
 10
127.6012275238545
 20
-48.90480380221859
 10
127.59522479486029
 20
-48.906074589696026
 10
127.58925506046168
 20
-48.907492308780036
 10
127.5833219166035
 20
-48.90905610548964
 10
127.57742893718971
 20
-48.91076503785219
 10
127.57157967193079
 20
-48.912618076470714
 10
127.56577764420541
 20
-48.914614105144054
 10
127.5600263489381
 20
-48.916751921539166
 10
127.55432925049408
 20
-48.91903023791539
 10
127.54868978059244
 20
-48.92144768190015
 10
127.54311133623895
 20
-48.92400279731556
 10
127.53759727767992
 20
-48.92669404505565
 10
127.53215092637804
 20
-48.9295198040134
 10
127.52677556301165
 20
-48.9324783720573
 10
127.52147442549868
 20
-48.93556796705657
 10
127.51625070704613
 20
-48.938786727954714
 10
127.51110755422667
 20
-48.94213271589053
 10
127.50604806508323
 20
-48.94560391536599
 10
127.5010752872629
 20
-48.949198235460344
 10
127.4961922161811
 20
-48.95291351108955
 10
127.49140179321724
 20
-48.9567475043105
 10
127.48670690394299
 20
-48.960697905669036
 10
127.48211037638411
 20
-48.964762335591104
 10
127.47761497931691
 20
-48.96893834581609
 10
127.4732234206005
 20
-48.9732234208716
 10
127.46893834554564
 20
-48.97761497958862
 10
127.4647623353213
 20
-48.98211037665643
 10
127.46069790539988
 20
-48.9867069042159
 10
127.45674750404203
 20
-48.99140179349071
 10
127.45291351082177
 20
-48.99619221645513
 10
127.44919823519326
 20
-49.00107528753747
 10
127.44560391509964
 20
-49.00604806535832
 10
127.44213271562491
 20
-49.01110755450225
 10
127.43878672768983
 20
-49.0162507073222
 10
127.43556796679245
 20
-49.02147442577522
 10
127.43247837179393
 20
-49.02677556328864
 10
127.42951980375082
 20
-49.03215092665544
 10
127.42669404479385
 20
-49.037597277957744
 10
127.42400279705456
 20
-49.043111336517164
 10
127.42144768163995
 20
-49.048689780871015
 10
127.41903023765602
 20
-49.05432925077301
 10
127.4167519212806
 20
-49.06002634921735
 10
127.41461410488633
 20
-49.06577764448497
 10
127.41261807621382
 20
-49.071579672210646
 10
127.41076503759614
 20
-49.07742893746983
 10
127.40905610523444
 20
-49.083321916883854
 10
127.40749230852569
 20
-49.089255060742275
 10
127.40607458944255
 20
-49.09522479514108
 10
127.40480380196598
 20
-49.10122752413549
 10
127.40368071157083
 20
-49.10725963190602
 10
127.40270599476477
 20
-49.11331748493651
 10
127.40188023868076
 20
-49.119397434202796
 10
127.40120394072339
 20
-49.125495817370805
 10
127.40067750826924
 20
-49.131608961002534
 10
127.40030125842155
 20
-49.137733182768855
 10
127.40007541781915
 20
-49.143864793667575
 10
127.4000001225
 20
-49.15000010024556
 10
127.4000001225
 20
-50.8499999
 10
127.40007541781434
 20
-50.8561352063816
 10
127.40030125840227
 20
-50.86226681708428
 10
127.40067750822588
 20
-50.86839103865528
 10
127.40120394064637
 20
-50.87450418209276
 10
127.40188023856052
 20
-50.88060256506792
 10
127.40270599459183
 20
-50.88668251414313
 10
127.40368071133574
 20
-50.892740366984654
 10
127.40480380165938
 20
-50.898772474568695
 10
127.40607458905518
 20
-50.90477520337942
 10
127.40749230804836
 20
-50.91074493759769
 10
127.4090561046581
 20
-50.916678081279066
 10
127.41076503691183
 20
-50.92257106051987
 10
127.41261807541274
 20
-50.928420325610006
 10
127.41461410395979
 20
-50.93422235317111
 10
127.41675192022011
 20
-50.93997364827896
 10
127.41903023645318
 20
-50.94567074656866
 10
127.4214476802866
 20
-50.95131021632145
 10
127.4240027955427
 20
-50.95688866053185
 10
127.42669404311567
 20
-50.96240271895387
 10
127.42951980189873
 20
-50.967849070125105
 10
127.43247836976055
 20
-50.973224433367484
 10
127.43556796457058
 20
-50.97852557076339
 10
127.43878672527256
 20
-50.98374928910608
 10
127.44213271300555
 20
-50.988892441823154
 10
127.44560391227175
 20
-50.993951930871944
 10
127.44919823215066
 20
-50.99892470860561
 10
127.45291350755853
 20
-51.00380777960899
 10
127.45674750055254
 20
-51.008598202502895
 10
127.46069790167878
 20
-51.01329309171587
 10
127.46476233136352
 20
-51.01788961922241
 10
127.46893834134643
 20
-51.022385016246375
 10
127.4732234161554
 20
-51.02677657492888
 10
127.47761497462179
 20
-51.03106164995935
 10
127.48211037143514
 20
-51.03523766016898
 10
127.48670689873668
 20
-51.039302090085535
 10
127.49140178775043
 20
-51.04325249144858
 10
127.49619221045097
 20
-51.04708648468418
 10
127.50107528126696
 20
-51.05080176033833
 10
127.50604805881936
 20
-51.05439608046805
 10
127.51110754769307
 20
-51.05786727998942
 10
127.5162507002414
 20
-51.0612132679818
 10
127.52147441842175
 20
-51.064432028947245
 10
127.52677555566183
 20
-51.06752162402464
 10
127.532150918755
 20
-51.07048019215756
 10
127.53759726978372
 20
-51.073305951215296
 10
127.54311132807
 20
-51.07599719906638
 10
127.54868977215153
 20
-51.07855231460382
 10
127.5543292417824
 20
-51.08096975872167
 10
127.56002633995719
 20
-51.08324807524208
 10
127.56577763495723
 20
-51.08538589179246
 10
127.57157966241766
 20
-51.08738192063213
 10
127.57742892741433
 20
-51.08923495942805
 10
127.58332190656895
 20
-51.090943891978995
 10
127.58925505017145
 20
-51.09250768888796
 10
127.59522478431822
 20
-51.09392540818224
 10
127.60122751306486
 20
-51.09519619588078
 10
127.60725962059225
 20
-51.096319286508646
 10
127.61331747338461
 20
-51.09729400355808
 10
127.61939742241819
 20
-51.09811975989603
 10
127.62549580535924
 20
-51.09879605811776
 10
127.63160894877015
 20
-51.09932249084656
 10
127.63773317032218
 20
-51.09969874097905
 10
127.64386478101348
 20
-51.09992458187623
 10
127.65000008739128
 20
-51.099999877500004
  0
LWPOLYLINE
  5
42
330
17
100
AcDbEntity
  8
0
100
AcDbPolyline
 90
392
 70
0
 10
122.0944491225
 20
-42.51210100163604
 10
122.09444912250268
 20
-55.195795998446116
 10
122.09458291757629
 20
-55.203973995123995
 10
122.09511591747189
 20
-55.22025899185259
 10
122.09551732312926
 20
-55.22843073222412
 10
122.111364322824
 20
-55.47022472740268
 10
122.11178068209335
 20
-55.47566660550473
 10
122.11231573743076
 20
-55.481098097758675
 10
122.11296923382973
 20
-55.486516615524195
 10
122.1172212329854
 20
-55.5188036090311
 10
122.11799179429383
 20
-55.52419965432
 10
122.11887981622333
 20
-55.529577617367714
 10
122.1198848766285
 20
-55.534934941613244
 10
122.16556487536235
 20
-55.76458193519297
 10
122.16668663761791
 20
-55.76991671063758
 10
122.16792445507254
 20
-55.77522575834423
 10
122.16927773915519
 20
-55.78050655390873
 10
122.17770373747108
 20
-55.81195654758136
 10
122.17917327771823
 20
-55.817211497018086
 10
122.18075715689045
 20
-55.822433122137575
 10
122.18245462045181
 20
-55.82761893543719
 10
122.25772361835685
 20
-56.049353929232375
 10
122.259532635956
 20
-56.05449810369628
 10
122.26145342104367
 20
-56.059601598600395
 10
122.26348505978463
 20
-56.06466198589935
 10
122.27593505728903
 20
-56.094719979846246
 10
122.27807743521039
 20
-56.09973678861749
 10
122.28032876544334
 20
-56.104705658266354
 10
122.2826879760608
 20
-56.109624222962246
 10
122.386259973174
 20
-56.31964721708423
 10
122.38872555230667
 20
-56.32451238850412
 10
122.39129668202307
 20
-56.329322613590925
 10
122.39397213850746
 20
-56.334075602756116
 10
122.41024313524288
 20
-56.362257597080365
 10
122.41302136639781
 20
-56.366950628823695
 10
122.4159013084219
 20
-56.37158194064997
 10
122.41888159077972
 20
-56.3761493285645
 10
122.45750572038747
 20
-56.433954522536325
 10
122.54897071866796
 20
-56.570841519943656
 10
122.55205068962515
 20
-56.57534389611583
 10
122.5552281643408
 20
-56.57977799881246
 10
122.5585016299497
 20
-56.584141716860216
 10
122.57833062597217
 20
-56.60998271165912
 10
122.58169745449486
 20
-56.61427263497321
 10
122.5851570541863
 20
-56.61848810010969
 10
122.58870777888697
 20
-56.6226271012503
 10
122.74308577457823
 20
-56.79866009632091
 10
122.74672619025837
 20
-56.80272094284734
 10
122.75045432139619
 20
-56.80670141255008
 10
122.75426839381252
 20
-56.81059961116462
 10
122.77729738919047
 20
-56.83362860652743
 10
122.78119558777345
 20
-56.837442678908594
 10
122.78517605744318
 20
-56.841170810012706
 10
122.78923690393519
 20
-56.844811225660614
 10
122.96526989901935
 20
-56.999189221335264
 10
122.96940962373853
 20
-57.00274055319567
 10
122.97362583859835
 20
-57.00620072818967
 10
122.97791653672886
 20
-57.00956809931359
 10
123.00375553154073
 20
-57.02939509531911
 10
123.00811830412135
 20
-57.032667791015385
 10
123.01255142929516
 20
-57.03584453823608
 10
123.01705279729691
 20
-57.03892382513785
 10
123.21174179185913
 20
-57.169011821491544
 10
123.21630904128166
 20
-57.171992042988606
 10
123.22094021160197
 20
-57.17487192995225
 10
123.22563309901336
 20
-57.17765011194829
 10
123.25382509334806
 20
-57.19392710866498
 10
123.25857880935412
 20
-57.19660300138702
 10
123.26338977934242
 20
-57.19917453507291
 10
123.26825571265829
 20
-57.2016404853343
 10
123.47826670679068
 20
-57.30520548242881
 10
123.48318328117776
 20
-57.3075637400093
 10
123.48815012033165
 20
-57.3098142047033
 10
123.49316486130145
 20
-57.31195580586258
 10
123.52323785525635
 20
-57.32441280334695
 10
123.52829989571472
 20
-57.326445215668144
 10
123.53340507426475
 20
-57.328366700879606
 10
123.53855096043638
 20
-57.330176344201945
 10
123.75612923401697
 20
-57.40403443707014
 10
123.76026823107425
 20
-57.4054394360599
 10
123.76545323360763
 20
-57.4071366399789
 10
123.77067403709431
 20
-57.40872029504465
 10
123.77592815519908
 20
-57.410189647063405
 10
123.80738814887731
 20
-57.418618645358556
 10
123.8126697017092
 20
-57.41997216812757
 10
123.817979515634
 20
-57.42121019086018
 10
123.82331506514873
 20
-57.42233212471655
 10
124.05296205873083
 20
-57.46801212342903
 10
124.05832102793819
 20
-57.46901747390393
 10
124.0637006478156
 20
-57.46990571402782
 10
124.0690983594469
 20
-57.47067642129275
 10
124.10139035295654
 20
-57.474928420427354
 10
124.1068068836658
 20
-57.47558158914429
 10
124.11223637787948
 20
-57.476116403953945
 10
124.11767624981708
 20
-57.47653261015236
 10
124.33020611611025
 20
-57.49046253584538
 10
124.35946398443586
 20
-57.49238046165863
 10
124.36763900839348
 20
-57.49278208253882
 10
124.38392400512188
 20
-57.49331508242906
 10
124.39210200171793
 20
-57.4934488775
 10
144.69579599844567
 20
-57.49344887749732
 10
144.70397449679692
 20
-57.49331506600368
 10
144.72025849352525
 20
-57.492782066108084
 10
144.72843372631598
 20
-57.49238041506875
 10
144.7542272146158
 20
-57.49068951416878
 10
144.97022070191326
 20
-57.47653261330538
 10
144.9756605901578
 20
-57.47611640674695
 10
144.98109010063183
 20
-57.475581590867776
 10
144.98650664753166
 20
-57.47492842037386
 10
145.01879864103844
 20
-57.47067642121806
 10
145.02419635262268
 20
-57.46990571395675
 10
145.0295759724533
 20
-57.46901747383853
 10
145.03493494161418
 20
-57.4680121233713
 10
145.26458193519235
 20
-57.422332124637784
 10
145.26991748475302
 20
-57.42121019077073
 10
145.27522729872328
 20
-57.419972168025424
 10
145.28050885160008
 20
-57.41861864524173
 10
145.3119688452728
 20
-57.41018964692589
 10
145.31722289789707
 20
-57.40872031398827
 10
145.32244363676725
 20
-57.407136680852275
 10
145.32762857564109
 20
-57.40543950168238
 10
145.47104870069884
 20
-57.35675510137876
 10
145.54934369775253
 20
-57.330176102367666
 10
145.55448434908388
 20
-57.32836827473118
 10
145.5595843761985
 20
-57.32644883202459
 10
145.56464135600885
 20
-57.32441868619944
 10
145.59472834995648
 20
-57.31195768869454
 10
145.59974750171423
 20
-57.309814450983204
 10
145.60471867257638
 20
-57.30756216047934
 10
145.60963949345333
 20
-57.305201890547416
 10
145.81963548757489
 20
-57.20164289343441
 10
145.82449918737902
 20
-57.19917807295738
 10
145.8293079747739
 20
-57.19660776566841
 10
145.83405956224465
 20
-57.193933194249155
 10
145.86226355656873
 20
-57.177650197513664
 10
145.8669581896372
 20
-57.17487111372368
 10
145.8715910629232
 20
-57.1719902507497
 10
145.87615997022345
 20
-57.169008980476725
 10
146.0708419647726
 20
-57.038925984106
 10
146.0753441882746
 20
-57.03584610580089
 10
146.07977814262549
 20
-57.03266873020918
 10
146.08414171686056
 20
-57.02939537005002
 10
146.1099827116591
 20
-57.009566374027834
 10
146.11427263497316
 20
-57.00619954550516
 10
146.11848810010963
 20
-57.00273994581372
 10
146.12262710125023
 20
-56.99918922111307
 10
146.2986600963208
 20
-56.8448112254219
 10
146.3027209428473
 20
-56.841170809741705
 10
146.3067014125501
 20
-56.837442678603814
 10
146.3105996111647
 20
-56.83362860618743
 10
146.33362860652775
 20
-56.81059961080919
 10
146.33744267890884
 20
-56.80670141222626
 10
146.3411708100129
 20
-56.8027209425566
 10
146.34481122566072
 20
-56.79866009606466
 10
146.49918922133534
 20
-56.62262710098061
 10
146.50273994606607
 20
-56.61848809980341
 10
146.506199545786
 20
-56.61427263462904
 10
146.50956637433546
 20
-56.609982711275805
 10
146.5293953703414
 20
-56.58414171646316
 10
146.5326687304697
 20
-56.57977814226412
 10
146.53584610603215
 20
-56.57534418795053
 10
146.5389259843097
 20
-56.57084196448701
 10
146.66900898066274
 20
-56.37615996992584
 10
146.67198942870803
 20
-56.37159235326529
 10
146.6748695261636
 20
-56.36696080588296
 10
146.67764790227827
 20
-56.36226753211363
 10
146.69393389899486
 20
-56.3340595377792
 10
146.6966094514782
 20
-56.32930637024378
 10
146.6991806693822
 20
-56.32449596265181
 10
146.70164632875833
 20
-56.31963060484875
 10
146.8052023258528
 20
-56.109638610716424
 10
146.80756109586125
 20
-56.10472095569368
 10
146.80981202552505
 20
-56.09975301421615
 10
146.81195404350495
 20
-56.09473715079604
 10
146.82441804098931
 20
-56.06464615684135
 10
146.82645007172798
 20
-56.059584902946135
 10
146.82837121041612
 20
-56.05448052579946
 10
146.8301805427318
 20
-56.04933545471286
 10
146.90543954061658
 20
-55.82762846091094
 10
146.90713670518582
 20
-55.82244355957728
 10
146.90872032538374
 20
-55.817222858811725
 10
146.9101896470632
 20
-55.81196884480175
 10
146.91861864535852
 20
-55.78050885112294
 10
146.91997216812754
 20
-55.775227298290986
 10
146.92121019086017
 20
-55.76991748436614
 10
146.92233212471655
 20
-55.76458193485134
 10
146.96801212342902
 20
-55.534934941269256
 10
146.96901747390393
 20
-55.529575972061856
 10
146.96990571402782
 20
-55.524196352184426
 10
146.97067642129275
 20
-55.51879864055309
 10
146.97492842042737
 20
-55.486506647043186
 10
146.97558157429734
 20
-55.481090251883074
 10
146.97611638018287
 20
-55.47566089380195
 10
146.976532583397
 20
-55.470221158386245
 10
146.99238058306778
 20
-55.22843316336745
 10
146.99278209895584
 20
-55.22025948999471
 10
146.99331509884607
 20
-55.20397349326797
 10
146.99344887750001
 20
-55.19579599828308
 10
146.99344887749734
 20
-42.51210100155397
 10
146.9933150988407
 20
-42.50392350648726
 10
146.99278209894507
 20
-42.487637509758855
 10
146.9923805830588
 20
-42.47946383645424
 10
146.97653258336402
 20
-42.23767584127442
 10
146.97611638014524
 20
-42.23223610580877
 10
146.97558157425286
 20
-42.22680674767791
 10
146.97492842037386
 20
-42.221390352468376
 10
146.970676421218
 20
-42.189098358961196
 10
146.9699057139567
 20
-42.183700647376966
 10
146.96901747383848
 20
-42.17832102754639
 10
146.96801212337127
 20
-42.172962058385515
 10
146.92233212463793
 20
-41.943315064808274
 10
146.9212101907709
 20
-41.93797951524769
 10
146.91997216802562
 20
-41.93266970127754
 10
146.91861864524196
 20
-41.92738814840082
 10
146.91018964692597
 20
-41.89592815472738
 10
146.90872029486184
 20
-41.89067403647973
 10
146.90713663974446
 20
-41.88545323285213
 10
146.9054394357677
 20
-41.88026823018001
 10
146.9040343430932
 20
-41.87612895717006
 10
146.83017634408316
 20
-41.65855096011966
 10
146.82836670074315
 20
-41.653405073900196
 10
146.8264452155119
 20
-41.64829989530313
 10
146.8244128031689
 20
-41.64323785479857
 10
146.81195580566433
 20
-41.61316486085087
 10
146.80981420452076
 20
-41.608150119925746
 10
146.8075637398444
 20
-41.603183280815735
 10
146.80520548228344
 20
-41.598266706471705
 10
146.70164048517015
 20
-41.388255712349554
 10
146.69917453488654
 20
-41.3833897789921
 10
146.6966030011766
 20
-41.37857880896318
 10
146.6939271084288
 20
-41.37382509291754
 10
146.67765011169368
 20
-41.345633098593716
 10
146.67487192971902
 20
-41.34094021122445
 10
146.67199204277853
 20
-41.33630904094524
 10
146.66901182130638
 20
-41.331741791562735
 10
146.5389238249347
 20
-41.1370527970121
 10
146.53584453800542
 20
-41.13255142897195
 10
146.53266779075557
 20
-41.128118303760964
 10
146.5293950950285
 20
-41.12375553114441
 10
146.5095680990057
 20
-41.09791653634522
 10
146.5062007279085
 20
-41.09362583825374
 10
146.50274055294287
 20
-41.089409623431706
 10
146.49918922111243
 20
-41.08526989874901
 10
146.34481122542175
 20
-40.90923690367908
 10
146.34117080974167
 20
-40.9051760571527
 10
146.33744267860388
 20
-40.901195587450005
 10
146.3336286061876
 20
-40.89729738883551
 10
146.31059961080985
 20
-40.87426839347285
 10
146.30670141222683
 20
-40.87045432109164
 10
146.30272094255704
 20
-40.86672618998749
 10
146.298660096065
 20
-40.86308577433953
 10
146.12262710098025
 20
-40.70870777866436
 10
146.11848820770368
 20
-40.70515714447431
 10
146.11427285432833
 20
-40.701697630544984
 10
146.10998304651568
 20
-40.69833088291012
 10
146.08414605170364
 20
-40.6785048869046
 10
146.07978228484086
 20
-40.67523137407389
 10
146.07534813145395
 20
-40.67205385440801
 10
146.07084570279255
 20
-40.668973840830986
 10
145.87614970823137
 20
-40.53888184447797
 10
145.87158219725413
 20
-40.53590147190145
 10
145.8669507586711
 20
-40.53302144518739
 10
145.8622575966604
 20
-40.53024313498811
 10
145.83407560232536
 20
-40.51397213827114
 10
145.82932261319974
 20
-40.511296681812524
 10
145.82451238815352
 20
-40.50872555212014
 10
145.81964721677522
 20
-40.50625997300969
 10
145.60962422264373
 20
-40.402687975915654
 10
145.60470565790482
 20
-40.40032876527867
 10
145.59973678821206
 20
-40.398077435028085
 10
145.59471997939616
 20
-40.395935057091
 10
145.56466198544138
 20
-40.383485059606514
 10
145.5596015981851
 20
-40.38145342088602
 10
145.5544981033245
 20
-40.379532635816915
 10
145.54935392890485
 20
-40.377723618234384
 10
145.32761893510252
 20
-40.30245462034951
 10
145.32243312175777
 20
-40.300757156774445
 10
145.31721149659256
 20
-40.2991732775905
 10
145.3119565471096
 20
-40.297703737333585
 10
145.2805065534312
 20
-40.28927773903831
 10
145.2752257579116
 20
-40.287924454970344
 10
145.2699167102504
 20
-40.28668663752842
 10
145.26458193485175
 20
-40.28556487528354
 10
145.0349349412683
 20
-40.239884876570784
 10
145.02957761697624
 20
-40.238879816157905
 10
145.02419965388168
 20
-40.237991794222744
 10
145.01880360854568
 20
-40.237221232910684
 10
144.98651661503604
 20
-40.23296923377624
 10
144.98109809731994
 20
-40.232315737386294
 10
144.97566660511572
 20
-40.23178068205574
 10
144.97022472706362
 20
-40.231364322791066
 10
144.72843073204734
 20
-40.215517323120366
 10
144.72025899160775
 20
-40.21511591746122
 10
144.7039739948782
 20
-40.21458291757093
 10
144.69579599828208
 20
-40.21444912249999
 10
124.39210200155422
 20
-40.21444912250267
 10
124.38392400487616
 20
-40.214582917576294
 10
124.36763900814745
 20
-40.215115917471906
 10
124.35946644246262
 20
-40.215517377221076
 10
124.11766944728247
 20
-40.2313653769159
 10
124.11222970700946
 20
-40.231781567252455
 10
124.10680034379945
 20
-40.23231636045333
 10
124.10138394324497
 20
-40.23296950183722
 10
124.06909894973826
 20
-40.23722050099304
 10
124.0637010400037
 20
-40.23799122560686
 10
124.05832122315408
 20
-40.2388794916691
 10
124.0529620583856
 20
-40.239884876628736
 10
123.82331506480723
 20
-40.285564875362276
 10
123.81798076308334
 20
-40.28668653260139
 10
123.81267218429272
 20
-40.28792422443194
 10
123.80739185216731
 20
-40.28927736244742
 10
123.77594485849437
 20
-40.297702360763424
 10
123.77068934266427
 20
-40.29917203299267
 10
123.7654671578484
 20
-40.300756068614355
 10
123.76028079234585
 20
-40.30245371285733
 10
123.53853779855076
 20
-40.37772571076235
 10
123.53339340035738
 20
-40.379534816464194
 10
123.52828968554498
 20
-40.381455699418986
 10
123.52322908247749
 20
-40.38348744566442
 10
123.49318108853073
 20
-40.39593344316872
 10
123.48816486415367
 20
-40.3980755879917
 10
123.48319656800996
 20
-40.400326659930116
 10
123.47827856511164
 20
-40.40268558742702
 10
123.26824357098987
 20
-40.50626258454016
 10
123.26337713605133
 20
-40.5087287998089
 10
123.2585656761777
 20
-40.511300620301704
 10
123.25381148273335
 20
-40.51397682123897
 10
123.22564248840939
 20
-40.53024081797414
 10
123.22095041255353
 20
-40.5330185549363
 10
123.21632003323288
 20
-40.53589796213484
 10
123.21175355313028
 20
-40.53887766982867
 10
123.01704355858007
 20
-40.66897866620011
 10
123.0125413524453
 20
-40.67205851557946
 10
123.00810741443665
 20
-40.675235861329455
 10
123.00374385548731
 20
-40.67850919076217
 10
122.97792486068857
 20
-40.69832118678451
 10
122.97363469208399
 20
-40.70168819199906
 10
122.96941898974973
 20
-40.70514797878432
 10
122.9652797598391
 20
-40.70869890070934
 10
122.78923676476775
 20
-40.86308589640121
 10
122.78517730044922
 20
-40.866725050988734
 10
122.7811981572235
 20
-40.87045186140176
 10
122.77730122742483
 20
-40.87426455530629
 10
122.75427423206199
 20
-40.897290550684495
 10
122.75045874955342
 20
-40.901190051011206
 10
122.7467292675817
 20
-40.905171881468895
 10
122.74308756221653
 20
-40.909234145813386
 10
122.58869856654236
 20
-41.08528014089699
 10
122.5851477614926
 20
-41.08941924871057
 10
122.58168808604546
 20
-41.09363482409174
 10
122.57832118647701
 20
-41.09792486107174
 10
122.55850919047157
 20
-41.12374385588362
 10
122.55523586106963
 20
-41.12810741479705
 10
122.55205851534878
 20
-41.13254135276852
 10
122.54897866599691
 20
-41.13704355886492
 10
122.41887766964336
 20
-41.33175355342685
 10
122.41589796192459
 20
-41.336320033569535
 10
122.41301855470284
 20
-41.340950412931356
 10
122.41024081771928
 20
-41.345642488829405
 10
122.39397682100247
 20
-41.373811483164374
 10
122.39130062009104
 20
-41.37856567656909
 10
122.38872879962229
 20
-41.38337713640205
 10
122.38626258437579
 20
-41.38824357129894
 10
122.28268558728195
 20
-41.59827856542996
 10
122.2803266597655
 20
-41.60319656837135
 10
122.27807558780944
 20
-41.60816486455898
 10
122.27593344297073
 20
-41.613181088980724
 10
122.26348744548613
 20
-41.643229082935875
 10
122.26145569926116
 20
-41.64828968596065
 10
122.25953481632494
 20
-41.65339340072955
 10
122.25772571063973
 20
-41.658537798878676
 10
122.18245371275486
 20
-41.8802807926811
 10
122.18075606849818
 20
-41.88546715822879
 10
122.17917203286477
 20
-41.89068934309038
 10
122.17770236062577
 20
-41.895944858966715
 10
122.1692773623307
 20
-41.92739185264424
 10
122.16792422432991
 20
-41.93267218472471
 10
122.16668653251206
 20
-41.93798076346984
 10
122.16556487528365
 20
-41.943315065147765
 10
122.11988487657099
 20
-42.17296205873069
 10
122.11887949160365
 20
-42.178321223545765
 10
122.11799122553573
 20
-42.18370104044231
 10
122.11722050091828
 20
-42.18909895022404
 10
122.11296950178368
 20
-42.22138394373367
 10
122.1123163560387
 20
-42.22680038413755
 10
122.11178156021795
 20
-42.23222978736838
 10
122.11136536900771
 20
-42.23766956777658
 10
122.10542837957136
 20
-42.328252406602864
 10
122.09551738898656
 20
-42.47946526299511
 10
122.09511591746251
 20
-42.48763800835196
 10
122.09458291757225
 20
-42.503923004999095
 10
122.0944491225
 20
-42.51210100163604
  0
LWPOLYLINE
  5
43
330
17
100
AcDbEntity
  8
0
100
AcDbPolyline
 90
704
 70
0
 10
126.69949987758356
 20
-49.084571399139875
 10
126.6994998775004
 20
-50.915430329868315
 10
126.70391447784694
 20
-50.979040616399935
 10
126.74491268073464
 20
-51.15335702831461
 10
126.80098811896539
 20
-51.28035526356109
 10
126.81606387265887
 20
-51.31449830087245
 10
126.91561526177091
 20
-51.45982504204587
 10
127.04017494558956
 20
-51.584384727961655
 10
127.18550132694604
 20
-51.68393587418766
 10
127.28160013564388
 20
-51.726367615757
 10
127.34664116857483
 20
-51.75508601418313
 10
127.5209515861737
 20
-51.79608370490187
 10
127.58457098232732
 20
-51.8005001222562
 10
127.68893699048927
 20
-51.8005001225
 10
127.69507230906987
 20
-51.80057541812814
 10
127.70120393194918
 20
-51.80080125962846
 10
127.70732816565236
 20
-51.80117751096194
 10
127.71344132115561
 20
-51.801703945487965
 10
127.71953971610824
 20
-51.802380246100824
 10
127.72561967705079
 20
-51.80320600542072
 10
127.73167754162777
 20
-51.804180726039164
 10
127.73770966079384
 20
-51.80530382081861
 10
127.83299763163019
 20
-51.824257814968746
 10
127.8390002056755
 20
-51.825528570080934
 10
127.84496978686384
 20
-51.82694624922676
 10
127.85090277952825
 20
-51.82850999849337
 10
127.85679561004018
 20
-51.830218875985274
 10
127.86264472896202
 20
-51.8320718523917
 10
127.86844661318506
 20
-51.83406781160652
 10
127.87419776805147
 20
-51.83620555140059
 10
127.8798947294594
 20
-51.838483784145815
 10
127.88553406594933
 20
-51.84090113759079
 10
127.89111238077112
 20
-51.84345615568733
 10
127.89662631392989
 20
-51.84614729946746
 10
127.90207254420983
 20
-51.84897294797045
 10
127.90744779117476
 20
-51.85193139921912
 10
127.91274881714394
 20
-51.855020871245
 10
127.91797242914231
 20
-51.8582395031617
 10
127.92311548082367
 20
-51.86158535628572
 10
128.00389645613205
 20
-51.91556033967468
 10
128.0089562335289
 20
-51.919031669028755
 10
128.0139292918542
 20
-51.922626132226966
 10
128.01881263521972
 20
-51.92634156387949
 10
128.02360332178367
 20
-51.930175725722215
 10
128.02829846552288
 20
-51.934126307965165
 10
128.03289523797147
 20
-51.93819093068394
 10
128.03739086992476
 20
-51.94236714525346
 10
128.04178265310748
 20
-51.94665243582308
 10
130.37637649612287
 20
-54.28124727383236
 10
130.47814998665712
 20
-54.3593397676472
 10
130.55323047330958
 20
-54.4169505657394
 10
130.73353712160628
 20
-54.52105086071423
 10
130.7462749784687
 20
-54.52840511875864
 10
130.95221696942073
 20
-54.61370964669617
 10
130.9848381605416
 20
-54.62245024133913
 10
131.16753718476465
 20
-54.67140465308461
 10
131.3885426012083
 20
-54.700500121562584
 10
135.61145689862957
 20
-54.70050012249637
 10
135.83246265991554
 20
-54.67140373844694
 10
136.04778099186288
 20
-54.61370955436537
 10
136.2537256347324
 20
-54.528404801563184
 10
136.44677432140654
 20
-54.41694780368259
 10
136.6236097216895
 20
-54.28125708916727
 10
138.7812469580988
 20
-52.123622808675826
 10
138.91694781518663
 20
-51.946774299840165
 10
139.02840479601474
 20
-51.75372564598351
 10
139.1137095503331
 20
-51.547781003741505
 10
139.1714037359997
 20
-51.33246267221875
 10
139.20050012158046
 20
-51.111456911872395
 10
139.20050012247845
 20
-50.428543101234304
 10
139.17140373844694
 20
-50.207537340084244
 10
139.1137097086265
 20
-49.99221958384934
 10
139.0991205608079
 20
-49.95699860973513
 10
139.02840666560715
 20
-49.78627907815049
 10
138.91694643469216
 20
-49.59322409098978
 10
138.7812513179938
 20
-49.41638147250567
 10
138.61207756466706
 20
-49.247206782248526
 10
138.6120362206348
 20
-49.247166437741186
 10
137.60291139848363
 20
-48.238041615835726
 10
137.59862617466493
 20
-48.23364990086874
 10
137.59445002343566
 20
-48.2291543403433
 10
137.59038546053003
 20
-48.2245576424074
 10
137.58643493446095
 20
-48.21986257613468
 10
137.58260082504492
 20
-48.21507196985639
 10
137.5788854419685
 20
-48.21018870945753
 10
137.5752910233969
 20
-48.20521573663841
 10
137.5718197346257
 20
-48.200156047142535
 10
137.51784374553228
 20
-48.11937406355181
 10
137.5144978932653
 20
-48.11423104580806
 10
137.51127926076833
 20
-48.1090074681304
 10
137.50818978670696
 20
-48.10370647681471
 10
137.50523133195128
 20
-48.09833126478508
 10
137.502405678455
 20
-48.092885069670686
 10
137.49971452818235
 20
-48.08737117185562
 10
137.49715950208267
 20
-48.08179289250309
 10
137.49474213911424
 20
-48.07615359155494
 10
137.47717300099882
 20
-48.03373783056364
 10
137.43348335154312
 20
-47.95806597174132
 10
137.35588913126574
 20
-47.823668578070404
 10
137.2082131486277
 20
-47.63121036723151
 10
137.03668715484272
 20
-47.45968437227405
 10
136.84423749244144
 20
-47.31201326785307
 10
136.6341678545698
 20
-47.190728775207354
 10
136.41004884855093
 20
-47.097894486298536
 10
136.31070461385562
 20
-47.071275430266795
 10
136.17573793463333
 20
-47.03511133438786
 10
135.9352371841771
 20
-47.003448878385036
 10
135.69266061450546
 20
-47.003448877555996
 10
135.4521635740679
 20
-47.03511042644465
 10
135.21785079201575
 20
-47.09789354390491
 10
135.05927090248824
 20
-47.163579317932644
 10
134.9937379359857
 20
-47.190724755681636
 10
134.783673445089
 20
-47.31200413795372
 10
134.59373077926435
 20
-47.457750089542074
 10
134.591209044176
 20
-47.459685174366015
 10
134.4930986147424
 20
-47.55779560260967
 10
134.48870689988894
 20
-47.5620808262679
 10
134.48421133948415
 20
-47.56625697734301
 10
134.47961464167577
 20
-47.57032154010102
 10
134.47491957553723
 20
-47.574272066029295
 10
134.4701289693995
 20
-47.57810617531156
 10
134.46524570914733
 20
-47.58182155826149
 10
134.4602727364807
 20
-47.58541597671408
 10
134.4552130471429
 20
-47.588887265373955
 10
134.37443107190134
 20
-47.64286324888882
 10
134.36928801874555
 20
-47.646209123579915
 10
134.3640644045766
 20
-47.64942777674941
 10
134.3587633757553
 20
-47.65251726969283
 10
134.35338812527198
 20
-47.65547574150327
 10
134.34794189082317
 20
-47.65830141019234
 10
134.34242795286153
 20
-47.66099257376349
 10
134.33684963261976
 20
-47.66354761123719
 10
134.33121029011028
 20
-47.66596498362729
 10
134.32551332210124
 20
-47.66824323486802
 10
134.31976216007067
 20
-47.670380992691015
 10
134.31396026813943
 20
-47.67237696945188
 10
134.30811114098478
 20
-47.67422996290579
 10
134.3022183017353
 20
-47.675938856931644
 10
134.29628529984893
 20
-47.67750262220433
 10
134.2903157089749
 20
-47.67892031681472
 10
134.28431312480123
 20
-47.68019108683705
 10
134.18902615400668
 20
-47.69914508112337
 10
134.18299397515506
 20
-47.70026819877265
 10
134.17693605010413
 20
-47.70124293926588
 10
134.17085602801043
 20
-47.70206871544151
 10
134.1647575713413
 20
-47.702745029870705
 10
134.15864435366873
 20
-47.70327147515701
 10
134.15252005745623
 20
-47.703647734181715
 10
134.1463883718409
 20
-47.70387358029494
 10
134.14025299041103
 20
-47.7039488774521
 10
133.77394942957181
 20
-47.70394887748057
 10
134.17394894206217
 20
-47.703949122500006
 10
134.1800842479666
 20
-47.70402441884122
 10
134.18621585816746
 20
-47.70425026043262
 10
134.19234007921287
 20
-47.7046265112357
 10
134.19845322210182
 20
-47.7051529446111
 10
134.2045516045065
 20
-47.7058292434551
 10
134.21063155299007
 20
-47.706655000390654
 10
134.21668940521977
 20
-47.70762971801277
 10
134.2227215121727
 20
-47.70875280918813
 10
134.22872424033397
 20
-47.710023597408735
 10
134.23469397388538
 20
-47.711441317199466
 10
134.24062711688345
 20
-47.713005114579104
 10
134.24652009542538
 20
-47.71471404757479
 10
134.25236935980212
 20
-47.7165670867894
 10
134.25817138663623
 20
-47.718563116021656
 10
134.2639226810045
 20
-47.720700932938435
 10
134.2696197785429
 20
-47.722979249799046
 10
134.27525924753374
 20
-47.725396694230895
 10
134.2808376909725
 20
-47.72795181005617
 10
134.28635174861412
 20
-47.73064305816897
 10
134.2917980989972
 20
-47.733468817462416
 10
134.29717346144463
 20
-47.73642738580513
 10
134.30247459803977
 20
-47.739516981066565
 10
134.30769831557683
 20
-47.742735742190455
 10
134.3128414674844
 20
-47.74608173031588
 10
134.31790095572072
 20
-47.749552929945146
 10
134.32287373263995
 20
-47.75314725015783
 10
134.32775680282785
 20
-47.756862525870325
 10
134.33254722490616
 20
-47.76069651913993
 10
134.3372421133044
 20
-47.76464692051295
 10
134.34183863999792
 20
-47.768711350415856
 10
134.34633403621152
 20
-47.77288736058856
 10
134.35072559408718
 20
-47.77717243555924
 10
134.3550106683153
 20
-47.7815639941595
 10
134.35918667772785
 20
-47.78605939107924
 10
134.36325110685348
 20
-47.790655918460025
 10
134.36720150743264
 20
-47.79535080752623
 10
134.3710354998922
 20
-47.800141230252855
 10
134.374750774779
 20
-47.80502430106899
 10
134.37834509415083
 20
-47.809997078596
 10
134.38181629292455
 20
-47.81505656741929
 10
134.3851622801803
 20
-47.82019971989264
 10
134.38838104042088
 20
-47.82542343797399
 10
134.39147063478595
 20
-47.83072457509156
 10
134.3944292022197
 20
-47.83609993803927
 10
134.3972549605922
 20
-47.84154628890017
 10
134.39994620777262
 20
-47.84706034699686
 10
134.40250132265462
 20
-47.85263879086766
 10
134.40491876613285
 20
-47.85827826026728
 10
134.4071970820301
 20
-47.86397535819096
 10
134.4093348979744
 20
-47.86972665292069
 10
134.41133092622556
 20
-47.87552868009232
 10
134.4131839644511
 20
-47.88137794478239
 10
134.4148928964503
 20
-47.88727092361332
 10
134.41645669282667
 20
-47.893204066875796
 10
134.41787441160795
 20
-47.89917380066693
 10
134.41914519881354
 20
-47.90517652904308
 10
134.4202682889689
 20
-47.911208636185926
 10
134.42124300556668
 20
-47.917266488580445
 10
134.42206876147412
 20
-47.92334643720367
 10
134.42274505928694
 20
-47.92944481972268
 10
134.42327149162864
 20
-47.93555796270068
 10
134.42364774139614
 20
-47.9416821838097
 10
134.42387358195072
 20
-47.947813794048756
 10
134.4239488772545
 20
-47.953949099965904
 10
134.4239488775
 20
-49.753948899720186
 10
134.4238735821817
 20
-49.760084206297805
 10
134.42364774158017
 20
-49.766215817196176
 10
134.42327149173335
 20
-49.77234003896217
 10
134.42274505928012
 20
-49.778453182593594
 10
134.42206876132363
 20
-49.78455156576132
 10
134.42124300524057
 20
-49.79063151502736
 10
134.42026828843544
 20
-49.79668936805761
 10
134.41914519804126
 20
-49.80272147582794
 10
134.41787441056567
 20
-49.80872420482217
 10
134.41645669148352
 20
-49.81469393922082
 10
134.41489289477576
 20
-49.8206270830791
 10
134.41318396241508
 20
-49.826520062493024
 10
134.41133092379843
 20
-49.83236932775214
 10
134.40933489512696
 20
-49.83817135547777
 10
134.4071970787337
 20
-49.84392265074537
 10
134.40491876235936
 20
-49.84961974918973
 10
134.4025013183765
 20
-49.855259219091764
 10
134.39994620296295
 20
-49.860837663445686
 10
134.39725495522472
 20
-49.866351722005206
 10
134.39442919626885
 20
-49.87179807330764
 10
134.39147062822678
 20
-49.87717343667461
 10
134.3883810332294
 20
-49.88247457418822
 10
134.38516227233308
 20
-49.88769829264147
 10
134.3818162843991
 20
-49.89284144546167
 10
134.37834508492546
 20
-49.89790093460589
 10
134.37475076483292
 20
-49.90287371242706
 10
134.37103548920552
 20
-49.90775678350976
 10
134.36720149598634
 20
-49.912547206474564
 10
134.36325109462956
 20
-49.9172420957498
 10
134.35918666470926
 20
-49.92183862330972
 10
134.355010654486
 20
-49.92633402037801
 10
134.3507255794322
 20
-49.93072557909555
 10
134.34633402071685
 20
-49.935010654151604
 10
134.34183862365072
 20
-49.939186664377175
 10
134.3372420960929
 20
-49.94325109429986
 10
134.3325472068197
 20
-49.94720149565905
 10
134.32775678385687
 20
-49.95103548888068
 10
134.32287371277607
 20
-49.9547507645106
 10
134.31790093495675
 20
-49.958345084605696
 10
134.3128414458143
 20
-49.96181628408194
 10
134.30769829299584
 20
-49.96516227201856
 10
134.30247457454425
 20
-49.96838103291755
 10
134.29717343703223
 20
-49.9714706279177
 10
134.29179807366677
 20
-49.97442919596249
 10
134.2863517223658
 20
-49.97725495492119
 10
134.28083766380766
 20
-49.97994620266225
 10
134.27525921945505
 20
-49.982501318078654
 10
134.26961974955427
 20
-49.98491876206443
 10
134.26392265111107
 20
-49.98719707844172
 10
134.25817135584458
 20
-49.98933489483792
 10
134.25236932811995
 20
-49.991330923512365
 10
134.2465200628618
 20
-49.993183962132036
 10
134.24062708344877
 20
-49.99489289449575
 10
134.23469393959127
 20
-49.99645669120655
 10
134.22872420519334
 20
-49.99787441029178
 10
134.22272147619978
 20
-49.99914519777046
 10
134.21668936843002
 20
-50.000268288167746
 10
134.21063151540028
 20
-50.001243004975976
 10
134.20455156613468
 20
-50.00206876106218
 10
134.19845318296728
 20
-50.002745059021784
 10
134.19234003933613
 20
-50.00327149147818
 10
134.18621581757034
 20
-50.00364774132814
 10
134.1800842066721
 20
-50.003873581932815
 10
134.1739489000945
 20
-50.00394887725429
 10
134.00339927355614
 20
-50.00394887731876
 10
134.14025343779383
 20
-50.0039491225004
 10
134.1463887003435
 20
-50.0040244277337
 10
134.1525202670235
 20
-50.00425027608986
 10
134.15864444446024
 20
-50.00462653152824
 10
134.16475754373099
 20
-50.00515296740986
 10
134.17085588258604
 20
-50.00582926663399
 10
134.17693578766665
 20
-50.006655021829076
 10
134.18299359671775
 20
-50.007629735598194
 10
134.18902566079393
 20
-50.008752820818614
 10
134.28431363162994
 20
-50.027706814968695
 10
134.29031624897078
 20
-50.02897757980321
 10
134.2962858729514
 20
-50.03039527079051
 10
134.30221890782698
 20
-50.031959033998255
 10
134.308111779892
 20
-50.03366792750895
 10
134.31396093963235
 20
-50.03552092198726
 10
134.31976286386387
 20
-50.037516901300066
 10
134.32551405785404
 20
-50.039654663188685
 10
134.33121105742734
 20
-50.04193291999312
 10
134.3368504310517
 20
-50.04435029942763
 10
134.34242878190537
 20
-50.04690534540729
 10
134.34794274992325
 20
-50.0495965189251
 10
134.3533890138205
 20
-50.05242219897897
 10
134.3587642930932
 20
-50.05538068354807
 10
134.36406534999435
 20
-50.058470190618124
 10
134.36928899148407
 20
-50.06168885925469
 10
134.3744320711529
 20
-50.06503475072413
 10
134.45521404646138
 20
-50.11901073411299
 10
134.4602737359886
 20
-50.12248202289533
 10
134.46524670883838
 20
-50.12607644147948
 10
134.47012996926705
 20
-50.12979182456983
 10
134.47492057557434
 20
-50.13362593400112
 10
134.47961564187514
 20
-50.13757646008677
 10
134.48421233983822
 20
-50.14164102301024
 10
134.48870790038984
 20
-50.14581717425861
 10
134.49309961538196
 20
-50.15010239809761
 10
134.59120710127624
 20
-50.248209883931274
 10
134.79504038310083
 20
-50.40461683916954
 10
134.7998617839173
 20
-50.40841133304502
 10
134.80458861562468
 20
-50.41232300169335
 10
134.80921803122598
 20
-50.416349489094856
 10
134.81374724239856
 20
-50.42048837007384
 10
134.81817352117346
 20
-50.42473715175936
 10
134.8224942015784
 20
-50.42909327508665
 10
134.82670668124362
 20
-50.4335541163385
 10
134.83080842296928
 20
-50.43811698872549
 10
134.89486740339294
 20
-50.511160966330586
 10
134.89885615710818
 20
-50.51582338576339
 10
134.90272928696854
 20
-50.520582290706024
 10
134.90648445990482
 20
-50.52543481452223
 10
134.91011941390192
 20
-50.53037803418224
 10
134.9136319593614
 20
-50.53540897202358
 10
134.91701998042035
 20
-50.54052459754469
 10
134.92028143622613
 20
-50.54572182923042
 10
134.9234143621655
 20
-50.550997536408296
 10
134.9264168710482
 20
-50.55634854113429
 10
134.92928715424367
 20
-50.56177162010716
 10
134.93202348277057
 20
-50.56726350661008
 10
134.93462420833828
 20
-50.57282089247844
 10
134.93708776433962
 20
-50.57844043009255
 10
134.93941266679485
 20
-50.58411873439418
 10
134.94159751524523
 20
-50.58985238492565
 10
134.94364099359692
 20
-50.59563792789019
 10
134.97487098089198
 20
-50.68763689017088
 10
134.97677185557694
 20
-50.69347083208679
 10
134.97852898460468
 20
-50.699349667041616
 10
134.98014130953095
 20
-50.705269853793595
 10
134.98160785913743
 20
-50.711227826191816
 10
134.98292775001661
 20
-50.71721999532437
 10
134.9841001871041
 20
-50.72324275168023
 10
134.98512446415737
 20
-50.729292467323496
 10
134.98599996418122
 20
-50.735365498078764
 10
134.98672615979953
 20
-50.74145818572627
 10
134.9873026135729
 20
-50.74756686020552
 10
134.98772897826206
 20
-50.75368784182598
 10
134.98800499703714
 20
-50.75981744348367
 10
134.9881305036323
 20
-50.76595197288214
 10
134.98810542244604
 20
-50.77208773475662
 10
134.9879297685865
 20
-50.77822103309991
 10
134.98760364786253
 20
-50.784348173388786
 10
134.9812496505594
 20
-50.88129513367824
 10
134.98077325629728
 20
-50.8874124596697
 10
134.98014687688595
 20
-50.89351625173789
 10
134.9793708896427
 20
-50.89960283309174
 10
134.9784457620053
 20
-50.905668537307506
 10
134.9773720512504
 20
-50.9117097105374
 10
134.97615040415795
 20
-50.91772271371054
 10
134.9747815566215
 20
-50.923703924725096
 10
134.97326633320492
 20
-50.92964974063013
 10
134.9716056466457
 20
-50.935556579795936
 10
134.9698004973052
 20
-50.94142088407156
 10
134.9678519725659
 20
-50.94723912092813
 10
134.96576124617664
 20
-50.953007785586784
 10
134.96352957754536
 20
-50.95872340312986
 10
134.96115831098047
 20
-50.964382530594136
 10
134.9586488748812
 20
-50.96998175904477
 10
134.95600278087707
 20
-50.975517715628776
 10
134.91303179856487
 20
-51.06265367997453
 10
134.9102507596431
 20
-51.0681228027987
 10
134.90733634315205
 20
-51.07352203037929
 10
134.90429030452586
 20
-51.07884811061132
 10
134.90111447847832
 20
-51.084097835448496
 10
134.89781077789783
 20
-51.089268042835506
 10
134.8943811926951
 20
-51.09435561861261
 10
134.8908277886048
 20
-51.09935749839137
 10
134.88715270594102
 20
-51.104270669400464
 10
134.88335815830825
 20
-51.109092172300294
 10
134.87944643126815
 20
-51.11381910296554
 10
134.87541988096274
 20
-51.11844861423436
 10
134.87128093269524
 20
-51.122977917623324
 10
134.86703207946934
 20
-51.12740428500699
 10
134.8626758804876
 20
-51.13172505026116
 10
134.8582149596098
 20
-51.1359376108687
 10
134.85365200377268
 20
-51.14003942948718
 10
134.7806080337582
 20
-51.20409840331505
 10
134.7759456143216
 20
-51.20808715703723
 10
134.7711867093749
 20
-51.211960286904294
 10
134.76633418555434
 20
-51.21571545984705
 10
134.76139096588972
 20
-51.21935041385036
 10
134.7563600280435
 20
-51.22286295931577
 10
134.7512444025173
 20
-51.22625098038041
 10
134.74604717082622
 20
-51.22951243619156
 10
134.74077146364274
 20
-51.23264536213603
 10
134.735420458911
 20
-51.23564787102353
 10
134.72999737993214
 20
-51.23851815422351
 10
134.72450549342304
 20
-51.24125448275461
 10
134.71894810754833
 20
-51.24385520832617
 10
134.7133285699277
 20
-51.246318764331086
 10
134.7076502656194
 20
-51.24864366678952
 10
134.7019166150811
 20
-51.2508285152428
 10
134.69613107210964
 20
-51.25287199359702
 10
134.60413210343458
 20
-51.28410198306269
 10
134.5984753553972
 20
-51.28594744631378
 10
134.59277628937613
 20
-51.28765776191544
 10
134.58703813373634
 20
-51.289231961020704
 10
134.58126413898592
 20
-51.29066915188886
 10
134.57545757593482
 20
-51.29196852039061
 10
134.56962173384213
 20
-51.29312933046928
 10
134.56375991855265
 20
-51.29415092455771
 10
134.55787545062427
 20
-51.29503272395083
 10
134.55197166344706
 20
-51.295774229133414
 10
134.54605190135484
 20
-51.29637502006307
 10
134.54011951773083
 20
-51.296834756408174
 10
134.50761753409154
 20
-51.29896475539256
 10
134.5021723452116
 20
-51.299261998285616
 10
134.4967219683544
 20
-51.29944040061336
 10
134.49126899689134
 20
-51.299499877489296
 10
132.4110640100959
 20
-51.2994998775
 10
132.404928691442
 20
-51.299424581884416
 10
132.39879706848916
 20
-51.299198740393074
 10
132.39267283471236
 20
-51.29882248906496
 10
132.38655967913553
 20
-51.29829605454071
 10
132.3804612841095
 20
-51.297619753926035
 10
132.37438132309387
 20
-51.29679399460074
 10
132.36832345844422
 20
-51.295819273973336
 10
132.36229133920608
 20
-51.29469617918138
 10
132.26700336837007
 20
-51.275742185031305
 10
132.26100075102923
 20
-51.2744714201968
 10
132.25503112704862
 20
-51.2730537292095
 10
132.249098092173
 20
-51.27148996600175
 10
132.24320522010802
 20
-51.26978107249106
 10
132.23735606036763
 20
-51.26792807801274
 10
132.23155413613614
 20
-51.26593209869994
 10
132.22580294214595
 20
-51.26379433681132
 10
132.22010594257264
 20
-51.261516080006885
 10
132.21446656894832
 20
-51.25909870057238
 10
132.20888821809461
 20
-51.25654365459271
 10
132.20337425007673
 20
-51.2538524810749
 10
132.19792798617948
 20
-51.25102680102104
 10
132.19255270690678
 20
-51.24806831645193
 10
132.18725165000563
 20
-51.24497880938188
 10
132.1820280085159
 20
-51.24176014074531
 10
132.17688492884707
 20
-51.23841424927587
 10
132.0961029535386
 20
-51.184438265886996
 10
132.091043264004
 20
-51.18096697709948
 10
132.08607029114717
 20
-51.17737255850979
 10
132.08118703071165
 20
-51.17365717541356
 10
132.0763964243978
 20
-51.16982306597605
 10
132.07170135809076
 20
-51.16587253988384
 10
132.06710466012177
 20
-51.16180797695351
 10
132.06260909956455
 20
-51.15763182569797
 10
132.05821738456714
 20
-51.153346601851496
 10
130.44665339846583
 20
-49.54178261581792
 10
130.44236817464972
 20
-49.53739090085279
 10
130.43819202342297
 20
-49.53289534032932
 10
130.43412746051976
 20
-49.52829864239549
 10
130.43017693445296
 20
-49.52360357612496
 10
130.42634282503911
 20
-49.51881296984896
 10
130.42262744196475
 20
-49.51392970945248
 10
130.4190330233951
 20
-49.50895673663584
 10
130.4155617346257
 20
-49.503897047142544
 10
130.3615857511111
 20
-49.42311507190127
 10
130.35823985963415
 20
-49.41797199223732
 10
130.35502119098993
 20
-49.41274835075228
 10
130.35193168391214
 20
-49.40744729385562
 10
130.34897319933518
 20
-49.40207201458722
 10
130.34614751927336
 20
-49.39662575069409
 10
130.34345634574748
 20
-49.39111178268012
 10
130.34090129975968
 20
-49.38553343183013
 10
130.33848392031692
 20
-49.37989405820932
 10
130.33620566350416
 20
-49.37419705863932
 10
130.33406790160714
 20
-49.36844586465224
 10
130.33207192228588
 20
-49.36264394042364
 10
130.33021892779902
 20
-49.35679478068594
 10
130.32851003427973
 20
-49.350901908623435
 10
130.32694627106332
 20
-49.344968873750084
 10
130.3255285800673
 20
-49.33899924977153
 10
130.32425781522403
 20
-49.33299663243253
 10
130.30530382093767
 20
-49.23770866163799
 10
130.3041807261314
 20
-49.23167654236976
 10
130.3032060054912
 20
-49.22561867768957
 10
130.30238024615468
 20
-49.21953871664297
 10
130.3017039455303
 20
-49.21344032158562
 10
130.30117751099792
 20
-49.207327165977176
 10
130.30080125966322
 20
-49.20120293216852
 10
130.3005754181669
 20
-49.19507130918365
 10
130.30050012254787
 20
-49.188935990497576
 10
130.30050012250365
 20
-49.08457001721686
 10
130.29608484290233
 20
-49.020959856011814
 10
130.25508714865342
 20
-48.84664440211518
 10
130.18393578519223
 20
-48.68550119965316
 10
130.08438473822906
 20
-48.540174957954136
 10
130.00458486439507
 20
-48.4603750827766
 10
128.95525751605678
 20
-48.46037506599179
 10
128.9321696139336
 20
-48.47129482679221
 10
128.9265911766534
 20
-48.473849938203806
 10
128.9209517139995
 20
-48.476267378542225
 10
128.91525462296434
 20
-48.47854569163565
 10
128.90950333525345
 20
-48.48068350511708
 10
128.83096440266968
 20
-48.50878518456702
 10
128.8251623749441
 20
-48.51078121324155
 10
128.819313109685
 20
-48.51263425186125
 10
128.813420130271
 20
-48.51434318422495
 10
128.80748698641253
 20
-48.51590698093568
 10
128.72657179399803
 20
-48.53617518154169
 10
128.72060205959912
 20
-48.53759290062681
 10
128.71459933060456
 20
-48.538863688105344
 10
128.70856722283384
 20
-48.53998677850243
 10
128.7025093698031
 20
-48.54096149531042
 10
128.61999717509312
 20
-48.553201023221014
 10
128.6139172258265
 20
-48.55402677930693
 10
128.60781884265813
 20
-48.5547030772662
 10
128.60170569902598
 20
-48.5552295097222
 10
128.5955814772592
 20
-48.55560575957173
 10
128.51226691779502
 20
-48.559698741442226
 10
128.5061353068958
 20
-48.55992458204642
 10
128.50000000031727
 20
-48.55999987736737
 10
128.49386469373871
 20
-48.55992458204996
 10
128.48773308283936
 20
-48.559698741449296
 10
128.40441852337273
 20
-48.55560575962686
 10
128.39829430160572
 20
-48.555229509780865
 10
128.39218115797328
 20
-48.554703077328384
 10
128.38608277480452
 20
-48.554026779372634
 10
128.38000282553742
 20
-48.55320102329023
 10
128.29749063082065
 20
-48.54096149542727
 10
128.29143277778937
 20
-48.53998677862278
 10
128.285400670018
 20
-48.53886368822918
 10
128.27939794102272
 20
-48.537592900754106
 10
128.273428206623
 20
-48.536175181672434
 10
128.19251301419646
 20
-48.515906981113034
 10
128.18657987033706
 20
-48.51434318440571
 10
128.18068689092203
 20
-48.512634252045395
 10
128.1748376256618
 20
-48.510781213429055
 10
128.16903559793505
 20
-48.50878518475786
 10
128.09049666533497
 20
-48.480683505353156
 10
128.0847453700663
 20
-48.478545688960146
 10
128.07904827162082
 20
-48.47626737258597
 10
128.0734088017177
 20
-48.47384992860323
 10
128.0678303573627
 20
-48.47129481318978
 10
127.9924240574438
 20
-48.43563028947444
 10
127.98690999888322
 20
-48.43293904173626
 10
127.98146364757974
 20
-48.43011328278037
 10
127.97608828421174
 20
-48.427154714738286
 10
127.9707871466971
 20
-48.42406511974078
 10
127.89923968334894
 20
-48.3811812205745
 10
127.89401596489468
 20
-48.37796245967805
 10
127.88887281207347
 20
-48.374616471743884
 10
127.88381332292826
 20
-48.37114527227001
 10
127.87884054510613
 20
-48.3675509521772
 10
127.81184095951201
 20
-48.317860672951284
 10
127.80695788842836
 20
-48.31414539732356
 10
127.80216746546263
 20
-48.31031140410402
 10
127.7974725761865
 20
-48.30636100274685
 10
127.79287604862569
 20
-48.30229657282608
 10
127.73106958342102
 20
-48.246278458093215
 10
127.72657418635188
 20
-48.24210244786948
 10
127.72218262763352
 20
-48.23781737281517
 10
127.71789755257667
 20
-48.23342581409927
 10
127.71372154235034
 20
-48.22893041703255
 10
127.6577034275819
 20
-48.16712395186026
 10
127.65363899765849
 20
-48.16252742430182
 10
127.64968859629862
 20
-48.15783253502797
 10
127.64585460307634
 20
-48.153042112064476
 10
127.6421393274458
 20
-48.14815904098298
 10
127.59244904818134
 20
-48.08115945541768
 10
127.58885472808566
 20
-48.076186677597626
 10
127.58538352860887
 20
-48.071127188454426
 10
127.58203754067173
 20
-48.065984035635154
 10
127.57881877977228
 20
-48.06076031718275
 10
127.53593488056444
 20
-47.989212853858895
 10
127.53284528556385
 20
-47.983911716346014
 10
127.52988671751865
 20
-47.97853635297969
 10
127.5270609585596
 20
-47.97309000167781
 10
127.52436971081823
 20
-47.96757594311876
 10
127.48870518705945
 20
-47.89216964322049
 10
127.4861500716428
 20
-47.88659119886698
 10
127.4837326276568
 20
-47.88095172896527
 10
127.48145431127935
 20
-47.87525463052116
 10
127.47931649488304
 20
-47.86950333525372
 10
127.45121481543303
 20
-47.79096440266988
 10
127.44921878675848
 20
-47.785162374944285
 10
127.44736574813876
 20
-47.77931310968512
 10
127.44565681577507
 20
-47.77342013027106
 10
127.44409301906431
 20
-47.767486986412564
 10
127.42382481845831
 20
-47.68657179399802
 10
127.42240709937319
 20
-47.68060205959913
 10
127.42113631189467
 20
-47.674599330604586
 10
127.42001322149758
 20
-47.66856722283387
 10
127.4190385046896
 20
-47.66250936980315
 10
127.406798976779
 20
-47.57999717509324
 10
127.40597322069308
 20
-47.57391722582662
 10
127.40529692273383
 20
-47.567818842658234
 10
127.40477049027781
 20
-47.56170569902608
 10
127.40439424042829
 20
-47.55558147725928
 10
127.40030125855779
 20
-47.47226691779484
 10
127.40007541795359
 20
-47.46613530689563
 10
127.40000012263265
 20
-47.4600000003171
 10
127.40007541795005
 20
-47.45386469373854
 10
127.40030125855071
 20
-47.44773308283919
 10
127.40439424037314
 20
-47.36441852337287
 10
127.40477049021912
 20
-47.35829430160588
 10
127.40529692267161
 20
-47.35218115797344
 10
127.40597322062736
 20
-47.346082774804685
 10
127.40679897670977
 20
-47.34000282553761
 10
127.41903850457274
 20
-47.257490630820655
 10
127.42001322137722
 20
-47.25143277778936
 10
127.42113631177082
 20
-47.24540067001799
 10
127.4224070992459
 20
-47.2393979410227
 10
127.42382481832757
 20
-47.23342820662299
 10
127.44409301888696
 20
-47.152513014196465
 10
127.44565681559429
 20
-47.14657987033706
 10
127.44736574795459
 20
-47.14068689092201
 10
127.44921878657094
 20
-47.13483762566178
 10
127.45121481524214
 20
-47.12903559793503
 10
127.45403817098564
 20
-47.12114484723463
 10
127.45362614297244
 20
-47.12073281845308
 10
127.42708480535258
 20
-47.20241855563919
 10
127.39999987872898
 20
-47.37341918923238
 10
127.39999987762539
 20
-47.546579704144186
 10
127.42708491727369
 20
-47.71758025061752
 10
127.42756454712398
 20
-47.71905643447016
 10
127.4293888647875
 20
-47.724914921036586
 10
127.43106885403455
 20
-47.730816415416506
 10
127.4326035028394
 20
-47.73675736254909
 10
127.43399188672949
 20
-47.74273418360716
 10
127.43523316934218
 20
-47.748743278153086
 10
127.43632660292873
 20
-47.754781026307676
 10
127.43727152880462
 20
-47.76084379093081
 10
127.43806737774639
 20
-47.76692791981244
 10
127.44948537429825
 20
-47.86340889026825
 10
127.4501316343852
 20
-47.86951037081171
 10
127.45062796586845
 20
-47.875625873406015
 10
127.45097406979184
 20
-47.88175171449083
 10
127.45116973768607
 20
-47.88788420427862
 10
127.45121485169417
 20
-47.89401964897713
 10
127.45110938464258
 20
-47.90015435301426
 10
127.4508534000574
 20
-47.90628462126405
 10
127.45044705212625
 20
-47.91240676127233
 10
127.44989058560532
 20
-47.91851708548085
 10
127.44918433567196
 20
-47.92461191344839
 10
127.44832872772281
 20
-47.93068757406757
 10
127.44732427711754
 20
-47.936740407776156
 10
127.44617158886852
 20
-47.94276676876126
 10
127.44487135727623
 20
-47.948763027155344
 10
127.44342436551125
 20
-47.95472557122262
 10
127.4418314851424
 20
-47.96065080953451
 10
127.41545949603652
 20
-48.0541577712533
 10
127.41372160526984
 20
-48.06004239799158
 10
127.41183981921242
 20
-48.06588260153255
 10
127.40981527142517
 20
-48.071674863821414
 10
127.40764918146664
 20
-48.07741569568251
 10
127.4053428541583
 20
-48.083101638921114
 10
127.40289767879865
 20
-48.08872926840664
 10
127.4003151283262
 20
-48.09429519413585
 10
127.39759675843231
 20
-48.09979606327498
 10
127.39474420662398
 20
-48.105228562179406
 10
127.39175919123747
 20
-48.110589418389765
 10
127.38864351040321
 20
-48.115875402603216
 10
127.38539904096262
 20
-48.121083330618745
 10
127.38202773733752
 20
-48.12621006525526
 10
127.37853163035284
 20
-48.13125251824139
 10
127.37491282601322
 20
-48.136207652075846
 10
127.37117350423446
 20
-48.14107248185712
 10
127.31102452734238
 20
-48.217369452697255
 10
127.307188188236
 20
-48.222115412363145
 10
127.30323715009614
 20
-48.226766318565886
 10
127.29917376721289
 20
-48.23131939998768
 10
127.29500046081877
 20
-48.23577194360119
 10
127.29071971764603
 20
-48.240121296286176
 10
127.28633408844482
 20
-48.24436486641036
 10
127.28184618646335
 20
-48.24850012537373
 10
127.27725868589074
 20
-48.25252460911525
 10
127.27257432026354
 20
-48.256435919581065
 10
127.26779588083689
 20
-48.26023172615348
 10
127.26292621492134
 20
-48.263909767039635
 10
127.25796822418621
 20
-48.2674678506193
 10
127.25292486293063
 20
-48.2709038567507
 10
127.2477991363231
 20
-48.27421573803393
 10
127.23293400913992
 20
-48.283565346923325
 10
127.23057895295332
 20
-48.28551805545371
 10
127.22576019772576
 20
-48.28931788660606
 10
127.22084962754138
 20
-48.29299829679975
 10
127.21585020124468
 20
-48.29655706841832
 10
127.21076493121996
 20
-48.299992057138134
 10
127.20559688157641
 20
-48.303301193220456
 10
127.2003491663017
 20
-48.30648248275853
 10
127.19508112479258
 20
-48.30950181132539
 10
127.04017406263809
 20
-48.41561615708691
 10
126.91561616791653
 20
-48.54017404971138
 10
126.81606377942977
 20
-48.685501880477496
 10
126.74491255549455
 20
-48.84664238126913
 10
126.70391683974681
 20
-49.02094720509557
 10
126.69949987758356
 20
-49.084571399139875
  0
LWPOLYLINE
  5
44
330
17
100
AcDbEntity
  8
0
100
AcDbPolyline
 90
17
 70
0
 10
132.12394912249997
 20
-49.646938054991324
 10
132.1239488987022
 20
-49.78838113786683
 10
132.1255611140573
 20
-49.80337718528651
 10
132.1290863453374
 20
-49.812829115983305
 10
132.13161673047443
 20
-49.81535950125565
 10
132.1314413069208
 20
-49.814693933096294
 10
132.1300235881401
 20
-49.80872419930448
 10
132.1287528009351
 20
-49.80272147092765
 10
132.12762971078038
 20
-49.796689363784154
 10
132.12665499418327
 20
-49.79063151138899
 10
132.12582923827648
 20
-49.78455156276513
 10
132.1251529404644
 20
-49.778453180245506
 10
132.12462650812344
 20
-49.772340037266915
 10
132.1242502583567
 20
-49.766215816157306
 10
132.12402441780293
 20
-49.76008420591769
 10
132.12394912249997
 20
-49.7539489
 10
132.12394912249997
 20
-49.646938054991324
  0
LWPOLYLINE
  5
45
330
17
100
AcDbEntity
  8
0
100
AcDbPolyline
 90
16
 70
0
 10
132.31253848617217
 20
-49.996281266628344
 10
132.31506855119142
 20
-49.998811331782896
 10
132.32451681596962
 20
-50.002335393449066
 10
132.33951697298926
 20
-50.003948141046564
 10
132.3738930665034
 20
-50.00394819034083
 10
132.36781375178734
 20
-50.003873581158764
 10
132.36168214158596
 20
-50.00364773956733
 10
132.35555792054
 20
-50.00327148876418
 10
132.34944477765052
 20
-50.002745055388694
 10
132.34334639524533
 20
-50.002068756544574
 10
132.33726644676122
 20
-50.00124299960888
 10
132.331208594531
 20
-50.00026828198659
 10
132.32517648757758
 20
-49.99914519081104
 10
132.3191737594158
 20
-49.99787440259021
 10
132.3132040258639
 20
-49.99645668279924
 10
132.31253848617217
 20
-49.996281266628344
  0
LWPOLYLINE
  5
46
330
17
100
AcDbEntity
  8
0
100
AcDbPolyline
 90
44
 70
0
 10
128.16073223536185
 20
-46.41362595947589
 10
128.1611445522093
 20
-46.41403827652701
 10
128.16903559733032
 20
-46.411214815432984
 10
128.1748376250559
 20
-46.40921878675845
 10
128.180686890315
 20
-46.40736574813875
 10
128.186579869729
 20
-46.40565681577505
 10
128.19251301358747
 20
-46.40409301906432
 10
128.27342820600197
 20
-46.383824818458315
 10
128.27939794040088
 20
-46.38240709937319
 10
128.28540066939544
 20
-46.38113631189466
 10
128.29143277716616
 20
-46.38001322149757
 10
128.2974906301969
 20
-46.37903850468958
 10
128.38000282490688
 20
-46.36679897677899
 10
128.3860827741735
 20
-46.36597322069307
 10
128.39218115734187
 20
-46.365296922733805
 10
128.39829430097402
 20
-46.3647704902778
 10
128.4044185227408
 20
-46.36439424042827
 10
128.48773308220498
 20
-46.360301258557776
 10
128.4938646931042
 20
-46.36007541795358
 10
128.49999999968273
 20
-46.360000122632634
 10
128.50613530626129
 20
-46.36007541795004
 10
128.51226691716064
 20
-46.360301258550706
 10
128.59558147662727
 20
-46.364394240373144
 10
128.60170569839428
 20
-46.364770490219136
 10
128.60781884202672
 20
-46.36529692267162
 10
128.61391722519548
 20
-46.36597322062737
 10
128.61999717446258
 20
-46.366798976709774
 10
128.70250936917935
 20
-46.37903850457273
 10
128.70856722221063
 20
-46.38001322137722
 10
128.714599329982
 20
-46.381136311770824
 10
128.72060205897728
 20
-46.382407099245896
 10
128.726571793377
 20
-46.38382481832757
 10
128.80748698580354
 20
-46.40409301888697
 10
128.81342012966294
 20
-46.40565681559429
 10
128.81931310907797
 20
-46.40736574795461
 10
128.8251623743382
 20
-46.409218786570946
 10
128.83096440206495
 20
-46.41121481524214
 10
128.83885384302528
 20
-46.41403770235315
 10
128.83926559504312
 20
-46.41362595240551
 10
128.75758044436085
 20
-46.38708480535257
 10
128.58657981076772
 20
-46.35999987872899
 10
128.4134192032541
 20
-46.359999877625405
 10
128.2424181519003
 20
-46.38708486818401
 10
128.16073223536185
 20
-46.41362595947589
  0
LWPOLYLINE
  5
47
330
17
100
AcDbEntity
  8
0
100
AcDbPolyline
 90
582
 70
0
 10
127.65000008486955
 20
-51.149999872500004
 10
128.1645452428882
 20
-51.14999989845102
 10
130.7572726705737
 20
-53.742727326128325
 10
130.76254254106087
 20
-53.7478694162201
 10
130.76793701757038
 20
-53.75288062851368
 10
130.82249941618693
 20
-53.80233310400219
 10
130.82801524925085
 20
-53.80721041989873
 10
130.83364911637295
 20
-53.8119509015192
 10
130.8393976239224
 20
-53.81655169337471
 10
130.84525730921314
 20
-53.82101002412031
 10
130.9044041631238
 20
-53.86487632060348
 10
130.91037149650057
 20
-53.86918950470744
 10
130.9164428834649
 20
-53.87335494406893
 10
130.92261466684022
 20
-53.877370129583014
 10
130.92888312897506
 20
-53.88123264265209
 10
130.99204482355537
 20
-53.91909030544773
 10
130.99840618856248
 20
-53.92279781943832
 10
131.0048566245935
 20
-53.92634810108266
 10
131.0113922461469
 20
-53.929739011823834
 10
131.0180091164087
 20
-53.93296850910401
 10
131.08457737001277
 20
-53.96445294822472
 10
131.09127150322772
 20
-53.96751908671549
 10
131.09803886710026
 20
-53.97042001948968
 10
131.1048753852235
 20
-53.973153999133864
 10
131.1117769395345
 20
-53.975719378800925
 10
131.1811106634901
 20
-54.00052738188675
 10
131.18807309675068
 20
-54.00292261628793
 10
131.19509221505137
 20
-54.00514626262357
 10
131.20216379033772
 20
-54.00719698145226
 10
131.2092835629572
 20
-54.009073537497656
 10
131.28071503560102
 20
-54.02696618991737
 10
131.2878787168688
 20
-54.028667452812265
 10
131.2950819916512
 20
-54.03019239777952
 10
131.3023205209648
 20
-54.031540106249324
 10
131.30958994459027
 20
-54.03270976641248
 10
131.38243124179186
 20
-54.043514752142144
 10
131.389727180882
 20
-54.04450565943686
 10
131.39704524065402
 20
-54.04531721698077
 10
131.40438101298236
 20
-54.04594893592196
 10
131.4117300790721
 20
-54.04640043573657
 10
131.48527970165304
 20
-54.05001369698968
 10
131.4926376347079
 20
-54.05028470571125
 10
131.50000000257788
 20
-54.0503750600938
 10
135.49999999766814
 20
-54.05037506008778
 10
135.50736236559888
 20
-54.05028470570372
 10
135.51472029871442
 20
-54.05001369697764
 10
135.58826992153814
 20
-54.0464004356825
 10
135.59561898764602
 20
-54.04594893586354
 10
135.60295475999234
 20
-54.045317216917105
 10
135.61027281978218
 20
-54.04450565936706
 10
135.61756875888992
 20
-54.04351475206533
 10
135.69041005608472
 20
-54.03270976628803
 10
135.69767947970945
 20
-54.031540106120126
 10
135.7049180090222
 20
-54.030192397645585
 10
135.7121212838036
 20
-54.02866745267361
 10
135.7192849650703
 20
-54.02696618977403
 10
135.79071643770206
 20
-54.009073537307714
 10
135.79783621032027
 20
-54.00719698125767
 10
135.80490778560525
 20
-54.00514626242438
 10
135.8119269039044
 20
-54.00292261608417
 10
135.8188893371634
 20
-54.00052738167846
 10
135.88822306110268
 20
-53.9757193785474
 10
135.89512461541204
 20
-53.97315399887582
 10
135.90196113353352
 20
-53.97042001922716
 10
135.9087284974042
 20
-53.96751908644854
 10
135.91542263061717
 20
-53.96445294795339
 10
135.98199088420085
 20
-53.932968508789095
 10
135.98860775446053
 20
-53.929739011504594
 10
135.99514337601173
 20
-53.92634810075915
 10
136.0015938120404
 20
-53.9227978191106
 10
136.0079551770451
 20
-53.91909030511585
 10
136.071116871601
 20
-53.881232642278746
 10
136.07738533373333
 20
-53.87737012920557
 10
136.08355711710607
 20
-53.87335494368744
 10
136.08962850406766
 20
-53.86918950432197
 10
136.09559583744166
 20
-53.864876320214094
 10
136.15474269132346
 20
-53.821010023692395
 10
136.1606023765968
 20
-53.816551692954256
 10
136.16635088412932
 20
-53.81195090110698
 10
136.17198475123502
 20
-53.80721041949552
 10
136.17750058428305
 20
-53.802333103608724
 10
136.23206298269793
 20
-53.75288062826238
 10
136.2374574591614
 20
-53.747869416008484
 10
136.2427273296045
 20
-53.7427273259586
 10
138.24272732612897
 20
-51.742727329425584
 10
138.24786941622062
 20
-51.73745745893855
 10
138.2528806285141
 20
-51.732062982429134
 10
138.30233310400226
 20
-51.677500583813014
 10
138.30721041989887
 20
-51.67198475074904
 10
138.3119509015194
 20
-51.666350883626855
 10
138.31655169337495
 20
-51.66060237607735
 10
138.3210100241206
 20
-51.654742690786534
 10
138.36487632060366
 20
-51.595595836875944
 10
138.3691895047076
 20
-51.589628503499185
 10
138.37335494406906
 20
-51.58355711653491
 10
138.3773701295831
 20
-51.57738533315962
 10
138.38123264265215
 20
-51.57111687102482
 10
138.4190903054476
 20
-51.5079551764448
 10
138.42279781943822
 20
-51.5015938114377
 10
138.42634810108254
 20
-51.49514337540671
 10
138.4297390118237
 20
-51.4886077538533
 10
138.4329685091039
 20
-51.481990883591514
 10
138.46445294822493
 20
-51.41542262998675
 10
138.46751908671573
 20
-51.408728496771715
 10
138.47042001948995
 20
-51.40196113289906
 10
138.47315399913418
 20
-51.39512461477574
 10
138.47571937880127
 20
-51.38822306046464
 10
138.50052738188705
 20
-51.31888933650888
 10
138.50292261628817
 20
-51.31192690324841
 10
138.50514626262375
 20
-51.30490778494788
 10
138.5071969814524
 20
-51.29783620966166
 10
138.50907353749778
 20
-51.290716437042306
 10
138.5269661899173
 20
-51.21928496439951
 10
138.5286674528122
 20
-51.21212128313169
 10
138.53019239777947
 20
-51.204918008349246
 10
138.53154010624928
 20
-51.197679479035564
 10
138.53270976641244
 20
-51.19041005541004
 10
138.54351475214213
 20
-51.11756875820818
 10
138.54450565943685
 20
-51.11027281911803
 10
138.54531721698075
 20
-51.10295475934601
 10
138.54594893592196
 20
-51.09561898701768
 10
138.54640043573656
 20
-51.08826992092794
 10
138.55001369698968
 20
-51.01472029834656
 10
138.55028470571128
 20
-51.00736236528997
 10
138.55037506009378
 20
-50.99999999741829
 10
138.55037506008776
 20
-50.540000002328185
 10
138.55028470570366
 20
-50.53263763439914
 10
138.55001369697763
 20
-50.52527970128529
 10
138.54640043568247
 20
-50.45173007846172
 10
138.54594893586352
 20
-50.4443810123539
 10
138.54531721691708
 20
-50.43704524000763
 10
138.54450565936705
 20
-50.42972718021786
 10
138.54351475206533
 20
-50.422431241110175
 10
138.53270976628812
 20
-50.349589943915696
 10
138.5315401061202
 20
-50.3423205202909
 10
138.53019239764564
 20
-50.335081990978054
 10
138.52866745267366
 20
-50.32787871619657
 10
138.52696618977404
 20
-50.32071503492982
 10
138.5090735373075
 20
-50.24928356229732
 10
138.50719698125747
 20
-50.24216378967912
 10
138.50514626242418
 20
-50.235092214394186
 10
138.502922616084
 20
-50.22807309609503
 10
138.50052738167827
 20
-50.221110662836075
 10
138.47571937854724
 20
-50.151776938896916
 10
138.47315399887566
 20
-50.14487538458752
 10
138.470420019227
 20
-50.138038866466026
 10
138.46751908644833
 20
-50.13127150259531
 10
138.46445294795316
 20
-50.12457736938232
 10
138.43296850878892
 20
-50.05800911579885
 10
138.42973901150444
 20
-50.051392245539205
 10
138.42634810075901
 20
-50.044856623988046
 10
138.42279781911049
 20
-50.03840618795941
 10
138.41909030511576
 20
-50.03204482295476
 10
138.38123264227872
 20
-49.96888312839897
 10
138.37737012920553
 20
-49.962614666266646
 10
138.37335494368742
 20
-49.956442882893924
 10
138.36918950432195
 20
-49.95037149593232
 10
138.36487632021408
 20
-49.94440416255833
 10
138.32101002369234
 20
-49.88525730867647
 10
138.3165516929542
 20
-49.87939762340311
 10
138.3119509011069
 20
-49.87364911587058
 10
138.30721041949542
 20
-49.86801524876487
 10
138.30233310360862
 20
-49.862499415716826
 10
138.25288062826195
 20
-49.80793701730162
 10
138.2478694168657
 20
-49.802542541739
 10
138.2427273277172
 20
-49.79727267215409
 10
136.96652241506894
 20
-48.52106773834685
 10
136.96620455552838
 20
-48.51979877193072
 10
136.9643279994789
 20
-48.51267899931339
 10
136.96227728064622
 20
-48.50560742402929
 10
136.96005363430666
 20
-48.49858830573096
 10
136.95765839990162
 20
-48.4916258724728
 10
136.92790368029065
 20
-48.40846700213365
 10
136.92533830061944
 20
-48.40156544782413
 10
136.92260432097115
 20
-48.3947289297025
 10
136.9197033881929
 20
-48.387961565831645
 10
136.91663724969808
 20
-48.3812674326185
 10
136.87887481253108
 20
-48.30142546749714
 10
136.87564531524697
 20
-48.29480859723731
 10
136.8722544045019
 20
-48.28827297568595
 10
136.8687041228537
 20
-48.281822539657114
 10
136.86499660885931
 20
-48.27546117465225
 10
136.81959012704934
 20
-48.19970503651892
 10
136.8157276139765
 20
-48.19343657438639
 10
136.8117124284587
 20
-48.18726479101344
 10
136.80754698909357
 20
-48.18119340405161
 10
136.803233804986
 20
-48.17522607067739
 10
136.75062056777446
 20
-48.10428533255482
 10
136.74616223702537
 20
-48.09842564726675
 10
136.7415614451664
 20
-48.09267713972008
 10
136.73682096354258
 20
-48.087043272600816
 10
136.73194364764274
 20
-48.081527439539826
 10
136.67263034926572
 20
-48.016085299516625
 10
136.66761913700253
 20
-48.010690823045444
 10
136.66247704694297
 20
-48.00542095259505
 10
136.65720717648978
 20
-48.00027886253835
 10
136.65181270001588
 20
-47.995267650278116
 10
136.58637055995996
 20
-47.93595435193636
 10
136.5808547268963
 20
-47.931077036039504
 10
136.5752208597744
 20
-47.92633655441871
 10
136.5694723522252
 20
-47.92173576256286
 10
136.56361266693466
 20
-47.91727743181694
 10
136.4926719287833
 20
-47.864664194643986
 10
136.48670459540674
 20
-47.860351010539695
 10
136.48063320844267
 20
-47.85618557117788
 10
136.47446142506757
 20
-47.85217038566347
 10
136.46819296293296
 20
-47.84830787259406
 10
136.3924368247751
 20
-47.80290139082548
 10
136.3860754597682
 20
-47.79919387683455
 10
136.3796250237374
 20
-47.795643595189865
 10
136.37308940218415
 20
-47.792252684448336
 10
136.36647253192254
 20
-47.78902318716781
 10
136.2866305667806
 20
-47.751260750044324
 10
136.2799364335658
 20
-47.74819461155318
 10
136.2731690696934
 20
-47.74529367877862
 10
136.26633255157031
 20
-47.74255969913406
 10
136.25943099725944
 20
-47.73999431946662
 10
136.17627212690385
 20
-47.710239599900866
 10
136.16930969364338
 20
-47.70784436549931
 10
136.16229057534284
 20
-47.70562071916329
 10
136.1552190000566
 20
-47.703570000334224
 10
136.1480992274372
 20
-47.70169344428844
 10
136.0624243172487
 20
-47.68023299649549
 10
136.05526063598103
 20
-47.67853173360021
 10
136.04805736119874
 20
-47.67700678863255
 10
136.0408188318852
 20
-47.67565908016236
 10
136.0335494082598
 20
-47.674489419998814
 10
135.9461835544587
 20
-47.6615299198224
 10
135.93888761535038
 20
-47.660539012525035
 10
135.93156955556006
 20
-47.659727454979375
 10
135.92423378321334
 20
-47.65909573603733
 10
135.91688471710518
 20
-47.65864423622277
 10
135.82866930062207
 20
-47.65431049073395
 10
135.82131136755513
 20
-47.65403948201349
 10
135.81394899967313
 20
-47.653949127632636
 10
135.8065866317912
 20
-47.6540394820175
 10
135.7992286987244
 20
-47.65431049074197
 10
135.71101328224373
 20
-47.658644236278846
 10
135.70366421613582
 20
-47.659095736097406
 10
135.69632844378944
 20
-47.659727455043445
 10
135.68901038399954
 20
-47.6605390125931
 10
135.68171444489175
 20
-47.661529919894434
 10
135.59434859109746
 20
-47.67448942011848
 10
135.5870791674727
 20
-47.675659080285996
 10
135.57984063815985
 20
-47.67700678876014
 10
135.57263736337836
 20
-47.67853173373172
 10
135.56547368211162
 20
-47.680232996630906
 10
135.47979877193518
 20
-47.70169344447046
 10
135.47267899931686
 20
-47.70357000052011
 10
135.4656074240318
 20
-47.70562071935302
 10
135.45858830573246
 20
-47.70784436569285
 10
135.45162587247336
 20
-47.710239600098184
 10
135.36846700213408
 20
-47.73999431970917
 10
135.36156544782457
 20
-47.74255969938038
 10
135.35472892970296
 20
-47.74529367902866
 10
135.3479615658321
 20
-47.74819461180692
 10
135.34126743261896
 20
-47.75126075030172
 10
135.2614254674974
 20
-47.789023187468786
 10
135.25480859723754
 20
-47.792252684752924
 10
135.24827297568615
 20
-47.79564359549801
 10
135.2418225396573
 20
-47.79919387714621
 10
135.23546117465241
 20
-47.80290139114061
 10
135.15970503651897
 20
-47.84830787295065
 10
135.15343657438643
 20
-47.852170386023474
 10
135.1472647910135
 20
-47.85618557154127
 10
135.14119340405168
 20
-47.8603510109064
 10
135.13522607067745
 20
-47.864664195013965
 10
135.06428533255493
 20
-47.91727743222546
 10
135.05842564726686
 20
-47.92173576297456
 10
135.05267713972017
 20
-47.926336554833526
 10
135.0470432726009
 20
-47.93107703645737
 10
135.0415274395399
 20
-47.93595435235722
 10
134.9760852995166
 20
-47.99526765073434
 10
134.97069082304543
 20
-48.0002788629975
 10
134.96542095259505
 20
-48.00542095305706
 10
134.96027886253836
 20
-48.01069082351024
 10
134.95526765027813
 20
-48.01608529998413
 10
134.89595435193624
 20
-48.081527440040176
 10
134.89107703603935
 20
-48.08704327310389
 10
134.88633655441856
 20
-48.092677140225796
 10
134.88173576256267
 20
-48.09842564777503
 10
134.87727743181674
 20
-48.10428533306559
 10
134.82466419464387
 20
-48.17522607121689
 10
134.82035101053958
 20
-48.18119340459342
 10
134.8161855711778
 20
-48.18726479155748
 10
134.8121703856634
 20
-48.19343657493257
 10
134.808307872594
 20
-48.19970503706717
 10
134.76290139082562
 20
-48.27546117522473
 10
134.75919387683467
 20
-48.28182254023163
 10
134.75564359518998
 20
-48.28827297626244
 10
134.75225268444845
 20
-48.294808597815674
 10
134.74902318716792
 20
-48.3014254680773
 10
134.71126075004412
 20
-48.38126743321996
 10
134.70819461155295
 20
-48.387961566434804
 10
134.70529367877836
 20
-48.394728930307274
 10
134.7025596991338
 20
-48.401565448430425
 10
134.69999431946633
 20
-48.40846700274136
 10
134.6702395999006
 20
-48.491625873097114
 10
134.6678443654991
 20
-48.49858830635747
 10
134.66562071916312
 20
-48.5056074246579
 10
134.6635700003341
 20
-48.51267899994402
 10
134.66169344428835
 20
-48.5197987725633
 10
134.6402329964956
 20
-48.605473682750755
 10
134.63853173360027
 20
-48.61263736401849
 10
134.63700678863262
 20
-48.61984063880085
 10
134.6356590801624
 20
-48.62707916811446
 10
134.63448941999886
 20
-48.63434859173993
 10
134.62152991982242
 20
-48.721714445541316
 10
134.62053901252506
 20
-48.72901038464963
 10
134.6197274549794
 20
-48.736328444439906
 10
134.61909573603737
 20
-48.74366421678659
 10
134.6186442362228
 20
-48.75101328289471
 10
134.61431049073394
 20
-48.83922869937802
 10
134.61403948201348
 20
-48.846586632445
 10
134.61394912763265
 20
-48.853949000327056
 10
134.6140394820175
 20
-48.86131136820906
 10
134.61431049074199
 20
-48.868669301275894
 10
134.6186442362789
 20
-48.95688471775645
 10
134.61909573609745
 20
-48.96423378386429
 10
134.6197274550435
 20
-48.97156955621058
 10
134.62053901259313
 20
-48.978887616000385
 10
134.62152991989444
 20
-48.98618355510811
 10
134.6344894201184
 20
-49.07354940890212
 10
134.63565908028593
 20
-49.08081883252698
 10
134.6370067887601
 20
-49.08805736183989
 10
134.63853173373167
 20
-49.095260636621454
 10
134.64023299663089
 20
-49.1024243178883
 10
134.66169344447067
 20
-49.18809922806546
 10
134.66357000052034
 20
-49.195219000683764
 10
134.66562071935323
 20
-49.20229057596882
 10
134.66784436569307
 20
-49.2093096942681
 10
134.6702396000984
 20
-49.21627212752719
 10
134.69999431970936
 20
-49.299430997866345
 10
134.70255969938057
 20
-49.30633255217586
 10
134.70529367902887
 20
-49.313169070297484
 10
134.70819461180713
 20
-49.31993643416835
 10
134.71126075030193
 20
-49.326630567381486
 10
134.74902318746894
 20
-49.40647253250285
 10
134.75225268475305
 20
-49.41308940276269
 10
134.75564359549813
 20
-49.419625024314044
 10
134.75919387714632
 20
-49.42607546034289
 10
134.7629013911407
 20
-49.43243682534775
 10
134.80830787295068
 20
-49.50819296348108
 10
134.81217038602352
 20
-49.51446142561361
 10
134.81618557154133
 20
-49.52063320898656
 10
134.82035101090645
 20
-49.52670459594839
 10
134.824664195014
 20
-49.53267192932261
 10
134.87727743222555
 20
-49.603612667445184
 10
134.88173576297464
 20
-49.60947235273325
 10
134.8863365548336
 20
-49.61522086027992
 10
134.89107703645743
 20
-49.620854727399184
 10
134.89595435235728
 20
-49.626370560460174
 10
134.9552676507343
 20
-49.691812700483375
 10
134.96027886299748
 20
-49.69720717695456
 10
134.96542095305705
 20
-49.70247704740495
 10
134.97069082351024
 20
-49.70761913746165
 10
134.97608529998413
 20
-49.712630349721884
 10
135.04152744004006
 20
-49.77194364806364
 10
135.04704327310372
 20
-49.776820963960496
 10
135.05267714022563
 20
-49.78156144558129
 10
135.0584256477748
 20
-49.78616223743714
 10
135.06428533306536
 20
-49.79062056818306
 10
135.13522607121672
 20
-49.843233805356014
 10
135.14119340459328
 20
-49.847546989460305
 10
135.14726479155735
 20
-49.85171242882212
 10
135.15343657493244
 20
-49.85572761433653
 10
135.15970503706706
 20
-49.85959012740594
 10
135.2354611752249
 20
-49.90499660917452
 10
135.24182254023182
 20
-49.90870412316545
 10
135.24827297626263
 20
-49.912254404810135
 10
135.25480859781587
 20
-49.915645315551664
 10
135.26142546807748
 20
-49.91887481283219
 10
135.34126743321943
 20
-49.956637249955676
 10
135.3479615664342
 20
-49.95970338844682
 10
135.3547289303066
 20
-49.96260432122138
 10
135.3615654484297
 20
-49.96533830086594
 10
135.36846700274057
 20
-49.96790368053338
 10
135.45162587309616
 20
-49.997658400099134
 10
135.4585882931212
 20
-50.00005363012829
 10
135.4656073979797
 20
-50.00227727274418
 10
135.47267895964134
 20
-50.004327988512685
 10
135.47979871847795
 20
-50.006204542164
 10
135.4810677551636
 20
-50.00652241955604
 10
136.24454527934157
 20
-50.77000005856296
 10
135.06492036285806
 20
-51.94962493872114
 10
131.93507956606302
 20
-51.949624908873
 10
129.64999987245224
 20
-49.664545172952586
 10
129.64999987225448
 20
-49.15000009988471
 10
129.64990951786885
 20
-49.14263773200388
 10
129.6496385091436
 20
-49.13527979893823
 10
129.64918700932438
 20
-49.12793073283151
 10
129.64855529037771
 20
-49.12059496048634
 10
129.6477437328275
 20
-49.113276900697684
 10
129.64675282552565
 20
-49.10598096159111
 10
129.64558316535766
 20
-49.09871153796752
 10
129.64423545688314
 20
-49.09147300865589
 10
129.6427105119112
 20
-49.0842697338756
 10
129.64100924901172
 20
-49.07710605261004
 10
129.63913269296182
 20
-49.06998627999293
 10
129.63708197412873
 20
-49.06291470470907
 10
129.6348583277888
 20
-49.05589558641098
 10
129.6324630933834
 20
-49.04893315315307
 10
129.62989771371218
 20
-49.04203159884478
 10
129.62716373406397
 20
-49.03519508072437
 10
129.62426280128582
 20
-49.02842771685471
 10
129.6211966627912
 20
-49.02173358364275
 10
129.61796716550725
 20
-49.015116713384025
 10
129.61457625476243
 20
-49.00858109183376
 10
129.61102597311452
 20
-49.00213065580599
 10
129.60731845912048
 20
-48.99576929080218
 10
129.6034559460481
 20
-48.98950082867074
 10
129.59944076053077
 20
-48.98332904529887
 10
129.59527532116618
 20
-48.97725765833809
 10
129.59096213705922
 20
-48.971290324964876
 10
129.5865038063107
 20
-48.96543063967772
 10
129.58190301445237
 20
-48.95968213213193
 10
129.5771625328292
 20
-48.954048265013505
 10
129.57228521693006
 20
-48.948532431953325
 10
129.56727400466767
 20
-48.94313795548298
 10
129.56213191460893
 20
-48.93786808503339
 10
129.55686204415662
 20
-48.93272599497744
 10
129.55146756768363
 20
-48.92771478271791
 10
129.54595173462087
 20
-48.92283746682169
 10
129.54031786749994
 20
-48.9180969852015
 10
129.53456935995172
 20
-48.913496193346205
 10
129.5287096746622
 20
-48.90903786260078
 10
129.52274234128672
 20
-48.90472467849697
 10
129.51667095432373
 20
-48.90055923913558
 10
129.5104991709497
 20
-48.89654405362154
 10
129.50423070881624
 20
-48.89268154055246
 10
129.49786934381046
 20
-48.888974026561776
 10
129.49141890778083
 20
-48.8854237449173
 10
129.48488328622878
 20
-48.882032834175924
 10
129.47826641596833
 20
-48.87880333689549
 10
129.47157228275475
 20
-48.8757371984044
 10
129.46480491888357
 20
-48.87283626562983
 10
129.4579684007617
 20
-48.87010228598521
 10
129.45106684645205
 20
-48.86753690631765
 10
129.4441044131929
 20
-48.86514167191593
 10
129.43708529489362
 20
-48.862918025579695
 10
129.43001371960867
 20
-48.86086730675035
 10
129.42289394699057
 20
-48.85899075070423
 10
129.4157302657241
 20
-48.857289487808536
 10
129.40852699094302
 20
-48.85576454284041
 10
129.40128846163068
 20
-48.854416834369694
 10
129.39401903800646
 20
-48.85324717420557
 10
129.38672309889938
 20
-48.85225626690758
 10
129.37940503911028
 20
-48.85144470936123
 10
129.37206926676478
 20
-48.85081299041844
 10
129.3647202006578
 20
-48.850361490603085
 10
129.35736226759204
 20
-48.850090481881765
 10
129.34999989971115
 20
-48.850000127499996
 10
127.65000009995667
 20
-48.85000012774556
 10
127.64263773207537
 20
-48.85009048212947
 10
127.63527979900921
 20
-48.85036149085295
 10
127.62793073290194
 20
-48.850812990670484
 10
127.62059496055618
 20
-48.851444709615464
 10
127.61327690076689
 20
-48.85225626716402
 10
127.60598096165964
 20
-48.853247174464244
 10
127.59871153803535
 20
-48.85441683463061
 10
127.59147300872296
 20
-48.85576454310358
 10
127.5842697339419
 20
-48.857289488073974
 10
127.57710605267552
 20
-48.85899075097194
 10
127.56998628005755
 20
-48.86086730702034
 10
127.5629147047728
 20
-48.862918025851975
 10
127.5558955864738
 20
-48.865141672190504
 10
127.54893315321493
 20
-48.86753690659452
 10
127.54203159890567
 20
-48.870102286264384
 10
127.53519508078425
 20
-48.872836265911296
 10
127.52842771691355
 20
-48.875737198688164
 10
127.52173358370052
 20
-48.87880333718155
 10
127.51511671344072
 20
-48.882032834464276
 10
127.50858109188934
 20
-48.88542374520793
 10
127.50213065586044
 20
-48.88897402685469
 10
127.49576929085546
 20
-48.89268154084763
 10
127.48950082872285
 20
-48.89654405391897
 10
127.48332904534978
 20
-48.90055923943526
 10
127.47725765838778
 20
-48.90472467879887
 10
127.47129032501334
 20
-48.9090378629049
 10
127.46543063972493
 20
-48.91349619365252
 10
127.45968213217787
 20
-48.91809698550999
 10
127.45404826505818
 20
-48.92283746713234
 10
127.44853243199671
 20
-48.92771478303069
 10
127.44313795552506
 20
-48.93272599529232
 10
127.43786808507416
 20
-48.93786808535035
 10
127.43272599501688
 20
-48.94313795580201
 10
127.42771478275603
 20
-48.948532432274376
 10
127.42283746685847
 20
-48.954048265336546
 10
127.41809698523694
 20
-48.95968213245694
 10
127.4134961933803
 20
-48.965430640004655
 10
127.40903786263353
 20
-48.9712903252937
 10
127.40472467852835
 20
-48.97725765866877
 10
127.40055923916562
 20
-48.98332904563137
 10
127.39654405365023
 20
-48.989500829005024
 10
127.3926815405798
 20
-48.995769291138195
 10
127.38897402658777
 20
-49.0021306561437
 10
127.38542374494195
 20
-49.00858109217312
 10
127.38203283419922
 20
-49.01511671372498
 10
127.37880333691746
 20
-49.02173358398526
 10
127.37573719842504
 20
-49.028427717198724
 10
127.37283626564916
 20
-49.03519508106984
 10
127.37010228600323
 20
-49.04203159919165
 10
127.36753690633437
 20
-49.048933153501295
 10
127.36514167193135
 20
-49.0558955867605
 10
127.36291802559384
 20
-49.062914705059825
 10
127.36086730676323
 20
-49.06998628034487
 10
127.35899075071585
 20
-49.0771060529631
 10
127.35728948781892
 20
-49.08426973422973
 10
127.35576454284957
 20
-49.09147300901102
 10
127.35441683437764
 20
-49.09871153832359
 10
127.35324717421233
 20
-49.10598096194806
 10
127.35225626691316
 20
-49.11327690105545
 10
127.35144470936565
 20
-49.12059496084486
 10
127.35081299042173
 20
-49.127930733190716
 10
127.35036149060525
 20
-49.135279799298054
 10
127.35009048188284
 20
-49.14263773236425
 10
127.3500001275
 20
-49.15000010024556
 10
127.3500001275
 20
-50.8499999
 10
127.35009048187705
 20
-50.85736226764565
 10
127.35036149058212
 20
-50.864720200476604
 10
127.3508129903697
 20
-50.872069266349556
 10
127.35144470927322
 20
-50.879405038462295
 10
127.35225626676888
 20
-50.8867230980203
 10
127.35324717400478
 20
-50.89401903689839
 10
127.35441683409553
 20
-50.90128846029611
 10
127.35576454248165
 20
-50.90852698938489
 10
127.35728948735407
 20
-50.915730263945754
 10
127.35899075014305
 20
-50.92289394499574
 10
127.36086730607161
 20
-50.93001371740152
 10
127.36291802477267
 20
-50.937085292478706
 10
127.36514167097005
 20
-50.944104410575164
 10
127.36753690522252
 20
-50.95106684363689
 10
127.37010228473062
 20
-50.957968397754804
 10
127.37283626420576
 20
-50.964804915691055
 10
127.37573719680103
 20
-50.971572279383125
 10
127.37880333510324
 20
-50.978266412424446
 10
127.38203283218543
 20
-50.98488328251984
 10
127.38542374271944
 20
-50.99141890391443
 10
127.3889740241477
 20
-50.99786933979453
 10
127.39268153791356
 20
-51.004230704659015
 10
127.39654405074951
 20
-51.0104991666598
 10
127.40055923602239
 20
-51.01667094991001
 10
127.40472467513489
 20
-51.02274233675843
 10
127.4090378589824
 20
-51.02870967002889
 10
127.41349618946442
 20
-51.03456935522318
 10
127.41809698104956
 20
-51.04031786268628
 10
127.42283746239315
 20
-51.045951729732465
 10
127.4277147780067
 20
-51.05146756273111
 10
127.43272598997784
 20
-51.056862039150886
 10
127.43786807974004
 20
-51.0621319095611
 10
127.44313794989093
 20
-51.0672739995891
 10
127.44853242605797
 20
-51.07228521183231
 10
127.45404825881062
 20
-51.07716252772405
 10
127.45968212561772
 20
-51.08190300935179
 10
127.46543063284878
 20
-51.08650380122685
 10
127.47129031781822
 20
-51.0909621320044
 10
127.47725765087114
 20
-51.09527531615287
 10
127.48332903750948
 20
-51.09944075557158
 10
127.48950082055718
 20
-51.10345594115574
 10
127.49576928236316
 20
-51.10731845430784
 10
127.50213064704066
 20
-51.11102596839453
 10
127.5085810827417
 20
-51.11457625014812
 10
127.51511670396528
 20
-51.117967161011755
 10
127.52173357389778
 20
-51.121196658427664
 10
127.52842770678446
 20
-51.12426279706748
 10
127.53519507033023
 20
-51.12716373000407
 10
127.5420315881286
 20
-51.12989770982401
 10
127.54893314211712
 20
-51.13246308968018
 10
127.55589557505805
 20
-51.1348583242838
 10
127.56291469304234
 20
-51.13708197083519
 10
127.56998626801611
 20
-51.139132689892904
 10
127.57710604032725
 20
-51.141009246180545
 10
127.58426972129142
 20
-51.14271050933083
 10
127.59147299577538
 20
-51.14423545456655
 10
127.59871152479619
 20
-51.14558316331774
 10
127.60598094813491
 20
-51.14675282377512
 10
127.61327688696304
 20
-51.147743731378995
 10
127.62059494648011
 20
-51.148555289243724
 10
127.62793071856099
 20
-51.14918700851723
 10
127.63527978441117
 20
-51.149638508675466
 10
127.64263771722845
 20
-51.149909517751624
 10
127.65000008486955
 20
-51.149999872500004
  0
LWPOLYLINE
  5
48
330
17
100
AcDbEntity
  8
0
100
AcDbPolyline
 90
392
 70
0
 10
122.04444912749999
 20
-42.512101001636054
 10
122.04444912750267
 20
-55.19579599844613
 10
122.04460968159074
 20
-55.205609594443224
 10
122.04514268148634
 20
-55.22189459117182
 10
122.04562436827439
 20
-55.23170067960131
 10
122.06147136796913
 20
-55.47349467477987
 10
122.06197099909151
 20
-55.480024928491446
 10
122.06261306549533
 20
-55.486542719185316
 10
122.06339726117278
 20
-55.4930449404931
 10
122.06764926032845
 20
-55.52533193400001
 10
122.06857393389703
 20
-55.53180718833589
 10
122.06963956021065
 20
-55.53826074398239
 10
122.07084563269485
 20
-55.54468953306632
 10
122.1165256314287
 20
-55.774336526646046
 10
122.11787174613315
 20
-55.780738257168906
 10
122.11935712707621
 20
-55.78710911440627
 10
122.12098106797268
 20
-55.79344606907311
 10
122.12940706628856
 20
-55.824896062745744
 10
122.13117051458222
 20
-55.83120200205931
 10
122.13307116958572
 20
-55.83746795219224
 10
122.13510812585595
 20
-55.843690928141406
 10
122.21037712376099
 20
-56.065425921936594
 10
122.21254794487636
 20
-56.071598931283
 10
122.21485288697771
 20
-56.07772312515772
 10
122.2172908534628
 20
-56.083795589906345
 10
122.2297408509672
 20
-56.11385358385324
 10
122.23231170446854
 20
-56.119873754368705
 10
122.23501330074359
 20
-56.125836397937405
 10
122.23784435347982
 20
-56.13173867556264
 10
122.34141635059302
 20
-56.34176166968462
 10
122.3443750455473
 20
-56.347599875378755
 10
122.34746040120183
 20
-56.35337214547331
 10
122.35067094897776
 20
-56.359075732462024
 10
122.36694194571318
 20
-56.387257726786274
 10
122.37027582309354
 20
-56.39288936486889
 10
122.37373175351668
 20
-56.39844693905115
 10
122.3773080923401
 20
-56.40392780453946
 10
122.41593224825131
 20
-56.46173303787722
 10
122.5073972465318
 20
-56.59862003528455
 10
122.51109321167426
 20
-56.60402288668215
 10
122.51490618132671
 20
-56.609343809909234
 10
122.51883434005083
 20
-56.61458027155781
 10
122.5386633360733
 20
-56.64042126635672
 10
122.54270353029378
 20
-56.645569174325054
 10
122.5468550499166
 20
-56.650627732480395
 10
122.55111591955031
 20
-56.655594533840855
 10
122.70549391524158
 20
-56.83162752891146
 10
122.70986241405045
 20
-56.83650054473505
 10
122.71433617140839
 20
-56.84127710837039
 10
122.71891305830034
 20
-56.84595494670003
 10
122.74194205367829
 20
-56.86898394206284
 10
122.74661989197007
 20
-56.87356082891261
 10
122.7513964555658
 20
-56.87803458623009
 10
122.75626947134809
 20
-56.8824030850003
 10
122.93230246643225
 20
-57.03678108067495
 10
122.93727013608698
 20
-57.04104267890034
 10
122.94232959391033
 20
-57.045194888886215
 10
122.94747843165835
 20
-57.04923573422818
 10
122.97331742647023
 20
-57.0690627302337
 10
122.97855275355826
 20
-57.07298996506269
 10
122.98387250375794
 20
-57.07680206172116
 10
122.98927414535105
 20
-57.08049720599713
 10
123.18396313991326
 20
-57.21058520235083
 10
123.18944383921117
 20
-57.214161468141334
 10
123.19500124358628
 20
-57.217617332491955
 10
123.20063270847056
 20
-57.220951150881646
 10
123.22882470280526
 20
-57.23722814759834
 10
123.23452916200303
 20
-57.24043921885942
 10
123.24030232597937
 20
-57.24352505927736
 10
123.24614144594868
 20
-57.2464841995861
 10
123.45615244008107
 20
-57.35004919668061
 10
123.46205232933573
 20
-57.35287910577247
 10
123.46801253631047
 20
-57.355579663400775
 10
123.4740302254642
 20
-57.358149584787625
 10
123.50410321941911
 20
-57.370606582271996
 10
123.51017766795903
 20
-57.37304547705336
 10
123.51630388220885
 20
-57.37535125930328
 10
123.52247894560452
 20
-57.37752283128646
 10
123.7400572745523
 20
-57.45138094294931
 10
123.74419627160958
 20
-57.45278594193907
 10
123.75041827463927
 20
-57.45482258663848
 10
123.75668323881284
 20
-57.45672297271421
 10
123.76298818052805
 20
-57.45848619513377
 10
123.79444817420628
 20
-57.466915193428925
 10
123.800786037594
 20
-57.46853942074903
 10
123.80715781429312
 20
-57.47002504802569
 10
123.81356047370015
 20
-57.471371368651084
 10
124.04320746728224
 20
-57.517051367363564
 10
124.04963823032037
 20
-57.51825778793145
 10
124.05609377416248
 20
-57.51932367607833
 10
124.06257102810925
 20
-57.52024852479471
 10
124.09486302161889
 20
-57.52450052392931
 10
124.10136285845917
 20
-57.525284326388324
 10
124.10787825150473
 20
-57.52592610415884
 10
124.11440609781897
 20
-57.52642555159611
 10
124.32693573864047
 20
-57.54035546251096
 10
124.35619338035784
 20
-57.54227337346947
 10
124.36600340909064
 20
-57.5427553185249
 10
124.38228840581904
 20
-57.543288318415144
 10
124.39210200171794
 20
-57.5434488725
 10
144.69579599844567
 20
-57.54344887249732
 10
144.7056101964508
 20
-57.54328829870522
 10
144.72189419317914
 20
-57.542755298809624
 10
144.73170447251167
 20
-57.54227331756323
 10
144.75749765918997
 20
-57.540582436436154
 10
144.97349084419236
 20
-57.52642555538614
 10
144.98001871007492
 20
-57.52592610751686
 10
144.9865341226329
 20
-57.525284328462924
 10
144.99303397890188
 20
-57.52450052387153
 10
145.02532597240867
 20
-57.52024852471573
 10
145.03180322629896
 20
-57.519323676003694
 10
145.0382587700849
 20
-57.518257787863604
 10
145.04468953306724
 20
-57.51705136730495
 10
145.2743365266454
 20
-57.47137136857143
 10
145.28073918610755
 20
-57.470025047933206
 10
145.28711096286125
 20
-57.468539420641314
 10
145.29344882630286
 20
-57.46691519330359
 10
145.32490881997558
 20
-57.458486194987756
 10
145.33121368311419
 20
-57.45672299546554
 10
145.33747856974796
 20
-57.45482263570552
 10
145.3437004963862
 20
-57.45278602070504
 10
145.487121447107
 20
-57.404101340119546
 10
145.5654164441607
 20
-57.37752234110845
 10
145.571585225748
 20
-57.375352947948286
 10
145.57770525827533
 20
-57.373049616704215
 10
145.58377363403764
 20
-57.37061344171809
 10
145.61386062798528
 20
-57.3581524442132
 10
145.61988361008454
 20
-57.35558055896388
 10
145.6258490151092
 20
-57.35287781036375
 10
145.6317540001517
 20
-57.350045486450156
 10
145.84174999427324
 20
-57.24648648933715
 10
145.8475864340285
 20
-57.24352870476964
 10
145.85335697889272
 20
-57.24044433602802
 10
145.85905888384812
 20
-57.23723485033026
 10
145.8872628781722
 20
-57.22095185359477
 10
145.89289643784494
 20
-57.21761695305235
 10
145.89845588577887
 20
-57.21415991748934
 10
145.90393857453006
 20
-57.21058239316773
 10
146.0986205690792
 20
-57.08049939679701
 10
146.10402323727263
 20
-57.07680354283704
 10
146.10934398248483
 20
-57.07299069213334
 10
146.11458027155817
 20
-57.06906265994889
 10
146.1404212663567
 20
-57.04923366392671
 10
146.145569174325
 20
-57.045193469706234
 10
146.15062773248033
 20
-57.041041950083425
 10
146.15559453384077
 20
-57.03678108044974
 10
146.33162752891133
 20
-56.88240308475857
 10
146.336500544735
 20
-56.87803458594962
 10
146.3412771083704
 20
-56.873560828591614
 10
146.34595494670012
 20
-56.868983941699575
 10
146.36898394206318
 20
-56.845954946321335
 10
146.37356082891287
 20
-56.84127710802962
 10
146.37803458623029
 20
-56.836500544433974
 10
146.38240308500042
 20
-56.83162752865178
 10
146.53678108067504
 20
-56.65559453356773
 10
146.5410419503448
 20
-56.65062773216336
 10
146.54519347000175
 20
-56.64556917396254
 10
146.54923366425442
 20
-56.640421265947246
 10
146.56906266026036
 20
-56.6145802711346
 10
146.57299069240776
 20
-56.609343982104484
 10
146.57680354307635
 20
-56.604023236937046
 10
146.58049939700325
 20
-56.59862056878982
 10
146.71058239335628
 20
-56.40393857422865
 10
146.71415893100468
 20
-56.39845743424513
 10
146.7176150479456
 20
-56.392899577395596
 10
146.72094909927765
 20
-56.38726764888178
 10
146.73723509599424
 20
-56.35905965454735
 10
146.7404457589689
 20
-56.35335585351435
 10
146.74353122044857
 20
-56.34758336441361
 10
146.746490011695
 20
-56.34174493505967
 10
146.85004600878946
 20
-56.13175294092735
 10
146.85287653279485
 20
-56.12585175490988
 10
146.8555776483869
 20
-56.11989022514679
 10
146.85814806995853
 20
-56.113871189052695
 10
146.8706120674429
 20
-56.083780195098
 10
146.87305050432522
 20
-56.077706690433864
 10
146.87535587074717
 20
-56.07158143786806
 10
146.87752706952233
 20
-56.06540735257443
 10
146.95278606740712
 20
-55.84370035877251
 10
146.9548226648868
 20
-55.83747847718249
 10
146.95672300912113
 20
-55.83121363627427
 10
146.95848619513353
 20
-55.8249088194728
 10
146.96691519342886
 20
-55.793448825793995
 10
146.96853942074898
 20
-55.78711096240622
 10
146.97002504802566
 20
-55.78073918570703
 10
146.97137136865106
 20
-55.77433652629993
 10
147.01705136736354
 20
-55.54468953271785
 10
147.01825778793145
 20
-55.538258769679686
 10
147.01932367607833
 20
-55.531803225837535
 10
147.0202485247947
 20
-55.52532597189073
 10
147.02450052392933
 20
-55.49303397838082
 10
147.025284308572
 20
-55.48653430419952
 10
147.02592607563355
 20
-55.480019074513024
 10
147.02642551948966
 20
-55.47349139202506
 10
147.04227351916046
 20
-55.231703397006264
 10
147.0427553382253
 20
-55.22189498897532
 10
147.04328833811553
 20
-55.205608992248585
 10
147.0434488725
 20
-55.19579599828307
 10
147.04344887249732
 20
-42.51210100155396
 10
147.04328833810965
 20
-42.50228800749026
 10
147.04275533821402
 20
-42.48600201076185
 10
147.0422735191513
 20
-42.476193602812664
 10
147.02642551945652
 20
-42.234405607632844
 10
147.0259260755948
 20
-42.22787792508495
 10
147.02528430852502
 20
-42.22136269533878
 10
147.02450052387152
 20
-42.21486302109817
 10
147.02024852471567
 20
-42.18257102759099
 10
147.01932367600364
 20
-42.17609377370071
 10
147.01825778786355
 20
-42.16963822991478
 10
147.0170513673049
 20
-42.16320746693245
 10
146.97137136857157
 20
-41.9335604733552
 10
146.97002504793338
 20
-41.92715781389317
 10
146.96853942064152
 20
-41.92078603713961
 10
146.96691519330383
 20
-41.91444817369811
 10
146.95848619498784
 20
-41.88298818002467
 10
146.95672297251383
 20
-41.87668323813799
 10
146.95482258637617
 20
-41.870418273795316
 10
146.9527859416074
 20
-41.864196270599145
 10
146.95138083017696
 20
-41.86005694233599
 10
146.8775228311669
 20
-41.64247894528559
 10
146.87535125916253
 20
-41.63630388183252
 10
146.87304547688888
 20
-41.63017766752625
 10
146.87060658208134
 20
-41.624103218930905
 10
146.85814958457675
 20
-41.59403022498321
 10
146.85557966320877
 20
-41.588012535883074
 10
146.85287910560166
 20
-41.582052328961
 10
146.8500491965332
 20
-41.576152439758
 10
146.7464841994199
 20
-41.36614144563585
 10
146.74352505908453
 20
-41.36030232561663
 10
146.74043921863776
 20
-41.35452916159155
 10
146.73722814734572
 20
-41.3488247023463
 10
146.7209511506106
 20
-41.32063270802247
 10
146.71761733224656
 20
-41.31500124318873
 10
146.71416146792373
 20
-41.30944383886295
 10
146.71058520216312
 20
-41.303963139613074
 10
146.58049720579143
 20
-41.10927414506244
 10
146.57680206148245
 20
-41.103872503423254
 10
146.572989964789
 20
-41.09855275317894
 10
146.56906272992305
 20
-41.09331742604781
 10
146.54923573390025
 20
-41.06747843124862
 10
146.54519488859034
 20
-41.06232959354743
 10
146.54104267863852
 20
-41.05727013576941
 10
146.5367810804491
 20
-41.052302466158466
 10
146.3824030847584
 20
-40.876269471088534
 10
146.3780345859496
 20
-40.871396455265
 10
146.3735608285917
 20
-40.86661989162972
 10
146.3689839416998
 20
-40.861942053300126
 10
146.34595494632205
 20
-40.83891305793747
 10
146.3412771080302
 20
-40.83433617108765
 10
146.33650054443444
 20
-40.829862413770115
 10
146.3316275286521
 20
-40.82549391499985
 10
146.15559453356735
 20
-40.671115919324684
 10
146.15062786164376
 20
-40.66685515830371
 10
146.14556943760175
 20
-40.662703741595436
 10
146.14042166823515
 20
-40.65866364444034
 10
146.1145846734231
 20
-40.638837648434816
 10
146.1093481531965
 20
-40.634909433044506
 10
146.1040271691411
 20
-40.631096409451814
 10
146.0986242547564
 20
-40.62740039316555
 10
145.90392826019522
 20
-40.497308396812535
 10
145.8984472470317
 20
-40.49373194972666
 10
145.8928895207413
 20
-40.490275917675554
 10
145.88725772633788
 20
-40.48694194544198
 10
145.85907573200282
 20
-40.47067094872501
 10
145.8533721450616
 20
-40.46746040098002
 10
145.84759987501576
 20
-40.4643750453543
 10
145.84176166937152
 20
-40.461416350426695
 10
145.63173867524003
 20
-40.35784435333266
 10
145.62583639756315
 20
-40.355013300573
 10
145.61987375394182
 20
-40.3523117042768
 10
145.61385358337276
 20
-40.34974085075658
 10
145.58379558941797
 20
-40.337290853272094
 10
145.5777231247206
 20
-40.33485288681156
 10
145.57159893089806
 20
-40.332547944732475
 10
145.56542592160474
 20
-40.330377123637064
 10
145.3436909278024
 20
-40.25510812575219
 10
145.33746795179908
 20
-40.2530711694655
 10
145.33120200161127
 20
-40.25117051444793
 10
145.3248960622422
 20
-40.249407066142574
 10
145.2934460685638
 20
-40.2409810678473
 10
145.28710911395086
 20
-40.23935712696844
 10
145.28073825676805
 20
-40.23787174604061
 10
145.27433652630032
 20
-40.236525631349
 10
145.04468953271686
 20
-40.19084563263624
 10
145.03826074357713
 20
-40.1896395601428
 10
145.03180718787442
 20
-40.18857393382239
 10
145.02533193348202
 20
-40.18764926024946
 10
144.99304493997238
 20
-40.18339726111501
 10
144.9865427187239
 20
-40.182613065448386
 10
144.9800249280897
 20
-40.18197099905279
 10
144.97349467443806
 20
-40.18147136793601
 10
144.73170067942178
 20
-40.16562436826531
 10
144.7218945909106
 20
-40.16514268147514
 10
144.70560959418106
 20
-40.16460968158485
 10
144.69579599828208
 20
-40.16444912749999
 10
124.3921020015542
 20
-40.16444912750267
 10
124.3822884055569
 20
-40.16460968159075
 10
124.36600340882819
 20
-40.16514268148636
 10
124.35619633002274
 20
-40.16562443318456
 10
124.11439933484259
 20
-40.18147243287939
 10
124.10787164652587
 20
-40.18197186128242
 10
124.1013564106847
 20
-40.1826136131224
 10
124.09485673003016
 20
-40.18339738278176
 10
124.06257173652345
 20
-40.187648381937585
 10
124.05609424485277
 20
-40.188573251472626
 10
124.04963846464399
 20
-40.189639170745544
 10
124.04320746693253
 20
-40.19084563269509
 10
123.81356047335416
 20
-40.23652563142863
 10
123.80715931129616
 20
-40.23787162011332
 10
123.80078901675803
 20
-40.23935685030751
 10
123.7944526182181
 20
-40.24098061592338
 10
123.76300562454516
 20
-40.24940561423938
 10
123.75669900555955
 20
-40.25116922091154
 10
123.75043238379097
 20
-40.2530700636544
 10
123.74420874519826
 20
-40.25510723674257
 10
123.52246575140317
 20
-40.33037923464759
 10
123.51629247358142
 20
-40.33255016148618
 10
123.51016801581672
 20
-40.33485522102809
 10
123.50409529214586
 20
-40.33729331651855
 10
123.47404729819911
 20
-40.34973931402285
 10
123.46802782895668
 20
-40.352309887806136
 10
123.46206587359414
 20
-40.35501117412773
 10
123.456164270126
 20
-40.35784188711931
 10
123.24612927600423
 20
-40.461418884232444
 10
123.24028955408771
 20
-40.464378342550006
 10
123.23451580224898
 20
-40.46746452713622
 10
123.22881077012528
 20
-40.47067596825559
 10
123.20064177580132
 20
-40.48693996499076
 10
123.19501128478366
 20
-40.49027324933979
 10
123.18945482960814
 20
-40.49372853797228
 10
123.18397505349415
 20
-40.49730418719892
 10
122.98926505894394
 20
-40.62740518357036
 10
122.98386241159122
 20
-40.63110100281942
 10
122.97854168598973
 20
-40.63491381771306
 10
122.97330541525925
 20
-40.63884181302577
 10
122.9474864204605
 20
-40.65865380904811
 10
122.94233821814359
 20
-40.662694215298835
 10
122.93727937535091
 20
-40.66684595943423
 10
122.93231229946645
 20
-40.67110706573715
 10
122.75626930439509
 20
-40.82549406142902
 10
122.75139794722097
 20
-40.829861046926766
 10
122.74662297535806
 20
-40.834333219414944
 10
122.74194665960745
 20
-40.83890845209275
 10
122.71891966424461
 20
-40.86193444747096
 10
122.71434108524195
 20
-40.86661384785521
 10
122.70986570688335
 20
-40.87139204439648
 10
122.70549566045243
 20
-40.87626676160174
 10
122.55110666477826
 20
-41.052312756685346
 10
122.54684569872565
 20
-41.05727968605336
 10
122.542694088196
 20
-41.06233837650233
 10
122.53865380872058
 20
-41.067486420869756
 10
122.51884181271514
 20
-41.093305415681634
 10
122.51491381743936
 20
-41.09854168636904
 10
122.5111010025807
 20
-41.10386241192593
 10
122.50740518336463
 20
-41.1092650592326
 10
122.37730418701108
 20
-41.30397505379453
 10
122.3737285377545
 20
-41.30945482995662
 10
122.37027324909417
 20
-41.31501128518155
 10
122.36693996471945
 20
-41.32064177624982
 10
122.35067596800263
 20
-41.34881077058479
 10
122.34746452691428
 20
-41.354515802660934
 10
122.34437834235692
 20
-41.36028955445087
 10
122.34141888406606
 20
-41.36612927631741
 10
122.23784188697222
 20
-41.57616427044842
 10
122.2350111739572
 20
-41.582065873968254
 10
122.23230988761442
 20
-41.58802782938347
 10
122.22973931381225
 20
-41.594047298679534
 10
122.21729331632766
 20
-41.624095292634685
 10
122.21485522086176
 20
-41.63016801625429
 10
122.21255016134212
 20
-41.63629247396676
 10
122.2103792345235
 20
-41.64246575173543
 10
122.13510723663863
 20
-41.86420874553785
 10
122.133070063534
 20
-41.87043238418471
 10
122.13116922077708
 20
-41.87669900600817
 10
122.12940561409322
 20
-41.883005625049265
 10
122.12098061579815
 20
-41.91445261872679
 10
122.1193568501999
 20
-41.92078901721279
 10
122.11787162002096
 20
-41.92715931169632
 10
122.1165256313491
 20
-41.93356047369917
 10
122.07084563263645
 20
-42.16320746728209
 10
122.06963917067765
 20
-42.169638465049466
 10
122.06857325139792
 20
-42.17609424531455
 10
122.06764838185852
 20
-42.18257173704184
 10
122.06339738272392
 20
-42.21485673055147
 10
122.06261360783127
 20
-42.22135645902529
 10
122.06197185284742
 20
-42.22787174289143
 10
122.06147242339597
 20
-42.23439947937039
 10
122.05553543537965
 20
-42.3249822965306
 10
122.04562444730476
 20
-42.47619511462907
 10
122.0451426814767
 20
-42.486002409040935
 10
122.04460968158645
 20
-42.50228740568807
 10
122.04444912749999
 20
-42.512101001636054
  0
LWPOLYLINE
  5
49
330
17
100
AcDbEntity
  8
0
100
AcDbPolyline
 90
542
 70
0
 10
126.7494998725835
 20
-49.08630487988555
 10
126.74949987250048
 20
-50.91369739592861
 10
126.75351399288218
 20
-50.97153713851199
 10
126.79252383591667
 20
-51.13739942973853
 10
126.8467277626235
 20
-51.26015911298651
 10
126.85993206512269
 20
-51.29006375338238
 10
126.95424673034344
 20
-51.42774583962598
 10
127.07225414865987
 20
-51.54575325992922
 10
127.20993580354653
 20
-51.64006763306867
 10
127.30179617064911
 20
-51.68062792106991
 10
127.36259883369294
 20
-51.707474897877866
 10
127.52845564056396
 20
-51.74648430514888
 10
127.58630438022954
 20
-51.75050012726025
 10
127.68893699060607
 20
-51.7505001275
 10
127.69629937289052
 20
-51.75059048225362
 10
127.70365732033342
 20
-51.750861492053545
 10
127.711006400765
 20
-51.751312993652974
 10
127.71834218735668
 20
-51.751944715083155
 10
127.72566026128764
 20
-51.752756275817234
 10
127.73295621440653
 20
-51.753747186999455
 10
127.7402256518868
 20
-51.75491685173964
 10
127.74746419487401
 20
-51.756264565472726
 10
127.84275216571037
 20
-51.775218559622864
 10
127.84995525455274
 20
-51.77674346575495
 10
127.85711875196681
 20
-51.7784446807271
 10
127.86423834315222
 20
-51.7803211798439
 10
127.87130973975475
 20
-51.782371832830776
 10
127.87832868244926
 20
-51.784595404514775
 10
127.8852909435053
 20
-51.78699055556858
 10
127.8921923293335
 20
-51.789555843317174
 10
127.8990286830116
 20
-51.79228972260689
 10
127.90579588678824
 20
-51.79519054673603
 10
127.91248986456324
 20
-51.79825656844675
 10
127.91910658434273
 20
-51.801485940977535
 10
127.92564206066777
 20
-51.804876719175475
 10
127.93209235701492
 20
-51.80842686066796
 10
127.93845358816735
 20
-51.81213422709284
 10
127.94472192255493
 20
-51.815996585386436
 10
127.95089358456228
 20
-51.82001160912857
 10
128.03167455987068
 20
-51.87398659251753
 10
128.03774629273678
 20
-51.87815218773548
 10
128.0437139627172
 20
-51.88246554356615
 10
128.04957397474604
 20
-51.88692406154175
 10
128.0553227986132
 20
-51.891525055745355
 10
128.06095697109086
 20
-51.89626575442899
 10
128.06647309801997
 20
-51.90114330168338
 10
128.07186785635494
 20
-51.90615475915846
 10
128.07713799616542
 20
-51.91129710783344
 10
130.4094144092518
 20
-54.24357451492606
 10
130.5085877969512
 20
-54.319671906544016
 10
130.5810685140286
 20
-54.37528784809269
 10
130.75853715567754
 20
-54.47774961596959
 10
130.76843698405423
 20
-54.48346532570474
 10
130.96832333203346
 20
-54.56626150766211
 10
130.9977787976966
 20
-54.574153870771326
 10
131.17731262692288
 20
-54.6222601649084
 10
131.39181972415759
 20
-54.65050012656331
 10
135.6081796785193
 20
-54.65050012749565
 10
135.82268718951582
 20
-54.62225926678177
 10
136.0316745853467
 20
-54.56626144636049
 10
136.231563754368
 20
-54.48346494379742
 10
136.418936176022
 20
-54.37528514748304
 10
136.59057170211756
 20
-54.24358444086627
 10
138.74357433604575
 20
-52.09058475650664
 10
138.87528516285334
 20
-51.918936147807294
 10
138.98346493841217
 20
-51.731563765288215
 10
139.0662614424468
 20
-51.53167459687611
 10
139.12225926440644
 20
-51.32268720145745
 10
139.1505001265848
 20
-51.10817969153885
 10
139.15050012747415
 20
-50.431820321317495
 10
139.12225926678175
 20
-50.21731281048396
 10
139.0662616314738
 20
-50.008326105507855
 10
139.05292665495386
 20
-49.97613293914455
 10
138.9834667806874
 20
-49.80844090118127
 10
138.87528370368878
 20
-49.621062117111634
 10
138.74357856602253
 20
-49.44941937874781
 10
138.57672222913513
 20
-49.282562117764485
 10
138.5766808851153
 20
-49.28252177326928
 10
137.56755606296414
 20
-48.27339695136382
 10
137.56241379439027
 20
-48.26812689341222
 10
137.5574024129235
 20
-48.262732220790696
 10
137.55252493744487
 20
-48.2572161832768
 10
137.5477843061699
 20
-48.251582103758935
 10
137.5431833748783
 20
-48.245833376234565
 10
137.53872491519405
 20
-48.23997346376569
 10
137.5344116129153
 20
-48.234005896392695
 10
137.5302460663968
 20
-48.22793426900777
 10
137.47627007730338
 20
-48.14715228541704
 10
137.4722550545897
 20
-48.14098066413483
 10
137.4683926955998
 20
-48.134712370932085
 10
137.46468532673234
 20
-48.128351181363854
 10
137.4611351810314
 20
-48.121900926939055
 10
137.45774439684155
 20
-48.11536549281267
 10
137.45451501651974
 20
-48.10874881544562
 10
137.45144898520522
 20
-48.10205488023374
 10
137.44854814964793
 20
-48.09528771910724
 10
137.43223318312016
 20
-48.055899803987124
 10
137.3901822049643
 20
-47.98306617583967
 10
137.31422634052842
 20
-47.85150650325611
 10
137.17054036278302
 20
-47.664248252418574
 10
137.00364917190691
 20
-47.49735706040165
 10
136.81639937894226
 20
-47.35367593680461
 10
136.61200581565342
 20
-47.23566854708995
 10
136.39394231785488
 20
-47.14534256307505
 10
136.2977637315799
 20
-47.11957173515574
 10
136.1659625164192
 20
-47.08425582007583
 10
135.93196001830486
 20
-47.05344887337383
 10
135.6959377372427
 20
-47.0534488725672
 10
135.46193889126428
 20
-47.084254931088154
 10
135.23395715284929
 20
-47.14534167222256
 10
135.07840528926783
 20
-47.209773200023754
 10
135.01589992689472
 20
-47.23566452638715
 10
134.81151130013447
 20
-47.35366698501833
 10
134.62424744894864
 20
-47.49735744061285
 10
134.52845395005178
 20
-47.59315093834787
 10
134.5231838922364
 20
-47.598293206729174
 10
134.51778921975966
 20
-47.60330458801095
 10
134.51227318239881
 20
-47.608182063312434
 10
134.50663910304195
 20
-47.61292269441846
 10
134.50089037568625
 20
-47.61752362554951
 10
134.4950304633934
 20
-47.62198208508199
 10
134.48906289620342
 20
-47.626295387217915
 10
134.48299126900818
 20
-47.630460933602826
 10
134.40220929376662
 20
-47.684436917117694
 10
134.39603762998996
 20
-47.68845196674031
 10
134.38976929299764
 20
-47.692314350537266
 10
134.3834080584227
 20
-47.69602174206319
 10
134.37695775785346
 20
-47.6995719082298
 10
134.37042227652577
 20
-47.702962710651036
 10
134.36380555098282
 20
-47.706192106931034
 10
134.35711156670385
 20
-47.70925815189437
 10
134.35107813974105
 20
-47.711844453352924
 10
134.3526586989192
 20
-47.712986880591004
 10
134.35851838313494
 20
-47.71744521143856
 10
134.36426688961933
 20
-47.722046003354414
 10
134.36990075568778
 20
-47.72678648499415
 10
134.37541658771082
 20
-47.731663800869505
 10
134.38081106315815
 20
-47.7366750130684
 10
134.38608093260018
 20
-47.74181710302464
 10
134.39122302166533
 20
-47.747086973336174
 10
134.39623423295203
 20
-47.75248144963087
 10
134.4011115478947
 20
-47.75799728247862
 10
134.40585202858176
 20
-47.763631149348676
 10
134.41045281952557
 20
-47.769379656611044
 10
134.4149111493823
 20
-47.77523934158064
 10
134.4192243326213
 20
-47.781206674603105
 10
134.42338977114284
 20
-47.787278061180935
 10
134.42740495584303
 20
-47.79344984413867
 10
134.4312674681253
 20
-47.799718305825834
 10
134.4349749813572
 20
-47.80607967035632
 10
134.43852526227178
 20
-47.81253010588282
 10
134.44191617231314
 20
-47.81906572690501
 10
134.44514566892423
 20
-47.825682596610015
 10
134.44821180677752
 20
-47.83237672924381
 10
134.4511127389466
 20
-47.83914409251208
 10
134.45384671801875
 20
-47.8459806100091
 10
134.4564120971476
 20
-47.85288216367328
 10
134.458807331045
 20
-47.85984459626763
 10
134.46103097691193
 20
-47.86686371388401
 10
134.46308169530758
 20
-47.87393528846935
 10
134.4649582509561
 20
-47.88105506037245
 10
134.46665951349078
 20
-47.88821874090986
 10
134.46818445813494
 20
-47.89542201494924
 10
134.46953216631914
 20
-47.90266054350859
 10
134.47070182623452
 20
-47.9099299663699
 10
134.47169273332182
 20
-47.91722590470561
 10
134.47250429069584
 20
-47.924543963716225
 10
134.47313600950483
 20
-47.93187973527759
 10
134.47358750922507
 20
-47.93922880059617
 10
134.4738585178901
 20
-47.94658673287078
 10
134.47394887225448
 20
-47.95394909995908
 10
134.4739488725
 20
-49.753948899713365
 10
134.47385851811816
 20
-49.76131126759424
 10
134.4735875093968
 20
-49.768669200660014
 10
134.47313600958137
 20
-49.77601826676696
 10
134.47250429063854
 20
-49.78335403911245
 10
134.47169273309214
 20
-49.790672098901524
 10
134.4707018257941
 20
-49.797968038008605
 10
134.4695321656299
 20
-49.80523746163279
 10
134.4681844571591
 20
-49.81247599094512
 10
134.46665951219094
 20
-49.819679265726194
 10
134.4649582492952
 20
-49.82684294699263
 10
134.46308169324902
 20
-49.83396271961071
 10
134.46103097441963
 20
-49.84103429489563
 10
134.45880732808334
 20
-49.84805341319487
 10
134.45641209368156
 20
-49.85501584645402
 10
134.45384671401396
 20
-49.86191740076364
 10
134.4511127343693
 20
-49.868753918885474
 10
134.44821180159468
 20
-49.87552128275664
 10
134.44514566310355
 20
-49.88221541597019
 10
134.44191616582307
 20
-49.88883228623058
 10
134.43852525508163
 20
-49.89536790778261
 10
134.4349749734371
 20
-49.901818343812224
 10
134.4312674594464
 20
-49.908179708817954
 10
134.42740494637727
 20
-49.9144481709514
 10
134.4233897608632
 20
-49.92061995432536
 10
134.41922432150176
 20
-49.92669134128831
 10
134.4149111373979
 20
-49.93265867466376
 10
134.41045280665244
 20
-49.93851835995324
 10
134.40585201479712
 20
-49.94426686750142
 10
134.40111153317687
 20
-49.94990073462231
 10
134.39623421728064
 20
-49.95541656768503
 10
134.39122300502106
 20
-49.96081104415798
 10
134.38608091496508
 20
-49.96608091461025
 10
134.38081104451547
 20
-49.97122300466894
 10
134.3754165680451
 20
-49.976234216931275
 10
134.36990073498487
 20
-49.98111153283037
 10
134.36426686786643
 20
-49.98585201445349
 10
134.3585183603206
 20
-49.99045280631179
 10
134.35265867503344
 20
-49.99491113706026
 10
134.3510785093488
 20
-49.996053279637344
 10
134.35711232491113
 20
-49.99863974094024
 10
134.3638063459244
 20
-50.00170579611073
 10
134.37042310753483
 20
-50.00493520432671
 10
134.37695862420063
 20
-50.008326020385695
 10
134.3834089593171
 20
-50.01187620186271
 10
134.3897702275879
 20
-50.01558361034059
 10
134.3960385973651
 20
-50.01944601269803
 10
134.40221029295742
 20
-50.02346108245467
 10
134.4829922682659
 20
-50.07743706584354
 10
134.48906389568847
 20
-50.0816026123754
 10
134.49503146309823
 20
-50.085915914669194
 10
134.5008913756029
 20
-50.09037437437017
 10
134.50664010316206
 20
-50.09497530568005
 10
134.51227418271364
 20
-50.09971593697494
 10
134.5177902202601
 20
-50.10459341247497
 10
134.52318489291306
 20
-50.109604793964664
 10
134.52845495089483
 20
-50.1147470625629
 10
134.6242451353804
 20
-50.21053724698929
 10
134.8254784731935
 20
-50.36494919276205
 10
134.83126415416362
 20
-50.36950258540502
 10
134.83693635220303
 20
-50.37419658777521
 10
134.84249165091532
 20
-50.37902837264895
 10
134.84792670431338
 20
-50.38399502981546
 10
134.8532382388344
 20
-50.38909356782958
 10
134.85842305531168
 20
-50.39432091581362
 10
134.86347803090152
 20
-50.399673925306914
 10
134.8684001209641
 20
-50.405149372162185
 10
134.93245910138776
 20
-50.47819334976728
 10
134.9372456058381
 20
-50.48378825307732
 10
134.94189336166275
 20
-50.48949893899896
 10
134.9463995691788
 20
-50.4953219675687
 10
134.95076151396805
 20
-50.50125383115083
 10
134.9549765685124
 20
-50.50729095655037
 10
134.95904219377638
 20
-50.51342970716547
 10
134.96295594073678
 20
-50.51966638517796
 10
134.96671545185774
 20
-50.52599723378086
 10
134.970318462511
 20
-50.53241843944135
 10
134.97376280233982
 20
-50.53892613419794
 10
134.97704639656664
 20
-50.545516397990475
 10
134.98016726724265
 20
-50.552185261021386
 10
134.9831235344394
 20
-50.55892870614708
 10
134.98591341738097
 20
-50.565742671297684
 10
134.98853523551708
 20
-50.572623051923976
 10
134.990987409535
 20
-50.579565703469854
 10
135.02221739683006
 20
-50.671564665750545
 10
135.02449844644823
 20
-50.67856539603797
 10
135.02660700127797
 20
-50.685619997972005
 10
135.02854179118629
 20
-50.69272422206254
 10
135.03030165071112
 20
-50.699873788928485
 10
135.03188551976353
 20
-50.70706439187557
 10
135.03329244426615
 20
-50.71429169949055
 10
135.03452157672803
 20
-50.72155135825037
 10
135.0355721767549
 20
-50.72883899514454
 10
135.03644361149543
 20
-50.73615022030937
 10
135.0371353560223
 20
-50.74348062967224
 10
135.03764699364845
 20
-50.750825807604556
 10
135.03797821617798
 20
-50.758181329581525
 10
135.03812882409196
 20
-50.765542764847424
 10
135.03809872666847
 20
-50.77290567908452
 10
135.03788794203737
 20
-50.780265637084206
 10
135.03749659716925
 20
-50.7876182054186
 10
135.03114259986612
 20
-50.88456516570806
 10
135.03057092675255
 20
-50.89190595688557
 10
135.0298192714602
 20
-50.8992305073552
 10
135.02888808676985
 20
-50.906534404967644
 10
135.0277779336068
 20
-50.913813250014435
 10
135.02648948070308
 20
-50.921062657878224
 10
135.0250235041946
 20
-50.928278261673974
 10
135.0233808871536
 20
-50.93545571487948
 10
135.02156261905674
 20
-50.942590693953626
 10
135.019569795189
 20
-50.94967890094078
 10
135.01740361598397
 20
-50.956716066059805
 10
135.01506538630073
 20
-50.96369795027605
 10
135.01255651463782
 20
-50.9706203478549
 10
135.0098785122847
 20
-50.97747908889516
 10
135.00703299241158
 20
-50.98427004184097
 10
135.00402166909748
 20
-50.990989115970535
 10
135.0008463562978
 20
-50.997632263860275
 10
134.95787537398562
 20
-51.08476822820602
 10
134.95453812728505
 20
-51.091331175584095
 10
134.95104082750163
 20
-51.09781024867
 10
134.94738558115628
 20
-51.10420154493778
 10
134.9435745899056
 20
-51.1105012147319
 10
134.9396101492156
 20
-51.116705463585966
 10
134.93549464697924
 20
-51.12281055450831
 10
134.93123056207796
 20
-51.12881281023282
 10
134.92682046288874
 20
-51.1347086154339
 10
134.92226700573704
 20
-51.14049441890406
 10
134.91757293329675
 20
-51.1461667356929
 10
134.91274107293827
 20
-51.15172214920622
 10
134.90777433502558
 20
-51.157157313263916
 10
134.902675711163
 20
-51.16246895411547
 10
134.8974482723936
 20
-51.167653872411826
 10
134.89209516734917
 20
-51.172708945132456
 10
134.88661962035377
 20
-51.17763112746643
 10
134.8135756503393
 20
-51.241690101294296
 10
134.8079807470247
 20
-51.24647660575293
 10
134.80227006109817
 20
-51.25112436158567
 10
134.7964470325232
 20
-51.25563056910946
 10
134.79051516893554
 20
-51.25999251390616
 10
134.78447804353016
 20
-51.26420756845763
 10
134.77833929290892
 20
-51.26827319372842
 10
134.77210261489
 20
-51.27218694069529
 10
134.7657717662804
 20
-51.275946451822385
 10
134.759350560613
 20
-51.27954946248138
 10
134.7528428658492
 20
-51.282993802315616
 10
134.74625260204928
 20
-51.28627739654746
 10
134.73958373901073
 20
-51.28939826722813
 10
134.73284029387722
 20
-51.2923545344291
 10
134.7260263287186
 20
-51.29514441737458
 10
134.71914594808413
 20
-51.297766235514146
 10
134.71220329652994
 20
-51.30021840953512
 10
134.62020432785488
 20
-51.331448399000784
 10
134.61341623022133
 20
-51.3336629548984
 10
134.60657735100747
 20
-51.335715333616974
 10
134.5996915642512
 20
-51.33760437254014
 10
134.59276277056222
 20
-51.339329001579046
 10
134.58579489491254
 20
-51.34088824377856
 10
134.57879188441296
 20
-51.34228121587063
 10
134.5717577060773
 20
-51.34350712877471
 10
134.56469634457505
 20
-51.34456528804469
 10
134.5576117999742
 20
-51.345455094262306
 10
134.5505080854754
 20
-51.34617604337669
 10
134.54338922513844
 20
-51.3467277269899
 10
134.51088724149915
 20
-51.348857725974284
 10
134.5043530148541
 20
-51.34921441744535
 10
134.49781256263637
 20
-51.3494285002383
 10
134.4912689968916
 20
-51.3494998724893
 10
132.41106401009617
 20
-51.3494998725
 10
132.40370162772373
 20
-51.34940951776146
 10
132.3963436801926
 20
-51.34913850797229
 10
132.38899459967269
 20
-51.34868700637931
 10
132.3816588129927
 20
-51.34805528495126
 10
132.37434073897367
 20
-51.347243724215005
 10
132.36704478576706
 20
-51.346252813026304
 10
132.3597753481996
 20
-51.345083148275364
 10
132.3525368051259
 20
-51.34373543452727
 10
132.2572488342899
 20
-51.324781440377194
 10
132.2500456934929
 20
-51.32325652257832
 10
132.2428821447281
 20
-51.3215552933964
 10
132.23576250288923
 20
-51.31967877755023
 10
132.22869105642303
 20
-51.31762810534081
 10
132.2216720647463
 20
-51.315404511970534
 10
132.21470975568008
 20
-51.31300933679917
 10
132.20780832290336
 20
-51.3104440225371
 10
132.20097192342678
 20
-51.30771011437633
 10
132.19420467508886
 20
-51.30480925905976
 10
132.18751065407557
 20
-51.301743203889274
 10
132.18089389246515
 20
-51.29851379567328
 10
132.17435837579936
 20
-51.2951229796143
 10
132.16790804068285
 20
-51.29157279813728
 10
132.16154677241207
 20
-51.287865389659395
 10
132.15527840263485
 20
-51.28400298730195
 10
132.14910670704253
 20
-51.27998791754532
 10
132.06832473173407
 20
-51.226011934156446
 10
132.06225310430267
 20
-51.22184638761836
 10
132.05628553688442
 20
-51.217533085317925
 10
132.05042562437154
 20
-51.213074625609885
 10
132.04467689680456
 20
-51.208473694292536
 10
132.03904281724547
 20
-51.20373306298979
 10
132.03352677969187
 20
-51.19885558748152
 10
132.0281321070322
 20
-51.19384420598322
 10
132.02286204904408
 20
-51.18870193737603
 10
130.41129806294276
 20
-49.57713795134246
 10
130.406155794372
 20
-49.571867893393076
 10
130.40114441290825
 20
-49.5664732207739
 10
130.39626693743253
 20
-49.5609571832625
 10
130.3915263061603
 20
-49.555323103747256
 10
130.38692537487134
 20
-49.549574376225635
 10
130.38246691518953
 20
-49.543714463759635
 10
130.37815361291314
 20
-49.53774689638961
 10
130.3739880663968
 20
-49.53167526900778
 10
130.32001208288222
 20
-49.450893293766505
 10
130.31599701311654
 20
-49.444721598180045
 10
130.31213461074995
 20
-49.43845322840845
 10
130.30842720226278
 20
-49.432091960143055
 10
130.30487702077633
 20
-49.42564162503173
 10
130.3014862047078
 20
-49.41910610837087
 10
130.29825679648212
 20
-49.412489346765135
 10
130.29519074130187
 20
-49.4057953257563
 10
130.2922898859754
 20
-49.3990280774226
 10
130.28955597780467
 20
-49.39219167795
 10
130.2869906635325
 20
-49.385290245177
 10
130.28459548835096
 20
-49.37832793611429
 10
130.28237189497045
 20
-49.37130894444075
 10
130.2803212227507
 20
-49.36423749797753
 10
130.27844470689413
 20
-49.35711785614137
 10
130.27674347770176
 20
-49.34995430737906
 10
130.27521855989238
 20
-49.34275116658426
 10
130.25626456560602
 20
-49.24746319578971
 10
130.25491685184073
 20
-49.240224652679906
 10
130.25374718707445
 20
-49.23295521507578
 10
130.25275627587226
 20
-49.22565926183203
 10
130.25194471512438
 20
-49.218341187775415
 10
130.25131299368655
 20
-49.211005401057506
 10
130.25086149208568
 20
-49.20365632049936
 10
130.25059048229053
 20
-49.19629837292979
 10
130.2505001275479
 20
-49.188935990518765
 10
130.2505001275044
 20
-49.08630322057425
 10
130.24648538719345
 20
-49.02846355889132
 10
130.20747595934907
 20
-48.8626018867773
 10
130.14006752429867
 20
-48.70993564724837
 10
130.04575326965644
 20
-48.572254160373944
 10
129.98387418776966
 20
-48.51037507744532
 10
128.96648538662458
 20
-48.510375061171395
 10
128.95354736062302
 20
-48.51649428969259
 10
128.94685323589795
 20
-48.51956042338139
 10
128.94008588072455
 20
-48.52246135178267
 10
128.93324937149373
 20
-48.52519532749021
 10
128.9263478262522
 20
-48.52776070366365
 10
128.84780889366843
 20
-48.55586238311359
 10
128.84084646040935
 20
-48.55825761751903
 10
128.8338273421101
 20
-48.56048126385897
 10
128.82675576682507
 20
-48.56253198269199
 10
128.81963599420678
 20
-48.56440853874175
 10
128.73872080179228
 20
-48.584676739347756
 10
128.73155712052554
 20
-48.586378002247066
 10
128.72435384574405
 20
-48.58790294721877
 10
128.71711531643123
 20
-48.58925065569303
 10
128.70984589280647
 20
-48.590420315860655
 10
128.6273336980965
 20
-48.60265984377125
 10
128.62003775898873
 20
-48.603650751072706
 10
128.61271969919886
 20
-48.60446230862247
 10
128.6053839268525
 20
-48.605094027568626
 10
128.59803486074463
 20
-48.60554552738731
 10
128.51472030128045
 20
-48.6096385092578
 10
128.50736236821365
 20
-48.60990951798239
 10
128.50000000033168
 20
-48.60999987236737
 10
128.49263763244966
 20
-48.60990951798663
 10
128.48527969938272
 20
-48.60963850926629
 10
128.4019651399161
 20
-48.60554552744385
 10
128.39461607380792
 20
-48.60509402762941
 10
128.38728030146123
 20
-48.60446230868748
 10
128.3799622416709
 20
-48.60365075114194
 10
128.37266630256255
 20
-48.6026598438447
 10
128.29015410784578
 20
-48.59042031598174
 10
128.28288468422036
 20
-48.589250655818304
 10
128.27564615490678
 20
-48.58790294734822
 10
128.26844288012444
 20
-48.586378002380684
 10
128.26127919885673
 20
-48.58467673948551
 10
128.18036400643018
 20
-48.56440853892611
 10
128.17324423381078
 20
-48.562531982880444
 10
128.16617265852452
 20
-48.56048126405149
 10
128.15915354022394
 20
-48.55825761771559
 10
128.15219110696344
 20
-48.55586238331415
 10
128.07365217436336
 20
-48.52776070390944
 10
128.06675062005243
 20
-48.525195324242105
 10
128.0599141019293
 20
-48.52246134459765
 10
128.05314673805682
 20
-48.51956041182319
 10
128.046452604842
 20
-48.516494273332164
 10
127.97104630492309
 20
-48.480829749616824
 10
127.96442943466143
 20
-48.4776002523364
 10
127.95789381310814
 20
-48.47420934159498
 10
127.9514433770773
 20
-48.4706590599504
 10
127.94508201207033
 20
-48.46695154595957
 10
127.87353454872216
 20
-48.42406764679328
 10
127.86726608658749
 20
-48.42020513372398
 10
127.86109430321233
 20
-48.41618994820968
 10
127.8550229162482
 20
-48.41202450884797
 10
127.84905558287159
 20
-48.40771132474379
 10
127.78205599727747
 20
-48.35802104551787
 10
127.77619631198685
 20
-48.353562714772025
 10
127.77044780443755
 20
-48.34896192291625
 10
127.76481393731558
 20
-48.34422144129554
 10
127.75929810425181
 20
-48.33934412539875
 10
127.69749163904714
 20
-48.28332601066589
 10
127.69209716257318
 20
-48.27831479840576
 10
127.68682729211992
 20
-48.27317270834916
 10
127.68168520206028
 20
-48.267902837898866
 10
127.67667398979704
 20
-48.26250836142779
 10
127.62065587502859
 20
-48.2007018962555
 10
127.61577855912863
 20
-48.19518606319456
 10
127.61103807750469
 20
-48.18955219607534
 10
127.60643728564561
 20
-48.18380368852871
 10
127.6019789548964
 20
-48.17794400324069
 10
127.55228867563193
 20
-48.11094441767539
 10
127.54797549152431
 20
-48.10497708430127
 10
127.5438100521591
 20
-48.098905697339546
 10
127.53979486664123
 20
-48.092733913966704
 10
127.53593235356833
 20
-48.08646545183427
 10
127.49304845436049
 20
-48.01491798851042
 10
127.48934094036596
 20
-48.00855662350557
 10
127.48579065871765
 20
-48.00210618747673
 10
127.48339336964918
 20
-47.99748566653768
 10
127.46358221291847
 20
-48.06772993467332
 10
127.46149674400193
 20
-48.074791486747486
 10
127.4592386007368
 20
-48.08179973098497
 10
127.45680914339616
 20
-48.08875044572002
 10
127.45420983545024
 20
-48.09563944394185
 10
127.45144224268485
 20
-48.10246257581681
 10
127.44850803225815
 20
-48.10921573118818
 10
127.44540897169638
 20
-48.1158948420521
 10
127.44214692782914
 20
-48.12249588500805
 10
127.43872386566485
 20
-48.129014883682494
 10
127.43514184720702
 20
-48.1354479111242
 10
127.43140303021214
 20
-48.141791092169775
 10
127.42750966688992
 20
-48.14804060577799
 10
127.42346410254655
 20
-48.15419268733155
 10
127.41926877417191
 20
-48.16024363090483
 10
127.41492620897161
 20
-48.16618979149627
 10
127.41043902284459
 20
-48.17202758722407
 10
127.3502900459525
 20
-48.248324558064205
 10
127.34568643903252
 20
-48.254019709653775
 10
127.34094519327259
 20
-48.259600797087764
 10
127.33606913382081
 20
-48.265064494784816
 10
127.33106116615622
 20
-48.27040754711212
 10
127.32592427435748
 20
-48.275626770325395
 10
127.3206615193248
 20
-48.280719054465926
 10
127.31527603695602
 20
-48.28568136521371
 10
127.30977103627806
 20
-48.29051074569548
 10
127.30414979753479
 20
-48.29520431824664
 10
127.29841567023236
 20
-48.29975928612595
 10
127.29257207114344
 20
-48.30417293518198
 10
127.2866224822712
 20
-48.30844263547045
 10
127.2805704487746
 20
-48.312565842821265
 10
127.2744195768558
 20
-48.31654010035452
 10
127.26230248943968
 20
-48.32416129503544
 10
127.26201837046277
 20
-48.32439687393712
 10
127.25623586419934
 20
-48.32895667131234
 10
127.25034317998792
 20
-48.33337316353741
 10
127.24434386844186
 20
-48.33764368947258
 10
127.23824154442237
 20
-48.34176567592949
 10
127.23203988486044
 20
-48.34573663922165
 10
127.22574262654129
 20
-48.34955418666098
 10
127.22172255426167
 20
-48.351858253372235
 10
127.07225328599479
 20
-48.45424760472264
 10
126.95424761512464
 20
-48.572253273605995
 10
126.85993195030365
 20
-48.70993646919826
 10
126.79252368433836
 20
-48.86260006561131
 10
126.75351622666437
 20
-49.02845125063808
 10
126.7494998725835
 20
-49.08630487988555
  0
ENDSEC
  0
SECTION
  2
OBJECTS
  0
DICTIONARY
  5
A
330
0
100
AcDbDictionary
281
1
  3
ACAD_COLOR
350
B
  3
ACAD_GROUP
350
C
  3
ACAD_LAYOUT
350
D
  3
ACAD_MATERIAL
350
E
  3
ACAD_MLEADERSTYLE
350
F
  3
ACAD_MLINESTYLE
350
10
  3
ACAD_PLOTSETTINGS
350
11
  3
ACAD_PLOTSTYLENAME
350
12
  3
ACAD_SCALELIST
350
14
  3
ACAD_TABLESTYLE
350
15
  3
ACAD_VISUALSTYLE
350
16
  0
DICTIONARY
  5
B
330
A
100
AcDbDictionary
281
1
  0
DICTIONARY
  5
C
330
A
100
AcDbDictionary
281
1
  0
DICTIONARY
  5
D
330
A
100
AcDbDictionary
281
1
  3
Model
350
1A
  3
Layout1
350
1E
  0
DICTIONARY
  5
E
330
A
100
AcDbDictionary
281
1
  3
ByBlock
350
1F
  3
ByLayer
350
20
  3
Global
350
21
  0
DICTIONARY
  5
F
330
A
100
AcDbDictionary
281
1
  3
Standard
350
2C
  0
DICTIONARY
  5
10
330
A
100
AcDbDictionary
281
1
  3
Standard
350
22
  0
DICTIONARY
  5
11
330
A
100
AcDbDictionary
281
1
  0
ACDBDICTIONARYWDFLT
  5
12
330
A
100
AcDbDictionary
281
1
  3
Normal
350
13
100
AcDbDictionaryWithDefault
340
13
  0
ACDBPLACEHOLDER
  5
13
330
12
  0
DICTIONARY
  5
14
330
A
100
AcDbDictionary
281
1
  0
DICTIONARY
  5
15
330
A
100
AcDbDictionary
281
1
  0
DICTIONARY
  5
16
330
A
100
AcDbDictionary
281
1
  0
LAYOUT
  5
1A
330
D
100
AcDbPlotSettings
  1

  2
Adobe PDF
  4
A4
  6

 40
3.175
 41
3.175
 42
3.175
 43
3.175
 44
209.91
 45
297.03
 46
0.0
 47
0.0
 48
0.0
 49
0.0
140
0.0
141
0.0
142
1.0
143
1.0
 70
1024
 72
0
 73
1
 74
5
  7

 75
16
 76
0
 77
2
 78
300
147
1.0
148
0.0
149
0.0
100
AcDbLayout
  1
Model
 70
1
 71
0
 10
-3.175
 20
-3.175
 11
293.857
 21
206.735
 12
0.0
 22
0.0
 32
0.0
 14
29.068
 24
20.356
 34
0.0
 15
261.614
 25
183.204
 35
0.0
146
0.0
 13
0.0
 23
0.0
 33
0.0
 16
1.0
 26
0.0
 36
0.0
 17
0.0
 27
1.0
 37
0.0
 76
1
330
17
  0
LAYOUT
  5
1E
330
D
100
AcDbPlotSettings
  1

  2
Adobe PDF
  4
A4
  6

 40
3.175
 41
3.175
 42
3.175
 43
3.175
 44
209.91
 45
297.03
 46
0.0
 47
0.0
 48
0.0
 49
0.0
140
0.0
141
0.0
142
1.0
143
1.0
 70
0
 72
0
 73
1
 74
5
  7

 75
16
 76
0
 77
2
 78
300
147
1.0
148
0.0
149
0.0
100
AcDbLayout
  1
Layout1
 70
1
 71
1
 10
-3.175
 20
-3.175
 11
293.857
 21
206.735
 12
0.0
 22
0.0
 32
0.0
 14
29.068
 24
20.356
 34
0.0
 15
261.614
 25
183.204
 35
0.0
146
0.0
 13
0.0
 23
0.0
 33
0.0
 16
1.0
 26
0.0
 36
0.0
 17
0.0
 27
1.0
 37
0.0
 76
1
330
1B
  0
MATERIAL
  5
1F
102
{ACAD_REACTORS
330
E
102
}
330
E
100
AcDbMaterial
  1
ByBlock
  2

 70
0
 40
1.0
 71
1
 41
1.0
 91
-1023410177
 42
1.0
 72
1
  3

 73
1
 74
1
 75
1
 44
0.5
 73
0
 45
1.0
 46
1.0
 77
1
  4

 78
1
 79
1
170
1
 48
1.0
171
1
  6

172
1
173
1
174
1
140
1.0
141
1.0
175
1
  7

176
1
177
1
178
1
143
1.0
179
1
  8

270
1
271
1
272
1
145
1.0
146
1.0
273
1
  9

274
1
275
1
276
1
 42
1.0
 72
1
  3

 73
1
 74
1
 75
1
 94
63
  0
MATERIAL
  5
20
102
{ACAD_REACTORS
330
E
102
}
330
E
100
AcDbMaterial
  1
ByLayer
  2

 70
0
 40
1.0
 71
1
 41
1.0
 91
-1023410177
 42
1.0
 72
1
  3

 73
1
 74
1
 75
1
 44
0.5
 73
0
 45
1.0
 46
1.0
 77
1
  4

 78
1
 79
1
170
1
 48
1.0
171
1
  6

172
1
173
1
174
1
140
1.0
141
1.0
175
1
  7

176
1
177
1
178
1
143
1.0
179
1
  8

270
1
271
1
272
1
145
1.0
146
1.0
273
1
  9

274
1
275
1
276
1
 42
1.0
 72
1
  3

 73
1
 74
1
 75
1
 94
63
  0
MATERIAL
  5
21
102
{ACAD_REACTORS
330
E
102
}
330
E
100
AcDbMaterial
  1
Global
  2

 70
0
 40
1.0
 71
1
 41
1.0
 91
-1023410177
 42
1.0
 72
1
  3

 73
1
 74
1
 75
1
 44
0.5
 73
0
 45
1.0
 46
1.0
 77
1
  4

 78
1
 79
1
170
1
 48
1.0
171
1
  6

172
1
173
1
174
1
140
1.0
141
1.0
175
1
  7

176
1
177
1
178
1
143
1.0
179
1
  8

270
1
271
1
272
1
145
1.0
146
1.0
273
1
  9

274
1
275
1
276
1
 42
1.0
 72
1
  3

 73
1
 74
1
 75
1
 94
63
  0
MLINESTYLE
  5
22
102
{ACAD_REACTORS
330
10
102
}
330
10
100
AcDbMlineStyle
  2
Standard
 70
0
  3

 62
256
 51
90.0
 52
90.0
 71
2
 49
0.5
 62
256
  6
BYLAYER
 49
-0.5
 62
256
  6
BYLAYER
  0
MLEADERSTYLE
  5
2C
102
{ACAD_REACTORS
330
F
102
}
330
F
100
AcDbMLeaderStyle
179
2
170
2
171
1
172
0
 90
2
 40
0.0
 41
0.0
173
1
 91
-1056964608
 92
-2
290
1
 42
2.0
291
1
 43
8.0
  3
Standard
 44
4.0
300

342
29
174
1
175
1
176
0
178
1
 93
-1056964608
 45
4.0
292
0
297
0
 46
4.0
 94
-1056964608
 47
1.0
 49
0.0
140
1.0
294
1
141
0.0
177
0
142
1.0
295
0
296
0
143
3.75
271
0
272
9
272
9
  0
ENDSEC
  0
EOF
