received_at,sequence,millis,gain,integration_time,pwm_percent,pwm_raw,page,415,445,480,515,555,590,630,680,nir,clear
2026-09-21T19:55:09.527208+00:00,3,2112,128x,300ms,25,64,0,19,173,138,367,142,42,21,15,8,490
2026-09-21T19:55:10.246041+00:00,4,2826,128x,300ms,25,64,0,19,173,138,367,142,43,21,15,8,489
2026-09-21T19:55:10.966806+00:00,5,3539,128x,300ms,25,64,0,20,172,138,367,142,43,21,15,8,490
2026-09-21T19:55:11.686048+00:00,6,4254,128x,300ms,25,64,1,19,173,138,367,142,43,21,15,8,490
2026-09-21T19:55:12.398143+00:00,7,4968,128x,300ms,25,64,1,19,173,138,367,142,43,21,15,8,490
2026-09-21T19:55:13.118549+00:00,8,5682,128x,300ms,25,64,1,19,173,138,367,142,43,21,14,8,489
2026-09-21T19:55:13.838106+00:00,9,6394,128x,300ms,25,64,1,19,173,138,367,142,43,21,14,8,489
2026-09-21T19:55:14.558619+00:00,10,7108,128x,300ms,25,64,1,19,173,138,367,142,43,21,15,9,489
2026-09-21T19:55:15.277974+00:00,11,7822,128x,300ms,25,64,0,19,173,138,367,142,43,21,14,9,490
2026-09-21T19:55:15.990092+00:00,12,8536,128x,300ms,25,64,0,19,173,138,367,142,42,21,15,8,490
2026-09-21T19:55:16.711006+00:00,13,9250,128x,300ms,25,64,0,19,173,138,367,142,43,21,14,8,490
2026-09-21T19:55:17.430126+00:00,14,9964,128x,300ms,25,64,0,19,173,138,367,142,43,21,15,9,490
2026-09-21T19:55:18.150120+00:00,15,10679,128x,300ms,25,64,0,20,173,138,367,142,43,21,14,8,490
2026-09-21T19:55:18.862770+00:00,16,11394,128x,300ms,25,64,1,19,173,137,367,142,43,21,14,8,490
2026-09-21T19:55:19.583646+00:00,17,12107,128x,300ms,25,64,1,19,173,138,367,142,43,21,15,9,489
2026-09-21T19:55:20.303185+00:00,18,12820,128x,300ms,25,64,1,19,173,138,367,142,43,21,15,9,489
2026-09-21T19:55:21.021885+00:00,19,13534,128x,300ms,25,64,1,19,173,138,367,142,42,21,15,8,490
2026-09-21T19:55:21.743514+00:00,20,14247,128x,300ms,25,64,1,19,173,138,367,142,43,21,15,8,490
2026-09-21T19:55:22.455660+00:00,21,14961,128x,300ms,25,64,0,19,173,138,367,142,43,21,14,8,490
2026-09-21T19:55:23.174812+00:00,22,15676,128x,300ms,25,64,0,19,173,138,367,142,43,21,15,8,490
2026-09-21T19:55:23.895108+00:00,23,16391,128x,300ms,25,64,0,19,173,138,367,142,43,21,15,8,489
2026-09-21T19:55:24.614430+00:00,24,17104,128x,300ms,25,64,0,19,173,138,367,142,43,21,14,8,489
2026-09-21T19:55:25.335186+00:00,25,17819,128x,300ms,25,64,0,19,173,138,367,142,43,21,14,8,490
2026-09-21T19:55:26.046369+00:00,26,18533,128x,300ms,25,64,1,19,173,138,367,142,42,21,15,9,490
2026-09-21T19:55:26.766513+00:00,27,19247,128x,300ms,25,64,1,19,173,138,367,142,42,21,14,8,489
2026-09-21T19:55:27.486429+00:00,28,19960,128x,300ms,25,64,1,20,173,138,367,142,42,21,14,8,489
2026-09-21T19:55:28.206059+00:00,29,20674,128x,300ms,25,64,1,19,173,138,367,142,42,21,14,9,489
2026-09-21T19:55:28.925881+00:00,30,21389,128x,300ms,25,64,1,19,173,138,367,142,43,21,14,9,490
2026-09-21T19:55:29.646174+00:00,31,22104,128x,300ms,25,64,0,19,173,138,367,142,43,21,15,8,489
2026-09-21T19:55:30.358627+00:00,32,22817,128x,300ms,25,64,0,19,173,138,367,142,43,21,15,8,489
2026-09-21T19:55:31.079173+00:00,33,23532,128x,300ms,25,64,0,19,173,138,367,142,43,21,14,8,489
2026-09-21T19:55:31.798468+00:00,34,24246,128x,300ms,25,64,0,19,173,138,367,142,43,21,15,8,489
2026-09-21T19:55:32.518930+00:00,35,24961,128x,300ms,25,64,0,20,173,138,367,142,43,21,15,8,489
2026-09-21T19:55:33.238557+00:00,36,25675,128x,300ms,25,64,1,19,173,138,367,142,43,21,14,8,490
2026-09-21T19:55:33.950828+00:00,37,26389,128x,300ms,25,64,1,19,173,138,367,142,43,21,14,8,490
2026-09-21T19:55:34.670717+00:00,38,27103,128x,300ms,25,64,1,19,173,138,367,142,43,21,14,8,489
2026-09-21T19:55:35.390730+00:00,39,27815,128x,300ms,25,64,1,19,172,138,367,142,43,21,15,8,490
2026-09-21T19:55:36.110005+00:00,40,28530,128x,300ms,25,64,1,19,173,138,367,142,42,21,15,9,490
2026-09-21T19:55:36.830123+00:00,41,29244,128x,300ms,25,64,0,19,173,138,367,142,43,21,15,9,490
2026-09-21T19:55:37.550442+00:00,42,29958,128x,300ms,25,64,0,19,173,138,367,142,43,21,15,8,490
2026-09-21T19:55:38.262492+00:00,43,30672,128x,300ms,25,64,0,19,173,138,367,142,43,21,15,9,490
2026-09-21T19:55:38.982499+00:00,44,31386,128x,300ms,25,64,0,20,173,138,367,142,43,21,14,8,489
2026-09-21T19:55:39.703498+00:00,45,32101,128x,300ms,25,64,0,19,173,138,367,142,43,21,14,8,489
2026-09-21T19:55:40.422579+00:00,46,32816,128x,300ms,25,64,1,19,173,138,367,142,42,21,15,8,490
2026-09-21T19:55:41.134702+00:00,47,33529,128x,300ms,25,64,1,20,173,138,367,142,43,21,14,9,489
2026-09-21T19:55:41.854338+00:00,48,34243,128x,300ms,25,64,1,19,173,138,367,142,42,21,14,8,490
2026-09-21T19:55:42.574206+00:00,49,34957,128x,300ms,25,64,1,19,173,138,367,142,43,21,14,8,489
2026-09-21T19:55:43.294405+00:00,50,35671,128x,300ms,25,64,1,20,172,138,367,142,43,21,14,8,489
2026-09-21T19:55:44.014469+00:00,51,36384,128x,300ms,25,64,0,20,173,138,367,142,43,21,15,9,489
2026-09-21T19:55:44.727378+00:00,52,37099,128x,300ms,25,64,0,20,173,138,367,142,43,21,15,9,489
2026-09-21T19:55:45.445858+00:00,53,37813,128x,300ms,25,64,0,20,173,138,367,142,43,21,14,8,490
2026-09-21T19:55:46.166665+00:00,54,38528,128x,300ms,25,64,0,20,173,138,367,142,43,21,14,9,490
2026-09-21T19:55:46.887064+00:00,55,39242,128x,300ms,25,64,0,19,173,138,367,142,43,21,15,8,490
2026-09-21T19:55:47.606140+00:00,56,39957,128x,300ms,25,64,1,19,173,138,367,142,43,21,15,8,489
2026-09-21T19:55:48.318289+00:00,57,40670,128x,300ms,25,64,1,19,173,138,367,142,43,21,14,8,489
2026-09-21T19:55:49.037939+00:00,58,41384,128x,300ms,25,64,1,19,173,138,367,142,43,21,14,8,490
2026-09-21T19:55:49.757887+00:00,59,42097,128x,300ms,25,64,1,19,173,138,367,142,42,21,14,9,489
2026-09-21T19:55:50.478321+00:00,60,42811,128x,300ms,25,64,1,20,173,138,367,142,43,21,15,8,490
2026-09-21T19:55:51.198780+00:00,61,43526,128x,300ms,25,64,0,19,173,138,367,142,43,21,15,9,490
2026-09-21T19:55:51.918122+00:00,62,44239,128x,300ms,25,64,0,19,172,138,367,142,43,21,15,9,490
2026-09-21T19:55:52.630080+00:00,63,44954,128x,300ms,25,64,0,19,173,138,367,142,43,21,14,8,490
2026-09-21T19:55:53.350382+00:00,64,45668,128x,300ms,25,64,0,19,173,138,367,142,43,21,15,8,490
2026-09-21T19:55:54.069875+00:00,65,46383,128x,300ms,25,64,0,20,173,137,367,142,43,21,14,8,489
2026-09-21T19:55:54.790554+00:00,66,47096,128x,300ms,25,64,1,19,173,138,367,142,43,21,15,8,489
2026-09-21T19:55:55.502895+00:00,67,47810,128x,300ms,25,64,1,19,173,138,367,142,43,21,15,8,489
2026-09-21T19:55:56.222119+00:00,68,48524,128x,300ms,25,64,1,19,173,138,367,142,43,21,15,8,490
2026-09-21T19:55:56.942306+00:00,69,49238,128x,300ms,25,64,1,19,173,138,367,142,43,21,14,9,490
2026-09-21T19:55:57.661977+00:00,70,49951,128x,300ms,25,64,1,19,173,138,367,142,43,21,15,8,490
2026-09-21T19:55:58.382543+00:00,71,50665,128x,300ms,25,64,0,19,173,138,367,142,43,21,15,8,489
2026-09-21T19:55:59.103434+00:00,72,51380,128x,300ms,25,64,0,19,172,138,367,142,43,21,15,8,490
2026-09-21T19:55:59.813876+00:00,73,52094,128x,300ms,25,64,0,19,173,138,367,142,43,21,15,8,489
2026-09-21T19:56:00.533888+00:00,74,52808,128x,300ms,25,64,0,19,173,138,367,142,43,21,14,9,489
2026-09-21T19:56:01.254179+00:00,75,53523,128x,300ms,25,64,0,20,173,138,367,142,43,21,15,8,489
2026-09-21T19:56:01.976338+00:00,76,54238,128x,300ms,25,64,1,20,173,138,367,142,43,21,15,8,489
2026-09-21T19:56:02.687164+00:00,77,54950,128x,300ms,25,64,1,19,173,138,367,142,43,21,14,8,489
2026-09-21T19:56:03.405821+00:00,78,55664,128x,300ms,25,64,1,19,173,138,367,142,43,21,15,8,490
2026-09-21T19:56:04.125803+00:00,79,56379,128x,300ms,25,64,1,20,173,138,367,142,43,21,15,8,489
2026-09-21T19:56:04.846900+00:00,80,57092,128x,300ms,25,64,1,20,173,138,367,142,43,21,15,8,490
2026-09-21T19:56:05.566397+00:00,81,57805,128x,300ms,25,64,0,20,173,138,367,142,43,21,15,8,490
2026-09-21T19:56:06.286792+00:00,82,58520,128x,300ms,25,64,0,19,173,138,367,142,43,21,15,8,489
2026-09-21T19:56:06.998501+00:00,83,59235,128x,300ms,25,64,0,19,173,138,367,142,42,21,15,8,489
2026-09-21T19:56:07.718390+00:00,84,59949,128x,300ms,25,64,0,19,173,138,367,142,43,21,15,8,489
2026-09-21T19:56:08.438755+00:00,85,60663,128x,300ms,25,64,0,19,173,138,367,142,42,21,14,9,489
2026-09-21T19:56:09.158286+00:00,86,61378,128x,300ms,25,64,1,19,173,138,367,142,43,21,15,9,489
2026-09-21T19:56:09.871499+00:00,87,62092,128x,300ms,25,64,1,19,173,138,367,142,42,21,14,8,489
2026-09-21T19:56:10.590134+00:00,88,62806,128x,300ms,25,64,1,20,173,138,367,142,43,21,15,9,489
2026-09-21T19:56:11.315802+00:00,89,63519,128x,300ms,25,64,1,19,173,138,367,142,43,21,14,8,489
2026-09-21T19:56:12.029793+00:00,90,64232,128x,300ms,25,64,1,19,173,137,367,142,42,21,14,8,489
2026-09-21T19:56:12.749898+00:00,91,64947,128x,300ms,25,64,0,19,173,138,367,142,42,21,15,8,489
2026-09-21T19:56:13.470419+00:00,92,65660,128x,300ms,25,64,0,19,173,138,367,142,43,21,15,8,490
2026-09-21T19:56:14.182366+00:00,93,66375,128x,300ms,25,64,0,19,172,138,367,142,43,21,14,8,489
2026-09-21T19:56:14.902198+00:00,94,67090,128x,300ms,25,64,0,19,173,138,367,142,43,21,14,8,489
2026-09-21T19:56:15.621965+00:00,95,67804,128x,300ms,25,64,0,19,173,138,367,142,43,21,14,8,490
2026-09-21T19:56:15.655625+00:00,96,68518,128x,300ms,25,64,1,20,173,138,367,142,43,21,15,8,490
2026-09-21T19:56:16.374202+00:00,97,69232,128x,300ms,25,64,1,19,173,138,367,142,43,21,15,9,490
2026-09-21T19:56:17.806291+00:00,98,69981,32x,300ms,25,64,1,5,44,35,93,36,11,5,4,2,123
2026-09-21T19:56:17.838372+00:00,99,70692,32x,300ms,25,64,1,5,44,35,93,36,11,5,4,2,123
2026-09-21T19:56:18.559816+00:00,100,71403,32x,300ms,25,64,1,5,44,35,93,36,11,5,4,2,123
2026-09-21T19:56:19.309986+00:00,101,72150,64x,300ms,25,64,0,9,86,68,183,71,21,10,7,4,244
2026-09-21T19:56:20.022394+00:00,102,72862,64x,300ms,25,64,0,9,86,69,184,71,20,10,7,4,244
2026-09-21T19:56:20.742528+00:00,103,73578,64x,300ms,25,64,0,9,86,69,184,71,21,10,7,4,244
2026-09-21T19:56:22.142322+00:00,104,74294,64x,300ms,25,64,0,9,86,68,183,71,21,10,7,4,244
2026-09-21T19:56:22.864875+00:00,105,75006,64x,300ms,25,64,0,9,86,69,184,71,21,10,7,4,244
2026-09-21T19:56:23.583146+00:00,106,75718,64x,300ms,25,64,1,9,86,68,183,71,21,10,7,4,243
2026-09-21T19:56:23.612035+00:00,107,76430,64x,300ms,25,64,1,9,86,68,184,71,21,10,7,4,244
2026-09-21T19:56:24.327120+00:00,108,77143,64x,300ms,25,64,1,9,86,68,183,71,21,10,7,3,244
2026-09-21T19:56:24.854151+00:00,109,77858,64x,300ms,25,64,1,9,86,68,184,71,21,10,7,4,244
2026-09-21T19:56:25.887596+00:00,110,78407,64x,200ms,25,64,1,6,57,46,123,47,14,7,5,2,162
2026-09-21T19:56:26.398616+00:00,111,78920,64x,200ms,25,64,0,6,57,46,122,47,14,7,5,2,163
2026-09-21T19:56:26.918244+00:00,112,79433,64x,200ms,25,64,0,6,57,46,122,47,14,7,5,2,163
2026-09-21T19:56:27.430103+00:00,113,79946,64x,200ms,25,64,0,6,57,46,122,47,14,7,5,2,163
2026-09-21T19:56:27.950180+00:00,114,80459,64x,200ms,25,64,0,6,57,46,122,47,14,7,5,2,162
2026-09-21T19:56:28.462413+00:00,115,80971,64x,200ms,25,64,0,6,57,46,122,47,14,7,5,2,162
2026-09-21T19:56:28.982086+00:00,116,81484,64x,200ms,25,64,0,6,57,46,122,47,14,7,5,2,162
2026-09-21T19:56:29.494535+00:00,117,81997,64x,200ms,25,64,1,6,57,46,122,47,14,7,5,2,162
2026-09-21T19:56:30.014605+00:00,118,82510,64x,200ms,25,64,1,6,57,46,122,47,14,7,5,2,163
2026-09-21T19:56:30.526088+00:00,119,83023,64x,200ms,25,64,1,6,57,46,122,47,14,7,5,2,162
2026-09-21T19:56:31.046699+00:00,120,83535,64x,200ms,25,64,1,6,57,46,122,47,14,6,5,2,162
2026-09-21T19:56:31.558487+00:00,121,84048,64x,200ms,25,64,1,6,57,45,122,47,14,7,5,2,162
2026-09-21T19:56:31.598267+00:00,122,84560,64x,200ms,25,64,1,6,57,46,122,47,14,7,5,2,162
2026-09-21T19:56:32.110679+00:00,123,85073,64x,200ms,25,64,0,6,57,46,122,47,14,7,5,2,163
2026-09-21T19:56:33.110487+00:00,124,85590,64x,200ms,25,64,0,6,57,46,123,47,14,7,5,2,162
2026-09-21T19:56:33.630411+00:00,125,86103,64x,200ms,25,64,0,6,57,46,122,47,14,7,5,2,162
2026-09-21T19:56:34.142784+00:00,126,86616,64x,200ms,25,64,0,6,57,46,122,47,14,7,5,2,162
2026-09-21T19:56:34.662624+00:00,127,87129,64x,200ms,25,64,0,6,57,46,122,47,14,7,5,2,163
2026-09-21T19:56:35.174480+00:00,128,87642,64x,200ms,25,64,0,6,57,46,122,47,14,7,5,2,162
2026-09-21T19:56:35.686932+00:00,129,88155,64x,200ms,25,64,1,6,57,46,122,47,14,7,5,2,162
2026-09-21T19:56:36.208656+00:00,130,88668,64x,200ms,25,64,1,6,57,46,122,47,14,7,5,2,162
2026-09-21T19:56:36.718401+00:00,131,89180,64x,200ms,25,64,1,6,57,46,122,47,14,7,5,2,162
2026-09-21T19:56:37.239106+00:00,132,89693,64x,200ms,25,64,1,6,57,45,123,47,14,7,5,2,162
2026-09-21T19:56:37.750449+00:00,133,90205,64x,200ms,25,64,1,6,57,46,122,47,14,7,5,2,163
2026-09-21T19:56:38.270919+00:00,134,90718,64x,200ms,25,64,1,6,57,46,123,47,13,7,5,2,162
2026-09-21T19:56:38.782646+00:00,135,91231,64x,200ms,25,64,0,6,57,46,122,47,14,7,5,2,162
2026-09-21T19:56:39.302159+00:00,136,91744,64x,200ms,25,64,0,6,57,46,122,47,14,7,5,2,162
2026-09-21T19:56:39.814984+00:00,137,92256,64x,200ms,25,64,0,6,57,46,122,47,14,7,5,2,163
2026-09-21T19:56:40.334698+00:00,138,92770,64x,200ms,25,64,0,6,57,46,123,47,14,7,5,2,162
2026-09-21T19:56:40.846385+00:00,139,93282,64x,200ms,25,64,0,6,57,46,122,47,14,7,5,2,162
2026-09-21T19:56:40.887188+00:00,140,93795,64x,200ms,25,64,0,6,57,46,122,47,14,7,5,3,163
2026-09-21T19:56:41.601805+00:00,141,94308,64x,200ms,25,64,1,6,57,46,122,47,14,7,5,2,163
2026-09-21T19:56:43.038916+00:00,142,95055,64x,300ms,25,64,1,9,86,68,183,71,21,10,7,3,244
2026-09-21T19:56:43.750334+00:00,143,95768,64x,300ms,25,64,1,9,86,68,183,71,21,10,7,3,244
2026-09-21T19:56:44.471047+00:00,144,96480,64x,300ms,25,64,1,9,85,68,184,70,21,10,7,3,243
2026-09-21T19:56:45.190210+00:00,145,97191,64x,300ms,25,64,1,9,86,69,184,71,20,10,7,4,244
2026-09-21T19:56:45.902255+00:00,146,97904,64x,300ms,25,64,0,9,86,68,183,71,20,10,7,3,244
2026-09-21T19:56:46.616235+00:00,147,98616,64x,300ms,25,64,0,9,86,68,183,71,21,10,7,4,244
2026-09-21T19:56:47.335008+00:00,148,99329,64x,300ms,25,64,0,9,86,68,183,71,20,10,7,4,244
2026-09-21T19:56:48.046444+00:00,149,100040,64x,300ms,25,64,0,9,86,68,183,71,20,10,7,4,244
2026-09-21T19:56:48.767144+00:00,150,100753,64x,300ms,25,64,0,9,86,68,184,70,20,10,7,3,244
2026-09-21T19:56:49.480555+00:00,151,101465,64x,300ms,25,64,1,9,86,68,184,71,21,10,7,3,244
2026-09-21T19:56:50.198770+00:00,152,102177,64x,300ms,25,64,1,9,86,68,184,71,21,10,7,3,244
2026-09-21T19:56:50.918579+00:00,153,102889,64x,300ms,25,64,1,9,86,68,183,70,21,10,7,3,244
2026-09-21T19:56:51.639451+00:00,154,103602,64x,300ms,25,64,1,9,86,68,183,71,21,10,7,3,244
2026-09-21T19:56:52.351096+00:00,155,104313,64x,300ms,25,64,1,9,85,69,184,71,21,10,7,4,244
2026-09-21T19:56:53.063424+00:00,156,105026,64x,300ms,25,64,0,9,85,68,184,71,21,10,7,4,244
2026-09-21T19:56:53.783124+00:00,157,105738,64x,300ms,25,64,0,9,86,68,184,71,21,10,7,4,244
2026-09-21T19:56:54.504542+00:00,158,106450,64x,300ms,25,64,0,9,86,68,184,71,20,10,7,3,244
2026-09-21T19:56:55.215262+00:00,159,107164,64x,300ms,25,64,0,9,86,68,184,71,20,10,7,4,244
2026-09-21T19:56:55.934319+00:00,160,107876,64x,300ms,25,64,0,9,86,68,184,71,21,10,7,4,244
2026-09-21T19:56:56.646371+00:00,161,108589,64x,300ms,25,64,1,9,86,68,184,71,21,10,7,3,244
2026-09-21T19:56:57.367273+00:00,162,109300,64x,300ms,25,64,1,9,86,69,184,71,21,10,7,4,244
2026-09-21T19:56:58.079274+00:00,163,110013,64x,300ms,25,64,1,9,86,68,184,70,21,10,7,4,244
2026-09-21T19:56:58.798440+00:00,164,110725,64x,300ms,25,64,1,9,86,68,184,70,21,10,7,3,244
2026-09-21T19:56:59.518732+00:00,165,111436,64x,300ms,25,64,1,9,85,68,184,71,21,10,7,4,244
2026-09-21T19:57:00.231329+00:00,166,112149,64x,300ms,25,64,0,9,86,68,183,70,21,10,7,3,244
2026-09-21T19:57:00.951787+00:00,167,112862,64x,300ms,25,64,0,9,85,69,184,71,21,10,7,4,244
2026-09-21T19:57:01.663218+00:00,168,113573,64x,300ms,25,64,0,9,85,69,184,70,21,10,7,3,242
2026-09-21T19:57:02.382826+00:00,169,114286,64x,300ms,25,64,0,9,98,74,184,71,21,10,8,3,256
2026-09-21T19:57:03.104113+00:00,170,114998,64x,300ms,25,64,0,10,112,80,190,71,21,11,8,4,258
2026-09-21T19:57:03.814566+00:00,171,115712,64x,300ms,25,64,1,10,111,80,191,72,21,11,8,4,284
2026-09-21T19:57:04.534936+00:00,172,116423,64x,300ms,25,64,1,13,161,95,190,72,22,12,10,4,320
2026-09-21T19:57:05.254749+00:00,173,117137,64x,300ms,25,64,1,13,161,95,188,73,22,12,10,4,322
2026-09-21T19:57:05.966465+00:00,174,117850,64x,300ms,25,64,1,13,160,94,187,62,19,10,8,3,287
2026-09-21T19:57:06.687820+00:00,175,118562,64x,300ms,25,64,1,12,150,88,173,66,20,11,9,4,306
2026-09-21T19:57:07.399258+00:00,176,119275,64x,300ms,25,64,0,9,95,60,152,55,16,8,6,2,205
2026-09-21T19:57:08.110917+00:00,177,119988,64x,300ms,25,64,0,0,0,0,4,4,0,0,0,0,8
2026-09-21T19:57:08.822565+00:00,178,120697,64x,300ms,25,64,0,0,0,0,3,3,0,0,0,0,8
2026-09-21T19:57:09.542928+00:00,179,121407,64x,300ms,25,64,0,0,0,0,4,3,0,0,0,0,7
2026-09-21T19:57:10.256222+00:00,180,122117,64x,300ms,25,64,0,0,0,0,3,3,0,0,0,0,7
2026-09-21T19:57:10.968145+00:00,181,122826,64x,300ms,25,64,1,0,0,0,3,3,0,0,0,0,7
2026-09-21T19:57:11.686569+00:00,182,123536,64x,300ms,25,64,1,0,0,0,4,3,0,0,0,0,7
2026-09-21T19:57:12.399047+00:00,183,124247,64x,300ms,25,64,1,0,0,0,3,3,0,0,0,0,7
2026-09-21T19:57:13.110746+00:00,184,124956,64x,300ms,25,64,1,0,0,0,3,3,0,0,0,0,7
2026-09-21T19:57:13.823504+00:00,185,125667,64x,300ms,25,64,1,0,0,0,3,3,0,0,0,0,7
2026-09-21T19:57:14.543333+00:00,186,126376,64x,300ms,25,64,0,0,0,0,4,3,0,0,0,0,7
2026-09-21T19:57:15.252338+00:00,187,127086,64x,300ms,25,64,0,0,0,0,3,3,0,0,0,0,7
2026-09-21T19:57:15.967088+00:00,188,127796,64x,300ms,25,64,0,0,0,0,4,3,0,0,0,0,7
2026-09-21T19:57:16.681769+00:00,189,128505,64x,300ms,25,64,0,0,0,0,3,3,0,0,0,0,7
2026-09-21T19:57:17.393274+00:00,190,129215,64x,300ms,25,64,0,0,0,0,3,3,0,0,0,0,7
2026-09-21T19:57:18.111589+00:00,191,129925,64x,300ms,25,64,1,0,0,0,3,3,0,0,0,0,7
2026-09-21T19:57:18.823243+00:00,192,130635,64x,300ms,25,64,1,0,0,0,3,3,0,0,0,0,7
2026-09-21T19:57:19.543591+00:00,193,131345,64x,300ms,25,64,1,0,0,0,4,3,0,0,0,0,7
2026-09-21T19:57:20.256690+00:00,194,132055,64x,300ms,25,64,1,0,0,0,4,3,0,0,0,0,7
2026-09-21T19:57:20.967257+00:00,195,132765,64x,300ms,25,64,1,0,0,0,3,3,0,0,0,0,7
2026-09-21T19:57:21.679784+00:00,196,133475,64x,300ms,25,64,0,0,0,0,3,3,0,0,0,0,7
2026-09-21T19:57:22.399296+00:00,197,134184,64x,300ms,25,64,0,0,0,0,4,3,0,0,0,0,7
2026-09-21T19:57:23.111529+00:00,198,134894,64x,300ms,25,64,0,0,0,0,3,3,0,0,0,0,7
2026-09-21T19:57:23.823158+00:00,199,135604,64x,300ms,25,64,0,0,0,0,4,3,0,0,0,0,7
2026-09-21T19:57:24.534896+00:00,200,136313,64x,300ms,25,64,0,0,0,0,4,3,0,0,0,0,7
2026-09-21T19:57:25.256392+00:00,201,137023,64x,300ms,25,64,1,0,0,0,3,3,0,0,0,0,7
2026-09-21T19:57:25.967083+00:00,202,137734,64x,300ms,25,64,1,0,0,0,3,3,0,0,0,0,7
2026-09-21T19:57:26.678717+00:00,203,138443,64x,300ms,25,64,1,0,0,0,3,3,0,0,0,0,7
2026-09-21T19:57:27.399421+00:00,204,139154,64x,300ms,25,64,1,0,0,0,3,3,0,0,0,0,7
2026-09-21T19:57:28.110872+00:00,205,139864,64x,300ms,25,64,1,0,0,0,3,3,0,0,0,0,7
2026-09-21T19:57:28.823888+00:00,206,140573,64x,300ms,25,64,0,0,0,0,4,3,0,0,0,0,7
2026-09-21T19:57:29.535092+00:00,207,141283,64x,300ms,25,64,0,0,0,0,3,3,0,0,0,0,7
2026-09-21T19:57:30.256248+00:00,208,141992,64x,300ms,25,64,0,0,0,0,4,3,0,0,0,0,7
2026-09-21T19:57:30.967031+00:00,209,142702,64x,300ms,25,64,0,0,0,0,4,3,0,0,0,0,7
2026-09-21T19:57:31.679838+00:00,210,143412,64x,300ms,25,64,0,0,0,0,3,3,0,0,0,0,7
2026-09-21T19:57:32.399385+00:00,211,144121,64x,300ms,25,64,1,0,0,0,3,3,0,0,0,0,7
2026-09-21T19:57:33.111134+00:00,212,144832,64x,300ms,25,64,1,0,0,0,3,3,0,0,0,0,7
2026-09-21T19:57:33.143638+00:00,213,145542,64x,300ms,25,64,1,0,0,0,3,3,0,0,0,0,7
2026-09-21T19:57:33.856628+00:00,214,146252,64x,300ms,25,64,1,0,0,0,3,3,0,0,0,0,7
2026-09-21T19:57:34.607548+00:00,215,146998,64x,300ms,24,61,1,0,0,0,3,3,0,0,0,0,7
2026-09-21T19:57:35.358837+00:00,216,147742,64x,300ms,24,61,0,0,0,0,3,3,0,0,0,0,7
2026-09-21T19:57:36.079853+00:00,217,148456,64x,300ms,24,61,0,0,0,0,3,3,0,0,0,0,7
2026-09-21T19:57:36.791834+00:00,218,149166,64x,300ms,24,61,0,0,0,0,3,3,0,0,0,0,7
2026-09-21T19:57:37.504680+00:00,219,149879,64x,300ms,24,61,0,0,0,0,4,3,0,0,0,0,7
2026-09-21T19:57:38.223502+00:00,220,150592,64x,300ms,24,61,0,0,0,0,4,3,0,0,0,0,7
2026-09-21T19:57:38.975887+00:00,221,151337,64x,300ms,23,59,1,0,0,0,3,3,0,0,0,0,7
2026-09-21T19:57:39.727267+00:00,222,152083,64x,300ms,23,59,1,0,0,0,3,3,0,0,0,0,7
2026-09-21T19:57:41.151714+00:00,223,152827,64x,300ms,22,56,1,0,0,0,4,3,0,0,0,0,7
2026-09-21T19:57:41.871838+00:00,224,153538,64x,300ms,22,56,1,0,0,0,3,3,0,0,0,0,7
2026-09-21T19:57:42.583848+00:00,225,154248,64x,300ms,22,56,1,0,0,0,3,3,0,0,0,0,7
2026-09-21T19:57:43.295261+00:00,226,154958,64x,300ms,22,56,0,0,0,0,3,3,0,0,0,0,7
2026-09-21T19:57:44.007838+00:00,227,155668,64x,300ms,22,56,0,0,0,0,4,3,0,0,0,0,7
2026-09-21T19:57:44.727387+00:00,228,156378,64x,300ms,22,56,0,0,0,0,3,3,0,0,0,0,7
2026-09-21T19:57:45.440351+00:00,229,157087,64x,300ms,22,56,0,0,0,0,3,3,0,0,0,0,7
2026-09-21T19:57:46.151370+00:00,230,157797,64x,300ms,22,56,0,0,0,0,3,3,0,0,0,0,7
2026-09-21T19:57:46.191766+00:00,231,158507,64x,300ms,22,56,1,0,0,0,3,3,0,0,0,0,7
2026-09-21T19:57:46.904481+00:00,232,159216,64x,300ms,22,56,1,0,0,0,3,3,0,0,0,0,7
2026-09-21T19:57:47.655110+00:00,233,159962,64x,300ms,21,54,1,0,0,0,3,3,0,0,0,0,7
2026-09-21T19:57:48.367171+00:00,234,160671,64x,300ms,21,54,1,0,0,0,4,3,0,0,0,0,7
2026-09-21T19:57:49.791531+00:00,235,161417,64x,300ms,21,54,1,0,0,0,3,3,0,0,0,0,7
2026-09-21T19:57:50.511193+00:00,236,162126,64x,300ms,21,54,0,0,0,0,3,3,0,0,0,0,7
2026-09-21T19:57:51.223767+00:00,237,162836,64x,300ms,21,54,0,0,0,0,4,3,0,0,0,0,7
2026-09-21T19:57:51.935085+00:00,238,163546,64x,300ms,21,54,0,0,0,0,3,3,0,0,0,0,7
2026-09-21T19:57:51.975130+00:00,239,164256,64x,300ms,21,54,0,0,0,0,3,3,0,0,0,0,7
2026-09-21T19:57:52.007742+00:00,240,164966,64x,300ms,21,54,0,0,0,0,3,3,0,0,0,0,7
2026-09-21T19:57:53.472763+00:00,241,165745,64x,300ms,20,51,1,0,0,0,3,3,0,0,0,0,7
2026-09-21T19:57:54.904265+00:00,242,166491,64x,300ms,20,51,1,0,0,0,3,3,0,0,0,0,7
2026-09-21T19:57:55.616103+00:00,243,167200,64x,300ms,20,51,1,0,0,0,3,3,0,0,0,0,7
2026-09-21T19:57:56.327598+00:00,244,167911,64x,300ms,20,51,1,0,0,0,3,3,0,0,0,0,7
2026-09-21T19:57:57.040111+00:00,245,168621,64x,300ms,20,51,1,0,0,0,3,3,0,0,0,0,7
2026-09-21T19:57:57.081161+00:00,246,169331,64x,300ms,20,51,0,0,0,0,3,3,0,0,0,0,7
2026-09-21T19:57:57.792070+00:00,247,170041,64x,300ms,20,51,0,0,0,0,3,3,0,0,0,0,7
2026-09-21T19:57:59.191884+00:00,248,170754,64x,300ms,20,51,0,0,0,0,3,3,0,0,0,0,7
2026-09-21T19:57:59.904909+00:00,249,171463,64x,300ms,20,51,0,0,0,0,3,3,0,0,0,0,7
2026-09-21T19:58:00.615213+00:00,250,172173,64x,300ms,20,51,0,0,0,0,3,3,0,0,0,0,7
2026-09-21T19:58:01.335418+00:00,251,172882,64x,300ms,20,51,1,0,0,0,4,3,0,0,0,0,7
2026-09-21T19:58:01.367781+00:00,252,173593,64x,300ms,20,51,1,0,0,0,3,3,0,0,0,0,7
2026-09-21T19:58:02.080610+00:00,253,174303,64x,300ms,20,51,1,0,0,0,3,3,0,0,0,0,7
2026-09-21T19:58:02.831397+00:00,254,175048,64x,300ms,19,48,1,0,0,0,4,3,0,0,0,0,7
2026-09-21T19:58:03.575629+00:00,255,175794,64x,300ms,19,48,1,0,0,0,3,3,0,0,0,0,7
2026-09-21T19:58:04.295339+00:00,256,176507,64x,300ms,19,48,0,0,0,0,3,3,0,0,0,0,7
2026-09-21T19:58:05.015423+00:00,257,177221,64x,300ms,19,48,0,0,0,0,3,3,0,0,0,0,7
2026-09-21T19:58:05.735692+00:00,258,177934,64x,300ms,19,48,0,0,0,0,3,3,0,0,0,0,7
2026-09-21T19:58:06.447515+00:00,259,178648,64x,300ms,19,48,0,0,0,0,3,3,0,0,0,0,7
2026-09-21T19:58:07.167549+00:00,260,179361,64x,300ms,19,48,0,0,0,0,3,3,0,0,0,0,7
2026-09-21T19:58:07.887618+00:00,261,180074,64x,300ms,19,48,1,0,0,0,3,3,0,0,0,0,7
2026-09-21T19:58:08.608340+00:00,262,180788,64x,300ms,19,48,1,0,0,0,3,3,0,0,0,0,7
2026-09-21T19:58:09.999968+00:00,263,181501,64x,300ms,19,48,1,0,0,0,3,3,0,0,0,0,7
2026-09-21T19:58:10.719851+00:00,264,182212,64x,300ms,19,48,1,0,0,0,3,3,0,0,0,0,7
2026-09-21T19:58:11.431705+00:00,265,182922,64x,300ms,19,48,1,0,0,0,3,3,0,0,0,0,7
2026-09-21T19:58:12.144077+00:00,266,183632,64x,300ms,19,48,0,0,0,0,3,3,0,0,0,0,7
2026-09-21T19:58:12.855984+00:00,267,184342,64x,300ms,19,48,0,0,0,0,3,3,0,0,0,0,7
2026-09-21T19:58:13.576260+00:00,268,185052,64x,300ms,19,48,0,0,0,0,3,3,0,0,0,0,7
2026-09-21T19:58:14.289268+00:00,269,185761,64x,300ms,19,48,0,0,0,0,3,3,0,0,0,0,7
2026-09-21T19:58:15.000422+00:00,270,186471,64x,300ms,19,48,0,0,0,0,3,3,0,0,0,0,7
2026-09-21T19:58:15.719989+00:00,271,187181,64x,300ms,19,48,1,0,0,0,3,3,0,0,0,0,7
2026-09-21T19:58:16.432642+00:00,272,187890,64x,300ms,19,48,1,0,0,0,3,3,0,0,0,0,7
2026-09-21T19:58:17.144576+00:00,273,188600,64x,300ms,19,48,1,0,0,0,3,3,0,0,0,0,7
2026-09-21T19:58:17.856941+00:00,274,189310,64x,300ms,19,48,1,0,0,0,3,3,0,0,0,0,7
2026-09-21T19:58:18.576118+00:00,275,190020,64x,300ms,19,48,1,0,0,0,3,3,0,0,0,0,7
2026-09-21T19:58:19.287561+00:00,276,190731,64x,300ms,19,48,0,0,0,0,3,3,0,0,0,0,7
2026-09-21T19:58:20.000104+00:00,277,191440,64x,300ms,19,48,0,0,0,0,3,3,0,0,0,0,7
2026-09-21T19:58:20.720095+00:00,278,192150,64x,300ms,19,48,0,0,0,0,3,3,0,0,0,0,7
2026-09-21T19:58:21.432917+00:00,279,192860,64x,300ms,19,48,0,0,0,0,3,3,0,0,0,0,7
2026-09-21T19:58:22.144056+00:00,280,193570,64x,300ms,19,48,0,0,0,0,3,3,0,0,0,0,7
2026-09-21T19:58:22.855987+00:00,281,194280,64x,300ms,19,48,1,0,0,0,3,3,0,0,0,0,7
2026-09-21T19:58:23.576395+00:00,282,194991,64x,300ms,19,48,1,0,0,0,3,3,0,0,0,0,7
2026-09-21T19:58:24.288642+00:00,283,195700,64x,300ms,19,48,1,0,0,0,3,3,0,0,0,0,7
2026-09-21T19:58:25.000957+00:00,284,196410,64x,300ms,19,48,1,0,0,0,3,3,0,0,0,0,7
2026-09-21T19:58:25.720489+00:00,285,197121,64x,300ms,19,48,1,0,0,0,3,3,0,0,0,0,7
2026-09-21T19:58:26.431665+00:00,286,197830,64x,300ms,19,48,0,0,0,0,3,3,0,0,0,0,7
2026-09-21T19:58:27.144211+00:00,287,198540,64x,300ms,19,48,0,0,0,0,3,3,0,0,0,0,7
2026-09-21T19:58:27.857570+00:00,288,199249,64x,300ms,19,48,0,0,0,0,3,3,0,0,0,0,7
2026-09-21T19:58:28.569048+00:00,289,199959,64x,300ms,19,48,0,0,0,0,3,3,0,0,0,0,7
2026-09-21T19:58:29.288525+00:00,290,200669,64x,300ms,19,48,0,0,0,0,3,3,0,0,0,0,7
2026-09-21T19:58:30.000870+00:00,291,201378,64x,300ms,19,48,1,0,0,0,4,3,0,0,0,0,7
2026-09-21T19:58:30.713288+00:00,292,202089,64x,300ms,19,48,1,0,0,0,3,3,0,0,0,0,7
2026-09-21T19:58:31.432587+00:00,293,202799,64x,300ms,19,48,1,0,0,0,3,3,0,0,0,0,7
2026-09-21T19:58:32.144055+00:00,294,203509,64x,300ms,19,48,1,0,0,0,3,3,0,0,0,0,7
2026-09-21T19:58:32.857771+00:00,295,204219,64x,300ms,19,48,1,0,0,0,3,3,0,0,0,0,7
2026-09-21T19:58:33.576385+00:00,296,204929,64x,300ms,19,48,0,0,0,0,3,3,0,0,0,0,7
2026-09-21T19:58:34.289172+00:00,297,205638,64x,300ms,19,48,0,0,0,0,3,3,0,0,0,0,7
2026-09-21T19:58:35.008487+00:00,298,206348,64x,300ms,19,48,0,0,0,0,3,3,0,0,0,0,6
2026-09-21T19:58:35.720316+00:00,299,207058,64x,300ms,19,48,0,4,51,42,114,53,15,7,5,2,182
2026-09-21T19:58:36.440210+00:00,300,207770,64x,300ms,19,48,0,6,62,51,140,56,16,8,5,2,196
2026-09-21T19:58:37.152189+00:00,301,208482,64x,300ms,19,48,1,6,65,53,145,57,16,8,5,2,205
2026-09-21T19:58:37.871701+00:00,302,209195,64x,300ms,19,48,1,6,65,53,146,56,16,8,5,2,195
2026-09-21T19:58:38.584269+00:00,303,209906,64x,300ms,19,48,1,6,65,53,146,56,16,8,5,2,194
2026-09-21T19:58:39.303842+00:00,304,210618,64x,300ms,19,48,1,6,65,53,145,56,16,8,5,2,194
2026-09-21T20:26:33.808730+00:00,4,2828,128x,300ms,25,64,0,22,186,142,399,155,49,24,17,10,546
2026-09-21T20:26:34.528984+00:00,5,3543,128x,300ms,25,64,0,22,187,143,399,156,49,24,16,10,546
2026-09-21T20:26:35.969937+00:00,6,4292,128x,300ms,25,64,1,23,187,142,400,156,50,25,17,10,548
2026-09-21T20:26:36.681274+00:00,7,5007,128x,300ms,25,64,1,23,187,142,399,155,48,24,16,10,544
2026-09-21T20:26:37.400553+00:00,8,5721,128x,300ms,25,64,1,22,187,142,398,155,49,24,16,10,545
2026-09-21T20:26:38.120537+00:00,9,6434,128x,300ms,25,64,1,23,187,143,399,156,49,24,16,10,547
2026-09-21T20:26:38.841176+00:00,10,7148,128x,300ms,25,64,1,23,186,143,400,156,50,24,17,10,547
2026-09-21T20:26:39.560903+00:00,11,7863,128x,300ms,25,64,0,22,187,142,398,157,50,25,17,10,548
2026-09-21T20:26:40.281448+00:00,12,8578,128x,300ms,25,64,0,23,187,143,400,156,50,24,17,10,548
2026-09-21T20:26:41.000432+00:00,13,9292,128x,300ms,25,64,0,23,187,143,398,156,50,24,17,10,547
2026-09-21T20:26:41.720568+00:00,14,10007,128x,300ms,25,64,0,23,187,143,400,156,50,25,16,10,548
2026-09-21T20:26:42.432738+00:00,15,10722,128x,300ms,25,64,0,23,187,143,399,156,50,24,17,10,548
2026-09-21T20:26:43.152631+00:00,16,11437,128x,300ms,25,64,1,23,187,143,400,156,50,24,17,10,547
2026-09-21T20:26:43.872842+00:00,17,12150,128x,300ms,25,64,1,22,187,143,399,156,50,24,17,10,548
2026-09-21T20:26:44.592997+00:00,18,12865,128x,300ms,25,64,1,22,186,143,399,156,50,24,16,10,547
2026-09-21T20:26:45.312716+00:00,19,13579,128x,300ms,25,64,1,22,187,143,399,156,50,24,17,10,547
2026-09-21T20:26:46.025553+00:00,20,14294,128x,300ms,25,64,1,23,187,143,399,156,50,24,17,10,547
2026-09-21T20:26:46.065476+00:00,21,15007,128x,300ms,25,64,0,22,187,143,400,156,49,24,17,10,548
2026-09-21T20:26:46.784665+00:00,22,15722,128x,300ms,25,64,0,22,187,142,400,156,50,24,17,10,548
2026-09-21T20:26:48.209380+00:00,23,16473,16x,300ms,25,64,0,3,24,18,51,20,7,3,2,2,70
2026-09-21T20:26:48.928938+00:00,24,17183,16x,300ms,25,64,0,3,24,18,51,20,7,3,2,2,70
2026-09-21T20:26:49.641093+00:00,25,17895,16x,300ms,25,64,0,3,24,18,51,20,7,3,2,2,69
2026-09-21T20:26:50.353531+00:00,26,18606,16x,300ms,25,64,1,3,24,18,51,20,7,3,2,2,70
2026-09-21T20:26:51.072561+00:00,27,19316,16x,300ms,25,64,1,3,24,18,51,20,7,3,2,2,70
2026-09-21T20:26:51.784936+00:00,28,20026,16x,300ms,25,64,1,3,24,18,51,20,7,3,2,2,70
2026-09-21T20:26:52.497535+00:00,29,20737,16x,300ms,25,64,1,3,24,18,51,20,7,3,2,2,70
2026-09-21T20:26:53.217427+00:00,30,21447,16x,300ms,25,64,1,3,24,18,51,20,7,3,2,2,70
2026-09-21T20:26:53.929475+00:00,31,22158,16x,300ms,25,64,0,3,24,18,51,20,7,3,2,2,70
2026-09-21T20:26:54.648803+00:00,32,22868,16x,300ms,25,64,0,3,24,18,51,20,7,3,2,2,70
2026-09-21T20:26:54.680778+00:00,33,23580,16x,300ms,25,64,0,3,24,18,51,20,7,3,2,2,70
2026-09-21T20:26:55.401457+00:00,34,24291,16x,300ms,25,64,0,3,24,18,51,20,7,3,2,2,70
2026-09-21T20:26:56.842313+00:00,35,25037,128x,300ms,25,64,0,22,187,143,400,156,50,24,17,10,548
2026-09-21T20:26:57.561007+00:00,36,25752,128x,300ms,25,64,1,23,187,143,399,156,50,24,17,10,547
2026-09-21T20:26:58.273910+00:00,37,26466,128x,300ms,25,64,1,22,187,143,399,156,50,25,17,10,548
2026-09-21T20:26:58.992561+00:00,38,27181,128x,300ms,25,64,1,23,187,143,400,156,50,24,17,10,547
2026-09-21T20:26:59.712952+00:00,39,27894,128x,300ms,25,64,1,23,187,143,399,156,50,25,17,10,548
2026-09-21T20:27:00.432945+00:00,40,28609,128x,300ms,25,64,1,23,187,143,399,156,50,25,17,10,546
2026-09-21T20:27:01.153173+00:00,41,29324,128x,300ms,25,64,0,22,187,142,398,157,50,25,17,10,548
2026-09-21T20:27:01.873025+00:00,42,30039,128x,300ms,25,64,0,23,187,143,400,157,50,25,17,10,549
2026-09-21T20:27:02.592881+00:00,43,30753,128x,300ms,25,64,0,23,187,143,400,157,50,25,17,10,549
2026-09-21T20:27:03.312558+00:00,44,31468,128x,300ms,25,64,0,23,187,143,400,157,51,25,17,10,549
2026-09-21T20:27:04.024775+00:00,45,32183,128x,300ms,25,64,0,23,187,143,400,157,50,24,17,10,548
2026-09-21T20:27:04.744679+00:00,46,32898,128x,300ms,25,64,1,23,187,143,400,157,50,24,17,10,548
2026-09-21T20:27:05.466206+00:00,47,33612,128x,300ms,25,64,1,23,187,143,400,156,50,24,17,10,548
2026-09-21T20:27:06.184556+00:00,48,34326,128x,300ms,25,64,1,23,186,143,400,157,50,25,17,10,548
2026-09-21T20:27:06.905465+00:00,49,35041,128x,300ms,25,64,1,23,187,143,400,157,51,24,17,10,549
2026-09-21T20:27:07.625589+00:00,50,35755,128x,300ms,25,64,1,23,187,143,400,156,50,24,17,10,549
2026-09-21T20:27:08.344809+00:00,51,36469,128x,300ms,25,64,0,23,186,143,400,157,50,24,17,10,548
2026-09-21T20:27:09.057167+00:00,52,37184,128x,300ms,25,64,0,22,187,143,400,157,50,25,17,11,548
2026-09-21T20:27:09.776476+00:00,53,37899,128x,300ms,25,64,0,23,187,143,400,156,50,25,17,10,548
2026-09-21T20:27:10.496564+00:00,54,38614,128x,300ms,25,64,0,23,187,143,400,157,50,25,17,10,549
2026-09-21T20:27:11.216834+00:00,55,39328,128x,300ms,25,64,0,23,187,143,400,156,50,25,17,10,548
2026-09-21T20:27:11.937590+00:00,56,40043,128x,300ms,25,64,1,23,187,143,400,157,50,25,17,10,548
2026-09-21T20:27:12.657005+00:00,57,40758,128x,300ms,25,64,1,23,187,143,400,157,51,25,17,11,549
2026-09-21T20:27:13.369291+00:00,58,41472,128x,300ms,25,64,1,22,187,143,400,156,50,25,17,10,548
2026-09-21T20:27:14.089475+00:00,59,42186,128x,300ms,25,64,1,23,187,143,400,157,50,25,17,10,548
2026-09-21T20:27:14.810424+00:00,60,42901,128x,300ms,25,64,1,23,187,143,400,157,50,25,17,10,548
2026-09-21T20:27:15.528800+00:00,61,43615,128x,300ms,25,64,0,23,187,143,400,157,51,24,17,10,548
2026-09-21T20:27:16.248791+00:00,62,44329,128x,300ms,25,64,0,23,187,143,400,157,50,25,17,10,548
2026-09-21T20:27:16.969232+00:00,63,45044,128x,300ms,25,64,0,22,187,143,400,157,50,25,17,10,548
2026-09-21T20:27:17.688555+00:00,64,45759,128x,300ms,25,64,0,22,187,143,400,157,50,24,17,10,548
2026-09-21T20:27:18.408476+00:00,65,46474,128x,300ms,25,64,0,23,187,143,400,156,50,24,17,10,548
2026-09-21T20:27:19.128558+00:00,66,47190,128x,300ms,25,64,1,23,187,143,400,156,50,24,17,10,547
2026-09-21T20:27:19.840439+00:00,67,47903,128x,300ms,25,64,1,23,187,143,400,157,50,25,17,10,548
2026-09-21T20:27:20.561264+00:00,68,48618,128x,300ms,25,64,1,23,187,143,400,157,50,25,17,10,548
2026-09-21T20:27:21.281523+00:00,69,49332,128x,300ms,25,64,1,23,187,143,400,157,50,24,17,10,548
2026-09-21T20:27:22.001335+00:00,70,50046,128x,300ms,25,64,1,23,186,143,400,156,50,25,17,10,548
2026-09-21T20:27:22.720567+00:00,71,50760,128x,300ms,25,64,0,23,187,143,400,157,50,25,17,10,548
2026-09-21T20:27:23.441515+00:00,72,51475,128x,300ms,25,64,0,23,186,143,400,156,51,25,17,11,548
2026-09-21T20:27:24.161380+00:00,73,52191,128x,300ms,25,64,0,22,187,143,400,157,50,25,17,10,548
2026-09-21T20:27:24.880538+00:00,74,52905,128x,300ms,25,64,0,23,187,143,400,157,50,25,17,10,548
2026-09-21T20:27:25.593316+00:00,75,53620,128x,300ms,25,64,0,23,187,143,399,157,50,25,17,10,548
2026-09-21T20:27:26.312999+00:00,76,54335,128x,300ms,25,64,1,23,187,142,400,157,50,25,17,10,548
2026-09-21T20:27:27.033461+00:00,77,55049,128x,300ms,25,64,1,23,187,143,400,156,50,25,17,11,549
2026-09-21T20:27:27.752742+00:00,78,55763,128x,300ms,25,64,1,22,187,143,400,157,50,25,17,10,548
2026-09-21T20:27:28.473402+00:00,79,56477,128x,300ms,25,64,1,23,187,143,400,157,50,25,17,10,548
2026-09-21T20:27:29.193573+00:00,80,57192,128x,300ms,25,64,1,23,187,143,400,157,50,25,17,10,548
2026-09-21T20:27:29.912568+00:00,81,57907,128x,300ms,25,64,0,23,187,143,400,157,50,24,17,10,548
2026-09-21T20:27:30.624545+00:00,82,58621,128x,300ms,25,64,0,23,186,143,400,157,50,25,17,10,548
2026-09-21T20:27:31.345901+00:00,83,59336,128x,300ms,25,64,0,23,187,143,400,156,50,25,17,10,548
2026-09-21T20:27:32.064672+00:00,84,60051,128x,300ms,25,64,0,23,187,143,400,157,51,24,17,10,549
2026-09-21T20:27:32.784535+00:00,85,60766,128x,300ms,25,64,0,23,187,143,400,157,50,25,17,10,548
2026-09-21T20:27:33.504824+00:00,86,61480,128x,300ms,25,64,1,22,187,143,400,157,50,25,17,10,549
2026-09-21T20:27:34.225407+00:00,87,62195,128x,300ms,25,64,1,22,186,143,400,156,50,25,17,10,549
2026-09-21T20:27:34.944823+00:00,88,62910,128x,300ms,25,64,1,22,187,143,400,157,50,25,17,10,548
2026-09-21T20:27:35.656632+00:00,89,63624,128x,300ms,25,64,1,22,187,143,400,157,50,25,17,10,548
2026-09-21T20:27:36.377683+00:00,90,64338,128x,300ms,25,64,1,23,187,143,400,157,50,25,17,10,548
2026-09-21T20:27:37.096653+00:00,91,65052,128x,300ms,25,64,0,23,187,143,400,157,50,25,17,10,549
2026-09-21T20:27:37.816555+00:00,92,65768,128x,300ms,25,64,0,22,187,143,399,157,50,25,17,10,548
2026-09-21T20:27:38.537561+00:00,93,66482,128x,300ms,25,64,0,23,187,143,400,157,50,25,17,10,548
2026-09-21T20:27:39.256562+00:00,94,67196,128x,300ms,25,64,0,22,187,143,400,156,50,25,17,10,548
2026-09-21T20:27:39.978377+00:00,95,67912,128x,300ms,25,64,0,22,187,143,400,157,50,25,17,10,548
2026-09-21T20:27:40.696560+00:00,96,68627,128x,300ms,25,64,1,23,186,143,400,156,50,25,17,10,548
2026-09-21T20:27:41.408794+00:00,97,69341,128x,300ms,25,64,1,23,187,143,400,157,50,24,17,10,548
2026-09-21T20:27:42.129540+00:00,98,70055,128x,300ms,25,64,1,22,187,143,400,156,50,24,17,10,548
2026-09-21T20:27:42.849005+00:00,99,70769,128x,300ms,25,64,1,22,187,143,400,156,50,25,17,10,548
2026-09-21T20:27:43.568986+00:00,100,71484,128x,300ms,25,64,1,23,187,143,399,157,50,25,17,10,548
2026-09-21T20:27:44.286942+00:00,101,72199,128x,300ms,25,64,0,23,187,143,400,156,50,25,17,10,548
2026-09-21T20:27:45.008360+00:00,102,72913,128x,300ms,25,64,0,22,187,143,400,157,50,24,17,10,548
2026-09-21T20:27:45.735838+00:00,103,73628,128x,300ms,25,64,0,23,187,143,400,156,50,25,17,10,548
2026-09-21T20:27:46.458785+00:00,104,74344,128x,300ms,25,64,0,23,187,143,400,156,50,24,17,10,548
2026-09-21T20:27:47.170592+00:00,105,75059,128x,300ms,25,64,0,22,187,143,400,156,50,24,17,10,548
2026-09-21T20:27:47.885653+00:00,106,75773,128x,300ms,25,64,1,22,186,143,400,156,50,24,17,10,548
2026-09-21T20:27:48.598870+00:00,107,76488,128x,300ms,25,64,1,22,187,143,400,156,50,25,17,10,548
2026-09-21T20:27:49.328772+00:00,108,77203,128x,300ms,25,64,1,22,186,143,400,157,50,25,17,10,548
2026-09-21T20:27:50.037955+00:00,109,77917,128x,300ms,25,64,1,23,186,143,400,157,50,25,16,10,548
2026-09-21T20:27:50.769386+00:00,110,78631,128x,300ms,25,64,1,23,187,143,400,156,50,25,17,10,548
2026-09-21T20:27:51.485988+00:00,111,79346,128x,300ms,25,64,0,22,186,143,400,156,50,25,17,10,549
2026-09-21T20:27:52.204914+00:00,112,80061,128x,300ms,25,64,0,23,187,143,400,156,50,25,17,10,548
2026-09-21T20:27:52.920533+00:00,113,80777,128x,300ms,25,64,0,23,187,143,400,157,50,24,17,10,549
2026-09-21T20:27:53.640856+00:00,114,81491,128x,300ms,25,64,0,22,187,143,400,156,50,25,17,10,548
2026-09-21T20:27:54.359377+00:00,115,82206,128x,300ms,25,64,0,23,187,143,400,156,51,25,17,10,549
2026-09-21T20:27:55.077155+00:00,116,82921,128x,300ms,25,64,1,22,187,143,400,157,50,25,17,10,549
2026-09-21T20:27:55.800448+00:00,117,83636,128x,300ms,25,64,1,23,186,143,400,157,50,25,17,10,549
2026-09-21T20:27:56.520309+00:00,118,84350,128x,300ms,25,64,1,23,187,143,400,157,50,25,17,10,549
2026-09-21T20:27:57.234790+00:00,119,85065,128x,300ms,25,64,1,23,187,143,400,157,51,25,17,10,548
2026-09-21T20:27:57.948644+00:00,120,85779,128x,300ms,25,64,1,23,187,143,400,157,50,25,17,10,549
2026-09-21T20:27:58.668108+00:00,121,86494,128x,300ms,25,64,0,23,187,143,400,157,50,25,17,10,549
2026-09-21T20:27:59.400012+00:00,122,87208,128x,300ms,25,64,0,22,187,143,400,157,50,25,17,10,548
2026-09-21T20:28:00.113735+00:00,123,87923,128x,300ms,25,64,0,23,187,143,400,157,50,25,17,10,549
2026-09-21T20:28:00.823093+00:00,124,88638,128x,300ms,25,64,0,23,187,143,400,156,51,25,17,11,548
2026-09-21T20:28:01.543608+00:00,125,89353,128x,300ms,25,64,0,23,187,143,400,157,50,25,17,10,549
2026-09-21T20:28:02.264779+00:00,126,90067,128x,300ms,25,64,1,23,187,143,400,156,50,25,17,10,548
2026-09-21T20:28:02.984596+00:00,127,90782,128x,300ms,25,64,1,23,187,143,400,157,50,24,17,10,549
2026-09-21T20:28:03.702127+00:00,128,91497,128x,300ms,25,64,1,23,187,143,400,157,50,25,17,10,549
2026-09-21T20:28:04.432326+00:00,129,92212,128x,300ms,25,64,1,22,187,143,400,157,50,25,17,10,549
2026-09-21T20:28:05.150028+00:00,130,92925,128x,300ms,25,64,1,22,187,143,400,157,50,25,17,10,549
2026-09-21T20:28:05.868044+00:00,131,93640,128x,300ms,25,64,0,22,187,143,400,157,51,25,17,10,549
2026-09-21T20:28:06.585789+00:00,132,94355,128x,300ms,25,64,0,23,187,143,400,156,50,25,17,10,549
2026-09-21T20:28:07.307747+00:00,133,95070,128x,300ms,25,64,0,22,186,143,400,156,50,25,17,10,549
2026-09-21T20:28:08.026680+00:00,134,95785,128x,300ms,25,64,0,23,187,143,400,157,50,25,17,10,548
2026-09-21T20:28:08.733697+00:00,135,96500,128x,300ms,25,64,0,22,187,143,400,157,50,25,17,11,549
2026-09-21T20:28:09.458244+00:00,136,97215,128x,300ms,25,64,1,23,187,143,400,156,50,25,17,10,548
2026-09-21T20:28:10.173093+00:00,137,97930,128x,300ms,25,64,1,23,187,143,400,156,50,25,17,10,548
2026-09-21T20:28:10.893541+00:00,138,98644,128x,300ms,25,64,1,23,187,143,400,157,50,25,17,10,548
2026-09-21T20:28:11.617525+00:00,139,99358,128x,300ms,25,64,1,23,187,143,400,157,50,25,17,10,549
2026-09-21T20:28:12.335798+00:00,140,100073,128x,300ms,25,64,1,23,187,143,400,156,50,25,17,10,549
2026-09-21T20:28:13.057811+00:00,141,100788,128x,300ms,25,64,0,22,186,143,401,157,50,25,17,10,549
2026-09-21T20:28:13.769661+00:00,142,101502,128x,300ms,25,64,0,23,187,143,400,157,51,25,17,10,549
2026-09-21T20:28:14.499127+00:00,143,102217,128x,300ms,25,64,0,22,187,143,400,157,51,25,17,10,549
2026-09-21T20:28:15.214827+00:00,144,102933,128x,300ms,25,64,0,23,187,143,400,157,50,25,17,10,548
2026-09-21T20:28:15.938162+00:00,145,103648,128x,300ms,25,64,0,23,187,143,400,157,51,25,17,10,549
2026-09-21T20:28:16.657054+00:00,146,104363,128x,300ms,25,64,1,23,187,143,400,157,50,25,17,10,549
2026-09-21T20:28:17.368563+00:00,147,105077,128x,300ms,25,64,1,23,187,143,400,157,50,25,17,10,549
2026-09-21T20:28:18.088538+00:00,148,105792,128x,300ms,25,64,1,23,187,143,400,157,50,25,17,10,549
2026-09-21T20:28:18.809212+00:00,149,106507,128x,300ms,25,64,1,22,187,143,400,157,51,25,17,10,549
2026-09-21T20:28:19.528687+00:00,150,107222,128x,300ms,25,64,1,23,187,143,400,157,50,25,17,10,549
2026-09-21T20:28:20.241441+00:00,151,107935,128x,300ms,25,64,0,23,187,143,400,157,50,25,17,10,549
2026-09-21T20:28:20.960483+00:00,152,108651,128x,300ms,25,64,0,23,187,143,400,157,50,25,17,10,548
2026-09-21T20:28:21.681680+00:00,153,109366,128x,300ms,25,64,0,23,187,143,401,156,50,25,17,10,549
2026-09-21T20:28:22.400861+00:00,154,110081,128x,300ms,25,64,0,22,187,143,400,157,50,25,17,10,549
2026-09-21T20:28:23.120975+00:00,155,110795,128x,300ms,25,64,0,22,187,143,400,157,51,25,17,10,549
2026-09-21T20:28:23.841119+00:00,156,111511,128x,300ms,25,64,1,23,187,143,400,157,50,25,17,10,549
2026-09-21T20:28:24.561744+00:00,157,112226,128x,300ms,25,64,1,23,187,143,400,157,50,25,17,10,549
2026-09-21T20:28:25.281130+00:00,158,112940,128x,300ms,25,64,1,23,187,143,400,156,51,25,17,10,549
2026-09-21T20:28:26.001341+00:00,159,113654,128x,300ms,25,64,1,23,187,143,400,156,50,24,17,10,548
2026-09-21T20:28:26.721583+00:00,160,114369,128x,300ms,25,64,1,23,187,143,400,157,50,25,17,10,549
2026-09-21T20:28:27.433673+00:00,161,115084,128x,300ms,25,64,0,22,187,143,400,157,50,25,17,10,548
2026-09-21T20:28:28.153377+00:00,162,115799,128x,300ms,25,64,0,22,187,143,400,156,50,25,17,10,548
2026-09-21T20:28:28.873128+00:00,163,116514,128x,300ms,25,64,0,23,187,143,400,157,50,24,17,10,548
2026-09-21T20:28:29.592800+00:00,164,117229,128x,300ms,25,64,0,22,186,143,399,157,50,24,17,10,547
2026-09-21T20:28:30.313522+00:00,165,117944,128x,300ms,25,64,0,22,187,143,400,156,50,25,17,11,548
2026-09-21T20:28:31.032991+00:00,166,118660,128x,300ms,25,64,1,22,187,143,400,157,50,25,17,10,549
2026-09-21T20:28:31.753680+00:00,167,119373,128x,300ms,25,64,1,23,186,143,400,157,50,24,17,10,548
2026-09-21T20:28:32.473130+00:00,168,120088,128x,300ms,25,64,1,22,187,143,400,157,50,24,17,10,548
2026-09-21T20:28:33.192554+00:00,169,120803,128x,300ms,25,64,1,23,186,143,400,157,50,25,17,10,549
2026-09-21T20:28:33.905580+00:00,170,121518,128x,300ms,25,64,1,23,187,143,400,156,50,25,17,10,548
2026-09-21T20:28:34.624893+00:00,171,122232,128x,300ms,25,64,0,22,187,143,400,156,50,25,17,10,548
2026-09-21T20:28:35.345094+00:00,172,122947,128x,300ms,25,64,0,23,187,143,400,157,51,25,17,10,549
2026-09-21T20:28:36.065574+00:00,173,123663,128x,300ms,25,64,0,23,187,143,400,157,51,25,17,10,549
2026-09-21T20:28:36.784943+00:00,174,124378,128x,300ms,25,64,0,23,187,143,400,157,50,25,17,10,549
2026-09-21T20:28:37.505411+00:00,175,125094,128x,300ms,25,64,0,22,187,143,400,157,50,25,17,10,548
2026-09-21T20:28:38.224834+00:00,176,125809,128x,300ms,25,64,1,22,187,143,400,156,50,25,17,10,548
2026-09-21T20:28:38.944558+00:00,177,126525,128x,300ms,25,64,1,22,187,143,400,157,50,25,17,10,548
2026-09-21T20:28:39.665271+00:00,178,127240,128x,300ms,25,64,1,23,187,143,400,157,50,24,17,10,549
2026-09-21T20:28:40.385092+00:00,179,127954,128x,300ms,25,64,1,23,187,143,400,157,50,24,17,10,548
2026-09-21T20:28:41.104668+00:00,180,128669,128x,300ms,25,64,1,23,186,143,400,157,50,25,17,10,548
2026-09-21T20:28:41.824915+00:00,181,129384,128x,300ms,25,64,0,23,186,143,401,157,50,25,17,10,549
2026-09-21T20:28:42.544572+00:00,182,130099,128x,300ms,25,64,0,23,186,143,400,157,51,25,17,10,549
2026-09-21T20:28:43.265217+00:00,183,130813,128x,300ms,25,64,0,23,186,143,401,157,50,25,17,10,549
2026-09-21T20:28:43.976460+00:00,184,131529,128x,300ms,25,64,0,22,186,142,398,150,45,22,15,9,527
2026-09-21T20:28:44.696496+00:00,185,132244,128x,300ms,25,64,0,21,177,140,392,146,44,21,15,9,516
2026-09-21T20:28:45.416740+00:00,186,132959,128x,300ms,25,64,1,21,182,135,377,146,44,22,15,9,517
2026-09-21T20:28:46.138370+00:00,187,133672,128x,300ms,25,64,1,21,182,136,377,146,44,21,15,9,516
2026-09-21T20:28:46.856560+00:00,188,134386,128x,300ms,25,64,1,21,182,135,377,146,44,22,15,9,516
2026-09-21T20:28:47.570446+00:00,189,135100,128x,300ms,25,64,1,21,182,135,377,146,44,21,15,9,516
2026-09-21T20:28:48.288905+00:00,190,135814,128x,300ms,25,64,1,21,181,135,376,146,44,22,15,9,516
2026-09-21T20:28:49.008558+00:00,191,136528,128x,300ms,25,64,0,21,182,135,376,146,44,22,15,9,516
2026-09-21T20:28:49.729987+00:00,192,137242,128x,300ms,25,64,0,22,181,136,376,146,44,22,15,9,517
2026-09-21T20:28:50.449051+00:00,193,137958,128x,300ms,25,64,0,21,181,135,377,146,44,22,15,9,516
2026-09-21T20:28:51.168873+00:00,194,138673,128x,300ms,25,64,0,21,182,135,376,146,44,22,15,9,516
2026-09-21T20:28:51.880565+00:00,195,139387,128x,300ms,25,64,0,21,182,135,377,146,44,22,15,9,516
2026-09-21T20:28:52.601936+00:00,196,140101,128x,300ms,25,64,1,22,182,135,377,146,44,22,15,8,516
2026-09-21T20:28:53.320450+00:00,197,140816,128x,300ms,25,64,1,21,182,135,376,146,44,22,15,9,517
2026-09-21T20:28:54.041259+00:00,198,141530,128x,300ms,25,64,1,21,181,135,377,146,44,22,15,9,516
2026-09-21T20:28:54.760552+00:00,199,142243,128x,300ms,25,64,1,21,182,135,377,146,44,22,15,9,516
2026-09-21T20:28:55.480797+00:00,200,142957,128x,300ms,25,64,1,21,181,135,376,146,44,22,15,9,516
2026-09-21T20:28:56.192560+00:00,201,143672,128x,300ms,25,64,0,21,182,136,377,146,44,22,15,9,517
2026-09-21T20:28:56.914173+00:00,202,144386,128x,300ms,25,64,0,21,182,135,377,146,44,21,15,9,516
2026-09-21T20:28:57.639260+00:00,203,145100,128x,300ms,25,64,0,21,182,135,377,146,44,22,15,9,516
2026-09-21T20:28:58.353444+00:00,204,145815,128x,300ms,25,64,0,21,182,135,377,146,44,22,15,9,517
2026-09-21T20:28:59.072536+00:00,205,146530,128x,300ms,25,64,0,21,182,136,377,146,44,21,15,9,516
2026-09-21T20:28:59.794108+00:00,206,147245,128x,300ms,25,64,1,22,181,135,376,146,44,22,15,9,516
2026-09-21T20:29:00.505456+00:00,207,147958,128x,300ms,25,64,1,21,182,135,377,146,44,22,15,9,516
2026-09-21T20:29:01.225228+00:00,208,148673,128x,300ms,25,64,1,21,181,135,377,146,44,22,15,9,517
2026-09-21T20:29:01.945514+00:00,209,149386,128x,300ms,25,64,1,22,182,136,377,146,44,22,15,9,516
2026-09-21T20:29:02.664885+00:00,210,150100,128x,300ms,25,64,1,22,182,136,376,146,44,22,15,9,516
2026-09-21T20:29:03.385412+00:00,211,150814,128x,300ms,25,64,0,21,181,135,377,146,44,22,15,9,516
2026-09-21T20:29:04.104936+00:00,212,151529,128x,300ms,25,64,0,21,182,136,376,146,44,22,15,9,517
2026-09-21T20:29:04.825179+00:00,213,152244,128x,300ms,25,64,0,21,182,135,377,146,44,22,15,9,516
2026-09-21T20:29:05.537310+00:00,214,152958,128x,300ms,25,64,0,21,182,136,377,146,43,21,15,9,517
2026-09-21T20:29:06.257389+00:00,215,153672,128x,300ms,25,64,0,22,182,135,377,146,44,22,15,9,517
2026-09-21T20:29:06.976485+00:00,216,154388,128x,300ms,25,64,1,21,181,135,377,146,44,22,15,9,516
2026-09-21T20:29:07.697127+00:00,217,155102,128x,300ms,25,64,1,21,182,135,377,146,44,22,15,9,516
2026-09-21T20:29:08.409027+00:00,218,155815,128x,300ms,25,64,1,21,182,136,377,146,44,22,15,9,517
2026-09-21T20:29:09.129290+00:00,219,156529,128x,300ms,25,64,1,21,181,135,377,146,44,22,15,9,516
2026-09-21T20:29:09.848801+00:00,220,157244,128x,300ms,25,64,1,21,182,135,377,146,44,21,15,9,516
2026-09-21T20:29:10.568684+00:00,221,157958,128x,300ms,25,64,0,21,181,135,377,146,44,22,15,9,516
2026-09-21T20:29:11.288538+00:00,222,158672,128x,300ms,25,64,0,21,182,136,377,146,44,22,15,9,516
2026-09-21T20:29:12.009031+00:00,223,159386,128x,300ms,25,64,0,21,182,136,377,146,44,22,15,9,516
2026-09-21T20:29:12.729009+00:00,224,160101,128x,300ms,25,64,0,21,182,135,377,146,44,22,15,9,516
2026-09-21T20:29:13.440930+00:00,225,160816,128x,300ms,25,64,0,21,182,135,377,146,44,21,15,9,516
2026-09-21T20:29:14.160644+00:00,226,161530,128x,300ms,25,64,1,21,181,135,377,146,44,22,15,9,517
2026-09-21T20:29:14.881139+00:00,227,162244,128x,300ms,25,64,1,21,182,136,377,146,44,21,15,9,516
2026-09-21T20:29:15.600703+00:00,228,162958,128x,300ms,25,64,1,21,182,135,376,146,44,22,15,9,517
2026-09-21T20:29:16.321060+00:00,229,163672,128x,300ms,25,64,1,21,182,136,377,146,44,21,15,9,517
2026-09-21T20:29:17.033201+00:00,230,164385,128x,300ms,25,64,1,21,182,136,377,146,44,21,15,9,516
2026-09-21T20:29:17.752957+00:00,231,165099,128x,300ms,25,64,0,21,181,136,377,146,44,21,15,9,516
2026-09-21T20:29:18.472638+00:00,232,165814,128x,300ms,25,64,0,22,182,136,377,146,44,22,15,9,517
2026-09-21T20:29:19.192976+00:00,233,166529,128x,300ms,25,64,0,21,182,135,377,146,43,22,15,9,517
2026-09-21T20:29:19.912773+00:00,234,167243,128x,300ms,25,64,0,21,181,136,377,146,44,22,15,9,516
2026-09-21T20:29:20.632884+00:00,235,167957,128x,300ms,25,64,0,22,181,135,376,146,43,22,15,9,516
2026-09-21T20:29:21.345670+00:00,236,168673,128x,300ms,25,64,1,22,182,135,377,146,44,22,15,9,516
2026-09-21T20:29:22.064462+00:00,237,169387,128x,300ms,25,64,1,22,182,136,377,146,44,22,15,9,516
2026-09-21T20:29:22.785640+00:00,238,170100,128x,300ms,25,64,1,21,182,135,377,146,44,22,15,9,516
2026-09-21T20:29:23.505255+00:00,239,170814,128x,300ms,25,64,1,21,182,135,377,145,44,21,15,9,517
2026-09-21T20:29:24.224553+00:00,240,171528,128x,300ms,25,64,1,21,182,136,377,146,44,22,15,9,516
2026-09-21T20:29:24.944946+00:00,241,172242,128x,300ms,25,64,0,22,182,136,377,146,44,22,15,9,516
2026-09-21T20:29:25.665000+00:00,242,172957,128x,300ms,25,64,0,22,181,135,376,146,44,22,15,9,516
2026-09-21T20:29:26.377401+00:00,243,173672,128x,300ms,25,64,0,21,182,135,377,146,44,22,15,9,516
2026-09-21T20:29:27.097067+00:00,244,174387,128x,300ms,25,64,0,21,182,135,377,146,44,22,15,9,517
2026-09-21T20:29:27.816563+00:00,245,175100,128x,300ms,25,64,0,21,182,135,377,146,44,22,15,9,517
2026-09-21T20:29:28.536651+00:00,246,175815,128x,300ms,25,64,1,21,182,135,377,146,44,22,15,9,517
2026-09-21T20:29:29.256455+00:00,247,176530,128x,300ms,25,64,1,21,181,135,377,146,44,22,15,9,517
2026-09-21T20:29:29.970327+00:00,248,177244,128x,300ms,25,64,1,21,182,136,377,146,44,22,15,9,516
2026-09-21T20:29:30.688679+00:00,249,177957,128x,300ms,25,64,1,21,182,136,377,146,44,22,15,9,516
2026-09-21T20:29:31.408556+00:00,250,178671,128x,300ms,25,64,1,21,181,135,377,146,44,22,15,9,517
2026-09-21T20:29:32.128700+00:00,251,179385,128x,300ms,25,64,0,22,182,135,377,146,44,22,15,9,516
2026-09-21T20:29:32.848572+00:00,252,180100,128x,300ms,25,64,0,22,182,135,377,146,44,21,15,9,517
2026-09-21T20:29:33.568697+00:00,253,180814,128x,300ms,25,64,0,22,182,136,377,146,44,22,15,9,516
2026-09-21T20:29:34.288802+00:00,254,181529,128x,300ms,25,64,0,21,182,136,377,146,44,21,15,9,517
2026-09-21T20:29:35.001244+00:00,255,182244,128x,300ms,25,64,0,21,182,136,376,146,44,22,15,9,517
2026-09-21T20:29:35.721578+00:00,256,182959,128x,300ms,25,64,1,21,182,135,376,146,44,21,15,9,517
2026-09-21T20:29:36.441552+00:00,257,183672,128x,300ms,25,64,1,21,182,136,377,146,44,22,15,8,517
2026-09-21T20:29:37.160910+00:00,258,184386,128x,300ms,25,64,1,21,182,135,377,146,44,22,15,9,516
2026-09-21T20:29:37.880538+00:00,259,185101,128x,300ms,25,64,1,21,182,136,377,146,44,22,15,9,516
2026-09-21T20:29:38.592579+00:00,260,185815,128x,300ms,25,64,1,22,182,135,377,146,44,21,15,9,516
2026-09-21T20:29:39.314167+00:00,261,186528,128x,300ms,25,64,0,21,182,135,377,146,44,22,15,9,516
2026-09-21T20:29:40.032559+00:00,262,187243,128x,300ms,25,64,0,21,181,135,377,146,44,22,15,9,516
2026-09-21T20:29:40.753374+00:00,263,187957,128x,300ms,25,64,0,21,182,135,376,146,44,22,15,9,516
2026-09-21T20:29:41.472501+00:00,264,188672,128x,300ms,25,64,0,21,182,136,376,146,44,21,15,9,517
2026-09-21T20:29:42.193253+00:00,265,189386,128x,300ms,25,64,0,21,181,135,376,146,44,22,15,9,516
2026-09-21T20:29:42.904515+00:00,266,190101,128x,300ms,25,64,1,21,181,136,377,146,44,22,15,9,516
2026-09-21T20:29:43.624621+00:00,267,190815,128x,300ms,25,64,1,21,181,135,376,146,44,22,15,9,516
2026-09-21T20:29:44.345382+00:00,268,191529,128x,300ms,25,64,1,21,182,135,377,144,43,21,15,9,508
2026-09-21T20:29:45.065006+00:00,269,192243,128x,300ms,25,64,1,21,180,134,373,145,43,21,15,9,511
2026-09-21T20:29:45.785168+00:00,270,192957,128x,300ms,25,64,1,21,180,135,373,144,43,21,15,9,512
2026-09-21T20:29:46.504501+00:00,271,193671,128x,300ms,25,64,0,21,180,134,374,145,43,21,15,9,512
2026-09-21T20:29:47.225316+00:00,272,194385,128x,300ms,25,64,0,21,180,134,374,145,43,22,15,9,512
2026-09-21T20:29:47.938441+00:00,273,195100,128x,300ms,25,64,0,21,180,135,374,145,43,21,15,9,512
2026-09-21T20:29:48.656562+00:00,274,195815,128x,300ms,25,64,0,21,180,134,374,145,43,22,15,9,512
2026-09-21T20:29:49.376929+00:00,275,196530,128x,300ms,25,64,0,21,180,135,374,145,44,22,15,9,512
2026-09-21T20:29:50.097354+00:00,276,197244,128x,300ms,25,64,1,21,180,135,374,145,44,22,15,9,513
2026-09-21T20:29:50.816928+00:00,277,197958,128x,300ms,25,64,1,21,180,135,374,145,44,22,15,9,512
2026-09-21T20:29:51.529234+00:00,278,198672,128x,300ms,25,64,1,21,180,135,374,145,43,22,15,9,512
2026-09-21T20:29:52.248547+00:00,279,199387,128x,300ms,25,64,1,21,180,135,374,145,44,22,15,9,512
2026-09-21T20:29:52.969578+00:00,280,200100,128x,300ms,25,64,1,21,180,135,374,146,44,22,15,9,512
2026-09-21T20:29:53.689051+00:00,281,200814,128x,300ms,25,64,0,21,180,135,374,145,44,22,15,9,513
2026-09-21T20:29:54.409527+00:00,282,201529,128x,300ms,25,64,0,21,181,134,374,145,44,21,15,9,512
2026-09-21T20:29:55.128567+00:00,283,202244,128x,300ms,25,64,0,21,181,135,374,145,43,22,15,9,513
2026-09-21T20:29:55.849237+00:00,284,202958,128x,300ms,25,64,0,21,180,135,374,145,43,21,15,9,513
2026-09-21T20:29:56.561131+00:00,285,203673,128x,300ms,25,64,0,21,181,135,374,145,44,21,15,9,513
2026-09-21T20:29:57.280714+00:00,286,204388,128x,300ms,25,64,1,21,180,135,374,145,43,21,15,9,512
2026-09-21T20:29:58.001088+00:00,287,205102,128x,300ms,25,64,1,21,180,135,374,145,44,21,15,9,513
2026-09-21T20:29:58.721479+00:00,288,205815,128x,300ms,25,64,1,21,180,135,374,145,44,22,15,9,513
2026-09-21T20:29:59.433503+00:00,289,206530,128x,300ms,25,64,1,21,180,134,374,145,44,21,15,9,512
2026-09-21T20:30:00.153169+00:00,290,207243,128x,300ms,25,64,1,21,180,134,375,145,43,22,15,9,513
2026-09-21T20:30:00.873915+00:00,291,207958,128x,300ms,25,64,0,21,180,135,374,145,43,22,15,9,513
2026-09-21T20:30:01.593100+00:00,292,208672,128x,300ms,25,64,0,21,180,135,374,145,44,22,15,9,512
2026-09-21T20:30:02.312567+00:00,293,209387,128x,300ms,25,64,0,21,180,135,374,145,43,22,15,9,512
2026-09-21T20:30:03.033925+00:00,294,210102,128x,300ms,25,64,0,21,180,135,374,145,43,22,15,9,513
2026-09-21T20:30:03.754589+00:00,295,210817,128x,300ms,25,64,0,21,180,135,374,145,44,22,15,9,512
2026-09-21T20:30:04.464951+00:00,296,211531,128x,300ms,25,64,1,21,180,135,374,145,44,21,15,9,512
2026-09-21T20:30:05.185091+00:00,297,212245,128x,300ms,25,64,1,21,180,135,374,145,43,22,15,9,512
2026-09-21T20:30:05.905094+00:00,298,212960,128x,300ms,25,64,1,21,180,135,374,145,43,22,15,9,512
2026-09-21T20:30:06.624713+00:00,299,213673,128x,300ms,25,64,1,21,180,135,374,145,44,21,15,8,512
2026-09-21T20:30:07.344860+00:00,300,214387,128x,300ms,25,64,1,21,180,135,375,145,43,22,15,9,512
2026-09-21T20:30:08.065529+00:00,301,215101,128x,300ms,25,64,0,21,180,135,374,145,43,22,15,9,512
2026-09-21T20:30:08.785304+00:00,302,215816,128x,300ms,25,64,0,21,180,135,374,145,43,22,15,9,513
2026-09-21T20:30:09.496998+00:00,303,216530,128x,300ms,25,64,0,21,181,134,374,145,43,21,15,9,513
2026-09-21T20:30:10.216729+00:00,304,217245,128x,300ms,25,64,0,21,180,134,374,145,43,22,15,8,513
2026-09-21T20:30:10.938468+00:00,305,217960,128x,300ms,25,64,0,21,180,134,374,145,44,21,15,9,513
2026-09-21T20:30:11.657420+00:00,306,218675,128x,300ms,25,64,1,22,180,135,374,145,44,21,15,9,512
2026-09-21T20:30:12.376848+00:00,307,219388,128x,300ms,25,64,1,21,180,135,374,145,44,21,15,9,512
2026-09-21T20:30:13.088767+00:00,308,220102,128x,300ms,25,64,1,21,180,135,375,145,44,22,15,9,512
2026-09-21T20:30:13.809267+00:00,309,220816,128x,300ms,25,64,1,21,180,135,374,145,43,21,15,9,513
2026-09-21T20:30:14.529123+00:00,310,221531,128x,300ms,25,64,1,21,180,135,375,145,44,21,15,9,513
2026-09-21T20:30:15.250409+00:00,311,222243,128x,300ms,25,64,0,21,181,135,375,145,43,22,15,9,513
2026-09-21T20:30:15.969343+00:00,312,222958,128x,300ms,25,64,0,21,180,135,374,145,43,21,15,9,512
2026-09-21T20:30:16.688825+00:00,313,223674,128x,300ms,25,64,0,21,181,135,374,145,44,21,15,9,512
2026-09-21T20:30:17.408535+00:00,314,224388,128x,300ms,25,64,0,21,180,135,374,145,43,21,15,9,512
2026-09-21T20:30:18.121474+00:00,315,225102,128x,300ms,25,64,0,21,180,135,374,145,43,22,15,9,513
2026-09-21T20:30:18.840997+00:00,316,225818,128x,300ms,25,64,1,21,180,134,374,145,43,22,15,9,513
2026-09-21T20:30:19.561464+00:00,317,226532,128x,300ms,25,64,1,21,180,135,374,145,43,22,15,9,513
2026-09-21T20:30:20.280473+00:00,318,227246,128x,300ms,25,64,1,21,180,134,374,145,43,21,15,9,513
2026-09-21T20:30:21.001124+00:00,319,227959,128x,300ms,25,64,1,21,180,135,374,145,43,21,15,9,513
2026-09-21T20:30:21.720560+00:00,320,228673,128x,300ms,25,64,1,21,181,134,374,145,44,21,15,9,512
2026-09-21T20:30:22.433414+00:00,321,229387,128x,300ms,25,64,0,21,181,135,374,145,43,22,15,9,513
2026-09-21T20:30:23.153334+00:00,322,230102,128x,300ms,25,64,0,21,180,134,374,145,43,21,15,9,513
2026-09-21T20:30:23.872461+00:00,323,230816,128x,300ms,25,64,0,21,180,134,374,145,43,22,15,9,512
2026-09-21T20:30:24.593970+00:00,324,231531,128x,300ms,25,64,0,21,181,135,374,145,43,21,15,9,512
2026-09-21T20:30:25.313027+00:00,325,232246,128x,300ms,25,64,0,21,180,135,374,145,44,22,15,9,512
2026-09-21T20:30:26.025212+00:00,326,232961,128x,300ms,25,64,1,21,180,134,374,145,43,21,15,9,512
2026-09-21T20:30:26.744469+00:00,327,233674,128x,300ms,25,64,1,21,180,135,374,145,43,21,15,9,512
2026-09-21T20:30:27.464988+00:00,328,234388,128x,300ms,25,64,1,22,180,135,375,145,44,22,15,9,513
2026-09-21T20:30:28.185768+00:00,329,235102,128x,300ms,25,64,1,21,180,134,374,145,43,21,15,9,512
2026-09-21T20:30:28.904631+00:00,330,235816,128x,300ms,25,64,1,21,180,135,374,145,44,21,15,8,513
2026-09-21T20:30:29.625135+00:00,331,236530,128x,300ms,25,64,0,21,180,135,374,145,44,22,15,9,512
2026-09-21T20:30:30.345211+00:00,332,237245,128x,300ms,25,64,0,21,180,134,374,145,44,21,15,9,512
2026-09-21T20:30:31.064610+00:00,333,237960,128x,300ms,25,64,0,21,181,135,374,145,43,21,15,9,512
2026-09-21T20:30:31.776669+00:00,334,238674,128x,300ms,25,64,0,21,180,135,374,145,43,21,15,9,512
2026-09-21T20:30:32.496749+00:00,335,239389,128x,300ms,25,64,0,21,180,135,374,145,43,21,15,9,512
2026-09-21T20:30:33.217538+00:00,336,240104,128x,300ms,25,64,1,21,180,135,374,145,43,22,15,9,512
2026-09-21T20:30:33.937403+00:00,337,240818,128x,300ms,25,64,1,21,180,135,374,145,44,22,15,8,512
2026-09-21T20:30:34.648878+00:00,338,241531,128x,300ms,25,64,1,21,180,135,374,145,44,21,15,9,512
2026-09-21T20:30:35.369311+00:00,339,242245,128x,300ms,25,64,1,21,180,134,374,145,44,21,15,9,512
2026-09-21T20:30:36.088530+00:00,340,242960,128x,300ms,25,64,1,21,180,134,374,145,43,21,15,9,512
2026-09-21T20:30:36.809086+00:00,341,243674,128x,300ms,25,64,0,21,180,135,374,145,44,22,15,9,512
2026-09-21T20:30:37.528771+00:00,342,244388,128x,300ms,25,64,0,21,180,135,374,145,43,21,15,9,512
2026-09-21T20:30:38.251015+00:00,343,245103,128x,300ms,25,64,0,21,180,135,374,145,43,21,15,9,512
2026-09-21T20:30:38.969453+00:00,344,245818,128x,300ms,25,64,0,21,180,135,374,145,44,22,15,9,512
2026-09-21T20:30:39.681085+00:00,345,246533,128x,300ms,25,64,0,21,180,135,374,145,44,22,15,9,513
2026-09-21T20:30:40.401313+00:00,346,247247,128x,300ms,25,64,1,21,181,135,374,145,43,22,15,9,512
2026-09-21T20:30:41.121414+00:00,347,247961,128x,300ms,25,64,1,21,180,135,374,145,44,21,15,9,512
2026-09-21T20:30:41.840527+00:00,348,248676,128x,300ms,25,64,1,21,180,135,374,145,44,22,15,9,512
2026-09-21T20:30:42.561265+00:00,349,249389,128x,300ms,25,64,1,21,180,135,374,145,43,21,15,9,512
2026-09-21T20:30:43.280559+00:00,350,250103,128x,300ms,25,64,1,21,180,135,374,145,43,21,15,9,513
2026-09-21T20:30:43.992899+00:00,351,250817,128x,300ms,25,64,0,21,180,134,374,145,43,21,15,9,512
2026-09-21T20:30:44.712762+00:00,352,251532,128x,300ms,25,64,0,21,180,135,374,145,44,21,15,9,512
2026-09-21T20:30:45.433049+00:00,353,252247,128x,300ms,25,64,0,21,181,134,374,145,43,22,15,8,512
2026-09-21T20:30:46.153508+00:00,354,252961,128x,300ms,25,64,0,21,180,135,374,145,44,21,15,8,512
2026-09-21T20:30:46.872505+00:00,355,253676,128x,300ms,25,64,0,21,180,135,374,145,43,22,15,9,512
2026-09-21T20:30:47.593398+00:00,356,254391,128x,300ms,25,64,1,21,180,135,374,145,43,22,15,9,512
2026-09-21T20:30:48.306132+00:00,357,255105,128x,300ms,25,64,1,21,181,135,374,145,44,21,15,9,512
2026-09-21T20:30:49.024935+00:00,358,255818,128x,300ms,25,64,1,21,180,134,374,145,43,22,15,8,512
2026-09-21T20:30:49.744702+00:00,359,256532,128x,300ms,25,64,1,21,180,135,374,145,43,22,15,8,512
2026-09-21T20:30:50.465163+00:00,360,257247,128x,300ms,25,64,1,21,180,135,374,145,44,22,15,9,512
2026-09-21T20:30:51.184529+00:00,361,257960,128x,300ms,25,64,0,21,180,135,374,145,43,21,15,9,512
2026-09-21T20:30:51.905504+00:00,362,258675,128x,300ms,25,64,0,21,180,134,374,145,43,21,15,9,512
2026-09-21T20:30:52.625575+00:00,363,259390,128x,300ms,25,64,0,21,180,135,375,145,43,21,15,9,511
2026-09-21T20:30:53.336361+00:00,364,260105,128x,300ms,25,64,0,21,180,135,374,145,43,22,15,9,512
2026-09-21T20:30:54.056480+00:00,365,260819,128x,300ms,25,64,0,21,180,135,374,145,43,22,15,9,512
2026-09-21T20:30:54.776994+00:00,366,261534,128x,300ms,25,64,1,21,180,134,374,145,43,21,15,9,512
2026-09-21T20:30:55.497335+00:00,367,262250,128x,300ms,25,64,1,21,180,134,374,145,43,22,15,9,512
2026-09-21T20:30:56.216477+00:00,368,262964,128x,300ms,25,64,1,21,180,134,374,145,44,21,15,9,512
2026-09-21T20:30:56.943485+00:00,369,263677,128x,300ms,25,64,1,21,180,134,374,145,43,21,15,9,512
2026-09-21T20:30:57.656651+00:00,370,264391,128x,300ms,25,64,1,21,180,135,374,145,43,22,15,9,512
2026-09-21T20:30:58.377693+00:00,371,265106,128x,300ms,25,64,0,21,180,134,373,145,43,22,15,8,511
2026-09-21T20:30:59.089392+00:00,372,265820,128x,300ms,25,64,0,21,180,134,373,145,43,21,15,9,511
2026-09-21T20:30:59.810080+00:00,373,266535,128x,300ms,25,64,0,21,180,135,374,145,44,22,15,9,512
2026-09-21T20:31:00.529654+00:00,374,267250,128x,300ms,25,64,0,21,180,134,374,145,43,22,15,8,512
2026-09-21T20:31:01.248451+00:00,375,267965,128x,300ms,25,64,0,21,180,135,373,145,44,21,15,9,511
2026-09-21T20:31:01.968866+00:00,376,268680,128x,300ms,25,64,1,21,180,135,374,145,44,21,15,9,512
2026-09-21T20:31:02.680536+00:00,377,269393,128x,300ms,25,64,1,21,180,135,374,145,44,22,15,9,512
2026-09-21T20:31:03.400612+00:00,378,270107,128x,300ms,25,64,1,21,180,135,374,145,43,22,15,9,511
2026-09-21T20:31:04.120449+00:00,379,270821,128x,300ms,25,64,1,21,180,135,374,145,43,22,15,9,512
2026-09-21T20:31:04.842113+00:00,380,271535,128x,300ms,25,64,1,21,180,134,374,145,43,22,15,9,511
2026-09-21T20:31:05.560577+00:00,381,272249,128x,300ms,25,64,0,21,180,134,374,145,43,22,15,9,512
2026-09-21T20:31:06.280439+00:00,382,272964,128x,300ms,25,64,0,21,180,135,374,145,44,21,15,9,512
2026-09-21T20:31:07.002155+00:00,383,273679,128x,300ms,25,64,0,21,180,135,373,145,43,22,15,9,512
2026-09-21T20:31:07.712891+00:00,384,274394,128x,300ms,25,64,0,22,180,135,374,145,43,22,15,9,512
2026-09-21T20:31:08.433216+00:00,385,275108,128x,300ms,25,64,0,21,180,134,374,145,43,21,15,9,512
2026-09-21T20:31:09.153882+00:00,386,275823,128x,300ms,25,64,1,21,180,135,374,145,43,22,15,9,512
2026-09-21T20:31:09.872348+00:00,387,276537,128x,300ms,25,64,1,21,180,135,374,145,44,21,15,9,512
2026-09-21T20:31:10.593324+00:00,388,277251,128x,300ms,25,64,1,21,180,135,374,145,44,22,15,9,512
2026-09-21T20:31:11.312421+00:00,389,277964,128x,300ms,25,64,1,21,180,135,374,145,44,22,15,9,512
2026-09-21T20:31:12.025367+00:00,390,278679,128x,300ms,25,64,1,21,180,134,374,145,43,22,15,9,512
2026-09-21T20:31:12.745044+00:00,391,279393,128x,300ms,25,64,0,21,180,134,374,145,44,22,15,8,512
2026-09-21T20:31:13.464936+00:00,392,280108,128x,300ms,25,64,0,21,180,135,374,145,43,21,15,8,512
2026-09-21T20:31:14.184509+00:00,393,280822,128x,300ms,25,64,0,21,180,135,374,145,44,21,15,9,513
2026-09-21T20:31:14.904885+00:00,394,281537,128x,300ms,25,64,0,21,180,135,374,145,44,22,15,9,512
2026-09-21T20:31:15.624678+00:00,395,282252,128x,300ms,25,64,0,21,180,134,374,145,43,21,15,9,512
2026-09-21T20:31:16.337347+00:00,396,282967,128x,300ms,25,64,1,21,180,135,374,145,43,21,15,9,512
2026-09-21T20:31:17.056541+00:00,397,283680,128x,300ms,25,64,1,21,180,135,374,145,43,21,15,9,512
2026-09-21T20:31:17.778566+00:00,398,284394,128x,300ms,25,64,1,21,181,135,374,145,44,21,15,9,512
2026-09-21T20:31:18.497984+00:00,399,285108,128x,300ms,25,64,1,21,180,135,374,145,44,21,15,9,512
2026-09-21T20:31:19.216481+00:00,400,285822,128x,300ms,25,64,1,21,181,135,374,145,43,21,15,8,512
2026-09-21T20:31:19.936882+00:00,401,286535,128x,300ms,25,64,0,21,180,135,374,145,44,22,15,9,512
2026-09-21T20:31:20.656397+00:00,402,287251,128x,300ms,25,64,0,21,180,134,374,145,44,22,15,9,513
2026-09-21T20:31:21.368280+00:00,403,287966,128x,300ms,25,64,0,21,180,134,374,145,43,21,15,9,513
2026-09-21T20:31:22.088486+00:00,404,288680,128x,300ms,25,64,0,21,180,135,374,145,43,22,15,9,512
2026-09-21T20:31:22.809354+00:00,405,289395,128x,300ms,25,64,0,21,180,135,374,145,43,22,15,9,513
2026-09-21T20:31:23.529398+00:00,406,290110,128x,300ms,25,64,1,21,180,134,374,145,43,22,15,9,513
2026-09-21T20:31:24.248398+00:00,407,290824,128x,300ms,25,64,1,21,180,135,375,145,44,22,15,9,513
2026-09-21T20:31:24.961062+00:00,408,291537,128x,300ms,25,64,1,22,180,135,374,145,44,21,15,9,513
2026-09-21T20:31:25.681328+00:00,409,292252,128x,300ms,25,64,1,21,181,134,374,145,43,21,15,9,513
2026-09-21T20:31:26.400651+00:00,410,292966,128x,300ms,25,64,1,21,180,135,374,145,44,22,15,9,513
2026-09-21T20:31:27.121330+00:00,411,293680,128x,300ms,25,64,0,21,180,135,374,145,44,21,15,9,513
2026-09-21T20:31:27.840960+00:00,412,294394,128x,300ms,25,64,0,21,180,134,374,145,43,22,15,9,513
2026-09-21T20:31:28.560771+00:00,413,295109,128x,300ms,25,64,0,21,180,134,374,145,43,22,15,9,513
2026-09-21T20:31:29.280694+00:00,414,295824,128x,300ms,25,64,0,21,181,134,374,145,43,22,15,9,512
2026-09-21T20:31:29.993334+00:00,415,296539,128x,300ms,25,64,0,21,180,135,374,145,43,21,15,9,513
2026-09-21T20:31:30.712784+00:00,416,297253,128x,300ms,25,64,1,21,180,135,374,145,44,22,15,9,512
2026-09-21T20:31:31.432405+00:00,417,297967,128x,300ms,25,64,1,21,180,134,374,145,44,21,15,9,512
2026-09-21T20:31:32.153350+00:00,418,298681,128x,300ms,25,64,1,21,180,134,375,145,43,22,15,9,513
2026-09-21T20:31:32.873025+00:00,419,299395,128x,300ms,25,64,1,21,180,134,374,145,44,21,15,9,513
2026-09-21T20:31:33.592623+00:00,420,300108,128x,300ms,25,64,1,21,181,135,374,145,44,22,15,9,512
2026-09-21T20:31:34.304610+00:00,421,300822,128x,300ms,25,64,0,21,180,135,375,145,44,22,15,9,513
2026-09-21T20:31:35.024373+00:00,422,301538,128x,300ms,25,64,0,21,180,135,375,145,44,22,15,9,512
2026-09-21T20:31:35.744369+00:00,423,302253,128x,300ms,25,64,0,21,180,134,375,145,44,21,15,9,513
2026-09-21T20:31:36.465312+00:00,424,302967,128x,300ms,25,64,0,21,180,134,375,145,43,21,15,9,512
2026-09-21T20:31:37.184355+00:00,425,303682,128x,300ms,25,64,0,21,180,134,374,145,43,21,15,9,513
2026-09-21T20:31:37.904796+00:00,426,304397,128x,300ms,25,64,1,21,180,135,374,145,43,22,15,9,513
2026-09-21T20:31:38.616994+00:00,427,305111,128x,300ms,25,64,1,21,180,135,374,145,43,22,15,9,512
2026-09-21T20:31:39.336360+00:00,428,305825,128x,300ms,25,64,1,21,180,134,375,145,44,21,15,9,513
2026-09-21T20:31:40.056849+00:00,429,306539,128x,300ms,25,64,1,21,180,134,374,145,43,21,15,9,512
2026-09-21T20:31:40.776351+00:00,430,307253,128x,300ms,25,64,1,21,180,135,374,145,44,21,15,9,512
2026-09-21T20:31:41.496718+00:00,431,307966,128x,300ms,25,64,0,21,180,135,374,145,43,21,15,9,512
2026-09-21T20:31:42.217193+00:00,432,308681,128x,300ms,25,64,0,21,180,134,374,145,43,21,15,9,513
2026-09-21T20:31:42.936375+00:00,433,309396,128x,300ms,25,64,0,21,180,135,374,145,43,22,15,9,512
2026-09-21T20:31:43.648372+00:00,434,310111,128x,300ms,25,64,0,21,180,134,374,145,43,21,15,9,512
2026-09-21T20:31:44.368349+00:00,435,310825,128x,300ms,25,64,0,21,180,135,374,145,43,22,15,9,512
2026-09-21T20:31:45.088438+00:00,436,311540,128x,300ms,25,64,1,21,180,134,374,145,43,21,15,9,512
2026-09-21T20:31:45.809225+00:00,437,312254,128x,300ms,25,64,1,21,180,135,374,145,43,21,15,9,512
2026-09-21T20:31:46.528372+00:00,438,312968,128x,300ms,25,64,1,21,180,135,374,145,44,21,15,9,513
2026-09-21T20:31:47.241459+00:00,439,313681,128x,300ms,25,64,1,21,180,135,374,145,43,22,15,9,512
2026-09-21T20:31:47.960791+00:00,440,314396,128x,300ms,25,64,1,21,180,134,374,145,43,22,15,9,512
2026-09-21T20:31:48.681332+00:00,441,315110,128x,300ms,25,64,0,21,180,135,374,145,43,21,15,9,512
2026-09-21T20:31:49.401539+00:00,442,315825,128x,300ms,25,64,0,21,180,135,374,145,44,22,15,9,513
2026-09-21T20:31:50.120332+00:00,443,316539,128x,300ms,25,64,0,21,180,134,374,145,43,22,15,9,512
2026-09-21T20:31:50.841391+00:00,444,317254,128x,300ms,25,64,0,21,180,135,374,145,44,21,15,9,512
2026-09-21T20:31:51.561173+00:00,445,317969,128x,300ms,25,64,0,21,180,135,374,145,44,21,15,9,512
2026-09-21T20:31:52.272834+00:00,446,318684,128x,300ms,25,64,1,21,180,135,374,145,43,22,15,9,512
2026-09-21T20:31:52.993213+00:00,447,319397,128x,300ms,25,64,1,21,180,135,374,145,44,22,15,9,512
2026-09-21T20:31:53.712373+00:00,448,320111,128x,300ms,25,64,1,22,180,135,374,145,43,21,15,9,512
2026-09-21T20:31:54.432731+00:00,449,320825,128x,300ms,25,64,1,21,180,135,374,145,43,21,15,9,512
2026-09-21T20:31:55.152613+00:00,450,321539,128x,300ms,25,64,1,21,180,134,374,145,43,21,15,9,512
2026-09-21T20:31:55.865120+00:00,451,322253,128x,300ms,25,64,0,21,180,134,375,145,44,22,15,9,512
2026-09-21T20:31:56.584265+00:00,452,322968,128x,300ms,25,64,0,21,180,135,374,145,44,22,15,9,512
2026-09-21T20:31:57.306100+00:00,453,323683,128x,300ms,25,64,0,21,181,135,374,145,44,22,15,9,512
2026-09-21T20:31:58.024930+00:00,454,324398,128x,300ms,25,64,0,21,180,135,374,145,44,22,15,9,512
2026-09-21T20:31:58.744657+00:00,455,325112,128x,300ms,25,64,0,21,180,135,374,145,43,22,15,9,512
2026-09-21T20:31:59.465187+00:00,456,325827,128x,300ms,25,64,1,21,180,135,374,145,44,22,15,9,513
2026-09-21T20:32:00.176567+00:00,457,326541,128x,300ms,25,64,1,21,180,135,374,145,44,22,15,9,512
2026-09-21T20:32:00.896470+00:00,458,327255,128x,300ms,25,64,1,21,181,135,374,145,44,21,15,8,512
2026-09-21T20:32:01.616881+00:00,459,327969,128x,300ms,25,64,1,21,180,134,375,145,44,22,15,9,513
2026-09-21T20:32:02.336143+00:00,460,328683,128x,300ms,25,64,1,21,180,135,374,145,43,21,15,9,513
2026-09-21T20:32:03.056664+00:00,461,329397,128x,300ms,25,64,0,21,180,135,374,145,43,22,15,9,513
2026-09-21T20:32:03.776797+00:00,462,330112,128x,300ms,25,64,0,21,180,134,374,145,44,22,15,9,513
2026-09-21T20:32:04.496478+00:00,463,330826,128x,300ms,25,64,0,21,180,135,374,145,43,22,15,9,513
2026-09-21T20:32:05.209131+00:00,464,331541,128x,300ms,25,64,0,21,180,135,374,145,44,21,15,9,513
2026-09-21T20:32:05.928578+00:00,465,332256,128x,300ms,25,64,0,21,180,135,374,145,44,21,15,8,512
2026-09-21T20:32:06.649294+00:00,466,332971,128x,300ms,25,64,1,21,180,135,375,145,43,21,15,9,513
2026-09-21T20:32:07.368771+00:00,467,333684,128x,300ms,25,64,1,21,180,135,374,145,44,22,15,9,512
2026-09-21T20:32:08.088800+00:00,468,334398,128x,300ms,25,64,1,21,180,135,375,145,44,21,15,9,513
2026-09-21T20:32:08.809271+00:00,469,335112,128x,300ms,25,64,1,21,180,135,375,145,44,22,15,9,513
2026-09-21T20:32:09.521323+00:00,470,335826,128x,300ms,25,64,1,21,181,135,375,145,44,21,15,9,513
2026-09-21T20:32:10.240134+00:00,471,336540,128x,300ms,25,64,0,21,180,135,374,145,44,22,15,9,513
2026-09-21T20:32:10.960493+00:00,472,337255,128x,300ms,25,64,0,21,180,134,375,145,44,22,15,9,513
2026-09-21T20:32:11.680375+00:00,473,337970,128x,300ms,25,64,0,21,181,135,374,145,44,22,15,9,513
2026-09-21T20:32:12.400661+00:00,474,338684,128x,300ms,25,64,0,21,180,135,375,145,44,22,15,9,513
2026-09-21T20:32:13.120985+00:00,475,339399,128x,300ms,25,64,0,21,180,135,375,145,44,22,15,9,513
2026-09-21T20:32:13.832896+00:00,476,340114,128x,300ms,25,64,1,21,181,135,375,145,44,22,15,9,513
2026-09-21T20:32:14.553080+00:00,477,340828,128x,300ms,25,64,1,21,180,135,374,146,44,22,15,9,513
2026-09-21T20:32:15.272991+00:00,478,341541,128x,300ms,25,64,1,21,180,135,374,145,44,21,15,9,513
2026-09-21T20:32:15.992290+00:00,479,342255,128x,300ms,25,64,1,21,180,135,375,145,44,22,15,9,513
2026-09-21T20:32:16.712233+00:00,480,342969,128x,300ms,25,64,1,21,180,135,374,145,44,22,15,9,513
2026-09-21T20:32:17.432556+00:00,481,343684,128x,300ms,25,64,0,21,181,135,375,145,43,21,15,9,512
2026-09-21T20:32:18.144581+00:00,482,344398,128x,300ms,25,64,0,21,181,135,375,145,44,21,15,9,513
2026-09-21T20:32:18.864722+00:00,483,345112,128x,300ms,25,64,0,21,181,134,375,145,43,22,15,8,512
2026-09-21T20:32:19.584734+00:00,484,345827,128x,300ms,25,64,0,21,180,135,375,145,43,22,15,9,512
2026-09-21T20:32:20.304773+00:00,485,346543,128x,300ms,25,64,0,21,181,135,375,145,44,22,15,9,513
2026-09-21T20:32:21.024454+00:00,486,347256,128x,300ms,25,64,1,21,180,135,375,145,44,21,15,9,513
2026-09-21T20:32:21.744806+00:00,487,347971,128x,300ms,25,64,1,21,180,134,374,145,43,22,15,9,512
2026-09-21T20:32:22.456149+00:00,488,348685,128x,300ms,25,64,1,21,180,135,374,145,44,21,15,9,513
2026-09-21T20:32:23.176567+00:00,489,349399,128x,300ms,25,64,1,21,181,135,374,145,43,22,15,9,512
2026-09-21T20:32:23.896210+00:00,490,350112,128x,300ms,25,64,1,21,180,135,375,145,43,22,15,9,512
2026-09-21T20:32:24.616338+00:00,491,350827,128x,300ms,25,64,0,22,180,134,375,145,43,22,15,9,513
2026-09-21T20:32:25.336753+00:00,492,351542,128x,300ms,25,64,0,21,180,135,374,145,44,22,15,9,513
2026-09-21T20:32:26.056187+00:00,493,352257,128x,300ms,25,64,0,21,180,135,375,145,44,22,15,9,513
2026-09-21T20:32:26.771243+00:00,494,352971,128x,300ms,25,64,0,21,181,135,375,145,44,22,15,9,513
2026-09-21T20:32:27.488170+00:00,495,353686,128x,300ms,25,64,0,21,180,135,375,145,43,22,15,9,513
2026-09-21T20:32:28.208185+00:00,496,354401,128x,300ms,25,64,1,21,180,135,374,145,43,22,15,9,513
2026-09-21T20:32:28.929660+00:00,497,355115,128x,300ms,25,64,1,21,181,135,374,145,44,22,15,9,512
2026-09-21T20:32:29.648079+00:00,498,355829,128x,300ms,25,64,1,21,181,135,375,145,44,22,15,9,513
2026-09-21T20:32:30.369260+00:00,499,356543,128x,300ms,25,64,1,21,180,135,374,145,43,22,15,9,512
2026-09-21T20:32:31.088883+00:00,500,357257,128x,300ms,25,64,1,21,180,135,375,145,44,22,15,9,513
2026-09-21T20:32:31.808219+00:00,501,357970,128x,300ms,25,64,0,21,180,135,375,145,44,22,15,9,513
2026-09-21T20:32:32.520196+00:00,502,358686,128x,300ms,25,64,0,21,181,135,375,145,43,22,15,9,513
2026-09-21T20:32:33.240939+00:00,503,359401,128x,300ms,25,64,0,21,180,135,375,145,44,22,15,9,513
2026-09-21T20:32:33.961204+00:00,504,360116,128x,300ms,25,64,0,21,180,135,375,145,44,21,15,9,513
2026-09-21T20:32:34.681586+00:00,505,360830,128x,300ms,25,64,0,21,180,135,375,145,44,22,15,9,513
2026-09-21T20:32:35.401046+00:00,506,361545,128x,300ms,25,64,1,21,180,135,375,145,44,21,15,8,513
2026-09-21T20:32:36.112506+00:00,507,362259,128x,300ms,25,64,1,21,180,135,374,145,44,21,15,9,513
2026-09-21T20:32:36.832644+00:00,508,362973,128x,300ms,25,64,1,21,180,135,374,145,43,22,15,9,513
2026-09-21T20:32:37.552084+00:00,509,363686,128x,300ms,25,64,1,21,180,134,374,145,44,22,15,9,512
2026-09-21T20:32:38.272045+00:00,510,364401,128x,300ms,25,64,1,21,180,135,374,145,44,22,15,9,513
2026-09-21T20:32:38.992696+00:00,511,365115,128x,300ms,25,64,0,21,180,134,374,145,44,22,15,9,512
2026-09-21T20:32:39.712169+00:00,512,365830,128x,300ms,25,64,0,21,180,134,375,145,44,21,15,9,513
2026-09-21T20:32:40.433180+00:00,513,366544,128x,300ms,25,64,0,21,181,135,374,145,43,21,15,9,512
2026-09-21T20:32:41.144157+00:00,514,367259,128x,300ms,25,64,0,21,181,135,374,145,44,22,15,9,512
2026-09-21T20:32:41.864920+00:00,515,367974,128x,300ms,25,64,0,21,180,135,374,145,43,21,15,9,513
2026-09-21T20:32:42.585375+00:00,516,368689,128x,300ms,25,64,1,21,180,135,374,145,44,21,15,9,513
2026-09-21T20:32:43.304123+00:00,517,369402,128x,300ms,25,64,1,21,180,135,374,145,43,22,15,8,512
2026-09-21T20:32:44.024792+00:00,518,370116,128x,300ms,25,64,1,21,180,134,374,145,43,22,15,9,513
2026-09-21T20:32:44.744182+00:00,519,370830,128x,300ms,25,64,1,21,180,135,374,145,43,22,15,9,513
2026-09-21T20:32:45.456997+00:00,520,371545,128x,300ms,25,64,1,21,181,135,375,145,44,21,15,9,513
2026-09-21T20:32:46.176160+00:00,521,372258,128x,300ms,25,64,0,21,180,135,374,145,44,22,15,9,512
2026-09-21T20:32:46.896565+00:00,522,372973,128x,300ms,25,64,0,21,181,135,375,145,44,21,15,9,513
2026-09-21T20:32:47.616301+00:00,523,373688,128x,300ms,25,64,0,21,181,134,375,145,43,22,15,9,513
2026-09-21T20:32:48.336121+00:00,524,374402,128x,300ms,25,64,0,21,180,135,374,145,43,22,15,9,513
2026-09-21T20:32:49.056230+00:00,525,375117,128x,300ms,25,64,0,21,180,135,375,145,44,22,15,9,512
2026-09-21T20:32:49.768140+00:00,526,375832,128x,300ms,25,64,1,21,180,135,374,145,43,22,15,9,513
2026-09-21T20:32:50.489868+00:00,527,376546,128x,300ms,25,64,1,21,181,135,375,145,44,22,15,9,513
2026-09-21T20:32:51.209026+00:00,528,377260,128x,300ms,25,64,1,21,180,135,374,145,43,22,15,9,513
2026-09-21T20:32:51.928419+00:00,529,377974,128x,300ms,25,64,1,21,180,134,374,145,44,22,15,9,513
2026-09-21T20:32:52.648125+00:00,530,378688,128x,300ms,25,64,1,21,180,135,375,145,44,21,15,9,514
2026-09-21T20:32:53.369046+00:00,531,379402,128x,300ms,25,64,0,21,180,135,374,145,44,21,15,9,513
2026-09-21T20:32:54.080884+00:00,532,380116,128x,300ms,25,64,0,21,180,134,375,145,44,21,15,9,513
2026-09-21T20:32:54.800047+00:00,533,380831,128x,300ms,25,64,0,21,181,135,375,145,44,21,15,9,513
2026-09-21T20:32:55.520456+00:00,534,381546,128x,300ms,25,64,0,21,181,134,374,145,44,21,15,9,513
2026-09-21T20:32:56.241005+00:00,535,382260,128x,300ms,25,64,0,21,180,135,374,145,44,21,15,9,513
2026-09-21T20:32:56.960723+00:00,536,382976,128x,300ms,25,64,1,21,180,135,375,145,43,22,15,9,513
2026-09-21T20:32:57.680653+00:00,537,383689,128x,300ms,25,64,1,21,180,135,375,146,43,21,15,9,513
2026-09-21T20:32:58.393001+00:00,538,384403,128x,300ms,25,64,1,21,180,135,375,145,43,22,15,9,513
2026-09-21T20:32:59.112492+00:00,539,385117,128x,300ms,25,64,1,21,181,135,374,145,43,22,15,9,513
2026-09-21T20:32:59.832101+00:00,540,385830,128x,300ms,25,64,1,21,180,135,375,145,44,21,15,9,514
2026-09-21T20:33:00.553059+00:00,541,386545,128x,300ms,25,64,0,21,180,135,375,145,44,22,15,9,513
2026-09-21T20:33:01.273003+00:00,542,387260,128x,300ms,25,64,0,21,181,135,375,145,44,22,15,9,513
2026-09-21T20:33:01.992095+00:00,543,387975,128x,300ms,25,64,0,21,181,135,375,145,44,22,15,9,513
2026-09-21T20:33:02.713530+00:00,544,388689,128x,300ms,25,64,0,21,181,135,375,145,44,22,15,9,513
2026-09-21T20:33:03.424974+00:00,545,389404,128x,300ms,25,64,0,22,181,135,375,145,44,21,15,9,513
2026-09-21T20:33:04.145101+00:00,546,390119,128x,300ms,25,64,1,21,181,135,375,145,44,21,15,9,514
2026-09-21T20:33:04.864468+00:00,547,390833,128x,300ms,25,64,1,21,181,135,375,145,44,22,15,8,513
2026-09-21T20:33:05.583960+00:00,548,391546,128x,300ms,25,64,1,21,181,135,375,145,43,22,15,9,513
2026-09-21T20:33:06.304803+00:00,549,392260,128x,300ms,25,64,1,21,181,135,375,145,44,21,15,9,513
2026-09-21T20:33:07.025010+00:00,550,392974,128x,300ms,25,64,1,21,181,135,375,145,44,22,15,9,514
2026-09-21T20:33:07.737659+00:00,551,393689,128x,300ms,25,64,0,21,181,135,375,145,43,21,15,9,513
2026-09-21T20:33:08.456901+00:00,552,394403,128x,300ms,25,64,0,21,181,135,375,145,44,21,15,9,514
2026-09-21T20:33:09.176078+00:00,553,395118,128x,300ms,25,64,0,21,181,135,376,145,44,22,15,9,513
2026-09-21T20:33:09.896894+00:00,554,395832,128x,300ms,25,64,0,21,181,135,375,145,44,21,15,9,513
2026-09-21T20:33:10.615954+00:00,555,396547,128x,300ms,25,64,0,21,181,135,375,145,44,22,15,9,513
2026-09-21T20:33:11.336200+00:00,556,397261,128x,300ms,25,64,1,21,181,135,375,145,44,22,15,9,513
2026-09-21T20:33:12.048516+00:00,557,397976,128x,300ms,25,64,1,21,180,135,375,145,44,22,15,9,513
2026-09-21T20:33:12.768237+00:00,558,398690,128x,300ms,25,64,1,21,181,135,375,145,44,21,15,9,514
2026-09-21T20:33:13.488472+00:00,559,399404,128x,300ms,25,64,1,21,181,135,375,145,44,22,15,9,513
2026-09-21T20:33:14.208763+00:00,560,400117,128x,300ms,25,64,1,21,180,135,375,145,43,22,15,9,514
2026-09-21T20:33:14.928579+00:00,561,400832,128x,300ms,25,64,0,21,180,135,375,145,44,22,15,9,513
2026-09-21T20:33:15.648955+00:00,562,401547,128x,300ms,25,64,0,21,181,135,375,145,44,22,15,9,514
2026-09-21T20:33:16.369525+00:00,563,402260,128x,300ms,25,64,0,21,181,135,375,145,44,22,15,9,514
2026-09-21T20:33:17.082061+00:00,564,402975,128x,300ms,25,64,0,21,180,135,375,145,43,22,15,9,514
2026-09-21T20:33:17.800052+00:00,565,403691,128x,300ms,25,64,0,21,181,135,376,145,44,22,15,9,513
2026-09-21T20:33:18.520317+00:00,566,404405,128x,300ms,25,64,1,21,181,135,375,145,44,22,15,9,514
2026-09-21T20:33:19.240711+00:00,567,405120,128x,300ms,25,64,1,21,181,135,375,145,44,22,15,9,514
2026-09-21T20:33:19.952379+00:00,568,405833,128x,300ms,25,64,1,21,180,135,375,146,44,21,15,9,514
2026-09-21T20:33:20.672916+00:00,569,406547,128x,300ms,25,64,1,21,181,135,375,145,44,22,15,9,514
2026-09-21T20:33:21.392472+00:00,570,407261,128x,300ms,25,64,1,22,181,134,375,145,44,22,15,9,514
2026-09-21T20:33:22.112094+00:00,571,407975,128x,300ms,25,64,0,21,181,135,375,145,44,22,15,9,514
2026-09-21T20:33:22.832936+00:00,572,408690,128x,300ms,25,64,0,21,181,135,375,146,44,22,15,9,513
2026-09-21T20:33:23.552906+00:00,573,409404,128x,300ms,25,64,0,21,181,135,375,146,43,22,15,9,513
2026-09-21T20:33:24.272469+00:00,574,410119,128x,300ms,25,64,0,21,181,135,375,146,44,22,15,9,514
2026-09-21T20:33:24.984989+00:00,575,410833,128x,300ms,25,64,0,21,181,135,375,145,44,21,15,9,514
2026-09-21T20:33:25.704597+00:00,576,411548,128x,300ms,25,64,1,22,181,135,375,145,44,21,15,9,513
2026-09-21T20:33:26.424920+00:00,577,412262,128x,300ms,25,64,1,21,181,135,375,146,44,22,15,9,513
2026-09-21T20:33:27.144015+00:00,578,412976,128x,300ms,25,64,1,21,181,135,375,145,43,22,15,9,514
2026-09-21T20:33:27.864884+00:00,579,413690,128x,300ms,25,64,1,21,181,135,375,145,44,21,15,9,514
2026-09-21T20:33:28.576334+00:00,580,414403,128x,300ms,25,64,1,21,181,135,375,145,43,21,15,9,514
2026-09-21T20:33:29.297907+00:00,581,415118,128x,300ms,25,64,0,21,181,135,375,145,44,21,15,9,513
2026-09-21T20:33:30.016831+00:00,582,415833,128x,300ms,25,64,0,21,181,134,375,146,44,22,15,9,514
2026-09-21T20:33:30.735912+00:00,583,416547,128x,300ms,25,64,0,21,181,135,375,145,44,21,15,9,514
2026-09-21T20:33:31.456325+00:00,584,417261,128x,300ms,25,64,0,21,181,135,375,145,43,21,15,9,514
2026-09-21T20:33:32.176892+00:00,585,417976,128x,300ms,25,64,0,21,181,135,376,145,43,22,15,9,514
2026-09-21T20:33:32.896005+00:00,586,418691,128x,300ms,25,64,1,21,181,135,375,145,44,21,15,9,513
2026-09-21T20:33:33.608843+00:00,587,419404,128x,300ms,25,64,1,21,181,135,375,145,43,22,15,9,514
2026-09-21T20:33:34.328865+00:00,588,420118,128x,300ms,25,64,1,21,181,135,375,145,44,21,15,9,513
2026-09-21T20:33:35.048946+00:00,589,420833,128x,300ms,25,64,1,21,181,134,375,146,43,22,15,9,514
2026-09-21T20:33:35.767888+00:00,590,421547,128x,300ms,25,64,1,21,181,135,375,146,44,22,15,9,514
2026-09-21T20:33:36.488582+00:00,591,422260,128x,300ms,25,64,0,21,181,135,375,145,44,22,15,9,514
2026-09-21T20:33:37.208383+00:00,592,422975,128x,300ms,25,64,0,21,181,135,375,145,43,22,15,9,514
2026-09-21T20:33:37.919986+00:00,593,423690,128x,300ms,25,64,0,21,181,135,375,145,44,22,15,9,514
2026-09-21T20:33:38.640120+00:00,594,424404,128x,300ms,25,64,0,21,181,135,375,145,44,22,15,9,513
2026-09-21T20:33:39.361753+00:00,595,425119,128x,300ms,25,64,0,21,181,135,375,145,44,21,15,9,514
2026-09-21T20:33:40.080813+00:00,596,425833,128x,300ms,25,64,1,21,181,135,375,145,44,21,15,9,514
2026-09-21T20:33:40.799926+00:00,597,426548,128x,300ms,25,64,1,22,181,135,375,146,44,22,15,9,514
2026-09-21T20:33:41.512504+00:00,598,427261,128x,300ms,25,64,1,21,181,135,375,145,43,22,15,9,514
2026-09-21T20:33:42.232361+00:00,599,427975,128x,300ms,25,64,1,21,180,135,375,145,43,22,15,9,513
2026-09-21T20:33:42.952656+00:00,600,428689,128x,300ms,25,64,1,21,181,135,375,145,44,22,15,9,513
2026-09-21T20:33:43.672359+00:00,601,429404,128x,300ms,25,64,0,21,181,135,375,146,44,22,15,9,514
2026-09-21T20:33:44.391922+00:00,602,430118,128x,300ms,25,64,0,21,181,135,375,145,44,22,15,9,513
2026-09-21T20:33:45.113105+00:00,603,430833,128x,300ms,25,64,0,21,181,135,375,145,44,21,15,9,513
2026-09-21T20:33:45.833719+00:00,604,431547,128x,300ms,25,64,0,21,180,135,375,145,44,22,15,9,514
2026-09-21T20:33:46.544404+00:00,605,432263,128x,300ms,25,64,0,21,180,135,375,145,44,22,15,9,514
2026-09-21T20:33:47.264181+00:00,606,432977,128x,300ms,25,64,1,21,181,135,375,146,44,22,15,9,514
2026-09-21T20:33:47.985705+00:00,607,433691,128x,300ms,25,64,1,21,181,135,375,145,44,21,15,9,514
2026-09-21T20:33:48.705199+00:00,608,434405,128x,300ms,25,64,1,21,181,135,375,145,44,21,15,9,514
2026-09-21T20:33:49.424015+00:00,609,435119,128x,300ms,25,64,1,21,181,135,375,145,43,21,15,9,513
2026-09-21T20:33:50.144218+00:00,610,435832,128x,300ms,25,64,1,21,181,135,375,145,44,22,15,9,513
2026-09-21T20:33:50.856305+00:00,611,436547,128x,300ms,25,64,0,21,181,135,375,145,43,22,15,9,513
2026-09-21T20:33:51.576163+00:00,612,437262,128x,300ms,25,64,0,21,180,135,375,145,44,22,15,9,513
2026-09-21T20:33:52.296741+00:00,613,437977,128x,300ms,25,64,0,21,181,135,375,145,44,22,15,9,513
2026-09-21T20:33:53.016741+00:00,614,438691,128x,300ms,25,64,0,21,181,135,375,145,44,22,15,9,513
2026-09-21T20:33:53.737156+00:00,615,439406,128x,300ms,25,64,0,21,181,135,375,145,44,22,15,9,513
2026-09-21T20:33:54.456279+00:00,616,440121,128x,300ms,25,64,1,21,181,135,375,145,44,22,15,9,513
2026-09-21T20:33:55.168674+00:00,617,440835,128x,300ms,25,64,1,21,180,135,375,145,44,21,15,9,513
2026-09-21T20:33:55.888747+00:00,618,441548,128x,300ms,25,64,1,21,181,135,375,145,44,22,15,9,513
2026-09-21T20:33:56.607961+00:00,619,442264,128x,300ms,25,64,1,21,181,135,375,145,44,21,15,9,513
2026-09-21T20:33:57.327998+00:00,620,442978,128x,300ms,25,64,1,21,181,135,375,145,44,22,15,9,513
2026-09-21T20:33:58.048735+00:00,621,443692,128x,300ms,25,64,0,21,181,135,375,145,44,22,15,9,513
2026-09-21T20:33:58.768945+00:00,622,444406,128x,300ms,25,64,0,21,181,135,375,145,44,21,15,8,513
2026-09-21T20:33:59.488186+00:00,623,445121,128x,300ms,25,64,0,21,181,135,375,145,43,22,15,9,513
2026-09-21T20:34:00.200679+00:00,624,445836,128x,300ms,25,64,0,21,181,135,375,145,44,22,15,9,513
2026-09-21T20:34:00.920286+00:00,625,446551,128x,300ms,25,64,0,21,180,135,375,145,44,22,15,9,513
2026-09-21T20:34:01.640430+00:00,626,447265,128x,300ms,25,64,1,21,181,135,375,145,44,21,15,9,513
2026-09-21T20:34:02.360172+00:00,627,447979,128x,300ms,25,64,1,21,180,135,375,145,44,22,15,9,513
2026-09-21T20:34:03.081639+00:00,628,448693,128x,300ms,25,64,1,21,181,135,375,145,44,22,15,9,513
2026-09-21T20:34:03.800269+00:00,629,449406,128x,300ms,25,64,1,21,181,135,375,145,44,22,15,9,513
2026-09-21T20:34:04.512751+00:00,630,450120,128x,300ms,25,64,1,21,181,135,375,146,44,22,15,9,513
2026-09-21T20:34:05.233779+00:00,631,450835,128x,300ms,25,64,0,21,181,135,375,145,44,22,15,9,513
2026-09-21T20:34:05.952719+00:00,632,451550,128x,300ms,25,64,0,21,180,135,374,145,44,21,15,9,513
2026-09-21T20:34:06.671781+00:00,633,452263,128x,300ms,25,64,0,21,180,135,375,145,44,22,15,9,513
2026-09-21T20:34:07.392150+00:00,634,452979,128x,300ms,25,64,0,21,181,135,375,146,44,22,15,9,513
2026-09-21T20:34:08.111930+00:00,635,453694,128x,300ms,25,64,0,21,181,135,375,145,44,21,15,9,514
2026-09-21T20:34:08.823900+00:00,636,454409,128x,300ms,25,64,1,21,181,135,375,145,44,22,15,9,514
2026-09-21T20:34:09.544702+00:00,637,455122,128x,300ms,25,64,1,21,181,135,375,145,43,21,15,9,514
2026-09-21T20:34:10.265475+00:00,638,455836,128x,300ms,25,64,1,21,181,135,375,145,44,21,15,9,513
2026-09-21T20:34:10.984046+00:00,639,456550,128x,300ms,25,64,1,21,181,135,375,146,44,22,15,9,514
2026-09-21T20:34:11.703814+00:00,640,457264,128x,300ms,25,64,1,21,180,135,375,145,44,22,15,9,514
2026-09-21T20:34:12.424680+00:00,641,457978,128x,300ms,25,64,0,21,181,135,375,145,44,22,15,9,514
2026-09-21T20:34:13.144612+00:00,642,458693,128x,300ms,25,64,0,22,180,135,375,145,44,22,15,9,513
2026-09-21T20:34:13.864253+00:00,643,459408,128x,300ms,25,64,0,21,181,135,375,145,43,22,15,9,514
2026-09-21T20:34:14.576149+00:00,644,460123,128x,300ms,25,64,0,21,181,135,375,145,44,22,15,9,513
2026-09-21T20:34:15.296589+00:00,645,460837,128x,300ms,25,64,0,21,180,135,375,145,44,21,15,9,513
2026-09-21T20:34:16.015863+00:00,646,461552,128x,300ms,25,64,1,21,181,135,375,146,44,21,15,9,513
2026-09-21T20:34:16.737319+00:00,647,462266,128x,300ms,25,64,1,21,181,135,375,145,44,22,15,9,514
2026-09-21T20:34:17.448475+00:00,648,462980,128x,300ms,25,64,1,21,181,135,375,145,44,22,15,9,514
2026-09-21T20:34:18.168754+00:00,649,463693,128x,300ms,25,64,1,21,181,135,375,145,44,22,15,9,513
2026-09-21T20:34:18.888220+00:00,650,464408,128x,300ms,25,64,1,21,181,135,375,145,44,22,15,9,513
2026-09-21T20:34:19.608416+00:00,651,465122,128x,300ms,25,64,0,21,181,135,375,145,44,21,15,9,513
2026-09-21T20:34:20.329074+00:00,652,465837,128x,300ms,25,64,0,21,181,135,375,145,43,22,15,9,513
2026-09-21T20:34:21.047951+00:00,653,466551,128x,300ms,25,64,0,21,181,135,375,145,44,22,15,9,514
2026-09-21T20:34:21.768315+00:00,654,467266,128x,300ms,25,64,0,21,181,135,375,145,44,22,15,9,514
2026-09-21T20:34:22.479814+00:00,655,467981,128x,300ms,25,64,0,21,181,135,375,145,44,21,15,9,514
2026-09-21T20:34:23.200407+00:00,656,468696,128x,300ms,25,64,1,21,181,135,375,145,44,21,15,9,513
2026-09-21T20:34:23.920485+00:00,657,469409,128x,300ms,25,64,1,21,181,135,375,146,44,22,15,9,514
2026-09-21T20:34:24.640681+00:00,658,470123,128x,300ms,25,64,1,21,181,135,375,146,43,21,15,9,514
2026-09-21T20:34:25.359930+00:00,659,470837,128x,300ms,25,64,1,21,181,135,375,145,44,22,15,9,514
2026-09-21T20:34:26.080066+00:00,660,471550,128x,300ms,25,64,1,21,181,135,375,145,44,22,15,9,514
2026-09-21T20:34:26.791917+00:00,661,472264,128x,300ms,25,64,0,21,181,135,375,145,44,22,15,9,514
2026-09-21T20:34:27.512502+00:00,662,472979,128x,300ms,25,64,0,21,181,135,375,146,44,22,15,9,514
2026-09-21T20:34:28.232511+00:00,663,473694,128x,300ms,25,64,0,21,181,135,375,145,44,22,15,9,514
2026-09-21T20:34:28.952664+00:00,664,474408,128x,300ms,25,64,0,21,181,135,375,145,44,22,15,9,514
2026-09-21T20:34:29.672124+00:00,665,475123,128x,300ms,25,64,0,21,181,135,376,146,44,22,15,9,513
2026-09-21T20:34:30.384184+00:00,666,475838,128x,300ms,25,64,1,22,181,135,375,145,44,21,15,9,514
2026-09-21T20:34:31.103978+00:00,667,476552,128x,300ms,25,64,1,21,181,135,375,145,44,21,15,9,513
2026-09-21T20:34:31.824396+00:00,668,477265,128x,300ms,25,64,1,21,181,135,375,145,44,21,15,9,514
2026-09-21T20:34:32.544668+00:00,669,477979,128x,300ms,25,64,1,21,181,135,376,146,44,21,15,9,514
2026-09-21T20:34:33.263960+00:00,670,478693,128x,300ms,25,64,1,21,181,135,376,145,43,22,15,9,514
2026-09-21T20:34:33.983935+00:00,671,479408,128x,300ms,25,64,0,21,181,135,375,145,44,22,15,9,514
2026-09-21T20:34:34.704201+00:00,672,480121,128x,300ms,25,64,0,21,181,135,375,146,43,21,15,9,514
2026-09-21T20:34:35.416487+00:00,673,480836,128x,300ms,25,64,0,21,181,135,375,146,44,22,15,9,514
2026-09-21T20:34:36.135920+00:00,674,481551,128x,300ms,25,64,0,21,181,135,376,145,44,22,15,9,514
2026-09-21T20:34:36.856083+00:00,675,482266,128x,300ms,25,64,0,21,181,135,376,145,44,22,15,9,514
2026-09-21T20:34:37.576537+00:00,676,482980,128x,300ms,25,64,1,21,181,135,375,145,44,22,15,9,514
2026-09-21T20:34:38.295724+00:00,677,483694,128x,300ms,25,64,1,21,181,135,375,145,44,22,15,9,514
2026-09-21T20:34:39.008127+00:00,678,484408,128x,300ms,25,64,1,21,181,135,375,145,44,22,15,9,514
2026-09-21T20:34:39.728355+00:00,679,485122,128x,300ms,25,64,1,21,181,135,375,145,44,22,15,9,515
2026-09-21T20:34:40.447702+00:00,680,485836,128x,300ms,25,64,1,21,181,135,376,145,44,22,15,9,514
2026-09-21T20:34:41.168578+00:00,681,486550,128x,300ms,25,64,0,21,181,135,375,145,44,22,15,9,514
2026-09-21T20:34:41.887796+00:00,682,487265,128x,300ms,25,64,0,21,181,135,376,145,43,22,15,9,514
2026-09-21T20:34:42.608585+00:00,683,487980,128x,300ms,25,64,0,21,181,135,375,146,43,22,15,9,514
2026-09-21T20:34:43.319995+00:00,684,488693,128x,300ms,25,64,0,21,181,135,375,145,44,22,15,9,514
2026-09-21T20:34:44.040171+00:00,685,489408,128x,300ms,25,64,0,21,181,135,375,145,44,22,15,9,514
2026-09-21T20:34:44.760764+00:00,686,490123,128x,300ms,25,64,1,21,181,135,375,145,44,22,15,9,514
2026-09-21T20:34:45.479724+00:00,687,490836,128x,300ms,25,64,1,21,181,135,375,145,44,22,15,9,514
2026-09-21T20:34:46.199974+00:00,688,491551,128x,300ms,25,64,1,21,181,135,375,146,44,22,15,9,514
2026-09-21T20:34:46.912078+00:00,689,492265,128x,300ms,25,64,1,21,181,135,376,146,44,22,15,9,514
2026-09-21T20:34:47.632837+00:00,690,492979,128x,300ms,25,64,1,21,181,135,376,145,44,22,15,9,514
2026-09-21T20:34:48.351795+00:00,691,493692,128x,300ms,25,64,0,21,181,135,375,146,44,22,15,9,513
2026-09-21T20:34:49.071991+00:00,692,494407,128x,300ms,25,64,0,21,181,135,375,146,43,22,15,9,513
2026-09-21T20:34:49.791796+00:00,693,495122,128x,300ms,25,64,0,21,181,135,375,145,44,22,15,9,514
2026-09-21T20:34:50.511787+00:00,694,495837,128x,300ms,25,64,0,21,181,135,375,145,43,21,15,9,514
2026-09-21T20:34:51.231831+00:00,695,496551,128x,300ms,25,64,0,21,181,135,376,145,44,21,15,8,514
2026-09-21T20:34:51.944620+00:00,696,497266,128x,300ms,25,64,1,21,181,135,375,145,44,21,15,9,513
2026-09-21T20:34:52.663771+00:00,697,497980,128x,300ms,25,64,1,21,181,135,375,146,44,21,15,9,514
2026-09-21T20:34:53.383922+00:00,698,498694,128x,300ms,25,64,1,21,181,135,375,145,44,22,15,9,514
2026-09-21T20:34:54.104958+00:00,699,499407,128x,300ms,25,64,1,21,181,135,376,145,44,22,15,9,514
2026-09-21T20:34:54.825472+00:00,700,500121,128x,300ms,25,64,1,21,181,135,376,145,43,22,15,9,514
2026-09-21T20:34:55.545913+00:00,701,500836,128x,300ms,25,64,0,21,181,135,375,145,44,22,15,9,514
2026-09-21T20:34:56.255916+00:00,702,501551,128x,300ms,25,64,0,21,181,135,375,145,43,22,15,8,514
2026-09-21T20:34:56.976436+00:00,703,502265,128x,300ms,25,64,0,21,181,135,375,145,44,22,15,9,515
2026-09-21T20:34:57.695814+00:00,704,502979,128x,300ms,25,64,0,21,181,135,376,146,44,22,15,9,514
2026-09-21T20:34:58.415931+00:00,705,503694,128x,300ms,25,64,0,21,181,135,375,145,44,22,15,9,513
2026-09-21T20:34:59.135766+00:00,706,504409,128x,300ms,25,64,1,22,181,135,375,146,44,22,15,9,514
2026-09-21T20:34:59.847710+00:00,707,505122,128x,300ms,25,64,1,21,181,135,375,146,44,22,15,9,514
2026-09-21T20:35:00.567616+00:00,708,505836,128x,300ms,25,64,1,21,181,135,375,145,44,21,15,9,514
2026-09-21T20:35:01.288878+00:00,709,506551,128x,300ms,25,64,1,21,181,135,375,146,44,22,15,9,514
2026-09-21T20:35:02.008077+00:00,710,507265,128x,300ms,25,64,1,21,181,135,376,145,43,22,15,9,513
2026-09-21T20:35:02.728748+00:00,711,507978,128x,300ms,25,64,0,21,181,135,375,145,43,21,15,9,513
2026-09-21T20:35:03.447796+00:00,712,508693,128x,300ms,25,64,0,21,181,135,375,145,44,22,15,9,514
2026-09-21T20:35:04.161390+00:00,713,509408,128x,300ms,25,64,0,21,181,135,375,146,43,22,15,9,514
2026-09-21T20:35:04.880759+00:00,714,510123,128x,300ms,25,64,0,21,181,135,375,145,44,22,15,9,514
2026-09-21T20:35:05.600123+00:00,715,510837,128x,300ms,25,64,0,22,180,135,375,145,44,22,15,9,514
2026-09-21T20:35:06.320139+00:00,716,511552,128x,300ms,25,64,1,21,181,135,375,145,44,22,15,9,514
2026-09-21T20:35:07.039712+00:00,717,512266,128x,300ms,25,64,1,21,181,135,375,145,44,22,15,9,514
2026-09-21T20:35:07.760215+00:00,718,512980,128x,300ms,25,64,1,21,181,135,376,145,43,22,15,9,514
2026-09-21T20:35:08.472322+00:00,719,513694,128x,300ms,25,64,1,21,181,135,376,145,44,22,15,9,513
2026-09-21T20:35:09.192646+00:00,720,514408,128x,300ms,25,64,1,21,181,135,376,145,44,22,15,9,514
2026-09-21T20:35:09.912556+00:00,721,515122,128x,300ms,25,64,0,21,181,135,375,146,44,21,15,9,514
2026-09-21T20:35:10.632032+00:00,722,515836,128x,300ms,25,64,0,21,181,135,375,145,44,22,15,9,513
2026-09-21T20:35:11.351579+00:00,723,516551,128x,300ms,25,64,0,21,181,135,376,145,44,22,15,9,514
2026-09-21T20:35:12.072467+00:00,724,517266,128x,300ms,25,64,0,21,181,135,375,145,44,21,15,9,514
2026-09-21T20:35:12.792229+00:00,725,517981,128x,300ms,25,64,0,21,181,135,375,145,44,22,15,9,514
2026-09-21T20:35:13.504169+00:00,726,518695,128x,300ms,25,64,1,21,181,135,375,145,44,22,15,9,513
2026-09-21T20:35:14.223932+00:00,727,519409,128x,300ms,25,64,1,21,181,135,375,145,44,22,15,9,514
2026-09-21T20:35:14.944011+00:00,728,520123,128x,300ms,25,64,1,21,181,135,375,145,44,22,15,9,514
2026-09-21T20:35:15.663691+00:00,729,520837,128x,300ms,25,64,1,21,181,135,375,145,43,22,15,9,514
2026-09-21T20:35:16.383983+00:00,730,521551,128x,300ms,25,64,1,21,181,135,375,145,44,22,15,9,514
2026-09-21T20:35:17.104732+00:00,731,522265,128x,300ms,25,64,0,21,181,135,375,145,44,22,15,9,514
2026-09-21T20:35:17.816044+00:00,732,522980,128x,300ms,25,64,0,21,181,135,376,145,44,22,15,9,514
2026-09-21T20:35:18.536579+00:00,733,523694,128x,300ms,25,64,0,21,181,135,375,145,43,22,15,9,513
2026-09-21T20:35:19.255698+00:00,734,524409,128x,300ms,25,64,0,21,181,135,375,145,44,22,15,9,514
2026-09-21T20:35:19.975952+00:00,735,525123,128x,300ms,25,64,0,21,181,135,376,145,43,22,15,9,514
2026-09-21T20:35:20.696497+00:00,736,525838,128x,300ms,25,64,1,21,181,135,375,146,44,22,15,9,514
2026-09-21T20:35:21.407606+00:00,737,526552,128x,300ms,25,64,1,21,181,135,375,145,43,22,15,9,514
2026-09-21T20:35:22.127606+00:00,738,527266,128x,300ms,25,64,1,21,181,135,376,145,44,22,15,9,514
2026-09-21T20:35:22.848381+00:00,739,527980,128x,300ms,25,64,1,21,181,135,375,145,44,21,15,9,513
2026-09-21T20:35:23.569431+00:00,740,528694,128x,300ms,25,64,1,21,181,135,375,145,44,22,15,9,514
2026-09-21T20:35:24.287669+00:00,741,529408,128x,300ms,25,64,0,21,181,135,375,145,43,22,15,9,513
2026-09-21T20:35:25.007770+00:00,742,530122,128x,300ms,25,64,0,21,181,135,375,146,44,22,15,9,514
2026-09-21T20:35:25.727894+00:00,743,530837,128x,300ms,25,64,0,21,181,135,375,145,43,22,15,9,514
2026-09-21T20:35:26.440483+00:00,744,531552,128x,300ms,25,64,0,21,181,135,375,145,44,22,15,9,513
2026-09-21T20:35:27.159654+00:00,745,532267,128x,300ms,25,64,0,21,181,135,376,146,44,22,15,9,513
2026-09-21T20:35:27.880552+00:00,746,532981,128x,300ms,25,64,1,22,181,135,375,145,44,22,15,9,514
2026-09-21T20:35:28.599787+00:00,747,533695,128x,300ms,25,64,1,21,181,135,375,146,44,22,15,9,514
2026-09-21T20:35:29.320843+00:00,748,534409,128x,300ms,25,64,1,21,181,135,375,145,44,22,15,9,514
2026-09-21T20:35:30.031803+00:00,749,535122,128x,300ms,25,64,1,21,181,135,375,145,44,22,15,9,514
2026-09-21T20:35:30.752760+00:00,750,535837,128x,300ms,25,64,1,21,181,135,375,145,44,21,15,9,513
2026-09-21T20:35:31.472459+00:00,751,536551,128x,300ms,25,64,0,21,181,135,375,145,44,22,15,9,514
2026-09-21T20:35:32.192678+00:00,752,537266,128x,300ms,25,64,0,22,180,138,386,152,48,23,16,9,529
2026-09-21T20:35:32.903661+00:00,753,537980,128x,300ms,25,64,0,21,180,138,388,137,44,24,19,9,631
2026-09-21T20:35:33.624062+00:00,754,538695,128x,300ms,25,64,0,0,24,8,8,6,0,0,0,0,25
2026-09-21T20:35:34.335660+00:00,755,539406,128x,300ms,25,64,0,0,16,5,6,7,2,0,0,0,27
2026-09-21T20:35:35.056007+00:00,756,540116,128x,300ms,25,64,1,0,16,5,6,7,2,0,0,0,26
2026-09-21T20:35:35.768093+00:00,757,540828,128x,300ms,25,64,1,0,16,5,6,7,2,0,0,0,26
2026-09-21T20:35:36.487662+00:00,758,541540,128x,300ms,25,64,1,0,16,5,6,7,2,0,0,0,26
2026-09-21T20:35:37.200962+00:00,759,542251,128x,300ms,25,64,1,0,16,5,6,7,2,0,0,0,27
2026-09-21T20:35:37.911758+00:00,760,542962,128x,300ms,25,64,1,0,16,5,6,7,2,0,0,0,27
2026-09-21T20:35:38.631962+00:00,761,543673,128x,300ms,25,64,0,0,16,5,6,7,2,0,0,0,27
2026-09-21T20:35:39.343753+00:00,762,544385,128x,300ms,25,64,0,0,16,5,6,7,2,0,0,0,27
2026-09-21T20:35:40.056193+00:00,763,545094,128x,300ms,25,64,0,0,16,5,6,7,2,0,0,0,27
2026-09-21T20:35:40.775841+00:00,764,545805,128x,300ms,25,64,0,0,16,5,6,7,2,0,0,0,27
2026-09-21T20:35:41.487646+00:00,765,546515,128x,300ms,25,64,0,0,16,5,6,7,2,0,0,0,27
2026-09-21T20:35:42.207525+00:00,766,547226,128x,300ms,25,64,1,0,16,5,6,7,2,0,0,0,26
2026-09-21T20:35:42.920183+00:00,767,547938,128x,300ms,25,64,1,0,16,5,6,7,2,0,0,0,27
2026-09-21T20:35:43.640461+00:00,768,548649,128x,300ms,25,64,1,0,16,5,6,7,2,0,0,0,26
2026-09-21T20:35:44.352246+00:00,769,549360,128x,300ms,25,64,1,0,16,5,6,7,2,0,0,0,27
2026-09-21T20:35:45.064716+00:00,770,550072,128x,300ms,25,64,1,0,16,5,6,7,2,0,0,0,27
2026-09-21T20:35:45.784335+00:00,771,550784,128x,300ms,25,64,0,0,16,5,6,7,2,0,0,0,27
2026-09-21T20:35:46.496672+00:00,772,551494,128x,300ms,25,64,0,0,16,5,6,7,2,0,0,0,27
2026-09-21T20:35:47.207654+00:00,773,552204,128x,300ms,25,64,0,0,16,5,6,7,2,0,0,0,26
2026-09-21T20:35:47.928158+00:00,774,552915,128x,300ms,25,64,0,0,16,5,6,7,2,0,0,0,27
2026-09-21T20:35:48.640578+00:00,775,553625,128x,300ms,25,64,0,0,16,5,6,7,2,0,0,0,26
2026-09-21T20:35:49.360410+00:00,776,554337,128x,300ms,25,64,1,0,16,5,6,7,2,0,0,0,27
2026-09-21T20:35:50.071895+00:00,777,555047,128x,300ms,25,64,1,0,16,5,6,7,2,0,0,0,27
2026-09-21T20:35:50.791652+00:00,778,555759,128x,300ms,25,64,1,0,16,5,6,7,2,0,0,0,27
2026-09-21T20:35:51.503548+00:00,779,556470,128x,300ms,25,64,1,0,16,5,6,7,2,0,0,0,26
2026-09-21T20:35:52.223583+00:00,780,557181,128x,300ms,25,64,1,0,16,5,6,7,2,0,0,0,27
2026-09-21T20:35:52.935615+00:00,781,557893,128x,300ms,25,64,0,0,16,5,6,7,2,0,0,0,27
2026-09-21T20:35:53.647693+00:00,782,558604,128x,300ms,25,64,0,0,16,5,6,7,2,0,0,0,27
2026-09-21T20:35:54.368126+00:00,783,559314,128x,300ms,25,64,0,0,16,5,6,7,2,0,0,0,27
2026-09-21T20:35:55.080647+00:00,784,560025,128x,300ms,25,64,0,0,16,5,6,7,2,0,0,0,27
2026-09-21T20:35:55.799576+00:00,785,560736,128x,300ms,25,64,0,0,16,5,6,7,2,0,0,0,26
2026-09-21T20:35:56.512459+00:00,786,561446,128x,300ms,25,64,1,0,16,5,6,7,2,0,0,0,27
2026-09-21T20:35:57.223532+00:00,787,562157,128x,300ms,25,64,1,0,16,5,6,7,2,0,0,0,27
2026-09-21T20:35:57.943771+00:00,788,562869,128x,300ms,25,64,1,0,16,5,6,7,2,0,0,0,27
2026-09-21T20:35:58.656415+00:00,789,563579,128x,300ms,25,64,1,0,16,5,6,7,2,0,0,0,27
2026-09-21T20:35:59.376643+00:00,790,564291,128x,300ms,25,64,1,0,16,5,6,7,2,0,0,0,27
2026-09-21T20:36:00.087605+00:00,791,565003,128x,300ms,25,64,0,0,16,5,6,7,2,0,0,0,26
2026-09-21T20:36:00.801423+00:00,792,565713,128x,300ms,25,64,0,0,16,5,6,7,2,0,0,0,27
2026-09-21T20:36:01.520851+00:00,793,566424,128x,300ms,25,64,0,0,16,5,6,7,2,0,0,0,26
2026-09-21T20:36:02.231804+00:00,794,567135,128x,300ms,25,64,0,0,16,5,6,7,2,0,0,0,27
2026-09-21T20:36:02.952494+00:00,795,567845,128x,300ms,25,64,0,0,16,5,6,7,2,0,0,0,27
2026-09-21T20:36:03.663750+00:00,796,568556,128x,300ms,25,64,1,0,16,5,6,7,2,0,0,0,27
2026-09-21T20:36:04.385115+00:00,797,569267,128x,300ms,25,64,1,0,16,5,6,7,2,0,0,0,27
2026-09-21T20:36:05.096557+00:00,798,569978,128x,300ms,25,64,1,0,16,5,6,7,2,0,0,0,27
2026-09-21T20:36:05.807884+00:00,799,570689,128x,300ms,25,64,1,0,16,5,6,7,2,0,0,0,27
2026-09-21T20:36:06.527668+00:00,800,571401,128x,300ms,25,64,1,0,16,5,6,7,2,0,0,0,27
2026-09-21T20:36:07.240231+00:00,801,572112,128x,300ms,25,64,0,0,16,5,6,7,2,0,0,0,27
2026-09-21T20:36:07.951785+00:00,802,572823,128x,300ms,25,64,0,0,16,5,6,7,2,0,0,0,27
2026-09-21T20:36:08.671910+00:00,803,573533,128x,300ms,25,64,0,0,16,6,6,7,2,0,0,0,27
2026-09-21T20:36:09.384340+00:00,804,574243,128x,300ms,25,64,0,0,16,5,6,7,2,0,0,0,26
2026-09-21T20:36:10.104494+00:00,805,574954,128x,300ms,25,64,0,0,16,5,6,7,2,0,0,0,26
2026-09-21T20:36:10.816461+00:00,806,575665,128x,300ms,25,64,1,0,16,5,6,7,2,0,0,0,27
2026-09-21T20:36:11.536256+00:00,807,576376,128x,300ms,25,64,1,0,16,5,6,7,2,0,0,0,27
2026-09-21T20:36:12.248451+00:00,808,577088,128x,300ms,25,64,1,0,16,5,6,7,2,0,0,0,27
2026-09-21T20:36:12.960020+00:00,809,577799,128x,300ms,25,64,1,0,16,5,6,7,2,0,0,0,27
2026-09-21T20:36:13.679813+00:00,810,578510,128x,300ms,25,64,1,0,16,5,6,7,2,0,0,0,27
2026-09-21T20:36:14.391868+00:00,811,579221,128x,300ms,25,64,0,0,16,5,6,7,2,0,0,0,27
2026-09-21T20:36:15.112207+00:00,812,579932,128x,300ms,25,64,0,0,16,5,6,7,2,0,0,0,27
2026-09-21T20:36:15.823654+00:00,813,580642,128x,300ms,25,64,0,0,16,5,6,7,2,0,0,0,27
2026-09-21T20:36:16.536185+00:00,814,581353,128x,300ms,25,64,0,0,16,5,6,7,2,0,0,0,27
2026-09-21T20:36:17.255803+00:00,815,582064,128x,300ms,25,64,0,0,16,5,6,7,2,0,0,0,27
2026-09-21T20:36:17.967884+00:00,816,582774,128x,300ms,25,64,1,0,16,5,6,7,2,0,0,0,27
2026-09-21T20:36:18.687598+00:00,817,583486,128x,300ms,25,64,1,0,16,5,6,7,2,0,0,0,27
2026-09-21T20:36:19.399649+00:00,818,584197,128x,300ms,25,64,1,0,16,5,6,7,2,0,0,0,27
2026-09-21T20:36:20.120484+00:00,819,584908,128x,300ms,25,64,1,0,16,5,6,7,2,0,0,0,27
2026-09-21T20:36:20.831693+00:00,820,585620,128x,300ms,25,64,1,0,16,5,6,7,2,0,0,0,27
2026-09-21T20:36:21.544792+00:00,821,586331,128x,300ms,25,64,0,0,16,5,6,7,2,0,0,0,27
2026-09-21T20:36:22.264706+00:00,822,587041,128x,300ms,25,64,0,0,16,5,6,7,2,0,0,0,27
2026-09-21T20:36:22.977353+00:00,823,587752,128x,300ms,25,64,0,0,16,5,6,7,2,0,0,0,26
2026-09-21T20:36:23.695654+00:00,824,588463,128x,300ms,25,64,0,0,16,5,6,7,2,0,0,0,26
2026-09-21T20:36:24.407709+00:00,825,589173,128x,300ms,25,64,0,0,16,5,6,7,1,0,0,0,27
2026-09-21T20:36:25.120626+00:00,826,589884,128x,300ms,25,64,1,0,16,5,6,7,1,0,0,0,27
2026-09-21T20:36:25.839777+00:00,827,590595,128x,300ms,25,64,1,0,16,5,6,7,2,0,0,0,27
2026-09-21T20:36:26.551615+00:00,828,591306,128x,300ms,25,64,1,0,16,5,6,7,2,0,0,0,27
2026-09-21T20:36:27.272042+00:00,829,592018,128x,300ms,25,64,1,0,16,5,6,7,2,0,0,0,27
2026-09-21T20:36:27.984155+00:00,830,592729,128x,300ms,25,64,1,0,16,5,6,7,2,0,0,0,27
2026-09-21T20:36:28.696637+00:00,831,593440,128x,300ms,25,64,0,0,16,5,6,7,2,0,0,0,27
2026-09-21T20:36:29.415650+00:00,832,594151,128x,300ms,25,64,0,0,16,5,6,7,2,0,0,0,26
2026-09-21T20:36:30.127654+00:00,833,594862,128x,300ms,25,64,0,0,16,5,6,7,2,0,0,0,27
2026-09-21T20:36:30.848452+00:00,834,595572,128x,300ms,25,64,0,0,16,5,6,7,2,0,0,0,27
2026-09-21T20:36:31.560546+00:00,835,596283,128x,300ms,25,64,0,0,16,6,6,7,2,0,0,0,27
2026-09-21T20:36:32.272400+00:00,836,596994,128x,300ms,25,64,1,0,16,5,6,7,2,0,0,0,27
2026-09-21T20:36:32.992215+00:00,837,597704,128x,300ms,25,64,1,0,16,5,6,7,2,0,0,0,27
2026-09-21T20:36:33.704337+00:00,838,598416,128x,300ms,25,64,1,0,16,5,6,7,2,0,0,0,26
2026-09-21T20:36:34.423651+00:00,839,599127,128x,300ms,25,64,1,0,16,5,6,7,2,0,0,0,26
2026-09-21T20:36:35.135878+00:00,840,599838,128x,300ms,25,64,1,0,16,5,6,7,2,0,0,0,26
2026-09-21T20:36:35.847918+00:00,841,600550,128x,300ms,25,64,0,0,16,5,6,7,2,0,0,0,27
2026-09-21T20:36:36.568749+00:00,842,601261,128x,300ms,25,64,0,0,16,5,6,7,2,0,0,0,27
2026-09-21T20:36:37.279532+00:00,843,601971,128x,300ms,25,64,0,0,16,5,6,7,2,0,0,0,27
2026-09-21T20:36:38.000651+00:00,844,602682,128x,300ms,25,64,0,0,16,5,6,7,2,0,0,0,27
2026-09-21T20:36:38.711645+00:00,845,603393,128x,300ms,25,64,0,0,16,5,6,7,2,0,0,0,26
2026-09-21T20:36:39.432536+00:00,846,604103,128x,300ms,25,64,1,0,16,5,6,7,2,0,0,0,26
2026-09-21T20:36:40.144245+00:00,847,604814,128x,300ms,25,64,1,0,16,5,6,7,2,0,0,0,27
2026-09-21T20:36:40.864608+00:00,848,605526,128x,300ms,25,64,1,0,16,5,6,7,2,0,0,0,27
2026-09-21T20:36:41.575992+00:00,849,606237,128x,300ms,25,64,1,0,16,5,6,7,2,0,0,0,27
2026-09-21T20:36:42.288372+00:00,850,606948,128x,300ms,25,64,1,0,16,5,6,7,2,0,0,0,26
2026-09-21T20:36:43.007617+00:00,851,607660,128x,300ms,25,64,0,0,16,5,6,7,2,0,0,0,26
2026-09-21T20:36:43.719797+00:00,852,608370,128x,300ms,25,64,0,0,16,5,6,7,2,0,0,0,27
2026-09-21T20:36:44.432937+00:00,853,609081,128x,300ms,25,64,0,0,16,5,6,7,2,0,0,0,27
2026-09-21T20:36:45.151638+00:00,854,609792,128x,300ms,25,64,0,0,16,5,6,7,2,0,0,0,26
2026-09-21T20:36:45.864045+00:00,855,610502,128x,300ms,25,64,0,0,16,5,6,7,2,0,0,0,27
2026-09-21T20:36:46.583638+00:00,856,611213,128x,300ms,25,64,1,0,16,5,6,7,2,0,0,0,27
2026-09-21T20:36:47.295519+00:00,857,611923,128x,300ms,25,64,1,0,16,5,6,7,2,0,0,0,27
2026-09-21T20:36:48.016578+00:00,858,612635,128x,300ms,25,64,1,0,16,5,6,7,2,0,0,0,26
2026-09-21T20:36:48.728581+00:00,859,613347,128x,300ms,25,64,1,0,16,5,6,7,2,0,0,0,27
2026-09-21T20:36:49.439657+00:00,860,614057,128x,300ms,25,64,1,0,16,5,6,7,2,0,0,0,27
2026-09-21T20:36:50.159689+00:00,861,614769,128x,300ms,25,64,0,0,16,5,6,7,2,0,0,0,27
2026-09-21T20:36:50.871630+00:00,862,615480,128x,300ms,25,64,0,0,16,5,6,7,2,0,0,0,26
2026-09-21T20:36:51.594023+00:00,863,616190,128x,300ms,25,64,0,0,16,5,6,7,2,0,0,0,27
2026-09-21T20:36:52.304540+00:00,864,616901,128x,300ms,25,64,0,0,16,5,6,7,2,0,0,0,27
2026-09-21T20:36:53.015519+00:00,865,617612,128x,300ms,25,64,0,0,16,5,6,7,2,0,0,0,26
2026-09-21T20:36:53.735871+00:00,866,618322,128x,300ms,25,64,1,0,16,5,6,7,2,0,0,0,27
2026-09-21T20:36:54.447569+00:00,867,619033,128x,300ms,25,64,1,0,16,5,6,7,2,0,0,0,27
2026-09-21T20:36:55.170119+00:00,868,619745,128x,300ms,25,64,1,0,16,5,6,7,2,0,0,0,26
2026-09-21T20:36:55.880898+00:00,869,620456,128x,300ms,25,64,1,0,16,6,6,7,2,0,0,0,27
2026-09-21T20:36:56.592471+00:00,870,621167,128x,300ms,25,64,1,0,16,5,6,7,2,0,0,0,27
2026-09-21T20:36:57.311718+00:00,871,621879,128x,300ms,25,64,0,0,16,5,6,7,2,0,0,0,27
2026-09-21T20:36:58.023549+00:00,872,622589,128x,300ms,25,64,0,0,16,5,6,7,2,0,0,0,27
2026-09-21T20:36:58.743512+00:00,873,623300,128x,300ms,25,64,0,0,16,5,6,7,2,0,0,0,27
2026-09-21T20:36:59.455564+00:00,874,624011,128x,300ms,25,64,0,0,16,5,6,7,2,0,0,0,27
2026-09-21T20:37:00.175641+00:00,875,624720,128x,300ms,25,64,0,0,16,5,6,7,2,0,0,0,27
2026-09-21T20:37:00.888237+00:00,876,625432,128x,300ms,25,64,1,0,16,5,6,7,2,0,0,0,27
2026-09-21T20:37:01.599643+00:00,877,626143,128x,300ms,25,64,1,0,16,5,6,7,2,0,0,0,27
2026-09-21T20:37:02.319980+00:00,878,626854,128x,300ms,25,64,1,0,16,5,6,7,2,0,0,0,27
2026-09-21T20:37:03.031803+00:00,879,627565,128x,300ms,25,64,1,0,16,5,6,7,2,0,0,0,26
2026-09-21T20:37:03.753022+00:00,880,628277,128x,300ms,25,64,1,0,16,5,6,7,2,0,0,0,26
2026-09-21T20:37:04.463639+00:00,881,628988,128x,300ms,25,64,0,0,16,5,6,7,2,0,0,0,27
2026-09-21T20:37:05.176652+00:00,882,629699,128x,300ms,25,64,0,0,16,5,6,6,2,0,0,0,26
2026-09-21T20:37:05.895553+00:00,883,630410,128x,300ms,25,64,0,0,16,5,6,7,2,0,0,0,27
2026-09-21T20:37:06.608567+00:00,884,631120,128x,300ms,25,64,0,0,16,5,6,7,2,1,0,0,27
2026-09-21T20:37:07.328625+00:00,885,631831,128x,300ms,25,64,0,0,16,5,6,7,2,0,0,0,26
2026-09-21T20:37:08.039626+00:00,886,632542,128x,300ms,25,64,1,0,16,5,6,7,2,0,0,0,27
2026-09-21T20:37:08.760044+00:00,887,633252,128x,300ms,25,64,1,0,16,5,6,7,2,0,0,0,26
2026-09-21T20:37:09.471579+00:00,888,633964,128x,300ms,25,64,1,0,16,5,6,7,2,0,0,0,27
2026-09-21T20:37:10.184490+00:00,889,634676,128x,300ms,25,64,1,0,17,5,6,7,2,0,0,0,27
2026-09-21T20:37:10.903691+00:00,890,635387,128x,300ms,25,64,1,0,16,5,6,7,2,0,0,0,27
2026-09-21T20:37:11.616466+00:00,891,636098,128x,300ms,25,64,0,0,16,5,6,7,2,0,0,0,27
2026-09-21T20:37:12.328349+00:00,892,636809,128x,300ms,25,64,0,0,16,5,6,7,2,0,0,0,27
2026-09-21T20:37:13.048408+00:00,893,637519,128x,300ms,25,64,0,0,16,6,6,7,2,0,0,0,27
2026-09-21T20:37:13.760260+00:00,894,638230,128x,300ms,25,64,0,0,16,5,6,7,2,0,0,0,27
2026-09-21T20:37:14.480358+00:00,895,638941,128x,300ms,25,64,0,0,16,5,6,7,2,0,0,0,27
2026-09-21T20:37:15.192340+00:00,896,639651,128x,300ms,25,64,1,0,17,5,6,7,2,0,0,0,27
2026-09-21T20:37:15.911573+00:00,897,640363,128x,300ms,25,64,1,0,16,5,6,7,2,0,0,0,27
2026-09-21T20:37:16.623682+00:00,898,641074,128x,300ms,25,64,1,0,16,5,6,7,2,0,0,0,27
2026-09-21T20:37:17.343866+00:00,899,641785,128x,300ms,25,64,1,0,16,5,6,7,2,0,0,0,27
2026-09-21T20:37:18.056457+00:00,900,642497,128x,300ms,25,64,1,0,16,5,6,7,2,0,0,0,27
2026-09-21T20:37:18.769481+00:00,901,643208,128x,300ms,25,64,0,0,16,5,6,7,2,0,0,0,27
2026-09-21T20:37:19.487597+00:00,902,643918,128x,300ms,25,64,0,0,16,6,6,6,2,0,0,0,27
2026-09-21T20:37:20.199884+00:00,903,644629,128x,300ms,25,64,0,0,16,5,6,7,2,0,0,0,26
2026-09-21T20:37:20.919638+00:00,904,645340,128x,300ms,25,64,0,0,16,5,6,7,2,0,0,0,27
2026-09-21T20:37:21.631522+00:00,905,646050,128x,300ms,25,64,0,0,16,5,6,7,2,0,0,0,27
2026-09-21T20:37:22.344102+00:00,906,646761,128x,300ms,25,64,1,0,16,5,6,7,2,0,0,0,27
2026-09-21T20:37:23.063714+00:00,907,647473,128x,300ms,25,64,1,0,16,5,6,7,2,0,0,0,26
2026-09-21T20:37:23.776731+00:00,908,648184,128x,300ms,25,64,1,0,16,5,6,7,2,0,0,0,27
2026-09-21T20:37:24.497573+00:00,909,648895,128x,300ms,25,64,1,0,16,5,6,7,2,0,0,0,27
2026-09-21T20:37:25.207631+00:00,910,649607,128x,300ms,25,64,1,0,16,5,6,7,2,0,0,0,27
2026-09-21T20:37:25.928544+00:00,911,650317,128x,300ms,25,64,0,0,16,5,6,7,2,0,0,0,26
2026-09-21T20:37:26.640685+00:00,912,651028,128x,300ms,25,64,0,0,16,5,6,7,2,0,0,0,27
2026-09-21T20:37:27.352199+00:00,913,651741,128x,300ms,25,64,0,0,16,5,6,7,2,0,0,0,27
2026-09-21T20:37:28.071593+00:00,914,652451,128x,300ms,25,64,0,0,16,5,6,7,2,0,0,0,27
2026-09-21T20:37:28.783909+00:00,915,653162,128x,300ms,25,64,0,0,16,5,6,7,2,0,0,0,27
2026-09-21T20:37:29.504425+00:00,916,653873,128x,300ms,25,64,1,0,16,5,6,7,2,0,0,0,27
2026-09-21T20:37:30.215691+00:00,917,654583,128x,300ms,25,64,1,0,16,5,6,7,2,0,0,0,27
2026-09-21T20:37:30.937315+00:00,918,655295,128x,300ms,25,64,1,0,16,5,6,7,2,1,0,0,27
2026-09-21T20:37:31.648163+00:00,919,656006,128x,300ms,25,64,1,0,16,5,6,7,2,0,0,0,27
2026-09-21T20:37:32.361166+00:00,920,656717,128x,300ms,25,64,1,0,16,5,6,7,2,0,0,0,27
2026-09-21T20:37:33.080467+00:00,921,657428,128x,300ms,25,64,0,0,16,5,6,7,2,0,0,0,27
2026-09-21T20:37:33.791635+00:00,922,658140,128x,300ms,25,64,0,0,16,5,6,7,2,0,0,0,27
2026-09-21T20:37:34.503645+00:00,923,658849,128x,300ms,25,64,0,0,16,5,6,7,2,0,0,0,27
2026-09-21T20:37:35.224887+00:00,924,659561,128x,300ms,25,64,0,0,16,6,6,7,2,0,0,0,27
2026-09-21T20:37:35.936331+00:00,925,660271,128x,300ms,25,64,0,0,16,5,6,7,2,0,0,0,27
2026-09-21T20:37:36.655890+00:00,926,660982,128x,300ms,25,64,1,0,16,5,6,7,2,0,0,0,27
2026-09-21T20:37:37.369396+00:00,927,661693,128x,300ms,25,64,1,0,16,5,6,7,2,0,0,0,27
2026-09-21T20:37:38.088452+00:00,928,662405,128x,300ms,25,64,1,0,16,5,6,7,2,0,0,0,27
2026-09-21T20:37:38.800465+00:00,929,663117,128x,300ms,25,64,1,0,16,6,6,7,2,0,0,0,27
2026-09-21T20:37:39.519642+00:00,930,663828,128x,300ms,25,64,1,0,16,5,6,7,2,0,0,0,27
2026-09-21T20:37:40.233467+00:00,931,664540,128x,300ms,25,64,0,0,16,5,6,7,2,0,0,0,27
2026-09-21T20:37:40.952078+00:00,932,665250,128x,300ms,25,64,0,0,16,5,6,7,2,0,0,0,27
2026-09-21T20:37:41.663765+00:00,933,665961,128x,300ms,25,64,0,0,16,5,6,7,2,0,0,0,27
2026-09-21T20:37:42.375793+00:00,934,666672,128x,300ms,25,64,0,0,16,5,6,7,2,0,0,0,27
2026-09-21T20:37:43.095891+00:00,935,667382,128x,300ms,25,64,0,0,16,5,6,7,2,0,0,0,26
2026-09-21T20:37:43.808135+00:00,936,668093,128x,300ms,25,64,1,0,16,5,6,7,2,0,0,0,26
2026-09-21T20:37:44.528303+00:00,937,668804,128x,300ms,25,64,1,0,16,5,6,7,2,0,0,0,27
2026-09-21T20:37:45.240364+00:00,938,669515,128x,300ms,25,64,1,0,16,5,6,7,2,0,0,0,27
2026-09-21T20:37:45.951744+00:00,939,670227,128x,300ms,25,64,1,0,16,5,6,7,2,0,0,0,27
2026-09-21T20:37:46.671633+00:00,940,670938,128x,300ms,25,64,1,0,16,5,6,7,2,0,0,0,27
2026-09-21T20:37:47.383635+00:00,941,671649,128x,300ms,25,64,0,0,16,5,6,7,2,0,0,0,27
2026-09-21T20:37:48.103674+00:00,942,672360,128x,300ms,25,64,0,0,16,5,6,7,2,0,0,0,27
2026-09-21T20:37:48.816820+00:00,943,673071,128x,300ms,25,64,0,0,16,5,6,7,2,0,0,0,27
2026-09-21T20:37:49.527772+00:00,944,673781,128x,300ms,25,64,0,0,16,5,6,7,2,0,0,0,27
2026-09-21T20:37:50.249117+00:00,945,674492,128x,300ms,25,64,0,0,16,5,6,7,2,0,0,0,27
2026-09-21T20:37:50.960308+00:00,946,675203,128x,300ms,25,64,1,0,16,5,6,7,2,0,0,0,27
2026-09-21T20:37:51.682280+00:00,947,675913,128x,300ms,25,64,1,0,16,5,6,7,2,1,0,0,27
2026-09-21T20:37:52.392236+00:00,948,676625,128x,300ms,25,64,1,0,16,5,6,7,2,0,0,0,27
2026-09-21T20:37:53.111659+00:00,949,677336,128x,300ms,25,64,1,0,16,5,6,7,2,0,0,0,27
2026-09-21T20:37:53.823898+00:00,950,678047,128x,300ms,25,64,1,0,16,5,6,7,2,0,0,0,27
2026-09-21T20:37:54.535958+00:00,951,678759,128x,300ms,25,64,0,0,16,5,6,7,2,0,0,0,27
2026-09-21T20:37:55.256499+00:00,952,679469,128x,300ms,25,64,0,0,16,5,6,7,2,0,0,0,27
2026-09-21T20:37:55.969393+00:00,953,680180,128x,300ms,25,64,0,0,16,5,6,7,2,0,0,0,27
2026-09-21T20:37:56.680468+00:00,954,680890,128x,300ms,25,64,0,0,16,5,6,7,2,0,0,0,27
2026-09-21T20:37:57.400070+00:00,955,681602,128x,300ms,25,64,0,0,16,5,6,7,2,0,0,0,27
2026-09-21T20:37:58.112481+00:00,956,682311,128x,300ms,25,64,1,0,16,5,7,7,2,0,0,0,27
2026-09-21T20:37:58.831623+00:00,957,683023,128x,300ms,25,64,1,0,16,5,6,7,2,0,0,0,27
2026-09-21T20:37:59.544076+00:00,958,683734,128x,300ms,25,64,1,0,16,5,6,7,2,0,0,0,27
2026-09-21T20:38:00.264518+00:00,959,684445,128x,300ms,25,64,1,0,16,5,6,7,2,0,0,0,27
2026-09-21T20:38:00.976583+00:00,960,685157,128x,300ms,25,64,1,0,16,5,6,7,2,0,0,0,27
2026-09-21T20:38:01.687558+00:00,961,685869,128x,300ms,25,64,0,0,16,5,6,7,2,0,0,0,27
2026-09-21T20:38:02.408430+00:00,962,686578,128x,300ms,25,64,0,0,16,5,6,7,2,0,0,0,27
2026-09-21T20:38:03.119617+00:00,963,687289,128x,300ms,25,64,0,0,16,5,6,7,2,0,0,0,27
2026-09-21T20:38:03.839614+00:00,964,688000,128x,300ms,25,64,0,0,16,5,6,7,2,0,0,0,26
2026-09-21T20:38:04.551617+00:00,965,688710,128x,300ms,25,64,0,0,16,5,6,7,2,0,0,0,27
2026-09-21T20:38:05.271624+00:00,966,689421,128x,300ms,25,64,1,0,16,5,6,7,2,0,0,0,27
2026-09-21T20:38:05.984010+00:00,967,690132,128x,300ms,25,64,1,0,16,5,6,7,2,0,0,0,27
2026-09-21T20:38:06.696072+00:00,968,690843,128x,300ms,25,64,1,0,16,5,6,7,2,0,0,0,26
2026-09-21T20:38:07.415647+00:00,969,691555,128x,300ms,25,64,1,0,16,5,6,7,2,0,0,0,27
2026-09-21T20:38:08.128293+00:00,970,692267,128x,300ms,25,64,1,0,16,5,6,7,2,0,0,0,26
2026-09-21T20:38:08.847737+00:00,971,692978,128x,300ms,25,64,0,0,16,5,6,7,2,0,0,0,27
2026-09-21T20:38:09.559617+00:00,972,693688,128x,300ms,25,64,0,0,16,5,6,7,2,0,0,0,27
2026-09-21T20:38:10.271991+00:00,973,694398,128x,300ms,25,64,0,0,16,5,6,7,2,0,0,0,26
2026-09-21T20:38:10.991788+00:00,974,695109,128x,300ms,25,64,0,0,16,5,6,7,2,0,0,0,27
2026-09-21T20:38:11.703760+00:00,975,695820,128x,300ms,25,64,0,0,16,5,6,7,2,1,0,0,27
2026-09-21T20:38:12.424304+00:00,976,696530,128x,300ms,25,64,1,0,16,5,6,7,2,0,0,0,27
2026-09-21T20:38:13.137323+00:00,977,697242,128x,300ms,25,64,1,0,16,5,6,7,2,0,0,0,27
2026-09-21T20:38:13.857242+00:00,978,697953,128x,300ms,25,64,1,0,16,5,6,7,2,0,0,0,27
2026-09-21T20:38:14.568150+00:00,979,698664,128x,300ms,25,64,1,0,16,5,6,7,2,0,0,0,27
2026-09-21T20:38:15.280060+00:00,980,699376,128x,300ms,25,64,1,0,16,5,6,7,2,0,0,0,27
2026-09-21T20:38:16.000042+00:00,981,700087,128x,300ms,25,64,0,0,16,5,6,7,2,0,0,0,27
2026-09-21T20:38:16.712337+00:00,982,700797,128x,300ms,25,64,0,0,16,5,6,7,2,0,0,0,27
2026-09-21T20:38:17.423999+00:00,983,701508,128x,300ms,25,64,0,0,17,5,6,7,2,0,0,0,27
2026-09-21T20:38:18.144086+00:00,984,702219,128x,300ms,25,64,0,0,16,5,6,7,2,0,0,0,27
2026-09-21T20:38:18.856447+00:00,985,702929,128x,300ms,25,64,0,0,16,5,6,7,2,0,0,0,27
2026-09-21T20:38:19.577104+00:00,986,703640,128x,300ms,25,64,1,0,16,5,6,7,2,0,0,0,27
2026-09-21T20:38:20.288337+00:00,987,704352,128x,300ms,25,64,1,0,16,5,6,7,2,0,0,0,27
2026-09-21T20:38:21.008014+00:00,988,705062,128x,300ms,25,64,1,0,16,5,6,7,2,0,0,0,26
2026-09-21T20:38:21.721467+00:00,989,705774,128x,300ms,25,64,1,0,16,5,6,7,2,0,0,0,27
2026-09-21T20:38:22.432457+00:00,990,706485,128x,300ms,25,64,1,0,16,5,6,7,2,0,0,0,27
2026-09-21T20:38:23.152533+00:00,991,707196,128x,300ms,25,64,0,0,16,5,6,7,2,0,0,0,27
2026-09-21T20:38:23.863996+00:00,992,707907,128x,300ms,25,64,0,0,16,5,6,7,2,0,0,0,27
2026-09-21T20:38:24.575616+00:00,993,708618,128x,300ms,25,64,0,0,16,5,6,7,2,0,0,0,27
2026-09-21T20:38:25.295789+00:00,994,709328,128x,300ms,25,64,0,0,16,5,6,7,2,0,0,0,27
2026-09-21T20:38:26.008566+00:00,995,710039,128x,300ms,25,64,0,0,16,5,6,7,2,0,0,0,26
2026-09-21T20:38:26.727582+00:00,996,710750,128x,300ms,25,64,1,0,16,5,6,7,2,0,0,0,27
2026-09-21T20:38:27.440254+00:00,997,711461,128x,300ms,25,64,1,0,16,5,6,7,2,0,0,0,27
2026-09-21T20:38:28.160022+00:00,998,712172,128x,300ms,25,64,1,0,16,5,6,7,2,0,0,0,27
2026-09-21T20:38:28.871657+00:00,999,712884,128x,300ms,25,64,1,0,16,5,6,7,2,0,0,0,27
2026-09-21T20:38:29.592132+00:00,1000,713594,128x,300ms,25,64,1,0,16,5,6,7,2,0,0,0,27
2026-09-21T20:38:30.304135+00:00,1001,714306,128x,300ms,25,64,0,0,16,5,6,7,2,0,0,0,27
2026-09-21T20:38:31.016457+00:00,1002,715017,128x,300ms,25,64,0,0,16,5,6,6,2,0,0,0,27
2026-09-21T20:38:31.736741+00:00,1003,715728,128x,300ms,25,64,0,0,16,5,6,7,2,0,0,0,27
2026-09-21T20:38:32.448184+00:00,1004,716439,128x,300ms,25,64,0,0,16,5,6,7,2,0,0,0,26
2026-09-21T20:38:33.167842+00:00,1005,717150,128x,300ms,25,64,0,0,16,5,6,7,2,0,0,0,26
2026-09-21T20:38:33.879619+00:00,1006,717860,128x,300ms,25,64,1,0,16,5,6,7,2,0,0,0,26
2026-09-21T20:38:34.600004+00:00,1007,718572,128x,300ms,25,64,1,0,16,5,6,7,2,0,0,0,27
2026-09-21T20:38:35.311626+00:00,1008,719284,128x,300ms,25,64,1,0,16,5,6,7,2,0,0,0,27
2026-09-21T20:38:36.031620+00:00,1009,719995,128x,300ms,25,64,1,0,16,5,6,7,2,0,0,0,27
2026-09-21T20:38:36.744675+00:00,1010,720706,128x,300ms,25,64,1,0,16,5,6,7,2,0,0,0,27
2026-09-21T20:38:37.456129+00:00,1011,721418,128x,300ms,25,64,0,0,16,5,6,7,2,0,0,0,27
2026-09-21T20:38:38.176523+00:00,1012,722128,128x,300ms,25,64,0,0,16,5,6,7,2,0,0,0,27
2026-09-21T20:38:38.887590+00:00,1013,722839,128x,300ms,25,64,0,0,16,5,6,7,2,0,0,0,27
2026-09-21T20:38:39.607712+00:00,1014,723550,128x,300ms,25,64,0,0,16,5,6,7,2,0,0,0,27
2026-09-21T20:38:40.320029+00:00,1015,724261,128x,300ms,25,64,0,0,16,5,6,7,2,0,0,0,27
2026-09-21T20:38:41.040248+00:00,1016,724972,128x,300ms,25,64,1,0,16,5,6,7,2,0,0,0,27
2026-09-21T20:38:41.752433+00:00,1017,725684,128x,300ms,25,64,1,0,16,5,6,7,2,0,0,0,26
2026-09-21T20:38:42.463954+00:00,1018,726395,128x,300ms,25,64,1,0,16,5,6,7,2,0,0,0,27
2026-09-21T20:38:43.184307+00:00,1019,727106,128x,300ms,25,64,1,0,16,5,6,7,2,0,0,0,26
2026-09-21T20:38:43.895607+00:00,1020,727818,128x,300ms,25,64,1,0,16,5,6,7,2,0,0,0,27
2026-09-21T20:38:44.615784+00:00,1021,728529,128x,300ms,25,64,0,0,16,5,6,7,2,0,0,0,27
2026-09-21T20:38:45.327634+00:00,1022,729240,128x,300ms,25,64,0,0,16,5,6,7,2,0,0,0,27
2026-09-21T20:38:46.039819+00:00,1023,729951,128x,300ms,25,64,0,0,16,5,6,7,2,0,0,0,27
2026-09-21T20:38:46.759946+00:00,1024,730662,128x,300ms,25,64,0,0,16,5,6,7,2,0,0,0,27
2026-09-21T20:38:47.473379+00:00,1025,731373,128x,300ms,25,64,0,0,16,6,6,7,2,1,0,0,26
2026-09-21T20:38:48.191635+00:00,1026,732084,128x,300ms,25,64,1,0,16,5,6,7,2,0,0,0,27
2026-09-21T20:38:48.904477+00:00,1027,732794,128x,300ms,25,64,1,0,16,5,6,7,2,0,0,0,27
2026-09-21T20:38:49.624072+00:00,1028,733506,128x,300ms,25,64,1,0,16,5,6,7,2,0,0,0,27
2026-09-21T20:38:50.336202+00:00,1029,734218,128x,300ms,25,64,1,0,16,5,6,7,2,0,0,0,27
2026-09-21T20:38:51.056254+00:00,1030,734929,128x,300ms,25,64,1,0,16,5,6,7,2,0,0,0,27
2026-09-21T20:38:51.770110+00:00,1031,735641,128x,300ms,25,64,0,0,16,5,6,7,2,1,0,0,27
2026-09-21T20:38:52.480588+00:00,1032,736352,128x,300ms,25,64,0,0,16,5,6,7,2,0,0,0,27
2026-09-21T20:38:53.202009+00:00,1033,737062,128x,300ms,25,64,0,0,16,5,6,7,2,0,0,0,27
2026-09-21T20:38:53.912198+00:00,1034,737773,128x,300ms,25,64,0,0,16,5,6,7,2,0,0,0,27
2026-09-21T20:38:54.631621+00:00,1035,738484,128x,300ms,25,64,0,0,16,5,6,7,2,0,0,0,27
2026-09-21T20:38:55.343725+00:00,1036,739194,128x,300ms,25,64,1,0,16,5,6,7,2,0,0,0,26
2026-09-21T20:38:56.063626+00:00,1037,739906,128x,300ms,25,64,1,0,16,5,6,7,2,0,0,0,26
2026-09-21T20:38:56.775739+00:00,1038,740618,128x,300ms,25,64,1,0,16,6,6,7,2,0,0,0,27
2026-09-21T20:38:57.496401+00:00,1039,741329,128x,300ms,25,64,1,0,16,5,6,7,2,0,0,0,27
2026-09-21T20:38:58.208511+00:00,1040,742041,128x,300ms,25,64,1,0,16,5,6,7,2,0,0,0,27
2026-09-21T20:38:58.920494+00:00,1041,742753,128x,300ms,25,64,0,0,16,5,6,7,2,0,0,0,27
2026-09-21T20:38:59.640127+00:00,1042,743463,128x,300ms,25,64,0,0,16,5,6,7,2,0,0,0,27
2026-09-21T20:39:00.352225+00:00,1043,744174,128x,300ms,25,64,0,0,16,5,6,7,2,0,0,0,27
2026-09-21T20:39:01.072482+00:00,1044,744885,128x,300ms,25,64,0,0,16,5,6,7,2,0,0,0,26
2026-09-21T20:39:01.783618+00:00,1045,745595,128x,300ms,25,64,0,0,16,5,6,7,2,0,0,0,26
2026-09-21T20:39:02.504208+00:00,1046,746306,128x,300ms,25,64,1,0,16,5,6,7,2,0,0,0,26
2026-09-21T20:39:03.215629+00:00,1047,747018,128x,300ms,25,64,1,0,16,5,6,7,2,0,0,0,26
2026-09-21T20:39:03.937535+00:00,1048,747729,128x,300ms,25,64,1,0,16,5,6,7,2,0,0,0,27
2026-09-21T20:39:04.648142+00:00,1049,748441,128x,300ms,25,64,1,0,16,5,6,7,2,0,0,0,27
2026-09-21T20:39:05.359635+00:00,1050,749153,128x,300ms,25,64,1,0,16,5,6,7,2,0,0,0,26
2026-09-21T20:39:06.080465+00:00,1051,749864,128x,300ms,25,64,0,0,16,5,6,7,2,0,0,0,27
2026-09-21T20:39:06.791990+00:00,1052,750575,128x,300ms,25,64,0,0,16,5,6,7,2,0,0,0,27
2026-09-21T20:39:07.512639+00:00,1053,751286,128x,300ms,25,64,0,0,16,5,6,7,2,0,0,0,27
2026-09-21T20:39:08.223658+00:00,1054,751996,128x,300ms,25,64,0,0,16,5,6,7,2,0,0,0,27
2026-09-21T20:39:08.944588+00:00,1055,752709,128x,300ms,25,64,0,0,16,5,6,7,2,0,0,0,27
2026-09-21T20:39:09.655612+00:00,1056,753420,128x,300ms,25,64,1,0,16,5,6,7,2,0,0,0,27
2026-09-21T20:39:10.377166+00:00,1057,754131,128x,300ms,25,64,1,0,16,5,6,7,2,0,0,0,27
2026-09-21T20:39:11.088268+00:00,1058,754842,128x,300ms,25,64,1,0,16,5,6,7,2,0,0,0,26
2026-09-21T20:39:11.807596+00:00,1059,755554,128x,300ms,25,64,1,0,16,5,6,7,2,0,0,0,27
2026-09-21T20:39:12.520092+00:00,1060,756265,128x,300ms,25,64,1,0,16,5,6,7,2,0,0,0,27
2026-09-21T20:39:13.231939+00:00,1061,756977,128x,300ms,25,64,0,0,16,5,6,7,2,0,0,0,27
2026-09-21T20:39:13.952128+00:00,1062,757688,128x,300ms,25,64,0,0,16,5,6,7,2,0,0,0,27
2026-09-21T20:39:14.663654+00:00,1063,758398,128x,300ms,25,64,0,0,16,5,6,7,2,0,0,0,27
2026-09-21T20:39:15.377395+00:00,1064,759109,128x,300ms,25,64,0,0,16,6,6,7,2,0,0,0,27
2026-09-21T20:39:16.096002+00:00,1065,759821,128x,300ms,25,64,0,0,16,5,6,7,2,0,0,0,27
2026-09-21T20:39:16.815686+00:00,1066,760531,128x,300ms,25,64,1,0,16,5,6,7,2,0,0,0,27
2026-09-21T20:39:17.528207+00:00,1067,761242,128x,300ms,25,64,1,0,16,5,6,7,2,0,0,0,27
2026-09-21T20:39:18.239725+00:00,1068,761954,128x,300ms,25,64,1,0,16,5,6,7,2,1,0,0,27
2026-09-21T20:39:18.959705+00:00,1069,762665,128x,300ms,25,64,1,0,16,5,6,7,2,0,0,0,27
2026-09-21T20:39:19.671939+00:00,1070,763377,128x,300ms,25,64,1,0,16,5,6,7,2,0,0,0,27
2026-09-21T20:39:20.391635+00:00,1071,764088,128x,300ms,25,64,0,0,16,5,6,7,2,0,0,0,27
2026-09-21T20:39:21.104546+00:00,1072,764800,128x,300ms,25,64,0,0,16,5,6,7,2,0,0,0,27
2026-09-21T20:39:21.815610+00:00,1073,765510,128x,300ms,25,64,0,0,16,5,6,7,2,0,0,0,26
2026-09-21T20:39:22.535630+00:00,1074,766221,128x,300ms,25,64,0,0,16,5,6,7,2,0,0,0,26
2026-09-21T20:39:23.248684+00:00,1075,766931,128x,300ms,25,64,0,0,16,5,6,7,2,0,0,0,27
2026-09-21T20:39:23.968439+00:00,1076,767642,128x,300ms,25,64,1,0,16,5,6,7,2,0,0,0,27
2026-09-21T20:39:24.680572+00:00,1077,768354,128x,300ms,25,64,1,0,16,5,6,7,2,0,0,0,27
2026-09-21T20:39:25.399596+00:00,1078,769065,128x,300ms,25,64,1,0,16,5,6,7,2,0,0,0,26
2026-09-21T20:39:26.112752+00:00,1079,769777,128x,300ms,25,64,1,0,16,5,6,7,2,0,0,0,27
2026-09-21T20:39:26.833368+00:00,1080,770489,128x,300ms,25,64,1,0,16,6,6,7,2,0,0,0,27
2026-09-21T20:39:27.543638+00:00,1081,771200,128x,300ms,25,64,0,0,16,5,6,7,2,0,0,0,27
2026-09-21T20:39:28.255614+00:00,1082,771911,128x,300ms,25,64,0,0,16,5,6,7,2,0,0,0,27
2026-09-21T20:39:28.976623+00:00,1083,772622,128x,300ms,25,64,0,0,16,5,6,7,2,0,0,0,27
2026-09-21T20:39:29.687629+00:00,1084,773332,128x,300ms,25,64,0,0,16,5,6,7,2,0,0,0,27
2026-09-21T20:39:30.407617+00:00,1085,774043,128x,300ms,25,64,0,0,16,5,6,7,2,0,0,0,27
2026-09-21T20:39:31.121187+00:00,1086,774754,128x,300ms,25,64,1,0,17,5,6,7,2,0,0,0,27
2026-09-21T20:39:31.840183+00:00,1087,775465,128x,300ms,25,64,1,0,16,5,6,7,2,0,0,0,27
2026-09-21T20:39:32.551977+00:00,1088,776177,128x,300ms,25,64,1,0,16,5,7,7,2,0,0,0,27
2026-09-21T20:39:33.272322+00:00,1089,776889,128x,300ms,25,64,1,0,16,5,6,7,2,0,0,0,27
2026-09-21T20:39:33.985113+00:00,1090,777600,128x,300ms,25,64,1,0,16,5,6,7,2,0,0,0,26
2026-09-21T20:39:34.696264+00:00,1091,778311,128x,300ms,25,64,0,0,16,5,6,7,2,0,0,0,27
2026-09-21T20:39:35.415914+00:00,1092,779022,128x,300ms,25,64,0,0,16,5,6,7,2,0,0,0,27
2026-09-21T20:39:36.127603+00:00,1093,779734,128x,300ms,25,64,0,0,16,5,6,7,2,0,0,0,26
2026-09-21T20:39:36.848664+00:00,1094,780444,128x,300ms,25,64,0,0,16,5,6,7,2,0,0,0,27
2026-09-21T20:39:37.560719+00:00,1095,781155,128x,300ms,25,64,0,0,16,5,6,7,2,0,0,0,27
2026-09-21T20:39:38.280205+00:00,1096,781865,128x,300ms,25,64,1,0,16,5,6,7,2,0,0,0,26
2026-09-21T20:39:38.991683+00:00,1097,782577,128x,300ms,25,64,1,0,16,6,6,7,2,0,0,0,27
2026-09-21T20:39:39.711599+00:00,1098,783289,128x,300ms,25,64,1,0,16,5,6,7,2,0,0,0,27
2026-09-21T20:39:40.423757+00:00,1099,784000,128x,300ms,25,64,1,0,16,5,6,7,2,0,0,0,27
2026-09-21T20:39:41.135647+00:00,1100,784711,128x,300ms,25,64,1,0,16,5,6,7,2,0,0,0,27
2026-09-21T20:39:41.856035+00:00,1101,785423,128x,300ms,25,64,0,0,16,5,6,7,2,0,0,0,27
2026-09-21T20:39:42.568332+00:00,1102,786134,128x,300ms,25,64,0,0,16,5,6,7,2,0,0,0,26
2026-09-21T20:39:43.280299+00:00,1103,786844,128x,300ms,25,64,0,0,16,5,6,7,2,0,0,0,26
2026-09-21T20:39:43.999747+00:00,1104,787555,128x,300ms,25,64,0,0,16,5,6,7,2,0,0,0,27
2026-09-21T20:39:44.719771+00:00,1105,788265,128x,300ms,25,64,0,0,16,5,6,7,2,0,0,0,27
2026-09-21T20:39:45.431619+00:00,1106,788976,128x,300ms,25,64,1,0,16,5,6,7,2,0,0,0,27
2026-09-21T20:39:46.143519+00:00,1107,789688,128x,300ms,25,64,1,0,16,5,6,7,2,0,0,0,27
2026-09-21T20:39:46.864472+00:00,1108,790400,128x,300ms,25,64,1,0,16,5,6,7,2,0,0,0,26
2026-09-21T20:39:47.576076+00:00,1109,791111,128x,300ms,25,64,1,0,16,5,6,7,2,0,0,0,27
2026-09-21T20:39:48.295731+00:00,1110,791823,128x,300ms,25,64,1,0,16,6,6,7,2,0,0,0,27
2026-09-21T20:39:49.007566+00:00,1111,792535,128x,300ms,25,64,0,0,16,5,6,7,2,0,0,0,27
2026-09-21T20:39:49.720162+00:00,1112,793245,128x,300ms,25,64,0,0,16,5,6,7,2,0,0,0,27
2026-09-21T20:39:50.439651+00:00,1113,793956,128x,300ms,25,64,0,0,16,5,6,7,2,0,0,0,27
2026-09-21T20:39:51.151610+00:00,1114,794667,128x,300ms,25,64,0,0,16,5,6,7,2,0,0,0,27
2026-09-21T20:39:51.872312+00:00,1115,795377,128x,300ms,25,64,0,0,16,5,6,7,2,0,0,0,27
2026-09-21T20:39:52.583964+00:00,1116,796088,128x,300ms,25,64,1,0,16,5,6,7,2,0,0,0,26
2026-09-21T20:39:53.304429+00:00,1117,796800,128x,300ms,25,64,1,0,16,5,6,7,2,0,0,0,26
2026-09-21T20:39:54.015872+00:00,1118,797511,128x,300ms,25,64,1,0,16,5,6,7,2,0,0,0,27
2026-09-21T20:39:54.736070+00:00,1119,798223,128x,300ms,25,64,1,0,16,5,6,7,2,0,0,0,27
2026-09-21T20:39:55.447927+00:00,1120,798935,128x,300ms,25,64,1,0,16,5,6,7,2,0,0,0,27
2026-09-21T20:39:56.160418+00:00,1121,799645,128x,300ms,25,64,0,0,16,5,6,7,2,0,0,0,26
2026-09-21T20:39:56.879550+00:00,1122,800357,128x,300ms,25,64,0,0,16,5,6,7,2,0,0,0,27
2026-09-21T20:39:57.592317+00:00,1123,801068,128x,300ms,25,64,0,0,16,5,6,7,2,0,0,0,27
2026-09-21T20:39:58.312214+00:00,1124,801778,128x,300ms,25,64,0,0,16,5,6,7,2,0,0,0,26
2026-09-21T20:39:59.023680+00:00,1125,802489,128x,300ms,25,64,0,0,16,5,6,7,2,0,0,0,26
2026-09-21T20:39:59.744360+00:00,1126,803200,128x,300ms,25,64,1,0,16,5,6,7,2,0,0,0,27
2026-09-21T20:40:00.455600+00:00,1127,803911,128x,300ms,25,64,1,0,16,5,6,7,2,0,0,0,27
2026-09-21T20:40:01.176090+00:00,1128,804623,128x,300ms,25,64,1,0,16,5,6,7,2,0,0,0,27
2026-09-21T20:40:01.887597+00:00,1129,805334,128x,300ms,25,64,1,0,16,5,6,7,2,0,0,0,27
2026-09-21T20:40:02.600304+00:00,1130,806045,128x,300ms,25,64,1,0,16,5,6,7,2,0,0,0,27
2026-09-21T20:40:03.320138+00:00,1131,806757,128x,300ms,25,64,0,0,16,5,6,7,2,0,0,0,27
2026-09-21T20:40:04.032444+00:00,1132,807468,128x,300ms,25,64,0,0,16,5,6,7,2,0,0,0,27
2026-09-21T20:40:04.751951+00:00,1133,808178,128x,300ms,25,64,0,0,16,5,6,7,2,0,0,0,26
2026-09-21T20:40:05.464692+00:00,1134,808889,128x,300ms,25,64,0,0,16,5,6,7,2,0,0,0,27
2026-09-21T20:40:06.184191+00:00,1135,809601,128x,300ms,25,64,0,0,16,5,6,7,2,0,0,0,27
2026-09-21T20:40:06.895929+00:00,1136,810311,128x,300ms,25,64,1,0,16,5,6,7,2,0,0,0,27
2026-09-21T20:40:07.615600+00:00,1137,811023,128x,300ms,25,64,1,0,16,5,6,7,2,0,0,0,27
2026-09-21T20:40:08.328153+00:00,1138,811734,128x,300ms,25,64,1,0,16,5,6,7,2,0,0,0,27
2026-09-21T20:40:09.040457+00:00,1139,812445,128x,300ms,25,64,1,0,16,5,6,7,2,0,0,0,27
2026-09-21T20:40:09.760639+00:00,1140,813157,128x,300ms,25,64,1,0,16,5,6,7,2,0,0,0,27
2026-09-21T20:40:10.471609+00:00,1141,813869,128x,300ms,25,64,0,0,16,5,6,7,2,0,0,0,26
2026-09-21T20:40:11.184793+00:00,1142,814579,128x,300ms,25,64,0,0,16,5,6,7,2,0,0,0,26
2026-09-21T20:40:11.903731+00:00,1143,815290,128x,300ms,25,64,0,0,16,6,6,7,2,1,0,0,27
2026-09-21T20:40:12.616493+00:00,1144,816001,128x,300ms,25,64,0,0,16,5,6,7,2,0,0,0,27
2026-09-21T20:40:13.343615+00:00,1145,816711,128x,300ms,25,64,0,0,16,5,6,7,2,0,0,0,27
2026-09-21T20:40:14.048446+00:00,1146,817422,128x,300ms,25,64,1,0,16,5,6,7,2,0,0,0,26
2026-09-21T20:40:14.767841+00:00,1147,818134,128x,300ms,25,64,1,0,16,5,6,7,2,0,0,0,26
2026-09-21T20:40:15.479573+00:00,1148,818845,128x,300ms,25,64,1,0,16,5,6,7,2,0,0,0,27
2026-09-21T20:40:16.199975+00:00,1149,819557,128x,300ms,25,64,1,0,16,6,6,7,2,0,0,0,27
2026-09-21T20:40:16.911505+00:00,1150,820269,128x,300ms,25,64,1,0,16,5,6,7,2,0,0,0,27
2026-09-21T20:40:17.623762+00:00,1151,820979,128x,300ms,25,64,0,0,16,5,6,7,2,0,0,0,27
2026-09-21T20:40:18.345295+00:00,1152,821690,128x,300ms,25,64,0,0,16,5,6,7,2,0,0,0,27
2026-09-21T20:40:19.056835+00:00,1153,822402,128x,300ms,25,64,0,0,16,5,6,7,2,0,0,0,27
2026-09-21T20:40:19.776101+00:00,1154,823112,128x,300ms,25,64,0,0,16,5,6,7,2,0,0,0,27
2026-09-21T20:40:20.487600+00:00,1155,823823,128x,300ms,25,64,0,0,16,5,6,7,2,0,0,0,27
2026-09-21T20:40:21.208524+00:00,1156,824534,128x,300ms,25,64,1,0,16,5,6,7,2,0,0,0,27
2026-09-21T20:40:21.919608+00:00,1157,825245,128x,300ms,25,64,1,0,16,5,6,7,2,0,0,0,26
2026-09-21T20:40:22.640257+00:00,1158,825957,128x,300ms,25,64,1,0,16,5,6,7,2,0,0,0,27
2026-09-21T20:40:23.351910+00:00,1159,826669,128x,300ms,25,64,1,0,16,5,6,7,2,1,0,0,27
2026-09-21T20:40:24.064844+00:00,1160,827379,128x,300ms,25,64,1,0,16,5,6,7,2,0,0,0,27
2026-09-21T20:40:24.783792+00:00,1161,828091,128x,300ms,25,64,0,0,16,5,6,7,2,0,0,0,26
2026-09-21T20:40:25.497216+00:00,1162,828802,128x,300ms,25,64,0,0,16,5,6,7,2,0,0,0,27
2026-09-21T20:40:26.216109+00:00,1163,829512,128x,300ms,25,64,0,0,16,5,6,7,2,0,0,0,26
2026-09-21T20:40:26.928772+00:00,1164,830223,128x,300ms,25,64,0,0,16,5,6,7,2,0,0,0,27
2026-09-21T20:40:27.648408+00:00,1165,830934,128x,300ms,25,64,0,0,16,5,6,7,2,0,0,0,27
2026-09-21T20:40:28.361066+00:00,1166,831645,128x,300ms,25,64,1,0,16,5,6,7,2,0,0,0,27
2026-09-21T20:40:29.081314+00:00,1167,832356,128x,300ms,25,64,1,0,16,6,6,7,2,0,0,0,26
2026-09-21T20:40:29.791798+00:00,1168,833068,128x,300ms,25,64,1,0,16,5,6,7,2,0,0,0,27
2026-09-21T20:40:30.504412+00:00,1169,833779,128x,300ms,25,64,1,0,16,5,6,7,2,0,0,0,27
2026-09-21T20:40:31.224105+00:00,1170,834491,128x,300ms,25,64,1,0,16,5,6,7,2,0,0,0,27
2026-09-21T20:40:31.935597+00:00,1171,835203,128x,300ms,25,64,0,0,16,5,6,7,2,0,0,0,26
2026-09-21T20:40:32.655841+00:00,1172,835913,128x,300ms,25,64,0,0,16,5,6,7,2,0,0,0,26
2026-09-21T20:40:33.367832+00:00,1173,836624,128x,300ms,25,64,0,0,16,5,6,7,2,0,0,0,26
2026-09-21T20:40:34.079469+00:00,1174,837335,128x,300ms,25,64,0,0,16,5,6,7,2,0,0,0,27
2026-09-21T20:40:34.799827+00:00,1175,838045,128x,300ms,25,64,0,0,16,5,6,7,2,0,0,0,27
2026-09-21T20:40:35.513077+00:00,1176,838756,128x,300ms,25,64,1,0,16,5,6,7,2,0,0,0,27
2026-09-21T20:40:36.231589+00:00,1177,839468,128x,300ms,25,64,1,0,16,5,6,7,2,0,0,0,26
2026-09-21T20:40:36.943530+00:00,1178,840179,128x,300ms,25,64,1,0,16,5,6,7,2,0,0,0,27
2026-09-21T20:40:37.664605+00:00,1179,840891,128x,300ms,25,64,1,0,16,5,6,7,2,1,0,0,27
2026-09-21T20:40:38.375842+00:00,1180,841602,128x,300ms,25,64,1,0,16,5,6,7,2,0,0,0,27
2026-09-21T20:40:39.095595+00:00,1181,842313,128x,300ms,25,64,0,0,16,5,6,7,1,0,0,0,27
2026-09-21T20:40:39.807603+00:00,1182,843024,128x,300ms,25,64,0,0,16,5,6,7,2,0,0,0,26
2026-09-21T20:40:40.520074+00:00,1183,843736,128x,300ms,25,64,0,0,16,5,6,7,2,0,0,0,27
2026-09-21T20:40:41.239611+00:00,1184,844446,128x,300ms,25,64,0,0,16,5,6,7,2,0,0,0,26
2026-09-21T20:40:41.952009+00:00,1185,845157,128x,300ms,25,64,0,0,16,5,6,7,2,0,0,0,26
2026-09-21T20:40:42.671476+00:00,1186,845868,128x,300ms,25,64,1,0,16,5,6,7,2,0,0,0,26
2026-09-21T20:40:43.384021+00:00,1187,846579,128x,300ms,25,64,1,0,16,5,6,7,2,0,0,0,27
2026-09-21T20:40:44.103765+00:00,1188,847291,128x,300ms,25,64,1,0,16,5,6,7,2,0,0,0,26
2026-09-21T20:40:44.816266+00:00,1189,848002,128x,300ms,25,64,1,0,16,5,6,6,2,0,0,0,27
2026-09-21T20:40:45.527678+00:00,1190,848713,128x,300ms,25,64,1,0,16,5,6,7,2,0,0,0,27
2026-09-21T20:40:46.248553+00:00,1191,849425,128x,300ms,25,64,0,0,16,5,6,7,2,0,0,0,26
2026-09-21T20:40:46.960555+00:00,1192,850136,128x,300ms,25,64,0,0,16,5,6,7,2,0,0,0,26
2026-09-21T20:40:47.680278+00:00,1193,850846,128x,300ms,25,64,0,0,16,5,6,7,2,0,0,0,27
2026-09-21T20:40:48.391570+00:00,1194,851558,128x,300ms,25,64,0,0,16,5,6,7,2,0,0,0,27
2026-09-21T20:40:49.113076+00:00,1195,852269,128x,300ms,25,64,0,0,16,5,6,7,2,0,0,0,27
2026-09-21T20:40:49.830033+00:00,1196,852979,128x,300ms,25,64,1,0,16,5,6,7,2,0,0,0,27
2026-09-21T20:40:50.536470+00:00,1197,853691,128x,300ms,25,64,1,0,16,5,6,7,2,0,0,0,27
2026-09-21T20:40:51.256536+00:00,1198,854402,128x,300ms,25,64,1,0,16,5,6,7,2,0,0,0,27
2026-09-21T20:40:51.968687+00:00,1199,855113,128x,300ms,25,64,1,0,16,5,6,7,2,0,0,0,27
2026-09-21T20:40:52.687513+00:00,1200,855825,128x,300ms,25,64,1,0,16,5,6,7,2,0,0,0,27
2026-09-21T20:40:53.400022+00:00,1201,856537,128x,300ms,25,64,0,0,16,5,6,7,2,0,0,0,27
2026-09-21T20:40:54.121408+00:00,1202,857247,128x,300ms,25,64,0,0,16,5,6,7,2,0,0,0,27
2026-09-21T20:40:54.832334+00:00,1203,857958,128x,300ms,25,64,0,0,16,5,6,7,2,0,0,0,27
2026-09-21T20:40:55.543793+00:00,1204,858669,128x,300ms,25,64,0,0,16,5,6,7,2,0,0,0,27
2026-09-21T20:40:56.263512+00:00,1205,859379,128x,300ms,25,64,0,0,17,5,6,7,2,0,0,0,27
2026-09-21T20:40:56.975476+00:00,1206,860090,128x,300ms,25,64,1,0,16,5,6,7,2,0,0,0,26
2026-09-21T20:40:57.695732+00:00,1207,860802,128x,300ms,25,64,1,0,16,5,6,7,2,0,0,0,27
2026-09-21T20:40:58.408199+00:00,1208,861513,128x,300ms,25,64,1,0,16,5,6,7,2,0,0,0,26
2026-09-21T20:40:59.128138+00:00,1209,862225,128x,300ms,25,64,1,0,16,5,6,7,2,0,0,0,27
2026-09-21T20:40:59.839882+00:00,1210,862937,128x,300ms,25,64,1,0,16,5,6,7,2,0,0,0,26
2026-09-21T20:41:00.559671+00:00,1211,863648,128x,300ms,25,64,0,0,16,5,6,7,2,0,0,0,27
2026-09-21T20:41:01.272490+00:00,1212,864359,128x,300ms,25,64,0,0,16,5,6,7,2,0,0,0,27
2026-09-21T20:41:01.983469+00:00,1213,865070,128x,300ms,25,64,0,0,16,6,6,7,2,0,0,0,27
2026-09-21T20:41:02.704726+00:00,1214,865780,128x,300ms,25,64,0,0,16,5,6,7,2,0,0,0,26
2026-09-21T20:41:03.415917+00:00,1215,866491,128x,300ms,25,64,0,0,16,5,6,7,2,0,0,0,27
2026-09-21T20:41:04.135600+00:00,1216,867202,128x,300ms,25,64,1,0,16,5,6,7,2,0,0,0,27
2026-09-21T20:41:04.847925+00:00,1217,867913,128x,300ms,25,64,1,0,16,6,6,7,2,0,0,0,26
2026-09-21T20:41:05.567996+00:00,1218,868625,128x,300ms,25,64,1,0,16,5,6,7,2,0,0,0,26
2026-09-21T20:41:06.279692+00:00,1219,869337,128x,300ms,25,64,1,0,17,5,6,7,2,0,0,0,26
2026-09-21T20:41:06.999938+00:00,1220,870048,128x,300ms,25,64,1,0,16,6,6,7,2,1,0,0,26
2026-09-21T20:41:07.712355+00:00,1221,870760,128x,300ms,25,64,0,0,16,5,6,7,2,0,0,0,27
2026-09-21T20:41:08.423762+00:00,1222,871471,128x,300ms,25,64,0,0,16,5,6,7,2,0,0,0,27
2026-09-21T20:41:09.143597+00:00,1223,872181,128x,300ms,25,64,0,0,16,5,6,7,2,0,0,0,27
2026-09-21T20:41:09.856762+00:00,1224,872892,128x,300ms,25,64,0,0,16,5,6,7,2,0,0,0,27
2026-09-21T20:41:10.576035+00:00,1225,873603,128x,300ms,25,64,0,0,16,5,6,7,2,0,0,0,27
2026-09-21T20:41:11.287746+00:00,1226,874313,128x,300ms,25,64,1,0,16,5,6,7,2,0,0,0,26
2026-09-21T20:41:12.007800+00:00,1227,875025,128x,300ms,25,64,1,0,16,5,6,7,2,0,0,0,26
2026-09-21T20:41:12.720350+00:00,1228,875737,128x,300ms,25,64,1,0,16,5,6,7,2,0,0,0,27
2026-09-21T20:41:13.440880+00:00,1229,876448,128x,300ms,25,64,1,0,16,5,6,7,2,1,0,0,26
2026-09-21T20:41:14.152238+00:00,1230,877160,128x,300ms,25,64,1,0,16,5,6,7,2,0,0,0,26
2026-09-21T20:41:14.864307+00:00,1231,877872,128x,300ms,25,64,0,0,16,5,6,7,2,0,0,0,27
2026-09-21T20:41:15.584268+00:00,1232,878582,128x,300ms,25,64,0,0,16,5,6,7,2,0,0,0,27
2026-09-21T20:41:16.295794+00:00,1233,879293,128x,300ms,25,64,0,0,16,5,6,7,2,0,0,0,27
2026-09-21T20:41:17.015606+00:00,1234,880004,128x,300ms,25,64,0,0,16,5,6,7,2,0,0,0,27
2026-09-21T20:41:17.727599+00:00,1235,880714,128x,300ms,25,64,0,0,16,5,6,7,2,0,0,0,27
2026-09-21T20:41:18.448188+00:00,1236,881426,128x,300ms,25,64,1,0,16,5,6,7,2,0,0,0,27
2026-09-21T20:41:19.159578+00:00,1237,882137,128x,300ms,25,64,1,0,16,5,6,7,2,0,0,0,27
2026-09-21T20:41:19.879954+00:00,1238,882848,128x,300ms,25,64,1,0,16,5,6,7,2,0,0,0,27
2026-09-21T20:41:20.592313+00:00,1239,883560,128x,300ms,25,64,1,0,17,6,6,7,2,0,0,0,26
2026-09-21T20:41:21.304486+00:00,1240,884272,128x,300ms,25,64,1,0,16,5,6,7,2,0,0,0,27
2026-09-21T20:41:22.023538+00:00,1241,884983,128x,300ms,25,64,0,0,16,5,6,7,2,0,0,0,27
2026-09-21T20:41:22.735596+00:00,1242,885694,128x,300ms,25,64,0,0,16,5,6,7,2,0,0,0,26
2026-09-21T20:41:23.455585+00:00,1243,886405,128x,300ms,25,64,0,0,16,5,6,7,2,0,0,0,27
2026-09-21T20:41:24.168466+00:00,1244,887115,128x,300ms,25,64,0,0,16,5,6,7,2,0,0,0,26
2026-09-21T20:41:24.879742+00:00,1245,887826,128x,300ms,25,64,0,0,16,5,6,7,2,0,0,0,27
2026-09-21T20:41:25.600629+00:00,1246,888537,128x,300ms,25,64,1,0,16,5,6,7,2,0,0,0,26
2026-09-21T20:41:26.312204+00:00,1247,889248,128x,300ms,25,64,1,0,16,5,6,7,2,0,0,0,27
2026-09-21T20:41:27.031868+00:00,1248,889960,128x,300ms,25,64,1,0,16,5,6,7,2,0,0,0,26
2026-09-21T20:41:27.744296+00:00,1249,890672,128x,300ms,25,64,1,0,16,5,6,7,2,0,0,0,27
2026-09-21T20:41:28.463499+00:00,1250,891382,128x,300ms,25,64,1,0,16,5,6,7,2,0,0,0,27
2026-09-21T20:41:29.175850+00:00,1251,892094,128x,300ms,25,64,0,0,16,5,6,7,2,0,0,0,27
2026-09-21T20:41:29.887607+00:00,1252,892805,128x,300ms,25,64,0,0,16,5,6,7,2,0,0,0,27
2026-09-21T20:41:30.607804+00:00,1253,893516,128x,300ms,25,64,0,0,16,5,6,7,1,0,0,0,27
2026-09-21T20:41:31.320510+00:00,1254,894227,128x,300ms,25,64,0,0,16,5,6,7,2,0,0,0,26
2026-09-21T20:41:32.039600+00:00,1255,894938,128x,300ms,25,64,0,0,16,5,6,7,2,0,0,0,27
2026-09-21T20:41:32.751856+00:00,1256,895648,128x,300ms,25,64,1,0,16,5,6,7,2,0,0,0,27
2026-09-21T20:41:33.471927+00:00,1257,896360,128x,300ms,25,64,1,0,16,5,6,7,2,0,0,0,26
2026-09-21T20:41:34.185176+00:00,1258,897072,128x,300ms,25,64,1,0,16,5,6,7,2,0,0,0,27
2026-09-21T20:41:34.903799+00:00,1259,897782,128x,300ms,25,64,1,0,16,5,6,7,2,0,0,0,27
2026-09-21T20:41:35.616320+00:00,1260,898494,128x,300ms,25,64,1,0,16,5,6,7,2,0,0,0,27
2026-09-21T20:41:36.327588+00:00,1261,899206,128x,300ms,25,64,0,0,16,5,6,7,2,0,0,0,27
2026-09-21T20:41:37.047604+00:00,1262,899916,128x,300ms,25,64,0,0,16,5,6,7,2,0,0,0,27
2026-09-21T20:41:37.759734+00:00,1263,900627,128x,300ms,25,64,0,0,16,5,6,7,2,0,0,0,27
2026-09-21T20:41:38.480607+00:00,1264,901338,128x,300ms,25,64,0,0,16,5,6,7,2,0,0,0,27
2026-09-21T20:41:39.191596+00:00,1265,902049,128x,300ms,25,64,0,0,16,5,6,7,2,0,0,0,27
2026-09-21T20:41:39.913489+00:00,1266,902760,128x,300ms,25,64,1,0,16,5,6,7,2,0,0,0,27
2026-09-21T20:41:40.624404+00:00,1267,903472,128x,300ms,25,64,1,0,16,5,6,7,2,1,0,0,27
2026-09-21T20:41:41.343564+00:00,1268,904182,128x,300ms,25,64,1,0,16,6,6,7,2,0,0,0,27
2026-09-21T20:41:42.057355+00:00,1269,904894,128x,300ms,25,64,1,0,16,5,6,7,2,0,0,0,27
2026-09-21T20:41:42.769520+00:00,1270,905606,128x,300ms,25,64,1,0,16,5,6,7,2,0,0,0,26
2026-09-21T20:41:43.488847+00:00,1271,906317,128x,300ms,25,64,0,0,16,5,6,7,2,0,0,0,27
2026-09-21T20:41:44.199750+00:00,1272,907028,128x,300ms,25,64,0,0,16,5,6,7,2,0,0,0,27
2026-09-21T20:41:44.920405+00:00,1273,907739,128x,300ms,25,64,0,0,16,5,6,7,2,0,0,0,26
2026-09-21T20:41:45.631835+00:00,1274,908449,128x,300ms,25,64,0,0,16,5,6,7,2,0,0,0,26
2026-09-21T20:41:46.351787+00:00,1275,909160,128x,300ms,25,64,0,0,16,5,6,7,2,0,0,0,27
2026-09-21T20:41:47.064539+00:00,1276,909871,128x,300ms,25,64,1,0,16,5,6,7,2,0,0,0,26
2026-09-21T20:41:47.783601+00:00,1277,910582,128x,300ms,25,64,1,0,16,5,6,7,2,0,0,0,26
2026-09-21T20:41:48.495789+00:00,1278,911294,128x,300ms,25,64,1,0,16,5,6,7,2,0,0,0,27
2026-09-21T20:41:49.208650+00:00,1279,912006,128x,300ms,25,64,1,0,16,5,6,7,2,0,0,0,26
2026-09-21T20:41:49.927541+00:00,1280,912717,128x,300ms,25,64,1,0,16,5,6,7,2,0,0,0,27
2026-09-21T20:41:50.639605+00:00,1281,913429,128x,300ms,25,64,0,0,16,5,6,7,2,0,0,0,27
2026-09-21T20:41:51.360737+00:00,1282,914140,128x,300ms,25,64,0,0,16,6,6,7,2,0,0,0,26
2026-09-21T20:41:52.072282+00:00,1283,914850,128x,300ms,25,64,0,0,16,5,6,7,2,0,0,0,27
2026-09-21T20:41:52.784638+00:00,1284,915561,128x,300ms,25,64,0,0,16,5,6,7,2,0,0,0,27
2026-09-21T20:41:53.503806+00:00,1285,916272,128x,300ms,25,64,0,0,16,5,6,7,2,0,0,0,26
2026-09-21T20:41:54.216329+00:00,1286,916982,128x,300ms,25,64,1,0,16,5,6,7,2,0,0,0,27
2026-09-21T20:41:54.936408+00:00,1287,917694,128x,300ms,25,64,1,0,16,5,6,7,2,0,0,0,27
2026-09-21T20:41:55.648010+00:00,1288,918406,128x,300ms,25,64,1,0,16,5,6,7,2,0,0,0,27
2026-09-21T20:41:56.367582+00:00,1289,919117,128x,300ms,25,64,1,0,16,5,6,7,2,0,0,0,27
2026-09-21T20:41:57.079599+00:00,1290,919829,128x,300ms,25,64,1,0,16,5,6,7,2,0,0,0,26
2026-09-21T20:41:57.800521+00:00,1291,920540,128x,300ms,25,64,0,0,16,5,6,7,2,0,0,0,26
2026-09-21T20:41:58.513008+00:00,1292,921251,128x,300ms,25,64,0,0,16,5,6,7,2,0,0,0,27
2026-09-21T20:41:59.224207+00:00,1293,921962,128x,300ms,25,64,0,0,16,5,6,7,2,0,0,0,27
2026-09-21T20:41:59.943613+00:00,1294,922673,128x,300ms,25,64,0,0,16,5,6,7,2,0,0,0,27
2026-09-21T20:42:00.656280+00:00,1295,923383,128x,300ms,25,64,0,0,16,5,6,7,2,0,0,0,27
2026-09-21T20:42:01.375533+00:00,1296,924094,128x,300ms,25,64,1,0,16,5,6,7,2,1,0,0,27
2026-09-21T20:42:02.087593+00:00,1297,924806,128x,300ms,25,64,1,0,16,5,6,7,2,0,0,0,27
2026-09-21T20:42:02.808529+00:00,1298,925516,128x,300ms,25,64,1,0,16,5,6,7,2,0,0,0,26
2026-09-21T20:42:03.519884+00:00,1299,926228,128x,300ms,25,64,1,0,16,5,6,7,2,0,0,0,27
2026-09-21T20:42:04.232576+00:00,1300,926940,128x,300ms,25,64,1,0,16,5,6,7,2,0,0,0,27
2026-09-21T20:42:04.952150+00:00,1301,927651,128x,300ms,25,64,0,0,16,5,6,7,2,0,0,0,27
2026-09-21T20:42:05.664376+00:00,1302,928362,128x,300ms,25,64,0,0,16,5,6,7,2,0,0,0,27
2026-09-21T20:42:06.384470+00:00,1303,929073,128x,300ms,25,64,0,0,16,5,6,7,2,0,0,0,27
2026-09-21T20:42:07.095601+00:00,1304,929783,128x,300ms,25,64,0,0,16,5,6,7,2,0,0,0,26
2026-09-21T20:42:07.816204+00:00,1305,930494,128x,300ms,25,64,0,0,16,5,6,7,2,0,0,0,26
2026-09-21T20:42:08.529174+00:00,1306,931206,128x,300ms,25,64,1,0,16,5,6,7,2,0,0,0,27
2026-09-21T20:42:09.248953+00:00,1307,931916,128x,300ms,25,64,1,0,16,5,6,7,2,0,0,0,26
2026-09-21T20:42:09.960585+00:00,1308,932628,128x,300ms,25,64,1,0,16,5,6,7,2,0,0,0,26
2026-09-21T20:42:10.672608+00:00,1309,933340,128x,300ms,25,64,1,0,16,5,6,7,2,1,0,0,26
2026-09-21T20:42:11.392610+00:00,1310,934051,128x,300ms,25,64,1,0,16,5,6,6,2,0,0,0,26
2026-09-21T20:42:12.104008+00:00,1311,934763,128x,300ms,25,64,0,0,16,5,6,7,2,0,0,0,26
2026-09-21T20:42:12.823610+00:00,1312,935474,128x,300ms,25,64,0,0,16,5,6,7,2,0,0,0,27
2026-09-21T20:42:13.535854+00:00,1313,936184,128x,300ms,25,64,0,0,16,5,6,7,2,0,0,0,26
2026-09-21T20:42:14.247723+00:00,1314,936895,128x,300ms,25,64,0,0,16,5,6,7,2,0,0,0,26
2026-09-21T20:42:14.968064+00:00,1315,937606,128x,300ms,25,64,0,0,16,5,6,7,2,0,0,0,27
2026-09-21T20:42:15.679842+00:00,1316,938316,128x,300ms,25,64,1,0,16,5,6,7,2,0,0,0,27
2026-09-21T20:42:16.400458+00:00,1317,939028,128x,300ms,25,64,1,0,16,5,6,7,2,0,0,0,26
2026-09-21T20:42:17.112047+00:00,1318,939740,128x,300ms,25,64,1,0,16,6,6,7,2,0,0,0,27
2026-09-21T20:42:17.831728+00:00,1319,940451,128x,300ms,25,64,1,0,16,5,6,7,2,0,0,0,27
2026-09-21T20:42:18.544149+00:00,1320,941162,128x,300ms,25,64,1,0,16,5,6,7,2,0,0,0,26
2026-09-21T20:42:19.263935+00:00,1321,941874,128x,300ms,25,64,0,0,16,5,6,7,2,0,0,0,27
2026-09-21T20:42:19.975500+00:00,1322,942584,128x,300ms,25,64,0,0,16,5,6,7,2,0,0,0,27
2026-09-21T20:42:20.688549+00:00,1323,943295,128x,300ms,25,64,0,0,16,5,6,6,2,0,0,0,26
2026-09-21T20:42:21.407599+00:00,1324,944007,128x,300ms,25,64,0,0,16,5,6,7,2,0,0,0,27
2026-09-21T20:42:22.120077+00:00,1325,944717,128x,300ms,25,64,0,0,16,5,6,7,2,0,0,0,27
2026-09-21T20:42:22.839611+00:00,1326,945428,128x,300ms,25,64,1,0,16,5,6,7,2,0,0,0,27
2026-09-21T20:42:23.552285+00:00,1327,946139,128x,300ms,25,64,1,0,16,5,6,7,2,0,0,0,26
2026-09-21T20:42:24.271518+00:00,1328,946850,128x,300ms,25,64,1,0,16,5,6,7,2,0,0,0,27
2026-09-21T20:42:24.983598+00:00,1329,947562,128x,300ms,25,64,1,0,16,5,6,7,2,0,0,0,27
2026-09-21T20:42:25.703845+00:00,1330,948274,128x,300ms,25,64,1,0,16,5,6,7,2,0,0,0,26
2026-09-21T20:42:26.415612+00:00,1331,948985,128x,300ms,25,64,0,0,16,5,6,7,2,0,0,0,27
2026-09-21T20:42:27.129138+00:00,1332,949696,128x,300ms,25,64,0,0,16,5,6,7,2,0,0,0,26
2026-09-21T20:42:27.847477+00:00,1333,950407,128x,300ms,25,64,0,0,16,5,6,7,2,0,0,0,26
2026-09-21T20:42:28.559730+00:00,1334,951117,128x,300ms,25,64,0,0,16,5,6,7,2,0,0,0,27
2026-09-21T20:42:29.281377+00:00,1335,951828,128x,300ms,25,64,0,0,16,5,6,7,2,0,0,0,27
2026-09-21T20:42:29.991604+00:00,1336,952540,128x,300ms,25,64,1,0,16,5,6,7,2,0,0,0,27
2026-09-21T20:42:30.712351+00:00,1337,953250,128x,300ms,25,64,1,0,16,5,6,7,2,0,0,0,26
2026-09-21T20:42:31.423599+00:00,1338,953962,128x,300ms,25,64,1,0,16,6,6,7,2,0,0,0,26
2026-09-21T20:42:32.143528+00:00,1339,954674,128x,300ms,25,64,1,0,16,5,6,7,2,0,0,0,26
2026-09-21T20:42:32.856009+00:00,1340,955385,128x,300ms,25,64,1,0,16,5,6,7,2,0,0,0,26
2026-09-21T20:42:33.568610+00:00,1341,956097,128x,300ms,25,64,0,0,16,5,6,7,2,0,0,0,26
2026-09-21T20:42:34.288034+00:00,1342,956808,128x,300ms,25,64,0,0,16,5,6,7,2,0,0,0,27
2026-09-21T20:42:35.000403+00:00,1343,957518,128x,300ms,25,64,0,0,17,6,6,7,2,0,0,0,26
2026-09-21T20:42:35.712462+00:00,1344,958229,128x,300ms,25,64,0,0,16,5,6,7,2,0,0,0,26
2026-09-21T20:42:36.432520+00:00,1345,958940,128x,300ms,25,64,0,0,16,5,6,7,2,0,0,0,27
2026-09-21T20:42:37.151570+00:00,1346,959651,128x,300ms,25,64,1,0,16,5,6,7,2,0,0,0,27
2026-09-21T20:42:37.863647+00:00,1347,960362,128x,300ms,25,64,1,0,16,5,6,7,2,0,0,0,26
2026-09-21T20:42:38.576700+00:00,1348,961074,128x,300ms,25,64,1,0,16,5,6,7,2,0,0,0,26
2026-09-21T20:42:39.296620+00:00,1349,961785,128x,300ms,25,64,1,0,16,5,6,7,1,0,0,0,27
2026-09-21T20:42:40.007543+00:00,1350,962497,128x,300ms,25,64,1,0,16,5,6,7,2,0,0,0,27
2026-09-21T20:42:40.728808+00:00,1351,963208,128x,300ms,25,64,0,0,16,5,6,6,2,0,0,0,27
2026-09-21T20:42:41.441423+00:00,1352,963919,128x,300ms,25,64,0,0,16,5,6,7,2,0,0,0,27
2026-09-21T20:42:42.151887+00:00,1353,964630,128x,300ms,25,64,0,0,16,5,6,7,2,0,0,0,26
2026-09-21T20:42:42.872153+00:00,1354,965341,128x,300ms,25,64,0,0,16,5,6,7,2,0,0,0,26
2026-09-21T20:42:43.584365+00:00,1355,966051,128x,300ms,25,64,0,0,16,5,6,7,2,0,0,0,27
2026-09-21T20:42:44.303576+00:00,1356,966762,128x,300ms,25,64,1,0,16,5,6,7,2,0,0,0,27
2026-09-21T20:42:45.015627+00:00,1357,967474,128x,300ms,25,64,1,0,16,6,6,7,2,0,0,0,27
2026-09-21T20:42:45.735774+00:00,1358,968185,128x,300ms,25,64,1,0,16,5,6,7,2,0,0,0,26
2026-09-21T20:42:46.448548+00:00,1359,968897,128x,300ms,25,64,1,0,16,5,6,7,2,0,0,0,26
2026-09-21T20:42:47.168277+00:00,1360,969608,128x,300ms,25,64,1,0,16,5,6,7,2,0,0,0,26
2026-09-21T20:42:47.879805+00:00,1361,970319,128x,300ms,25,64,0,0,16,5,6,7,2,0,0,0,26
2026-09-21T20:42:48.592625+00:00,1362,971031,128x,300ms,25,64,0,0,16,6,6,7,2,0,0,0,27
2026-09-21T20:42:49.311743+00:00,1363,971742,128x,300ms,25,64,0,0,16,5,6,7,2,0,0,0,27
2026-09-21T20:42:50.023467+00:00,1364,972452,128x,300ms,25,64,0,0,16,5,6,7,2,0,0,0,26
2026-09-21T20:42:50.743611+00:00,1365,973163,128x,300ms,25,64,0,0,16,5,6,7,2,0,0,0,26
2026-09-21T20:42:51.456022+00:00,1366,973874,128x,300ms,25,64,1,0,16,5,6,7,2,0,0,0,26
2026-09-21T20:42:52.176546+00:00,1367,974585,128x,300ms,25,64,1,0,16,5,6,7,2,0,0,0,27
2026-09-21T20:42:52.887608+00:00,1368,975297,128x,300ms,25,64,1,0,16,5,6,7,1,0,0,0,26
2026-09-21T20:42:53.607750+00:00,1369,976008,128x,300ms,25,64,1,0,16,5,6,7,2,0,0,0,26
2026-09-21T20:42:54.320630+00:00,1370,976719,128x,300ms,25,64,1,0,16,5,6,7,2,1,0,0,27
2026-09-21T20:42:55.033323+00:00,1371,977431,128x,300ms,25,64,0,0,16,5,6,7,2,0,0,0,26
2026-09-21T20:42:55.753477+00:00,1372,978142,128x,300ms,25,64,0,0,16,5,6,7,2,0,0,0,26
2026-09-21T20:42:56.463595+00:00,1373,978852,128x,300ms,25,64,0,0,16,5,6,7,2,0,0,0,26
2026-09-21T20:42:57.184821+00:00,1374,979563,128x,300ms,25,64,0,0,16,5,6,7,2,0,0,0,26
2026-09-21T20:42:57.896674+00:00,1375,980274,128x,300ms,25,64,0,0,16,5,6,7,2,0,0,0,27
2026-09-21T20:42:58.615666+00:00,1376,980984,128x,300ms,25,64,1,0,16,5,6,7,2,0,0,0,27
2026-09-21T20:42:59.327510+00:00,1377,981696,128x,300ms,25,64,1,0,16,5,6,7,2,0,0,0,26
2026-09-21T20:43:00.049024+00:00,1378,982408,128x,300ms,25,64,1,0,16,5,6,7,2,0,0,0,27
2026-09-21T20:43:00.760487+00:00,1379,983119,128x,300ms,25,64,1,0,17,5,6,7,2,0,0,0,27
2026-09-21T20:43:01.472984+00:00,1380,983831,128x,300ms,25,64,1,0,16,5,6,7,2,0,0,0,27
2026-09-21T20:43:02.192504+00:00,1381,984543,128x,300ms,25,64,0,0,16,5,6,7,2,0,0,0,27
2026-09-21T20:43:02.903548+00:00,1382,985253,128x,300ms,25,64,0,0,16,5,6,7,2,0,0,0,26
2026-09-21T20:43:03.616216+00:00,1383,985964,128x,300ms,25,64,0,0,16,5,6,7,2,0,0,0,26
2026-09-21T20:43:04.336035+00:00,1384,986675,128x,300ms,25,64,0,0,16,5,6,7,2,0,0,0,26
2026-09-21T20:43:05.048588+00:00,1385,987385,128x,300ms,25,64,0,0,16,5,6,7,2,0,0,0,27
2026-09-21T20:43:05.767640+00:00,1386,988096,128x,300ms,25,64,1,0,16,5,6,7,2,0,0,0,26
2026-09-21T20:43:06.480638+00:00,1387,988808,128x,300ms,25,64,1,0,16,5,6,7,2,0,0,0,27
2026-09-21T20:43:07.199603+00:00,1388,989519,128x,300ms,25,64,1,0,16,5,6,7,2,0,0,0,27
2026-09-21T20:43:07.911775+00:00,1389,990230,128x,300ms,25,64,1,0,16,5,6,7,2,0,0,0,26
2026-09-21T20:43:08.631776+00:00,1390,990942,128x,300ms,25,64,1,0,16,5,6,6,2,0,0,0,26
2026-09-21T20:43:09.344785+00:00,1391,991655,128x,300ms,25,64,0,0,16,5,6,7,2,0,0,0,26
2026-09-21T20:43:10.064184+00:00,1392,992366,128x,300ms,25,64,0,0,16,5,6,7,2,0,0,0,26
2026-09-21T20:43:10.776287+00:00,1393,993077,128x,300ms,25,64,0,0,16,5,6,7,2,0,0,0,26
2026-09-21T20:43:11.488612+00:00,1394,993787,128x,300ms,25,64,0,0,16,5,6,7,2,0,0,0,26
2026-09-21T20:43:12.208353+00:00,1395,994498,128x,300ms,25,64,0,0,16,5,6,7,2,0,0,0,26
2026-09-21T20:43:12.919468+00:00,1396,995209,128x,300ms,25,64,1,0,16,5,6,7,2,0,0,0,26
2026-09-21T20:43:13.640345+00:00,1397,995920,128x,300ms,25,64,1,0,16,5,6,7,2,0,0,0,26
2026-09-21T20:43:14.352152+00:00,1398,996632,128x,300ms,25,64,1,0,16,5,6,7,2,0,0,0,26
2026-09-21T20:43:15.071813+00:00,1399,997344,128x,300ms,25,64,1,0,16,5,6,7,2,0,0,0,26
2026-09-21T20:43:15.784049+00:00,1400,998055,128x,300ms,25,64,1,0,16,5,6,7,2,0,0,0,27
2026-09-21T20:43:16.504434+00:00,1401,998767,128x,300ms,25,64,0,0,16,5,6,7,2,0,0,0,26
2026-09-21T20:43:17.216292+00:00,1402,999478,128x,300ms,25,64,0,0,16,5,6,7,2,0,0,0,26
2026-09-21T20:43:17.927615+00:00,1403,1000188,128x,300ms,25,64,0,0,16,5,6,7,2,0,0,0,26
2026-09-21T20:43:18.648001+00:00,1404,1000899,128x,300ms,25,64,0,0,16,5,6,7,2,0,0,0,27
2026-09-21T20:43:19.359969+00:00,1405,1001611,128x,300ms,25,64,0,0,16,5,6,7,2,0,0,0,27
2026-09-21T20:43:20.080627+00:00,1406,1002321,128x,300ms,25,64,1,0,16,5,6,7,2,0,0,0,27
2026-09-21T20:43:20.791605+00:00,1407,1003033,128x,300ms,25,64,1,0,16,5,6,7,2,0,0,0,26
2026-09-21T20:43:21.512466+00:00,1408,1003745,128x,300ms,25,64,1,0,16,6,6,7,2,0,0,0,26
2026-09-21T20:43:22.224283+00:00,1409,1004456,128x,300ms,25,64,1,0,16,5,6,7,2,0,0,0,27
2026-09-21T20:43:22.944549+00:00,1410,1005168,128x,300ms,25,64,1,0,16,5,6,7,2,1,0,0,27
2026-09-21T20:43:23.656416+00:00,1411,1005879,128x,300ms,25,64,0,0,16,5,6,7,2,0,0,0,26
2026-09-21T20:43:24.376323+00:00,1412,1006590,128x,300ms,25,64,0,0,16,5,6,7,2,0,0,0,27
2026-09-21T20:43:25.088015+00:00,1413,1007301,128x,300ms,25,64,0,0,16,5,6,7,2,0,0,0,27
2026-09-21T20:43:25.799498+00:00,1414,1008012,128x,300ms,25,64,0,0,16,5,6,7,2,0,0,0,26
2026-09-21T20:43:26.519813+00:00,1415,1008722,128x,300ms,25,64,0,0,16,5,6,7,2,0,0,0,26
2026-09-21T20:43:27.231624+00:00,1416,1009433,128x,300ms,25,64,1,0,16,5,6,7,2,0,0,0,26
2026-09-21T20:43:27.951593+00:00,1417,1010145,128x,300ms,25,64,1,0,16,5,6,7,2,0,0,0,26
2026-09-21T20:43:28.664376+00:00,1418,1010857,128x,300ms,25,64,1,0,16,5,6,7,2,0,0,0,27
2026-09-21T20:43:29.383603+00:00,1419,1011568,128x,300ms,25,64,1,0,16,5,6,7,2,0,0,0,27
2026-09-21T20:43:30.096375+00:00,1420,1012280,128x,300ms,25,64,1,0,16,5,6,7,2,0,0,0,26
2026-09-21T20:43:30.816102+00:00,1421,1012992,128x,300ms,25,64,0,0,16,5,6,7,2,0,0,0,27
2026-09-21T20:43:31.527772+00:00,1422,1013702,128x,300ms,25,64,0,0,16,5,6,7,2,0,0,0,26
2026-09-21T20:43:32.239495+00:00,1423,1014414,128x,300ms,25,64,0,0,16,5,6,7,2,0,0,0,26
2026-09-21T20:43:32.959827+00:00,1424,1015124,128x,300ms,25,64,0,0,16,5,6,7,2,0,0,0,27
2026-09-21T20:43:33.672476+00:00,1425,1015835,128x,300ms,25,64,0,0,16,5,6,7,2,0,0,0,26
2026-09-21T20:43:34.391881+00:00,1426,1016546,128x,300ms,25,64,1,0,16,5,6,7,2,0,0,0,27
2026-09-21T20:43:35.105281+00:00,1427,1017257,128x,300ms,25,64,1,0,16,5,6,7,2,0,0,0,27
2026-09-21T20:43:35.825254+00:00,1428,1017969,128x,300ms,25,64,1,0,16,5,6,7,1,0,0,0,26
2026-09-21T20:43:36.536374+00:00,1429,1018681,128x,300ms,25,64,1,0,16,5,6,7,2,0,0,0,27
2026-09-21T20:43:37.257020+00:00,1430,1019393,128x,300ms,25,64,1,0,16,5,6,7,2,0,0,0,26
2026-09-21T20:43:37.967799+00:00,1431,1020104,128x,300ms,25,64,0,0,16,5,6,7,2,0,0,0,27
2026-09-21T20:43:38.679798+00:00,1432,1020815,128x,300ms,25,64,0,0,16,5,6,7,1,0,0,0,26
2026-09-21T20:43:39.399578+00:00,1433,1021526,128x,300ms,25,64,0,0,16,5,6,7,2,0,0,0,26
2026-09-21T20:43:40.112212+00:00,1434,1022236,128x,300ms,25,64,0,0,16,5,6,7,2,0,0,0,26
2026-09-21T20:43:40.832388+00:00,1435,1022948,128x,300ms,25,64,0,0,16,5,6,7,2,0,0,0,26
2026-09-21T20:43:41.544508+00:00,1436,1023659,128x,300ms,25,64,1,0,16,5,6,7,2,0,0,0,27
2026-09-21T20:43:42.264450+00:00,1437,1024370,128x,300ms,25,64,1,0,16,5,6,7,2,0,0,0,27
2026-09-21T20:43:42.975981+00:00,1438,1025082,128x,300ms,25,64,1,0,16,5,6,6,1,0,0,0,25
2026-09-21T20:43:43.695844+00:00,1439,1025793,128x,300ms,25,64,1,0,16,5,5,6,0,0,0,0,24
2026-09-21T20:43:44.408460+00:00,1440,1026504,128x,300ms,25,64,1,0,16,5,5,6,1,0,0,0,24
2026-09-21T20:43:45.127817+00:00,1441,1027216,128x,300ms,25,64,0,0,16,4,5,6,0,0,0,0,24
2026-09-21T20:43:45.840447+00:00,1442,1027928,128x,300ms,25,64,0,0,16,5,5,6,1,0,0,0,23
2026-09-21T20:43:46.551609+00:00,1443,1028638,128x,300ms,25,64,0,0,16,5,5,6,0,0,0,0,23
2026-09-21T20:43:47.272239+00:00,1444,1029349,128x,300ms,25,64,0,0,16,5,5,6,1,0,0,0,24
2026-09-21T20:43:47.983500+00:00,1445,1030061,128x,300ms,25,64,0,0,16,5,5,6,1,0,0,0,24
2026-09-21T20:43:48.704841+00:00,1446,1030771,128x,300ms,25,64,1,0,16,5,6,7,2,0,0,0,27
2026-09-21T20:43:49.416371+00:00,1447,1031483,128x,300ms,25,64,1,0,16,5,6,7,2,0,0,0,26
2026-09-21T20:43:50.135890+00:00,1448,1032195,128x,300ms,25,64,1,0,16,5,6,7,2,0,0,0,26
2026-09-21T20:43:50.847945+00:00,1449,1032906,128x,300ms,25,64,1,0,16,5,6,7,2,0,0,0,26
2026-09-21T20:43:51.567596+00:00,1450,1033618,128x,300ms,25,64,1,0,16,5,6,7,2,0,0,0,26
2026-09-21T20:43:52.280708+00:00,1451,1034330,128x,300ms,25,64,0,0,16,5,6,7,2,0,0,0,26
2026-09-21T20:43:53.001287+00:00,1452,1035040,128x,300ms,25,64,0,0,16,5,6,7,2,0,0,0,27
2026-09-21T20:43:53.712938+00:00,1453,1035751,128x,300ms,25,64,0,0,16,5,6,7,2,0,0,0,27
2026-09-21T20:43:54.424719+00:00,1454,1036463,128x,300ms,25,64,0,0,16,6,6,7,2,0,0,0,27
2026-09-21T20:43:55.143863+00:00,1455,1037173,128x,300ms,25,64,0,0,16,5,6,7,2,0,0,0,26
2026-09-21T20:43:55.857577+00:00,1456,1037884,128x,300ms,25,64,1,0,16,5,6,7,2,0,0,0,27
2026-09-21T20:43:56.576285+00:00,1457,1038596,128x,300ms,25,64,1,0,16,5,6,7,2,0,0,0,26
2026-09-21T20:43:57.296153+00:00,1458,1039307,128x,300ms,25,64,1,0,16,5,6,7,2,0,0,0,26
2026-09-21T20:43:58.006614+00:00,1459,1040019,128x,300ms,25,64,1,0,16,5,6,7,2,0,0,0,26
2026-09-21T20:43:58.721363+00:00,1460,1040732,128x,300ms,25,64,1,0,16,5,6,7,2,0,0,0,26
2026-09-21T20:43:59.440619+00:00,1461,1041443,128x,300ms,25,64,0,0,16,5,6,7,2,0,0,0,26
2026-09-21T20:44:00.152137+00:00,1462,1042154,128x,300ms,25,64,0,0,16,5,6,7,2,0,0,0,27
2026-09-21T20:44:00.872203+00:00,1463,1042866,128x,300ms,25,64,0,0,16,5,6,7,2,0,0,0,27
2026-09-21T20:44:01.583753+00:00,1464,1043576,128x,300ms,25,64,0,0,16,5,6,7,2,0,0,0,26
2026-09-21T20:44:02.303671+00:00,1465,1044287,128x,300ms,25,64,0,0,16,5,6,7,2,0,0,0,26
2026-09-21T20:44:03.015580+00:00,1466,1044998,128x,300ms,25,64,1,0,16,5,6,7,2,0,0,0,26
2026-09-21T20:44:03.736103+00:00,1467,1045709,128x,300ms,25,64,1,0,16,5,6,7,2,0,0,0,26
2026-09-21T20:44:04.447743+00:00,1468,1046421,128x,300ms,25,64,1,0,16,5,6,7,2,0,0,0,26
2026-09-21T20:44:05.168506+00:00,1469,1047133,128x,300ms,25,64,1,0,16,5,6,7,2,0,0,0,26
2026-09-21T20:44:05.880194+00:00,1470,1047844,128x,300ms,25,64,1,0,16,5,6,7,2,0,0,0,26
2026-09-21T20:44:06.591568+00:00,1471,1048556,128x,300ms,25,64,0,0,16,5,6,7,2,0,0,0,26
2026-09-21T20:44:07.312076+00:00,1472,1049267,128x,300ms,25,64,0,0,16,5,6,7,2,0,0,0,26
2026-09-21T20:44:08.023596+00:00,1473,1049977,128x,300ms,25,64,0,0,16,5,6,7,2,0,0,0,26
2026-09-21T20:44:08.744274+00:00,1474,1050689,128x,300ms,25,64,0,0,16,5,6,7,2,0,0,0,26
2026-09-21T20:44:09.456188+00:00,1475,1051400,128x,300ms,25,64,0,0,16,5,6,7,2,0,0,0,26
2026-09-21T20:44:10.175681+00:00,1476,1052110,128x,300ms,25,64,1,0,16,5,6,7,2,0,0,0,26
2026-09-21T20:44:10.888200+00:00,1477,1052822,128x,300ms,25,64,1,0,16,5,6,7,1,0,0,0,26
2026-09-21T20:44:11.608142+00:00,1478,1053534,128x,300ms,25,64,1,0,16,5,6,7,2,0,0,0,26
2026-09-21T20:44:12.320378+00:00,1479,1054245,128x,300ms,25,64,1,0,16,5,6,7,2,0,0,0,26
2026-09-21T20:44:13.032412+00:00,1480,1054957,128x,300ms,25,64,1,0,16,5,6,7,2,0,0,0,26
2026-09-21T20:44:13.752549+00:00,1481,1055669,128x,300ms,25,64,0,0,16,5,6,7,2,1,0,0,26
2026-09-21T20:44:14.463507+00:00,1482,1056379,128x,300ms,25,64,0,0,16,5,6,7,2,0,0,0,26
2026-09-21T20:44:15.184587+00:00,1483,1057090,128x,300ms,25,64,0,0,16,5,6,7,2,0,0,0,27
2026-09-21T20:44:15.895512+00:00,1484,1057802,128x,300ms,25,64,0,0,16,5,6,7,2,0,0,0,27
2026-09-21T20:44:16.616013+00:00,1485,1058512,128x,300ms,25,64,0,0,16,5,6,7,1,0,0,0,26
2026-09-21T20:44:17.328182+00:00,1486,1059223,128x,300ms,25,64,1,0,16,5,6,7,2,0,0,0,26
2026-09-21T20:44:18.049042+00:00,1487,1059935,128x,300ms,25,64,1,0,16,5,6,7,2,0,0,0,26
2026-09-21T20:44:18.759602+00:00,1488,1060646,128x,300ms,25,64,1,0,16,5,6,7,2,0,0,0,26
2026-09-21T20:44:19.480131+00:00,1489,1061358,128x,300ms,25,64,1,0,16,5,6,7,2,0,0,0,26
2026-09-21T20:44:20.191844+00:00,1490,1062070,128x,300ms,25,64,1,0,16,5,6,7,2,0,0,0,26
2026-09-21T20:44:20.904492+00:00,1491,1062781,128x,300ms,25,64,0,0,16,5,6,7,2,0,0,0,26
2026-09-21T20:44:21.624635+00:00,1492,1063492,128x,300ms,25,64,0,0,16,5,6,7,2,0,0,0,26
2026-09-21T20:44:22.335663+00:00,1493,1064204,128x,300ms,25,64,0,0,16,6,6,7,2,0,0,0,27
2026-09-21T20:44:23.056077+00:00,1494,1064914,128x,300ms,25,64,0,0,16,5,6,7,2,0,0,0,26
2026-09-21T20:44:23.767600+00:00,1495,1065625,128x,300ms,25,64,0,0,16,6,6,7,2,0,0,0,27
2026-09-21T20:44:24.488455+00:00,1496,1066336,128x,300ms,25,64,1,0,16,5,6,7,2,0,0,0,27
2026-09-21T20:44:25.199602+00:00,1497,1067047,128x,300ms,25,64,1,0,16,5,6,7,2,0,0,0,26
2026-09-21T20:44:25.920437+00:00,1498,1067759,128x,300ms,25,64,1,0,16,5,6,7,2,0,0,0,26
2026-09-21T20:44:26.631908+00:00,1499,1068471,128x,300ms,25,64,1,0,16,5,6,7,2,0,0,0,27
2026-09-21T20:44:27.344670+00:00,1500,1069182,128x,300ms,25,64,1,0,16,5,6,7,2,0,0,0,27
2026-09-21T20:44:28.063602+00:00,1501,1069894,128x,300ms,25,64,0,0,16,5,6,7,2,0,0,0,27
2026-09-21T20:44:28.776145+00:00,1502,1070605,128x,300ms,25,64,0,0,16,5,6,7,2,0,0,0,26
2026-09-21T20:44:29.497312+00:00,1503,1071315,128x,300ms,25,64,0,0,16,6,6,7,2,0,0,0,26
2026-09-21T20:44:30.208205+00:00,1504,1072026,128x,300ms,25,64,0,0,16,6,6,7,2,0,0,0,26
2026-09-21T20:44:30.927958+00:00,1505,1072738,128x,300ms,25,64,0,0,16,5,6,7,2,0,0,0,26
2026-09-21T20:44:31.640648+00:00,1506,1073448,128x,300ms,25,64,1,0,16,5,6,7,2,0,0,0,26
2026-09-21T20:44:32.360008+00:00,1507,1074160,128x,300ms,25,64,1,0,16,6,6,7,2,0,0,0,27
2026-09-21T20:44:33.071551+00:00,1508,1074872,128x,300ms,25,64,1,0,16,5,6,7,2,0,0,0,26
2026-09-21T20:44:33.791709+00:00,1509,1075584,128x,300ms,25,64,1,0,16,5,6,7,2,0,0,0,27
2026-09-21T20:44:34.503521+00:00,1510,1076295,128x,300ms,25,64,1,0,16,5,6,7,2,0,0,0,26
2026-09-21T20:44:35.215953+00:00,1511,1077007,128x,300ms,25,64,0,0,16,5,6,7,2,0,0,0,26
2026-09-21T20:44:35.936203+00:00,1512,1077718,128x,300ms,25,64,0,0,16,5,6,7,2,0,0,0,27
2026-09-21T20:44:36.648166+00:00,1513,1078428,128x,300ms,25,64,0,0,16,5,6,7,2,0,0,0,27
2026-09-21T20:44:37.369336+00:00,1514,1079139,128x,300ms,25,64,0,0,16,5,6,7,2,0,0,0,26
2026-09-21T20:44:38.080233+00:00,1515,1079851,128x,300ms,25,64,0,0,16,5,6,6,2,0,0,0,26
2026-09-21T20:44:38.799514+00:00,1516,1080561,128x,300ms,25,64,1,0,16,5,6,7,2,0,0,0,27
2026-09-21T20:44:39.512013+00:00,1517,1081273,128x,300ms,25,64,1,0,16,5,6,7,2,0,0,0,27
2026-09-21T20:44:40.231511+00:00,1518,1081985,128x,300ms,25,64,1,0,16,5,6,7,2,0,0,0,26
2026-09-21T20:44:40.945433+00:00,1519,1082696,128x,300ms,25,64,1,0,16,5,6,7,2,0,0,0,26
2026-09-21T20:44:41.658224+00:00,1520,1083408,128x,300ms,25,64,1,0,16,5,6,7,2,0,0,0,26
2026-09-21T20:44:42.375667+00:00,1521,1084120,128x,300ms,25,64,0,0,16,5,6,7,2,0,0,0,26
2026-09-21T20:44:43.088091+00:00,1522,1084830,128x,300ms,25,64,0,0,16,5,6,7,2,0,0,0,26
2026-09-21T20:44:43.807601+00:00,1523,1085541,128x,300ms,25,64,0,0,16,5,6,7,2,0,0,0,26
2026-09-21T20:44:44.520113+00:00,1524,1086252,128x,300ms,25,64,0,0,16,5,6,7,2,0,0,0,26
2026-09-21T20:44:45.239638+00:00,1525,1086963,128x,300ms,25,64,0,0,16,5,6,7,2,0,0,0,26
2026-09-21T20:44:45.952811+00:00,1526,1087674,128x,300ms,25,64,1,0,16,5,6,7,2,0,0,0,26
2026-09-21T20:44:46.671972+00:00,1527,1088386,128x,300ms,25,64,1,0,16,5,6,7,2,0,0,0,27
2026-09-21T20:44:47.383697+00:00,1528,1089097,128x,300ms,25,64,1,0,16,5,6,7,2,0,0,0,26
2026-09-21T20:44:48.104773+00:00,1529,1089809,128x,300ms,25,64,1,0,16,5,6,7,2,0,0,0,26
2026-09-21T20:44:48.815777+00:00,1530,1090521,128x,300ms,25,64,1,0,16,5,6,7,2,0,0,0,26
2026-09-21T20:44:49.529403+00:00,1531,1091232,128x,300ms,25,64,0,0,16,5,6,7,2,0,0,0,26
2026-09-21T20:44:50.247744+00:00,1532,1091943,128x,300ms,25,64,0,0,16,5,6,7,2,0,0,0,26
2026-09-21T20:44:50.959601+00:00,1533,1092654,128x,300ms,25,64,0,0,16,6,6,7,2,0,0,0,26
2026-09-21T20:44:51.680235+00:00,1534,1093364,128x,300ms,25,64,0,0,16,5,6,6,2,0,0,0,26
2026-09-21T20:44:52.393306+00:00,1535,1094076,128x,300ms,25,64,0,0,16,5,6,7,2,0,0,0,26
2026-09-21T20:44:53.112602+00:00,1536,1094787,128x,300ms,25,64,1,0,16,5,6,7,2,0,0,0,26
2026-09-21T20:44:53.823726+00:00,1537,1095498,128x,300ms,25,64,1,0,16,6,6,7,2,0,0,0,26
2026-09-21T20:44:54.544839+00:00,1538,1096210,128x,300ms,25,64,1,0,16,5,6,6,2,0,0,0,27
2026-09-21T20:44:55.255606+00:00,1539,1096922,128x,300ms,25,64,1,0,16,6,6,7,2,0,0,0,26
2026-09-21T20:44:55.976539+00:00,1540,1097633,128x,300ms,25,64,1,0,16,5,6,7,2,0,0,0,26
2026-09-21T20:44:56.688457+00:00,1541,1098345,128x,300ms,25,64,0,0,16,5,6,7,2,0,0,0,26
2026-09-21T20:44:57.400383+00:00,1542,1099056,128x,300ms,25,64,0,0,16,5,6,7,2,0,0,0,26
2026-09-21T20:44:58.121502+00:00,1543,1099766,128x,300ms,25,64,0,0,16,5,6,7,2,0,0,0,26
2026-09-21T20:44:58.831601+00:00,1544,1100477,128x,300ms,25,64,0,0,16,5,6,7,2,0,0,0,26
2026-09-21T20:44:59.553060+00:00,1545,1101189,128x,300ms,25,64,0,0,16,5,6,7,2,0,0,0,26
2026-09-21T20:45:00.263954+00:00,1546,1101899,128x,300ms,25,64,1,0,16,5,6,7,2,0,0,0,26
2026-09-21T20:45:00.984647+00:00,1547,1102611,128x,300ms,25,64,1,0,16,5,6,7,2,0,0,0,27
2026-09-21T20:45:01.696290+00:00,1548,1103324,128x,300ms,25,64,1,0,17,5,6,7,2,0,0,0,26
2026-09-21T20:45:02.415526+00:00,1549,1104035,128x,300ms,25,64,1,0,16,5,6,7,2,0,0,0,26
2026-09-21T20:45:03.128435+00:00,1550,1104747,128x,300ms,25,64,1,0,16,5,6,7,2,0,0,0,26
2026-09-21T20:45:03.847744+00:00,1551,1105459,128x,300ms,25,64,0,0,16,5,6,7,2,0,0,0,26
2026-09-21T20:45:04.559962+00:00,1552,1106169,128x,300ms,25,64,0,0,16,5,6,7,1,0,0,0,27
2026-09-21T20:45:05.271497+00:00,1553,1106881,128x,300ms,25,64,0,0,16,5,6,7,2,0,0,0,27
2026-09-21T20:45:05.992018+00:00,1554,1107592,128x,300ms,25,64,0,0,16,5,6,7,2,0,0,0,26
2026-09-21T20:45:06.704255+00:00,1555,1108302,128x,300ms,25,64,0,0,16,5,6,7,2,0,0,0,27
2026-09-21T20:45:07.424423+00:00,1556,1109013,128x,300ms,25,64,1,0,16,5,6,7,2,0,0,0,26
2026-09-21T20:45:08.135539+00:00,1557,1109725,128x,300ms,25,64,1,0,16,5,6,7,2,0,0,0,26
2026-09-21T20:45:08.855538+00:00,1558,1110436,128x,300ms,25,64,1,0,16,5,6,7,2,0,0,0,26
2026-09-21T20:45:09.567759+00:00,1559,1111148,128x,300ms,25,64,1,0,16,5,6,7,2,0,0,0,27
2026-09-21T20:45:10.288531+00:00,1560,1111860,128x,300ms,25,64,1,0,16,5,6,7,2,0,0,0,26
2026-09-21T20:45:11.000141+00:00,1561,1112571,128x,300ms,25,64,0,0,16,5,6,7,2,0,0,0,26
2026-09-21T20:45:11.712463+00:00,1562,1113282,128x,300ms,25,64,0,0,16,5,6,7,2,0,0,0,26
2026-09-21T20:45:12.431992+00:00,1563,1113993,128x,300ms,25,64,0,0,16,5,6,7,2,0,0,0,26
2026-09-21T20:45:13.144508+00:00,1564,1114704,128x,300ms,25,64,0,0,16,5,6,7,2,0,0,0,26
2026-09-21T20:45:13.863874+00:00,1565,1115415,128x,300ms,25,64,0,0,16,5,6,6,2,0,0,0,27
2026-09-21T20:45:14.575654+00:00,1566,1116126,128x,300ms,25,64,1,0,16,5,6,7,2,0,0,0,26
2026-09-21T20:45:15.296454+00:00,1567,1116837,128x,300ms,25,64,1,0,16,5,6,7,2,0,0,0,27
2026-09-21T20:45:16.008458+00:00,1568,1117549,128x,300ms,25,64,1,0,16,5,6,7,2,0,0,0,26
2026-09-21T20:45:16.728050+00:00,1569,1118261,128x,300ms,25,64,1,0,16,5,6,7,2,0,0,0,27
2026-09-21T20:45:17.439698+00:00,1570,1118972,128x,300ms,25,64,1,0,16,5,6,7,2,0,0,0,26
2026-09-21T20:45:18.160405+00:00,1571,1119684,128x,300ms,25,64,0,0,16,5,6,7,2,0,0,0,26
2026-09-21T20:45:18.871566+00:00,1572,1120395,128x,300ms,25,64,0,0,16,5,6,7,2,0,0,0,26
2026-09-21T20:45:19.591778+00:00,1573,1121105,128x,300ms,25,64,0,0,16,5,6,7,2,0,0,0,26
2026-09-21T20:45:20.303518+00:00,1574,1121818,128x,300ms,25,64,0,0,17,5,6,7,2,0,0,0,26
2026-09-21T20:45:21.023925+00:00,1575,1122529,128x,300ms,25,64,0,0,16,5,6,7,2,0,0,0,27
2026-09-21T20:45:21.735791+00:00,1576,1123239,128x,300ms,25,64,1,0,17,5,6,7,2,0,0,0,26
2026-09-21T20:45:22.456423+00:00,1577,1123951,128x,300ms,25,64,1,0,16,5,6,7,2,0,0,0,26
2026-09-21T20:45:23.168146+00:00,1578,1124663,128x,300ms,25,64,1,0,16,5,6,7,2,0,0,0,26
2026-09-21T20:45:23.888388+00:00,1579,1125376,128x,300ms,25,64,1,0,16,5,6,7,2,0,0,0,26
2026-09-21T20:45:24.600009+00:00,1580,1126086,128x,300ms,25,64,1,0,16,5,6,7,2,0,0,0,27
2026-09-21T20:45:25.312419+00:00,1581,1126798,128x,300ms,25,64,0,0,16,5,6,7,2,0,0,0,26
2026-09-21T20:45:26.032650+00:00,1582,1127510,128x,300ms,25,64,0,0,16,5,6,7,2,0,0,0,27
2026-09-21T20:45:26.743599+00:00,1583,1128220,128x,300ms,25,64,0,0,16,5,6,7,2,0,0,0,26
2026-09-21T20:45:27.463823+00:00,1584,1128931,128x,300ms,25,64,0,0,16,5,6,7,2,0,0,0,26
2026-09-21T20:45:28.175599+00:00,1585,1129641,128x,300ms,25,64,0,0,16,5,6,7,2,0,0,0,26
2026-09-21T20:45:28.895947+00:00,1586,1130352,128x,300ms,25,64,1,0,16,5,6,7,1,0,0,0,26
2026-09-21T20:45:29.607497+00:00,1587,1131064,128x,300ms,25,64,1,0,16,5,6,7,2,1,0,0,26
2026-09-21T20:45:30.327953+00:00,1588,1131776,128x,300ms,25,64,1,0,16,5,6,7,2,0,0,0,26
2026-09-21T20:45:31.039747+00:00,1589,1132487,128x,300ms,25,64,1,0,16,5,6,7,2,0,0,0,27
2026-09-21T20:45:31.753301+00:00,1590,1133199,128x,300ms,25,64,1,0,16,5,6,7,2,0,0,0,26
2026-09-21T20:45:32.471606+00:00,1591,1133911,128x,300ms,25,64,0,0,16,5,6,7,2,0,0,0,27
2026-09-21T20:45:33.183707+00:00,1592,1134621,128x,300ms,25,64,0,0,16,5,6,7,2,0,0,0,26
2026-09-21T20:45:33.904019+00:00,1593,1135332,128x,300ms,25,64,0,0,16,5,6,7,2,0,0,0,26
2026-09-21T20:45:34.616339+00:00,1594,1136043,128x,300ms,25,64,0,0,16,5,6,7,2,0,0,0,26
2026-09-21T20:45:35.335996+00:00,1595,1136754,128x,300ms,25,64,0,0,16,5,6,7,2,0,0,0,27
2026-09-21T20:45:36.047610+00:00,1596,1137465,128x,300ms,25,64,1,0,16,5,6,7,2,0,0,0,26
2026-09-21T20:45:36.767474+00:00,1597,1138177,128x,300ms,25,64,1,0,16,5,6,7,2,0,0,0,26
2026-09-21T20:45:37.479893+00:00,1598,1138888,128x,300ms,25,64,1,0,16,5,6,7,2,0,0,0,27
2026-09-21T20:45:38.199596+00:00,1599,1139600,128x,300ms,25,64,1,0,16,5,6,7,2,0,0,0,26
2026-09-21T20:45:38.911937+00:00,1600,1140312,128x,300ms,25,64,1,0,16,5,6,7,2,0,0,0,26
2026-09-21T20:45:39.623788+00:00,1601,1141023,128x,300ms,25,64,0,0,17,5,6,7,2,0,0,0,27
2026-09-21T20:45:40.345496+00:00,1602,1141734,128x,300ms,25,64,0,0,16,5,6,7,2,0,0,0,26
2026-09-21T20:45:41.055598+00:00,1603,1142445,128x,300ms,25,64,0,0,16,5,6,7,2,0,0,0,26
2026-09-21T20:45:41.776404+00:00,1604,1143156,128x,300ms,25,64,0,0,16,5,6,7,2,0,0,0,26
2026-09-21T20:45:42.488069+00:00,1605,1143867,128x,300ms,25,64,0,0,16,5,6,7,2,0,0,0,26
2026-09-21T20:45:43.207921+00:00,1606,1144578,128x,300ms,25,64,1,0,16,5,6,7,2,0,0,0,26
2026-09-21T20:45:43.919941+00:00,1607,1145289,128x,300ms,25,64,1,0,16,5,6,7,2,0,0,0,26
2026-09-21T20:45:44.640273+00:00,1608,1146001,128x,300ms,25,64,1,0,16,5,6,7,2,0,0,0,26
2026-09-21T20:45:45.352062+00:00,1609,1146713,128x,300ms,25,64,1,0,16,5,6,7,2,0,0,0,26
2026-09-21T20:45:46.063622+00:00,1610,1147424,128x,300ms,25,64,1,0,16,5,6,7,2,0,0,0,26
2026-09-21T20:45:46.785288+00:00,1611,1148136,128x,300ms,25,64,0,0,16,5,6,7,2,0,0,0,26
2026-09-21T20:45:47.496769+00:00,1612,1148847,128x,300ms,25,64,0,0,16,5,6,7,2,0,0,0,27
2026-09-21T20:45:48.215671+00:00,1613,1149558,128x,300ms,25,64,0,0,16,5,6,7,2,0,0,0,26
2026-09-21T20:45:48.927597+00:00,1614,1150269,128x,300ms,25,64,0,0,16,5,6,7,2,0,0,0,26
2026-09-21T20:45:49.647550+00:00,1615,1150980,128x,300ms,25,64,0,0,16,5,6,7,2,0,0,0,26
2026-09-21T20:45:50.360624+00:00,1616,1151690,128x,300ms,25,64,1,0,16,5,6,7,2,0,0,0,26
2026-09-21T20:45:51.080631+00:00,1617,1152402,128x,300ms,25,64,1,0,16,5,6,7,2,0,0,0,26
2026-09-21T20:45:51.791603+00:00,1618,1153114,128x,300ms,25,64,1,0,16,5,6,7,2,0,0,0,26
2026-09-21T20:45:52.515616+00:00,1619,1153825,128x,300ms,25,64,1,0,16,5,6,7,2,0,0,0,26
2026-09-21T20:45:53.224482+00:00,1620,1154537,128x,300ms,25,64,1,0,16,5,6,7,2,0,0,0,26
2026-09-21T20:45:53.936535+00:00,1621,1155249,128x,300ms,25,64,0,0,16,5,6,7,2,0,0,0,27
2026-09-21T20:45:54.656494+00:00,1622,1155960,128x,300ms,25,64,0,0,16,5,6,7,2,0,0,0,27
2026-09-21T20:45:55.368709+00:00,1623,1156671,128x,300ms,25,64,0,0,16,5,6,7,2,0,0,0,26
2026-09-21T20:45:56.088351+00:00,1624,1157382,128x,300ms,25,64,0,0,16,5,6,7,2,0,0,0,26
2026-09-21T20:45:56.799725+00:00,1625,1158092,128x,300ms,25,64,0,0,16,5,6,7,2,0,0,0,27
2026-09-21T20:45:57.521367+00:00,1626,1158803,128x,300ms,25,64,1,0,16,5,6,7,2,0,0,0,27
2026-09-21T20:45:58.231602+00:00,1627,1159515,128x,300ms,25,64,1,0,16,5,6,7,2,0,0,0,26
2026-09-21T20:45:58.952549+00:00,1628,1160226,128x,300ms,25,64,1,0,16,5,6,7,2,0,0,0,26
2026-09-21T20:45:59.664030+00:00,1629,1160938,128x,300ms,25,64,1,0,16,5,6,7,2,0,0,0,26
2026-09-21T20:46:00.383473+00:00,1630,1161650,128x,300ms,25,64,1,0,16,5,6,7,2,0,0,0,26
2026-09-21T20:46:01.095931+00:00,1631,1162361,128x,300ms,25,64,0,0,16,5,6,7,2,0,0,0,27
2026-09-21T20:46:01.808506+00:00,1632,1163073,128x,300ms,25,64,0,0,16,5,6,7,2,0,0,0,27
2026-09-21T20:46:02.528611+00:00,1633,1163784,128x,300ms,25,64,0,0,16,5,6,7,2,0,0,0,26
2026-09-21T20:46:03.240585+00:00,1634,1164494,128x,300ms,25,64,0,0,16,5,6,7,2,0,0,0,26
2026-09-21T20:46:03.959908+00:00,1635,1165205,128x,300ms,25,64,0,0,16,5,6,7,2,1,0,0,26
2026-09-21T20:46:04.671624+00:00,1636,1165916,128x,300ms,25,64,1,0,16,5,6,7,2,0,0,0,26
2026-09-21T20:46:05.388501+00:00,1637,1166627,128x,300ms,25,64,1,0,16,5,6,7,2,0,0,0,26
2026-09-21T20:46:06.103523+00:00,1638,1167339,128x,300ms,25,64,1,0,16,5,6,7,1,0,0,0,26
2026-09-21T20:46:06.823617+00:00,1639,1168051,128x,300ms,25,64,1,0,16,5,6,7,2,0,0,0,26
2026-09-21T20:46:07.536450+00:00,1640,1168762,128x,300ms,25,64,1,0,16,5,6,7,2,0,0,0,26
2026-09-21T20:46:08.249232+00:00,1641,1169474,128x,300ms,25,64,0,0,16,5,6,7,2,0,0,0,27
2026-09-21T20:46:08.968610+00:00,1642,1170185,128x,300ms,25,64,0,0,16,5,6,7,2,0,0,0,26
2026-09-21T20:46:09.680075+00:00,1643,1170895,128x,300ms,25,64,0,0,16,5,6,7,2,0,0,0,26
2026-09-21T20:46:10.400761+00:00,1644,1171607,128x,300ms,25,64,0,0,16,5,6,7,2,0,0,0,26
2026-09-21T20:46:11.111575+00:00,1645,1172318,128x,300ms,25,64,0,0,16,5,6,7,2,0,0,0,27
2026-09-21T20:46:11.832578+00:00,1646,1173028,128x,300ms,25,64,1,0,17,5,6,7,2,0,0,0,26
2026-09-21T20:46:12.543747+00:00,1647,1173740,128x,300ms,25,64,1,0,16,5,6,7,2,0,0,0,26
2026-09-21T20:46:13.263821+00:00,1648,1174452,128x,300ms,25,64,1,0,16,5,6,7,2,0,0,0,27
2026-09-21T20:46:13.975882+00:00,1649,1175163,128x,300ms,25,64,1,0,16,5,6,7,2,0,0,0,26
2026-09-21T20:46:14.695527+00:00,1650,1175875,128x,300ms,25,64,1,0,16,5,6,7,2,0,0,0,26
2026-09-21T20:46:15.407999+00:00,1651,1176587,128x,300ms,25,64,0,0,16,5,6,7,2,0,0,0,26
2026-09-21T20:46:16.119882+00:00,1652,1177297,128x,300ms,25,64,0,0,16,5,6,7,2,0,0,0,26
2026-09-21T20:46:16.841403+00:00,1653,1178008,128x,300ms,25,64,0,0,16,5,6,7,2,0,0,0,26
2026-09-21T20:46:17.551681+00:00,1654,1178720,128x,300ms,25,64,0,0,16,5,6,7,2,0,0,0,26
2026-09-21T20:46:18.272663+00:00,1655,1179430,128x,300ms,25,64,0,0,16,5,6,7,2,0,0,0,26
2026-09-21T20:46:18.984565+00:00,1656,1180141,128x,300ms,25,64,1,0,16,5,6,7,2,0,0,0,26
2026-09-21T20:46:19.703615+00:00,1657,1180853,128x,300ms,25,64,1,0,16,5,6,7,2,0,0,0,26
2026-09-21T20:46:20.415819+00:00,1658,1181564,128x,300ms,25,64,1,0,16,5,6,7,2,0,0,0,26
2026-09-21T20:46:21.136386+00:00,1659,1182276,128x,300ms,25,64,1,0,16,5,6,7,2,0,0,0,26
2026-09-21T20:46:21.848443+00:00,1660,1182988,128x,300ms,25,64,1,0,16,5,6,7,2,0,0,0,26
2026-09-21T20:46:22.559643+00:00,1661,1183699,128x,300ms,25,64,0,0,16,5,6,7,2,0,0,0,26
2026-09-21T20:46:23.279593+00:00,1662,1184410,128x,300ms,25,64,0,0,16,5,6,7,2,0,0,0,26
2026-09-21T20:46:23.992103+00:00,1663,1185121,128x,300ms,25,64,0,0,16,5,6,7,2,0,0,0,26
2026-09-21T20:46:24.711881+00:00,1664,1185832,128x,300ms,25,64,0,0,16,5,6,7,2,0,0,0,27
2026-09-21T20:46:25.423903+00:00,1665,1186543,128x,300ms,25,64,0,0,16,5,6,7,2,0,0,0,26
2026-09-21T20:46:26.143840+00:00,1666,1187254,128x,300ms,25,64,1,0,16,5,6,7,2,0,0,0,27
2026-09-21T20:46:26.856306+00:00,1667,1187965,128x,300ms,25,64,1,0,16,5,6,7,2,0,0,0,26
2026-09-21T20:46:27.575592+00:00,1668,1188677,128x,300ms,25,64,1,0,16,5,6,7,2,0,0,0,26
2026-09-21T20:46:28.287600+00:00,1669,1189389,128x,300ms,25,64,1,0,16,5,6,7,2,0,0,0,27
2026-09-21T20:46:29.007797+00:00,1670,1190100,128x,300ms,25,64,1,0,16,5,6,7,2,0,0,0,27
2026-09-21T20:46:29.719958+00:00,1671,1190812,128x,300ms,25,64,0,0,16,5,6,7,2,0,0,0,26
2026-09-21T20:46:30.433059+00:00,1672,1191523,128x,300ms,25,64,0,0,16,5,6,7,2,0,0,0,26
2026-09-21T20:46:31.151598+00:00,1673,1192233,128x,300ms,25,64,0,0,16,5,6,7,2,0,0,0,26
2026-09-21T20:46:31.864092+00:00,1674,1192945,128x,300ms,25,64,0,0,16,5,6,7,2,0,0,0,26
2026-09-21T20:46:32.583600+00:00,1675,1193656,128x,300ms,25,64,0,0,16,5,6,7,2,0,0,0,26
2026-09-21T20:46:33.295887+00:00,1676,1194366,128x,300ms,25,64,1,0,16,5,6,7,2,0,0,0,26
2026-09-21T20:46:34.015646+00:00,1677,1195078,128x,300ms,25,64,1,0,16,5,6,7,2,0,0,0,26
2026-09-21T20:46:34.728179+00:00,1678,1195790,128x,300ms,25,64,1,0,16,5,6,7,2,0,0,0,26
2026-09-21T20:46:35.448081+00:00,1679,1196502,128x,300ms,25,64,1,0,16,5,6,7,2,0,0,0,27
2026-09-21T20:46:36.159598+00:00,1680,1197213,128x,300ms,25,64,1,0,16,5,6,7,2,0,0,0,26
2026-09-21T20:46:36.880019+00:00,1681,1197925,128x,300ms,25,64,0,0,16,5,6,7,2,0,0,0,26
2026-09-21T20:46:37.591627+00:00,1682,1198636,128x,300ms,25,64,0,0,16,5,6,7,2,0,0,0,26
2026-09-21T20:46:38.304225+00:00,1683,1199347,128x,300ms,25,64,0,0,16,5,6,7,1,0,0,0,26
2026-09-21T20:46:39.023594+00:00,1684,1200058,128x,300ms,25,64,0,0,16,5,6,7,2,0,0,0,27
2026-09-21T20:46:39.736339+00:00,1685,1200769,128x,300ms,25,64,0,0,16,5,6,7,2,0,0,0,26
2026-09-21T20:46:40.456217+00:00,1686,1201479,128x,300ms,25,64,1,0,16,5,6,7,2,0,0,0,26
2026-09-21T20:46:41.168594+00:00,1687,1202191,128x,300ms,25,64,1,0,16,5,6,7,2,0,0,0,27
2026-09-21T20:46:41.887587+00:00,1688,1202903,128x,300ms,25,64,1,0,16,5,6,7,2,0,0,0,26
2026-09-21T20:46:42.599754+00:00,1689,1203614,128x,300ms,25,64,1,0,16,5,6,7,2,0,0,0,26
2026-09-21T20:46:43.320073+00:00,1690,1204326,128x,300ms,25,64,1,0,16,5,6,7,2,0,0,0,27
2026-09-21T20:46:44.031606+00:00,1691,1205038,128x,300ms,25,64,0,0,16,5,6,7,2,0,0,0,27
2026-09-21T20:46:44.743576+00:00,1692,1205748,128x,300ms,25,64,0,0,16,5,6,7,2,0,0,0,26
2026-09-21T20:46:45.464309+00:00,1693,1206460,128x,300ms,25,64,0,0,16,5,6,7,2,0,0,0,27
2026-09-21T20:46:46.175477+00:00,1694,1207171,128x,300ms,25,64,0,0,16,5,6,7,2,0,0,0,26
2026-09-21T20:46:46.895621+00:00,1695,1207881,128x,300ms,25,64,0,0,16,5,6,7,2,0,0,0,26
2026-09-21T20:46:47.609339+00:00,1696,1208592,128x,300ms,25,64,1,0,16,5,6,7,2,0,0,0,27
2026-09-21T20:46:48.328145+00:00,1697,1209304,128x,300ms,25,64,1,0,16,5,6,7,2,0,0,0,26
2026-09-21T20:46:49.040357+00:00,1698,1210015,128x,300ms,25,64,1,0,16,5,6,7,2,0,0,0,27
2026-09-21T20:46:49.760274+00:00,1699,1210727,128x,300ms,25,64,1,0,16,5,6,7,2,0,0,0,27
2026-09-21T20:46:50.472915+00:00,1700,1211439,128x,300ms,25,64,1,0,16,5,6,7,2,0,0,0,26
2026-09-21T20:46:51.184498+00:00,1701,1212150,128x,300ms,25,64,0,0,16,5,6,7,2,0,0,0,26
2026-09-21T20:46:51.904216+00:00,1702,1212861,128x,300ms,25,64,0,0,16,5,6,7,2,0,0,0,26
2026-09-21T20:46:52.615706+00:00,1703,1213572,128x,300ms,25,64,0,0,16,5,6,7,2,0,0,0,27
2026-09-21T20:46:53.335564+00:00,1704,1214283,128x,300ms,25,64,0,0,16,5,6,7,2,0,0,0,26
2026-09-21T20:46:54.048216+00:00,1705,1214994,128x,300ms,25,64,0,0,16,5,6,7,2,0,0,0,26
2026-09-21T20:46:54.767585+00:00,1706,1215705,128x,300ms,25,64,1,0,16,5,6,7,2,0,0,0,26
2026-09-21T20:46:55.480279+00:00,1707,1216416,128x,300ms,25,64,1,0,16,5,6,7,1,0,0,0,27
2026-09-21T20:46:56.199927+00:00,1708,1217128,128x,300ms,25,64,1,0,16,5,6,7,2,0,0,0,26
2026-09-21T20:46:56.911598+00:00,1709,1217840,128x,300ms,25,64,1,0,16,5,6,7,2,0,0,0,26
2026-09-21T20:46:57.632175+00:00,1710,1218551,128x,300ms,25,64,1,0,16,5,6,7,2,0,0,0,26
2026-09-21T20:46:58.346323+00:00,1711,1219263,128x,300ms,25,64,0,0,16,5,6,7,2,0,0,0,26
2026-09-21T20:46:59.056712+00:00,1712,1219974,128x,300ms,25,64,0,0,16,5,6,7,2,0,0,0,27
2026-09-21T20:46:59.776054+00:00,1713,1220684,128x,300ms,25,64,0,0,16,5,6,7,2,0,0,0,26
2026-09-21T20:47:00.488266+00:00,1714,1221395,128x,300ms,25,64,0,0,16,5,6,7,2,0,0,0,26
2026-09-21T20:47:01.207601+00:00,1715,1222106,128x,300ms,25,64,0,0,16,5,6,7,2,0,0,0,26
2026-09-21T20:47:01.919581+00:00,1716,1222817,128x,300ms,25,64,1,0,16,5,6,7,2,0,0,0,26
2026-09-21T20:47:02.640612+00:00,1717,1223529,128x,300ms,25,64,1,0,16,5,6,7,2,0,0,0,26
2026-09-21T20:47:03.352487+00:00,1718,1224241,128x,300ms,25,64,1,0,16,5,6,7,2,0,0,0,26
2026-09-21T20:47:04.071614+00:00,1719,1224952,128x,300ms,25,64,1,0,16,5,6,7,2,0,0,0,26
2026-09-21T20:47:04.784688+00:00,1720,1225664,128x,300ms,25,64,1,0,16,5,6,7,2,0,0,0,26
2026-09-21T20:47:05.504009+00:00,1721,1226376,128x,300ms,25,64,0,0,16,6,6,7,2,0,0,0,26
2026-09-21T20:47:06.216481+00:00,1722,1227086,128x,300ms,25,64,0,0,16,5,6,7,2,0,0,0,26
2026-09-21T20:47:06.928020+00:00,1723,1227797,128x,300ms,25,64,0,0,16,5,6,7,2,0,0,0,26
2026-09-21T20:47:07.647598+00:00,1724,1228508,128x,300ms,25,64,0,0,16,5,6,7,2,0,0,0,26
2026-09-21T20:47:08.360503+00:00,1725,1229219,128x,300ms,25,64,0,0,16,5,6,7,2,0,0,0,26
2026-09-21T20:47:09.080182+00:00,1726,1229930,128x,300ms,25,64,1,0,16,5,6,7,2,0,0,0,26
2026-09-21T20:47:09.793354+00:00,1727,1230642,128x,300ms,25,64,1,0,16,5,6,7,2,0,0,0,26
2026-09-21T20:47:10.512608+00:00,1728,1231353,128x,300ms,25,64,1,0,16,5,6,7,2,0,0,0,26
2026-09-21T20:47:11.223808+00:00,1729,1232065,128x,300ms,25,64,1,0,16,5,6,7,2,0,0,0,26
2026-09-21T20:47:11.944448+00:00,1730,1232777,128x,300ms,25,64,1,0,16,5,6,7,2,0,0,0,26
2026-09-21T20:47:12.655725+00:00,1731,1233488,128x,300ms,25,64,0,0,16,5,6,7,2,0,0,0,26
2026-09-21T20:47:13.367646+00:00,1732,1234199,128x,300ms,25,64,0,0,16,5,6,7,2,0,0,0,26
2026-09-21T20:47:14.088006+00:00,1733,1234910,128x,300ms,25,64,0,0,16,5,6,7,2,0,0,0,26
2026-09-21T20:47:14.800293+00:00,1734,1235620,128x,300ms,25,64,0,0,16,5,6,7,2,0,0,0,26
2026-09-21T20:47:15.520433+00:00,1735,1236331,128x,300ms,25,64,0,0,16,5,6,7,2,0,0,0,26
2026-09-21T20:47:16.231745+00:00,1736,1237042,128x,300ms,25,64,1,0,16,5,6,7,2,0,0,0,26
2026-09-21T20:47:16.951597+00:00,1737,1237753,128x,300ms,25,64,1,0,16,5,6,7,2,0,0,0,26
2026-09-21T20:47:17.663908+00:00,1738,1238465,128x,300ms,25,64,1,0,16,5,6,7,2,0,0,0,26
2026-09-21T20:47:18.384762+00:00,1739,1239177,128x,300ms,25,64,1,0,16,6,6,7,2,0,0,0,26
2026-09-21T20:47:19.096071+00:00,1740,1239888,128x,300ms,25,64,1,0,16,5,6,7,2,0,0,0,26
2026-09-21T20:47:19.808708+00:00,1741,1240600,128x,300ms,25,64,0,0,16,5,6,7,2,0,0,0,26
2026-09-21T20:47:20.528676+00:00,1742,1241312,128x,300ms,25,64,0,0,16,5,6,7,2,0,0,0,26
2026-09-21T20:47:21.239470+00:00,1743,1242022,128x,300ms,25,64,0,0,16,5,6,7,2,0,0,0,26
2026-09-21T20:47:21.959596+00:00,1744,1242733,128x,300ms,25,64,0,0,16,5,6,7,2,0,0,0,26
2026-09-21T20:47:22.672003+00:00,1745,1243444,128x,300ms,25,64,0,0,16,5,6,7,2,0,0,0,26
2026-09-21T20:47:23.392449+00:00,1746,1244154,128x,300ms,25,64,1,0,16,5,6,7,1,0,0,0,26
2026-09-21T20:47:24.104141+00:00,1747,1244866,128x,300ms,25,64,1,0,16,5,6,7,2,0,0,0,26
2026-09-21T20:47:24.824283+00:00,1748,1245578,128x,300ms,25,64,1,0,16,5,6,7,2,0,0,0,26
2026-09-21T20:47:25.535849+00:00,1749,1246289,128x,300ms,25,64,1,0,16,5,6,7,2,0,0,0,26
2026-09-21T20:47:26.255662+00:00,1750,1247001,128x,300ms,25,64,1,0,16,5,6,7,2,0,0,0,26
2026-09-21T20:47:26.968227+00:00,1751,1247713,128x,300ms,25,64,0,0,16,5,6,7,2,0,0,0,27
2026-09-21T20:47:27.680210+00:00,1752,1248424,128x,300ms,25,64,0,0,16,5,6,7,2,0,0,0,26
2026-09-21T20:47:28.399590+00:00,1753,1249135,128x,300ms,25,64,0,0,16,5,6,7,2,0,0,0,26
2026-09-21T20:47:29.111925+00:00,1754,1249846,128x,300ms,25,64,0,0,16,5,6,7,2,0,0,0,26
2026-09-21T20:47:29.831731+00:00,1755,1250556,128x,300ms,25,64,0,0,16,5,6,7,2,0,0,0,26
2026-09-21T20:47:30.544586+00:00,1756,1251267,128x,300ms,25,64,1,0,16,5,6,7,2,0,0,0,26
2026-09-21T20:47:31.264071+00:00,1757,1251979,128x,300ms,25,64,1,0,16,5,6,7,2,0,0,0,26
2026-09-21T20:47:31.976575+00:00,1758,1252690,128x,300ms,25,64,1,0,16,5,6,7,2,0,0,0,26
2026-09-21T20:47:32.696503+00:00,1759,1253402,128x,300ms,25,64,1,0,16,5,6,7,2,0,0,0,26
2026-09-21T20:47:33.407590+00:00,1760,1254114,128x,300ms,25,64,1,0,16,5,6,7,1,0,0,0,26
2026-09-21T20:47:34.127858+00:00,1761,1254825,128x,300ms,25,64,0,0,16,5,6,7,2,0,0,0,26
2026-09-21T20:47:34.840266+00:00,1762,1255536,128x,300ms,25,64,0,0,16,5,6,7,2,0,0,0,26
2026-09-21T20:47:35.552290+00:00,1763,1256248,128x,300ms,25,64,0,0,16,5,6,7,2,0,0,0,26
2026-09-21T20:47:36.271576+00:00,1764,1256958,128x,300ms,25,64,0,0,16,5,6,7,2,0,0,0,26
2026-09-21T20:47:36.984347+00:00,1765,1257669,128x,300ms,25,64,0,0,16,5,6,7,2,0,0,0,26
2026-09-21T20:47:37.705489+00:00,1766,1258380,128x,300ms,25,64,1,0,16,5,6,7,2,0,0,0,26
2026-09-21T20:47:38.423904+00:00,1767,1259091,128x,300ms,25,64,1,0,16,5,6,7,2,0,0,0,26
2026-09-21T20:47:39.138516+00:00,1768,1259805,128x,300ms,25,64,1,0,16,5,6,7,2,0,0,0,26
2026-09-21T20:47:39.847581+00:00,1769,1260517,128x,300ms,25,64,1,0,16,5,6,7,2,0,0,0,26
2026-09-21T20:47:40.567581+00:00,1770,1261229,128x,300ms,25,64,1,0,16,5,6,7,1,0,0,0,26
2026-09-21T20:47:41.279840+00:00,1771,1261940,128x,300ms,25,64,0,0,16,5,6,7,2,0,0,0,26
2026-09-21T20:47:42.000403+00:00,1772,1262651,128x,300ms,25,64,0,0,16,5,6,7,2,0,0,0,26
2026-09-21T20:47:42.711821+00:00,1773,1263362,128x,300ms,25,64,0,0,16,5,6,7,2,0,0,0,26
2026-09-21T20:47:43.431786+00:00,1774,1264072,128x,300ms,25,64,0,0,16,5,6,7,2,0,0,0,26
2026-09-21T20:47:44.143603+00:00,1775,1264785,128x,300ms,25,64,0,0,16,5,6,7,2,0,0,0,26
2026-09-21T20:47:44.863670+00:00,1776,1265496,128x,300ms,25,64,1,0,16,5,6,7,2,0,0,0,26
2026-09-21T20:47:45.576271+00:00,1777,1266207,128x,300ms,25,64,1,0,16,5,6,7,1,0,0,0,26
2026-09-21T20:47:46.296422+00:00,1778,1266919,128x,300ms,25,64,1,0,16,5,6,7,2,0,0,0,26
2026-09-21T20:47:47.007942+00:00,1779,1267631,128x,300ms,25,64,1,0,16,5,6,7,1,0,0,0,26
2026-09-21T20:47:47.727605+00:00,1780,1268342,128x,300ms,25,64,1,0,16,5,5,6,1,0,0,0,24
2026-09-21T20:47:48.439592+00:00,1781,1269055,128x,300ms,25,64,0,0,16,5,5,6,0,0,0,0,24
2026-09-21T20:47:49.160602+00:00,1782,1269766,128x,300ms,25,64,0,0,16,5,5,6,2,0,0,0,26
2026-09-21T20:47:49.872309+00:00,1783,1270477,128x,300ms,25,64,0,0,16,5,6,7,2,0,0,0,26
2026-09-21T20:47:50.583598+00:00,1784,1271188,128x,300ms,25,64,0,0,16,5,6,7,2,0,0,0,26
2026-09-21T20:47:51.304985+00:00,1785,1271899,128x,300ms,25,64,0,0,16,5,6,7,2,0,0,0,26
2026-09-21T20:47:52.015587+00:00,1786,1272610,128x,300ms,25,64,1,0,16,5,6,6,2,0,0,0,26
2026-09-21T20:47:52.736011+00:00,1787,1273322,128x,300ms,25,64,1,0,16,5,6,7,2,0,0,0,26
2026-09-21T20:47:53.447591+00:00,1788,1274034,128x,300ms,25,64,1,0,16,5,6,7,2,1,0,0,26
2026-09-21T20:47:54.168030+00:00,1789,1274744,128x,300ms,25,64,1,0,16,5,6,7,2,0,0,0,26
2026-09-21T20:47:54.879472+00:00,1790,1275456,128x,300ms,25,64,1,0,16,5,6,7,2,0,0,0,26
2026-09-21T20:47:55.599506+00:00,1791,1276168,128x,300ms,25,64,0,0,16,5,6,7,2,0,0,0,26
2026-09-21T20:47:56.311866+00:00,1792,1276880,128x,300ms,25,64,0,0,16,5,6,7,2,0,0,0,26
2026-09-21T20:47:57.032384+00:00,1793,1277591,128x,300ms,25,64,0,0,16,5,6,7,2,0,0,0,26
2026-09-21T20:47:57.743593+00:00,1794,1278302,128x,300ms,25,64,0,0,16,5,6,7,2,0,0,0,26
2026-09-21T20:47:58.465325+00:00,1795,1279013,128x,300ms,25,64,0,0,16,5,6,7,2,0,0,0,26
2026-09-21T20:47:59.175584+00:00,1796,1279724,128x,300ms,25,64,1,0,16,5,6,7,2,0,0,0,26
2026-09-21T20:47:59.895725+00:00,1797,1280436,128x,300ms,25,64,1,0,16,5,6,7,1,0,0,0,26
2026-09-21T20:48:00.607576+00:00,1798,1281147,128x,300ms,25,64,1,0,16,5,6,7,2,0,0,0,26
2026-09-21T20:48:01.329177+00:00,1799,1281859,128x,300ms,25,64,1,0,16,5,6,7,2,0,0,0,26
2026-09-21T20:48:02.039872+00:00,1800,1282571,128x,300ms,25,64,1,0,16,5,6,7,2,0,0,0,26
2026-09-21T20:48:02.752525+00:00,1801,1283282,128x,300ms,25,64,0,0,16,5,6,7,2,0,0,0,27
2026-09-21T20:48:03.472076+00:00,1802,1283993,128x,300ms,25,64,0,0,16,5,6,7,2,0,0,0,26
2026-09-21T20:48:04.184691+00:00,1803,1284704,128x,300ms,25,64,0,0,16,5,6,7,2,0,0,0,26
2026-09-21T20:48:04.903613+00:00,1804,1285415,128x,300ms,25,64,0,0,16,5,6,7,2,0,0,0,26
2026-09-21T20:48:05.615538+00:00,1805,1286126,128x,300ms,25,64,0,0,16,5,6,7,2,0,0,0,26
2026-09-21T20:48:06.336378+00:00,1806,1286837,128x,300ms,25,64,1,0,16,5,6,7,2,0,0,0,26
2026-09-21T20:48:07.047536+00:00,1807,1287548,128x,300ms,25,64,1,0,16,5,6,7,2,0,0,0,26
2026-09-21T20:48:07.768666+00:00,1808,1288260,128x,300ms,25,64,1,0,16,5,6,7,2,0,0,0,27
2026-09-21T20:48:08.479737+00:00,1809,1288972,128x,300ms,25,64,1,0,16,5,6,7,2,0,0,0,26
2026-09-21T20:48:09.200075+00:00,1810,1289683,128x,300ms,25,64,1,0,16,5,6,7,2,0,0,0,26
2026-09-21T20:48:09.912221+00:00,1811,1290395,128x,300ms,25,64,0,0,16,5,6,7,2,0,0,0,26
2026-09-21T20:48:10.623760+00:00,1812,1291106,128x,300ms,25,64,0,0,16,5,6,7,2,0,0,0,27
2026-09-21T20:48:11.343746+00:00,1813,1291817,128x,300ms,25,64,0,0,16,5,6,7,2,0,0,0,26
2026-09-21T20:48:12.056193+00:00,1814,1292528,128x,300ms,25,64,0,0,16,5,6,7,2,0,0,0,26
2026-09-21T20:48:12.775535+00:00,1815,1293239,128x,300ms,25,64,0,0,16,5,6,7,2,0,0,0,26
2026-09-21T20:48:13.487574+00:00,1816,1293949,128x,300ms,25,64,1,0,16,5,6,7,2,0,0,0,26
2026-09-21T20:48:14.208175+00:00,1817,1294661,128x,300ms,25,64,1,0,16,5,6,7,2,0,0,0,26
2026-09-21T20:48:14.919479+00:00,1818,1295373,128x,300ms,25,64,1,0,16,5,6,7,2,0,0,0,26
2026-09-21T20:48:15.639782+00:00,1819,1296084,128x,300ms,25,64,1,0,16,5,6,7,2,0,0,0,26
2026-09-21T20:48:16.352532+00:00,1820,1296796,128x,300ms,25,64,1,0,16,5,6,7,2,0,0,0,26
2026-09-21T20:48:17.063704+00:00,1821,1297508,128x,300ms,25,64,0,0,16,5,6,7,2,0,0,0,26
2026-09-21T20:48:17.783517+00:00,1822,1298219,128x,300ms,25,64,0,0,16,5,6,7,2,0,0,0,26
2026-09-21T20:48:18.495578+00:00,1823,1298929,128x,300ms,25,64,0,0,16,5,6,7,2,0,0,0,26
2026-09-21T20:48:19.215603+00:00,1824,1299641,128x,300ms,25,64,0,0,16,5,6,7,2,0,0,0,26
2026-09-21T20:48:19.928295+00:00,1825,1300352,128x,300ms,25,64,0,0,16,5,6,7,1,0,0,0,26
2026-09-21T20:48:20.647809+00:00,1826,1301062,128x,300ms,25,64,1,0,16,5,6,7,2,0,0,0,27
2026-09-21T20:48:21.361341+00:00,1827,1301774,128x,300ms,25,64,1,0,16,5,6,7,2,0,0,0,26
2026-09-21T20:48:22.079468+00:00,1828,1302486,128x,300ms,25,64,1,0,16,5,6,7,2,0,0,0,27
2026-09-21T20:48:22.791576+00:00,1829,1303197,128x,300ms,25,64,1,0,16,5,6,7,2,0,0,0,27
2026-09-21T20:48:23.512434+00:00,1830,1303909,128x,300ms,25,64,1,0,16,5,6,7,2,0,0,0,26
2026-09-21T20:48:24.223931+00:00,1831,1304621,128x,300ms,25,64,0,0,16,5,6,7,2,0,0,0,26
2026-09-21T20:48:24.937263+00:00,1832,1305331,128x,300ms,25,64,0,0,17,5,6,7,1,0,0,0,26
2026-09-21T20:48:25.655913+00:00,1833,1306042,128x,300ms,25,64,0,0,16,5,6,7,2,0,0,0,26
2026-09-21T20:48:26.367572+00:00,1834,1306753,128x,300ms,25,64,0,0,16,5,6,7,2,0,0,0,26
2026-09-21T20:48:27.088058+00:00,1835,1307464,128x,300ms,25,64,0,0,16,5,6,7,2,0,0,0,26
2026-09-21T20:48:27.799765+00:00,1836,1308175,128x,300ms,25,64,1,0,16,5,6,7,2,0,0,0,27
2026-09-21T20:48:28.520473+00:00,1837,1308887,128x,300ms,25,64,1,0,16,5,6,7,2,0,0,0,26
2026-09-21T20:48:29.231584+00:00,1838,1309598,128x,300ms,25,64,1,0,16,5,6,7,2,0,0,0,26
2026-09-21T20:48:29.952702+00:00,1839,1310310,128x,300ms,25,64,1,0,16,5,6,7,2,0,0,0,27
2026-09-21T20:48:30.664456+00:00,1840,1311021,128x,300ms,25,64,1,0,16,5,6,7,2,0,0,0,26
2026-09-21T20:48:31.376682+00:00,1841,1311732,128x,300ms,25,64,0,0,16,5,6,7,2,0,0,0,26
2026-09-21T20:48:32.096868+00:00,1842,1312444,128x,300ms,25,64,0,0,16,6,6,7,2,0,0,0,26
2026-09-21T20:48:32.807584+00:00,1843,1313155,128x,300ms,25,64,0,0,16,5,6,7,2,0,0,0,26
2026-09-21T20:48:33.528328+00:00,1844,1313865,128x,300ms,25,64,0,0,16,5,6,7,2,0,0,0,26
2026-09-21T20:48:34.239465+00:00,1845,1314576,128x,300ms,25,64,0,0,16,6,6,7,2,0,0,0,26
2026-09-21T20:48:34.960720+00:00,1846,1315288,128x,300ms,25,64,1,0,16,5,6,7,2,0,0,0,26
2026-09-21T20:48:35.671620+00:00,1847,1315998,128x,300ms,25,64,1,0,16,5,6,7,2,0,0,0,26
2026-09-21T20:48:36.393443+00:00,1848,1316710,128x,300ms,25,64,1,0,16,5,6,7,2,0,0,0,26
2026-09-21T20:48:37.103579+00:00,1849,1317422,128x,300ms,25,64,1,0,16,5,6,7,2,0,0,0,26
2026-09-21T20:48:37.824134+00:00,1850,1318133,128x,300ms,25,64,1,0,16,5,6,7,2,0,0,0,26
2026-09-21T20:48:38.535684+00:00,1851,1318845,128x,300ms,25,64,0,0,16,5,6,7,1,0,0,0,26
2026-09-21T20:48:39.248403+00:00,1852,1319557,128x,300ms,25,64,0,0,16,5,6,7,2,0,0,0,27
2026-09-21T20:48:39.968601+00:00,1853,1320267,128x,300ms,25,64,0,0,16,6,6,7,2,0,0,0,26
2026-09-21T20:48:40.679485+00:00,1854,1320978,128x,300ms,25,64,0,0,16,5,6,7,1,0,0,0,26
2026-09-21T20:48:41.399485+00:00,1855,1321689,128x,300ms,25,64,0,0,16,5,6,7,2,0,0,0,26
2026-09-21T20:48:42.111473+00:00,1856,1322400,128x,300ms,25,64,1,0,16,5,6,7,2,0,0,0,26
2026-09-21T20:48:42.832576+00:00,1857,1323112,128x,300ms,25,64,1,0,16,5,6,7,2,0,0,0,27
2026-09-21T20:48:43.545015+00:00,1858,1323823,128x,300ms,25,64,1,0,16,5,6,7,2,0,0,0,27
2026-09-21T20:48:44.264000+00:00,1859,1324534,128x,300ms,25,64,1,0,16,5,6,7,2,0,0,0,26
2026-09-21T20:48:44.975739+00:00,1860,1325246,128x,300ms,25,64,1,0,16,5,6,7,2,0,0,0,26
2026-09-21T20:48:45.688395+00:00,1861,1325958,128x,300ms,25,64,0,0,16,5,6,7,2,0,0,0,26
2026-09-21T20:48:46.408442+00:00,1862,1326668,128x,300ms,25,64,0,0,16,5,6,7,2,0,0,0,26
2026-09-21T20:48:47.120335+00:00,1863,1327379,128x,300ms,25,64,0,0,16,5,6,7,2,0,0,0,26
2026-09-21T20:48:47.839985+00:00,1864,1328092,128x,300ms,25,64,0,0,16,5,6,7,2,0,0,0,26
2026-09-21T20:48:48.552536+00:00,1865,1328802,128x,300ms,25,64,0,0,16,5,6,7,2,0,0,0,26
2026-09-21T20:48:49.271741+00:00,1866,1329514,128x,300ms,25,64,1,0,16,5,6,7,2,0,0,0,26
2026-09-21T20:48:49.985526+00:00,1867,1330226,128x,300ms,25,64,1,0,16,5,6,7,2,0,0,0,26
2026-09-21T20:48:50.704739+00:00,1868,1330936,128x,300ms,25,64,1,0,16,5,6,7,2,0,0,0,26
2026-09-21T20:48:51.423582+00:00,1869,1331649,128x,300ms,25,64,1,0,16,5,6,7,2,0,0,0,26
2026-09-21T20:48:52.137468+00:00,1870,1332361,128x,300ms,25,64,1,0,16,5,6,7,2,0,0,0,26
2026-09-21T20:48:52.847478+00:00,1871,1333071,128x,300ms,25,64,0,0,16,5,6,7,2,0,0,0,26
2026-09-21T20:48:53.567571+00:00,1872,1333783,128x,300ms,25,64,0,0,16,5,6,7,2,0,0,0,26
2026-09-21T20:48:54.279937+00:00,1873,1334494,128x,300ms,25,64,0,0,16,5,6,7,2,0,0,0,26
2026-09-21T20:48:54.991587+00:00,1874,1335204,128x,300ms,25,64,0,0,16,5,6,7,2,0,0,0,26
2026-09-21T20:48:55.712305+00:00,1875,1335916,128x,300ms,25,64,0,0,16,5,6,6,1,0,0,0,26
2026-09-21T20:48:56.424127+00:00,1876,1336627,128x,300ms,25,64,1,0,16,5,6,7,2,0,0,0,26
2026-09-21T20:48:57.143498+00:00,1877,1337338,128x,300ms,25,64,1,0,16,5,6,7,2,0,0,0,26
2026-09-21T20:48:57.855575+00:00,1878,1338050,128x,300ms,25,64,1,0,16,5,6,7,2,0,0,0,27
2026-09-21T20:48:58.576509+00:00,1879,1338762,128x,300ms,25,64,1,0,16,6,6,7,2,0,0,0,26
2026-09-21T20:48:59.287961+00:00,1880,1339473,128x,300ms,25,64,1,0,16,5,6,7,2,0,0,0,26
2026-09-21T20:49:00.008427+00:00,1881,1340185,128x,300ms,25,64,0,0,16,5,6,7,2,0,0,0,27
2026-09-21T20:49:00.720653+00:00,1882,1340896,128x,300ms,25,64,0,0,16,5,6,7,2,0,0,0,26
2026-09-21T20:49:01.431581+00:00,1883,1341606,128x,300ms,25,64,0,0,16,5,6,7,2,0,0,0,26
2026-09-21T20:49:02.151841+00:00,1884,1342317,128x,300ms,25,64,0,0,16,5,6,7,2,0,0,0,26
2026-09-21T20:49:02.863582+00:00,1885,1343028,128x,300ms,25,64,0,0,16,6,6,7,1,0,0,0,26
2026-09-21T20:49:03.583886+00:00,1886,1343739,128x,300ms,25,64,1,0,16,5,6,7,2,0,0,0,26
2026-09-21T20:49:04.295801+00:00,1887,1344451,128x,300ms,25,64,1,0,16,5,6,7,2,0,0,0,26
2026-09-21T20:49:05.015780+00:00,1888,1345163,128x,300ms,25,64,1,0,16,5,6,7,2,0,0,0,26
2026-09-21T20:49:05.728526+00:00,1889,1345874,128x,300ms,25,64,1,0,16,5,6,7,2,0,0,0,27
2026-09-21T20:49:06.447525+00:00,1890,1346585,128x,300ms,25,64,1,0,16,5,6,7,1,0,0,0,26
2026-09-21T20:49:07.160587+00:00,1891,1347297,128x,300ms,25,64,0,0,16,5,6,7,2,0,0,0,27
2026-09-21T20:49:07.881109+00:00,1892,1348008,128x,300ms,25,64,0,0,16,5,6,7,2,0,0,0,26
2026-09-21T20:49:08.592093+00:00,1893,1348719,128x,300ms,25,64,0,0,16,5,6,7,2,0,0,0,26
2026-09-21T20:49:09.303572+00:00,1894,1349430,128x,300ms,25,64,0,0,17,5,6,7,2,0,0,0,26
2026-09-21T20:49:10.024191+00:00,1895,1350140,128x,300ms,25,64,0,0,16,5,6,7,2,0,0,0,26
2026-09-21T20:49:10.735576+00:00,1896,1350851,128x,300ms,25,64,1,0,16,5,6,7,2,0,0,0,26
2026-09-21T20:49:11.455683+00:00,1897,1351563,128x,300ms,25,64,1,0,16,5,6,7,2,0,0,0,26
2026-09-21T20:49:12.168601+00:00,1898,1352274,128x,300ms,25,64,1,0,16,5,6,7,2,0,0,0,26
2026-09-21T20:49:12.888356+00:00,1899,1352986,128x,300ms,25,64,1,0,16,5,6,7,2,0,0,0,26
2026-09-21T20:49:13.600644+00:00,1900,1353698,128x,300ms,25,64,1,0,16,5,6,7,2,0,0,0,26
2026-09-21T20:49:14.319921+00:00,1901,1354409,128x,300ms,25,64,0,0,16,5,6,7,2,0,0,0,26
2026-09-21T20:49:15.031765+00:00,1902,1355121,128x,300ms,25,64,0,0,16,5,6,7,2,0,0,0,26
2026-09-21T20:49:15.744219+00:00,1903,1355832,128x,300ms,25,64,0,0,16,5,6,7,2,0,0,0,26
2026-09-21T20:49:16.464543+00:00,1904,1356542,128x,300ms,25,64,0,0,16,5,6,7,2,0,0,0,26
2026-09-21T20:49:17.184591+00:00,1905,1357253,128x,300ms,25,64,0,0,16,5,6,7,2,0,0,0,26
2026-09-21T20:49:17.896282+00:00,1906,1357965,128x,300ms,25,64,1,0,16,5,6,7,2,0,0,0,26
2026-09-21T20:49:18.608592+00:00,1907,1358676,128x,300ms,25,64,1,0,16,5,6,7,2,0,0,0,26
2026-09-21T20:49:19.327742+00:00,1908,1359388,128x,300ms,25,64,1,0,16,5,6,7,2,0,0,0,26
2026-09-21T20:49:20.039496+00:00,1909,1360100,128x,300ms,25,64,1,0,16,5,6,7,2,0,0,0,26
2026-09-21T20:49:20.759579+00:00,1910,1360812,128x,300ms,25,64,1,0,16,5,6,7,2,0,0,0,26
2026-09-21T20:49:21.473542+00:00,1911,1361523,128x,300ms,25,64,0,0,16,5,6,7,2,0,0,0,26
2026-09-21T20:49:22.192411+00:00,1912,1362234,128x,300ms,25,64,0,0,16,5,6,7,2,0,0,0,26
2026-09-21T20:49:22.904082+00:00,1913,1362945,128x,300ms,25,64,0,0,16,5,6,7,2,0,0,0,27
2026-09-21T20:49:23.624428+00:00,1914,1363655,128x,300ms,25,64,0,0,16,5,6,7,2,0,0,0,26
2026-09-21T20:49:24.336531+00:00,1915,1364366,128x,300ms,25,64,0,0,16,5,6,7,2,0,0,0,26
2026-09-21T20:49:25.055917+00:00,1916,1365078,128x,300ms,25,64,1,0,16,5,6,7,2,0,0,0,26
2026-09-21T20:49:25.768174+00:00,1917,1365789,128x,300ms,25,64,1,0,16,5,6,7,2,0,0,0,26
2026-09-21T20:49:26.481426+00:00,1918,1366501,128x,300ms,25,64,1,0,16,5,6,7,2,0,0,0,27
2026-09-21T20:49:27.200077+00:00,1919,1367213,128x,300ms,25,64,1,0,16,5,6,7,2,0,0,0,27
2026-09-21T20:49:27.912081+00:00,1920,1367924,128x,300ms,25,64,1,0,16,5,6,7,2,0,0,0,26
2026-09-21T20:49:28.631527+00:00,1921,1368636,128x,300ms,25,64,0,0,16,5,6,7,2,0,0,0,26
2026-09-21T20:49:29.343570+00:00,1922,1369347,128x,300ms,25,64,0,0,16,5,6,7,2,0,0,0,26
2026-09-21T20:49:30.063781+00:00,1923,1370057,128x,300ms,25,64,0,0,16,5,6,7,1,0,0,0,27
2026-09-21T20:49:30.777296+00:00,1924,1370768,128x,300ms,25,64,0,0,16,5,6,7,2,0,0,0,26
2026-09-21T20:49:31.496638+00:00,1925,1371479,128x,300ms,25,64,0,0,16,5,6,7,2,0,0,0,26
2026-09-21T20:49:32.207798+00:00,1926,1372190,128x,300ms,25,64,1,0,16,5,6,7,2,0,0,0,26
2026-09-21T20:49:32.920432+00:00,1927,1372902,128x,300ms,25,64,1,0,16,5,6,7,2,0,0,0,26
2026-09-21T20:49:33.640540+00:00,1928,1373614,128x,300ms,25,64,1,0,16,5,6,7,2,0,0,0,26
2026-09-21T20:49:34.351582+00:00,1929,1374325,128x,300ms,25,64,1,0,16,5,6,7,2,0,0,0,27
2026-09-21T20:49:35.072392+00:00,1930,1375036,128x,300ms,25,64,1,0,16,5,6,7,2,0,0,0,26
2026-09-21T20:49:35.783795+00:00,1931,1375748,128x,300ms,25,64,0,0,16,5,6,7,2,0,0,0,26
2026-09-21T20:49:36.504128+00:00,1932,1376459,128x,300ms,25,64,0,0,16,5,6,7,2,0,0,0,26
2026-09-21T20:49:37.216612+00:00,1933,1377170,128x,300ms,25,64,0,0,16,5,6,7,2,0,0,0,27
2026-09-21T20:49:37.936235+00:00,1934,1377881,128x,300ms,25,64,0,0,16,5,6,7,2,0,0,0,27
2026-09-21T20:49:38.649499+00:00,1935,1378591,128x,300ms,25,64,0,0,16,5,6,7,2,0,0,0,26
2026-09-21T20:49:39.367881+00:00,1936,1379302,128x,300ms,25,64,1,0,16,5,6,7,2,0,0,0,26
2026-09-21T20:49:40.080373+00:00,1937,1380015,128x,300ms,25,64,1,0,16,5,6,7,2,0,0,0,26
2026-09-21T20:49:40.800318+00:00,1938,1380726,128x,300ms,25,64,1,0,16,5,6,7,2,0,0,0,26
2026-09-21T20:49:41.511762+00:00,1939,1381438,128x,300ms,25,64,1,0,16,5,6,7,1,0,0,0,26
2026-09-21T20:49:42.225282+00:00,1940,1382149,128x,300ms,25,64,1,0,17,5,6,7,2,0,0,0,26
2026-09-21T20:49:42.945118+00:00,1941,1382860,128x,300ms,25,64,0,0,16,5,6,7,2,0,0,0,26
2026-09-21T20:49:43.656065+00:00,1942,1383572,128x,300ms,25,64,0,0,16,5,6,7,2,1,0,0,26
2026-09-21T20:49:44.375608+00:00,1943,1384283,128x,300ms,25,64,0,0,16,5,6,7,2,0,0,0,26
2026-09-21T20:49:45.087495+00:00,1944,1384993,128x,300ms,25,64,0,0,16,5,6,7,2,0,0,0,26
2026-09-21T20:49:45.807594+00:00,1945,1385704,128x,300ms,25,64,0,0,16,5,6,6,2,0,0,0,26
2026-09-21T20:49:46.519811+00:00,1946,1386416,128x,300ms,25,64,1,0,16,5,6,7,2,0,0,0,26
2026-09-21T20:49:47.240297+00:00,1947,1387127,128x,300ms,25,64,1,0,16,5,6,7,2,0,0,0,26
2026-09-21T20:49:47.952324+00:00,1948,1387839,128x,300ms,25,64,1,0,16,5,6,7,2,0,0,0,26
2026-09-21T20:49:48.672628+00:00,1949,1388551,128x,300ms,25,64,1,0,16,5,6,7,2,0,0,0,26
2026-09-21T20:49:49.383855+00:00,1950,1389262,128x,300ms,25,64,1,0,16,5,6,7,1,0,0,0,27
2026-09-21T20:49:50.096905+00:00,1951,1389973,128x,300ms,25,64,0,0,16,5,6,7,2,0,0,0,26
2026-09-21T20:49:50.816644+00:00,1952,1390685,128x,300ms,25,64,0,0,16,5,6,7,1,0,0,0,26
2026-09-21T20:49:51.527866+00:00,1953,1391395,128x,300ms,25,64,0,0,16,5,6,7,1,0,0,0,26
2026-09-21T20:49:52.249152+00:00,1954,1392106,128x,300ms,25,64,0,0,16,5,6,7,2,0,0,0,26
2026-09-21T20:49:52.960043+00:00,1955,1392818,128x,300ms,25,64,0,0,16,5,6,7,2,0,0,0,26
2026-09-21T20:49:53.679440+00:00,1956,1393528,128x,300ms,25,64,1,0,16,5,6,7,1,0,0,0,26
2026-09-21T20:49:54.391562+00:00,1957,1394240,128x,300ms,25,64,1,0,16,5,6,7,2,0,0,0,26
2026-09-21T20:49:55.112987+00:00,1958,1394952,128x,300ms,25,64,1,0,16,5,6,7,2,0,0,0,27
2026-09-21T20:49:55.824346+00:00,1959,1395663,128x,300ms,25,64,1,0,16,5,6,7,2,0,0,0,26
2026-09-21T20:49:56.535837+00:00,1960,1396375,128x,300ms,25,64,1,0,16,5,6,7,2,0,0,0,26
2026-09-21T20:49:57.255554+00:00,1961,1397087,128x,300ms,25,64,0,0,16,5,6,7,2,0,0,0,26
2026-09-21T20:49:57.968288+00:00,1962,1397797,128x,300ms,25,64,0,0,16,5,6,7,1,0,0,0,26
2026-09-21T20:49:58.688696+00:00,1963,1398508,128x,300ms,25,64,0,0,16,5,6,7,2,0,0,0,26
2026-09-21T20:49:59.399581+00:00,1964,1399219,128x,300ms,25,64,0,0,16,5,6,7,2,0,0,0,26
2026-09-21T20:50:00.119633+00:00,1965,1399930,128x,300ms,25,64,0,0,16,5,6,7,2,0,0,0,26
2026-09-21T20:50:00.831707+00:00,1966,1400641,128x,300ms,25,64,1,0,16,5,6,7,1,0,0,0,26
2026-09-21T20:50:01.552161+00:00,1967,1401353,128x,300ms,25,64,1,0,16,5,6,7,2,0,0,0,26
2026-09-21T20:50:02.264153+00:00,1968,1402064,128x,300ms,25,64,1,0,16,5,6,7,2,0,0,0,26
2026-09-21T20:50:02.985123+00:00,1969,1402776,128x,300ms,25,64,1,0,16,5,6,7,2,0,0,0,26
2026-09-21T20:50:03.695738+00:00,1970,1403488,128x,300ms,25,64,1,0,16,5,6,7,2,0,0,0,27
2026-09-21T20:50:04.408226+00:00,1971,1404199,128x,300ms,25,64,0,0,16,5,6,7,2,0,0,0,27
2026-09-21T20:50:05.128587+00:00,1972,1404910,128x,300ms,25,64,0,0,16,5,6,7,2,0,0,0,26
2026-09-21T20:50:05.840588+00:00,1973,1405621,128x,300ms,25,64,0,0,16,5,6,7,2,0,0,0,26
2026-09-21T20:50:06.560237+00:00,1974,1406331,128x,300ms,25,64,0,0,16,5,6,7,2,0,0,0,26
2026-09-21T20:50:07.271553+00:00,1975,1407042,128x,300ms,25,64,0,0,16,5,6,7,2,0,0,0,26
2026-09-21T20:50:07.992456+00:00,1976,1407754,128x,300ms,25,64,1,0,16,5,6,7,2,0,0,0,26
2026-09-21T20:50:08.703671+00:00,1977,1408465,128x,300ms,25,64,1,0,16,5,6,7,2,0,0,0,26
2026-09-21T20:50:09.424579+00:00,1978,1409177,128x,300ms,25,64,1,0,16,5,6,7,2,0,0,0,26
2026-09-21T20:50:10.135546+00:00,1979,1409889,128x,300ms,25,64,1,0,16,5,6,7,2,0,0,0,27
2026-09-21T20:50:10.848192+00:00,1980,1410600,128x,300ms,25,64,1,0,16,5,6,7,2,0,0,0,27
2026-09-21T20:50:11.567499+00:00,1981,1411312,128x,300ms,25,64,0,0,16,5,6,7,2,0,0,0,26
2026-09-21T20:50:12.280543+00:00,1982,1412023,128x,300ms,25,64,0,0,16,5,6,7,2,0,0,0,26
2026-09-21T20:50:12.999578+00:00,1983,1412733,128x,300ms,25,64,0,0,16,5,6,7,2,0,0,0,27
2026-09-21T20:50:13.712204+00:00,1984,1413444,128x,300ms,25,64,0,0,16,5,6,7,2,0,0,0,26
2026-09-21T20:50:14.431470+00:00,1985,1414156,128x,300ms,25,64,0,0,16,5,6,7,2,0,0,0,26
2026-09-21T20:50:15.143532+00:00,1986,1414866,128x,300ms,25,64,1,0,16,5,6,7,2,0,0,0,27
2026-09-21T20:50:15.864380+00:00,1987,1415578,128x,300ms,25,64,1,0,16,5,6,7,2,0,0,0,26
2026-09-21T20:50:16.575440+00:00,1988,1416290,128x,300ms,25,64,1,0,16,5,6,7,2,0,0,0,27
2026-09-21T20:50:17.296332+00:00,1989,1417001,128x,300ms,25,64,1,0,16,5,6,7,2,0,0,0,26
2026-09-21T20:50:18.008088+00:00,1990,1417713,128x,300ms,25,64,1,0,16,5,6,7,2,0,0,0,26
2026-09-21T20:50:18.727833+00:00,1991,1418425,128x,300ms,25,64,0,0,16,5,6,7,2,0,0,0,26
2026-09-21T20:50:19.440466+00:00,1992,1419136,128x,300ms,25,64,0,0,16,5,6,6,2,0,0,0,26
2026-09-21T20:50:20.151993+00:00,1993,1419848,128x,300ms,25,64,0,0,16,5,6,7,2,0,0,0,26
2026-09-21T20:50:20.871861+00:00,1994,1420559,128x,300ms,25,64,0,0,16,5,6,7,2,0,0,0,26
2026-09-21T20:50:21.583561+00:00,1995,1421270,128x,300ms,25,64,0,0,16,5,6,7,2,0,0,0,26
2026-09-21T20:50:22.303614+00:00,1996,1421980,128x,300ms,25,64,1,0,16,5,6,7,2,0,0,0,26
2026-09-21T20:50:23.016173+00:00,1997,1422692,128x,300ms,25,64,1,0,16,5,6,7,2,0,0,0,26
2026-09-21T20:50:23.735947+00:00,1998,1423404,128x,300ms,25,64,1,0,16,5,6,7,2,0,0,0,26
2026-09-21T20:50:24.447717+00:00,1999,1424115,128x,300ms,25,64,1,0,16,5,6,7,2,0,0,0,26
2026-09-21T20:50:25.167565+00:00,2000,1424827,128x,300ms,25,64,1,0,16,5,6,7,2,0,0,0,26
2026-09-21T20:50:25.880013+00:00,2001,1425539,128x,300ms,25,64,0,0,16,5,6,7,2,0,0,0,26
2026-09-21T20:50:26.600254+00:00,2002,1426250,128x,300ms,25,64,0,0,16,5,6,7,2,0,0,0,26
2026-09-21T20:50:27.311952+00:00,2003,1426961,128x,300ms,25,64,0,0,16,5,6,7,2,0,0,0,26
2026-09-21T20:50:28.023822+00:00,2004,1427672,128x,300ms,25,64,0,0,16,5,6,7,2,0,0,0,26
2026-09-21T20:50:28.743488+00:00,2005,1428382,128x,300ms,25,64,0,0,16,5,6,7,2,0,0,0,26
2026-09-21T20:50:29.455978+00:00,2006,1429093,128x,300ms,25,64,1,0,16,5,6,7,2,0,0,0,26
2026-09-21T20:50:30.176373+00:00,2007,1429805,128x,300ms,25,64,1,0,16,5,6,7,2,0,0,0,27
2026-09-21T20:50:30.895528+00:00,2008,1430516,128x,300ms,25,64,1,0,16,5,6,7,2,0,0,0,26
2026-09-21T20:50:31.607766+00:00,2009,1431228,128x,300ms,25,64,1,0,16,5,6,7,2,0,0,0,26
2026-09-21T20:50:32.320297+00:00,2010,1431940,128x,300ms,25,64,1,0,16,5,6,7,2,0,0,0,26
2026-09-21T20:50:33.040192+00:00,2011,1432651,128x,300ms,25,64,0,0,16,5,6,7,2,0,0,0,26
2026-09-21T20:50:33.752138+00:00,2012,1433363,128x,300ms,25,64,0,0,16,5,6,6,2,0,0,0,26
2026-09-21T20:50:34.464038+00:00,2013,1434074,128x,300ms,25,64,0,0,16,5,6,7,2,0,0,0,26
2026-09-21T20:50:35.184222+00:00,2014,1434784,128x,300ms,25,64,0,0,16,5,6,7,2,0,0,0,26
2026-09-21T20:50:35.903765+00:00,2015,1435495,128x,300ms,25,64,0,0,16,5,6,7,1,0,0,0,26
2026-09-21T20:50:36.615646+00:00,2016,1436207,128x,300ms,25,64,1,0,16,6,6,7,2,0,0,0,26
2026-09-21T20:50:37.328107+00:00,2017,1436917,128x,300ms,25,64,1,0,16,5,6,7,2,0,0,0,26
2026-09-21T20:50:38.047884+00:00,2018,1437629,128x,300ms,25,64,1,0,16,5,6,7,2,0,0,0,26
2026-09-21T20:50:38.760027+00:00,2019,1438341,128x,300ms,25,64,1,0,16,5,6,7,2,0,0,0,26
2026-09-21T20:50:39.479999+00:00,2020,1439052,128x,300ms,25,64,1,0,16,5,6,7,2,0,0,0,26
2026-09-21T20:50:40.191459+00:00,2021,1439764,128x,300ms,25,64,0,0,16,5,6,7,2,0,0,0,26
2026-09-21T20:50:40.911824+00:00,2022,1440476,128x,300ms,25,64,0,0,16,5,6,7,2,0,0,0,26
2026-09-21T20:50:41.624137+00:00,2023,1441186,128x,300ms,25,64,0,0,16,5,6,7,2,0,0,0,26
2026-09-21T20:50:42.344443+00:00,2024,1441897,128x,300ms,25,64,0,0,16,5,6,7,2,0,0,0,27
2026-09-21T20:50:43.056388+00:00,2025,1442608,128x,300ms,25,64,0,0,16,5,6,7,2,0,0,0,26
2026-09-21T20:50:43.768085+00:00,2026,1443319,128x,300ms,25,64,1,0,16,5,6,7,2,0,0,0,26
2026-09-21T20:50:44.487677+00:00,2027,1444030,128x,300ms,25,64,1,0,16,5,6,7,2,0,0,0,26
2026-09-21T20:50:45.207572+00:00,2028,1444742,128x,300ms,25,64,1,0,17,5,6,7,2,0,0,0,27
2026-09-21T20:50:45.919631+00:00,2029,1445453,128x,300ms,25,64,1,0,16,5,6,7,2,0,0,0,26
2026-09-21T20:50:46.630054+00:00,2030,1446165,128x,300ms,25,64,1,0,16,5,6,7,2,0,0,0,26
2026-09-21T20:50:47.352314+00:00,2031,1446877,128x,300ms,25,64,0,0,16,5,6,7,2,0,0,0,26
2026-09-21T20:50:48.064471+00:00,2032,1447587,128x,300ms,25,64,0,0,16,5,6,7,2,0,0,0,26
2026-09-21T20:50:48.783475+00:00,2033,1448299,128x,300ms,25,64,0,0,16,5,6,7,2,0,0,0,26
2026-09-21T20:50:49.495824+00:00,2034,1449010,128x,300ms,25,64,0,0,16,6,6,7,2,0,0,0,26
2026-09-21T20:50:50.208507+00:00,2035,1449720,128x,300ms,25,64,0,0,16,5,6,7,2,0,0,0,26
2026-09-21T20:50:50.928264+00:00,2036,1450431,128x,300ms,25,64,1,0,16,5,6,7,1,0,0,0,27
2026-09-21T20:50:51.640072+00:00,2037,1451143,128x,300ms,25,64,1,0,16,5,6,7,2,0,0,0,26
2026-09-21T20:50:52.362258+00:00,2038,1451854,128x,300ms,25,64,1,0,16,5,6,7,1,0,0,0,26
2026-09-21T20:50:53.072237+00:00,2039,1452566,128x,300ms,25,64,1,0,16,5,6,7,2,0,0,0,26
2026-09-21T20:50:53.791558+00:00,2040,1453278,128x,300ms,25,64,1,0,16,5,6,7,2,0,0,0,26
2026-09-21T20:50:54.503563+00:00,2041,1453989,128x,300ms,25,64,0,0,16,5,6,7,2,0,0,0,26
2026-09-21T20:50:55.224186+00:00,2042,1454700,128x,300ms,25,64,0,0,16,5,6,7,2,0,0,0,26
2026-09-21T20:50:55.936467+00:00,2043,1455411,128x,300ms,25,64,0,0,16,5,6,7,2,0,0,0,26
2026-09-21T20:50:56.648098+00:00,2044,1456122,128x,300ms,25,64,0,0,16,5,6,7,2,0,0,0,26
2026-09-21T20:50:57.368409+00:00,2045,1456833,128x,300ms,25,64,0,0,16,5,6,7,2,0,0,0,26
2026-09-21T20:50:58.080568+00:00,2046,1457544,128x,300ms,25,64,1,0,16,5,6,7,2,0,0,0,26
2026-09-21T20:50:58.800338+00:00,2047,1458255,128x,300ms,25,64,1,0,16,5,6,6,2,0,0,0,26
2026-09-21T20:50:59.519939+00:00,2048,1458967,128x,300ms,25,64,1,0,16,5,6,7,2,0,0,0,26
2026-09-21T20:51:00.231425+00:00,2049,1459679,128x,300ms,25,64,1,0,16,5,6,7,2,0,0,0,26
2026-09-21T20:51:00.943531+00:00,2050,1460390,128x,300ms,25,64,1,0,16,5,6,7,2,0,0,0,27
2026-09-21T20:51:01.664632+00:00,2051,1461102,128x,300ms,25,64,0,0,16,5,6,7,2,0,0,0,26
2026-09-21T20:51:02.375549+00:00,2052,1461813,128x,300ms,25,64,0,0,16,5,6,7,2,0,0,0,26
2026-09-21T20:51:03.095730+00:00,2053,1462523,128x,300ms,25,64,0,0,17,5,6,7,2,0,0,0,26
2026-09-21T20:51:03.810324+00:00,2054,1463234,128x,300ms,25,64,0,0,16,5,6,7,2,0,0,0,26
2026-09-21T20:51:04.520543+00:00,2055,1463946,128x,300ms,25,64,0,0,16,5,6,7,2,0,0,0,26
2026-09-21T20:51:05.240456+00:00,2056,1464656,128x,300ms,25,64,1,0,16,5,6,7,2,0,0,0,26
2026-09-21T20:51:05.959469+00:00,2057,1465368,128x,300ms,25,64,1,0,16,5,6,7,2,0,0,0,26
2026-09-21T20:51:06.671784+00:00,2058,1466080,128x,300ms,25,64,1,0,16,5,6,7,1,0,0,0,26
2026-09-21T20:51:07.384563+00:00,2059,1466791,128x,300ms,25,64,1,0,16,5,6,7,2,0,0,0,26
2026-09-21T20:51:08.103556+00:00,2060,1467503,128x,300ms,25,64,1,0,16,5,6,7,2,0,0,0,27
2026-09-21T20:51:08.816296+00:00,2061,1468215,128x,300ms,25,64,0,0,16,5,7,7,2,0,0,0,26
2026-09-21T20:51:09.535582+00:00,2062,1468925,128x,300ms,25,64,0,0,16,5,6,7,2,0,0,0,26
2026-09-21T20:51:10.247427+00:00,2063,1469636,128x,300ms,25,64,0,0,16,5,6,7,1,0,0,0,27
2026-09-21T20:51:10.959539+00:00,2064,1470347,128x,300ms,25,64,0,0,16,5,5,6,1,0,0,0,25
2026-09-21T20:51:11.680427+00:00,2065,1471057,128x,300ms,25,64,0,0,16,5,6,7,2,0,0,0,27
2026-09-21T20:51:12.392354+00:00,2066,1471769,128x,300ms,25,64,1,0,16,5,6,7,2,0,0,0,27
2026-09-21T20:51:13.112212+00:00,2067,1472481,128x,300ms,25,64,1,0,16,5,6,7,2,0,0,0,26
2026-09-21T20:51:13.824478+00:00,2068,1473192,128x,300ms,25,64,1,0,16,5,6,7,2,0,0,0,27
2026-09-21T20:51:14.544313+00:00,2069,1473903,128x,300ms,25,64,1,0,16,5,6,7,2,0,0,0,27
2026-09-21T20:51:15.255935+00:00,2070,1474615,128x,300ms,25,64,1,0,16,5,6,7,2,0,0,0,26
2026-09-21T20:51:15.976459+00:00,2071,1475326,128x,300ms,25,64,0,0,16,5,6,7,2,0,0,0,26
2026-09-21T20:51:16.688027+00:00,2072,1476037,128x,300ms,25,64,0,0,16,5,6,7,2,0,0,0,27
2026-09-21T20:51:17.407525+00:00,2073,1476749,128x,300ms,25,64,0,0,16,5,6,7,2,0,0,0,27
2026-09-21T20:51:18.120036+00:00,2074,1477459,128x,300ms,25,64,0,0,16,5,6,7,2,0,0,0,26
2026-09-21T20:51:18.831551+00:00,2075,1478170,128x,300ms,25,64,0,0,16,5,6,7,1,0,0,0,27
2026-09-21T20:51:19.552384+00:00,2076,1478881,128x,300ms,25,64,1,0,16,5,6,7,2,0,0,0,26
2026-09-21T20:51:20.263552+00:00,2077,1479592,128x,300ms,25,64,1,0,16,5,6,7,2,0,0,0,27
2026-09-21T20:51:20.983708+00:00,2078,1480304,128x,300ms,25,64,1,0,16,5,6,7,2,0,0,0,26
2026-09-21T20:51:21.696406+00:00,2079,1481016,128x,300ms,25,64,1,0,16,5,6,7,2,0,0,0,26
2026-09-21T20:51:22.415548+00:00,2080,1481728,128x,300ms,25,64,1,0,16,5,6,7,2,0,0,0,27
2026-09-21T20:51:23.127570+00:00,2081,1482439,128x,300ms,25,64,0,0,16,5,6,7,2,0,0,0,27
2026-09-21T20:51:23.847801+00:00,2082,1483150,128x,300ms,25,64,0,0,16,5,6,7,2,0,0,0,26
2026-09-21T20:51:24.560814+00:00,2083,1483860,128x,300ms,25,64,0,0,16,5,6,7,2,0,0,0,26
2026-09-21T20:51:25.271545+00:00,2084,1484571,128x,300ms,25,64,0,0,16,5,6,7,2,0,0,0,27
2026-09-21T20:51:25.992044+00:00,2085,1485283,128x,300ms,25,64,0,0,16,5,6,7,2,0,0,0,26
2026-09-21T20:51:26.703539+00:00,2086,1485993,128x,300ms,25,64,1,0,16,5,6,7,2,0,0,0,27
2026-09-21T20:51:27.424787+00:00,2087,1486705,128x,300ms,25,64,1,0,16,5,6,7,2,0,0,0,27
2026-09-21T20:51:28.136045+00:00,2088,1487417,128x,300ms,25,64,1,0,16,5,6,7,2,0,0,0,26
2026-09-21T20:51:28.856560+00:00,2089,1488128,128x,300ms,25,64,1,0,16,5,6,7,2,0,0,0,26
2026-09-21T20:51:29.567545+00:00,2090,1488839,128x,300ms,25,64,1,0,16,5,6,7,2,0,0,0,26
2026-09-21T20:51:30.288322+00:00,2091,1489551,128x,300ms,25,64,0,0,16,5,6,7,2,0,0,0,27
2026-09-21T20:51:30.999865+00:00,2092,1490263,128x,300ms,25,64,0,0,16,5,6,7,2,0,0,0,26
2026-09-21T20:51:31.711842+00:00,2093,1490973,128x,300ms,25,64,0,0,16,5,6,7,2,0,0,0,26
2026-09-21T20:51:32.431712+00:00,2094,1491684,128x,300ms,25,64,0,0,16,5,6,7,2,1,0,0,27
2026-09-21T20:51:33.143548+00:00,2095,1492395,128x,300ms,25,64,0,0,16,5,6,7,2,0,0,0,26
2026-09-21T20:51:33.863652+00:00,2096,1493106,128x,300ms,25,64,1,0,16,5,6,7,2,0,0,0,26
2026-09-21T20:51:34.583745+00:00,2097,1493818,128x,300ms,25,64,1,0,16,5,6,7,1,0,0,0,26
2026-09-21T20:51:35.296273+00:00,2098,1494529,128x,300ms,25,64,1,0,16,5,6,7,2,0,0,0,26
2026-09-21T20:51:36.007901+00:00,2099,1495241,128x,300ms,25,64,1,0,16,5,6,7,2,0,0,0,26
2026-09-21T20:51:36.727544+00:00,2100,1495953,128x,300ms,25,64,1,0,16,5,6,7,2,0,0,0,26
2026-09-21T20:51:37.439536+00:00,2101,1496665,128x,300ms,25,64,0,0,16,5,6,7,2,0,0,0,26
2026-09-21T20:51:38.159678+00:00,2102,1497375,128x,300ms,25,64,0,0,16,5,6,7,2,0,0,0,26
2026-09-21T20:51:38.872749+00:00,2103,1498086,128x,300ms,25,64,0,0,16,5,6,7,2,0,0,0,26
2026-09-21T20:51:39.584321+00:00,2104,1498797,128x,300ms,25,64,0,0,16,5,6,7,2,0,0,0,26
2026-09-21T20:51:40.304794+00:00,2105,1499507,128x,300ms,25,64,0,0,16,5,6,7,2,0,0,0,26
2026-09-21T20:51:41.015543+00:00,2106,1500219,128x,300ms,25,64,1,0,16,5,6,7,2,0,0,0,26
2026-09-21T20:51:41.736299+00:00,2107,1500931,128x,300ms,25,64,1,0,16,5,6,7,2,0,0,0,26
2026-09-21T20:51:42.447586+00:00,2108,1501642,128x,300ms,25,64,1,0,16,5,6,7,2,1,0,0,26
2026-09-21T20:51:43.169206+00:00,2109,1502353,128x,300ms,25,64,1,0,16,5,6,7,2,0,0,0,26
2026-09-21T20:51:43.880230+00:00,2110,1503065,128x,300ms,25,64,1,0,16,5,6,7,2,0,0,0,26
2026-09-21T20:51:44.600329+00:00,2111,1503777,128x,300ms,25,64,0,0,16,6,6,7,2,0,0,0,26
2026-09-21T20:51:45.311518+00:00,2112,1504488,128x,300ms,25,64,0,0,16,5,6,7,2,0,0,0,26
2026-09-21T20:51:46.031531+00:00,2113,1505199,128x,300ms,25,64,0,0,16,5,6,7,2,0,0,0,26
2026-09-21T20:51:46.744432+00:00,2114,1505909,128x,300ms,25,64,0,0,16,5,6,7,2,0,0,0,26
2026-09-21T20:51:47.463550+00:00,2115,1506620,128x,300ms,25,64,0,0,16,5,6,7,2,0,0,0,26
2026-09-21T20:51:48.176415+00:00,2116,1507332,128x,300ms,25,64,1,0,16,5,6,7,2,0,0,0,26
2026-09-21T20:51:48.887668+00:00,2117,1508043,128x,300ms,25,64,1,0,16,5,6,7,2,0,0,0,26
2026-09-21T20:51:49.608451+00:00,2118,1508754,128x,300ms,25,64,1,0,16,5,6,7,2,0,0,0,27
2026-09-21T20:51:50.320414+00:00,2119,1509466,128x,300ms,25,64,1,0,16,5,6,7,2,0,0,0,26
2026-09-21T20:51:51.039923+00:00,2120,1510177,128x,300ms,25,64,1,0,16,5,6,7,2,0,0,0,27
2026-09-21T20:51:51.751493+00:00,2121,1510889,128x,300ms,25,64,0,0,16,5,6,7,2,0,0,0,26
2026-09-21T20:51:52.471868+00:00,2122,1511600,128x,300ms,25,64,0,0,16,5,6,7,2,0,0,0,26
2026-09-21T20:51:53.184104+00:00,2123,1512311,128x,300ms,25,64,0,0,16,5,6,7,2,0,0,0,26
2026-09-21T20:51:53.895547+00:00,2124,1513022,128x,300ms,25,64,0,0,16,5,6,7,2,0,0,0,27
2026-09-21T20:51:54.615422+00:00,2125,1513733,128x,300ms,25,64,0,0,17,5,6,7,2,0,0,0,26
2026-09-21T20:51:55.327546+00:00,2126,1514443,128x,300ms,25,64,1,0,16,5,6,7,2,0,0,0,27
2026-09-21T20:51:56.048093+00:00,2127,1515155,128x,300ms,25,64,1,0,16,5,6,7,2,0,0,0,27
2026-09-21T20:51:56.759521+00:00,2128,1515867,128x,300ms,25,64,1,0,16,5,6,7,2,0,0,0,27
2026-09-21T20:51:57.480090+00:00,2129,1516578,128x,300ms,25,64,1,0,16,5,6,7,2,0,0,0,27
2026-09-21T20:51:58.192325+00:00,2130,1517290,128x,300ms,25,64,1,0,16,5,6,7,2,0,0,0,26
2026-09-21T20:51:58.912270+00:00,2131,1518002,128x,300ms,25,64,0,0,16,5,6,7,2,0,0,0,26
2026-09-21T20:51:59.624872+00:00,2132,1518712,128x,300ms,25,64,0,0,16,5,6,7,2,0,0,0,27
2026-09-21T20:52:00.335681+00:00,2133,1519423,128x,300ms,25,64,0,0,16,5,6,7,2,0,0,0,27
2026-09-21T20:52:01.055725+00:00,2134,1520134,128x,300ms,25,64,0,0,16,5,6,7,2,0,0,0,26
2026-09-21T20:52:01.768558+00:00,2135,1520845,128x,300ms,25,64,0,0,16,5,6,7,2,0,0,0,26
2026-09-21T20:52:02.488294+00:00,2136,1521556,128x,300ms,25,64,1,0,16,5,6,7,2,0,0,0,26
2026-09-21T20:52:03.200195+00:00,2137,1522268,128x,300ms,25,64,1,0,16,5,6,7,2,0,0,0,27
2026-09-21T20:52:03.920650+00:00,2138,1522979,128x,300ms,25,64,1,0,16,5,6,7,2,0,0,0,26
2026-09-21T20:52:04.632110+00:00,2139,1523691,128x,300ms,25,64,1,0,16,5,6,7,2,0,0,0,27
2026-09-21T20:52:05.351661+00:00,2140,1524403,128x,300ms,25,64,1,0,16,5,6,7,2,0,0,0,26
2026-09-21T20:52:06.063648+00:00,2141,1525114,128x,300ms,25,64,0,0,16,5,6,7,2,0,0,0,26
2026-09-21T20:52:06.783443+00:00,2142,1525825,128x,300ms,25,64,0,0,16,5,6,7,1,0,0,0,26
2026-09-21T20:52:07.495767+00:00,2143,1526536,128x,300ms,25,64,0,0,16,5,6,7,1,0,0,0,26
2026-09-21T20:52:08.215656+00:00,2144,1527246,128x,300ms,25,64,0,0,16,5,6,7,2,0,0,0,26
2026-09-21T20:52:08.928367+00:00,2145,1527958,128x,300ms,25,64,0,0,16,5,6,7,2,0,0,0,26
2026-09-21T20:52:09.647531+00:00,2146,1528669,128x,300ms,25,64,1,0,16,5,6,7,2,0,0,0,26
2026-09-21T20:52:10.360536+00:00,2147,1529380,128x,300ms,25,64,1,0,16,5,6,7,2,0,0,0,26
2026-09-21T20:52:11.080691+00:00,2148,1530092,128x,300ms,25,64,1,0,16,5,6,7,2,0,0,0,27
2026-09-21T20:52:11.791787+00:00,2149,1530804,128x,300ms,25,64,1,0,16,5,6,7,2,0,0,0,26
2026-09-21T20:52:12.503475+00:00,2150,1531515,128x,300ms,25,64,1,0,16,5,6,7,2,0,0,0,26
2026-09-21T20:52:13.224225+00:00,2151,1532227,128x,300ms,25,64,0,0,16,5,6,7,2,0,0,0,26
2026-09-21T20:52:13.935861+00:00,2152,1532938,128x,300ms,25,64,0,0,16,5,6,7,2,0,0,0,26
2026-09-21T20:52:14.656305+00:00,2153,1533649,128x,300ms,25,64,0,0,16,5,6,7,2,0,0,0,26
2026-09-21T20:52:15.367468+00:00,2154,1534360,128x,300ms,25,64,0,0,16,5,6,7,2,0,0,0,26
2026-09-21T20:52:16.087590+00:00,2155,1535071,128x,300ms,25,64,0,0,16,5,6,7,2,0,0,0,27
2026-09-21T20:52:16.801446+00:00,2156,1535781,128x,300ms,25,64,1,0,16,6,6,7,2,0,0,0,26
2026-09-21T20:52:17.519710+00:00,2157,1536493,128x,300ms,25,64,1,0,16,5,6,7,2,0,0,0,26
2026-09-21T20:52:18.232592+00:00,2158,1537205,128x,300ms,25,64,1,0,16,5,6,7,2,0,0,0,26
2026-09-21T20:52:18.943792+00:00,2159,1537916,128x,300ms,25,64,1,0,16,5,6,7,2,0,0,0,26
2026-09-21T20:52:19.663830+00:00,2160,1538628,128x,300ms,25,64,1,0,16,6,6,7,2,0,0,0,27
2026-09-21T20:52:20.377417+00:00,2161,1539340,128x,300ms,25,64,0,0,16,5,6,6,2,0,0,0,26
2026-09-21T20:52:21.095582+00:00,2162,1540050,128x,300ms,25,64,0,0,16,5,6,7,2,0,0,0,26
2026-09-21T20:52:21.807545+00:00,2163,1540762,128x,300ms,25,64,0,0,16,5,6,7,2,0,0,0,27
2026-09-21T20:52:22.527753+00:00,2164,1541473,128x,300ms,25,64,0,0,16,5,6,7,2,0,0,0,27
2026-09-21T20:52:23.240262+00:00,2165,1542183,128x,300ms,25,64,0,0,16,6,6,7,2,0,0,0,26
2026-09-21T20:52:23.960097+00:00,2166,1542894,128x,300ms,25,64,1,0,16,5,6,7,2,0,0,0,26
2026-09-21T20:52:24.671544+00:00,2167,1543606,128x,300ms,25,64,1,0,16,5,6,7,2,0,0,0,26
2026-09-21T20:52:25.392577+00:00,2168,1544317,128x,300ms,25,64,1,0,16,5,6,7,2,0,0,0,27
2026-09-21T20:52:26.104770+00:00,2169,1545029,128x,300ms,25,64,1,0,16,5,6,7,2,0,0,0,26
2026-09-21T20:52:26.816504+00:00,2170,1545741,128x,300ms,25,64,1,0,16,5,6,7,2,0,0,0,27
2026-09-21T20:52:27.535540+00:00,2171,1546452,128x,300ms,25,64,0,0,16,6,6,7,1,0,0,0,26
2026-09-21T20:52:28.248556+00:00,2172,1547163,128x,300ms,25,64,0,0,16,5,6,7,2,0,0,0,26
2026-09-21T20:52:28.968995+00:00,2173,1547875,128x,300ms,25,64,0,0,16,5,6,7,2,0,0,0,27
2026-09-21T20:52:29.679562+00:00,2174,1548585,128x,300ms,25,64,0,0,16,5,6,7,2,0,0,0,26
2026-09-21T20:52:30.399894+00:00,2175,1549296,128x,300ms,25,64,0,0,16,5,6,7,2,0,0,0,27
2026-09-21T20:52:31.112076+00:00,2176,1550007,128x,300ms,25,64,1,0,16,5,6,7,2,0,0,0,27
2026-09-21T20:52:31.832307+00:00,2177,1550718,128x,300ms,25,64,1,0,16,6,6,7,2,0,0,0,27
2026-09-21T20:52:32.544206+00:00,2178,1551430,128x,300ms,25,64,1,0,16,5,6,7,2,0,0,0,26
2026-09-21T20:52:33.263432+00:00,2179,1552142,128x,300ms,25,64,1,0,16,5,6,7,2,0,0,0,26
2026-09-21T20:52:33.975698+00:00,2180,1552854,128x,300ms,25,64,1,0,16,5,6,7,2,0,0,0,26
2026-09-21T20:52:34.688015+00:00,2181,1553565,128x,300ms,25,64,0,0,16,5,6,7,2,0,0,0,26
2026-09-21T20:52:35.407417+00:00,2182,1554276,128x,300ms,25,64,0,0,16,5,6,7,2,0,0,0,26
2026-09-21T20:52:36.119549+00:00,2183,1554987,128x,300ms,25,64,0,0,17,5,6,7,2,0,0,0,26
2026-09-21T20:52:36.839674+00:00,2184,1555697,128x,300ms,25,64,0,0,16,5,6,7,2,0,0,0,27
2026-09-21T20:52:37.551539+00:00,2185,1556409,128x,300ms,25,64,0,0,16,5,6,7,2,0,0,0,26
2026-09-21T20:52:38.272036+00:00,2186,1557120,128x,300ms,25,64,1,0,16,5,6,7,2,0,0,0,26
2026-09-21T20:52:38.983539+00:00,2187,1557831,128x,300ms,25,64,1,0,16,5,6,7,2,0,0,0,26
2026-09-21T20:52:39.704319+00:00,2188,1558543,128x,300ms,25,64,1,0,16,5,6,7,2,0,0,0,26
2026-09-21T20:52:40.415950+00:00,2189,1559255,128x,300ms,25,64,1,0,16,5,6,7,2,0,0,0,26
2026-09-21T20:52:41.128345+00:00,2190,1559966,128x,300ms,25,64,1,0,16,5,6,7,2,0,0,0,26
2026-09-21T20:52:41.847759+00:00,2191,1560678,128x,300ms,25,64,0,0,16,5,6,7,2,0,0,0,26
2026-09-21T20:52:42.559620+00:00,2192,1561389,128x,300ms,25,64,0,0,16,5,6,7,2,0,0,0,27
2026-09-21T20:52:43.279563+00:00,2193,1562100,128x,300ms,25,64,0,0,16,5,6,7,2,0,0,0,26
2026-09-21T20:52:43.992248+00:00,2194,1562811,128x,300ms,25,64,0,0,16,5,6,7,2,0,0,0,26
2026-09-21T20:52:44.712331+00:00,2195,1563522,128x,300ms,25,64,0,0,16,5,6,7,2,0,0,0,27
2026-09-21T20:52:45.423428+00:00,2196,1564232,128x,300ms,25,64,1,0,16,5,6,7,2,0,0,0,27
2026-09-21T20:52:46.144005+00:00,2197,1564944,128x,300ms,25,64,1,0,16,5,6,7,2,0,0,0,27
2026-09-21T20:52:46.855539+00:00,2198,1565656,128x,300ms,25,64,1,0,16,5,6,7,2,0,0,0,26
2026-09-21T20:52:47.575677+00:00,2199,1566367,128x,300ms,25,64,1,0,16,5,6,7,2,0,0,0,26
2026-09-21T20:52:48.287993+00:00,2200,1567079,128x,300ms,25,64,1,0,16,5,6,7,2,0,0,0,27
2026-09-21T20:52:49.000282+00:00,2201,1567791,128x,300ms,25,64,0,0,16,5,6,7,2,1,0,0,27
2026-09-21T20:52:49.720508+00:00,2202,1568501,128x,300ms,25,64,0,0,16,5,6,7,2,0,0,0,26
2026-09-21T20:52:50.432051+00:00,2203,1569212,128x,300ms,25,64,0,0,16,5,6,7,2,0,0,0,26
2026-09-21T20:52:51.152279+00:00,2204,1569923,128x,300ms,25,64,0,0,16,5,6,7,2,0,0,0,26
2026-09-21T20:52:51.863532+00:00,2205,1570634,128x,300ms,25,64,0,0,16,5,6,7,2,0,0,0,27
2026-09-21T20:52:52.584265+00:00,2206,1571345,128x,300ms,25,64,1,0,16,5,6,7,2,0,0,0,27
2026-09-21T20:52:53.296599+00:00,2207,1572057,128x,300ms,25,64,1,0,16,5,6,7,2,0,0,0,26
2026-09-21T20:52:54.016073+00:00,2208,1572768,128x,300ms,25,64,1,0,16,5,6,7,2,0,0,0,27
2026-09-21T20:52:54.727973+00:00,2209,1573480,128x,300ms,25,64,1,0,16,5,6,7,2,0,0,0,26
2026-09-21T20:52:55.439536+00:00,2210,1574192,128x,300ms,25,64,1,0,16,6,6,7,2,0,0,0,27
2026-09-21T20:52:56.159774+00:00,2211,1574903,128x,300ms,25,64,0,0,16,5,6,7,2,0,0,0,26
2026-09-21T20:52:56.873543+00:00,2212,1575614,128x,300ms,25,64,0,0,16,5,6,7,2,1,0,0,26
2026-09-21T20:52:57.593254+00:00,2213,1576325,128x,300ms,25,64,0,0,16,5,6,7,2,0,0,0,26
2026-09-21T20:52:58.303535+00:00,2214,1577035,128x,300ms,25,64,0,0,16,5,6,7,2,0,0,0,26
2026-09-21T20:52:59.024309+00:00,2215,1577747,128x,300ms,25,64,0,0,16,5,6,7,2,0,0,0,26
2026-09-21T20:52:59.736304+00:00,2216,1578458,128x,300ms,25,64,1,0,16,5,6,7,1,0,0,0,26
2026-09-21T20:53:00.455531+00:00,2217,1579169,128x,300ms,25,64,1,0,16,5,6,7,2,0,0,0,26
2026-09-21T20:53:01.167538+00:00,2218,1579881,128x,300ms,25,64,1,0,16,5,6,7,2,0,0,0,26
2026-09-21T20:53:01.880690+00:00,2219,1580593,128x,300ms,25,64,1,0,16,5,6,7,2,0,0,0,27
2026-09-21T20:53:02.599677+00:00,2220,1581303,128x,300ms,25,64,1,0,16,5,6,7,2,0,0,0,26
2026-09-21T20:53:03.311660+00:00,2221,1582015,128x,300ms,25,64,0,0,17,5,6,7,2,0,0,0,26
2026-09-21T20:53:04.032516+00:00,2222,1582726,128x,300ms,25,64,0,0,16,5,6,7,2,0,0,0,26
2026-09-21T20:53:04.743541+00:00,2223,1583437,128x,300ms,25,64,0,0,16,5,6,7,2,0,0,0,26
2026-09-21T20:53:05.464210+00:00,2224,1584148,128x,300ms,25,64,0,0,16,5,6,7,2,0,0,0,27
2026-09-21T20:53:06.175536+00:00,2225,1584859,128x,300ms,25,64,0,0,16,5,6,7,2,0,0,0,26
2026-09-21T20:53:06.896244+00:00,2226,1585569,128x,300ms,25,64,1,0,16,5,6,7,2,0,0,0,26
2026-09-21T20:53:07.607566+00:00,2227,1586281,128x,300ms,25,64,1,0,16,5,6,7,2,0,0,0,26
2026-09-21T20:53:08.327989+00:00,2228,1586993,128x,300ms,25,64,1,0,16,5,6,7,2,0,0,0,27
2026-09-21T20:53:09.040752+00:00,2229,1587704,128x,300ms,25,64,1,0,16,5,6,7,2,0,0,0,26
2026-09-21T20:53:09.751591+00:00,2230,1588416,128x,300ms,25,64,1,0,16,5,6,7,2,0,0,0,26
2026-09-21T20:53:10.471516+00:00,2231,1589128,128x,300ms,25,64,0,0,16,5,6,7,2,0,0,0,26
2026-09-21T20:53:11.183801+00:00,2232,1589839,128x,300ms,25,64,0,0,16,5,6,7,2,0,0,0,26
2026-09-21T20:53:11.903835+00:00,2233,1590550,128x,300ms,25,64,0,0,16,5,6,7,2,0,0,0,26
2026-09-21T20:53:12.615541+00:00,2234,1591261,128x,300ms,25,64,0,0,16,5,6,7,2,0,0,0,26
2026-09-21T20:53:13.336309+00:00,2235,1591971,128x,300ms,25,64,0,0,16,5,6,7,2,1,0,0,26
2026-09-21T20:53:14.047856+00:00,2236,1592682,128x,300ms,25,64,1,0,16,5,6,7,2,0,0,0,27
2026-09-21T20:53:14.767435+00:00,2237,1593394,128x,300ms,25,64,1,0,16,5,6,7,1,0,0,0,26
2026-09-21T20:53:15.480196+00:00,2238,1594105,128x,300ms,25,64,1,0,16,5,6,6,2,0,0,0,26
2026-09-21T20:53:16.192356+00:00,2239,1594817,128x,300ms,25,64,1,0,16,5,6,6,2,0,0,0,26
2026-09-21T20:53:16.911723+00:00,2240,1595529,128x,300ms,25,64,1,0,16,5,6,7,2,0,0,0,26
2026-09-21T20:53:17.624414+00:00,2241,1596240,128x,300ms,25,64,0,0,16,5,6,7,2,0,0,0,26
2026-09-21T20:53:18.344466+00:00,2242,1596951,128x,300ms,25,64,0,0,16,5,6,7,2,0,0,0,26
2026-09-21T20:53:19.055746+00:00,2243,1597663,128x,300ms,25,64,0,0,16,5,6,7,2,0,0,0,27
2026-09-21T20:53:19.776428+00:00,2244,1598373,128x,300ms,25,64,0,0,16,6,6,7,2,0,0,0,26
2026-09-21T20:53:20.487681+00:00,2245,1599084,128x,300ms,25,64,0,0,16,5,6,7,2,0,0,0,26
2026-09-21T20:53:21.207691+00:00,2246,1599795,128x,300ms,25,64,1,0,16,5,6,7,2,0,0,0,26
2026-09-21T20:53:21.919541+00:00,2247,1600506,128x,300ms,25,64,1,0,16,5,6,7,2,0,0,0,27
2026-09-21T20:53:22.639698+00:00,2248,1601218,128x,300ms,25,64,1,0,16,5,6,7,2,0,0,0,26
2026-09-21T20:53:23.352618+00:00,2249,1601930,128x,300ms,25,64,1,0,16,5,6,7,2,0,0,0,27
2026-09-21T20:53:24.071541+00:00,2250,1602641,128x,300ms,25,64,1,0,16,5,6,7,2,0,0,0,26
2026-09-21T20:53:24.783923+00:00,2251,1603353,128x,300ms,25,64,0,0,16,5,6,7,2,0,0,0,26
2026-09-21T20:53:25.495874+00:00,2252,1604064,128x,300ms,25,64,0,0,16,5,6,7,2,0,0,0,26
2026-09-21T20:53:26.215520+00:00,2253,1604775,128x,300ms,25,64,0,0,16,5,6,7,2,0,0,0,27
2026-09-21T20:53:26.927678+00:00,2254,1605486,128x,300ms,25,64,0,0,16,5,6,7,2,0,0,0,26
2026-09-21T20:53:27.648311+00:00,2255,1606197,128x,300ms,25,64,0,0,16,5,6,7,2,0,0,0,26
2026-09-21T20:53:28.359542+00:00,2256,1606907,128x,300ms,25,64,1,0,16,5,6,7,2,0,0,0,26
2026-09-21T20:53:29.080453+00:00,2257,1607619,128x,300ms,25,64,1,0,16,5,6,7,2,0,0,0,27
2026-09-21T20:53:29.791899+00:00,2258,1608331,128x,300ms,25,64,1,0,16,5,6,7,2,0,0,0,26
2026-09-21T20:53:30.511915+00:00,2259,1609042,128x,300ms,25,64,1,0,16,5,6,7,2,0,0,0,27
2026-09-21T20:53:31.223583+00:00,2260,1609754,128x,300ms,25,64,1,0,16,5,6,7,2,0,0,0,26
2026-09-21T20:53:31.935952+00:00,2261,1610466,128x,300ms,25,64,0,0,16,5,6,7,2,0,0,0,26
2026-09-21T20:53:32.656143+00:00,2262,1611176,128x,300ms,25,64,0,0,16,5,6,7,2,0,0,0,26
2026-09-21T20:53:33.368323+00:00,2263,1611887,128x,300ms,25,64,0,0,16,5,6,7,2,0,0,0,27
2026-09-21T20:53:34.087666+00:00,2264,1612599,128x,300ms,25,64,0,0,16,5,6,7,2,0,0,0,26
2026-09-21T20:53:34.799690+00:00,2265,1613309,128x,300ms,25,64,0,0,16,6,6,7,2,0,0,0,26
2026-09-21T20:53:35.521315+00:00,2266,1614020,128x,300ms,25,64,1,0,16,5,6,7,2,0,0,0,27
2026-09-21T20:53:36.231537+00:00,2267,1614732,128x,300ms,25,64,1,0,16,5,6,7,2,0,0,0,27
2026-09-21T20:53:36.952878+00:00,2268,1615443,128x,300ms,25,64,1,0,16,5,6,7,2,0,0,0,26
2026-09-21T20:53:37.664775+00:00,2269,1616155,128x,300ms,25,64,1,0,16,6,6,7,2,0,0,0,26
2026-09-21T20:53:38.376173+00:00,2270,1616867,128x,300ms,25,64,1,0,16,5,6,7,2,0,0,0,26
2026-09-21T20:53:39.096449+00:00,2271,1617579,128x,300ms,25,64,0,0,16,5,6,7,2,0,0,0,26
2026-09-21T20:53:39.807600+00:00,2272,1618289,128x,300ms,25,64,0,0,16,6,6,7,2,0,0,0,26
2026-09-21T20:53:40.528916+00:00,2273,1619000,128x,300ms,25,64,0,0,16,5,6,7,2,0,0,0,26
2026-09-21T20:53:41.239541+00:00,2274,1619710,128x,300ms,25,64,0,0,16,5,6,7,2,0,0,0,27
2026-09-21T20:53:41.959562+00:00,2275,1620421,128x,300ms,25,64,0,0,16,5,6,7,2,0,0,0,26
2026-09-21T20:53:42.672327+00:00,2276,1621133,128x,300ms,25,64,1,0,16,5,6,7,2,0,0,0,26
2026-09-21T20:53:43.392487+00:00,2277,1621844,128x,300ms,25,64,1,0,16,5,6,7,2,0,0,0,26
2026-09-21T20:53:44.103491+00:00,2278,1622556,128x,300ms,25,64,1,0,16,5,6,7,2,0,0,0,26
2026-09-21T20:53:44.823983+00:00,2279,1623268,128x,300ms,25,64,1,0,16,5,6,7,2,0,0,0,27
2026-09-21T20:53:45.535466+00:00,2280,1623980,128x,300ms,25,64,1,0,16,5,6,7,2,0,0,0,27
2026-09-21T20:53:46.248421+00:00,2281,1624691,128x,300ms,25,64,0,0,16,5,6,7,2,0,0,0,26
2026-09-21T20:53:46.967828+00:00,2282,1625402,128x,300ms,25,64,0,0,16,5,6,7,2,0,0,0,27
2026-09-21T20:53:47.679593+00:00,2283,1626113,128x,300ms,25,64,0,0,16,5,6,7,2,0,0,0,27
2026-09-21T20:53:48.399954+00:00,2284,1626823,128x,300ms,25,64,0,0,16,5,6,7,2,0,0,0,26
2026-09-21T20:53:49.112283+00:00,2285,1627534,128x,300ms,25,64,0,0,16,5,6,7,2,0,0,0,27
2026-09-21T20:53:49.832367+00:00,2286,1628246,128x,300ms,25,64,1,0,16,5,6,7,2,0,0,0,26
2026-09-21T20:53:50.543567+00:00,2287,1628957,128x,300ms,25,64,1,0,16,5,6,7,2,0,0,0,26
2026-09-21T20:53:51.263444+00:00,2288,1629669,128x,300ms,25,64,1,0,16,5,6,7,2,0,0,0,27
2026-09-21T20:53:51.976379+00:00,2289,1630381,128x,300ms,25,64,1,0,16,5,6,7,2,0,0,0,26
2026-09-21T20:53:52.687539+00:00,2290,1631091,128x,300ms,25,64,1,0,16,5,6,7,2,0,0,0,27
2026-09-21T20:53:53.407676+00:00,2291,1631803,128x,300ms,25,64,0,0,16,5,6,7,2,0,0,0,26
2026-09-21T20:53:54.119687+00:00,2292,1632515,128x,300ms,25,64,0,0,16,5,6,7,2,0,0,0,27
2026-09-21T20:53:54.841322+00:00,2293,1633225,128x,300ms,25,64,0,0,16,5,6,7,2,0,0,0,26
2026-09-21T20:53:55.551523+00:00,2294,1633936,128x,300ms,25,64,0,0,16,5,6,7,2,0,0,0,27
2026-09-21T20:53:56.272544+00:00,2295,1634647,128x,300ms,25,64,0,0,16,5,6,7,2,0,0,0,27
2026-09-21T20:53:56.983538+00:00,2296,1635358,128x,300ms,25,64,1,0,16,6,6,7,2,0,0,0,26
2026-09-21T20:53:57.704416+00:00,2297,1636070,128x,300ms,25,64,1,0,16,5,6,7,2,0,0,0,27
2026-09-21T20:53:58.415993+00:00,2298,1636781,128x,300ms,25,64,1,0,16,5,6,7,2,0,0,0,27
2026-09-21T20:53:59.137011+00:00,2299,1637492,128x,300ms,25,64,1,0,16,5,6,7,2,0,0,0,27
2026-09-21T20:53:59.848156+00:00,2300,1638204,128x,300ms,25,64,1,0,16,5,6,7,2,0,0,0,26
2026-09-21T20:54:00.560071+00:00,2301,1638916,128x,300ms,25,64,0,0,16,5,6,7,2,0,0,0,26
2026-09-21T20:54:01.279719+00:00,2302,1639626,128x,300ms,25,64,0,0,16,5,6,7,1,0,0,0,26
2026-09-21T20:54:01.992300+00:00,2303,1640337,128x,300ms,25,64,0,0,16,5,6,7,2,0,0,0,26
2026-09-21T20:54:02.711950+00:00,2304,1641049,128x,300ms,25,64,0,0,16,6,6,7,2,0,0,0,26
2026-09-21T20:54:03.425277+00:00,2305,1641759,128x,300ms,25,64,0,0,16,5,6,7,2,0,0,0,26
2026-09-21T20:54:04.143624+00:00,2306,1642470,128x,300ms,25,64,1,0,16,5,6,7,2,0,0,0,27
2026-09-21T20:54:04.856330+00:00,2307,1643182,128x,300ms,25,64,1,0,16,5,6,7,2,0,0,0,26
2026-09-21T20:54:05.576308+00:00,2308,1643893,128x,300ms,25,64,1,0,16,5,6,7,2,0,0,0,26
2026-09-21T20:54:06.289400+00:00,2309,1644605,128x,300ms,25,64,1,0,16,5,6,7,2,0,0,0,26
2026-09-21T20:54:07.000535+00:00,2310,1645317,128x,300ms,25,64,1,0,16,5,6,7,2,0,0,0,26
2026-09-21T20:54:07.719631+00:00,2311,1646028,128x,300ms,25,64,0,0,16,5,6,7,2,0,0,0,26
2026-09-21T20:54:08.431439+00:00,2312,1646739,128x,300ms,25,64,0,0,16,5,6,7,2,0,0,0,27
2026-09-21T20:54:09.151804+00:00,2313,1647450,128x,300ms,25,64,0,0,16,5,6,7,2,0,0,0,26
2026-09-21T20:54:09.863794+00:00,2314,1648161,128x,300ms,25,64,0,0,16,5,6,7,2,0,0,0,26
2026-09-21T20:54:10.584398+00:00,2315,1648872,128x,300ms,25,64,0,0,16,5,6,7,2,0,0,0,26
2026-09-21T20:54:11.296190+00:00,2316,1649583,128x,300ms,25,64,1,0,16,5,6,7,2,0,0,0,26
2026-09-21T20:54:12.016124+00:00,2317,1650294,128x,300ms,25,64,1,0,16,5,6,7,2,0,0,0,26
2026-09-21T20:54:12.728287+00:00,2318,1651006,128x,300ms,25,64,1,0,16,5,6,7,2,0,0,0,26
2026-09-21T20:54:13.447703+00:00,2319,1651718,128x,300ms,25,64,1,0,16,5,6,7,2,0,0,0,27
2026-09-21T20:54:14.159822+00:00,2320,1652429,128x,300ms,25,64,1,0,16,5,6,7,2,0,0,0,26
2026-09-21T20:54:14.872013+00:00,2321,1653141,128x,300ms,25,64,0,0,16,5,6,7,2,0,0,0,26
2026-09-21T20:54:15.592222+00:00,2322,1653852,128x,300ms,25,64,0,0,16,5,6,7,2,0,0,0,27
2026-09-21T20:54:16.303535+00:00,2323,1654562,128x,300ms,25,64,0,0,16,5,6,7,2,0,0,0,27
2026-09-21T20:54:17.023642+00:00,2324,1655273,128x,300ms,25,64,0,0,16,5,6,7,2,0,0,0,26
2026-09-21T20:54:17.736046+00:00,2325,1655985,128x,300ms,25,64,0,0,16,6,6,7,2,0,0,0,27
2026-09-21T20:54:18.456028+00:00,2326,1656695,128x,300ms,25,64,1,0,16,5,6,7,2,0,0,0,27
2026-09-21T20:54:19.168036+00:00,2327,1657407,128x,300ms,25,64,1,0,16,5,6,7,2,0,0,0,26
2026-09-21T20:54:19.888407+00:00,2328,1658119,128x,300ms,25,64,1,0,16,5,6,7,2,0,0,0,27
2026-09-21T20:54:20.601299+00:00,2329,1658830,128x,300ms,25,64,1,0,16,5,6,7,2,0,0,0,27
2026-09-21T20:54:21.311538+00:00,2330,1659541,128x,300ms,25,64,1,0,16,5,6,7,2,0,0,0,26
2026-09-21T20:54:22.031540+00:00,2331,1660253,128x,300ms,25,64,0,0,16,5,6,7,2,0,0,0,26
2026-09-21T20:54:22.743424+00:00,2332,1660964,128x,300ms,25,64,0,0,16,5,6,7,2,0,0,0,27
2026-09-21T20:54:23.465112+00:00,2333,1661675,128x,300ms,25,64,0,0,16,5,6,7,2,0,0,0,27
2026-09-21T20:54:24.177087+00:00,2334,1662386,128x,300ms,25,64,0,0,16,5,6,7,2,0,0,0,26
2026-09-21T20:54:24.896286+00:00,2335,1663096,128x,300ms,25,64,0,0,16,5,6,7,2,0,0,0,27
2026-09-21T20:54:25.610249+00:00,2336,1663808,128x,300ms,25,64,1,0,16,5,6,7,2,0,0,0,26
2026-09-21T20:54:26.328430+00:00,2337,1664520,128x,300ms,25,64,1,0,16,5,6,7,2,0,0,0,26
2026-09-21T20:54:27.039539+00:00,2338,1665231,128x,300ms,25,64,1,0,16,5,6,7,2,0,0,0,27
2026-09-21T20:54:27.760015+00:00,2339,1665942,128x,300ms,25,64,1,0,16,5,6,7,2,0,0,0,26
2026-09-21T20:54:28.471652+00:00,2340,1666654,128x,300ms,25,64,1,0,16,5,6,7,2,0,0,0,26
2026-09-21T20:54:29.183562+00:00,2341,1667365,128x,300ms,25,64,0,0,16,6,6,7,2,0,0,0,26
2026-09-21T20:54:29.904357+00:00,2342,1668076,128x,300ms,25,64,0,0,16,5,6,7,2,0,0,0,26
2026-09-21T20:54:30.615694+00:00,2343,1668788,128x,300ms,25,64,0,0,16,5,6,7,2,0,0,0,26
2026-09-21T20:54:31.337295+00:00,2344,1669498,128x,300ms,25,64,0,0,16,5,6,7,2,0,0,0,26
2026-09-21T20:54:32.047537+00:00,2345,1670209,128x,300ms,25,64,0,0,16,5,6,7,2,0,0,0,26
2026-09-21T20:54:32.767518+00:00,2346,1670920,128x,300ms,25,64,1,0,16,5,6,7,2,0,0,0,26
2026-09-21T20:54:33.479542+00:00,2347,1671631,128x,300ms,25,64,1,0,16,5,6,7,2,0,0,0,26
2026-09-21T20:54:34.193794+00:00,2348,1672343,128x,300ms,25,64,1,0,16,5,6,7,2,0,0,0,27
2026-09-21T20:54:34.912140+00:00,2349,1673055,128x,300ms,25,64,1,0,16,5,6,7,2,1,0,0,26
2026-09-21T20:54:35.623410+00:00,2350,1673766,128x,300ms,25,64,1,0,16,5,6,7,2,0,0,0,27
2026-09-21T20:54:36.344093+00:00,2351,1674478,128x,300ms,25,64,0,0,16,5,6,7,2,0,0,0,27
2026-09-21T20:54:37.055526+00:00,2352,1675189,128x,300ms,25,64,0,0,17,5,6,7,2,0,0,0,27
2026-09-21T20:54:37.775554+00:00,2353,1675899,128x,300ms,25,64,0,0,16,5,6,7,2,0,0,0,27
2026-09-21T20:54:38.487539+00:00,2354,1676610,128x,300ms,25,64,0,0,16,5,6,7,2,0,0,0,27
2026-09-21T20:54:39.207590+00:00,2355,1677322,128x,300ms,25,64,0,0,16,5,6,7,2,0,0,0,26
2026-09-21T20:54:39.920549+00:00,2356,1678032,128x,300ms,25,64,1,0,16,5,6,7,2,0,0,0,27
2026-09-21T20:54:40.640315+00:00,2357,1678744,128x,300ms,25,64,1,0,17,5,6,7,2,0,0,0,27
2026-09-21T20:54:41.352621+00:00,2358,1679456,128x,300ms,25,64,1,0,16,5,6,7,2,0,0,0,26
2026-09-21T20:54:42.071461+00:00,2359,1680167,128x,300ms,25,64,1,0,16,5,6,7,2,1,0,0,27
2026-09-21T20:54:42.783552+00:00,2360,1680878,128x,300ms,25,64,1,0,16,5,6,6,2,0,0,0,27
2026-09-21T20:54:43.495432+00:00,2361,1681590,128x,300ms,25,64,0,0,16,5,6,7,2,0,0,0,27
2026-09-21T20:54:44.215850+00:00,2362,1682300,128x,300ms,25,64,0,0,16,5,6,7,2,0,0,0,26
2026-09-21T20:54:44.927600+00:00,2363,1683012,128x,300ms,25,64,0,0,16,5,6,7,2,0,0,0,26
2026-09-21T20:54:45.647942+00:00,2364,1683723,128x,300ms,25,64,0,0,16,5,6,7,2,0,0,0,27
2026-09-21T20:54:46.361130+00:00,2365,1684433,128x,300ms,25,64,0,0,16,5,6,7,2,0,0,0,26
2026-09-21T20:54:47.079967+00:00,2366,1685144,128x,300ms,25,64,1,0,17,5,6,7,2,0,0,0,27
2026-09-21T20:54:47.793649+00:00,2367,1685856,128x,300ms,25,64,1,0,16,5,6,7,2,0,0,0,26
2026-09-21T20:54:48.513082+00:00,2368,1686567,128x,300ms,25,64,1,0,16,5,6,7,2,0,0,0,27
2026-09-21T20:54:49.223518+00:00,2369,1687279,128x,300ms,25,64,1,0,16,6,6,7,2,0,0,0,27
2026-09-21T20:54:49.936326+00:00,2370,1687991,128x,300ms,25,64,1,0,16,5,6,7,2,0,0,0,26
2026-09-21T20:54:50.656555+00:00,2371,1688702,128x,300ms,25,64,0,0,16,6,6,7,2,0,0,0,27
2026-09-21T20:54:51.367543+00:00,2372,1689413,128x,300ms,25,64,0,0,16,5,6,7,2,0,0,0,27
2026-09-21T20:54:52.089423+00:00,2373,1690124,128x,300ms,25,64,0,0,16,5,6,7,2,0,0,0,26
2026-09-21T20:54:52.800355+00:00,2374,1690834,128x,300ms,25,64,0,0,16,5,6,7,2,0,0,0,26
2026-09-21T20:54:53.519660+00:00,2375,1691546,128x,300ms,25,64,0,0,16,6,6,7,2,0,0,0,27
2026-09-21T20:54:54.232384+00:00,2376,1692257,128x,300ms,25,64,1,0,16,5,6,7,2,0,0,0,27
2026-09-21T20:54:54.952478+00:00,2377,1692968,128x,300ms,25,64,1,0,16,5,6,7,2,0,0,0,26
2026-09-21T20:54:55.663462+00:00,2378,1693680,128x,300ms,25,64,1,0,16,5,6,7,2,0,0,0,27
2026-09-21T20:54:56.375539+00:00,2379,1694392,128x,300ms,25,64,1,0,16,5,6,7,2,0,0,0,26
2026-09-21T20:54:57.095648+00:00,2380,1695104,128x,300ms,25,64,1,0,16,5,6,7,2,0,0,0,26
2026-09-21T20:54:57.807778+00:00,2381,1695815,128x,300ms,25,64,0,0,16,5,6,7,2,0,0,0,26
2026-09-21T20:54:58.527631+00:00,2382,1696526,128x,300ms,25,64,0,0,16,5,6,7,2,0,0,0,27
2026-09-21T20:54:59.239821+00:00,2383,1697236,128x,300ms,25,64,0,0,16,5,6,7,2,0,0,0,26
2026-09-21T20:54:59.959526+00:00,2384,1697947,128x,300ms,25,64,0,0,17,5,6,7,2,0,0,0,26
2026-09-21T20:55:00.672221+00:00,2385,1698658,128x,300ms,25,64,0,0,16,5,6,7,2,0,0,0,26
2026-09-21T20:55:01.391551+00:00,2386,1699369,128x,300ms,25,64,1,0,16,5,6,7,2,0,0,0,26
2026-09-21T20:55:02.105289+00:00,2387,1700081,128x,300ms,25,64,1,0,17,6,6,7,2,0,0,0,27
2026-09-21T20:55:02.823659+00:00,2388,1700792,128x,300ms,25,64,1,0,16,6,6,7,2,0,0,0,26
2026-09-21T20:55:03.536164+00:00,2389,1701505,128x,300ms,25,64,1,0,16,5,6,7,2,0,0,0,27
2026-09-21T20:55:04.248279+00:00,2390,1702215,128x,300ms,25,64,1,0,16,5,6,7,2,0,0,0,27
2026-09-21T20:55:04.968761+00:00,2391,1702927,128x,300ms,25,64,0,0,16,5,6,7,2,0,0,0,27
2026-09-21T20:55:05.680564+00:00,2392,1703639,128x,300ms,25,64,0,0,16,5,6,7,2,0,0,0,27
2026-09-21T20:55:06.399719+00:00,2393,1704349,128x,300ms,25,64,0,0,16,6,6,7,2,0,0,0,27
2026-09-21T20:55:07.111984+00:00,2394,1705060,128x,300ms,25,64,0,0,16,5,6,7,2,0,0,0,26
2026-09-21T20:55:07.824064+00:00,2395,1705771,128x,300ms,25,64,0,0,16,5,6,7,2,0,0,0,26
2026-09-21T20:55:08.544469+00:00,2396,1706481,128x,300ms,25,64,1,0,17,6,6,7,2,0,0,0,27
2026-09-21T20:55:09.263505+00:00,2397,1707193,128x,300ms,25,64,1,0,16,5,6,7,2,0,0,0,27
2026-09-21T20:55:09.976361+00:00,2398,1707905,128x,300ms,25,64,1,0,16,5,6,7,2,0,0,0,26
2026-09-21T20:55:10.688430+00:00,2399,1708616,128x,300ms,25,64,1,0,16,5,6,7,2,0,0,0,27
2026-09-21T20:55:11.407541+00:00,2400,1709328,128x,300ms,25,64,1,0,16,5,6,7,2,0,0,0,27
2026-09-21T20:55:12.119527+00:00,2401,1710040,128x,300ms,25,64,0,0,16,5,6,7,2,0,0,0,27
2026-09-21T20:55:12.840484+00:00,2402,1710750,128x,300ms,25,64,0,0,16,5,6,7,2,0,0,0,26
2026-09-21T20:55:13.552296+00:00,2403,1711461,128x,300ms,25,64,0,0,16,5,6,7,2,0,0,0,27
2026-09-21T20:55:14.271620+00:00,2404,1712172,128x,300ms,25,64,0,0,16,5,6,7,2,0,0,0,26
2026-09-21T20:55:14.983700+00:00,2405,1712883,128x,300ms,25,64,0,0,16,5,6,7,2,0,0,0,27
2026-09-21T20:55:15.704012+00:00,2406,1713594,128x,300ms,25,64,1,0,16,5,6,7,2,0,0,0,26
2026-09-21T20:55:16.416456+00:00,2407,1714306,128x,300ms,25,64,1,0,16,5,6,7,2,0,0,0,26
2026-09-21T20:55:17.128345+00:00,2408,1715017,128x,300ms,25,64,1,0,16,5,6,7,2,0,0,0,27
2026-09-21T20:55:17.847629+00:00,2409,1715729,128x,300ms,25,64,1,0,16,5,6,7,2,0,0,0,27
2026-09-21T20:55:18.559621+00:00,2410,1716441,128x,300ms,25,64,1,0,16,5,6,7,2,0,0,0,27
2026-09-21T20:55:19.279566+00:00,2411,1717152,128x,300ms,25,64,0,0,16,6,6,7,2,0,0,0,26
2026-09-21T20:55:19.992321+00:00,2412,1717863,128x,300ms,25,64,0,0,16,5,6,7,2,0,0,0,27
2026-09-21T20:55:20.711535+00:00,2413,1718574,128x,300ms,25,64,0,0,16,5,6,7,2,0,0,0,26
2026-09-21T20:55:21.424926+00:00,2414,1719284,128x,300ms,25,64,0,0,16,6,6,7,2,0,0,0,27
2026-09-21T20:55:22.135630+00:00,2415,1719995,128x,300ms,25,64,0,0,16,5,6,7,2,0,0,0,26
2026-09-21T20:55:22.856022+00:00,2416,1720706,128x,300ms,25,64,1,0,16,5,6,7,2,0,0,0,26
2026-09-21T20:55:23.567600+00:00,2417,1721417,128x,300ms,25,64,1,0,16,5,6,7,2,1,0,0,27
2026-09-21T20:55:24.287977+00:00,2418,1722129,128x,300ms,25,64,1,0,16,6,6,7,2,0,0,0,27
2026-09-21T20:55:25.001287+00:00,2419,1722841,128x,300ms,25,64,1,0,16,6,6,7,2,0,0,0,26
2026-09-21T20:55:25.720713+00:00,2420,1723552,128x,300ms,25,64,1,0,16,5,6,7,2,0,0,0,27
2026-09-21T20:55:26.432908+00:00,2421,1724264,128x,300ms,25,64,0,0,16,5,6,7,2,0,0,0,27
2026-09-21T20:55:27.151504+00:00,2422,1724975,128x,300ms,25,64,0,0,16,5,6,7,2,0,0,0,27
2026-09-21T20:55:27.863804+00:00,2423,1725685,128x,300ms,25,64,0,0,16,5,6,7,2,0,0,0,27
2026-09-21T20:55:28.576381+00:00,2424,1726396,128x,300ms,25,64,0,0,16,5,6,7,2,0,0,0,27
2026-09-21T20:55:29.297106+00:00,2425,1727108,128x,300ms,25,64,0,0,16,5,6,7,2,0,0,0,27
2026-09-21T20:55:30.008595+00:00,2426,1727818,128x,300ms,25,64,1,0,16,5,6,7,2,0,0,0,26
2026-09-21T20:55:30.727538+00:00,2427,1728530,128x,300ms,25,64,1,0,16,5,6,7,2,0,0,0,27
2026-09-21T20:55:31.440547+00:00,2428,1729242,128x,300ms,25,64,1,0,16,5,6,7,2,0,0,0,27
2026-09-21T20:55:32.161242+00:00,2429,1729953,128x,300ms,25,64,1,0,16,5,6,7,2,0,0,0,27
2026-09-21T20:55:32.873332+00:00,2430,1730666,128x,300ms,25,64,1,0,16,5,6,7,2,0,0,0,26
2026-09-21T20:55:33.591540+00:00,2431,1731378,128x,300ms,25,64,0,0,16,6,6,7,2,0,0,0,26
2026-09-21T20:55:34.303587+00:00,2432,1732088,128x,300ms,25,64,0,0,16,5,6,7,2,0,0,0,27
2026-09-21T20:55:35.024129+00:00,2433,1732799,128x,300ms,25,64,0,0,16,5,6,7,2,1,0,0,27
2026-09-21T20:55:35.736030+00:00,2434,1733511,128x,300ms,25,64,0,0,16,5,6,7,2,0,0,0,27
2026-09-21T20:55:36.456953+00:00,2435,1734221,128x,300ms,25,64,0,0,16,5,6,7,2,0,0,0,27
2026-09-21T20:55:37.168018+00:00,2436,1734932,128x,300ms,25,64,1,0,16,6,6,7,2,0,0,0,27
2026-09-21T20:55:37.888153+00:00,2437,1735644,128x,300ms,25,64,1,0,16,5,6,7,2,0,0,0,27
2026-09-21T20:55:38.600557+00:00,2438,1736355,128x,300ms,25,64,1,0,16,5,6,7,2,0,0,0,27
2026-09-21T20:55:39.319540+00:00,2439,1737067,128x,300ms,25,64,1,0,16,5,6,7,2,0,0,0,26
2026-09-21T20:55:40.032576+00:00,2440,1737779,128x,300ms,25,64,1,0,16,6,6,7,2,0,0,0,27
2026-09-21T20:55:40.743763+00:00,2441,1738490,128x,300ms,25,64,0,0,16,5,6,7,2,0,0,0,27
2026-09-21T20:55:41.465372+00:00,2442,1739201,128x,300ms,25,64,0,0,16,5,6,7,2,0,0,0,27
2026-09-21T20:55:42.175447+00:00,2443,1739912,128x,300ms,25,64,0,0,16,5,6,7,2,1,0,0,27
2026-09-21T20:55:42.896398+00:00,2444,1740622,128x,300ms,25,64,0,0,16,5,6,7,2,0,0,0,26
2026-09-21T20:55:43.607900+00:00,2445,1741334,128x,300ms,25,64,0,0,16,5,6,7,2,0,0,0,26
2026-09-21T20:55:44.328013+00:00,2446,1742045,128x,300ms,25,64,1,0,16,5,6,7,2,0,0,0,27
2026-09-21T20:55:45.039582+00:00,2447,1742756,128x,300ms,25,64,1,0,16,5,6,7,2,0,0,0,27
2026-09-21T20:55:45.760332+00:00,2448,1743468,128x,300ms,25,64,1,0,16,5,6,7,2,0,0,0,27
2026-09-21T20:55:46.471619+00:00,2449,1744180,128x,300ms,25,64,1,0,16,5,6,7,2,0,0,0,27
2026-09-21T20:55:47.183896+00:00,2450,1744891,128x,300ms,25,64,1,0,16,5,6,7,2,0,0,0,27
2026-09-21T20:55:47.904094+00:00,2451,1745602,128x,300ms,25,64,0,0,16,5,6,7,2,0,0,0,27
2026-09-21T20:55:48.616335+00:00,2452,1746314,128x,300ms,25,64,0,0,16,6,6,7,2,0,0,0,26
2026-09-21T20:55:49.336252+00:00,2453,1747024,128x,300ms,25,64,0,0,16,6,6,7,2,0,0,0,27
2026-09-21T20:55:50.048621+00:00,2454,1747735,128x,300ms,25,64,0,0,16,5,6,7,2,0,0,0,27
2026-09-21T20:55:50.768293+00:00,2455,1748446,128x,300ms,25,64,0,0,16,5,6,7,2,0,0,0,27
2026-09-21T20:55:51.479808+00:00,2456,1749156,128x,300ms,25,64,1,0,16,5,6,7,2,0,0,0,27
2026-09-21T20:55:52.199498+00:00,2457,1749868,128x,300ms,25,64,1,0,16,5,6,7,2,0,0,0,27
2026-09-21T20:55:52.912257+00:00,2458,1750580,128x,300ms,25,64,1,0,16,5,6,7,2,0,0,0,26
2026-09-21T20:55:53.624177+00:00,2459,1751291,128x,300ms,25,64,1,0,16,5,6,7,2,0,0,0,26
2026-09-21T20:55:54.343928+00:00,2460,1752003,128x,300ms,25,64,1,0,16,5,6,7,2,0,0,0,26
2026-09-21T20:55:55.056175+00:00,2461,1752715,128x,300ms,25,64,0,0,16,5,6,7,2,0,0,0,27
2026-09-21T20:55:55.776490+00:00,2462,1753425,128x,300ms,25,64,0,0,17,5,6,7,2,0,0,0,27
2026-09-21T20:55:56.487791+00:00,2463,1754137,128x,300ms,25,64,0,0,16,5,6,7,2,0,0,0,26
2026-09-21T20:55:57.208023+00:00,2464,1754848,128x,300ms,25,64,0,0,16,5,6,7,1,0,0,0,26
2026-09-21T20:55:57.920105+00:00,2465,1755558,128x,300ms,25,64,0,0,16,5,6,7,1,0,0,0,25
2026-09-21T20:55:58.639706+00:00,2466,1756269,128x,300ms,25,64,1,0,16,5,6,7,1,0,0,0,25
2026-09-21T20:55:59.351895+00:00,2467,1756981,128x,300ms,25,64,1,0,16,5,6,6,1,0,0,0,25
2026-09-21T20:56:00.072053+00:00,2468,1757692,128x,300ms,25,64,1,0,16,5,6,6,1,0,0,0,25
2026-09-21T20:56:00.783725+00:00,2469,1758404,128x,300ms,25,64,1,0,16,5,6,7,1,0,0,0,25
2026-09-21T20:56:01.495976+00:00,2470,1759116,128x,300ms,25,64,1,0,16,5,6,6,1,0,0,0,25
2026-09-21T20:56:02.216514+00:00,2471,1759827,128x,300ms,25,64,0,0,16,5,6,6,1,0,0,0,25
2026-09-21T20:56:02.927564+00:00,2472,1760538,128x,300ms,25,64,0,0,16,5,6,7,1,0,0,0,24
2026-09-21T20:56:03.648574+00:00,2473,1761249,128x,300ms,25,64,0,0,16,5,6,6,1,0,0,0,25
2026-09-21T20:56:04.360601+00:00,2474,1761960,128x,300ms,25,64,0,0,16,5,6,6,1,0,0,0,24
2026-09-21T20:56:05.079992+00:00,2475,1762671,128x,300ms,25,64,0,0,16,5,6,6,1,0,0,0,24
2026-09-21T20:56:05.792171+00:00,2476,1763382,128x,300ms,25,64,1,0,16,5,6,6,1,0,0,0,24
2026-09-21T20:56:06.512779+00:00,2477,1764093,128x,300ms,25,64,1,0,16,5,6,6,1,0,0,0,24
2026-09-21T20:56:07.224750+00:00,2478,1764805,128x,300ms,25,64,1,0,16,5,6,6,1,0,0,0,25
2026-09-21T20:56:07.935536+00:00,2479,1765517,128x,300ms,25,64,1,0,16,5,5,7,2,0,0,0,26
2026-09-21T20:56:08.655828+00:00,2480,1766228,128x,300ms,25,64,1,0,16,5,6,7,2,0,0,0,27
2026-09-21T20:56:09.368577+00:00,2481,1766940,128x,300ms,25,64,0,0,17,5,6,7,2,0,0,0,26
2026-09-21T20:56:10.087477+00:00,2482,1767651,128x,300ms,25,64,0,0,16,5,6,7,2,0,0,0,26
2026-09-21T20:56:10.799588+00:00,2483,1768361,128x,300ms,25,64,0,0,16,5,6,7,2,0,0,0,26
2026-09-21T20:56:11.519941+00:00,2484,1769072,128x,300ms,25,64,0,0,16,5,6,7,2,0,0,0,26
2026-09-21T20:56:12.235671+00:00,2485,1769784,128x,300ms,25,64,0,0,16,5,6,7,2,0,0,0,26
2026-09-21T20:56:12.950391+00:00,2486,1770494,128x,300ms,25,64,1,0,16,5,6,7,2,0,0,0,26
2026-09-21T20:56:13.666896+00:00,2487,1771206,128x,300ms,25,64,1,0,16,5,6,7,2,0,0,0,26
2026-09-21T20:56:14.383663+00:00,2488,1771918,128x,300ms,25,64,1,0,16,5,6,7,2,0,0,0,26
2026-09-21T20:56:15.092879+00:00,2489,1772630,128x,300ms,25,64,1,0,16,5,6,7,2,0,0,0,27
2026-09-21T20:56:15.813803+00:00,2490,1773341,128x,300ms,25,64,1,0,16,5,6,7,2,0,0,0,26
2026-09-21T20:56:16.527514+00:00,2491,1774053,128x,300ms,25,64,0,0,16,6,6,6,2,0,0,0,27
2026-09-21T20:56:17.244815+00:00,2492,1774764,128x,300ms,25,64,0,0,16,5,6,7,2,0,0,0,27
2026-09-21T20:56:17.957943+00:00,2493,1775474,128x,300ms,25,64,0,0,16,5,6,7,2,0,0,0,27
2026-09-21T20:56:18.674840+00:00,2494,1776185,128x,300ms,25,64,0,0,16,5,6,7,2,0,0,0,26
2026-09-21T20:56:19.386951+00:00,2495,1776897,128x,300ms,25,64,0,0,17,5,6,7,2,0,0,0,26
2026-09-21T20:56:20.101288+00:00,2496,1777607,128x,300ms,25,64,1,0,16,5,6,7,2,0,0,0,26
2026-09-21T20:56:20.818874+00:00,2497,1778319,128x,300ms,25,64,1,0,16,5,6,7,2,0,0,0,26
2026-09-21T20:56:21.534430+00:00,2498,1779031,128x,300ms,25,64,1,0,16,5,6,7,2,0,0,0,27
2026-09-21T20:56:22.254424+00:00,2499,1779741,128x,300ms,25,64,1,0,16,5,6,7,2,0,0,0,26
2026-09-21T20:56:22.969765+00:00,2500,1780453,128x,300ms,25,64,1,0,16,5,6,7,2,0,0,0,26
2026-09-21T20:56:23.686841+00:00,2501,1781166,128x,300ms,25,64,0,0,16,5,6,7,2,0,0,0,26
2026-09-21T20:56:24.394022+00:00,2502,1781876,128x,300ms,25,64,0,0,16,5,6,7,2,0,0,0,26
2026-09-21T20:56:25.115535+00:00,2503,1782587,128x,300ms,25,64,0,0,16,5,6,7,2,0,0,0,27
2026-09-21T20:56:25.836240+00:00,2504,1783298,128x,300ms,25,64,0,0,16,5,6,7,2,0,0,0,27
2026-09-21T20:56:26.552192+00:00,2505,1784008,128x,300ms,25,64,0,0,16,5,6,7,2,0,0,0,26
2026-09-21T20:56:27.265674+00:00,2506,1784720,128x,300ms,25,64,1,0,16,5,6,7,2,0,0,0,27
2026-09-21T20:56:27.983523+00:00,2507,1785432,128x,300ms,25,64,1,0,16,5,6,7,2,0,0,0,27
2026-09-21T20:56:28.691264+00:00,2508,1786143,128x,300ms,25,64,1,0,16,5,6,7,2,0,0,0,27
2026-09-21T20:56:29.407797+00:00,2509,1786854,128x,300ms,25,64,1,0,16,5,6,7,2,0,0,0,26
2026-09-21T20:56:30.124456+00:00,2510,1787567,128x,300ms,25,64,1,0,16,5,6,7,1,0,0,0,26
2026-09-21T20:56:30.848853+00:00,2511,1788277,128x,300ms,25,64,0,0,16,5,6,7,2,0,0,0,27
2026-09-21T20:56:31.557673+00:00,2512,1788989,128x,300ms,25,64,0,0,16,5,6,7,2,0,0,0,26
2026-09-21T20:56:32.278782+00:00,2513,1789700,128x,300ms,25,64,0,0,16,5,6,7,2,0,0,0,26
2026-09-21T20:56:32.993275+00:00,2514,1790410,128x,300ms,25,64,0,0,16,5,6,7,2,0,0,0,26
2026-09-21T20:56:33.702913+00:00,2515,1791121,128x,300ms,25,64,0,0,16,5,6,7,2,0,0,0,26
2026-09-21T20:56:34.419784+00:00,2516,1791833,128x,300ms,25,64,1,0,16,5,6,7,2,0,0,0,26
2026-09-21T20:56:35.136712+00:00,2517,1792544,128x,300ms,25,64,1,0,17,5,6,7,2,0,0,0,26
2026-09-21T20:56:35.856126+00:00,2518,1793256,128x,300ms,25,64,1,0,16,5,6,7,2,0,0,0,26
2026-09-21T20:56:36.568341+00:00,2519,1793968,128x,300ms,25,64,1,0,16,5,6,7,2,0,0,0,26
2026-09-21T20:56:37.286082+00:00,2520,1794679,128x,300ms,25,64,1,0,16,5,6,6,1,0,0,0,26
2026-09-21T20:56:38.005914+00:00,2521,1795391,128x,300ms,25,64,0,0,16,5,6,7,2,0,0,0,27
2026-09-21T20:56:38.711473+00:00,2522,1796102,128x,300ms,25,64,0,0,16,5,6,7,2,0,0,0,26
2026-09-21T20:56:39.424623+00:00,2523,1796812,128x,300ms,25,64,0,0,16,5,6,6,1,0,0,0,25
2026-09-21T20:56:40.143704+00:00,2524,1797523,128x,300ms,25,64,0,0,16,5,6,6,1,0,0,0,25
2026-09-21T20:56:40.856837+00:00,2525,1798235,128x,300ms,25,64,0,0,16,5,5,6,1,0,0,0,24
2026-09-21T20:56:41.576684+00:00,2526,1798945,128x,300ms,25,64,1,0,16,5,6,7,2,0,0,0,26
2026-09-21T20:56:42.287509+00:00,2527,1799657,128x,300ms,25,64,1,0,16,5,6,7,2,0,0,0,27
2026-09-21T20:56:43.010087+00:00,2528,1800369,128x,300ms,25,64,1,0,16,5,6,6,1,0,0,0,25
2026-09-21T20:56:43.720013+00:00,2529,1801080,128x,300ms,25,64,1,0,16,5,6,6,1,0,0,0,25
2026-09-21T20:56:44.432100+00:00,2530,1801792,128x,300ms,25,64,1,0,16,5,6,6,1,0,0,0,24
2026-09-21T20:56:45.152373+00:00,2531,1802504,128x,300ms,25,64,0,0,16,5,6,6,1,0,0,0,25
2026-09-21T20:56:45.864119+00:00,2532,1803214,128x,300ms,25,64,0,0,16,5,6,6,1,0,0,0,25
2026-09-21T20:56:46.584656+00:00,2533,1803925,128x,300ms,25,64,0,0,16,5,6,7,2,0,0,0,26
2026-09-21T20:56:47.296047+00:00,2534,1804637,128x,300ms,25,64,0,0,16,5,6,7,2,0,0,0,26
2026-09-21T20:56:48.015712+00:00,2535,1805347,128x,300ms,25,64,0,0,16,5,6,7,2,0,0,0,26
2026-09-21T20:56:48.727825+00:00,2536,1806058,128x,300ms,25,64,1,0,16,5,6,7,2,0,0,0,26
2026-09-21T20:56:49.447567+00:00,2537,1806770,128x,300ms,25,64,1,0,16,5,6,7,2,0,0,0,26
2026-09-21T20:56:50.160141+00:00,2538,1807481,128x,300ms,25,64,1,0,16,5,6,7,2,0,0,0,26
2026-09-21T20:56:50.880444+00:00,2539,1808193,128x,300ms,25,64,1,0,16,6,6,7,2,0,0,0,27
2026-09-21T20:56:51.592509+00:00,2540,1808905,128x,300ms,25,64,1,0,16,5,6,7,2,0,0,0,26
2026-09-21T20:56:52.304212+00:00,2541,1809616,128x,300ms,25,64,0,0,16,5,6,7,1,0,0,0,27
2026-09-21T20:56:53.023663+00:00,2542,1810327,128x,300ms,25,64,0,0,16,5,6,7,2,0,0,0,27
2026-09-21T20:56:53.735919+00:00,2543,1811038,128x,300ms,25,64,0,0,16,5,6,7,2,0,0,0,26
2026-09-21T20:56:54.455542+00:00,2544,1811749,128x,300ms,25,64,0,0,16,5,6,7,2,0,0,0,26
2026-09-21T20:56:55.167948+00:00,2545,1812460,128x,300ms,25,64,0,0,16,5,6,7,2,0,0,0,26
2026-09-21T20:56:55.888700+00:00,2546,1813171,128x,300ms,25,64,1,0,16,5,6,6,1,0,0,0,26
2026-09-21T20:56:56.600220+00:00,2547,1813882,128x,300ms,25,64,1,0,16,5,6,6,1,0,0,0,25
2026-09-21T20:56:57.320099+00:00,2548,1814594,128x,300ms,25,64,1,0,16,5,6,6,1,0,0,0,25
2026-09-21T20:56:58.031910+00:00,2549,1815306,128x,300ms,25,64,1,0,16,5,6,7,2,0,0,0,26
2026-09-21T20:56:58.751539+00:00,2550,1816017,128x,300ms,25,64,1,0,16,5,6,7,2,0,0,0,26
2026-09-21T20:56:59.465223+00:00,2551,1816729,128x,300ms,25,64,0,0,16,5,6,7,2,0,0,0,27
2026-09-21T20:57:00.175510+00:00,2552,1817440,128x,300ms,25,64,0,0,16,5,6,7,2,0,0,0,26
2026-09-21T20:57:00.895733+00:00,2553,1818150,128x,300ms,25,64,0,0,16,5,6,7,2,0,0,0,26
2026-09-21T20:57:01.608257+00:00,2554,1818861,128x,300ms,25,64,0,0,16,5,6,7,2,0,0,0,27
2026-09-21T20:57:02.327539+00:00,2555,1819573,128x,300ms,25,64,0,0,16,5,6,7,2,0,0,0,26
2026-09-21T20:57:03.039796+00:00,2556,1820283,128x,300ms,25,64,1,0,16,5,6,6,0,0,0,0,24
2026-09-21T20:57:03.759796+00:00,2557,1820995,128x,300ms,25,64,1,0,16,5,5,6,1,0,0,0,24
2026-09-21T20:57:04.471954+00:00,2558,1821707,128x,300ms,25,64,1,0,16,5,5,6,1,0,0,0,24
2026-09-21T20:57:05.191637+00:00,2559,1822417,128x,300ms,25,64,1,0,16,5,5,6,1,0,0,0,24
2026-09-21T20:57:05.911536+00:00,2560,1823129,128x,300ms,25,64,1,0,16,5,6,6,1,0,0,0,24
2026-09-21T20:57:06.631672+00:00,2561,1823841,128x,300ms,25,64,0,13,150,90,186,161,53,29,22,11,723
2026-09-21T20:57:07.352191+00:00,2562,1824556,128x,300ms,25,64,0,29,319,201,419,157,51,26,19,11,624
2026-09-21T20:57:08.071989+00:00,2563,1825270,128x,300ms,25,64,0,25,251,179,410,159,51,27,20,11,647
2026-09-21T20:57:08.791461+00:00,2564,1825986,128x,300ms,25,64,0,21,196,160,398,160,53,28,22,11,722
2026-09-21T20:57:09.504189+00:00,2565,1826702,128x,300ms,25,64,0,29,321,193,393,155,51,26,20,10,657
2026-09-21T20:57:10.224567+00:00,2566,1827417,128x,300ms,25,64,1,30,332,203,411,140,47,26,21,9,686
2026-09-21T20:57:10.936144+00:00,2567,1828131,128x,300ms,25,64,1,1,38,13,14,6,1,0,0,0,24
2026-09-21T20:57:11.656560+00:00,2568,1828843,128x,300ms,25,64,1,0,16,5,5,6,1,0,0,0,24
2026-09-21T20:57:12.375563+00:00,2569,1829555,128x,300ms,25,64,1,0,16,5,5,6,1,0,0,0,24
2026-09-21T20:57:13.097299+00:00,2570,1830266,128x,300ms,25,64,1,0,16,5,5,6,1,0,0,0,24
2026-09-21T20:57:13.816012+00:00,2571,1830978,128x,300ms,25,64,0,29,320,202,420,162,53,29,22,12,725
2026-09-21T20:57:14.536239+00:00,2572,1831694,128x,300ms,25,64,0,29,320,202,419,162,53,29,22,11,725
2026-09-21T20:57:15.255674+00:00,2573,1832410,128x,300ms,25,64,0,29,321,202,419,161,53,28,21,11,723
2026-09-21T20:57:15.967601+00:00,2574,1833124,128x,300ms,25,64,0,29,320,202,418,160,51,27,21,11,720
2026-09-21T20:57:16.688886+00:00,2575,1833840,128x,300ms,25,64,0,29,320,201,417,160,51,28,21,11,719
2026-09-21T20:57:17.407553+00:00,2576,1834556,128x,300ms,25,64,1,29,320,201,417,160,51,27,21,11,719
2026-09-21T20:57:18.128136+00:00,2577,1835270,128x,300ms,25,64,1,29,320,202,417,160,51,27,21,11,719
2026-09-21T20:57:18.847772+00:00,2578,1835984,128x,300ms,25,64,1,29,320,201,418,160,51,27,22,11,720
2026-09-21T20:57:19.568108+00:00,2579,1836699,128x,300ms,25,64,1,29,320,202,418,162,54,29,22,11,725
2026-09-21T20:57:20.287578+00:00,2580,1837414,128x,300ms,25,64,1,29,321,202,419,162,54,29,22,11,726
2026-09-21T20:57:21.008328+00:00,2581,1838129,128x,300ms,25,64,0,29,321,202,420,162,54,29,22,12,726
2026-09-21T20:57:21.727730+00:00,2582,1838844,128x,300ms,25,64,0,29,321,202,420,162,54,29,22,11,725
2026-09-21T20:57:22.447535+00:00,2583,1839559,128x,300ms,25,64,0,29,321,203,420,163,54,29,22,12,726
2026-09-21T20:57:23.167538+00:00,2584,1840275,128x,300ms,25,64,0,29,321,202,419,162,54,29,22,11,726
2026-09-21T20:57:23.888392+00:00,2585,1840991,128x,300ms,25,64,0,29,321,202,419,162,54,29,22,11,725
2026-09-21T20:57:24.607599+00:00,2586,1841707,128x,300ms,25,64,1,29,321,202,419,162,54,28,22,11,725
2026-09-21T20:57:25.320479+00:00,2587,1842421,128x,300ms,25,64,1,29,321,202,419,162,54,29,22,11,725
2026-09-21T20:57:26.039411+00:00,2588,1843136,128x,300ms,25,64,1,29,321,202,419,162,54,29,22,11,725
2026-09-21T20:57:26.759770+00:00,2589,1843851,128x,300ms,25,64,1,29,321,202,419,162,54,28,22,11,725
2026-09-21T20:57:27.480170+00:00,2590,1844566,128x,300ms,25,64,1,29,321,202,419,162,54,28,22,11,725
2026-09-21T20:57:27.519669+00:00,2591,1845280,128x,300ms,25,64,0,29,321,202,419,161,53,28,22,11,723
2026-09-21T20:57:28.231758+00:00,2592,1845995,128x,300ms,25,64,0,29,321,202,417,160,51,27,21,11,719
2026-09-21T20:57:29.672386+00:00,2593,1846746,32x,300ms,25,64,0,7,85,52,104,40,12,7,5,3,180
2026-09-21T20:57:30.385094+00:00,2594,1847458,32x,300ms,25,64,0,7,84,51,104,40,12,7,5,3,180
2026-09-21T20:57:31.104379+00:00,2595,1848171,32x,300ms,25,64,0,7,84,51,104,39,12,7,5,3,179
2026-09-21T20:57:31.816127+00:00,2596,1848884,32x,300ms,25,64,1,7,83,51,104,39,12,7,5,3,179
2026-09-21T20:57:32.536543+00:00,2597,1849595,32x,300ms,25,64,1,7,83,51,104,39,12,7,5,3,179
2026-09-21T20:57:33.247905+00:00,2598,1850307,32x,300ms,25,64,1,7,83,51,104,39,12,7,6,3,179
2026-09-21T20:57:33.968028+00:00,2599,1851019,32x,300ms,25,64,1,7,84,51,104,40,13,7,6,3,180
2026-09-21T20:57:34.679955+00:00,2600,1851730,32x,300ms,25,64,1,7,84,51,104,40,13,7,6,3,180
2026-09-21T20:57:35.401044+00:00,2601,1852443,32x,300ms,25,64,0,7,84,51,104,40,13,7,6,3,181
2026-09-21T20:57:36.119415+00:00,2602,1853155,32x,300ms,25,64,0,7,84,51,104,40,13,7,6,3,181
2026-09-21T20:57:36.838177+00:00,2603,1853868,32x,300ms,25,64,0,7,84,51,104,40,13,7,6,3,181
2026-09-21T20:57:37.551423+00:00,2604,1854580,32x,300ms,25,64,0,7,84,51,104,40,13,7,6,3,180
2026-09-21T20:57:38.263905+00:00,2605,1855292,32x,300ms,25,64,0,7,84,51,104,40,12,7,5,3,179
2026-09-21T20:57:38.983913+00:00,2606,1856005,32x,300ms,25,64,1,7,83,51,104,40,12,7,5,3,178
2026-09-21T20:57:39.697088+00:00,2607,1856716,32x,300ms,25,64,1,7,83,51,104,40,12,7,5,3,178
2026-09-21T20:57:40.415584+00:00,2608,1857428,32x,300ms,25,64,1,7,83,51,104,39,12,7,5,3,178
2026-09-21T20:57:41.128485+00:00,2609,1858141,32x,300ms,25,64,1,7,83,51,104,40,12,7,5,3,178
2026-09-21T20:57:41.847483+00:00,2610,1858852,32x,300ms,25,64,1,7,83,51,104,40,12,7,5,3,178
2026-09-21T20:57:42.568469+00:00,2611,1859564,32x,300ms,25,64,0,7,83,51,104,40,12,7,5,3,178
2026-09-21T20:57:43.279649+00:00,2612,1860277,32x,300ms,25,64,0,7,83,51,104,40,12,7,5,3,178
2026-09-21T20:57:43.999729+00:00,2613,1860989,32x,300ms,25,64,0,7,83,51,104,39,12,7,5,3,178
2026-09-21T20:57:44.711788+00:00,2614,1861701,32x,300ms,25,64,0,7,83,51,104,39,12,7,5,3,178
2026-09-21T20:57:45.431771+00:00,2615,1862414,32x,300ms,25,64,0,7,83,51,104,39,12,7,5,3,178
2026-09-21T20:57:46.144254+00:00,2616,1863127,32x,300ms,25,64,1,7,83,51,104,39,12,7,5,3,178
2026-09-21T20:57:46.865090+00:00,2617,1863838,32x,300ms,25,64,1,7,83,51,104,40,12,7,5,3,178
2026-09-21T20:57:47.575667+00:00,2618,1864550,32x,300ms,25,64,1,7,83,51,104,40,12,7,5,3,178
2026-09-21T20:57:48.295957+00:00,2619,1865262,32x,300ms,25,64,1,7,83,51,104,39,12,7,5,3,178
2026-09-21T20:57:49.016438+00:00,2620,1865973,32x,300ms,25,64,1,7,83,51,104,39,12,7,5,3,178
2026-09-21T20:57:49.728780+00:00,2621,1866685,32x,300ms,25,64,0,7,83,51,104,40,12,7,6,3,178
2026-09-21T20:57:50.447594+00:00,2622,1867398,32x,300ms,25,64,0,7,83,51,104,40,12,7,5,3,178
2026-09-21T20:57:51.168046+00:00,2623,1868110,32x,300ms,25,64,0,7,83,51,104,40,12,7,5,3,178
2026-09-21T20:57:51.880444+00:00,2624,1868823,32x,300ms,25,64,0,7,83,51,104,39,12,7,5,3,178
2026-09-21T20:57:52.599687+00:00,2625,1869536,32x,300ms,25,64,0,7,83,51,104,39,12,7,5,3,178
2026-09-21T20:57:53.312520+00:00,2626,1870247,32x,300ms,25,64,1,7,83,51,104,39,12,7,5,3,178
2026-09-21T20:57:54.032165+00:00,2627,1870959,32x,300ms,25,64,1,7,83,51,104,40,12,7,5,3,178
2026-09-21T20:57:54.743526+00:00,2628,1871671,32x,300ms,25,64,1,7,83,51,104,39,12,7,5,3,178
2026-09-21T20:57:55.464606+00:00,2629,1872382,32x,300ms,25,64,1,7,83,51,104,40,12,7,5,3,178
2026-09-21T20:57:56.175793+00:00,2630,1873095,32x,300ms,25,64,1,7,83,51,104,40,12,7,5,3,178
2026-09-21T20:57:56.895519+00:00,2631,1873807,32x,300ms,25,64,0,7,83,51,104,39,12,7,5,3,178
2026-09-21T20:57:57.608015+00:00,2632,1874519,32x,300ms,25,64,0,7,83,51,104,39,12,7,5,3,178
2026-09-21T20:57:58.328443+00:00,2633,1875231,32x,300ms,25,64,0,7,83,51,104,39,12,7,5,3,178
2026-09-21T20:57:59.047541+00:00,2634,1875944,32x,300ms,25,64,0,7,83,51,104,39,12,7,5,3,178
2026-09-21T20:57:59.760367+00:00,2635,1876656,32x,300ms,25,64,0,7,83,51,104,39,12,7,5,3,178
2026-09-21T20:58:00.480990+00:00,2636,1877368,32x,300ms,25,64,1,7,83,51,104,39,12,7,5,3,178
2026-09-21T20:58:01.191537+00:00,2637,1878080,32x,300ms,25,64,1,7,83,51,104,39,12,7,5,3,178
2026-09-21T20:58:01.912459+00:00,2638,1878792,32x,300ms,25,64,1,7,83,51,104,40,12,7,5,3,178
2026-09-21T20:58:02.624715+00:00,2639,1879504,32x,300ms,25,64,1,7,83,51,104,39,12,7,5,3,178
2026-09-21T20:58:03.343730+00:00,2640,1880216,32x,300ms,25,64,1,7,83,51,104,39,12,7,5,3,178
2026-09-21T20:58:04.055680+00:00,2641,1880928,32x,300ms,25,64,0,7,83,51,104,39,12,7,5,3,178
2026-09-21T20:58:04.776460+00:00,2642,1881640,32x,300ms,25,64,0,7,83,51,104,40,12,7,5,3,178
2026-09-21T20:58:05.496431+00:00,2643,1882353,32x,300ms,25,64,0,7,83,51,103,39,12,7,5,3,178
2026-09-21T20:58:06.207791+00:00,2644,1883065,32x,300ms,25,64,0,7,83,51,104,40,12,7,5,3,178
2026-09-21T20:58:06.928703+00:00,2645,1883778,32x,300ms,25,64,0,7,83,51,104,40,12,7,5,3,178
2026-09-21T20:58:07.640824+00:00,2646,1884490,32x,300ms,25,64,1,7,83,51,104,39,12,7,5,3,178
2026-09-21T20:58:08.359928+00:00,2647,1885202,32x,300ms,25,64,1,7,83,51,104,40,12,7,5,3,178
2026-09-21T20:58:09.071808+00:00,2648,1885914,32x,300ms,25,64,1,7,83,51,104,39,12,7,5,3,178
2026-09-21T20:58:09.791614+00:00,2649,1886625,32x,300ms,25,64,1,7,83,51,104,39,12,7,6,3,178
2026-09-21T20:58:10.504465+00:00,2650,1887337,32x,300ms,25,64,1,7,83,51,104,40,12,7,5,3,178
2026-09-21T20:58:11.224342+00:00,2651,1888050,32x,300ms,25,64,0,7,83,51,104,39,12,7,5,3,178
2026-09-21T20:58:11.944440+00:00,2652,1888761,32x,300ms,25,64,0,7,83,51,103,39,12,7,5,3,177
2026-09-21T20:58:12.655554+00:00,2653,1889474,32x,300ms,25,64,0,7,83,51,104,39,12,7,5,3,177
2026-09-21T20:58:13.376211+00:00,2654,1890187,32x,300ms,25,64,0,7,83,51,104,39,12,7,5,3,178
2026-09-21T20:58:14.088300+00:00,2655,1890898,32x,300ms,25,64,0,7,83,51,104,40,12,7,5,3,178
2026-09-21T20:58:14.807680+00:00,2656,1891611,32x,300ms,25,64,1,7,83,51,104,39,12,7,5,3,178
2026-09-21T20:58:15.520208+00:00,2657,1892323,32x,300ms,25,64,1,7,83,51,103,39,12,7,5,3,178
2026-09-21T20:58:16.240008+00:00,2658,1893035,32x,300ms,25,64,1,7,83,51,104,39,12,7,5,3,178
2026-09-21T20:58:16.952560+00:00,2659,1893746,32x,300ms,25,64,1,7,83,51,103,39,12,7,5,3,178
2026-09-21T20:58:17.671995+00:00,2660,1894459,32x,300ms,25,64,1,7,83,51,103,39,12,7,6,3,178
2026-09-21T20:58:18.392295+00:00,2661,1895171,32x,300ms,25,64,0,7,83,51,104,39,12,7,5,3,178
2026-09-21T20:58:19.104121+00:00,2662,1895882,32x,300ms,25,64,0,7,83,51,104,40,12,7,5,3,178
2026-09-21T20:58:19.825081+00:00,2663,1896595,32x,300ms,25,64,0,7,83,51,103,39,12,7,5,3,178
2026-09-21T20:58:20.535990+00:00,2664,1897308,32x,300ms,25,64,0,7,83,51,103,40,12,7,5,3,178
2026-09-21T20:58:21.256056+00:00,2665,1898020,32x,300ms,25,64,0,7,83,51,103,39,12,7,5,3,178
2026-09-21T20:58:21.967549+00:00,2666,1898733,32x,300ms,25,64,1,7,83,51,103,39,12,7,6,3,178
2026-09-21T20:58:22.688371+00:00,2667,1899445,32x,300ms,25,64,1,7,83,51,103,39,12,7,5,3,178
2026-09-21T20:58:23.407901+00:00,2668,1900156,32x,300ms,25,64,1,7,83,51,104,39,12,7,5,3,178
2026-09-21T20:58:24.119846+00:00,2669,1900868,32x,300ms,25,64,1,7,83,51,103,39,12,7,5,3,178
2026-09-21T20:58:24.840476+00:00,2670,1901580,32x,300ms,25,64,1,7,83,51,103,39,12,7,5,3,178
2026-09-21T20:58:25.551844+00:00,2671,1902291,32x,300ms,25,64,0,7,83,51,103,40,12,7,5,3,178
2026-09-21T20:58:26.271479+00:00,2672,1903004,32x,300ms,25,64,0,7,83,51,104,40,12,7,5,3,178
2026-09-21T20:58:26.984180+00:00,2673,1903717,32x,300ms,25,64,0,7,83,51,103,39,12,7,5,3,178
2026-09-21T20:58:27.703478+00:00,2674,1904429,32x,300ms,25,64,0,7,83,51,104,39,12,7,5,3,177
2026-09-21T20:58:28.424282+00:00,2675,1905141,32x,300ms,25,64,0,7,83,51,103,40,12,7,5,3,178
2026-09-21T20:58:29.136395+00:00,2676,1905854,32x,300ms,25,64,1,7,83,51,104,39,12,7,5,3,178
2026-09-21T20:58:29.855988+00:00,2677,1906566,32x,300ms,25,64,1,7,83,51,104,40,12,7,5,3,178
2026-09-21T20:58:30.568221+00:00,2678,1907277,32x,300ms,25,64,1,7,83,51,103,39,12,7,5,3,177
2026-09-21T20:58:31.288357+00:00,2679,1907989,32x,300ms,25,64,1,7,83,51,103,39,12,7,5,3,178
2026-09-21T20:58:31.999819+00:00,2680,1908701,32x,300ms,25,64,1,7,83,51,104,39,12,7,5,3,178
2026-09-21T20:58:32.719477+00:00,2681,1909412,32x,300ms,25,64,0,7,83,51,103,39,12,7,5,3,178
2026-09-21T20:58:33.432998+00:00,2682,1910125,32x,300ms,25,64,0,7,83,51,103,39,12,7,5,3,178
2026-09-21T20:58:34.152179+00:00,2683,1910838,32x,300ms,25,64,0,7,83,51,103,40,12,7,5,3,178
2026-09-21T20:58:34.872846+00:00,2684,1911550,32x,300ms,25,64,0,7,83,51,103,39,12,7,5,3,178
2026-09-21T20:58:35.585276+00:00,2685,1912263,32x,300ms,25,64,0,7,83,51,103,39,12,7,5,3,178
2026-09-21T20:58:36.305003+00:00,2686,1912975,32x,300ms,25,64,1,7,83,51,103,39,12,7,5,3,178
2026-09-21T20:58:37.015539+00:00,2687,1913687,32x,300ms,25,64,1,7,83,51,104,39,12,7,5,3,178
2026-09-21T20:58:37.736593+00:00,2688,1914399,32x,300ms,25,64,1,7,83,51,104,39,12,7,5,3,178
2026-09-21T20:58:38.448228+00:00,2689,1915111,32x,300ms,25,64,1,7,83,51,103,39,12,7,5,3,178
2026-09-21T20:58:39.168302+00:00,2690,1915823,32x,300ms,25,64,1,7,83,51,104,39,12,7,5,3,178
2026-09-21T20:58:39.879736+00:00,2691,1916534,32x,300ms,25,64,0,7,83,51,103,39,12,7,5,3,177
2026-09-21T20:58:40.599510+00:00,2692,1917246,32x,300ms,25,64,0,7,83,51,103,39,12,7,5,3,178
2026-09-21T20:58:41.320573+00:00,2693,1917959,32x,300ms,25,64,0,7,83,51,104,39,12,7,5,3,178
2026-09-21T20:58:42.032312+00:00,2694,1918671,32x,300ms,25,64,0,7,83,51,103,39,12,7,5,3,178
2026-09-21T20:58:42.751738+00:00,2695,1919384,32x,300ms,25,64,0,7,83,51,104,39,12,7,5,3,178
2026-09-21T20:58:43.463516+00:00,2696,1920096,32x,300ms,25,64,1,7,83,51,103,39,12,7,5,3,178
2026-09-21T20:58:44.183912+00:00,2697,1920808,32x,300ms,25,64,1,7,83,51,104,39,12,7,5,3,178
2026-09-21T20:58:44.896168+00:00,2698,1921519,32x,300ms,25,64,1,7,83,51,103,39,12,7,5,3,178
2026-09-21T20:58:45.615528+00:00,2699,1922232,32x,300ms,25,64,1,7,83,51,103,40,12,7,5,3,177
2026-09-21T20:58:46.327618+00:00,2700,1922944,32x,300ms,25,64,1,7,83,51,103,39,12,7,5,3,177
2026-09-21T20:58:47.049635+00:00,2701,1923655,32x,300ms,25,64,0,7,83,51,103,39,12,7,5,3,178
2026-09-21T20:58:47.768140+00:00,2702,1924368,32x,300ms,25,64,0,7,83,51,103,39,12,7,5,3,178
2026-09-21T20:58:48.479899+00:00,2703,1925080,32x,300ms,25,64,0,7,83,51,103,39,12,7,6,3,178
2026-09-21T20:58:49.199483+00:00,2704,1925792,32x,300ms,25,64,0,7,83,51,103,39,12,7,5,3,177
2026-09-21T20:58:49.911622+00:00,2705,1926505,32x,300ms,25,64,0,7,83,51,103,39,12,7,5,3,178
2026-09-21T20:58:50.632088+00:00,2706,1927218,32x,300ms,25,64,1,7,83,51,103,39,12,7,5,3,178
2026-09-21T20:58:51.344434+00:00,2707,1927928,32x,300ms,25,64,1,7,83,51,103,39,12,7,5,3,178
2026-09-21T20:58:52.064558+00:00,2708,1928641,32x,300ms,25,64,1,7,83,51,103,39,12,7,5,3,178
2026-09-21T20:58:52.775522+00:00,2709,1929353,32x,300ms,25,64,1,7,83,51,103,39,12,7,5,3,178
2026-09-21T20:58:53.496204+00:00,2710,1930064,32x,300ms,25,64,1,7,83,51,103,39,12,7,6,3,178
2026-09-21T20:58:54.215420+00:00,2711,1930776,32x,300ms,25,64,0,7,83,51,103,39,12,7,5,3,178
2026-09-21T20:58:54.927527+00:00,2712,1931489,32x,300ms,25,64,0,7,83,51,103,39,12,7,5,3,178
2026-09-21T20:58:55.647974+00:00,2713,1932201,32x,300ms,25,64,0,7,83,51,103,39,12,7,5,3,178
2026-09-21T20:58:56.361299+00:00,2714,1932913,32x,300ms,25,64,0,7,83,51,103,39,12,7,5,3,177
2026-09-21T20:58:57.079615+00:00,2715,1933626,32x,300ms,25,64,0,7,83,51,103,39,12,7,6,3,178
2026-09-21T20:58:57.792570+00:00,2716,1934339,32x,300ms,25,64,1,7,83,51,104,39,12,7,5,3,177
2026-09-21T20:58:58.512403+00:00,2717,1935050,32x,300ms,25,64,1,7,83,51,103,39,12,7,5,3,178
2026-09-21T20:58:59.224000+00:00,2718,1935762,32x,300ms,25,64,1,7,83,51,103,39,12,7,5,3,177
2026-09-21T20:58:59.943564+00:00,2719,1936474,32x,300ms,25,64,1,7,83,51,103,39,12,7,5,3,177
2026-09-21T20:59:00.664374+00:00,2720,1937185,32x,300ms,25,64,1,7,83,51,103,39,12,7,5,3,177
2026-09-21T20:59:01.375525+00:00,2721,1937897,32x,300ms,25,64,0,7,83,51,103,39,12,7,5,3,177
2026-09-21T20:59:02.095857+00:00,2722,1938610,32x,300ms,25,64,0,7,83,51,103,39,12,7,5,3,177
2026-09-21T20:59:02.809294+00:00,2723,1939322,32x,300ms,25,64,0,7,83,51,103,39,12,7,5,3,177
2026-09-21T20:59:03.527680+00:00,2724,1940034,32x,300ms,25,64,0,7,83,51,103,39,12,7,5,3,177
2026-09-21T20:59:04.239507+00:00,2725,1940747,32x,300ms,25,64,0,7,83,51,103,39,12,7,5,3,178
2026-09-21T20:59:04.960030+00:00,2726,1941459,32x,300ms,25,64,1,7,83,51,103,39,12,7,5,3,177
2026-09-21T20:59:05.671538+00:00,2727,1942171,32x,300ms,25,64,1,7,83,51,103,39,12,7,5,3,178
2026-09-21T20:59:06.393254+00:00,2728,1942883,32x,300ms,25,64,1,7,83,51,104,39,12,7,5,3,177
2026-09-21T20:59:07.112525+00:00,2729,1943595,32x,300ms,25,64,1,7,83,51,103,40,12,7,5,3,178
2026-09-21T20:59:07.823810+00:00,2730,1944306,32x,300ms,25,64,1,7,83,51,104,39,12,7,5,3,177
2026-09-21T20:59:08.544023+00:00,2731,1945018,32x,300ms,25,64,0,7,83,51,103,39,12,7,5,3,177
2026-09-21T20:59:09.256330+00:00,2732,1945731,32x,300ms,25,64,0,7,83,51,103,39,12,7,5,3,177
2026-09-21T20:59:09.976841+00:00,2733,1946443,32x,300ms,25,64,0,7,83,51,103,39,12,7,6,3,177
2026-09-21T20:59:10.688635+00:00,2734,1947155,32x,300ms,25,64,0,7,83,51,103,39,12,7,5,3,177
2026-09-21T20:59:11.407813+00:00,2735,1947868,32x,300ms,25,64,0,7,83,51,103,39,12,7,5,3,177
2026-09-21T20:59:12.129330+00:00,2736,1948580,32x,300ms,25,64,1,7,83,51,103,39,12,7,5,3,178
2026-09-21T20:59:12.841264+00:00,2737,1949292,32x,300ms,25,64,1,7,83,51,103,39,12,7,5,3,177
2026-09-21T20:59:13.552205+00:00,2738,1950004,32x,300ms,25,64,1,7,83,51,103,39,12,7,5,3,178
2026-09-21T20:59:14.271873+00:00,2739,1950715,32x,300ms,25,64,1,7,83,51,103,39,12,7,5,3,177
2026-09-21T20:59:14.991854+00:00,2740,1951427,32x,300ms,25,64,1,7,83,51,103,39,12,7,5,3,178
2026-09-21T20:59:15.703922+00:00,2741,1952139,32x,300ms,25,64,0,7,83,51,103,39,12,7,5,3,177
2026-09-21T20:59:16.423749+00:00,2742,1952851,32x,300ms,25,64,0,7,83,51,103,39,12,7,5,3,177
2026-09-21T20:59:17.143551+00:00,2743,1953564,32x,300ms,25,64,0,7,83,51,103,39,12,7,5,3,177
2026-09-21T20:59:17.855751+00:00,2744,1954276,32x,300ms,25,64,0,7,83,51,103,39,12,7,5,3,178
2026-09-21T20:59:18.575681+00:00,2745,1954989,32x,300ms,25,64,0,7,83,51,103,39,12,7,5,3,177
2026-09-21T20:59:19.287842+00:00,2746,1955701,32x,300ms,25,64,1,7,83,51,103,39,12,7,5,3,177
2026-09-21T20:59:20.007637+00:00,2747,1956413,32x,300ms,25,64,1,7,83,51,103,39,12,7,5,3,178
2026-09-21T20:59:20.719822+00:00,2748,1957125,32x,300ms,25,64,1,7,83,51,103,39,12,7,5,3,177
2026-09-21T20:59:21.440995+00:00,2749,1957836,32x,300ms,25,64,1,7,83,51,104,39,12,7,5,3,177
2026-09-21T20:59:22.151847+00:00,2750,1958548,32x,300ms,25,64,1,7,83,51,103,39,12,7,5,3,177
2026-09-21T20:59:22.871447+00:00,2751,1959260,32x,300ms,25,64,0,7,83,51,103,39,12,7,5,3,177
2026-09-21T20:59:23.583538+00:00,2752,1959972,32x,300ms,25,64,0,7,83,51,103,39,12,7,5,3,177
2026-09-21T20:59:24.304127+00:00,2753,1960685,32x,300ms,25,64,0,7,83,51,103,39,12,7,6,3,177
2026-09-21T20:59:25.023674+00:00,2754,1961397,32x,300ms,25,64,0,7,83,51,103,39,12,7,5,3,178
2026-09-21T20:59:25.736384+00:00,2755,1962109,32x,300ms,25,64,0,7,83,51,103,39,12,7,5,3,178
2026-09-21T20:59:26.455543+00:00,2756,1962822,32x,300ms,25,64,1,7,83,51,103,39,12,7,5,3,177
2026-09-21T20:59:27.168520+00:00,2757,1963534,32x,300ms,25,64,1,7,83,51,103,39,12,7,5,3,177
2026-09-21T20:59:27.888289+00:00,2758,1964246,32x,300ms,25,64,1,7,83,51,103,39,12,7,5,3,177
2026-09-21T20:59:28.599595+00:00,2759,1964957,32x,300ms,25,64,1,7,83,51,103,39,12,7,5,3,177
2026-09-21T20:59:29.319648+00:00,2760,1965669,32x,300ms,25,64,1,7,83,51,103,39,12,7,6,3,178
2026-09-21T20:59:30.032657+00:00,2761,1966381,32x,300ms,25,64,0,7,83,51,103,39,12,7,5,3,177
2026-09-21T20:59:30.751549+00:00,2762,1967093,32x,300ms,25,64,0,7,83,51,103,39,12,7,5,3,177
2026-09-21T20:59:31.474774+00:00,2763,1967806,32x,300ms,25,64,0,7,83,51,103,39,12,7,5,3,177
2026-09-21T20:59:32.183880+00:00,2764,1968518,32x,300ms,25,64,0,7,83,51,103,39,12,7,5,3,177
2026-09-21T20:59:32.896468+00:00,2765,1969230,32x,300ms,25,64,0,7,83,51,103,39,12,7,5,3,178
2026-09-21T20:59:33.616287+00:00,2766,1969943,32x,300ms,25,64,1,7,83,51,103,39,12,7,5,3,177
2026-09-21T20:59:34.335433+00:00,2767,1970654,32x,300ms,25,64,1,7,83,51,103,39,12,7,5,3,178
2026-09-21T20:59:35.048328+00:00,2768,1971366,32x,300ms,25,64,1,7,83,51,103,39,12,7,5,3,178
2026-09-21T20:59:35.768633+00:00,2769,1972078,32x,300ms,25,64,1,7,83,51,103,39,12,7,5,3,177
2026-09-21T20:59:36.480834+00:00,2770,1972790,32x,300ms,25,64,1,7,83,51,103,39,12,7,5,3,178
2026-09-21T20:59:37.200896+00:00,2771,1973501,32x,300ms,25,64,0,7,83,51,103,39,12,7,5,3,177
2026-09-21T20:59:37.920199+00:00,2772,1974214,32x,300ms,25,64,0,7,83,51,103,39,12,7,5,3,177
2026-09-21T20:59:38.631727+00:00,2773,1974926,32x,300ms,25,64,0,7,83,51,103,39,12,7,5,3,178
2026-09-21T20:59:39.352098+00:00,2774,1975639,32x,300ms,25,64,0,7,83,51,103,39,12,7,5,3,177
2026-09-21T20:59:40.063829+00:00,2775,1976351,32x,300ms,25,64,0,7,83,51,103,39,12,7,5,3,178
2026-09-21T20:59:40.783950+00:00,2776,1977064,32x,300ms,25,64,1,7,83,51,103,39,12,7,5,3,177
2026-09-21T20:59:41.496077+00:00,2777,1977776,32x,300ms,25,64,1,7,83,51,103,39,12,7,5,3,177
2026-09-21T20:59:42.215563+00:00,2778,1978487,32x,300ms,25,64,1,7,83,51,103,39,12,7,5,3,177
2026-09-21T20:59:42.927984+00:00,2779,1979199,32x,300ms,25,64,1,7,83,51,103,39,12,7,5,3,177
2026-09-21T20:59:43.648332+00:00,2780,1979911,32x,300ms,25,64,1,7,83,51,103,39,12,7,5,3,178
2026-09-21T20:59:44.360019+00:00,2781,1980622,32x,300ms,25,64,0,7,83,51,103,39,12,7,5,3,178
2026-09-21T20:59:45.080353+00:00,2782,1981335,32x,300ms,25,64,0,7,83,51,103,39,12,7,5,3,178
2026-09-21T20:59:45.800973+00:00,2783,1982047,32x,300ms,25,64,0,7,83,51,103,39,12,7,6,3,178
2026-09-21T20:59:46.513279+00:00,2784,1982759,32x,300ms,25,64,0,7,83,51,103,39,12,7,5,3,178
2026-09-21T20:59:47.231443+00:00,2785,1983472,32x,300ms,25,64,0,7,83,51,103,39,12,7,5,3,178
2026-09-21T20:59:47.943488+00:00,2786,1984184,32x,300ms,25,64,1,7,83,51,103,39,12,7,5,3,178
2026-09-21T20:59:48.663540+00:00,2787,1984897,32x,300ms,25,64,1,7,83,51,103,39,12,7,5,3,178
2026-09-21T20:59:49.376727+00:00,2788,1985608,32x,300ms,25,64,1,7,83,51,103,39,12,7,5,3,177
2026-09-21T20:59:50.096345+00:00,2789,1986320,32x,300ms,25,64,1,7,83,51,103,39,12,7,5,3,178
2026-09-21T20:59:50.807827+00:00,2790,1987032,32x,300ms,25,64,1,7,83,51,103,39,12,7,5,3,178
2026-09-21T20:59:51.528406+00:00,2791,1987743,32x,300ms,25,64,0,7,83,51,103,39,12,7,5,3,177
2026-09-21T20:59:52.247520+00:00,2792,1988456,32x,300ms,25,64,0,7,83,51,103,39,12,7,5,3,177
2026-09-21T20:59:52.959732+00:00,2793,1989169,32x,300ms,25,64,0,7,83,51,103,39,12,7,5,3,178
2026-09-21T20:59:53.679544+00:00,2794,1989880,32x,300ms,25,64,0,7,83,51,103,39,12,7,5,3,177
2026-09-21T20:59:54.391806+00:00,2795,1990593,32x,300ms,25,64,0,7,83,51,103,39,12,7,5,3,177
2026-09-21T20:59:55.111815+00:00,2796,1991306,32x,300ms,25,64,1,7,83,51,103,40,12,7,5,3,178
2026-09-21T20:59:55.824321+00:00,2797,1992017,32x,300ms,25,64,1,7,83,51,103,39,12,7,5,3,177
2026-09-21T20:59:56.543883+00:00,2798,1992729,32x,300ms,25,64,1,7,83,51,104,39,12,7,5,3,177
2026-09-21T20:59:57.256346+00:00,2799,1993441,32x,300ms,25,64,1,7,83,51,103,39,12,7,5,3,177
2026-09-21T20:59:57.975452+00:00,2800,1994151,32x,300ms,25,64,1,7,83,51,103,39,12,7,5,3,177
2026-09-21T20:59:58.695419+00:00,2801,1994864,32x,300ms,25,64,0,7,83,51,103,39,12,7,6,3,178
2026-09-21T20:59:59.408292+00:00,2802,1995576,32x,300ms,25,64,0,7,83,51,103,39,12,7,5,3,177
2026-09-21T21:00:00.127650+00:00,2803,1996289,32x,300ms,25,64,0,7,83,51,103,39,12,7,5,3,177
2026-09-21T21:00:00.839446+00:00,2804,1997001,32x,300ms,25,64,0,7,83,51,103,39,12,7,5,3,177
2026-09-21T21:00:01.559591+00:00,2805,1997714,32x,300ms,25,64,0,7,83,51,103,39,12,7,5,3,177
2026-09-21T21:00:02.272494+00:00,2806,1998426,32x,300ms,25,64,1,7,83,51,103,39,12,7,5,3,178
2026-09-21T21:00:02.991548+00:00,2807,1999137,32x,300ms,25,64,1,7,83,51,103,39,12,7,5,3,177
2026-09-21T21:00:03.704655+00:00,2808,1999850,32x,300ms,25,64,1,7,83,51,103,39,12,7,5,3,177
2026-09-21T21:00:04.424377+00:00,2809,2000561,32x,300ms,25,64,1,7,83,51,103,39,12,7,5,3,177
2026-09-21T21:00:05.143586+00:00,2810,2001273,32x,300ms,25,64,1,7,83,51,103,39,12,7,6,3,177
2026-09-21T21:00:05.855501+00:00,2811,2001985,32x,300ms,25,64,0,7,83,51,103,39,12,7,5,3,177
2026-09-21T21:00:06.575772+00:00,2812,2002697,32x,300ms,25,64,0,7,83,51,103,39,12,7,6,3,177
2026-09-21T21:00:07.287672+00:00,2813,2003409,32x,300ms,25,64,0,7,83,51,103,39,12,7,6,3,177
2026-09-21T21:00:08.008155+00:00,2814,2004122,32x,300ms,25,64,0,7,83,51,103,39,12,7,5,3,178
2026-09-21T21:00:08.719467+00:00,2815,2004834,32x,300ms,25,64,0,7,83,51,103,39,12,7,5,3,177
2026-09-21T21:00:09.439758+00:00,2816,2005547,32x,300ms,25,64,1,7,83,51,103,39,12,7,5,3,178
2026-09-21T21:00:10.151424+00:00,2817,2006258,32x,300ms,25,64,1,7,83,51,103,39,12,7,5,3,178
2026-09-21T21:00:10.871733+00:00,2818,2006970,32x,300ms,25,64,1,7,83,51,103,39,12,7,5,3,178
2026-09-21T21:00:11.584346+00:00,2819,2007683,32x,300ms,25,64,1,7,83,51,103,39,12,7,5,3,177
2026-09-21T21:00:12.304059+00:00,2820,2008394,32x,300ms,25,64,1,7,83,51,103,39,12,7,5,3,178
2026-09-21T21:00:13.024142+00:00,2821,2009106,32x,300ms,25,64,0,7,83,51,103,39,12,7,5,3,177
2026-09-21T21:00:13.736357+00:00,2822,2009819,32x,300ms,25,64,0,7,83,51,103,39,12,7,5,3,177
2026-09-21T21:00:14.455601+00:00,2823,2010530,32x,300ms,25,64,0,7,83,51,103,39,12,7,5,3,177
2026-09-21T21:00:15.167871+00:00,2824,2011243,32x,300ms,25,64,0,7,83,51,103,39,12,7,5,3,177
2026-09-21T21:00:15.888018+00:00,2825,2011956,32x,300ms,25,64,0,7,83,51,103,39,12,7,5,3,177
2026-09-21T21:00:16.599428+00:00,2826,2012667,32x,300ms,25,64,1,7,83,51,103,39,12,7,5,3,177
2026-09-21T21:00:17.319614+00:00,2827,2013379,32x,300ms,25,64,1,7,83,51,103,39,12,7,5,3,177
2026-09-21T21:00:18.031531+00:00,2828,2014091,32x,300ms,25,64,1,7,83,51,103,39,12,7,5,3,177
2026-09-21T21:00:18.751792+00:00,2829,2014802,32x,300ms,25,64,1,7,83,51,103,39,12,7,5,3,177
2026-09-21T21:00:19.471703+00:00,2830,2015514,32x,300ms,25,64,1,7,83,51,103,39,12,7,5,3,178
2026-09-21T21:00:20.183421+00:00,2831,2016227,32x,300ms,25,64,0,7,83,51,103,39,12,7,5,3,178
2026-09-21T21:00:20.904301+00:00,2832,2016939,32x,300ms,25,64,0,7,83,51,103,39,12,7,5,3,178
2026-09-21T21:00:21.616097+00:00,2833,2017651,32x,300ms,25,64,0,7,83,51,103,39,12,7,5,3,177
2026-09-21T21:00:22.335635+00:00,2834,2018364,32x,300ms,25,64,0,7,83,51,103,39,12,7,5,3,178
2026-09-21T21:00:23.048404+00:00,2835,2019076,32x,300ms,25,64,0,7,83,51,103,39,12,7,5,3,177
2026-09-21T21:00:23.769325+00:00,2836,2019788,32x,300ms,25,64,1,7,83,51,103,39,12,7,5,3,177
2026-09-21T21:00:24.479687+00:00,2837,2020500,32x,300ms,25,64,1,7,83,51,103,39,12,7,5,3,177
2026-09-21T21:00:25.200386+00:00,2838,2021212,32x,300ms,25,64,1,7,83,51,103,39,12,7,5,3,178
2026-09-21T21:00:25.919959+00:00,2839,2021923,32x,300ms,25,64,1,7,83,51,103,39,12,7,5,3,177
2026-09-21T21:00:26.632219+00:00,2840,2022635,32x,300ms,25,64,1,7,83,51,103,39,12,7,5,3,177
2026-09-21T21:00:27.351818+00:00,2841,2023347,32x,300ms,25,64,0,7,83,51,103,39,12,7,5,3,177
2026-09-21T21:00:28.064343+00:00,2842,2024059,32x,300ms,25,64,0,7,83,51,103,39,12,7,5,3,177
2026-09-21T21:00:28.784061+00:00,2843,2024772,32x,300ms,25,64,0,7,83,51,103,39,12,7,6,3,177
2026-09-21T21:00:29.495662+00:00,2844,2025485,32x,300ms,25,64,0,7,83,51,103,39,12,7,5,3,178
2026-09-21T21:00:30.216629+00:00,2845,2026196,32x,300ms,25,64,0,7,83,51,103,39,12,7,5,3,177
2026-09-21T21:00:30.927944+00:00,2846,2026909,32x,300ms,25,64,1,7,83,51,103,39,12,7,5,3,177
2026-09-21T21:00:31.648466+00:00,2847,2027621,32x,300ms,25,64,1,7,83,51,103,39,12,7,5,3,177
2026-09-21T21:00:32.367718+00:00,2848,2028333,32x,300ms,25,64,1,7,83,51,103,39,12,7,5,3,177
2026-09-21T21:00:33.079457+00:00,2849,2029044,32x,300ms,25,64,1,7,83,51,103,39,12,7,5,3,178
2026-09-21T21:00:33.799791+00:00,2850,2029756,32x,300ms,25,64,1,7,83,51,103,39,12,7,5,3,177
2026-09-21T21:00:34.512108+00:00,2851,2030468,32x,300ms,25,64,0,7,83,51,103,39,12,7,5,3,178
2026-09-21T21:00:35.231669+00:00,2852,2031180,32x,300ms,25,64,0,7,83,51,103,39,12,7,5,3,178
2026-09-21T21:00:35.943526+00:00,2853,2031893,32x,300ms,25,64,0,7,83,51,103,39,12,7,5,3,178
2026-09-21T21:00:36.664434+00:00,2854,2032605,32x,300ms,25,64,0,7,83,51,103,39,12,7,5,3,177
2026-09-21T21:00:37.375940+00:00,2855,2033317,32x,300ms,25,64,0,7,83,51,103,39,12,7,6,3,177
2026-09-21T21:00:38.096586+00:00,2856,2034030,32x,300ms,25,64,1,7,83,51,103,39,12,7,5,3,177
2026-09-21T21:00:38.815930+00:00,2857,2034742,32x,300ms,25,64,1,7,83,51,103,39,12,7,5,3,177
2026-09-21T21:00:39.527541+00:00,2858,2035453,32x,300ms,25,64,1,7,83,51,103,39,12,7,5,3,177
2026-09-21T21:00:40.247757+00:00,2859,2036165,32x,300ms,25,64,1,7,83,51,103,39,12,7,5,3,177
2026-09-21T21:00:40.960578+00:00,2860,2036877,32x,300ms,25,64,1,7,83,51,103,39,12,7,5,3,177
2026-09-21T21:00:41.680556+00:00,2861,2037588,32x,300ms,25,64,0,7,83,51,103,39,12,7,5,3,177
2026-09-21T21:00:42.391806+00:00,2862,2038300,32x,300ms,25,64,0,7,83,51,103,39,12,7,5,3,177
2026-09-21T21:00:43.112333+00:00,2863,2039013,32x,300ms,25,64,0,7,83,51,103,39,12,7,5,3,177
2026-09-21T21:00:43.824233+00:00,2864,2039726,32x,300ms,25,64,0,7,83,51,103,39,12,7,5,3,177
2026-09-21T21:00:44.543951+00:00,2865,2040438,32x,300ms,25,64,0,7,83,51,103,39,12,7,5,3,177
2026-09-21T21:00:45.256098+00:00,2866,2041150,32x,300ms,25,64,1,7,83,51,103,39,12,7,5,3,177
2026-09-21T21:00:45.975693+00:00,2867,2041862,32x,300ms,25,64,1,7,83,51,103,39,12,7,5,3,177
2026-09-21T21:00:46.695550+00:00,2868,2042573,32x,300ms,25,64,1,7,83,51,103,39,12,7,5,3,177
2026-09-21T21:00:47.408718+00:00,2869,2043285,32x,300ms,25,64,1,7,83,51,103,39,12,7,5,3,178
2026-09-21T21:00:48.127793+00:00,2870,2043997,32x,300ms,25,64,1,7,83,51,103,39,12,7,6,3,177
2026-09-21T21:00:48.839843+00:00,2871,2044709,32x,300ms,25,64,0,7,83,51,103,39,12,7,5,3,178
2026-09-21T21:00:49.559491+00:00,2872,2045421,32x,300ms,25,64,0,7,83,51,103,39,12,7,5,3,177
2026-09-21T21:00:50.272637+00:00,2873,2046134,32x,300ms,25,64,0,7,83,51,103,39,12,7,5,3,177
2026-09-21T21:00:50.991615+00:00,2874,2046845,32x,300ms,25,64,0,7,83,51,103,39,12,7,5,3,177
2026-09-21T21:00:51.704168+00:00,2875,2047558,32x,300ms,25,64,0,7,83,51,103,39,12,7,5,3,177
2026-09-21T21:00:52.424481+00:00,2876,2048271,32x,300ms,25,64,1,7,83,51,103,39,12,7,5,3,177
2026-09-21T21:00:53.135693+00:00,2877,2048983,32x,300ms,25,64,1,7,83,51,103,39,12,7,5,3,177
2026-09-21T21:00:53.856901+00:00,2878,2049694,32x,300ms,25,64,1,7,83,51,103,39,12,7,5,3,177
2026-09-21T21:00:54.575863+00:00,2879,2050406,32x,300ms,25,64,1,7,83,51,103,39,12,7,5,3,177
2026-09-21T21:00:55.288462+00:00,2880,2051118,32x,300ms,25,64,1,7,83,51,103,39,12,7,5,3,177
2026-09-21T21:00:56.007557+00:00,2881,2051829,32x,300ms,25,64,0,7,83,51,103,39,12,7,5,3,178
2026-09-21T21:00:56.719882+00:00,2882,2052542,32x,300ms,25,64,0,7,83,51,103,39,12,7,5,3,177
2026-09-21T21:00:57.439888+00:00,2883,2053254,32x,300ms,25,64,0,7,83,51,103,39,12,7,5,3,177
2026-09-21T21:00:58.151849+00:00,2884,2053966,32x,300ms,25,64,0,7,83,51,103,39,12,7,5,3,177
2026-09-21T21:00:58.871874+00:00,2885,2054679,32x,300ms,25,64,0,7,83,51,103,39,12,7,5,3,177
2026-09-21T21:00:59.583601+00:00,2886,2055391,32x,300ms,25,64,1,7,83,51,103,39,12,7,5,3,177
2026-09-21T21:01:00.303915+00:00,2887,2056102,32x,300ms,25,64,1,7,83,51,103,39,12,7,5,3,177
2026-09-21T21:01:01.015784+00:00,2888,2056814,32x,300ms,25,64,1,7,83,51,103,39,12,7,5,3,177
2026-09-21T21:01:01.736668+00:00,2889,2057526,32x,300ms,25,64,1,7,83,51,103,39,12,7,5,3,177
2026-09-21T21:01:02.456061+00:00,2890,2058237,32x,300ms,25,64,1,7,83,51,103,39,12,7,5,3,177
2026-09-21T21:01:03.168042+00:00,2891,2058949,32x,300ms,25,64,0,7,83,51,103,39,12,7,5,3,177
2026-09-21T21:01:03.887418+00:00,2892,2059662,32x,300ms,25,64,0,7,83,51,103,39,12,7,6,3,178
2026-09-21T21:01:04.600149+00:00,2893,2060375,32x,300ms,25,64,0,7,83,51,103,39,12,7,5,3,177
2026-09-21T21:01:05.319660+00:00,2894,2061086,32x,300ms,25,64,0,7,83,51,103,39,12,7,6,3,177
2026-09-21T21:01:06.031795+00:00,2895,2061799,32x,300ms,25,64,0,7,83,51,103,39,12,7,5,3,177
2026-09-21T21:01:06.751913+00:00,2896,2062512,32x,300ms,25,64,1,7,83,51,103,39,12,7,5,3,177
2026-09-21T21:01:07.464365+00:00,2897,2063223,32x,300ms,25,64,1,7,83,51,103,39,12,7,5,3,177
2026-09-21T21:01:08.184207+00:00,2898,2063935,32x,300ms,25,64,1,7,83,51,103,39,12,7,5,3,177
2026-09-21T21:01:08.903644+00:00,2899,2064647,32x,300ms,25,64,1,7,83,51,103,39,12,7,5,3,177
2026-09-21T21:01:09.615569+00:00,2900,2065358,32x,300ms,25,64,1,7,83,51,103,39,12,7,5,3,177
2026-09-21T21:01:10.335673+00:00,2901,2066070,32x,300ms,25,64,0,7,83,51,103,39,12,7,5,3,177
2026-09-21T21:01:11.047682+00:00,2902,2066782,32x,300ms,25,64,0,7,83,51,103,39,12,7,5,3,177
2026-09-21T21:01:11.767925+00:00,2903,2067494,32x,300ms,25,64,0,7,83,51,103,39,12,7,5,3,177
2026-09-21T21:01:12.480320+00:00,2904,2068207,32x,300ms,25,64,0,7,83,51,103,39,12,7,5,3,177
2026-09-21T21:01:13.200218+00:00,2905,2068920,32x,300ms,25,64,0,7,83,51,103,39,12,7,5,3,177
2026-09-21T21:01:13.912029+00:00,2906,2069632,32x,300ms,25,64,1,7,83,51,103,39,12,7,5,3,177
2026-09-21T21:01:14.631637+00:00,2907,2070344,32x,300ms,25,64,1,7,83,51,103,39,12,7,5,3,177
2026-09-21T21:01:15.343474+00:00,2908,2071055,32x,300ms,25,64,1,7,83,51,103,39,12,7,5,3,177
2026-09-21T21:01:16.063477+00:00,2909,2071767,32x,300ms,25,64,1,7,83,51,103,39,12,7,5,3,177
2026-09-21T21:01:16.783916+00:00,2910,2072479,32x,300ms,25,64,1,7,83,51,103,39,12,7,5,3,177
2026-09-21T21:01:17.496170+00:00,2911,2073190,32x,300ms,25,64,0,7,83,51,103,39,12,7,5,3,177
2026-09-21T21:01:18.216274+00:00,2912,2073903,32x,300ms,25,64,0,7,83,51,103,39,12,7,5,3,177
2026-09-21T21:01:18.927958+00:00,2913,2074615,32x,300ms,25,64,0,7,83,51,103,39,12,7,5,3,177
2026-09-21T21:01:19.647548+00:00,2914,2075327,32x,300ms,25,64,0,7,83,51,103,39,12,7,5,3,177
2026-09-21T21:01:20.359942+00:00,2915,2076040,32x,300ms,25,64,0,7,83,51,103,39,12,7,5,3,177
2026-09-21T21:01:21.080279+00:00,2916,2076752,32x,300ms,25,64,1,7,83,51,103,39,12,7,6,3,177
2026-09-21T21:01:21.792297+00:00,2917,2077464,32x,300ms,25,64,1,7,83,51,103,39,12,7,5,3,177
2026-09-21T21:01:22.512345+00:00,2918,2078176,32x,300ms,25,64,1,7,83,51,103,39,12,7,5,3,177
2026-09-21T21:01:23.231459+00:00,2919,2078887,32x,300ms,25,64,1,7,83,51,103,39,12,7,5,3,177
2026-09-21T21:01:23.943547+00:00,2920,2079599,32x,300ms,25,64,1,7,83,51,103,39,12,7,5,3,177
2026-09-21T21:01:24.663711+00:00,2921,2080311,32x,300ms,25,64,0,7,83,51,103,39,12,7,5,3,177
2026-09-21T21:01:25.376109+00:00,2922,2081024,32x,300ms,25,64,0,7,83,51,103,39,12,7,5,3,177
2026-09-21T21:01:26.097438+00:00,2923,2081735,32x,300ms,25,64,0,7,83,51,103,39,12,7,5,3,177
2026-09-21T21:01:26.808858+00:00,2924,2082448,32x,300ms,25,64,0,7,83,51,103,39,12,7,5,3,177
2026-09-21T21:01:27.528231+00:00,2925,2083161,32x,300ms,25,64,0,7,83,51,103,39,12,7,5,3,177
2026-09-21T21:01:28.239535+00:00,2926,2083872,32x,300ms,25,64,1,7,83,51,103,39,12,7,5,3,177
2026-09-21T21:01:28.960010+00:00,2927,2084585,32x,300ms,25,64,1,7,83,51,103,39,12,7,6,3,177
2026-09-21T21:01:29.671555+00:00,2928,2085297,32x,300ms,25,64,1,7,83,51,103,39,12,7,5,3,177
2026-09-21T21:01:30.391858+00:00,2929,2086007,32x,300ms,25,64,1,7,83,51,103,39,12,7,5,3,177
2026-09-21T21:01:31.112385+00:00,2930,2086720,32x,300ms,25,64,1,7,83,51,103,39,12,7,5,3,177
2026-09-21T21:01:31.823725+00:00,2931,2087432,32x,300ms,25,64,0,7,83,51,103,39,12,7,5,3,177
2026-09-21T21:01:32.543738+00:00,2932,2088143,32x,300ms,25,64,0,7,83,51,103,39,12,7,5,3,177
2026-09-21T21:01:33.256776+00:00,2933,2088856,32x,300ms,25,64,0,7,83,51,103,39,12,7,5,3,177
2026-09-21T21:01:33.975524+00:00,2934,2089569,32x,300ms,25,64,0,7,83,51,103,39,12,7,5,3,177
2026-09-21T21:01:34.688707+00:00,2935,2090280,32x,300ms,25,64,0,7,83,51,103,39,12,7,5,3,177
2026-09-21T21:01:35.408342+00:00,2936,2090993,32x,300ms,25,64,1,7,83,51,103,39,12,7,5,3,177
2026-09-21T21:01:36.120369+00:00,2937,2091705,32x,300ms,25,64,1,7,83,51,103,39,12,7,5,3,177
2026-09-21T21:01:36.840654+00:00,2938,2092417,32x,300ms,25,64,1,7,83,51,103,39,12,7,5,3,177
2026-09-21T21:01:37.559856+00:00,2939,2093128,32x,300ms,25,64,1,7,83,51,103,39,12,7,5,3,177
2026-09-21T21:01:38.271944+00:00,2940,2093840,32x,300ms,25,64,1,7,83,51,103,39,12,7,5,3,177
2026-09-21T21:01:38.992275+00:00,2941,2094552,32x,300ms,25,64,0,7,83,51,103,39,12,7,5,3,177
2026-09-21T21:01:39.704133+00:00,2942,2095264,32x,300ms,25,64,0,7,83,51,103,39,12,7,5,3,177
2026-09-21T21:01:40.423986+00:00,2943,2095977,32x,300ms,25,64,0,7,83,51,103,39,12,7,5,3,177
2026-09-21T21:01:41.136049+00:00,2944,2096689,32x,300ms,25,64,0,7,83,51,103,39,12,7,5,3,177
2026-09-21T21:01:41.855983+00:00,2945,2097401,32x,300ms,25,64,0,7,83,51,103,39,12,7,5,3,177
2026-09-21T21:01:42.567589+00:00,2946,2098114,32x,300ms,25,64,1,7,83,51,103,39,12,7,5,3,177
2026-09-21T21:01:43.288100+00:00,2947,2098826,32x,300ms,25,64,1,7,83,51,103,39,12,7,5,3,177
2026-09-21T21:01:43.999922+00:00,2948,2099537,32x,300ms,25,64,1,7,83,51,103,39,12,7,5,3,177
2026-09-21T21:01:44.720138+00:00,2949,2100249,32x,300ms,25,64,1,7,83,51,103,39,12,7,5,3,177
2026-09-21T21:01:45.439436+00:00,2950,2100961,32x,300ms,25,64,1,7,83,51,103,39,12,7,5,3,177
2026-09-21T21:01:46.151455+00:00,2951,2101672,32x,300ms,25,64,0,7,83,51,103,39,12,7,5,3,177
2026-09-21T21:01:46.871845+00:00,2952,2102385,32x,300ms,25,64,0,7,83,51,103,39,12,7,5,3,177
2026-09-21T21:01:47.584225+00:00,2953,2103097,32x,300ms,25,64,0,7,83,51,103,39,12,7,5,3,177
2026-09-21T21:01:48.304363+00:00,2954,2103810,32x,300ms,25,64,0,7,83,51,103,39,12,7,5,3,177
2026-09-21T21:01:49.015763+00:00,2955,2104522,32x,300ms,25,64,0,7,83,51,103,39,12,7,5,3,177
2026-09-21T21:01:49.736049+00:00,2956,2105235,32x,300ms,25,64,1,7,83,51,103,39,12,7,5,3,177
2026-09-21T21:01:50.448371+00:00,2957,2105947,32x,300ms,25,64,1,7,83,51,103,39,12,7,5,3,177
2026-09-21T21:01:51.168187+00:00,2958,2106658,32x,300ms,25,64,1,7,83,51,103,39,12,7,5,3,177
2026-09-21T21:01:51.887455+00:00,2959,2107370,32x,300ms,25,64,1,7,83,51,103,39,12,7,5,3,177
2026-09-21T21:01:52.600171+00:00,2960,2108082,32x,300ms,25,64,1,7,83,51,103,39,12,7,5,3,177
2026-09-21T21:01:53.319736+00:00,2961,2108793,32x,300ms,25,64,0,7,83,51,103,39,12,7,5,3,177
2026-09-21T21:01:54.031424+00:00,2962,2109505,32x,300ms,25,64,0,7,83,51,103,40,12,7,5,3,177
2026-09-21T21:01:54.751944+00:00,2963,2110218,32x,300ms,25,64,0,7,83,51,103,39,12,7,5,3,177
2026-09-21T21:01:55.464393+00:00,2964,2110930,32x,300ms,25,64,0,7,83,51,103,39,12,7,5,3,177
2026-09-21T21:01:56.183565+00:00,2965,2111643,32x,300ms,25,64,0,7,83,51,103,39,12,7,5,3,177
2026-09-21T21:01:56.896089+00:00,2966,2112355,32x,300ms,25,64,1,7,83,51,103,39,12,7,5,3,177
2026-09-21T21:01:57.615842+00:00,2967,2113067,32x,300ms,25,64,1,7,83,51,103,39,12,7,5,3,177
2026-09-21T21:01:58.335463+00:00,2968,2113778,32x,300ms,25,64,1,7,83,51,103,39,12,7,5,3,177
2026-09-21T21:01:59.048256+00:00,2969,2114490,32x,300ms,25,64,1,7,83,51,103,39,12,7,5,3,177
2026-09-21T21:01:59.767593+00:00,2970,2115202,32x,300ms,25,64,1,7,83,51,103,39,12,7,5,3,177
2026-09-21T21:02:00.479750+00:00,2971,2115913,32x,300ms,25,64,0,7,83,51,103,39,12,7,5,3,177
2026-09-21T21:02:01.199732+00:00,2972,2116626,32x,300ms,25,64,0,7,83,51,103,39,12,7,5,3,177
2026-09-21T21:02:01.912366+00:00,2973,2117339,32x,300ms,25,64,0,7,83,51,103,39,12,7,5,3,177
2026-09-21T21:02:02.631672+00:00,2974,2118050,32x,300ms,25,64,0,7,83,51,103,39,12,7,5,3,177
2026-09-21T21:02:03.344147+00:00,2975,2118763,32x,300ms,25,64,0,7,83,51,103,39,12,7,5,3,177
2026-09-21T21:02:04.065401+00:00,2976,2119476,32x,300ms,25,64,1,7,83,51,103,39,12,7,5,3,177
2026-09-21T21:02:04.783469+00:00,2977,2120187,32x,300ms,25,64,1,7,83,51,103,39,12,7,5,3,177
2026-09-21T21:02:05.496181+00:00,2978,2120899,32x,300ms,25,64,1,7,83,51,103,39,12,7,5,3,177
2026-09-21T21:02:06.215654+00:00,2979,2121611,32x,300ms,25,64,1,7,83,51,103,39,12,7,5,3,177
2026-09-21T21:02:06.927412+00:00,2980,2122322,32x,300ms,25,64,1,7,83,51,103,39,12,7,5,3,177
2026-09-21T21:02:07.648367+00:00,2981,2123034,32x,300ms,25,64,0,7,83,51,103,39,12,7,5,3,177
2026-09-21T21:02:08.359446+00:00,2982,2123746,32x,300ms,25,64,0,7,83,51,103,39,12,7,5,3,177
2026-09-21T21:02:09.079573+00:00,2983,2124459,32x,300ms,25,64,0,7,83,51,103,39,12,7,5,3,177
2026-09-21T21:02:09.792392+00:00,2984,2125171,32x,300ms,25,64,0,7,83,51,103,39,12,7,5,3,177
2026-09-21T21:02:10.511998+00:00,2985,2125883,32x,300ms,25,64,0,7,83,51,103,39,12,7,5,3,177
2026-09-21T21:02:11.223806+00:00,2986,2126596,32x,300ms,25,64,1,7,83,51,103,39,12,7,5,3,177
2026-09-21T21:02:11.944821+00:00,2987,2127307,32x,300ms,25,64,1,7,83,51,103,39,12,7,5,3,177
2026-09-21T21:02:12.656142+00:00,2988,2128019,32x,300ms,25,64,1,7,83,51,103,39,12,7,5,3,177
2026-09-21T21:02:13.375726+00:00,2989,2128731,32x,300ms,25,64,1,7,83,51,103,39,12,7,5,3,177
2026-09-21T21:02:14.095665+00:00,2990,2129442,32x,300ms,25,64,1,7,83,51,103,39,12,7,5,3,177
2026-09-21T21:02:14.807995+00:00,2991,2130154,32x,300ms,25,64,0,7,83,51,103,39,12,7,5,3,178
2026-09-21T21:02:15.528156+00:00,2992,2130867,32x,300ms,25,64,0,7,83,51,103,39,12,7,5,3,177
2026-09-21T21:02:16.239915+00:00,2993,2131579,32x,300ms,25,64,0,7,83,51,103,39,12,7,5,3,177
2026-09-21T21:02:16.959727+00:00,2994,2132291,32x,300ms,25,64,0,7,83,51,103,39,12,7,5,3,177
2026-09-21T21:02:17.671899+00:00,2995,2133004,32x,300ms,25,64,0,7,83,51,103,39,12,7,5,3,177
2026-09-21T21:02:18.392362+00:00,2996,2133716,32x,300ms,25,64,1,7,83,51,103,39,12,7,5,3,177
2026-09-21T21:02:19.103408+00:00,2997,2134428,32x,300ms,25,64,1,7,83,51,103,39,12,7,5,3,177
2026-09-21T21:02:19.824270+00:00,2998,2135140,32x,300ms,25,64,1,7,83,51,103,39,12,7,5,3,177
2026-09-21T21:02:20.543971+00:00,2999,2135852,32x,300ms,25,64,1,7,83,51,103,39,12,7,5,3,177
2026-09-21T21:02:21.255988+00:00,3000,2136563,32x,300ms,25,64,1,7,83,51,103,39,12,7,5,3,177
2026-09-21T21:02:21.975991+00:00,3001,2137275,32x,300ms,25,64,0,7,83,51,103,39,12,7,5,3,177
2026-09-21T21:02:22.687916+00:00,3002,2137987,32x,300ms,25,64,0,7,83,51,103,39,12,7,5,3,177
2026-09-21T21:02:23.407978+00:00,3003,2138699,32x,300ms,25,64,0,7,83,51,103,39,12,7,5,3,177
2026-09-21T21:02:24.119952+00:00,3004,2139412,32x,300ms,25,64,0,7,83,51,103,39,12,7,5,3,177
2026-09-21T21:02:24.839599+00:00,3005,2140125,32x,300ms,25,64,0,7,83,51,103,39,12,7,5,3,177
2026-09-21T21:02:25.552473+00:00,3006,2140836,32x,300ms,25,64,1,7,83,51,103,39,12,7,5,3,177
2026-09-21T21:02:26.271756+00:00,3007,2141548,32x,300ms,25,64,1,7,83,51,103,39,12,7,5,3,177
2026-09-21T21:02:26.984387+00:00,3008,2142260,32x,300ms,25,64,1,7,83,51,103,39,12,7,5,3,177
2026-09-21T21:02:27.703947+00:00,3009,2142972,32x,300ms,25,64,1,7,83,51,103,39,12,7,5,3,177
2026-09-21T21:02:28.424046+00:00,3010,2143683,32x,300ms,25,64,1,7,83,51,103,40,12,7,5,3,177
2026-09-21T21:02:29.135497+00:00,3011,2144395,32x,300ms,25,64,0,7,83,51,103,39,12,7,5,3,177
2026-09-21T21:02:29.856183+00:00,3012,2145107,32x,300ms,25,64,0,7,83,51,103,39,12,7,6,3,177
2026-09-21T21:02:30.568021+00:00,3013,2145820,32x,300ms,25,64,0,7,83,51,103,39,12,7,5,3,177
2026-09-21T21:02:31.287669+00:00,3014,2146532,32x,300ms,25,64,0,7,83,51,103,39,12,7,5,3,177
2026-09-21T21:02:32.000398+00:00,3015,2147245,32x,300ms,25,64,0,7,83,51,103,39,12,7,5,3,177
2026-09-21T21:02:32.719552+00:00,3016,2147957,32x,300ms,25,64,1,7,83,51,103,39,12,7,5,3,177
2026-09-21T21:02:33.431581+00:00,3017,2148669,32x,300ms,25,64,1,7,83,51,103,39,12,7,5,3,177
2026-09-21T21:02:34.151511+00:00,3018,2149381,32x,300ms,25,64,1,7,83,51,103,39,12,7,5,3,177
2026-09-21T21:02:34.871570+00:00,3019,2150092,32x,300ms,25,64,1,7,82,51,103,39,12,7,5,3,177
2026-09-21T21:02:35.583535+00:00,3020,2150804,32x,300ms,25,64,1,7,83,51,103,39,12,7,5,3,178
2026-09-21T21:02:36.303892+00:00,3021,2151516,32x,300ms,25,64,0,7,83,51,103,39,12,7,5,3,177
2026-09-21T21:02:37.015673+00:00,3022,2152227,32x,300ms,25,64,0,7,83,51,103,39,12,7,5,3,177
2026-09-21T21:02:37.735941+00:00,3023,2152940,32x,300ms,25,64,0,7,83,51,103,39,12,7,5,3,177
2026-09-21T21:02:38.447924+00:00,3024,2153653,32x,300ms,25,64,0,7,83,51,103,39,12,7,5,3,177
2026-09-21T21:02:39.167435+00:00,3025,2154365,32x,300ms,25,64,0,7,83,51,103,39,12,7,5,3,177
2026-09-21T21:02:39.879682+00:00,3026,2155077,32x,300ms,25,64,1,7,83,51,103,39,12,7,5,3,177
2026-09-21T21:02:40.600266+00:00,3027,2155790,32x,300ms,25,64,1,7,83,51,103,39,12,7,5,3,177
2026-09-21T21:02:41.311962+00:00,3028,2156500,32x,300ms,25,64,1,7,83,51,103,39,12,7,5,3,177
2026-09-21T21:02:42.031767+00:00,3029,2157213,32x,300ms,25,64,1,7,83,51,103,39,12,7,5,3,177
2026-09-21T21:02:42.752170+00:00,3030,2157925,32x,300ms,25,64,1,7,83,51,103,39,12,7,5,3,177
2026-09-21T21:02:43.463863+00:00,3031,2158637,32x,300ms,25,64,0,7,83,51,103,39,12,7,6,3,177
2026-09-21T21:02:44.184716+00:00,3032,2159348,32x,300ms,25,64,0,7,83,51,103,39,12,7,5,3,177
2026-09-21T21:02:44.895871+00:00,3033,2160061,32x,300ms,25,64,0,7,83,51,103,39,12,7,5,3,177
2026-09-21T21:02:45.615436+00:00,3034,2160774,32x,300ms,25,64,0,7,83,51,103,39,12,7,5,3,177
2026-09-21T21:02:46.328251+00:00,3035,2161486,32x,300ms,25,64,0,7,83,51,103,39,12,7,6,3,177
2026-09-21T21:02:47.048122+00:00,3036,2162198,32x,300ms,25,64,1,7,83,51,103,39,12,7,5,3,177
2026-09-21T21:02:47.760244+00:00,3037,2162910,32x,300ms,25,64,1,7,83,51,103,39,12,7,5,3,177
2026-09-21T21:02:48.479617+00:00,3038,2163621,32x,300ms,25,64,1,7,83,51,103,40,12,7,5,3,177
2026-09-21T21:02:49.199736+00:00,3039,2164334,32x,300ms,25,64,1,7,83,51,103,39,12,7,5,3,177
2026-09-21T21:02:49.911692+00:00,3040,2165045,32x,300ms,25,64,1,7,83,51,103,39,12,7,5,3,177
2026-09-21T21:02:50.632299+00:00,3041,2165756,32x,300ms,25,64,0,7,83,51,103,39,12,7,5,3,177
2026-09-21T21:02:51.343599+00:00,3042,2166469,32x,300ms,25,64,0,7,83,51,103,39,12,7,5,3,177
2026-09-21T21:02:52.064197+00:00,3043,2167182,32x,300ms,25,64,0,7,83,51,103,39,12,7,5,3,177
2026-09-21T21:02:52.775585+00:00,3044,2167894,32x,300ms,25,64,0,7,83,51,103,39,12,7,5,3,177
2026-09-21T21:02:53.495544+00:00,3045,2168606,32x,300ms,25,64,0,7,83,51,103,39,12,7,5,3,177
2026-09-21T21:02:54.208640+00:00,3046,2169319,32x,300ms,25,64,1,7,83,51,103,39,12,7,5,3,177
2026-09-21T21:02:54.928215+00:00,3047,2170031,32x,300ms,25,64,1,7,83,51,103,39,12,7,5,3,177
2026-09-21T21:02:55.640539+00:00,3048,2170742,32x,300ms,25,64,1,7,83,51,103,39,12,7,5,3,177
2026-09-21T21:02:56.359701+00:00,3049,2171454,32x,300ms,25,64,1,7,83,51,103,39,12,7,5,3,177
2026-09-21T21:02:57.080330+00:00,3050,2172166,32x,300ms,25,64,1,7,83,51,103,39,12,7,5,3,177
2026-09-21T21:02:57.792407+00:00,3051,2172877,32x,300ms,25,64,0,7,83,51,103,39,12,7,5,3,177
2026-09-21T21:02:58.512121+00:00,3052,2173590,32x,300ms,25,64,0,7,83,51,103,39,12,7,5,3,177
2026-09-21T21:02:59.225135+00:00,3053,2174302,32x,300ms,25,64,0,7,83,51,103,39,12,7,5,3,177
2026-09-21T21:02:59.943567+00:00,3054,2175014,32x,300ms,25,64,0,7,83,51,103,39,12,7,5,3,177
2026-09-21T21:03:00.655540+00:00,3055,2175727,32x,300ms,25,64,0,7,83,51,103,39,12,7,5,3,177
2026-09-21T21:03:01.376353+00:00,3056,2176439,32x,300ms,25,64,1,7,83,51,103,39,12,7,5,3,177
2026-09-21T21:03:02.087716+00:00,3057,2177152,32x,300ms,25,64,1,7,83,51,103,39,12,7,5,3,177
2026-09-21T21:03:02.807629+00:00,3058,2177862,32x,300ms,25,64,1,7,83,51,103,39,12,7,5,3,177
2026-09-21T21:03:03.528617+00:00,3059,2178574,32x,300ms,25,64,1,7,83,51,103,39,12,7,5,3,177
2026-09-21T21:03:04.240639+00:00,3060,2179287,32x,300ms,25,64,1,7,83,51,103,39,12,7,5,3,177
2026-09-21T21:03:04.960085+00:00,3061,2179997,32x,300ms,25,64,0,7,83,51,103,39,12,7,5,3,177
2026-09-21T21:03:05.672234+00:00,3062,2180710,32x,300ms,25,64,0,7,83,51,103,39,12,7,5,3,177
2026-09-21T21:03:06.394182+00:00,3063,2181423,32x,300ms,25,64,0,7,83,51,103,39,12,7,5,3,177
2026-09-21T21:03:07.104612+00:00,3064,2182134,32x,300ms,25,64,0,7,83,51,103,39,12,7,5,3,177
2026-09-21T21:03:07.824620+00:00,3065,2182847,32x,300ms,25,64,0,7,83,51,103,39,12,7,5,3,177
2026-09-21T21:03:08.536281+00:00,3066,2183560,32x,300ms,25,64,1,7,83,51,103,39,12,7,5,3,177
2026-09-21T21:03:09.256012+00:00,3067,2184271,32x,300ms,25,64,1,7,83,51,103,39,12,7,5,3,177
2026-09-21T21:03:09.967793+00:00,3068,2184983,32x,300ms,25,64,1,7,83,51,103,39,12,7,5,3,177
2026-09-21T21:03:10.688624+00:00,3069,2185695,32x,300ms,25,64,1,7,83,51,103,39,12,7,5,3,177
2026-09-21T21:03:11.408339+00:00,3070,2186406,32x,300ms,25,64,1,7,83,51,103,39,12,7,5,3,177
2026-09-21T21:03:12.119579+00:00,3071,2187118,32x,300ms,25,64,0,7,83,51,103,39,12,7,5,3,177
2026-09-21T21:03:12.841193+00:00,3072,2187831,32x,300ms,25,64,0,7,83,51,103,39,12,7,5,3,177
2026-09-21T21:03:13.551629+00:00,3073,2188542,32x,300ms,25,64,0,7,83,51,103,39,12,7,5,3,177
2026-09-21T21:03:14.271918+00:00,3074,2189255,32x,300ms,25,64,0,7,83,51,103,39,12,7,5,3,177
2026-09-21T21:03:14.983818+00:00,3075,2189968,32x,300ms,25,64,0,7,83,51,103,39,12,7,5,3,177
2026-09-21T21:03:15.703907+00:00,3076,2190680,32x,300ms,25,64,1,7,83,51,103,39,12,7,5,3,177
2026-09-21T21:03:16.415995+00:00,3077,2191392,32x,300ms,25,64,1,7,83,51,103,39,12,7,5,3,177
2026-09-21T21:03:17.136495+00:00,3078,2192104,32x,300ms,25,64,1,7,83,51,103,39,12,7,5,3,177
2026-09-21T21:03:17.856682+00:00,3079,2192816,32x,300ms,25,64,1,7,83,51,103,39,12,7,5,3,177
2026-09-21T21:03:18.567535+00:00,3080,2193527,32x,300ms,25,64,1,7,83,51,103,39,12,7,5,3,177
2026-09-21T21:03:19.287553+00:00,3081,2194239,32x,300ms,25,64,0,7,83,51,103,39,12,7,5,3,177
2026-09-21T21:03:19.999535+00:00,3082,2194951,32x,300ms,25,64,0,7,83,51,103,39,12,7,5,3,177
2026-09-21T21:03:20.720878+00:00,3083,2195663,32x,300ms,25,64,0,7,83,51,103,39,12,7,5,3,177
2026-09-21T21:03:21.432646+00:00,3084,2196376,32x,300ms,25,64,0,7,83,51,103,39,12,7,5,3,177
2026-09-21T21:03:22.151397+00:00,3085,2197089,32x,300ms,25,64,0,7,83,51,103,39,12,7,5,3,177
2026-09-21T21:03:22.864119+00:00,3086,2197800,32x,300ms,25,64,1,7,83,51,103,39,12,7,5,3,177
2026-09-21T21:03:23.584682+00:00,3087,2198513,32x,300ms,25,64,1,7,83,51,103,39,12,7,5,3,177
2026-09-21T21:03:24.304415+00:00,3088,2199224,32x,300ms,25,64,1,7,83,51,103,39,12,7,5,3,177
2026-09-21T21:03:25.016568+00:00,3089,2199937,32x,300ms,25,64,1,7,83,51,103,39,12,7,5,3,177
2026-09-21T21:03:25.735520+00:00,3090,2200648,32x,300ms,25,64,1,7,83,51,103,39,12,7,5,3,177
2026-09-21T21:03:26.447536+00:00,3091,2201359,32x,300ms,25,64,0,7,83,51,103,39,12,7,5,3,177
2026-09-21T21:03:27.168558+00:00,3092,2202072,32x,300ms,25,64,0,7,83,51,103,39,12,7,5,3,177
2026-09-21T21:03:27.880615+00:00,3093,2202784,32x,300ms,25,64,0,7,83,51,103,39,12,7,5,3,177
2026-09-21T21:03:28.601175+00:00,3094,2203497,32x,300ms,25,64,0,7,83,51,103,39,12,7,5,3,177
2026-09-21T21:03:29.311837+00:00,3095,2204209,32x,300ms,25,64,0,7,83,51,103,39,12,7,5,3,177
2026-09-21T21:03:30.033399+00:00,3096,2204921,32x,300ms,25,64,1,7,83,51,103,39,12,7,5,3,177
2026-09-21T21:03:30.743930+00:00,3097,2205633,32x,300ms,25,64,1,7,83,51,103,39,12,7,5,3,177
2026-09-21T21:03:31.464013+00:00,3098,2206345,32x,300ms,25,64,1,7,83,51,103,39,12,7,5,3,177
2026-09-21T21:03:32.183551+00:00,3099,2207056,32x,300ms,25,64,1,7,83,51,103,39,12,7,5,3,177
2026-09-21T21:03:32.895541+00:00,3100,2207768,32x,300ms,25,64,1,7,83,51,103,39,12,7,5,3,177
2026-09-21T21:03:33.616150+00:00,3101,2208480,32x,300ms,25,64,0,7,83,51,103,39,12,7,5,3,177
2026-09-21T21:03:34.328752+00:00,3102,2209192,32x,300ms,25,64,0,7,83,51,103,39,12,7,5,3,177
2026-09-21T21:03:35.047706+00:00,3103,2209904,32x,300ms,25,64,0,7,83,51,103,39,12,7,5,3,177
2026-09-21T21:03:35.760279+00:00,3104,2210617,32x,300ms,25,64,0,7,83,51,103,39,12,7,5,3,177
2026-09-21T21:03:36.482997+00:00,3105,2211330,32x,300ms,25,64,0,7,83,51,103,39,12,7,5,3,177
2026-09-21T21:03:37.192292+00:00,3106,2212042,32x,300ms,25,64,1,7,83,51,103,39,12,7,5,3,177
2026-09-21T21:03:37.912360+00:00,3107,2212754,32x,300ms,25,64,1,7,83,51,103,39,12,7,5,3,177
2026-09-21T21:03:38.625204+00:00,3108,2213466,32x,300ms,25,64,1,7,83,51,103,39,12,7,5,3,177
2026-09-21T21:03:39.343668+00:00,3109,2214177,32x,300ms,25,64,1,7,83,51,103,39,12,7,5,3,177
2026-09-21T21:03:40.063818+00:00,3110,2214889,32x,300ms,25,64,1,7,83,51,103,39,12,7,5,3,177
2026-09-21T21:03:40.776681+00:00,3111,2215601,32x,300ms,25,64,0,7,83,51,103,39,12,7,5,3,177
2026-09-21T21:03:41.496063+00:00,3112,2216313,32x,300ms,25,64,0,7,83,51,103,39,12,7,5,3,177
2026-09-21T21:03:42.208346+00:00,3113,2217025,32x,300ms,25,64,0,7,83,51,103,39,12,7,5,3,177
2026-09-21T21:03:42.927393+00:00,3114,2217738,32x,300ms,25,64,0,7,83,51,103,39,12,7,5,3,177
2026-09-21T21:03:43.647628+00:00,3115,2218450,32x,300ms,25,64,0,7,83,51,103,39,12,7,5,3,177
2026-09-21T21:03:44.361288+00:00,3116,2219162,32x,300ms,25,64,1,7,83,51,103,39,12,7,5,3,177
2026-09-21T21:03:45.080100+00:00,3117,2219875,32x,300ms,25,64,1,7,83,51,103,39,12,7,5,3,177
2026-09-21T21:03:45.793492+00:00,3118,2220587,32x,300ms,25,64,1,7,83,51,103,39,12,7,6,3,177
2026-09-21T21:03:46.511462+00:00,3119,2221298,32x,300ms,25,64,1,7,83,51,103,39,12,7,5,3,177
2026-09-21T21:03:47.224465+00:00,3120,2222010,32x,300ms,25,64,1,7,83,51,103,39,12,7,5,3,177
2026-09-21T21:03:47.943528+00:00,3121,2222722,32x,300ms,25,64,0,7,83,51,103,39,12,7,5,3,177
2026-09-21T21:03:48.656613+00:00,3122,2223433,32x,300ms,25,64,0,7,83,51,103,39,12,7,5,3,177
2026-09-21T21:03:49.375454+00:00,3123,2224146,32x,300ms,25,64,0,7,83,51,103,39,12,7,5,3,177
2026-09-21T21:03:50.096936+00:00,3124,2224859,32x,300ms,25,64,0,7,83,51,103,39,12,7,5,3,177
2026-09-21T21:03:50.807890+00:00,3125,2225571,32x,300ms,25,64,0,7,83,51,103,39,12,7,5,3,177
2026-09-21T21:03:51.520563+00:00,3126,2226283,32x,300ms,25,64,1,7,83,51,103,39,12,7,5,3,176
2026-09-21T21:03:52.240140+00:00,3127,2226995,32x,300ms,25,64,1,7,83,51,104,40,13,7,6,3,178
2026-09-21T21:03:52.952576+00:00,3128,2227706,32x,300ms,25,64,1,6,73,39,72,2,0,0,0,0,7
2026-09-21T21:03:53.672292+00:00,3129,2228418,32x,300ms,25,64,1,0,4,1,2,2,0,0,0,0,7
2026-09-21T21:03:54.391548+00:00,3130,2229128,32x,300ms,25,64,1,5,51,40,99,39,12,6,4,3,137
2026-09-21T21:03:55.104454+00:00,3131,2229839,32x,300ms,25,64,0,5,49,40,102,39,12,6,4,3,137
2026-09-21T21:03:55.823926+00:00,3132,2230552,32x,300ms,25,64,0,5,49,40,102,38,12,6,4,2,135
2026-09-21T21:03:56.536160+00:00,3133,2231265,32x,300ms,25,64,0,5,48,39,101,38,11,6,4,2,134
2026-09-21T21:03:57.257150+00:00,3134,2231977,32x,300ms,25,64,0,5,41,37,101,38,11,6,4,2,130
2026-09-21T21:03:57.967620+00:00,3135,2232689,32x,300ms,25,64,0,5,41,37,101,38,11,5,4,2,130
2026-09-21T21:03:58.688786+00:00,3136,2233402,32x,300ms,25,64,1,5,41,37,101,38,11,6,4,2,130
2026-09-21T21:03:59.399846+00:00,3137,2234114,32x,300ms,25,64,1,5,41,37,101,38,11,6,4,2,130
2026-09-21T21:04:00.119435+00:00,3138,2234825,32x,300ms,25,64,1,5,41,37,101,38,11,6,4,2,130
2026-09-21T21:04:00.839483+00:00,3139,2235538,32x,300ms,25,64,1,5,41,37,101,38,11,6,4,2,130
2026-09-21T21:04:01.552624+00:00,3140,2236250,32x,300ms,25,64,1,5,41,37,101,38,11,6,4,2,130
2026-09-21T21:04:02.271483+00:00,3141,2236961,32x,300ms,25,64,0,5,41,37,101,38,11,6,4,2,130
2026-09-21T21:04:02.983510+00:00,3142,2237674,32x,300ms,25,64,0,5,41,37,101,38,11,6,4,2,130
2026-09-21T21:04:03.703668+00:00,3143,2238387,32x,300ms,25,64,0,5,41,37,101,38,11,6,4,2,130
2026-09-21T21:04:04.415945+00:00,3144,2239098,32x,300ms,25,64,0,5,41,37,101,38,11,6,4,2,130
2026-09-21T21:04:05.136599+00:00,3145,2239811,32x,300ms,25,64,0,5,41,37,101,38,11,6,4,2,130
2026-09-21T21:04:05.848602+00:00,3146,2240523,32x,300ms,25,64,1,5,41,37,101,38,11,6,4,2,130
2026-09-21T21:04:06.567643+00:00,3147,2241234,32x,300ms,25,64,1,5,41,37,101,38,11,6,4,2,129
2026-09-21T21:04:07.287753+00:00,3148,2241947,32x,300ms,25,64,1,5,40,36,100,38,11,6,4,2,129
2026-09-21T21:04:08.000595+00:00,3149,2242659,32x,300ms,25,64,1,5,40,36,100,38,11,6,4,2,129
2026-09-21T21:04:08.719394+00:00,3150,2243371,32x,300ms,25,64,1,5,40,36,100,38,11,5,4,2,129
2026-09-21T21:04:09.432085+00:00,3151,2244082,32x,300ms,25,64,0,5,40,36,100,38,11,6,4,2,129
2026-09-21T21:04:10.152586+00:00,3152,2244795,32x,300ms,25,64,0,5,40,36,100,38,11,5,4,2,129
2026-09-21T21:04:10.873179+00:00,3153,2245508,32x,300ms,25,64,0,5,40,36,100,38,11,6,4,2,129
2026-09-21T21:04:11.584595+00:00,3154,2246221,32x,300ms,25,64,0,5,40,36,100,38,11,6,4,2,129
2026-09-21T21:04:12.303535+00:00,3155,2246934,32x,300ms,25,64,0,5,40,36,100,38,11,6,4,2,129
2026-09-21T21:04:13.015697+00:00,3156,2247646,32x,300ms,25,64,1,5,40,36,100,38,11,6,4,2,129
2026-09-21T21:04:13.735901+00:00,3157,2248358,32x,300ms,25,64,1,5,40,36,100,38,11,6,4,2,129
2026-09-21T21:04:14.448332+00:00,3158,2249070,32x,300ms,25,64,1,5,40,36,100,38,11,5,4,2,129
2026-09-21T21:04:15.167939+00:00,3159,2249782,32x,300ms,25,64,1,5,40,36,100,38,11,6,4,2,129
2026-09-21T21:04:15.888363+00:00,3160,2250493,32x,300ms,25,64,1,5,40,36,100,38,11,6,4,2,129
2026-09-21T21:04:16.599624+00:00,3161,2251205,32x,300ms,25,64,0,5,40,36,100,38,11,6,4,2,129
2026-09-21T21:04:17.320346+00:00,3162,2251918,32x,300ms,25,64,0,5,40,36,100,38,11,6,4,2,129
2026-09-21T21:04:18.039816+00:00,3163,2252632,32x,300ms,25,64,0,5,40,37,100,38,11,6,4,2,129
2026-09-21T21:04:18.751565+00:00,3164,2253344,32x,300ms,25,64,0,5,40,36,100,38,11,6,4,2,129
2026-09-21T21:04:19.472484+00:00,3165,2254057,32x,300ms,25,64,0,5,40,36,100,38,11,6,4,2,129
2026-09-21T21:04:20.184513+00:00,3166,2254770,32x,300ms,25,64,1,5,40,36,100,38,11,6,4,2,129
2026-09-21T21:04:20.903880+00:00,3167,2255481,32x,300ms,25,64,1,5,40,36,100,38,11,6,4,3,129
2026-09-21T21:04:21.615570+00:00,3168,2256193,32x,300ms,25,64,1,5,40,36,100,38,11,6,4,2,129
2026-09-21T21:04:22.336538+00:00,3169,2256905,32x,300ms,25,64,1,5,40,36,100,38,11,6,4,2,129
2026-09-21T21:04:23.056028+00:00,3170,2257617,32x,300ms,25,64,1,5,40,36,100,38,11,6,4,2,129
2026-09-21T21:04:23.767394+00:00,3171,2258329,32x,300ms,25,64,0,5,40,37,100,38,11,6,4,2,129
2026-09-21T21:04:24.488734+00:00,3172,2259042,32x,300ms,25,64,0,5,40,36,100,38,11,6,4,2,129
2026-09-21T21:04:25.200267+00:00,3173,2259755,32x,300ms,25,64,0,5,40,36,100,38,11,6,4,2,129
2026-09-21T21:04:25.920179+00:00,3174,2260467,32x,300ms,25,64,0,5,40,36,100,38,11,6,4,2,129
2026-09-21T21:04:26.632006+00:00,3175,2261180,32x,300ms,25,64,0,5,40,36,100,38,11,5,4,2,129
2026-09-21T21:04:27.352234+00:00,3176,2261893,32x,300ms,25,64,1,5,40,36,100,38,11,6,4,2,129
2026-09-21T21:04:28.064346+00:00,3177,2262604,32x,300ms,25,64,1,5,40,36,100,38,11,6,4,2,129
2026-09-21T21:04:28.784001+00:00,3178,2263316,32x,300ms,25,64,1,5,40,36,100,38,11,6,4,2,129
2026-09-21T21:04:29.503520+00:00,3179,2264029,32x,300ms,25,64,1,5,40,36,100,38,11,6,4,2,129
2026-09-21T21:04:30.215553+00:00,3180,2264739,32x,300ms,25,64,1,5,41,37,100,38,11,6,4,2,129
2026-09-21T21:04:30.935380+00:00,3181,2265452,32x,300ms,25,64,0,5,40,36,100,38,11,6,4,2,129
2026-09-21T21:04:31.655772+00:00,3182,2266165,32x,300ms,25,64,0,5,40,36,100,38,11,6,4,3,129
2026-09-21T21:04:32.367509+00:00,3183,2266877,32x,300ms,25,64,0,5,40,36,100,38,11,6,4,3,129
2026-09-21T21:04:33.088155+00:00,3184,2267590,32x,300ms,25,64,0,5,40,36,100,38,11,6,4,2,129
2026-09-21T21:04:33.799901+00:00,3185,2268303,32x,300ms,25,64,0,5,40,36,100,38,11,6,4,2,129
2026-09-21T21:04:34.519527+00:00,3186,2269016,32x,300ms,25,64,1,5,40,36,100,38,11,6,4,2,129
2026-09-21T21:04:35.231491+00:00,3187,2269727,32x,300ms,25,64,1,5,40,36,100,38,11,6,4,2,129
2026-09-21T21:04:35.951461+00:00,3188,2270440,32x,300ms,25,64,1,5,40,36,100,38,11,6,4,2,129
2026-09-21T21:04:36.663957+00:00,3189,2271152,32x,300ms,25,64,1,5,41,36,100,38,11,6,4,2,129
2026-09-21T21:04:37.384085+00:00,3190,2271863,32x,300ms,25,64,1,5,40,36,100,38,11,6,4,2,129
2026-09-21T21:04:38.104095+00:00,3191,2272575,32x,300ms,25,64,0,5,41,36,100,38,11,6,4,2,129
2026-09-21T21:04:38.816426+00:00,3192,2273288,32x,300ms,25,64,0,5,40,36,100,38,11,5,4,2,129
2026-09-21T21:04:39.536253+00:00,3193,2274000,32x,300ms,25,64,0,5,40,36,100,38,11,5,4,2,129
2026-09-21T21:04:40.256059+00:00,3194,2274713,32x,300ms,25,64,0,5,40,36,100,38,11,6,4,2,129
2026-09-21T21:04:40.970239+00:00,3195,2275426,32x,300ms,25,64,0,5,40,36,100,38,11,6,4,2,129
2026-09-21T21:04:41.687957+00:00,3196,2276140,32x,300ms,25,64,1,5,40,36,100,38,11,6,4,2,129
2026-09-21T21:04:42.399543+00:00,3197,2276851,32x,300ms,25,64,1,5,40,36,100,38,11,6,4,2,129
2026-09-21T21:04:43.119410+00:00,3198,2277563,32x,300ms,25,64,1,5,40,36,100,38,11,6,4,2,129
2026-09-21T21:04:43.831560+00:00,3199,2278275,32x,300ms,25,64,1,5,40,36,100,38,11,6,4,2,129
2026-09-21T21:04:44.552167+00:00,3200,2278986,32x,300ms,25,64,1,5,40,36,100,38,11,6,4,2,129
2026-09-21T21:04:45.271685+00:00,3201,2279698,32x,300ms,25,64,0,5,41,36,100,38,11,6,4,2,129
2026-09-21T21:04:45.983691+00:00,3202,2280411,32x,300ms,25,64,0,5,40,36,100,38,11,6,4,2,129
2026-09-21T21:04:46.704075+00:00,3203,2281123,32x,300ms,25,64,0,5,40,37,100,38,11,6,4,2,129
2026-09-21T21:04:47.415417+00:00,3204,2281836,32x,300ms,25,64,0,5,40,36,100,38,11,6,4,2,129
2026-09-21T21:04:48.135569+00:00,3205,2282549,32x,300ms,25,64,0,5,40,36,100,38,11,6,4,2,129
2026-09-21T21:04:48.847819+00:00,3206,2283261,32x,300ms,25,64,1,5,41,37,100,38,11,6,4,2,129
2026-09-21T21:04:49.568277+00:00,3207,2283973,32x,300ms,25,64,1,5,41,37,100,38,11,6,4,2,129
2026-09-21T21:04:50.287654+00:00,3208,2284686,32x,300ms,25,64,1,5,41,37,100,38,11,6,4,2,129
2026-09-21T21:04:51.000210+00:00,3209,2285398,32x,300ms,25,64,1,5,40,36,100,38,11,6,4,2,129
2026-09-21T21:04:51.719572+00:00,3210,2286109,32x,300ms,25,64,1,5,40,36,100,38,11,6,4,2,129
2026-09-21T21:04:52.431482+00:00,3211,2286821,32x,300ms,25,64,0,5,41,36,100,38,11,6,4,2,129
2026-09-21T21:04:53.151758+00:00,3212,2287534,32x,300ms,25,64,0,5,41,36,100,38,11,6,4,2,129
2026-09-21T21:04:53.872552+00:00,3213,2288246,32x,300ms,25,64,0,5,41,36,100,38,11,6,4,2,129
2026-09-21T21:04:54.584436+00:00,3214,2288959,32x,300ms,25,64,0,5,41,37,100,38,11,6,4,2,129
2026-09-21T21:04:55.305308+00:00,3215,2289672,32x,300ms,25,64,0,5,40,36,100,38,11,6,4,2,129
2026-09-21T21:04:56.015508+00:00,3216,2290384,32x,300ms,25,64,1,5,40,36,100,38,11,6,4,2,129
2026-09-21T21:04:56.737286+00:00,3217,2291096,32x,300ms,25,64,1,5,41,36,100,38,11,6,4,2,129
2026-09-21T21:04:57.447628+00:00,3218,2291808,32x,300ms,25,64,1,5,40,36,100,38,11,6,4,2,129
2026-09-21T21:04:58.167468+00:00,3219,2292519,32x,300ms,25,64,1,5,41,36,100,38,11,6,4,2,129
2026-09-21T21:04:58.879615+00:00,3220,2293231,32x,300ms,25,64,1,5,40,36,100,38,11,6,4,2,129
2026-09-21T21:04:59.599847+00:00,3221,2293944,32x,300ms,25,64,0,5,41,37,100,38,11,6,4,2,129
2026-09-21T21:05:00.319922+00:00,3222,2294656,32x,300ms,25,64,0,5,40,36,100,39,11,6,4,2,130
2026-09-21T21:05:01.031233+00:00,3223,2295368,32x,300ms,25,64,0,5,41,37,102,39,11,6,4,2,135
2026-09-21T21:05:01.751601+00:00,3224,2296081,32x,300ms,25,64,0,5,41,36,101,38,11,6,4,3,136
2026-09-21T21:05:02.463828+00:00,3225,2296794,32x,300ms,25,64,0,5,41,37,101,38,11,6,4,2,136
2026-09-21T21:05:03.183780+00:00,3226,2297505,32x,300ms,25,64,1,5,41,36,101,38,11,6,4,2,137
2026-09-21T21:05:03.896122+00:00,3227,2298217,32x,300ms,25,64,1,5,41,36,101,39,11,6,4,2,137
2026-09-21T21:05:04.615571+00:00,3228,2298929,32x,300ms,25,64,1,5,41,35,101,39,12,6,4,2,138
2026-09-21T21:05:05.328056+00:00,3229,2299641,32x,300ms,25,64,1,5,42,35,101,39,12,6,4,2,139
2026-09-21T21:05:06.047550+00:00,3230,2300353,32x,300ms,25,64,1,5,42,35,101,39,12,6,4,2,137
2026-09-21T21:05:06.767313+00:00,3231,2301065,32x,300ms,25,64,0,5,41,35,101,39,11,6,4,2,137
2026-09-21T21:05:07.479205+00:00,3232,2301777,32x,300ms,25,64,0,5,40,35,101,38,11,5,4,2,132
2026-09-21T21:05:08.199455+00:00,3233,2302490,32x,300ms,25,64,0,5,40,35,101,39,12,6,4,2,135
2026-09-21T21:05:08.911382+00:00,3234,2303203,32x,300ms,25,64,0,5,41,37,103,39,12,6,4,2,140
2026-09-21T21:05:09.631946+00:00,3235,2303915,32x,300ms,25,64,0,5,42,37,103,39,11,6,4,2,134
2026-09-21T21:05:10.343780+00:00,3236,2304627,32x,300ms,25,64,1,5,41,37,103,39,11,6,4,2,133
2026-09-21T21:05:11.064015+00:00,3237,2305339,32x,300ms,25,64,1,5,41,37,102,39,11,6,4,2,133
2026-09-21T21:05:11.783430+00:00,3238,2306051,32x,300ms,25,64,1,5,41,37,102,39,11,6,4,2,133
2026-09-21T21:05:12.495290+00:00,3239,2306763,32x,300ms,25,64,1,5,41,37,102,39,11,6,4,2,133
2026-09-21T21:05:13.215280+00:00,3240,2307475,32x,300ms,25,64,1,5,41,37,102,39,11,6,4,2,132
2026-09-21T21:05:13.927481+00:00,3241,2308187,32x,300ms,25,64,0,5,41,37,102,39,11,6,4,2,132
2026-09-21T21:05:14.647117+00:00,3242,2308899,32x,300ms,25,64,0,5,41,37,102,39,11,6,4,2,132
2026-09-21T21:05:15.359724+00:00,3243,2309611,32x,300ms,25,64,0,5,41,37,102,39,11,6,4,2,132
2026-09-21T21:05:16.079515+00:00,3244,2310324,32x,300ms,25,64,0,5,41,37,102,39,11,6,4,2,132
2026-09-21T21:05:16.791484+00:00,3245,2311036,32x,300ms,25,64,0,5,41,37,102,39,11,6,4,2,132
2026-09-21T21:05:17.512176+00:00,3246,2311748,32x,300ms,25,64,1,5,41,37,102,39,11,6,4,2,132
2026-09-21T21:05:18.231952+00:00,3247,2312460,32x,300ms,25,64,1,5,41,37,102,39,11,6,4,2,132
2026-09-21T21:05:18.944414+00:00,3248,2313171,32x,300ms,25,64,1,5,41,37,102,39,11,6,4,2,132
2026-09-21T21:05:19.664359+00:00,3249,2313883,32x,300ms,25,64,1,5,41,37,102,39,11,6,4,2,132
2026-09-21T21:05:20.375416+00:00,3250,2314596,32x,300ms,25,64,1,5,41,37,102,39,11,6,4,2,131
2026-09-21T21:05:21.096097+00:00,3251,2315308,32x,300ms,25,64,0,5,41,37,102,39,11,6,4,2,131
2026-09-21T21:05:21.808301+00:00,3252,2316019,32x,300ms,25,64,0,5,41,37,102,39,11,6,4,2,131
2026-09-21T21:05:22.528255+00:00,3253,2316732,32x,300ms,25,64,0,5,41,37,102,39,11,6,4,2,131
2026-09-21T21:05:23.239846+00:00,3254,2317445,32x,300ms,25,64,0,5,41,37,102,39,11,6,4,2,131
2026-09-21T21:05:23.959671+00:00,3255,2318156,32x,300ms,25,64,0,5,41,37,102,39,11,6,4,2,131
2026-09-21T21:05:24.679026+00:00,3256,2318869,32x,300ms,25,64,1,5,41,37,102,39,11,6,4,2,131
2026-09-21T21:05:25.391793+00:00,3257,2319581,32x,300ms,25,64,1,5,41,37,102,39,11,6,4,2,131
2026-09-21T21:05:26.111274+00:00,3258,2320292,32x,300ms,25,64,1,5,41,37,102,39,11,5,4,2,131
2026-09-21T21:05:26.823184+00:00,3259,2321004,32x,300ms,25,64,1,5,41,37,102,39,11,6,4,2,131
2026-09-21T21:05:27.544628+00:00,3260,2321716,32x,300ms,25,64,1,5,41,37,102,39,11,6,4,2,131
2026-09-21T21:05:28.255780+00:00,3261,2322427,32x,300ms,25,64,0,5,41,37,102,39,11,6,4,2,131
2026-09-21T21:05:28.975732+00:00,3262,2323140,32x,300ms,25,64,0,5,41,37,102,39,11,6,4,2,131
2026-09-21T21:05:29.688048+00:00,3263,2323852,32x,300ms,25,64,0,5,41,37,102,38,11,6,4,2,131
2026-09-21T21:05:30.407279+00:00,3264,2324564,32x,300ms,25,64,0,5,41,37,102,39,11,6,4,2,131
2026-09-21T21:05:31.119681+00:00,3265,2325277,32x,300ms,25,64,0,5,41,37,102,39,11,6,4,2,131
2026-09-21T21:05:31.838997+00:00,3266,2325989,32x,300ms,25,64,1,5,41,37,102,39,11,6,4,2,131
2026-09-21T21:05:32.558952+00:00,3267,2326701,32x,300ms,25,64,1,5,41,37,102,39,11,6,4,2,131
2026-09-21T21:05:33.271217+00:00,3268,2327412,32x,300ms,25,64,1,5,41,37,102,39,11,6,4,2,131
2026-09-21T21:05:33.991251+00:00,3269,2328124,32x,300ms,25,64,1,5,41,37,102,39,11,6,4,2,131
2026-09-21T21:05:34.703070+00:00,3270,2328836,32x,300ms,25,64,1,5,41,37,102,39,11,6,4,2,131
2026-09-21T21:05:35.424134+00:00,3271,2329547,32x,300ms,25,64,0,5,41,37,102,39,11,6,4,2,131
2026-09-21T21:05:36.136442+00:00,3272,2330260,32x,300ms,25,64,0,5,41,37,102,38,11,6,4,2,131
2026-09-21T21:05:36.854933+00:00,3273,2330972,32x,300ms,25,64,0,5,41,37,102,39,11,6,4,2,132
2026-09-21T21:05:37.566891+00:00,3274,2331684,32x,300ms,25,64,0,5,41,36,101,39,11,6,4,2,130
2026-09-21T21:05:38.287757+00:00,3275,2332397,32x,300ms,25,64,0,5,41,37,101,38,11,6,4,2,130
2026-09-21T21:05:39.007911+00:00,3276,2333109,32x,300ms,25,64,1,5,40,36,100,38,11,5,4,2,129
2026-09-21T21:05:39.719105+00:00,3277,2333821,32x,300ms,25,64,1,5,40,36,101,38,11,6,4,2,130
2026-09-21T21:05:40.431220+00:00,3278,2334533,32x,300ms,25,64,1,5,40,36,100,38,11,5,4,2,129
2026-09-21T21:05:41.143367+00:00,3279,2335245,32x,300ms,25,64,1,0,3,3,8,1,0,0,0,0,3
2026-09-21T21:05:41.863192+00:00,3280,2335955,32x,300ms,25,64,1,0,0,0,1,1,0,0,0,0,3
2026-09-21T21:05:42.574860+00:00,3281,2336665,32x,300ms,25,64,0,0,0,0,1,1,0,0,0,0,2
2026-09-21T21:05:43.295004+00:00,3282,2337376,32x,300ms,25,64,0,0,0,0,1,2,0,0,0,0,4
2026-09-21T21:05:44.007191+00:00,3283,2338085,32x,300ms,25,64,0,3,23,21,58,39,12,6,4,2,132
2026-09-21T21:05:44.727673+00:00,3284,2338797,32x,300ms,25,64,0,5,40,36,100,37,11,5,4,2,124
2026-09-21T21:05:45.439010+00:00,3285,2339510,32x,300ms,25,64,0,5,39,35,94,34,10,5,3,2,118
2026-09-21T21:05:46.159474+00:00,3286,2340221,32x,300ms,25,64,1,4,37,33,89,34,10,5,4,2,115
2026-09-21T21:05:46.872067+00:00,3287,2340934,32x,300ms,25,64,1,4,37,33,87,9,2,1,1,1,30
2026-09-21T21:05:47.583150+00:00,3288,2341645,32x,300ms,25,64,1,0,6,6,16,1,0,0,0,0,3
2026-09-21T21:05:48.303229+00:00,3289,2342354,32x,300ms,25,64,1,0,1,1,6,3,1,0,0,0,9
2026-09-21T21:05:49.023511+00:00,3290,2343065,32x,300ms,25,64,1,4,32,29,79,38,11,6,4,2,129
2026-09-21T21:05:49.735799+00:00,3291,2343777,32x,300ms,25,64,0,5,40,36,100,38,11,6,4,2,128
2026-09-21T21:05:50.455831+00:00,3292,2344491,32x,300ms,25,64,0,5,40,36,100,38,11,6,4,2,128
2026-09-21T21:05:51.175579+00:00,3293,2345202,32x,300ms,25,64,0,5,41,37,101,39,11,6,4,2,131
2026-09-21T21:05:51.887163+00:00,3294,2345915,32x,300ms,25,64,0,5,41,37,101,38,11,6,4,2,130
2026-09-21T21:05:52.607073+00:00,3295,2346628,32x,300ms,25,64,0,5,40,36,100,38,11,5,4,2,128
2026-09-21T21:05:53.318737+00:00,3296,2347340,32x,300ms,25,64,1,5,40,36,99,37,11,5,4,2,126
2026-09-21T21:05:54.039013+00:00,3297,2348052,32x,300ms,25,64,1,5,39,35,99,38,11,6,4,2,126
2026-09-21T21:05:54.751246+00:00,3298,2348764,32x,300ms,25,64,1,5,41,37,101,38,11,6,4,2,134
2026-09-21T21:05:55.470841+00:00,3299,2349475,32x,300ms,25,64,1,5,40,37,100,38,11,5,4,2,129
2026-09-21T21:05:56.190693+00:00,3300,2350187,32x,300ms,25,64,1,5,40,36,100,38,11,6,4,2,129
2026-09-21T21:05:56.903468+00:00,3301,2350899,32x,300ms,25,64,0,5,40,36,100,38,11,6,4,2,129
2026-09-21T21:05:57.623540+00:00,3302,2351611,32x,300ms,25,64,0,5,40,36,100,38,11,5,4,2,129
2026-09-21T21:05:58.335562+00:00,3303,2352325,32x,300ms,25,64,0,5,40,36,100,38,11,6,4,2,129
2026-09-21T21:05:59.055492+00:00,3304,2353037,32x,300ms,25,64,0,5,40,36,100,38,11,6,4,2,129
2026-09-21T21:05:59.766680+00:00,3305,2353751,32x,300ms,25,64,0,5,40,36,100,38,11,5,4,3,129
2026-09-21T21:06:00.486688+00:00,3306,2354463,32x,300ms,25,64,1,5,40,36,100,38,11,5,4,2,130
2026-09-21T21:06:01.206654+00:00,3307,2355175,32x,300ms,25,64,1,5,40,36,100,38,11,6,4,2,133
2026-09-21T21:06:01.919210+00:00,3308,2355887,32x,300ms,25,64,1,5,42,37,101,38,11,6,4,2,132
2026-09-21T21:06:02.639090+00:00,3309,2356598,32x,300ms,25,64,1,5,42,37,101,38,11,6,4,2,131
2026-09-21T21:06:03.350570+00:00,3310,2357310,32x,300ms,25,64,1,5,42,37,101,38,11,6,4,2,131
2026-09-21T21:06:04.070606+00:00,3311,2358022,32x,300ms,25,64,0,5,42,37,101,38,11,6,4,2,131
2026-09-21T21:06:04.783491+00:00,3312,2358734,32x,300ms,25,64,0,5,42,37,101,38,11,6,4,2,131
2026-09-21T21:06:05.503155+00:00,3313,2359446,32x,300ms,25,64,0,5,42,37,101,38,11,6,4,2,131
2026-09-21T21:06:06.214666+00:00,3314,2360159,32x,300ms,25,64,0,5,42,37,101,38,11,6,4,2,131
2026-09-21T21:06:06.934841+00:00,3315,2360871,32x,300ms,25,64,0,5,42,37,101,38,11,6,4,2,131
2026-09-21T21:06:07.654592+00:00,3316,2361583,32x,300ms,25,64,1,5,42,37,101,38,11,5,4,2,131
2026-09-21T21:06:08.366521+00:00,3317,2362296,32x,300ms,25,64,1,5,41,36,100,38,11,6,4,2,130
2026-09-21T21:06:09.086581+00:00,3318,2363008,32x,300ms,25,64,1,5,40,36,100,38,11,5,4,2,129
2026-09-21T21:06:09.798875+00:00,3319,2363719,32x,300ms,25,64,1,5,41,36,100,38,11,5,4,2,129
2026-09-21T21:06:10.519336+00:00,3320,2364431,32x,300ms,25,64,1,5,40,36,100,38,11,5,4,2,130
2026-09-21T21:06:11.231407+00:00,3321,2365143,32x,300ms,25,64,0,5,41,36,100,38,11,6,4,2,130
2026-09-21T21:06:11.951887+00:00,3322,2365855,32x,300ms,25,64,0,5,40,37,100,38,11,5,4,2,129
2026-09-21T21:06:12.671982+00:00,3323,2366568,32x,300ms,25,64,0,5,41,37,100,38,11,6,4,2,129
2026-09-21T21:06:13.382502+00:00,3324,2367281,32x,300ms,25,64,0,5,40,36,100,38,11,5,4,2,129
2026-09-21T21:06:14.103067+00:00,3325,2367993,32x,300ms,25,64,0,5,41,37,100,38,11,6,4,2,129
2026-09-21T21:06:14.815235+00:00,3326,2368706,32x,300ms,25,64,1,5,41,36,100,38,11,5,4,2,130
2026-09-21T21:06:15.534738+00:00,3327,2369418,32x,300ms,25,64,1,5,40,36,100,38,11,5,4,2,129
2026-09-21T21:06:16.246890+00:00,3328,2370129,32x,300ms,25,64,1,5,41,36,100,38,11,5,4,2,129
2026-09-21T21:06:16.967239+00:00,3329,2370841,32x,300ms,25,64,1,5,40,36,100,38,11,6,4,2,129
2026-09-21T21:06:17.686759+00:00,3330,2371554,32x,300ms,25,64,1,5,41,36,100,38,11,6,4,2,129
2026-09-21T21:06:18.398887+00:00,3331,2372265,32x,300ms,25,64,0,5,40,36,100,38,11,5,4,2,129
2026-09-21T21:06:19.118476+00:00,3332,2372978,32x,300ms,25,64,0,5,40,36,100,38,11,6,4,2,129
2026-09-21T21:06:19.830597+00:00,3333,2373691,32x,300ms,25,64,0,5,41,36,100,38,11,6,4,2,129
2026-09-21T21:06:20.551645+00:00,3334,2374404,32x,300ms,25,64,0,5,40,36,100,38,11,6,4,2,129
2026-09-21T21:06:21.270457+00:00,3335,2375116,32x,300ms,25,64,0,5,40,36,100,38,11,6,4,2,129
2026-09-21T21:06:21.984436+00:00,3336,2375829,32x,300ms,25,64,1,5,40,36,100,38,11,6,4,2,129
2026-09-21T21:06:22.702746+00:00,3337,2376541,32x,300ms,25,64,1,5,40,36,100,38,11,6,4,2,129
2026-09-21T21:06:23.414816+00:00,3338,2377252,32x,300ms,25,64,1,5,40,36,100,38,11,6,4,2,129
2026-09-21T21:06:24.135038+00:00,3339,2377965,32x,300ms,25,64,1,5,40,36,100,38,11,6,4,2,129
2026-09-21T21:06:24.847133+00:00,3340,2378677,32x,300ms,25,64,1,5,41,36,100,38,11,5,4,2,129
2026-09-21T21:06:25.567202+00:00,3341,2379388,32x,300ms,25,64,0,5,40,36,100,38,11,6,4,2,129
2026-09-21T21:06:26.286289+00:00,3342,2380101,32x,300ms,25,64,0,5,41,36,100,38,11,5,4,2,129
2026-09-21T21:06:26.999042+00:00,3343,2380814,32x,300ms,25,64,0,5,41,36,100,38,11,5,4,2,129
2026-09-21T21:06:27.718976+00:00,3344,2381527,32x,300ms,25,64,0,5,40,36,100,38,11,6,4,2,129
2026-09-21T21:06:28.430575+00:00,3345,2382239,32x,300ms,25,64,0,5,40,36,100,38,11,6,4,2,129
2026-09-21T21:06:29.150986+00:00,3346,2382952,32x,300ms,25,64,1,5,40,36,100,38,11,6,4,2,129
2026-09-21T21:06:29.862587+00:00,3347,2383664,32x,300ms,25,64,1,5,41,36,100,38,11,6,4,2,129
2026-09-21T21:06:30.582529+00:00,3348,2384376,32x,300ms,25,64,1,5,41,37,100,38,11,6,4,2,129
2026-09-21T21:06:31.302471+00:00,3349,2385088,32x,300ms,25,64,1,5,41,36,100,38,11,5,4,2,129
2026-09-21T21:06:32.014504+00:00,3350,2385800,32x,300ms,25,64,1,5,41,36,100,38,11,6,4,2,129
2026-09-21T21:06:32.734802+00:00,3351,2386511,32x,300ms,25,64,0,5,40,36,100,38,11,6,4,2,129
2026-09-21T21:06:33.446950+00:00,3352,2387224,32x,300ms,25,64,0,5,41,36,100,38,11,6,4,2,129
2026-09-21T21:06:34.167883+00:00,3353,2387937,32x,300ms,25,64,0,5,41,37,100,38,11,6,4,2,129
2026-09-21T21:06:34.886968+00:00,3354,2388649,32x,300ms,25,64,0,5,40,36,100,38,11,6,4,2,129
2026-09-21T21:06:35.598607+00:00,3355,2389362,32x,300ms,25,64,0,5,41,36,100,38,11,6,4,2,129
2026-09-21T21:06:36.318412+00:00,3356,2390075,32x,300ms,25,64,1,5,41,36,100,38,11,6,4,2,129
2026-09-21T21:06:37.031962+00:00,3357,2390787,32x,300ms,25,64,1,5,41,36,100,38,11,6,4,2,129
2026-09-21T21:06:37.750587+00:00,3358,2391498,32x,300ms,25,64,1,5,40,36,100,38,11,5,4,2,129
2026-09-21T21:06:38.462371+00:00,3359,2392211,32x,300ms,25,64,1,5,41,36,100,38,11,5,4,2,129
2026-09-21T21:06:39.182767+00:00,3360,2392923,32x,300ms,25,64,1,5,41,36,100,38,11,6,4,2,129
2026-09-21T21:06:39.902868+00:00,3361,2393634,32x,300ms,25,64,0,5,40,36,100,38,11,5,4,2,129
2026-09-21T21:06:40.614262+00:00,3362,2394347,32x,300ms,25,64,0,5,41,36,100,38,11,6,4,2,129
2026-09-21T21:06:41.334140+00:00,3363,2395060,32x,300ms,25,64,0,5,41,36,100,38,11,6,4,2,129
2026-09-21T21:06:42.046676+00:00,3364,2395772,32x,300ms,25,64,0,5,41,36,100,38,11,5,4,2,129
2026-09-21T21:06:42.766311+00:00,3365,2396485,32x,300ms,25,64,0,5,41,37,100,38,11,6,4,2,129
2026-09-21T21:06:43.478906+00:00,3366,2397197,32x,300ms,25,64,1,5,41,36,100,38,11,6,4,2,129
2026-09-21T21:06:44.198138+00:00,3367,2397908,32x,300ms,25,64,1,5,40,37,100,38,11,6,4,2,129
2026-09-21T21:06:44.911114+00:00,3368,2398621,32x,300ms,25,64,1,5,41,36,100,38,11,6,4,2,129
2026-09-21T21:06:45.630849+00:00,3369,2399333,32x,300ms,25,64,1,5,41,36,100,38,11,6,4,2,129
2026-09-21T21:06:46.351598+00:00,3370,2400045,32x,300ms,25,64,1,5,40,36,100,38,11,6,4,2,129
2026-09-21T21:06:47.062640+00:00,3371,2400756,32x,300ms,25,64,0,5,40,36,100,38,11,6,4,2,129
2026-09-21T21:06:47.783377+00:00,3372,2401469,32x,300ms,25,64,0,5,40,36,100,38,11,5,4,2,129
2026-09-21T21:06:48.503296+00:00,3373,2402182,32x,300ms,25,64,0,5,40,36,100,38,11,5,4,2,129
2026-09-21T21:06:49.214317+00:00,3374,2402894,32x,300ms,25,64,0,5,41,36,100,38,11,6,4,2,129
2026-09-21T21:06:49.934887+00:00,3375,2403607,32x,300ms,25,64,0,5,40,36,100,38,11,6,4,2,129
2026-09-21T21:06:50.647112+00:00,3376,2404320,32x,300ms,25,64,1,5,41,36,100,38,11,6,4,2,129
2026-09-21T21:06:51.366827+00:00,3377,2405032,32x,300ms,25,64,1,5,41,36,100,38,11,6,4,2,129
2026-09-21T21:06:52.078322+00:00,3378,2405744,32x,300ms,25,64,1,5,41,36,100,38,11,6,4,2,129
2026-09-21T21:06:52.798134+00:00,3379,2406456,32x,300ms,25,64,1,5,41,36,100,38,11,6,4,2,129
2026-09-21T21:06:53.510339+00:00,3380,2407168,32x,300ms,25,64,1,5,40,36,100,38,11,6,4,2,129
2026-09-21T21:06:54.229986+00:00,3381,2407879,32x,300ms,25,64,0,5,40,36,100,38,11,6,4,2,129
2026-09-21T21:06:54.950103+00:00,3382,2408592,32x,300ms,25,64,0,5,41,36,100,38,11,6,4,2,129
2026-09-21T21:06:55.662297+00:00,3383,2409305,32x,300ms,25,64,0,5,41,36,100,38,11,5,4,2,129
2026-09-21T21:06:56.382320+00:00,3384,2410017,32x,300ms,25,64,0,5,40,36,100,38,11,6,4,2,129
2026-09-21T21:06:57.094692+00:00,3385,2410730,32x,300ms,25,64,0,5,41,36,100,38,11,6,4,2,129
2026-09-21T21:06:57.814658+00:00,3386,2411443,32x,300ms,25,64,1,5,40,36,100,38,11,5,4,2,129
2026-09-21T21:06:58.526409+00:00,3387,2412154,32x,300ms,25,64,1,5,40,36,100,38,11,6,4,2,129
2026-09-21T21:06:59.246231+00:00,3388,2412866,32x,300ms,25,64,1,5,40,36,100,38,11,6,4,2,129
2026-09-21T21:06:59.966880+00:00,3389,2413578,32x,300ms,25,64,1,5,40,36,100,38,11,6,4,2,129
2026-09-21T21:07:00.678255+00:00,3390,2414290,32x,300ms,25,64,1,5,41,36,100,38,11,5,4,2,129
2026-09-21T21:07:01.398561+00:00,3391,2415002,32x,300ms,25,64,0,5,41,36,100,38,11,6,4,2,129
2026-09-21T21:07:02.110523+00:00,3392,2415715,32x,300ms,25,64,0,5,41,36,100,38,11,6,4,2,129
2026-09-21T21:07:02.830253+00:00,3393,2416428,32x,300ms,25,64,0,5,41,36,100,38,11,6,4,2,129
2026-09-21T21:07:03.550349+00:00,3394,2417139,32x,300ms,25,64,0,5,40,36,100,38,11,5,4,2,129
2026-09-21T21:07:04.262348+00:00,3395,2417852,32x,300ms,25,64,0,5,41,36,100,38,11,5,4,2,129
2026-09-21T21:07:04.983284+00:00,3396,2418565,32x,300ms,25,64,1,5,40,36,100,38,11,6,4,2,129
2026-09-21T21:07:05.694172+00:00,3397,2419276,32x,300ms,25,64,1,5,41,36,100,38,11,6,4,2,129
2026-09-21T21:07:06.414009+00:00,3398,2419989,32x,300ms,25,64,1,5,40,36,100,38,11,6,4,2,129
2026-09-21T21:07:07.125947+00:00,3399,2420701,32x,300ms,25,64,1,5,41,36,100,38,11,6,4,2,129
2026-09-21T21:07:07.847233+00:00,3400,2421412,32x,300ms,25,64,1,5,40,36,100,38,11,6,4,2,129
2026-09-21T21:07:08.567040+00:00,3401,2422124,32x,300ms,25,64,0,5,40,36,100,38,11,6,4,2,129
2026-09-21T21:07:09.277939+00:00,3402,2422837,32x,300ms,25,64,0,5,40,36,100,38,11,5,4,2,129
2026-09-21T21:07:09.998420+00:00,3403,2423549,32x,300ms,25,64,0,5,41,36,100,38,11,6,4,2,129
2026-09-21T21:07:10.710024+00:00,3404,2424262,32x,300ms,25,64,0,5,41,36,100,38,11,5,4,2,129
2026-09-21T21:07:11.430450+00:00,3405,2424975,32x,300ms,25,64,0,5,40,36,100,38,11,5,4,2,129
2026-09-21T21:07:12.142401+00:00,3406,2425688,32x,300ms,25,64,1,5,40,36,100,38,11,6,4,2,129
2026-09-21T21:07:12.861805+00:00,3407,2426399,32x,300ms,25,64,1,5,40,36,100,38,11,5,4,2,129
2026-09-21T21:07:13.574206+00:00,3408,2427112,32x,300ms,25,64,1,5,41,36,100,38,11,6,4,2,129
2026-09-21T21:07:14.294504+00:00,3409,2427824,32x,300ms,25,64,1,5,40,37,100,38,11,6,4,2,129
2026-09-21T21:07:15.013781+00:00,3410,2428535,32x,300ms,25,64,1,5,41,36,100,38,11,6,4,2,129
2026-09-21T21:07:15.726100+00:00,3411,2429247,32x,300ms,25,64,0,5,40,36,100,38,11,6,4,2,129
2026-09-21T21:07:16.445809+00:00,3412,2429960,32x,300ms,25,64,0,5,40,36,100,38,11,6,4,2,129
2026-09-21T21:07:17.166003+00:00,3413,2430672,32x,300ms,25,64,0,5,41,36,100,38,11,6,4,2,129
2026-09-21T21:07:17.877885+00:00,3414,2431385,32x,300ms,25,64,0,5,40,36,100,38,11,6,4,2,129
2026-09-21T21:07:18.598197+00:00,3415,2432098,32x,300ms,25,64,0,5,41,36,100,38,11,6,4,2,129
2026-09-21T21:07:19.310365+00:00,3416,2432811,32x,300ms,25,64,1,5,41,36,100,38,11,6,4,2,129
2026-09-21T21:07:20.029816+00:00,3417,2433522,32x,300ms,25,64,1,5,41,36,100,38,11,5,4,2,129
2026-09-21T21:07:20.742120+00:00,3418,2434234,32x,300ms,25,64,1,5,41,36,100,38,11,6,4,2,129
2026-09-21T21:07:21.462552+00:00,3419,2434947,32x,300ms,25,64,1,5,40,36,100,38,11,5,4,2,129
2026-09-21T21:07:22.181876+00:00,3420,2435658,32x,300ms,25,64,1,5,41,36,100,38,11,5,4,2,129
2026-09-21T21:07:22.894637+00:00,3421,2436370,32x,300ms,25,64,0,5,41,36,100,38,11,6,4,2,129
2026-09-21T21:07:23.613804+00:00,3422,2437083,32x,300ms,25,64,0,5,41,36,100,38,11,6,4,2,129
2026-09-21T21:07:24.326777+00:00,3423,2437795,32x,300ms,25,64,0,5,41,36,100,38,11,6,4,2,129
2026-09-21T21:07:25.046088+00:00,3424,2438508,32x,300ms,25,64,0,5,40,36,100,38,11,5,4,2,129
2026-09-21T21:07:25.759155+00:00,3425,2439221,32x,300ms,25,64,0,5,41,36,100,38,11,6,4,2,129
2026-09-21T21:07:26.479123+00:00,3426,2439933,32x,300ms,25,64,1,5,40,36,100,38,11,6,4,2,129
2026-09-21T21:07:27.197823+00:00,3427,2440645,32x,300ms,25,64,1,5,40,36,100,38,11,6,4,2,129
2026-09-21T21:07:27.910843+00:00,3428,2441357,32x,300ms,25,64,1,5,40,36,100,38,11,5,4,2,129
2026-09-21T21:07:28.629700+00:00,3429,2442068,32x,300ms,25,64,1,5,41,36,100,38,11,5,4,2,129
2026-09-21T21:07:29.342493+00:00,3430,2442780,32x,300ms,25,64,1,5,40,36,100,38,11,6,4,2,129
2026-09-21T21:07:30.064161+00:00,3431,2443493,32x,300ms,25,64,0,5,40,36,100,38,11,6,4,2,129
2026-09-21T21:07:30.782307+00:00,3432,2444206,32x,300ms,25,64,0,5,40,36,100,38,11,5,4,2,129
2026-09-21T21:07:31.494199+00:00,3433,2444918,32x,300ms,25,64,0,5,41,36,100,38,11,6,4,2,129
2026-09-21T21:07:32.213658+00:00,3434,2445631,32x,300ms,25,64,0,5,40,36,100,38,11,6,4,2,129
2026-09-21T21:07:32.925958+00:00,3435,2446344,32x,300ms,25,64,0,5,40,36,100,38,11,6,4,2,129
2026-09-21T21:07:33.645705+00:00,3436,2447056,32x,300ms,25,64,1,5,41,36,100,38,11,6,4,2,129
2026-09-21T21:07:34.358212+00:00,3437,2447768,32x,300ms,25,64,1,5,40,36,100,38,11,5,4,2,129
2026-09-21T21:07:35.078235+00:00,3438,2448480,32x,300ms,25,64,1,5,41,36,100,38,11,6,4,2,129
2026-09-21T21:07:35.798295+00:00,3439,2449191,32x,300ms,25,64,1,5,41,36,100,38,11,5,4,2,129
2026-09-21T21:07:36.510250+00:00,3440,2449904,32x,300ms,25,64,1,5,40,36,100,38,11,6,4,2,129
2026-09-21T21:07:37.229975+00:00,3441,2450616,32x,300ms,25,64,0,5,40,36,100,38,11,6,4,2,129
2026-09-21T21:07:37.943587+00:00,3442,2451329,32x,300ms,25,64,0,5,41,36,100,38,11,6,4,2,129
2026-09-21T21:07:38.661569+00:00,3443,2452041,32x,300ms,25,64,0,5,41,36,100,38,11,6,4,2,129
2026-09-21T21:07:39.381984+00:00,3444,2452754,32x,300ms,25,64,0,5,41,36,100,38,11,6,4,2,129
2026-09-21T21:07:40.094550+00:00,3445,2453466,32x,300ms,25,64,0,5,40,36,100,38,11,6,4,2,129
2026-09-21T21:07:40.814775+00:00,3446,2454179,32x,300ms,25,64,1,5,41,36,100,38,11,6,4,2,129
2026-09-21T21:07:41.525639+00:00,3447,2454891,32x,300ms,25,64,1,5,41,36,100,38,11,5,4,2,129
2026-09-21T21:07:42.245857+00:00,3448,2455603,32x,300ms,25,64,1,5,41,36,100,38,11,6,4,2,129
2026-09-21T21:07:42.957919+00:00,3449,2456314,32x,300ms,25,64,1,5,40,36,100,38,11,5,4,2,129
2026-09-21T21:07:43.678468+00:00,3450,2457027,32x,300ms,25,64,1,5,41,36,100,38,11,6,4,2,129
2026-09-21T21:07:44.397578+00:00,3451,2457739,32x,300ms,25,64,0,5,40,36,100,38,11,6,4,2,129
2026-09-21T21:07:45.109854+00:00,3452,2458451,32x,300ms,25,64,0,5,41,36,100,38,11,6,4,2,129
2026-09-21T21:07:45.829940+00:00,3453,2459164,32x,300ms,25,64,0,5,41,36,100,38,11,6,4,2,129
2026-09-21T21:07:46.541717+00:00,3454,2459876,32x,300ms,25,64,0,5,41,37,100,38,11,5,4,2,129
2026-09-21T21:07:47.261453+00:00,3455,2460589,32x,300ms,25,64,0,5,40,36,100,38,11,6,4,2,129
2026-09-21T21:07:47.973715+00:00,3456,2461301,32x,300ms,25,64,1,5,41,36,100,38,11,5,4,2,129
2026-09-21T21:07:48.693855+00:00,3457,2462013,32x,300ms,25,64,1,5,40,36,100,38,11,6,4,2,129
2026-09-21T21:07:49.407529+00:00,3458,2462726,32x,300ms,25,64,1,5,41,36,100,38,11,6,4,2,129
2026-09-21T21:07:50.125507+00:00,3459,2463437,32x,300ms,25,64,1,5,40,36,100,38,11,6,4,2,129
2026-09-21T21:07:50.845491+00:00,3460,2464149,32x,300ms,25,64,1,5,40,36,100,38,11,6,4,2,129
2026-09-21T21:07:51.557437+00:00,3461,2464861,32x,300ms,25,64,0,5,40,36,100,38,11,6,4,2,129
2026-09-21T21:07:52.278073+00:00,3462,2465574,32x,300ms,25,64,0,5,41,36,100,38,11,6,4,2,129
2026-09-21T21:07:52.997715+00:00,3463,2466286,32x,300ms,25,64,0,5,41,36,100,38,11,6,4,2,129
2026-09-21T21:07:53.710500+00:00,3464,2466999,32x,300ms,25,64,0,5,41,36,100,38,11,6,4,2,129
2026-09-21T21:07:54.429444+00:00,3465,2467712,32x,300ms,25,64,0,5,40,36,100,38,11,5,4,2,129
2026-09-21T21:07:55.141477+00:00,3466,2468424,32x,300ms,25,64,1,5,40,36,100,38,11,5,4,2,129
2026-09-21T21:07:55.861423+00:00,3467,2469136,32x,300ms,25,64,1,5,41,36,100,38,11,6,4,2,129
2026-09-21T21:07:56.573399+00:00,3468,2469849,32x,300ms,25,64,1,5,40,36,100,38,11,6,4,2,129
2026-09-21T21:07:57.293486+00:00,3469,2470560,32x,300ms,25,64,1,5,41,36,100,38,11,6,4,2,129
2026-09-21T21:07:58.005406+00:00,3470,2471272,32x,300ms,25,64,1,5,41,36,100,38,11,5,4,2,129
2026-09-21T21:07:58.725610+00:00,3471,2471984,32x,300ms,25,64,0,5,41,36,100,38,11,6,4,2,129
2026-09-21T21:07:59.446862+00:00,3472,2472696,32x,300ms,25,64,0,5,41,36,100,38,11,5,4,2,129
2026-09-21T21:08:00.157693+00:00,3473,2473409,32x,300ms,25,64,0,5,40,36,100,38,11,6,4,2,129
2026-09-21T21:08:00.877488+00:00,3474,2474122,32x,300ms,25,64,0,5,40,36,100,38,11,6,4,3,129
2026-09-21T21:08:01.590423+00:00,3475,2474834,32x,300ms,25,64,0,5,40,36,100,38,11,5,4,2,129
2026-09-21T21:08:02.309494+00:00,3476,2475547,32x,300ms,25,64,1,5,41,36,100,38,11,6,4,2,129
2026-09-21T21:08:03.022578+00:00,3477,2476259,32x,300ms,25,64,1,5,41,36,100,38,11,6,4,2,129
2026-09-21T21:08:03.741951+00:00,3478,2476971,32x,300ms,25,64,1,5,41,36,100,38,11,6,4,2,129
2026-09-21T21:08:04.462263+00:00,3479,2477683,32x,300ms,25,64,1,5,41,36,100,38,11,6,4,2,129
2026-09-21T21:08:05.173415+00:00,3480,2478395,32x,300ms,25,64,1,5,41,36,100,38,11,6,4,2,129
2026-09-21T21:08:05.894063+00:00,3481,2479107,32x,300ms,25,64,0,5,41,36,100,38,11,6,4,2,129
2026-09-21T21:08:06.606296+00:00,3482,2479819,32x,300ms,25,64,0,5,41,36,100,38,11,6,4,2,129
2026-09-21T21:08:07.325353+00:00,3483,2480532,32x,300ms,25,64,0,5,40,36,100,38,11,6,4,2,129
2026-09-21T21:08:08.046644+00:00,3484,2481245,32x,300ms,25,64,0,5,40,36,100,38,11,6,4,2,129
2026-09-21T21:08:08.757662+00:00,3485,2481957,32x,300ms,25,64,0,5,41,36,100,38,11,6,4,2,129
2026-09-21T21:08:09.478600+00:00,3486,2482670,32x,300ms,25,64,1,5,40,36,100,38,11,6,4,2,129
2026-09-21T21:08:10.190180+00:00,3487,2483382,32x,300ms,25,64,1,5,40,36,100,38,11,6,4,2,129
2026-09-21T21:08:10.909654+00:00,3488,2484093,32x,300ms,25,64,1,5,40,36,100,38,11,6,4,2,129
2026-09-21T21:08:11.621322+00:00,3489,2484805,32x,300ms,25,64,1,5,41,36,100,38,11,5,4,2,129
2026-09-21T21:08:12.341794+00:00,3490,2485517,32x,300ms,25,64,1,5,41,36,100,38,11,6,4,2,129
2026-09-21T21:08:13.061432+00:00,3491,2486228,32x,300ms,25,64,0,5,41,36,100,38,11,5,4,2,129
2026-09-21T21:08:13.773963+00:00,3492,2486941,32x,300ms,25,64,0,5,41,36,100,38,11,6,4,2,129
2026-09-21T21:08:14.493531+00:00,3493,2487654,32x,300ms,25,64,0,5,41,36,100,38,11,6,4,2,129
2026-09-21T21:08:15.205427+00:00,3494,2488367,32x,300ms,25,64,0,5,40,36,100,38,11,6,4,2,129
2026-09-21T21:08:15.925588+00:00,3495,2489079,32x,300ms,25,64,0,5,40,36,100,38,11,6,4,2,129
2026-09-21T21:08:16.638706+00:00,3496,2489792,32x,300ms,25,64,1,5,41,36,100,38,11,6,4,2,129
2026-09-21T21:08:17.358429+00:00,3497,2490504,32x,300ms,25,64,1,5,40,36,100,38,11,5,4,2,129
2026-09-21T21:08:18.077645+00:00,3498,2491216,32x,300ms,25,64,1,5,41,36,100,38,11,6,4,2,129
2026-09-21T21:08:18.790159+00:00,3499,2491928,32x,300ms,25,64,1,5,41,36,100,38,11,6,4,2,129
2026-09-21T21:08:19.509250+00:00,3500,2492640,32x,300ms,25,64,1,5,40,36,100,38,11,5,4,2,129
2026-09-21T21:08:20.221482+00:00,3501,2493351,32x,300ms,25,64,0,5,41,36,100,38,11,6,4,2,129
2026-09-21T21:08:20.944200+00:00,3502,2494064,32x,300ms,25,64,0,5,40,36,100,38,11,6,4,2,129
2026-09-21T21:08:21.655769+00:00,3503,2494777,32x,300ms,25,64,0,5,40,36,100,38,11,6,4,2,129
2026-09-21T21:08:22.373224+00:00,3504,2495490,32x,300ms,25,64,0,5,41,36,100,38,11,5,4,2,129
2026-09-21T21:08:23.093615+00:00,3505,2496202,32x,300ms,25,64,0,5,41,36,100,38,11,6,4,2,129
2026-09-21T21:08:23.806751+00:00,3506,2496915,32x,300ms,25,64,1,5,40,36,100,38,11,6,4,2,129
2026-09-21T21:08:24.525165+00:00,3507,2497627,32x,300ms,25,64,1,5,41,36,100,38,11,5,4,2,129
2026-09-21T21:08:25.237158+00:00,3508,2498338,32x,300ms,25,64,1,5,40,36,100,38,11,6,4,2,129
2026-09-21T21:08:25.957236+00:00,3509,2499051,32x,300ms,25,64,1,5,40,36,100,38,11,6,4,2,129
2026-09-21T21:08:26.677223+00:00,3510,2499763,32x,300ms,25,64,1,5,40,36,100,38,11,6,4,2,129
2026-09-21T21:08:27.389854+00:00,3511,2500474,32x,300ms,25,64,0,5,41,36,100,38,11,6,4,2,129
2026-09-21T21:08:28.109456+00:00,3512,2501187,32x,300ms,25,64,0,5,40,36,100,38,11,5,4,2,129
2026-09-21T21:08:28.821950+00:00,3513,2501900,32x,300ms,25,64,0,5,41,36,100,38,11,6,4,2,129
2026-09-21T21:08:29.541789+00:00,3514,2502612,32x,300ms,25,64,0,5,40,36,100,38,11,6,4,2,129
2026-09-21T21:08:30.254214+00:00,3515,2503325,32x,300ms,25,64,0,5,40,36,100,38,11,6,4,2,129
2026-09-21T21:08:30.973940+00:00,3516,2504038,32x,300ms,25,64,1,5,41,36,100,38,11,5,4,2,129
2026-09-21T21:08:31.693153+00:00,3517,2504750,32x,300ms,25,64,1,5,41,36,100,38,11,6,4,2,129
2026-09-21T21:08:32.406436+00:00,3518,2505461,32x,300ms,25,64,1,5,41,36,100,38,11,6,4,2,129
2026-09-21T21:08:33.126190+00:00,3519,2506174,32x,300ms,25,64,1,5,41,36,100,38,11,6,4,2,129
2026-09-21T21:08:33.837198+00:00,3520,2506886,32x,300ms,25,64,1,5,41,36,100,38,11,5,4,2,129
2026-09-21T21:08:34.557752+00:00,3521,2507597,32x,300ms,25,64,0,5,41,36,100,38,11,5,4,2,129
2026-09-21T21:08:35.277081+00:00,3522,2508310,32x,300ms,25,64,0,5,41,36,100,38,11,6,4,2,129
2026-09-21T21:08:35.989750+00:00,3523,2509022,32x,300ms,25,64,0,5,41,36,100,38,11,5,4,2,129
2026-09-21T21:08:36.710349+00:00,3524,2509734,32x,300ms,25,64,0,5,41,36,100,38,11,6,4,2,129
2026-09-21T21:08:37.421426+00:00,3525,2510447,32x,300ms,25,64,0,5,41,36,100,38,11,6,4,2,129
2026-09-21T21:08:38.141119+00:00,3526,2511160,32x,300ms,25,64,1,5,41,36,100,38,11,6,4,2,129
2026-09-21T21:08:38.853109+00:00,3527,2511872,32x,300ms,25,64,1,5,41,36,100,38,11,6,4,2,129
2026-09-21T21:08:39.573060+00:00,3528,2512584,32x,300ms,25,64,1,5,41,36,100,38,11,6,4,2,129
2026-09-21T21:08:40.284926+00:00,3529,2513296,32x,300ms,25,64,1,5,40,36,100,38,11,5,4,2,129
2026-09-21T21:08:41.006064+00:00,3530,2514008,32x,300ms,25,64,1,5,41,36,100,38,11,6,4,2,129
2026-09-21T21:08:41.726052+00:00,3531,2514719,32x,300ms,25,64,0,5,41,36,100,38,11,5,4,2,129
2026-09-21T21:08:42.437028+00:00,3532,2515432,32x,300ms,25,64,0,5,41,36,100,38,11,6,4,2,129
2026-09-21T21:08:43.157845+00:00,3533,2516145,32x,300ms,25,64,0,5,41,36,100,38,11,6,4,2,129
2026-09-21T21:08:43.869400+00:00,3534,2516857,32x,300ms,25,64,0,5,41,36,100,38,11,6,4,2,129
2026-09-21T21:08:44.589717+00:00,3535,2517570,32x,300ms,25,64,0,5,41,36,100,38,11,6,4,2,129
2026-09-21T21:08:45.301229+00:00,3536,2518283,32x,300ms,25,64,1,5,41,36,100,38,11,6,4,2,129
2026-09-21T21:08:46.020933+00:00,3537,2518994,32x,300ms,25,64,1,5,40,36,100,38,11,6,4,2,129
2026-09-21T21:08:46.733795+00:00,3538,2519706,32x,300ms,25,64,1,5,40,36,100,38,11,6,4,2,129
2026-09-21T21:08:47.453718+00:00,3539,2520418,32x,300ms,25,64,1,5,41,36,100,38,11,6,4,2,129
2026-09-21T21:08:48.173965+00:00,3540,2521129,32x,300ms,25,64,1,5,41,36,100,38,11,6,4,2,129
2026-09-21T21:08:48.885307+00:00,3541,2521841,32x,300ms,25,64,0,5,41,36,100,38,11,6,4,2,129
2026-09-21T21:08:49.605836+00:00,3542,2522554,32x,300ms,25,64,0,5,41,36,100,38,11,5,4,2,129
2026-09-21T21:08:50.325114+00:00,3543,2523267,32x,300ms,25,64,0,5,41,36,100,38,11,6,4,2,129
2026-09-21T21:08:51.037610+00:00,3544,2523979,32x,300ms,25,64,0,5,41,36,100,38,11,6,4,2,129
2026-09-21T21:08:51.757018+00:00,3545,2524692,32x,300ms,25,64,0,5,41,36,100,38,11,5,4,2,129
2026-09-21T21:08:52.469009+00:00,3546,2525405,32x,300ms,25,64,1,5,41,36,100,38,11,6,4,2,129
2026-09-21T21:08:53.189476+00:00,3547,2526116,32x,300ms,25,64,1,5,40,36,100,38,11,6,4,2,129
2026-09-21T21:08:53.901534+00:00,3548,2526828,32x,300ms,25,64,1,5,41,36,100,38,11,6,4,2,129
2026-09-21T21:08:54.621018+00:00,3549,2527541,32x,300ms,25,64,1,5,41,36,100,38,11,6,4,2,129
2026-09-21T21:08:55.333341+00:00,3550,2528251,32x,300ms,25,64,1,5,40,36,100,38,11,6,4,2,129
2026-09-21T21:08:56.052846+00:00,3551,2528964,32x,300ms,25,64,0,5,41,36,100,38,11,6,4,2,129
2026-09-21T21:08:56.772893+00:00,3552,2529677,32x,300ms,25,64,0,5,40,36,100,38,11,6,4,2,129
2026-09-21T21:08:57.485553+00:00,3553,2530390,32x,300ms,25,64,0,5,40,36,100,38,11,6,4,2,129
2026-09-21T21:08:58.205992+00:00,3554,2531102,32x,300ms,25,64,0,5,40,36,100,38,11,6,4,2,129
2026-09-21T21:08:58.918842+00:00,3555,2531815,32x,300ms,25,64,0,5,41,36,100,38,11,6,4,2,129
2026-09-21T21:08:59.636940+00:00,3556,2532527,32x,300ms,25,64,1,5,40,36,100,38,11,6,4,2,129
2026-09-21T21:09:00.356773+00:00,3557,2533239,32x,300ms,25,64,1,5,40,36,100,38,11,5,4,2,129
2026-09-21T21:09:01.068832+00:00,3558,2533951,32x,300ms,25,64,1,5,41,36,100,38,11,5,4,2,129
2026-09-21T21:09:01.788933+00:00,3559,2534663,32x,300ms,25,64,1,5,40,36,100,38,11,6,4,2,129
2026-09-21T21:09:02.501752+00:00,3560,2535374,32x,300ms,25,64,1,5,41,36,100,38,11,6,4,2,129
2026-09-21T21:09:03.220897+00:00,3561,2536087,32x,300ms,25,64,0,5,40,36,100,38,11,6,4,2,129
2026-09-21T21:09:03.933235+00:00,3562,2536800,32x,300ms,25,64,0,5,41,36,100,38,11,6,4,2,129
2026-09-21T21:09:04.652983+00:00,3563,2537512,32x,300ms,25,64,0,5,41,36,100,38,11,6,4,2,129
2026-09-21T21:09:05.373326+00:00,3564,2538224,32x,300ms,25,64,0,5,41,36,100,38,11,6,4,2,129
2026-09-21T21:09:06.084954+00:00,3565,2538937,32x,300ms,25,64,0,5,40,36,100,38,11,5,4,2,129
2026-09-21T21:09:06.806018+00:00,3566,2539650,32x,300ms,25,64,1,5,41,36,100,38,11,6,4,2,129
2026-09-21T21:09:07.516780+00:00,3567,2540362,32x,300ms,25,64,1,5,41,36,100,38,11,5,4,2,129
2026-09-21T21:09:08.236773+00:00,3568,2541074,32x,300ms,25,64,1,5,40,36,100,38,11,6,4,2,129
2026-09-21T21:09:08.949750+00:00,3569,2541786,32x,300ms,25,64,1,5,40,36,100,38,11,6,4,2,129
2026-09-21T21:09:09.669321+00:00,3570,2542497,32x,300ms,25,64,1,5,40,36,100,38,11,6,4,2,129
2026-09-21T21:09:10.388761+00:00,3571,2543209,32x,300ms,25,64,0,5,40,36,100,38,11,6,4,2,129
2026-09-21T21:09:11.100866+00:00,3572,2543922,32x,300ms,25,64,0,5,40,36,100,38,11,6,4,2,129
2026-09-21T21:09:11.821406+00:00,3573,2544635,32x,300ms,25,64,0,5,41,36,100,38,11,6,4,2,129
2026-09-21T21:09:12.533205+00:00,3574,2545347,32x,300ms,25,64,0,5,41,36,100,38,11,6,4,2,129
2026-09-21T21:09:13.252943+00:00,3575,2546060,32x,300ms,25,64,0,5,41,36,100,38,11,6,4,2,129
2026-09-21T21:09:13.972740+00:00,3576,2546772,32x,300ms,25,64,1,5,41,36,100,38,11,6,4,2,129
2026-09-21T21:09:14.685218+00:00,3577,2547484,32x,300ms,25,64,1,5,40,36,100,38,11,6,4,2,129
2026-09-21T21:09:15.398489+00:00,3578,2548196,32x,300ms,25,64,1,5,40,36,100,38,11,6,4,2,129
2026-09-21T21:09:16.117526+00:00,3579,2548909,32x,300ms,25,64,1,5,41,36,100,38,11,6,4,2,129
2026-09-21T21:09:16.838232+00:00,3580,2549620,32x,300ms,25,64,1,5,41,36,100,38,11,6,4,2,129
2026-09-21T21:09:17.549737+00:00,3581,2550332,32x,300ms,25,64,0,5,40,36,100,38,11,6,4,2,129
2026-09-21T21:09:18.270728+00:00,3582,2551045,32x,300ms,25,64,0,5,41,36,100,38,11,6,4,2,129
2026-09-21T21:09:18.988571+00:00,3583,2551757,32x,300ms,25,64,0,5,41,36,100,38,11,6,4,2,129
2026-09-21T21:09:19.700898+00:00,3584,2552470,32x,300ms,25,64,0,5,41,36,100,38,11,6,4,2,129
2026-09-21T21:09:20.422255+00:00,3585,2553183,32x,300ms,25,64,0,5,41,36,100,38,11,6,4,2,129
2026-09-21T21:09:21.133212+00:00,3586,2553894,32x,300ms,25,64,1,5,41,36,100,38,11,6,4,2,129
2026-09-21T21:09:21.853700+00:00,3587,2554607,32x,300ms,25,64,1,5,41,36,100,38,11,6,4,2,129
2026-09-21T21:09:22.565129+00:00,3588,2555319,32x,300ms,25,64,1,5,40,36,100,38,11,6,4,2,129
2026-09-21T21:09:23.285239+00:00,3589,2556030,32x,300ms,25,64,1,5,41,36,100,38,11,5,4,2,129
2026-09-21T21:09:24.004580+00:00,3590,2556742,32x,300ms,25,64,1,5,41,36,100,38,11,6,4,2,129
2026-09-21T21:09:24.716625+00:00,3591,2557455,32x,300ms,25,64,0,5,41,36,100,38,11,6,4,2,129
2026-09-21T21:09:25.437344+00:00,3592,2558167,32x,300ms,25,64,0,5,40,36,100,38,11,6,4,2,129
2026-09-21T21:09:26.148842+00:00,3593,2558880,32x,300ms,25,64,0,5,41,36,100,38,11,6,4,2,129
2026-09-21T21:09:26.870559+00:00,3594,2559593,32x,300ms,25,64,0,5,41,36,100,38,11,6,4,2,129
2026-09-21T21:09:27.588849+00:00,3595,2560305,32x,300ms,25,64,0,5,41,36,100,38,11,6,4,2,129
2026-09-21T21:09:28.301621+00:00,3596,2561017,32x,300ms,25,64,1,5,41,36,100,38,11,6,4,2,129
2026-09-21T21:09:29.020624+00:00,3597,2561730,32x,300ms,25,64,1,5,40,36,100,38,11,6,4,2,129
2026-09-21T21:09:29.732861+00:00,3598,2562442,32x,300ms,25,64,1,5,40,36,100,38,11,6,4,2,129
2026-09-21T21:09:30.452660+00:00,3599,2563153,32x,300ms,25,64,1,5,40,36,100,38,11,5,4,2,129
2026-09-21T21:09:31.164728+00:00,3600,2563865,32x,300ms,25,64,1,5,40,36,100,38,11,6,4,2,129
2026-09-21T21:09:31.884904+00:00,3601,2564577,32x,300ms,25,64,0,5,40,36,100,38,11,6,4,2,129
2026-09-21T21:09:32.605371+00:00,3602,2565289,32x,300ms,25,64,0,5,40,36,100,38,11,6,4,2,129
2026-09-21T21:09:33.317366+00:00,3603,2566002,32x,300ms,25,64,0,5,40,36,100,38,11,6,4,2,128
2026-09-21T21:09:34.036566+00:00,3604,2566715,32x,300ms,25,64,0,5,40,36,100,38,11,6,4,2,129
2026-09-21T21:09:34.748697+00:00,3605,2567429,32x,300ms,25,64,0,5,40,36,100,38,11,6,4,2,129
2026-09-21T21:09:35.469300+00:00,3606,2568141,32x,300ms,25,64,1,5,41,36,100,38,11,6,4,2,129
2026-09-21T21:09:36.180440+00:00,3607,2568853,32x,300ms,25,64,1,5,41,36,100,38,11,6,4,2,129
2026-09-21T21:09:36.900558+00:00,3608,2569565,32x,300ms,25,64,1,5,40,36,100,38,11,6,4,2,129
2026-09-21T21:09:37.621153+00:00,3609,2570276,32x,300ms,25,64,1,5,41,36,100,38,11,5,4,2,129
2026-09-21T21:09:38.333313+00:00,3610,2570988,32x,300ms,25,64,1,5,40,36,100,38,11,6,4,2,129
2026-09-21T21:09:39.052487+00:00,3611,2571701,32x,300ms,25,64,0,5,40,36,100,38,11,6,4,2,129
2026-09-21T21:09:39.765626+00:00,3612,2572413,32x,300ms,25,64,0,5,41,36,100,38,11,5,4,2,129
2026-09-21T21:09:40.485689+00:00,3613,2573125,32x,300ms,25,64,0,5,41,36,100,38,11,5,4,2,129
2026-09-21T21:09:41.204567+00:00,3614,2573838,32x,300ms,25,64,0,5,41,36,100,38,11,6,4,2,129
2026-09-21T21:09:41.917041+00:00,3615,2574551,32x,300ms,25,64,0,5,40,36,100,38,11,6,4,2,129
2026-09-21T21:09:42.637263+00:00,3616,2575263,32x,300ms,25,64,1,5,40,36,100,38,11,5,4,2,129
2026-09-21T21:09:43.348406+00:00,3617,2575975,32x,300ms,25,64,1,5,40,36,100,38,11,6,4,2,129
2026-09-21T21:09:44.068623+00:00,3618,2576688,32x,300ms,25,64,1,5,41,36,100,38,11,6,4,2,129
2026-09-21T21:09:44.781032+00:00,3619,2577399,32x,300ms,25,64,1,5,41,36,100,38,11,5,4,2,129
2026-09-21T21:09:45.501309+00:00,3620,2578111,32x,300ms,25,64,1,5,41,36,100,38,11,5,4,2,129
2026-09-21T21:09:46.220601+00:00,3621,2578823,32x,300ms,25,64,0,5,41,36,100,38,11,6,4,2,129
2026-09-21T21:09:46.933570+00:00,3622,2579535,32x,300ms,25,64,0,5,41,36,100,38,11,6,4,2,129
2026-09-21T21:09:47.653676+00:00,3623,2580248,32x,300ms,25,64,0,5,41,36,100,38,11,6,4,2,129
2026-09-21T21:09:48.364469+00:00,3624,2580961,32x,300ms,25,64,0,5,40,36,100,38,11,6,4,2,129
2026-09-21T21:09:49.084297+00:00,3625,2581673,32x,300ms,25,64,0,5,41,36,100,38,11,6,4,2,129
2026-09-21T21:09:49.797331+00:00,3626,2582386,32x,300ms,25,64,1,5,40,36,100,38,11,6,4,2,129
2026-09-21T21:09:50.516784+00:00,3627,2583098,32x,300ms,25,64,1,5,41,36,100,38,11,6,4,2,129
2026-09-21T21:09:51.228422+00:00,3628,2583810,32x,300ms,25,64,1,5,41,36,100,38,11,5,4,2,129
2026-09-21T21:09:51.950309+00:00,3629,2584521,32x,300ms,25,64,1,5,40,36,100,38,11,6,4,2,129
2026-09-21T21:09:52.669511+00:00,3630,2585234,32x,300ms,25,64,1,5,41,36,100,38,11,6,4,2,129
2026-09-21T21:09:53.380454+00:00,3631,2585946,32x,300ms,25,64,0,5,41,36,100,38,11,6,4,2,129
2026-09-21T21:09:54.101322+00:00,3632,2586658,32x,300ms,25,64,0,5,40,36,100,38,11,6,4,2,129
2026-09-21T21:09:54.820903+00:00,3633,2587371,32x,300ms,25,64,0,5,41,36,100,38,11,6,4,2,129
2026-09-21T21:09:55.533965+00:00,3634,2588083,32x,300ms,25,64,0,5,40,36,100,38,11,6,4,2,129
2026-09-21T21:09:56.254095+00:00,3635,2588796,32x,300ms,25,64,0,5,41,36,100,38,11,6,4,2,129
2026-09-21T21:09:56.964451+00:00,3636,2589509,32x,300ms,25,64,1,5,40,36,100,38,11,6,4,2,129
2026-09-21T21:09:57.685387+00:00,3637,2590221,32x,300ms,25,64,1,5,40,36,100,38,11,6,4,2,129
2026-09-21T21:09:58.397377+00:00,3638,2590932,32x,300ms,25,64,1,5,41,36,100,38,11,6,4,2,129
2026-09-21T21:09:59.117160+00:00,3639,2591644,32x,300ms,25,64,1,5,41,36,100,38,11,6,4,2,129
2026-09-21T21:09:59.828653+00:00,3640,2592356,32x,300ms,25,64,1,5,41,36,100,38,11,5,4,2,129
2026-09-21T21:10:00.548307+00:00,3641,2593069,32x,300ms,25,64,0,5,41,36,100,38,11,6,4,2,129
2026-09-21T21:10:01.268731+00:00,3642,2593781,32x,300ms,25,64,0,5,41,36,100,38,11,6,4,2,129
2026-09-21T21:10:01.981040+00:00,3643,2594493,32x,300ms,25,64,0,5,40,36,100,38,11,6,4,2,129
2026-09-21T21:10:02.700255+00:00,3644,2595207,32x,300ms,25,64,0,5,41,36,100,38,11,6,4,2,129
2026-09-21T21:10:03.412795+00:00,3645,2595919,32x,300ms,25,64,0,5,41,36,100,38,11,5,4,2,129
2026-09-21T21:10:04.132465+00:00,3646,2596631,32x,300ms,25,64,1,5,40,36,100,38,11,6,4,2,128
2026-09-21T21:10:04.845498+00:00,3647,2597343,32x,300ms,25,64,1,5,41,36,100,38,11,6,4,2,129
2026-09-21T21:10:05.565005+00:00,3648,2598055,32x,300ms,25,64,1,5,40,36,100,38,11,6,4,2,129
2026-09-21T21:10:06.284979+00:00,3649,2598767,32x,300ms,25,64,1,5,41,36,100,38,11,5,4,2,129
2026-09-21T21:10:06.996856+00:00,3650,2599479,32x,300ms,25,64,1,5,41,36,100,38,11,6,4,2,129
2026-09-21T21:10:07.716347+00:00,3651,2600190,32x,300ms,25,64,0,5,41,36,100,38,11,6,4,2,129
2026-09-21T21:10:08.436555+00:00,3652,2600903,32x,300ms,25,64,0,5,41,36,100,38,11,6,4,2,129
2026-09-21T21:10:09.148336+00:00,3653,2601616,32x,300ms,25,64,0,5,41,36,100,38,11,5,4,2,129
2026-09-21T21:10:09.868569+00:00,3654,2602329,32x,300ms,25,64,0,5,40,36,100,38,11,5,4,2,129
2026-09-21T21:10:10.580766+00:00,3655,2603041,32x,300ms,25,64,0,5,41,36,100,38,11,6,4,2,129
2026-09-21T21:10:11.300723+00:00,3656,2603754,32x,300ms,25,64,1,5,40,36,100,38,11,5,4,2,129
2026-09-21T21:10:12.012572+00:00,3657,2604466,32x,300ms,25,64,1,5,41,36,100,38,11,5,4,2,129
2026-09-21T21:10:12.732909+00:00,3658,2605177,32x,300ms,25,64,1,5,40,36,100,38,11,6,4,2,129
2026-09-21T21:10:13.445083+00:00,3659,2605889,32x,300ms,25,64,1,5,41,36,100,38,11,6,4,2,129
2026-09-21T21:10:14.164366+00:00,3660,2606602,32x,300ms,25,64,1,5,41,36,100,38,11,5,4,2,129
2026-09-21T21:10:14.884562+00:00,3661,2607313,32x,300ms,25,64,0,5,41,36,100,38,11,5,4,2,129
2026-09-21T21:10:15.596356+00:00,3662,2608025,32x,300ms,25,64,0,5,40,36,100,38,11,6,4,2,129
2026-09-21T21:10:16.316312+00:00,3663,2608739,32x,300ms,25,64,0,5,41,36,100,38,11,5,4,2,129
2026-09-21T21:10:17.028684+00:00,3664,2609451,32x,300ms,25,64,0,5,41,36,100,38,11,6,4,2,129
2026-09-21T21:10:17.749352+00:00,3665,2610163,32x,300ms,25,64,0,5,41,36,100,38,11,6,4,2,129
2026-09-21T21:10:18.460388+00:00,3666,2610876,32x,300ms,25,64,1,5,41,36,100,38,11,6,4,2,129
2026-09-21T21:10:19.182234+00:00,3667,2611588,32x,300ms,25,64,1,5,41,36,100,38,11,6,4,2,129
2026-09-21T21:10:19.892173+00:00,3668,2612300,32x,300ms,25,64,1,5,41,36,100,38,11,6,4,2,129
2026-09-21T21:10:20.612318+00:00,3669,2613012,32x,300ms,25,64,1,5,41,36,100,38,11,6,4,2,129
2026-09-21T21:10:21.332599+00:00,3670,2613724,32x,300ms,25,64,1,5,41,36,100,38,11,6,4,2,129
2026-09-21T21:10:22.044297+00:00,3671,2614435,32x,300ms,25,64,0,5,40,36,100,38,11,6,4,2,129
2026-09-21T21:10:22.764398+00:00,3672,2615148,32x,300ms,25,64,0,5,40,36,100,38,11,6,4,2,129
2026-09-21T21:10:23.485207+00:00,3673,2615861,32x,300ms,25,64,0,5,40,36,100,38,11,5,4,2,128
2026-09-21T21:10:24.197407+00:00,3674,2616573,32x,300ms,25,64,0,5,41,36,100,38,11,5,4,2,129
2026-09-21T21:10:24.917552+00:00,3675,2617286,32x,300ms,25,64,0,5,41,36,100,38,11,6,4,2,129
2026-09-21T21:10:25.628301+00:00,3676,2617999,32x,300ms,25,64,1,5,41,36,100,38,11,6,4,2,129
2026-09-21T21:10:26.349276+00:00,3677,2618711,32x,300ms,25,64,1,5,40,36,100,38,11,6,4,2,129
2026-09-21T21:10:27.060566+00:00,3678,2619422,32x,300ms,25,64,1,5,41,36,100,38,11,6,4,2,129
2026-09-21T21:10:27.781303+00:00,3679,2620134,32x,300ms,25,64,1,5,40,36,100,38,11,6,4,2,129
2026-09-21T21:10:28.492766+00:00,3680,2620847,32x,300ms,25,64,1,5,41,36,100,38,11,6,4,2,129
2026-09-21T21:10:29.213493+00:00,3681,2621558,32x,300ms,25,64,0,5,41,36,100,38,11,6,4,2,129
2026-09-21T21:10:29.933182+00:00,3682,2622271,32x,300ms,25,64,0,5,40,36,100,38,11,6,4,2,129
2026-09-21T21:10:30.645295+00:00,3683,2622984,32x,300ms,25,64,0,5,41,36,100,38,11,6,4,2,129
2026-09-21T21:10:31.364907+00:00,3684,2623696,32x,300ms,25,64,0,5,40,36,100,38,11,6,4,2,129
2026-09-21T21:10:32.076682+00:00,3685,2624408,32x,300ms,25,64,0,5,40,36,100,38,11,5,4,2,129
2026-09-21T21:10:32.797762+00:00,3686,2625122,32x,300ms,25,64,1,5,40,36,100,38,11,6,4,2,129
2026-09-21T21:10:33.509074+00:00,3687,2625833,32x,300ms,25,64,1,5,41,36,100,38,11,6,4,2,129
2026-09-21T21:10:34.229395+00:00,3688,2626545,32x,300ms,25,64,1,5,41,36,100,38,11,6,4,3,129
2026-09-21T21:10:34.949550+00:00,3689,2627257,32x,300ms,25,64,1,5,41,36,100,38,11,6,4,2,129
2026-09-21T21:10:35.660653+00:00,3690,2627969,32x,300ms,25,64,1,5,41,36,100,38,11,6,4,2,129
2026-09-21T21:10:36.380532+00:00,3691,2628680,32x,300ms,25,64,0,5,40,36,100,38,11,6,4,2,129
2026-09-21T21:10:37.093036+00:00,3692,2629393,32x,300ms,25,64,0,5,41,36,100,38,11,6,4,2,129
2026-09-21T21:10:37.812352+00:00,3693,2630106,32x,300ms,25,64,0,5,40,36,100,38,11,5,4,2,129
2026-09-21T21:10:38.532489+00:00,3694,2630818,32x,300ms,25,64,0,5,41,36,100,38,11,6,4,2,129
2026-09-21T21:10:39.245313+00:00,3695,2631531,32x,300ms,25,64,0,5,41,36,100,38,11,6,4,2,129
2026-09-21T21:10:39.964330+00:00,3696,2632244,32x,300ms,25,64,1,5,41,36,100,38,11,6,4,2,129
2026-09-21T21:10:40.677851+00:00,3697,2632955,32x,300ms,25,64,1,5,41,36,100,38,11,6,4,2,129
2026-09-21T21:10:41.396081+00:00,3698,2633668,32x,300ms,25,64,1,5,40,36,100,38,11,6,4,2,129
2026-09-21T21:10:42.109260+00:00,3699,2634380,32x,300ms,25,64,1,5,41,36,100,38,11,6,4,2,129
2026-09-21T21:10:42.828658+00:00,3700,2635091,32x,300ms,25,64,1,5,41,36,100,38,11,6,4,2,129
2026-09-21T21:10:43.549262+00:00,3701,2635803,32x,300ms,25,64,0,5,41,36,100,38,11,6,4,2,129
2026-09-21T21:10:44.260328+00:00,3702,2636516,32x,300ms,25,64,0,5,41,36,100,38,11,6,4,2,129
2026-09-21T21:10:44.981062+00:00,3703,2637229,32x,300ms,25,64,0,5,40,36,100,38,11,6,4,2,129
2026-09-21T21:10:45.692269+00:00,3704,2637941,32x,300ms,25,64,0,5,41,36,100,38,11,6,4,2,129
2026-09-21T21:10:46.413870+00:00,3705,2638654,32x,300ms,25,64,0,5,41,36,100,38,11,6,4,2,129
2026-09-21T21:10:47.125284+00:00,3706,2639366,32x,300ms,25,64,1,5,41,36,100,38,11,6,4,2,129
2026-09-21T21:10:47.844070+00:00,3707,2640078,32x,300ms,25,64,1,5,40,36,100,38,11,6,4,2,129
2026-09-21T21:10:48.556698+00:00,3708,2640790,32x,300ms,25,64,1,5,41,36,100,38,11,6,4,2,129
2026-09-21T21:10:49.276265+00:00,3709,2641502,32x,300ms,25,64,1,5,41,36,100,38,11,5,4,2,129
2026-09-21T21:10:49.996808+00:00,3710,2642213,32x,300ms,25,64,1,5,40,36,100,38,11,6,4,2,129
2026-09-21T21:10:50.710226+00:00,3711,2642926,32x,300ms,25,64,0,5,41,36,100,38,11,6,4,2,129
2026-09-21T21:10:51.430107+00:00,3712,2643638,32x,300ms,25,64,0,5,40,36,100,38,11,6,4,2,129
2026-09-21T21:10:52.148273+00:00,3713,2644352,32x,300ms,25,64,0,5,40,36,100,38,11,6,4,2,129
2026-09-21T21:10:52.861773+00:00,3714,2645064,32x,300ms,25,64,0,5,41,36,100,38,11,6,4,2,129
2026-09-21T21:10:53.580616+00:00,3715,2645776,32x,300ms,25,64,0,5,41,36,100,38,11,6,4,2,129
2026-09-21T21:10:54.292130+00:00,3716,2646489,32x,300ms,25,64,1,5,41,36,100,38,11,6,4,2,128
2026-09-21T21:10:55.013259+00:00,3717,2647201,32x,300ms,25,64,1,5,41,36,100,38,11,6,4,2,129
2026-09-21T21:10:55.724479+00:00,3718,2647913,32x,300ms,25,64,1,5,41,36,100,38,11,5,4,2,129
2026-09-21T21:10:56.445108+00:00,3719,2648625,32x,300ms,25,64,1,5,41,36,100,38,11,6,4,2,129
2026-09-21T21:10:57.164414+00:00,3720,2649336,32x,300ms,25,64,1,5,40,36,100,38,11,5,4,2,129
2026-09-21T21:10:57.876164+00:00,3721,2650048,32x,300ms,25,64,0,5,40,36,100,38,11,6,4,2,129
2026-09-21T21:10:58.596568+00:00,3722,2650762,32x,300ms,25,64,0,5,40,36,100,38,11,6,4,2,129
2026-09-21T21:10:59.308579+00:00,3723,2651474,32x,300ms,25,64,0,5,40,36,100,38,11,6,4,2,129
2026-09-21T21:11:00.029494+00:00,3724,2652187,32x,300ms,25,64,0,5,41,36,100,38,11,6,4,2,129
2026-09-21T21:11:00.748787+00:00,3725,2652900,32x,300ms,25,64,0,5,40,36,100,38,11,6,4,2,129
2026-09-21T21:11:01.461364+00:00,3726,2653613,32x,300ms,25,64,1,5,41,36,100,38,11,5,4,2,129
2026-09-21T21:11:02.181934+00:00,3727,2654324,32x,300ms,25,64,1,5,40,36,100,38,11,6,4,2,129
2026-09-21T21:11:02.892047+00:00,3728,2655036,32x,300ms,25,64,1,5,41,36,100,38,11,6,4,2,129
2026-09-21T21:11:03.611983+00:00,3729,2655748,32x,300ms,25,64,1,5,41,36,100,38,11,6,4,2,129
2026-09-21T21:11:04.327382+00:00,3730,2656459,32x,300ms,25,64,1,5,40,36,100,38,11,6,4,2,129
2026-09-21T21:11:05.044157+00:00,3731,2657172,32x,300ms,25,64,0,5,41,36,100,38,11,6,4,2,129
2026-09-21T21:11:05.764703+00:00,3732,2657885,32x,300ms,25,64,0,5,41,36,100,38,11,6,4,2,129
2026-09-21T21:11:06.477034+00:00,3733,2658596,32x,300ms,25,64,0,5,40,36,100,38,11,6,4,2,129
2026-09-21T21:11:07.197211+00:00,3734,2659309,32x,300ms,25,64,0,5,41,36,100,38,11,5,4,2,129
2026-09-21T21:11:07.908134+00:00,3735,2660022,32x,300ms,25,64,0,5,40,36,100,38,11,6,4,2,129
2026-09-21T21:11:08.628139+00:00,3736,2660734,32x,300ms,25,64,1,5,41,36,100,38,11,5,4,2,129
2026-09-21T21:11:09.340312+00:00,3737,2661447,32x,300ms,25,64,1,5,41,36,100,38,11,6,4,2,129
2026-09-21T21:11:10.060183+00:00,3738,2662159,32x,300ms,25,64,1,5,41,36,100,38,11,5,4,2,129
2026-09-21T21:11:10.772708+00:00,3739,2662871,32x,300ms,25,64,1,5,40,36,100,38,11,6,4,2,128
2026-09-21T21:11:11.492564+00:00,3740,2663582,32x,300ms,25,64,1,5,40,36,100,38,11,5,4,2,129
2026-09-21T21:11:12.212174+00:00,3741,2664294,32x,300ms,25,64,0,5,41,36,100,38,11,5,4,2,129
2026-09-21T21:11:12.925492+00:00,3742,2665007,32x,300ms,25,64,0,5,41,36,100,38,11,5,4,2,129
2026-09-21T21:11:13.644571+00:00,3743,2665719,32x,300ms,25,64,0,5,41,36,100,38,11,5,4,2,129
2026-09-21T21:11:14.356173+00:00,3744,2666432,32x,300ms,25,64,0,5,40,36,100,38,11,6,4,2,129
2026-09-21T21:11:15.076493+00:00,3745,2667145,32x,300ms,25,64,0,5,41,36,100,38,11,6,4,2,129
2026-09-21T21:11:15.796109+00:00,3746,2667857,32x,300ms,25,64,1,5,40,36,100,38,11,5,4,2,129
2026-09-21T21:11:16.509745+00:00,3747,2668569,32x,300ms,25,64,1,5,41,36,100,38,11,5,4,2,129
2026-09-21T21:11:17.228271+00:00,3748,2669281,32x,300ms,25,64,1,5,40,36,100,38,11,6,4,2,129
2026-09-21T21:11:17.939928+00:00,3749,2669992,32x,300ms,25,64,1,5,40,36,100,38,11,6,4,2,129
2026-09-21T21:11:18.660751+00:00,3750,2670704,32x,300ms,25,64,1,5,40,36,100,38,11,6,4,2,129
2026-09-21T21:11:19.373749+00:00,3751,2671416,32x,300ms,25,64,0,5,41,36,100,38,11,6,4,2,129
2026-09-21T21:11:20.091958+00:00,3752,2672129,32x,300ms,25,64,0,5,40,36,100,38,11,6,4,2,129
2026-09-21T21:11:20.812805+00:00,3753,2672841,32x,300ms,25,64,0,5,41,36,100,38,11,6,4,2,129
2026-09-21T21:11:21.524275+00:00,3754,2673554,32x,300ms,25,64,0,5,41,36,100,38,11,6,4,2,129
2026-09-21T21:11:22.244641+00:00,3755,2674267,32x,300ms,25,64,0,5,40,36,100,38,11,6,4,2,129
2026-09-21T21:11:22.956422+00:00,3756,2674979,32x,300ms,25,64,1,5,41,36,100,38,11,5,4,2,129
2026-09-21T21:11:23.676045+00:00,3757,2675691,32x,300ms,25,64,1,5,41,36,100,38,11,6,4,2,129
2026-09-21T21:11:24.389910+00:00,3758,2676403,32x,300ms,25,64,1,5,41,36,100,38,11,6,4,2,129
2026-09-21T21:11:25.108284+00:00,3759,2677115,32x,300ms,25,64,1,5,40,36,100,38,11,6,4,2,129
2026-09-21T21:11:25.828366+00:00,3760,2677827,32x,300ms,25,64,1,5,41,36,100,38,11,6,4,2,129
2026-09-21T21:11:26.541052+00:00,3761,2678539,32x,300ms,25,64,0,5,41,36,100,38,11,6,4,2,129
2026-09-21T21:11:27.261720+00:00,3762,2679251,32x,300ms,25,64,0,5,41,36,100,38,11,6,4,2,129
2026-09-21T21:11:27.972193+00:00,3763,2679964,32x,300ms,25,64,0,5,41,36,100,38,11,5,4,2,129
2026-09-21T21:11:28.692275+00:00,3764,2680677,32x,300ms,25,64,0,5,41,36,100,38,11,5,4,2,129
2026-09-21T21:11:29.405048+00:00,3765,2681390,32x,300ms,25,64,0,5,40,36,100,38,11,5,4,2,129
2026-09-21T21:11:30.125214+00:00,3766,2682101,32x,300ms,25,64,1,5,40,36,100,38,11,6,4,2,129
2026-09-21T21:11:30.844021+00:00,3767,2682814,32x,300ms,25,64,1,5,40,36,100,38,11,6,4,2,129
2026-09-21T21:11:31.555998+00:00,3768,2683526,32x,300ms,25,64,1,5,40,36,100,38,11,6,4,2,129
2026-09-21T21:11:32.277998+00:00,3769,2684237,32x,300ms,25,64,1,5,41,36,100,38,11,6,4,2,129
2026-09-21T21:11:32.988009+00:00,3770,2684949,32x,300ms,25,64,1,5,41,36,100,38,11,6,4,2,129
2026-09-21T21:11:33.708147+00:00,3771,2685662,32x,300ms,25,64,0,5,41,36,100,38,11,6,4,2,129
2026-09-21T21:11:34.428880+00:00,3772,2686373,32x,300ms,25,64,0,5,40,36,100,38,11,6,4,2,129
2026-09-21T21:11:35.140178+00:00,3773,2687087,32x,300ms,25,64,0,5,41,36,100,38,11,5,4,2,129
2026-09-21T21:11:35.860111+00:00,3774,2687800,32x,300ms,25,64,0,5,40,36,100,38,11,5,4,2,129
2026-09-21T21:11:36.573832+00:00,3775,2688512,32x,300ms,25,64,0,5,41,36,100,38,11,6,4,2,129
2026-09-21T21:11:37.291985+00:00,3776,2689224,32x,300ms,25,64,1,5,41,36,100,38,11,6,4,2,129
2026-09-21T21:11:38.005567+00:00,3777,2689937,32x,300ms,25,64,1,5,41,36,100,38,11,6,4,2,129
2026-09-21T21:11:38.724404+00:00,3778,2690649,32x,300ms,25,64,1,5,41,36,100,38,11,6,4,2,129
2026-09-21T21:11:39.444252+00:00,3779,2691360,32x,300ms,25,64,1,5,41,36,100,38,11,6,4,2,129
2026-09-21T21:11:40.156302+00:00,3780,2692072,32x,300ms,25,64,1,5,41,36,100,38,11,6,4,2,129
2026-09-21T21:11:40.876524+00:00,3781,2692784,32x,300ms,25,64,0,5,41,36,100,38,11,6,4,2,129
2026-09-21T21:11:41.588125+00:00,3782,2693496,32x,300ms,25,64,0,5,41,36,100,38,11,6,4,2,129
2026-09-21T21:11:42.308729+00:00,3783,2694209,32x,300ms,25,64,0,5,41,36,100,38,11,6,4,2,129
2026-09-21T21:11:43.028613+00:00,3784,2694922,32x,300ms,25,64,0,5,41,36,100,38,11,6,4,2,129
2026-09-21T21:11:43.740401+00:00,3785,2695634,32x,300ms,25,64,0,5,41,36,100,38,11,5,4,2,129
2026-09-21T21:11:44.459944+00:00,3786,2696347,32x,300ms,25,64,1,5,41,36,100,38,11,6,4,2,129
2026-09-21T21:11:45.172016+00:00,3787,2697059,32x,300ms,25,64,1,5,41,36,100,38,11,5,4,2,129
2026-09-21T21:11:45.891811+00:00,3788,2697771,32x,300ms,25,64,1,5,41,36,100,38,11,6,4,2,129
2026-09-21T21:11:46.604073+00:00,3789,2698483,32x,300ms,25,64,1,5,41,36,100,38,11,6,4,2,129
2026-09-21T21:11:47.324630+00:00,3790,2699195,32x,300ms,25,64,1,5,40,36,100,38,11,6,4,2,129
2026-09-21T21:11:48.036551+00:00,3791,2699907,32x,300ms,25,64,0,5,41,36,100,38,11,6,4,2,129
2026-09-21T21:11:48.756374+00:00,3792,2700619,32x,300ms,25,64,0,5,41,36,100,38,11,6,4,2,129
2026-09-21T21:11:49.476676+00:00,3793,2701331,32x,300ms,25,64,0,5,40,36,100,38,11,5,4,2,129
2026-09-21T21:11:50.188295+00:00,3794,2702045,32x,300ms,25,64,0,5,41,36,100,38,11,6,4,2,129
2026-09-21T21:11:50.908661+00:00,3795,2702757,32x,300ms,25,64,0,5,41,36,100,38,11,6,4,2,128
2026-09-21T21:11:51.620071+00:00,3796,2703469,32x,300ms,25,64,1,5,41,36,100,38,11,6,4,2,129
2026-09-21T21:11:52.339923+00:00,3797,2704181,32x,300ms,25,64,1,5,40,36,100,38,11,6,4,2,129
2026-09-21T21:11:53.052930+00:00,3798,2704893,32x,300ms,25,64,1,5,40,36,100,38,11,6,4,2,129
2026-09-21T21:11:53.773817+00:00,3799,2705605,32x,300ms,25,64,1,5,41,36,100,38,11,6,4,2,129
2026-09-21T21:11:54.491902+00:00,3800,2706317,32x,300ms,25,64,1,5,41,36,100,38,11,5,4,2,129
2026-09-21T21:11:55.204723+00:00,3801,2707028,32x,300ms,25,64,0,5,41,36,100,38,11,6,4,2,128
2026-09-21T21:11:55.924992+00:00,3802,2707741,32x,300ms,25,64,0,5,41,36,100,38,11,6,4,2,129
2026-09-21T21:11:56.635953+00:00,3803,2708454,32x,300ms,25,64,0,5,41,36,100,38,11,6,4,2,129
2026-09-21T21:11:57.356536+00:00,3804,2709167,32x,300ms,25,64,0,5,41,36,100,38,11,6,4,2,129
2026-09-21T21:11:58.075893+00:00,3805,2709879,32x,300ms,25,64,0,5,41,36,100,38,11,6,4,2,129
2026-09-21T21:11:58.788123+00:00,3806,2710592,32x,300ms,25,64,1,5,41,36,100,38,11,6,4,2,128
2026-09-21T21:11:59.507956+00:00,3807,2711304,32x,300ms,25,64,1,5,41,36,100,38,11,6,4,2,129
2026-09-21T21:12:00.219844+00:00,3808,2712015,32x,300ms,25,64,1,5,40,36,100,38,11,6,4,2,129
2026-09-21T21:12:00.941617+00:00,3809,2712727,32x,300ms,25,64,1,5,41,36,100,38,11,6,4,2,129
2026-09-21T21:12:01.652948+00:00,3810,2713439,32x,300ms,25,64,1,5,41,36,100,38,11,6,4,2,129
2026-09-21T21:12:02.373410+00:00,3811,2714150,32x,300ms,25,64,0,5,41,36,100,38,11,6,4,2,128
2026-09-21T21:12:03.093182+00:00,3812,2714863,32x,300ms,25,64,0,5,40,36,100,38,11,6,4,2,129
2026-09-21T21:12:03.803864+00:00,3813,2715576,32x,300ms,25,64,0,5,41,36,100,38,11,6,4,2,129
2026-09-21T21:12:04.523766+00:00,3814,2716289,32x,300ms,25,64,0,5,40,36,100,38,11,6,4,2,129
2026-09-21T21:12:05.236078+00:00,3815,2717001,32x,300ms,25,64,0,5,41,36,100,38,11,6,4,2,129
2026-09-21T21:12:05.955958+00:00,3816,2717714,32x,300ms,25,64,1,5,41,36,100,38,11,6,4,2,128
2026-09-21T21:12:06.669735+00:00,3817,2718426,32x,300ms,25,64,1,5,41,36,100,38,11,6,4,2,129
2026-09-21T21:12:07.388941+00:00,3818,2719138,32x,300ms,25,64,1,5,41,36,100,38,11,6,4,2,129
2026-09-21T21:12:08.100567+00:00,3819,2719850,32x,300ms,25,64,1,5,40,36,100,38,11,6,4,2,129
2026-09-21T21:12:08.819839+00:00,3820,2720562,32x,300ms,25,64,1,5,41,36,100,38,11,5,4,2,129
2026-09-21T21:12:09.540341+00:00,3821,2721273,32x,300ms,25,64,0,5,41,36,100,38,11,5,4,2,128
2026-09-21T21:12:10.251859+00:00,3822,2721986,32x,300ms,25,64,0,5,41,36,100,38,11,6,4,2,129
2026-09-21T21:12:10.971954+00:00,3823,2722699,32x,300ms,25,64,0,5,40,36,100,38,11,6,4,2,129
2026-09-21T21:12:11.684536+00:00,3824,2723411,32x,300ms,25,64,0,5,41,36,100,38,11,5,4,2,129
2026-09-21T21:12:12.404695+00:00,3825,2724124,32x,300ms,25,64,0,5,41,36,100,38,11,6,4,2,129
2026-09-21T21:12:13.123852+00:00,3826,2724836,32x,300ms,25,64,1,5,41,36,100,38,11,6,4,2,129
2026-09-21T21:12:13.836182+00:00,3827,2725549,32x,300ms,25,64,1,5,40,36,100,38,11,6,4,2,129
2026-09-21T21:12:14.556207+00:00,3828,2726260,32x,300ms,25,64,1,5,41,36,100,38,11,5,4,2,129
2026-09-21T21:12:15.267860+00:00,3829,2726972,32x,300ms,25,64,1,5,41,36,100,38,11,6,4,2,129
2026-09-21T21:12:15.988108+00:00,3830,2727684,32x,300ms,25,64,1,5,41,36,100,38,11,6,4,2,129
2026-09-21T21:12:16.701118+00:00,3831,2728396,32x,300ms,25,64,0,5,41,36,100,38,11,6,4,2,129
2026-09-21T21:12:17.421137+00:00,3832,2729108,32x,300ms,25,64,0,5,41,36,100,38,11,5,4,2,129
2026-09-21T21:12:18.139668+00:00,3833,2729821,32x,300ms,25,64,0,5,41,36,100,38,11,6,4,2,129
2026-09-21T21:12:18.851925+00:00,3834,2730533,32x,300ms,25,64,0,5,40,36,100,38,11,6,4,2,129
2026-09-21T21:12:19.571951+00:00,3835,2731246,32x,300ms,25,64,0,5,41,36,100,38,11,6,4,2,129
2026-09-21T21:12:20.284684+00:00,3836,2731959,32x,300ms,25,64,1,5,41,36,100,38,11,6,4,2,129
2026-09-21T21:12:21.004411+00:00,3837,2732670,32x,300ms,25,64,1,5,41,36,100,38,11,6,4,2,129
2026-09-21T21:12:21.716122+00:00,3838,2733382,32x,300ms,25,64,1,5,41,36,100,38,11,6,4,2,129
2026-09-21T21:12:22.435963+00:00,3839,2734095,32x,300ms,25,64,1,5,41,36,100,38,11,6,4,2,129
2026-09-21T21:12:23.156370+00:00,3840,2734807,32x,300ms,25,64,1,5,41,36,100,38,11,6,4,2,129
2026-09-21T21:12:23.867882+00:00,3841,2735518,32x,300ms,25,64,0,5,41,36,100,38,11,5,4,2,129
2026-09-21T21:12:24.587944+00:00,3842,2736231,32x,300ms,25,64,0,5,41,36,100,38,11,6,4,2,129
2026-09-21T21:12:25.300981+00:00,3843,2736944,32x,300ms,25,64,0,5,41,36,100,38,11,6,4,2,129
2026-09-21T21:12:26.020449+00:00,3844,2737655,32x,300ms,25,64,0,5,41,36,100,38,11,5,4,2,129
2026-09-21T21:12:26.732187+00:00,3845,2738368,32x,300ms,25,64,0,5,40,36,100,38,11,6,4,2,129
2026-09-21T21:12:27.453290+00:00,3846,2739081,32x,300ms,25,64,1,5,41,36,100,38,11,6,4,2,128
2026-09-21T21:12:28.171755+00:00,3847,2739792,32x,300ms,25,64,1,5,41,36,100,38,11,6,4,2,129
2026-09-21T21:12:28.884512+00:00,3848,2740505,32x,300ms,25,64,1,5,40,36,100,38,11,6,4,2,129
2026-09-21T21:12:29.604575+00:00,3849,2741217,32x,300ms,25,64,1,5,41,36,100,38,11,6,4,2,129
2026-09-21T21:12:30.315782+00:00,3850,2741928,32x,300ms,25,64,1,5,41,36,100,38,11,5,4,2,129
2026-09-21T21:12:31.036590+00:00,3851,2742640,32x,300ms,25,64,0,5,40,36,100,38,11,5,4,2,129
2026-09-21T21:12:31.755845+00:00,3852,2743353,32x,300ms,25,64,0,5,41,36,100,38,11,6,4,2,129
2026-09-21T21:12:32.468417+00:00,3853,2744066,32x,300ms,25,64,0,5,40,36,100,38,11,6,4,2,129
2026-09-21T21:12:33.188774+00:00,3854,2744778,32x,300ms,25,64,0,5,41,36,100,38,11,6,4,2,128
2026-09-21T21:12:33.899813+00:00,3855,2745491,32x,300ms,25,64,0,5,41,36,100,38,11,5,4,2,129
2026-09-21T21:12:34.620051+00:00,3856,2746204,32x,300ms,25,64,1,5,41,36,100,38,11,6,4,2,128
2026-09-21T21:12:35.332579+00:00,3857,2746915,32x,300ms,25,64,1,5,41,36,100,38,11,6,4,2,129
2026-09-21T21:12:36.051728+00:00,3858,2747628,32x,300ms,25,64,1,5,41,36,100,38,11,5,4,2,128
2026-09-21T21:12:36.765132+00:00,3859,2748340,32x,300ms,25,64,1,5,40,36,100,38,11,6,4,2,129
2026-09-21T21:12:37.483688+00:00,3860,2749051,32x,300ms,25,64,1,5,40,36,100,38,11,6,4,2,129
2026-09-21T21:12:38.204910+00:00,3861,2749763,32x,300ms,25,64,0,5,41,36,100,38,11,6,4,2,129
2026-09-21T21:12:38.916704+00:00,3862,2750476,32x,300ms,25,64,0,5,41,36,100,38,11,6,4,2,129
2026-09-21T21:12:39.637164+00:00,3863,2751188,32x,300ms,25,64,0,5,41,36,100,38,11,6,4,2,129
2026-09-21T21:12:40.355721+00:00,3864,2751901,32x,300ms,25,64,0,5,40,36,100,38,11,6,4,2,129
2026-09-21T21:12:41.067641+00:00,3865,2752614,32x,300ms,25,64,0,5,40,36,100,38,11,5,4,2,129
2026-09-21T21:12:41.787664+00:00,3866,2753327,32x,300ms,25,64,1,5,41,36,100,38,11,5,4,2,129
2026-09-21T21:12:42.499800+00:00,3867,2754038,32x,300ms,25,64,1,5,41,36,100,38,11,6,4,2,129
2026-09-21T21:12:43.219811+00:00,3868,2754750,32x,300ms,25,64,1,5,41,36,100,38,11,6,4,2,128
2026-09-21T21:12:43.932108+00:00,3869,2755463,32x,300ms,25,64,1,5,41,36,100,38,11,5,4,2,129
2026-09-21T21:12:44.652037+00:00,3870,2756174,32x,300ms,25,64,1,5,40,36,100,38,11,6,4,2,129
2026-09-21T21:12:45.364407+00:00,3871,2756886,32x,300ms,25,64,0,5,41,36,100,38,11,5,4,2,129
2026-09-21T21:12:46.083697+00:00,3872,2757599,32x,300ms,25,64,0,5,40,36,100,38,11,5,4,2,129
2026-09-21T21:12:46.803668+00:00,3873,2758311,32x,300ms,25,64,0,5,41,36,100,38,11,6,4,2,129
2026-09-21T21:12:47.515679+00:00,3874,2759024,32x,300ms,25,64,0,5,41,36,100,38,11,5,4,2,129
2026-09-21T21:12:48.235676+00:00,3875,2759737,32x,300ms,25,64,0,5,40,36,100,38,11,5,4,2,129
2026-09-21T21:12:48.947571+00:00,3876,2760450,32x,300ms,25,64,1,5,41,36,100,38,11,6,4,2,129
2026-09-21T21:12:49.667869+00:00,3877,2761161,32x,300ms,25,64,1,5,41,36,100,38,11,5,4,2,129
2026-09-21T21:12:50.380201+00:00,3878,2761873,32x,300ms,25,64,1,5,41,36,100,38,11,6,4,2,129
2026-09-21T21:12:51.100560+00:00,3879,2762585,32x,300ms,25,64,1,5,41,36,100,38,11,6,4,2,128
2026-09-21T21:12:51.820524+00:00,3880,2763296,32x,300ms,25,64,1,5,41,36,100,38,11,6,4,2,129
2026-09-21T21:12:52.532447+00:00,3881,2764009,32x,300ms,25,64,0,5,40,36,100,38,11,6,4,2,129
2026-09-21T21:12:53.252114+00:00,3882,2764722,32x,300ms,25,64,0,5,40,36,100,38,11,6,4,2,129
2026-09-21T21:12:53.972360+00:00,3883,2765434,32x,300ms,25,64,0,5,41,36,100,38,11,5,4,2,129
2026-09-21T21:12:54.687319+00:00,3884,2766147,32x,300ms,25,64,0,5,41,36,100,38,11,5,4,2,129
2026-09-21T21:12:55.404648+00:00,3885,2766860,32x,300ms,25,64,0,5,41,36,100,38,11,6,4,2,129
2026-09-21T21:12:56.116112+00:00,3886,2767571,32x,300ms,25,64,1,5,41,36,100,38,11,5,4,2,129
2026-09-21T21:12:56.836065+00:00,3887,2768283,32x,300ms,25,64,1,5,41,36,100,38,11,6,4,2,129
2026-09-21T21:12:57.547820+00:00,3888,2768996,32x,300ms,25,64,1,5,41,36,100,38,11,6,4,2,128
2026-09-21T21:12:58.268242+00:00,3889,2769708,32x,300ms,25,64,1,5,41,36,100,38,11,6,4,2,129
2026-09-21T21:12:58.981622+00:00,3890,2770419,32x,300ms,25,64,1,5,41,36,100,38,11,6,4,2,129
2026-09-21T21:12:59.701345+00:00,3891,2771131,32x,300ms,25,64,0,5,40,36,100,38,11,5,4,2,128
2026-09-21T21:13:00.420578+00:00,3892,2771844,32x,300ms,25,64,0,5,40,36,100,38,11,5,4,2,129
2026-09-21T21:13:01.131745+00:00,3893,2772556,32x,300ms,25,64,0,5,40,36,100,38,11,6,4,2,129
2026-09-21T21:13:01.852810+00:00,3894,2773269,32x,300ms,25,64,0,5,41,36,100,38,11,5,4,2,129
2026-09-21T21:13:02.564532+00:00,3895,2773982,32x,300ms,25,64,0,5,41,36,100,38,11,5,4,2,128
2026-09-21T21:13:03.284628+00:00,3896,2774694,32x,300ms,25,64,1,5,41,36,100,38,11,6,4,2,129
2026-09-21T21:13:03.996561+00:00,3897,2775406,32x,300ms,25,64,1,5,41,36,100,38,11,5,4,2,129
2026-09-21T21:13:04.714907+00:00,3898,2776118,32x,300ms,25,64,1,5,41,36,100,38,11,5,4,2,129
2026-09-21T21:13:05.436314+00:00,3899,2776830,32x,300ms,25,64,1,5,41,36,100,38,11,5,4,2,129
2026-09-21T21:13:06.147565+00:00,3900,2777542,32x,300ms,25,64,1,5,41,36,100,38,11,5,4,2,129
2026-09-21T21:13:06.867608+00:00,3901,2778254,32x,300ms,25,64,0,5,40,36,100,38,11,6,4,2,129
2026-09-21T21:13:07.579706+00:00,3902,2778967,32x,300ms,25,64,0,5,41,36,100,38,11,6,4,2,129
2026-09-21T21:13:08.299462+00:00,3903,2779679,32x,300ms,25,64,0,5,41,36,100,38,11,6,4,2,129
2026-09-21T21:13:09.020337+00:00,3904,2780392,32x,300ms,25,64,0,5,40,36,100,38,11,6,4,2,129
2026-09-21T21:13:09.731598+00:00,3905,2781105,32x,300ms,25,64,0,5,40,36,100,38,11,6,4,2,129
2026-09-21T21:13:10.452871+00:00,3906,2781817,32x,300ms,25,64,1,5,41,36,100,38,11,5,4,2,129
2026-09-21T21:13:11.163598+00:00,3907,2782529,32x,300ms,25,64,1,5,41,36,100,38,11,5,4,2,129
2026-09-21T21:13:11.885302+00:00,3908,2783241,32x,300ms,25,64,1,5,41,36,100,38,11,6,4,2,129
2026-09-21T21:13:12.595841+00:00,3909,2783953,32x,300ms,25,64,1,5,41,36,100,38,11,6,4,2,128
2026-09-21T21:13:13.316306+00:00,3910,2784665,32x,300ms,25,64,1,5,41,36,100,38,11,6,4,2,129
2026-09-21T21:13:14.035746+00:00,3911,2785377,32x,300ms,25,64,0,5,41,36,100,38,11,6,4,2,129
2026-09-21T21:13:14.747635+00:00,3912,2786089,32x,300ms,25,64,0,5,41,36,100,38,11,6,4,2,129
2026-09-21T21:13:15.467702+00:00,3913,2786802,32x,300ms,25,64,0,5,40,36,100,38,11,5,4,2,129
2026-09-21T21:13:16.180663+00:00,3914,2787515,32x,300ms,25,64,0,5,41,36,100,38,11,6,4,2,129
2026-09-21T21:13:16.899564+00:00,3915,2788228,32x,300ms,25,64,0,5,41,36,100,38,11,6,4,2,128
2026-09-21T21:13:17.611928+00:00,3916,2788939,32x,300ms,25,64,1,5,40,36,100,38,11,5,4,2,128
2026-09-21T21:13:18.332256+00:00,3917,2789652,32x,300ms,25,64,1,5,41,36,100,38,11,6,4,2,128
2026-09-21T21:13:19.044801+00:00,3918,2790364,32x,300ms,25,64,1,5,41,36,100,38,11,6,4,2,129
2026-09-21T21:13:19.763614+00:00,3919,2791075,32x,300ms,25,64,1,5,40,36,100,38,11,6,4,2,129
2026-09-21T21:13:20.484783+00:00,3920,2791787,32x,300ms,25,64,1,5,41,36,100,38,11,5,4,2,129
2026-09-21T21:13:21.197171+00:00,3921,2792500,32x,300ms,25,64,0,5,41,36,100,38,11,6,4,2,129
2026-09-21T21:13:21.916760+00:00,3922,2793211,32x,300ms,25,64,0,5,41,36,100,38,11,6,4,2,128
2026-09-21T21:13:22.635581+00:00,3923,2793924,32x,300ms,25,64,0,5,41,36,100,38,11,5,4,2,128
2026-09-21T21:13:23.348591+00:00,3924,2794637,32x,300ms,25,64,0,5,41,36,100,38,11,6,4,2,129
2026-09-21T21:13:24.067964+00:00,3925,2795350,32x,300ms,25,64,0,5,41,36,100,38,11,6,4,2,129
2026-09-21T21:13:24.779576+00:00,3926,2796062,32x,300ms,25,64,1,5,41,36,100,38,11,6,4,2,129
2026-09-21T21:13:25.499926+00:00,3927,2796774,32x,300ms,25,64,1,5,41,36,100,38,11,6,4,2,129
2026-09-21T21:13:26.212339+00:00,3928,2797486,32x,300ms,25,64,1,5,41,36,100,38,11,5,4,2,129
2026-09-21T21:13:26.932084+00:00,3929,2798197,32x,300ms,25,64,1,5,41,36,100,38,11,6,4,2,129
2026-09-21T21:13:27.643501+00:00,3930,2798909,32x,300ms,25,64,1,5,40,36,100,38,11,6,4,2,129
2026-09-21T21:13:28.364829+00:00,3931,2799621,32x,300ms,25,64,0,5,41,36,100,38,11,6,4,2,129
2026-09-21T21:13:29.084520+00:00,3932,2800333,32x,300ms,25,64,0,5,40,36,100,38,11,6,4,2,129
2026-09-21T21:13:29.795912+00:00,3933,2801047,32x,300ms,25,64,0,5,41,36,100,38,11,5,4,2,129
2026-09-21T21:13:30.516535+00:00,3934,2801759,32x,300ms,25,64,0,5,41,36,100,38,11,6,4,2,129
2026-09-21T21:13:31.227598+00:00,3935,2802471,32x,300ms,25,64,0,5,41,36,100,38,11,6,4,2,128
2026-09-21T21:13:31.947744+00:00,3936,2803184,32x,300ms,25,64,1,5,40,36,100,38,11,6,4,2,129
2026-09-21T21:13:32.659421+00:00,3937,2803896,32x,300ms,25,64,1,5,41,36,100,38,11,6,4,2,128
2026-09-21T21:13:33.380887+00:00,3938,2804609,32x,300ms,25,64,1,5,40,36,100,38,11,6,4,2,129
2026-09-21T21:13:34.101042+00:00,3939,2805320,32x,300ms,25,64,1,5,41,36,100,38,11,6,4,2,129
2026-09-21T21:13:34.812596+00:00,3940,2806032,32x,300ms,25,64,1,5,40,36,100,38,11,6,4,2,129
2026-09-21T21:13:35.531792+00:00,3941,2806744,32x,300ms,25,64,0,5,40,36,100,38,11,5,4,2,129
2026-09-21T21:13:36.244524+00:00,3942,2807456,32x,300ms,25,64,0,5,41,36,100,38,11,6,4,2,129
2026-09-21T21:13:36.964553+00:00,3943,2808169,32x,300ms,25,64,0,5,41,36,100,38,11,6,4,2,129
2026-09-21T21:13:37.684157+00:00,3944,2808882,32x,300ms,25,64,0,5,41,36,100,38,11,6,4,2,129
2026-09-21T21:13:38.395340+00:00,3945,2809594,32x,300ms,25,64,0,5,41,36,100,38,11,6,4,2,129
2026-09-21T21:13:39.116566+00:00,3946,2810307,32x,300ms,25,64,1,5,41,36,100,38,11,6,4,2,129
2026-09-21T21:13:39.828573+00:00,3947,2811019,32x,300ms,25,64,1,5,41,36,100,38,11,6,4,2,129
2026-09-21T21:13:40.547853+00:00,3948,2811730,32x,300ms,25,64,1,5,41,36,100,38,11,6,4,2,129
2026-09-21T21:13:41.260203+00:00,3949,2812442,32x,300ms,25,64,1,5,41,36,100,38,11,6,4,2,129
2026-09-21T21:13:41.979544+00:00,3950,2813154,32x,300ms,25,64,1,5,41,36,100,38,11,6,4,2,128
2026-09-21T21:13:42.700565+00:00,3951,2813867,32x,300ms,25,64,0,5,41,36,100,38,11,6,4,2,128
2026-09-21T21:13:43.411955+00:00,3952,2814578,32x,300ms,25,64,0,5,41,36,100,38,11,6,4,2,129
2026-09-21T21:13:44.132146+00:00,3953,2815291,32x,300ms,25,64,0,5,41,36,100,38,11,5,4,2,128
2026-09-21T21:13:44.843791+00:00,3954,2816004,32x,300ms,25,64,0,5,41,36,100,38,11,6,4,2,129
2026-09-21T21:13:45.563795+00:00,3955,2816716,32x,300ms,25,64,0,5,41,36,100,38,11,6,4,2,129
2026-09-21T21:13:46.275648+00:00,3956,2817429,32x,300ms,25,64,1,5,41,36,100,38,11,6,4,2,129
2026-09-21T21:13:46.995612+00:00,3957,2818141,32x,300ms,25,64,1,5,41,36,100,38,11,6,4,2,129
2026-09-21T21:13:47.707717+00:00,3958,2818852,32x,300ms,25,64,1,5,41,36,100,38,11,6,4,2,129
2026-09-21T21:13:48.427784+00:00,3959,2819565,32x,300ms,25,64,1,5,41,36,100,38,11,5,4,2,129
2026-09-21T21:13:49.147897+00:00,3960,2820277,32x,300ms,25,64,1,5,41,36,100,38,11,6,4,2,128
2026-09-21T21:13:49.859811+00:00,3961,2820988,32x,300ms,25,64,0,5,41,36,100,38,11,6,4,2,128
2026-09-21T21:13:50.579425+00:00,3962,2821701,32x,300ms,25,64,0,5,41,36,100,38,11,5,4,2,129
2026-09-21T21:13:51.299419+00:00,3963,2822414,32x,300ms,25,64,0,5,40,36,100,38,11,6,4,2,129
2026-09-21T21:13:52.012827+00:00,3964,2823127,32x,300ms,25,64,0,5,41,36,100,38,11,6,4,2,128
2026-09-21T21:13:52.732639+00:00,3965,2823838,32x,300ms,25,64,0,5,41,36,100,38,11,6,4,2,128
2026-09-21T21:13:53.444266+00:00,3966,2824551,32x,300ms,25,64,1,5,41,36,100,38,11,6,4,2,129
2026-09-21T21:13:54.156573+00:00,3967,2825263,32x,300ms,25,64,1,5,41,36,100,38,11,6,4,2,129
2026-09-21T21:13:54.875410+00:00,3968,2825975,32x,300ms,25,64,1,5,41,36,100,38,11,6,4,2,128
2026-09-21T21:13:55.595367+00:00,3969,2826687,32x,300ms,25,64,1,5,41,36,100,38,11,5,4,2,129
2026-09-21T21:13:56.307851+00:00,3970,2827399,32x,300ms,25,64,1,5,41,36,100,38,11,6,4,2,128
2026-09-21T21:13:57.027765+00:00,3971,2828110,32x,300ms,25,64,0,5,41,36,100,38,11,6,4,2,129
2026-09-21T21:13:57.740174+00:00,3972,2828823,32x,300ms,25,64,0,5,41,36,100,38,11,5,4,2,128
2026-09-21T21:13:58.459512+00:00,3973,2829536,32x,300ms,25,64,0,5,41,36,100,38,11,5,4,2,128
2026-09-21T21:13:59.180458+00:00,3974,2830248,32x,300ms,25,64,0,5,41,36,100,38,11,6,4,2,128
2026-09-21T21:13:59.892124+00:00,3975,2830961,32x,300ms,25,64,0,5,40,36,100,38,11,6,4,2,129
2026-09-21T21:14:00.611756+00:00,3976,2831674,32x,300ms,25,64,1,5,41,36,100,38,11,5,4,2,128
2026-09-21T21:14:01.324372+00:00,3977,2832386,32x,300ms,25,64,1,5,41,36,100,38,11,6,4,2,128
2026-09-21T21:14:02.044267+00:00,3978,2833097,32x,300ms,25,64,1,5,41,36,100,38,11,6,4,2,129
2026-09-21T21:14:02.763407+00:00,3979,2833809,32x,300ms,25,64,1,5,41,36,100,38,11,6,4,2,129
2026-09-21T21:14:03.475360+00:00,3980,2834522,32x,300ms,25,64,1,5,41,36,100,38,11,6,4,2,129
2026-09-21T21:14:04.196046+00:00,3981,2835233,32x,300ms,25,64,0,5,40,36,100,38,11,6,4,2,129
2026-09-21T21:14:04.908427+00:00,3982,2835946,32x,300ms,25,64,0,5,40,36,100,38,11,6,4,2,129
2026-09-21T21:14:05.627889+00:00,3983,2836659,32x,300ms,25,64,0,5,41,36,100,38,11,5,4,2,129
2026-09-21T21:14:06.347220+00:00,3984,2837371,32x,300ms,25,64,0,5,41,36,100,38,11,6,4,2,129
2026-09-21T21:14:07.060309+00:00,3985,2838083,32x,300ms,25,64,0,5,41,36,100,38,11,6,4,2,129
2026-09-21T21:14:07.779301+00:00,3986,2838796,32x,300ms,25,64,1,5,41,36,100,38,11,6,4,2,128
2026-09-21T21:14:08.491381+00:00,3987,2839508,32x,300ms,25,64,1,5,41,36,100,38,11,5,4,2,129
2026-09-21T21:14:09.212104+00:00,3988,2840220,32x,300ms,25,64,1,5,41,36,100,38,11,6,4,2,129
2026-09-21T21:14:09.923840+00:00,3989,2840932,32x,300ms,25,64,1,5,41,36,100,38,11,5,4,2,128
2026-09-21T21:14:10.643272+00:00,3990,2841644,32x,300ms,25,64,1,5,41,36,100,38,11,6,4,2,129
2026-09-21T21:14:11.363334+00:00,3991,2842355,32x,300ms,25,64,0,5,41,36,100,38,11,6,4,2,128
2026-09-21T21:14:12.076374+00:00,3992,2843068,32x,300ms,25,64,0,5,41,36,100,38,11,5,4,2,129
2026-09-21T21:14:12.796380+00:00,3993,2843781,32x,300ms,25,64,0,5,41,36,100,38,11,5,4,2,129
2026-09-21T21:14:13.507361+00:00,3994,2844493,32x,300ms,25,64,0,5,41,36,100,38,11,5,4,2,129
2026-09-21T21:14:14.227768+00:00,3995,2845206,32x,300ms,25,64,0,5,41,36,100,38,11,6,4,2,129
2026-09-21T21:14:14.939548+00:00,3996,2845919,32x,300ms,25,64,1,5,41,36,100,38,11,6,4,2,129
2026-09-21T21:14:15.660311+00:00,3997,2846630,32x,300ms,25,64,1,5,41,36,100,38,11,6,4,2,129
2026-09-21T21:14:16.371613+00:00,3998,2847342,32x,300ms,25,64,1,5,40,36,100,38,11,6,4,2,129
2026-09-21T21:14:17.092390+00:00,3999,2848054,32x,300ms,25,64,1,5,41,36,100,38,11,6,4,2,129
2026-09-21T21:14:17.811604+00:00,4000,2848765,32x,300ms,25,64,1,5,41,36,100,38,11,6,4,2,129
2026-09-21T21:14:18.523177+00:00,4001,2849478,32x,300ms,25,64,0,5,41,36,100,38,11,6,4,2,128
2026-09-21T21:14:19.243292+00:00,4002,2850191,32x,300ms,25,64,0,5,41,36,100,38,11,6,4,2,129
2026-09-21T21:14:19.955295+00:00,4003,2850903,32x,300ms,25,64,0,5,41,36,100,38,11,6,4,2,129
2026-09-21T21:14:20.676905+00:00,4004,2851615,32x,300ms,25,64,0,5,41,36,100,38,11,6,4,2,129
2026-09-21T21:14:21.387569+00:00,4005,2852328,32x,300ms,25,64,0,5,41,36,100,38,11,5,4,2,129
2026-09-21T21:14:22.107602+00:00,4006,2853041,32x,300ms,25,64,1,5,41,36,100,38,11,6,4,2,129
2026-09-21T21:14:22.827405+00:00,4007,2853752,32x,300ms,25,64,1,5,41,36,100,38,11,6,4,2,128
2026-09-21T21:14:23.539401+00:00,4008,2854464,32x,300ms,25,64,1,5,41,36,100,38,11,5,4,2,129
2026-09-21T21:14:24.259403+00:00,4009,2855176,32x,300ms,25,64,1,5,41,36,100,38,11,6,4,2,129
2026-09-21T21:14:24.972083+00:00,4010,2855888,32x,300ms,25,64,1,5,41,36,100,38,11,5,4,2,129
2026-09-21T21:14:25.691358+00:00,4011,2856600,32x,300ms,25,64,0,5,41,36,100,38,11,6,4,2,129
2026-09-21T21:14:26.405221+00:00,4012,2857313,32x,300ms,25,64,0,5,41,36,100,38,11,6,4,2,129
2026-09-21T21:14:27.123272+00:00,4013,2858025,32x,300ms,25,64,0,5,41,36,100,38,11,6,4,2,129
2026-09-21T21:14:27.844149+00:00,4014,2858738,32x,300ms,25,64,0,5,41,36,100,38,11,5,4,2,129
2026-09-21T21:14:28.556006+00:00,4015,2859450,32x,300ms,25,64,0,5,41,36,100,38,11,5,4,2,128
2026-09-21T21:14:29.275926+00:00,4016,2860163,32x,300ms,25,64,1,5,40,36,100,38,11,6,4,2,128
2026-09-21T21:14:29.987275+00:00,4017,2860875,32x,300ms,25,64,1,5,40,36,100,38,11,5,4,2,129
2026-09-21T21:14:30.707243+00:00,4018,2861587,32x,300ms,25,64,1,5,40,36,100,38,11,6,4,2,128
2026-09-21T21:14:31.422105+00:00,4019,2862299,32x,300ms,25,64,1,5,41,36,100,38,11,6,4,2,129
2026-09-21T21:14:32.140016+00:00,4020,2863010,32x,300ms,25,64,1,5,41,36,100,38,11,6,4,2,129
2026-09-21T21:14:32.860396+00:00,4021,2863722,32x,300ms,25,64,0,5,41,36,100,38,11,6,4,2,129
2026-09-21T21:14:33.572337+00:00,4022,2864435,32x,300ms,25,64,0,5,41,36,100,38,11,6,4,2,128
2026-09-21T21:14:34.291253+00:00,4023,2865147,32x,300ms,25,64,0,5,41,36,100,38,11,6,4,2,128
2026-09-21T21:14:35.004284+00:00,4024,2865860,32x,300ms,25,64,0,5,40,36,100,38,11,5,4,2,128
2026-09-21T21:14:35.723215+00:00,4025,2866573,32x,300ms,25,64,0,5,41,36,100,38,11,6,4,2,128
2026-09-21T21:14:36.444331+00:00,4026,2867286,32x,300ms,25,64,1,5,41,36,100,38,11,6,4,2,129
2026-09-21T21:14:37.155231+00:00,4027,2867997,32x,300ms,25,64,1,5,41,36,100,38,11,6,4,2,128
2026-09-21T21:14:37.876326+00:00,4028,2868709,32x,300ms,25,64,1,5,40,36,100,38,11,6,4,2,128
2026-09-21T21:14:38.588270+00:00,4029,2869421,32x,300ms,25,64,1,5,40,36,100,38,11,5,4,2,129
2026-09-21T21:14:39.307727+00:00,4030,2870132,32x,300ms,25,64,1,5,41,36,100,38,11,6,4,2,128
2026-09-21T21:14:40.020001+00:00,4031,2870845,32x,300ms,25,64,0,5,40,36,100,38,11,6,4,2,129
2026-09-21T21:14:40.739699+00:00,4032,2871558,32x,300ms,25,64,0,5,40,36,100,38,11,6,4,2,129
2026-09-21T21:14:41.459545+00:00,4033,2872270,32x,300ms,25,64,0,5,40,36,100,38,11,6,4,2,129
2026-09-21T21:14:42.171947+00:00,4034,2872983,32x,300ms,25,64,0,5,40,36,100,38,11,6,4,2,129
2026-09-21T21:14:42.891787+00:00,4035,2873696,32x,300ms,25,64,0,5,40,36,100,38,11,6,4,2,129
2026-09-21T21:14:43.603213+00:00,4036,2874408,32x,300ms,25,64,1,5,41,36,100,38,11,5,4,2,129
2026-09-21T21:14:44.323228+00:00,4037,2875120,32x,300ms,25,64,1,5,41,36,100,38,11,6,4,2,129
2026-09-21T21:14:45.035610+00:00,4038,2875833,32x,300ms,25,64,1,5,41,36,100,38,11,6,4,2,128
2026-09-21T21:14:45.755110+00:00,4039,2876545,32x,300ms,25,64,1,5,41,36,100,38,11,6,4,2,128
2026-09-21T21:14:46.475226+00:00,4040,2877256,32x,300ms,25,64,1,5,41,36,100,38,11,6,4,2,128
2026-09-21T21:14:47.188062+00:00,4041,2877968,32x,300ms,25,64,0,5,41,36,100,38,11,5,4,2,129
2026-09-21T21:14:47.908305+00:00,4042,2878681,32x,300ms,25,64,0,5,40,36,100,38,11,6,4,2,128
2026-09-21T21:14:48.629099+00:00,4043,2879393,32x,300ms,25,64,0,5,41,36,100,38,11,6,4,2,128
2026-09-21T21:14:49.339207+00:00,4044,2880106,32x,300ms,25,64,0,5,41,36,100,38,11,6,4,2,129
2026-09-21T21:14:50.060689+00:00,4045,2880819,32x,300ms,25,64,0,5,40,36,100,38,11,6,4,2,129
2026-09-21T21:14:50.771299+00:00,4046,2881531,32x,300ms,25,64,1,5,40,36,100,38,11,6,4,2,129
2026-09-21T21:14:51.492213+00:00,4047,2882243,32x,300ms,25,64,1,5,41,36,100,38,11,6,4,2,129
2026-09-21T21:14:52.204205+00:00,4048,2882955,32x,300ms,25,64,1,5,41,36,100,38,11,6,4,2,129
2026-09-21T21:14:52.924312+00:00,4049,2883667,32x,300ms,25,64,1,5,41,36,100,38,11,6,4,2,129
2026-09-21T21:14:53.635967+00:00,4050,2884379,32x,300ms,25,64,1,5,41,36,100,38,11,6,4,2,129
2026-09-21T21:14:54.355613+00:00,4051,2885091,32x,300ms,25,64,0,5,41,36,100,38,11,6,4,2,128
2026-09-21T21:14:55.075987+00:00,4052,2885804,32x,300ms,25,64,0,5,41,36,100,38,11,6,4,2,129
2026-09-21T21:14:55.787523+00:00,4053,2886516,32x,300ms,25,64,0,5,41,36,100,38,11,6,4,2,129
2026-09-21T21:14:56.507441+00:00,4054,2887228,32x,300ms,25,64,0,5,41,36,100,38,11,6,4,2,129
2026-09-21T21:14:57.219258+00:00,4055,2887941,32x,300ms,25,64,0,5,40,36,100,38,11,5,4,2,129
2026-09-21T21:14:57.939402+00:00,4056,2888653,32x,300ms,25,64,1,5,40,36,100,38,11,6,4,2,129
2026-09-21T21:14:58.652716+00:00,4057,2889365,32x,300ms,25,64,1,5,40,36,100,38,11,6,4,2,128
2026-09-21T21:14:59.371160+00:00,4058,2890078,32x,300ms,25,64,1,5,41,36,100,38,11,6,4,2,128
2026-09-21T21:15:00.091305+00:00,4059,2890789,32x,300ms,25,64,1,5,41,36,100,38,11,5,4,2,128
2026-09-21T21:15:00.803384+00:00,4060,2891501,32x,300ms,25,64,1,5,41,36,100,38,11,5,4,2,129
2026-09-21T21:15:01.524325+00:00,4061,2892213,32x,300ms,25,64,0,5,41,36,100,38,11,6,4,2,128
2026-09-21T21:15:02.235446+00:00,4062,2892925,32x,300ms,25,64,0,5,41,36,100,38,11,5,4,2,129
2026-09-21T21:15:02.955174+00:00,4063,2893638,32x,300ms,25,64,0,5,41,36,100,38,11,6,4,2,129
2026-09-21T21:15:03.675175+00:00,4064,2894351,32x,300ms,25,64,0,5,41,36,100,38,11,6,4,2,129
2026-09-21T21:15:04.387851+00:00,4065,2895064,32x,300ms,25,64,0,5,41,36,100,38,11,6,4,2,129
2026-09-21T21:15:05.107460+00:00,4066,2895776,32x,300ms,25,64,1,5,41,36,100,38,11,6,4,2,128
2026-09-21T21:15:05.820206+00:00,4067,2896488,32x,300ms,25,64,1,5,40,36,100,38,11,6,4,2,128
2026-09-21T21:15:06.539508+00:00,4068,2897200,32x,300ms,25,64,1,5,41,36,100,38,11,6,4,2,128
2026-09-21T21:15:07.251329+00:00,4069,2897911,32x,300ms,25,64,1,5,41,36,100,38,11,6,4,2,128
2026-09-21T21:15:07.971392+00:00,4070,2898623,32x,300ms,25,64,1,5,41,36,100,38,11,5,4,2,129
2026-09-21T21:15:08.691143+00:00,4071,2899336,32x,300ms,25,64,0,5,41,36,100,38,11,5,4,2,128
2026-09-21T21:15:09.403841+00:00,4072,2900047,32x,300ms,25,64,0,5,41,36,100,38,11,6,4,2,129
2026-09-21T21:15:10.124786+00:00,4073,2900760,32x,300ms,25,64,0,5,40,36,100,38,11,6,4,2,129
2026-09-21T21:15:10.835727+00:00,4074,2901473,32x,300ms,25,64,0,5,40,36,100,38,11,6,4,2,128
2026-09-21T21:15:11.555943+00:00,4075,2902185,32x,300ms,25,64,0,5,40,36,100,38,11,6,4,2,129
2026-09-21T21:15:12.267399+00:00,4076,2902898,32x,300ms,25,64,1,5,41,36,100,38,11,6,4,2,128
2026-09-21T21:15:12.987195+00:00,4077,2903611,32x,300ms,25,64,1,5,40,36,100,38,11,6,4,2,128
2026-09-21T21:15:13.707119+00:00,4078,2904323,32x,300ms,25,64,1,5,41,36,100,38,11,6,4,2,129
2026-09-21T21:15:14.420055+00:00,4079,2905034,32x,300ms,25,64,1,5,41,36,100,38,11,6,4,2,128
2026-09-21T21:15:15.139982+00:00,4080,2905746,32x,300ms,25,64,1,5,41,36,100,38,11,5,4,2,129
2026-09-21T21:15:15.851994+00:00,4081,2906458,32x,300ms,25,64,0,5,41,36,100,38,11,6,4,2,128
2026-09-21T21:15:16.571970+00:00,4082,2907170,32x,300ms,25,64,0,5,41,36,100,38,11,6,4,2,128
2026-09-21T21:15:17.291585+00:00,4083,2907883,32x,300ms,25,64,0,5,41,36,100,38,11,6,4,2,129
2026-09-21T21:15:18.003167+00:00,4084,2908596,32x,300ms,25,64,0,5,40,36,100,38,11,5,4,2,129
2026-09-21T21:15:18.723346+00:00,4085,2909308,32x,300ms,25,64,0,5,41,36,100,38,11,6,4,2,129
2026-09-21T21:15:19.435614+00:00,4086,2910021,32x,300ms,25,64,1,5,41,36,100,38,11,6,4,2,129
2026-09-21T21:15:20.155176+00:00,4087,2910733,32x,300ms,25,64,1,5,41,36,100,38,11,6,4,2,128
2026-09-21T21:15:20.867133+00:00,4088,2911444,32x,300ms,25,64,1,5,41,36,100,38,11,6,4,2,129
2026-09-21T21:15:21.588286+00:00,4089,2912157,32x,300ms,25,64,1,5,41,36,100,38,11,6,4,2,129
2026-09-21T21:15:22.299096+00:00,4090,2912869,32x,300ms,25,64,1,5,41,36,100,38,11,6,4,2,129
2026-09-21T21:15:23.019325+00:00,4091,2913581,32x,300ms,25,64,0,5,41,36,100,38,11,5,4,2,129
2026-09-21T21:15:23.739567+00:00,4092,2914293,32x,300ms,25,64,0,5,41,36,100,38,11,6,4,2,129
2026-09-21T21:15:24.452444+00:00,4093,2915005,32x,300ms,25,64,0,5,41,36,100,38,11,6,4,2,129
2026-09-21T21:15:25.171280+00:00,4094,2915718,32x,300ms,25,64,0,5,41,36,100,38,11,6,4,2,129
2026-09-21T21:15:25.883260+00:00,4095,2916430,32x,300ms,25,64,0,5,41,36,100,38,11,6,4,2,129
2026-09-21T21:15:26.603392+00:00,4096,2917143,32x,300ms,25,64,1,5,41,36,100,38,11,6,4,2,128
2026-09-21T21:15:27.315607+00:00,4097,2917855,32x,300ms,25,64,1,5,41,36,100,38,11,6,4,2,128
2026-09-21T21:15:28.035903+00:00,4098,2918566,32x,300ms,25,64,1,5,41,36,100,38,11,6,4,2,129
2026-09-21T21:15:28.756098+00:00,4099,2919278,32x,300ms,25,64,1,5,41,36,100,38,11,6,4,2,128
2026-09-21T21:15:29.468159+00:00,4100,2919991,32x,300ms,25,64,1,5,41,36,100,38,11,6,4,2,128
2026-09-21T21:15:30.187016+00:00,4101,2920702,32x,300ms,25,64,0,5,41,36,100,38,11,6,4,2,129
2026-09-21T21:15:30.900099+00:00,4102,2921415,32x,300ms,25,64,0,5,41,36,100,38,11,6,4,2,129
2026-09-21T21:15:31.620005+00:00,4103,2922128,32x,300ms,25,64,0,5,41,36,100,38,11,6,4,2,128
2026-09-21T21:15:32.331128+00:00,4104,2922841,32x,300ms,25,64,0,5,41,36,100,38,11,6,4,2,129
2026-09-21T21:15:33.051818+00:00,4105,2923552,32x,300ms,25,64,0,5,41,36,100,38,11,6,4,2,128
2026-09-21T21:15:33.772157+00:00,4106,2924265,32x,300ms,25,64,1,5,41,36,100,38,11,6,4,2,128
2026-09-21T21:15:34.485031+00:00,4107,2924977,32x,300ms,25,64,1,5,41,36,100,38,11,6,4,2,129
2026-09-21T21:15:35.203261+00:00,4108,2925688,32x,300ms,25,64,1,5,41,36,100,38,11,6,4,2,128
2026-09-21T21:15:35.916268+00:00,4109,2926401,32x,300ms,25,64,1,5,41,36,100,38,11,6,4,2,128
2026-09-21T21:15:36.636230+00:00,4110,2927113,32x,300ms,25,64,1,5,40,36,100,38,11,6,4,2,128
2026-09-21T21:15:37.347047+00:00,4111,2927824,32x,300ms,25,64,0,5,41,36,100,38,11,6,4,2,128
2026-09-21T21:15:38.067098+00:00,4112,2928537,32x,300ms,25,64,0,5,41,36,100,38,11,6,4,2,129
2026-09-21T21:15:38.788664+00:00,4113,2929250,32x,300ms,25,64,0,5,41,36,100,38,11,6,4,2,129
2026-09-21T21:15:39.499105+00:00,4114,2929963,32x,300ms,25,64,0,5,41,36,100,38,11,6,4,2,128
2026-09-21T21:15:40.220188+00:00,4115,2930675,32x,300ms,25,64,0,5,41,36,100,38,11,6,4,2,129
2026-09-21T21:15:40.932350+00:00,4116,2931387,32x,300ms,25,64,1,5,40,36,100,38,11,6,4,2,129
2026-09-21T21:15:41.651739+00:00,4117,2932099,32x,300ms,25,64,1,5,41,36,100,38,11,6,4,2,128
2026-09-21T21:15:42.363549+00:00,4118,2932811,32x,300ms,25,64,1,5,40,36,100,38,11,6,4,2,129
2026-09-21T21:15:43.083104+00:00,4119,2933523,32x,300ms,25,64,1,5,41,36,100,38,11,6,4,2,129
2026-09-21T21:15:43.803080+00:00,4120,2934235,32x,300ms,25,64,1,5,40,36,100,38,11,6,4,2,129
2026-09-21T21:15:44.515197+00:00,4121,2934946,32x,300ms,25,64,0,5,41,36,100,38,11,6,4,2,129
2026-09-21T21:15:45.235095+00:00,4122,2935659,32x,300ms,25,64,0,5,41,36,100,38,11,6,4,2,128
2026-09-21T21:15:45.947023+00:00,4123,2936372,32x,300ms,25,64,0,5,40,36,100,38,11,6,4,2,129
2026-09-21T21:15:46.667380+00:00,4124,2937084,32x,300ms,25,64,0,5,41,36,100,38,11,6,4,2,128
2026-09-21T21:15:47.379855+00:00,4125,2937797,32x,300ms,25,64,0,5,41,36,100,38,11,6,4,3,128
2026-09-21T21:15:48.100258+00:00,4126,2938510,32x,300ms,25,64,1,5,41,36,100,38,11,6,4,2,128
2026-09-21T21:15:48.811811+00:00,4127,2939222,32x,300ms,25,64,1,5,41,36,100,38,11,6,4,2,128
2026-09-21T21:15:49.532600+00:00,4128,2939933,32x,300ms,25,64,1,5,41,36,100,38,11,6,4,2,129
2026-09-21T21:15:50.253093+00:00,4129,2940645,32x,300ms,25,64,1,5,41,36,100,38,11,6,4,2,129
2026-09-21T21:15:50.963379+00:00,4130,2941358,32x,300ms,25,64,1,5,41,36,100,38,11,6,4,2,129
2026-09-21T21:15:51.683763+00:00,4131,2942069,32x,300ms,25,64,0,5,41,36,100,38,11,6,4,2,128
2026-09-21T21:15:52.403212+00:00,4132,2942781,32x,300ms,25,64,0,5,41,36,100,38,11,6,4,2,129
2026-09-21T21:15:53.116199+00:00,4133,2943495,32x,300ms,25,64,0,5,40,36,100,38,11,6,4,2,129
2026-09-21T21:15:53.836071+00:00,4134,2944207,32x,300ms,25,64,0,5,41,36,100,38,11,6,4,2,128
2026-09-21T21:15:54.546999+00:00,4135,2944919,32x,300ms,25,64,0,5,41,36,100,38,11,6,4,2,128
2026-09-21T21:15:55.268143+00:00,4136,2945632,32x,300ms,25,64,1,5,41,36,100,38,11,6,4,2,129
2026-09-21T21:15:55.979222+00:00,4137,2946344,32x,300ms,25,64,1,5,41,36,100,38,11,6,4,2,128
2026-09-21T21:15:56.699096+00:00,4138,2947056,32x,300ms,25,64,1,5,40,36,100,38,11,6,4,2,129
2026-09-21T21:15:57.410969+00:00,4139,2947768,32x,300ms,25,64,1,5,40,36,100,38,11,6,4,2,129
2026-09-21T21:15:58.131303+00:00,4140,2948480,32x,300ms,25,64,1,5,41,36,100,38,11,5,4,2,129
2026-09-21T21:15:58.852383+00:00,4141,2949191,32x,300ms,25,64,0,5,41,36,100,38,11,6,4,2,129
2026-09-21T21:15:59.563137+00:00,4142,2949904,32x,300ms,25,64,0,5,41,36,100,38,11,6,4,2,128
2026-09-21T21:16:00.283179+00:00,4143,2950617,32x,300ms,25,64,0,5,41,36,100,38,11,6,4,2,129
2026-09-21T21:16:00.995364+00:00,4144,2951329,32x,300ms,25,64,0,5,41,36,100,38,11,6,4,2,129
2026-09-21T21:16:01.714943+00:00,4145,2952042,32x,300ms,25,64,0,5,40,36,100,38,11,6,4,2,128
2026-09-21T21:16:02.427651+00:00,4146,2952755,32x,300ms,25,64,1,5,40,36,100,38,11,6,4,2,128
2026-09-21T21:16:03.148259+00:00,4147,2953466,32x,300ms,25,64,1,5,41,36,100,38,11,6,4,2,128
2026-09-21T21:16:03.868387+00:00,4148,2954178,32x,300ms,25,64,1,5,41,36,100,38,11,6,4,2,129
2026-09-21T21:16:04.579076+00:00,4149,2954891,32x,300ms,25,64,1,5,41,36,100,38,11,6,4,2,129
2026-09-21T21:16:05.299204+00:00,4150,2955602,32x,300ms,25,64,1,5,41,36,100,38,11,6,4,2,128
2026-09-21T21:16:06.013595+00:00,4151,2956314,32x,300ms,25,64,0,5,41,36,100,38,11,6,4,2,129
2026-09-21T21:16:06.732098+00:00,4152,2957027,32x,300ms,25,64,0,5,41,36,100,38,11,6,4,2,129
2026-09-21T21:16:07.450994+00:00,4153,2957740,32x,300ms,25,64,0,5,40,36,100,38,11,6,4,2,129
2026-09-21T21:16:08.163096+00:00,4154,2958452,32x,300ms,25,64,0,5,41,36,100,38,11,6,4,2,129
2026-09-21T21:16:08.884164+00:00,4155,2959165,32x,300ms,25,64,0,5,41,36,100,38,11,6,4,2,128
2026-09-21T21:16:09.595146+00:00,4156,2959878,32x,300ms,25,64,1,5,41,36,100,38,11,6,4,2,128
2026-09-21T21:16:10.316101+00:00,4157,2960589,32x,300ms,25,64,1,5,41,36,100,38,11,5,4,2,128
2026-09-21T21:16:11.028803+00:00,4158,2961301,32x,300ms,25,64,1,5,41,36,100,38,11,5,4,2,129
2026-09-21T21:16:11.747456+00:00,4159,2962013,32x,300ms,25,64,1,5,40,36,100,38,11,6,4,2,129
2026-09-21T21:16:12.467037+00:00,4160,2962725,32x,300ms,25,64,1,5,41,36,100,38,11,6,4,2,128
2026-09-21T21:16:13.179739+00:00,4161,2963437,32x,300ms,25,64,0,5,41,36,100,38,11,5,4,2,128
2026-09-21T21:16:13.899110+00:00,4162,2964149,32x,300ms,25,64,0,5,41,36,100,38,11,6,4,2,129
2026-09-21T21:16:14.611810+00:00,4163,2964862,32x,300ms,25,64,0,5,41,36,100,38,11,6,4,2,128
2026-09-21T21:16:15.332594+00:00,4164,2965574,32x,300ms,25,64,0,5,40,36,100,38,11,5,4,2,128
2026-09-21T21:16:16.051129+00:00,4165,2966287,32x,300ms,25,64,0,5,41,36,100,38,11,6,4,2,128
2026-09-21T21:16:16.763371+00:00,4166,2967000,32x,300ms,25,64,1,5,41,36,100,38,11,6,4,2,129
2026-09-21T21:16:17.483928+00:00,4167,2967712,32x,300ms,25,64,1,5,41,36,100,38,11,6,4,2,128
2026-09-21T21:16:18.195092+00:00,4168,2968424,32x,300ms,25,64,1,5,41,36,100,38,11,6,4,2,129
2026-09-21T21:16:18.915008+00:00,4169,2969136,32x,300ms,25,64,1,5,41,36,100,38,11,6,4,2,129
2026-09-21T21:16:19.628054+00:00,4170,2969847,32x,300ms,25,64,1,5,41,36,100,38,11,6,4,2,129
2026-09-21T21:16:20.347064+00:00,4171,2970559,32x,300ms,25,64,0,5,40,36,100,38,11,6,4,2,128
2026-09-21T21:16:21.067675+00:00,4172,2971272,32x,300ms,25,64,0,5,41,36,100,38,11,6,4,2,128
2026-09-21T21:16:21.779178+00:00,4173,2971984,32x,300ms,25,64,0,5,41,36,100,38,11,6,4,2,129
2026-09-21T21:16:22.499543+00:00,4174,2972697,32x,300ms,25,64,0,5,41,36,100,38,11,6,4,2,128
2026-09-21T21:16:23.211517+00:00,4175,2973410,32x,300ms,25,64,0,5,41,36,100,38,11,6,4,2,129
2026-09-21T21:16:23.931510+00:00,4176,2974123,32x,300ms,25,64,1,5,41,36,100,38,11,6,4,2,129
2026-09-21T21:16:24.643503+00:00,4177,2974834,32x,300ms,25,64,1,5,41,36,100,38,11,6,4,2,129
2026-09-21T21:16:25.363837+00:00,4178,2975546,32x,300ms,25,64,1,5,41,36,100,38,11,6,4,2,128
2026-09-21T21:16:26.075566+00:00,4179,2976258,32x,300ms,25,64,1,5,41,36,100,38,11,6,4,2,128
2026-09-21T21:16:26.795588+00:00,4180,2976969,32x,300ms,25,64,1,5,41,36,100,38,11,6,4,2,129
2026-09-21T21:16:27.515931+00:00,4181,2977681,32x,300ms,25,64,0,5,41,36,100,38,11,5,4,2,129
2026-09-21T21:16:28.227026+00:00,4182,2978394,32x,300ms,25,64,0,5,41,36,100,38,11,6,4,2,129
2026-09-21T21:16:28.947032+00:00,4183,2979106,32x,300ms,25,64,0,5,41,36,100,38,11,6,4,2,128
2026-09-21T21:16:29.661042+00:00,4184,2979819,32x,300ms,25,64,0,5,41,36,100,38,11,6,4,2,129
2026-09-21T21:16:30.379125+00:00,4185,2980532,32x,300ms,25,64,0,5,41,36,100,38,11,6,4,2,129
2026-09-21T21:16:31.091780+00:00,4186,2981244,32x,300ms,25,64,1,5,41,36,100,38,11,6,4,2,128
2026-09-21T21:16:31.811527+00:00,4187,2981956,32x,300ms,25,64,1,5,41,36,100,38,11,6,4,2,128
2026-09-21T21:16:32.523855+00:00,4188,2982668,32x,300ms,25,64,1,5,41,36,100,38,11,6,4,2,128
2026-09-21T21:16:33.243814+00:00,4189,2983379,32x,300ms,25,64,1,5,41,36,100,38,11,6,4,2,129
2026-09-21T21:16:33.963013+00:00,4190,2984092,32x,300ms,25,64,1,5,41,36,100,38,11,6,4,2,128
2026-09-21T21:16:34.675890+00:00,4191,2984804,32x,300ms,25,64,0,5,40,36,100,38,11,5,4,2,129
2026-09-21T21:16:35.397086+00:00,4192,2985517,32x,300ms,25,64,0,5,41,36,100,38,11,6,4,2,129
2026-09-21T21:16:36.115582+00:00,4193,2986229,32x,300ms,25,64,0,5,41,36,100,38,11,6,4,2,128
2026-09-21T21:16:36.827227+00:00,4194,2986942,32x,300ms,25,64,0,5,41,36,100,38,11,6,4,2,128
2026-09-21T21:16:37.547525+00:00,4195,2987655,32x,300ms,25,64,0,5,41,36,100,38,11,5,4,2,129
2026-09-21T21:16:38.260043+00:00,4196,2988367,32x,300ms,25,64,1,5,41,36,100,38,11,6,4,2,128
2026-09-21T21:16:38.979573+00:00,4197,2989079,32x,300ms,25,64,1,5,41,36,100,38,11,6,4,2,129
2026-09-21T21:16:39.690986+00:00,4198,2989791,32x,300ms,25,64,1,5,41,36,100,38,11,6,4,2,129
2026-09-21T21:16:40.411479+00:00,4199,2990502,32x,300ms,25,64,1,5,41,36,100,38,11,6,4,2,129
2026-09-21T21:16:41.132376+00:00,4200,2991214,32x,300ms,25,64,1,5,41,36,100,38,11,6,4,2,129
2026-09-21T21:16:41.843686+00:00,4201,2991926,32x,300ms,25,64,0,5,40,36,100,38,11,6,4,2,128
2026-09-21T21:16:42.562999+00:00,4202,2992640,32x,300ms,25,64,0,5,41,36,100,38,11,5,4,2,129
2026-09-21T21:16:43.275233+00:00,4203,2993351,32x,300ms,25,64,0,5,41,36,100,38,11,6,4,2,129
2026-09-21T21:16:43.995469+00:00,4204,2994064,32x,300ms,25,64,0,5,41,36,100,38,11,6,4,2,129
2026-09-21T21:16:44.707564+00:00,4205,2994777,32x,300ms,25,64,0,5,41,36,100,38,11,6,4,2,128
2026-09-21T21:16:45.427167+00:00,4206,2995489,32x,300ms,25,64,1,5,41,36,100,38,11,5,4,2,128
2026-09-21T21:16:46.147788+00:00,4207,2996201,32x,300ms,25,64,1,5,41,36,100,38,11,5,4,2,129
2026-09-21T21:16:46.860136+00:00,4208,2996914,32x,300ms,25,64,1,5,41,36,100,38,11,6,4,2,129
2026-09-21T21:16:47.578906+00:00,4209,2997625,32x,300ms,25,64,1,5,41,36,100,38,11,5,4,2,129
2026-09-21T21:16:48.290962+00:00,4210,2998337,32x,300ms,25,64,1,5,41,36,100,38,11,6,4,2,129
2026-09-21T21:16:49.011262+00:00,4211,2999049,32x,300ms,25,64,0,5,41,36,100,38,11,6,4,2,129
2026-09-21T21:16:49.731040+00:00,4212,2999761,32x,300ms,25,64,0,5,41,36,100,38,11,5,4,2,128
2026-09-21T21:16:50.443331+00:00,4213,3000474,32x,300ms,25,64,0,5,41,36,100,38,11,5,4,2,128
2026-09-21T21:16:51.163229+00:00,4214,3001187,32x,300ms,25,64,0,5,41,36,100,38,11,5,4,2,128
2026-09-21T21:16:51.875607+00:00,4215,3001900,32x,300ms,25,64,0,5,41,36,100,38,11,6,4,2,128
2026-09-21T21:16:52.595481+00:00,4216,3002611,32x,300ms,25,64,1,5,41,36,100,38,11,6,4,2,129
2026-09-21T21:16:53.307569+00:00,4217,3003324,32x,300ms,25,64,1,5,40,36,100,38,11,5,4,2,129
2026-09-21T21:16:54.026868+00:00,4218,3004036,32x,300ms,25,64,1,5,41,36,100,38,11,6,4,2,129
2026-09-21T21:16:54.738845+00:00,4219,3004747,32x,300ms,25,64,1,5,41,36,100,38,11,6,4,2,129
2026-09-21T21:16:55.459022+00:00,4220,3005459,32x,300ms,25,64,1,5,41,36,100,38,11,5,4,2,129
2026-09-21T21:16:56.179194+00:00,4221,3006171,32x,300ms,25,64,0,5,41,36,100,38,11,6,4,2,129
2026-09-21T21:16:56.891660+00:00,4222,3006883,32x,300ms,25,64,0,5,41,36,100,38,11,6,4,2,129
2026-09-21T21:16:57.611682+00:00,4223,3007596,32x,300ms,25,64,0,5,41,36,100,38,11,6,4,2,129
2026-09-21T21:16:58.323704+00:00,4224,3008309,32x,300ms,25,64,0,5,41,36,100,38,11,6,4,2,129
2026-09-21T21:16:59.043545+00:00,4225,3009021,32x,300ms,25,64,0,5,41,36,100,38,11,6,4,2,128
2026-09-21T21:16:59.755778+00:00,4226,3009734,32x,300ms,25,64,1,5,41,36,100,38,11,6,4,2,129
2026-09-21T21:17:00.474922+00:00,4227,3010446,32x,300ms,25,64,1,5,40,36,100,38,11,6,4,2,129
2026-09-21T21:17:01.195035+00:00,4228,3011158,32x,300ms,25,64,1,5,41,36,100,38,11,6,4,2,129
2026-09-21T21:17:01.907338+00:00,4229,3011869,32x,300ms,25,64,1,5,40,36,100,38,11,6,4,2,129
2026-09-21T21:17:02.627401+00:00,4230,3012581,32x,300ms,25,64,1,5,41,36,100,38,11,6,4,2,128
2026-09-21T21:17:03.340360+00:00,4231,3013293,32x,300ms,25,64,0,5,41,36,100,38,11,6,4,2,128
2026-09-21T21:17:04.059647+00:00,4232,3014005,32x,300ms,25,64,0,5,41,36,100,38,11,6,4,2,128
2026-09-21T21:17:04.779174+00:00,4233,3014718,32x,300ms,25,64,0,5,41,36,100,38,11,6,4,2,129
2026-09-21T21:17:05.490828+00:00,4234,3015431,32x,300ms,25,64,0,5,41,36,100,38,11,6,4,2,128
2026-09-21T21:17:06.211246+00:00,4235,3016143,32x,300ms,25,64,0,5,40,36,100,38,11,6,4,2,129
2026-09-21T21:17:06.922981+00:00,4236,3016856,32x,300ms,25,64,1,5,41,36,100,38,11,6,4,2,128
2026-09-21T21:17:07.643998+00:00,4237,3017568,32x,300ms,25,64,1,5,41,36,100,38,11,6,4,2,128
2026-09-21T21:17:08.356534+00:00,4238,3018279,32x,300ms,25,64,1,5,41,36,100,38,11,6,4,2,128
2026-09-21T21:17:09.074970+00:00,4239,3018992,32x,300ms,25,64,1,5,41,36,100,38,11,6,4,2,128
2026-09-21T21:17:09.795936+00:00,4240,3019704,32x,300ms,25,64,1,5,41,36,100,38,11,6,4,2,128
2026-09-21T21:17:10.507965+00:00,4241,3020416,32x,300ms,25,64,0,5,41,36,100,38,11,6,4,2,128
2026-09-21T21:17:11.228080+00:00,4242,3021128,32x,300ms,25,64,0,5,41,36,100,38,11,5,4,2,129
2026-09-21T21:17:11.939015+00:00,4243,3021841,32x,300ms,25,64,0,5,41,36,100,38,11,6,4,2,129
2026-09-21T21:17:12.658958+00:00,4244,3022554,32x,300ms,25,64,0,5,41,36,100,38,11,6,4,2,128
2026-09-21T21:17:13.370869+00:00,4245,3023266,32x,300ms,25,64,0,5,41,36,100,38,11,6,4,2,129
2026-09-21T21:17:14.090922+00:00,4246,3023978,32x,300ms,25,64,1,5,41,36,100,38,11,5,4,2,129
2026-09-21T21:17:14.803543+00:00,4247,3024691,32x,300ms,25,64,1,5,41,36,100,38,11,6,4,2,128
2026-09-21T21:17:15.522995+00:00,4248,3025402,32x,300ms,25,64,1,5,41,36,100,38,11,6,4,2,129
2026-09-21T21:17:16.243090+00:00,4249,3026114,32x,300ms,25,64,1,5,41,36,100,38,11,6,4,2,129
2026-09-21T21:17:16.954936+00:00,4250,3026826,32x,300ms,25,64,1,5,41,36,100,38,11,6,4,2,129
2026-09-21T21:17:17.675624+00:00,4251,3027537,32x,300ms,25,64,0,5,41,36,100,38,11,6,4,2,129
2026-09-21T21:17:18.395070+00:00,4252,3028250,32x,300ms,25,64,0,5,40,36,100,38,11,6,4,2,129
2026-09-21T21:17:19.108032+00:00,4253,3028963,32x,300ms,25,64,0,5,40,36,100,38,11,6,4,2,128
2026-09-21T21:17:19.827081+00:00,4254,3029676,32x,300ms,25,64,0,5,41,36,100,38,11,6,4,2,129
2026-09-21T21:17:20.538808+00:00,4255,3030388,32x,300ms,25,64,0,5,40,36,100,38,11,6,4,2,129
2026-09-21T21:17:21.259356+00:00,4256,3031101,32x,300ms,25,64,1,5,41,36,100,38,11,6,4,2,129
2026-09-21T21:17:21.974254+00:00,4257,3031814,32x,300ms,25,64,1,5,40,36,100,38,11,5,4,2,128
2026-09-21T21:17:22.691029+00:00,4258,3032525,32x,300ms,25,64,1,5,41,36,100,38,11,5,4,2,129
2026-09-21T21:17:23.404069+00:00,4259,3033237,32x,300ms,25,64,1,5,41,36,100,38,11,6,4,2,129
2026-09-21T21:17:24.123459+00:00,4260,3033949,32x,300ms,25,64,1,5,41,36,100,38,11,5,4,2,128
2026-09-21T21:17:24.844597+00:00,4261,3034660,32x,300ms,25,64,0,5,41,36,100,38,11,6,4,2,129
2026-09-21T21:17:25.555059+00:00,4262,3035373,32x,300ms,25,64,0,5,41,36,100,38,11,5,4,2,128
2026-09-21T21:17:26.274885+00:00,4263,3036086,32x,300ms,25,64,0,5,41,36,100,38,11,6,4,2,128
2026-09-21T21:17:26.986826+00:00,4264,3036798,32x,300ms,25,64,0,5,41,36,100,38,11,6,4,2,129
2026-09-21T21:17:27.707534+00:00,4265,3037511,32x,300ms,25,64,0,5,41,36,100,38,11,6,4,2,129
2026-09-21T21:17:28.419216+00:00,4266,3038224,32x,300ms,25,64,1,5,40,36,100,38,11,6,4,2,129
2026-09-21T21:17:29.138857+00:00,4267,3038936,32x,300ms,25,64,1,5,41,36,100,38,11,5,4,2,129
2026-09-21T21:17:29.859060+00:00,4268,3039647,32x,300ms,25,64,1,5,41,36,100,38,11,6,4,2,128
2026-09-21T21:17:30.572080+00:00,4269,3040359,32x,300ms,25,64,1,5,40,36,100,38,11,6,4,2,128
2026-09-21T21:17:31.292059+00:00,4270,3041071,32x,300ms,25,64,1,5,41,36,100,38,11,6,4,2,129
2026-09-21T21:17:32.003980+00:00,4271,3041783,32x,300ms,25,64,0,5,40,36,100,38,11,6,4,2,129
2026-09-21T21:17:32.722844+00:00,4272,3042496,32x,300ms,25,64,0,5,41,36,100,38,11,6,4,2,129
2026-09-21T21:17:33.444859+00:00,4273,3043209,32x,300ms,25,64,0,5,41,36,100,38,11,5,4,2,128
2026-09-21T21:17:34.155941+00:00,4274,3043921,32x,300ms,25,64,0,5,41,36,100,38,11,6,4,2,129
2026-09-21T21:17:34.875176+00:00,4275,3044633,32x,300ms,25,64,0,5,40,36,100,38,11,5,4,2,129
2026-09-21T21:17:35.588380+00:00,4276,3045346,32x,300ms,25,64,1,5,41,36,100,38,11,5,4,2,129
2026-09-21T21:17:36.308328+00:00,4277,3046059,32x,300ms,25,64,1,5,40,36,100,38,11,6,4,2,129
2026-09-21T21:17:37.019638+00:00,4278,3046770,32x,300ms,25,64,1,5,41,36,100,38,11,6,4,2,128
2026-09-21T21:17:37.739719+00:00,4279,3047482,32x,300ms,25,64,1,5,41,36,100,38,11,6,4,2,129
2026-09-21T21:17:38.459061+00:00,4280,3048194,32x,300ms,25,64,1,5,41,36,100,38,11,6,4,2,128
2026-09-21T21:17:39.170894+00:00,4281,3048906,32x,300ms,25,64,0,5,41,36,100,38,11,6,4,2,128
2026-09-21T21:17:39.892019+00:00,4282,3049618,32x,300ms,25,64,0,5,41,36,100,38,11,5,4,2,129
2026-09-21T21:17:40.604047+00:00,4283,3050331,32x,300ms,25,64,0,5,41,36,100,38,11,5,4,2,128
2026-09-21T21:17:41.323964+00:00,4284,3051043,32x,300ms,25,64,0,5,41,36,100,38,11,6,4,2,129
2026-09-21T21:17:42.043039+00:00,4285,3051756,32x,300ms,25,64,0,5,40,36,100,38,11,6,4,2,129
2026-09-21T21:17:42.754766+00:00,4286,3052469,32x,300ms,25,64,1,5,41,36,100,38,11,6,4,2,129
2026-09-21T21:17:43.475440+00:00,4287,3053180,32x,300ms,25,64,1,5,41,36,100,38,11,6,4,2,129
2026-09-21T21:17:44.186850+00:00,4288,3053892,32x,300ms,25,64,1,5,40,36,100,38,11,5,4,2,129
2026-09-21T21:17:44.906918+00:00,4289,3054605,32x,300ms,25,64,1,5,41,36,100,38,11,5,4,2,128
2026-09-21T21:17:45.619799+00:00,4290,3055316,32x,300ms,25,64,1,5,41,36,100,38,11,6,4,2,129
2026-09-21T21:17:46.338905+00:00,4291,3056028,32x,300ms,25,64,0,5,41,36,100,38,11,5,4,2,129
2026-09-21T21:17:47.059021+00:00,4292,3056741,32x,300ms,25,64,0,5,41,36,100,38,11,6,4,2,128
2026-09-21T21:17:47.770999+00:00,4293,3057454,32x,300ms,25,64,0,5,40,36,100,38,11,6,4,2,128
2026-09-21T21:17:48.491311+00:00,4294,3058166,32x,300ms,25,64,0,5,41,36,100,38,11,5,4,2,129
2026-09-21T21:17:49.202946+00:00,4295,3058879,32x,300ms,25,64,0,5,41,36,100,38,11,6,4,2,129
2026-09-21T21:17:49.923995+00:00,4296,3059592,32x,300ms,25,64,1,5,41,36,100,38,11,5,4,2,129
2026-09-21T21:17:50.634954+00:00,4297,3060303,32x,300ms,25,64,1,5,41,36,100,38,11,6,4,2,128
2026-09-21T21:17:51.355289+00:00,4298,3061015,32x,300ms,25,64,1,5,41,36,100,38,11,5,4,2,128
2026-09-21T21:17:52.067953+00:00,4299,3061727,32x,300ms,25,64,1,5,41,36,100,38,11,6,4,2,129
2026-09-21T21:17:52.786890+00:00,4300,3062438,32x,300ms,25,64,1,5,41,36,100,38,11,6,4,2,129
2026-09-21T21:17:53.508974+00:00,4301,3063151,32x,300ms,25,64,0,5,41,36,100,38,11,6,4,2,128
2026-09-21T21:17:54.219954+00:00,4302,3063864,32x,300ms,25,64,0,5,40,36,100,38,11,6,4,2,129
2026-09-21T21:17:54.939428+00:00,4303,3064576,32x,300ms,25,64,0,5,41,36,100,38,11,6,4,2,129
2026-09-21T21:17:55.650863+00:00,4304,3065288,32x,300ms,25,64,0,5,41,36,100,38,11,5,4,2,129
2026-09-21T21:17:56.370951+00:00,4305,3066001,32x,300ms,25,64,0,5,41,36,100,38,11,5,4,2,128
2026-09-21T21:17:57.091634+00:00,4306,3066714,32x,300ms,25,64,1,5,41,36,100,38,11,6,4,2,129
2026-09-21T21:17:57.804055+00:00,4307,3067425,32x,300ms,25,64,1,5,41,36,100,38,11,6,4,2,129
2026-09-21T21:17:58.522764+00:00,4308,3068138,32x,300ms,25,64,1,5,41,36,100,38,11,6,4,2,129
2026-09-21T21:17:59.234875+00:00,4309,3068850,32x,300ms,25,64,1,5,40,36,100,38,11,6,4,2,129
2026-09-21T21:17:59.955466+00:00,4310,3069561,32x,300ms,25,64,1,5,40,36,100,38,11,6,4,2,128
2026-09-21T21:18:00.666729+00:00,4311,3070273,32x,300ms,25,64,0,5,40,36,100,38,11,6,4,2,128
2026-09-21T21:18:01.387983+00:00,4312,3070986,32x,300ms,25,64,0,5,41,36,100,38,11,5,4,2,129
2026-09-21T21:18:02.107873+00:00,4313,3071698,32x,300ms,25,64,0,5,40,36,100,38,11,6,4,2,129
2026-09-21T21:18:02.818965+00:00,4314,3072411,32x,300ms,25,64,0,5,41,36,100,38,11,5,4,2,129
2026-09-21T21:18:03.538782+00:00,4315,3073124,32x,300ms,25,64,0,5,40,36,100,38,11,5,4,2,128
2026-09-21T21:18:04.251552+00:00,4316,3073837,32x,300ms,25,64,1,5,40,36,100,38,11,6,4,2,129
2026-09-21T21:18:04.971911+00:00,4317,3074548,32x,300ms,25,64,1,5,40,36,100,38,11,6,4,2,129
2026-09-21T21:18:05.683970+00:00,4318,3075260,32x,300ms,25,64,1,5,41,36,100,38,11,6,4,2,129
2026-09-21T21:18:06.406239+00:00,4319,3075972,32x,300ms,25,64,1,5,40,36,100,38,11,6,4,2,129
2026-09-21T21:18:07.123592+00:00,4320,3076684,32x,300ms,25,64,1,5,40,36,100,38,11,6,4,2,129
2026-09-21T21:18:07.834972+00:00,4321,3077396,32x,300ms,25,64,0,5,41,36,100,38,11,6,4,2,129
2026-09-21T21:18:08.555038+00:00,4322,3078109,32x,300ms,25,64,0,5,41,36,100,38,11,6,4,2,129
2026-09-21T21:18:09.267163+00:00,4323,3078821,32x,300ms,25,64,0,5,41,36,100,38,11,6,4,2,129
2026-09-21T21:18:09.986906+00:00,4324,3079533,32x,300ms,25,64,0,5,40,36,100,38,11,6,4,2,129
2026-09-21T21:18:10.706897+00:00,4325,3080246,32x,300ms,25,64,0,5,41,36,100,38,11,6,4,2,129
2026-09-21T21:18:11.419428+00:00,4326,3080958,32x,300ms,25,64,1,5,41,36,100,38,11,6,4,2,129
2026-09-21T21:18:12.138809+00:00,4327,3081670,32x,300ms,25,64,1,5,41,36,100,38,11,6,4,2,128
2026-09-21T21:18:12.853041+00:00,4328,3082383,32x,300ms,25,64,1,5,40,36,100,38,11,5,4,2,128
2026-09-21T21:18:13.570856+00:00,4329,3083095,32x,300ms,25,64,1,5,41,36,100,38,11,5,4,2,128
2026-09-21T21:18:14.282757+00:00,4330,3083806,32x,300ms,25,64,1,5,40,36,100,38,11,6,4,2,128
2026-09-21T21:18:15.004130+00:00,4331,3084518,32x,300ms,25,64,0,5,41,36,100,38,11,5,4,2,129
2026-09-21T21:18:15.722978+00:00,4332,3085231,32x,300ms,25,64,0,5,41,36,100,38,11,6,4,2,129
2026-09-21T21:18:16.435876+00:00,4333,3085943,32x,300ms,25,64,0,5,40,36,100,38,11,6,4,2,129
2026-09-21T21:18:17.155164+00:00,4334,3086656,32x,300ms,25,64,0,5,41,36,100,38,11,6,4,2,128
2026-09-21T21:18:17.868707+00:00,4335,3087369,32x,300ms,25,64,0,5,41,36,100,38,11,6,4,2,129
2026-09-21T21:18:18.586843+00:00,4336,3088081,32x,300ms,25,64,1,5,40,36,100,38,11,6,4,2,129
2026-09-21T21:18:19.299674+00:00,4337,3088793,32x,300ms,25,64,1,5,40,36,100,38,11,6,4,2,129
2026-09-21T21:18:20.018984+00:00,4338,3089506,32x,300ms,25,64,1,5,41,36,100,38,11,6,4,2,129
2026-09-21T21:18:20.739513+00:00,4339,3090217,32x,300ms,25,64,1,5,41,36,100,38,11,6,4,2,129
2026-09-21T21:18:21.451255+00:00,4340,3090929,32x,300ms,25,64,1,5,41,36,100,38,11,6,4,2,129
2026-09-21T21:18:22.171407+00:00,4341,3091641,32x,300ms,25,64,0,5,41,36,100,38,11,5,4,2,129
2026-09-21T21:18:22.883304+00:00,4342,3092354,32x,300ms,25,64,0,5,41,36,100,38,11,5,4,2,129
2026-09-21T21:18:23.602973+00:00,4343,3093066,32x,300ms,25,64,0,5,41,36,100,38,11,6,4,2,129
2026-09-21T21:18:24.323074+00:00,4344,3093779,32x,300ms,25,64,0,5,41,36,100,38,11,6,4,2,128
2026-09-21T21:18:25.034974+00:00,4345,3094491,32x,300ms,25,64,0,5,41,36,100,38,11,6,4,2,128
2026-09-21T21:18:25.754733+00:00,4346,3095203,32x,300ms,25,64,1,5,40,36,100,38,11,5,4,2,128
2026-09-21T21:18:26.467413+00:00,4347,3095916,32x,300ms,25,64,1,5,41,36,100,38,11,6,4,2,128
2026-09-21T21:18:27.187087+00:00,4348,3096627,32x,300ms,25,64,1,5,40,36,100,38,11,6,4,2,128
2026-09-21T21:18:27.898773+00:00,4349,3097339,32x,300ms,25,64,1,5,41,36,100,38,11,6,4,2,128
2026-09-21T21:18:28.618689+00:00,4350,3098051,32x,300ms,25,64,1,5,41,36,100,38,11,6,4,2,128
2026-09-21T21:18:29.331592+00:00,4351,3098763,32x,300ms,25,64,0,5,41,36,100,38,11,5,4,2,128
2026-09-21T21:18:30.051165+00:00,4352,3099475,32x,300ms,25,64,0,5,40,36,100,38,11,6,4,2,128
2026-09-21T21:18:30.770808+00:00,4353,3100188,32x,300ms,25,64,0,5,40,36,100,38,11,6,4,2,128
2026-09-21T21:18:31.484408+00:00,4354,3100901,32x,300ms,25,64,0,5,40,36,100,38,11,6,4,2,128
2026-09-21T21:18:32.203639+00:00,4355,3101614,32x,300ms,25,64,0,5,40,36,100,38,11,6,4,2,128
2026-09-21T21:18:32.914967+00:00,4356,3102326,32x,300ms,25,64,1,5,40,36,100,38,11,6,4,2,128
2026-09-21T21:18:33.636044+00:00,4357,3103039,32x,300ms,25,64,1,5,40,36,100,38,11,5,4,2,128
2026-09-21T21:18:34.347289+00:00,4358,3103751,32x,300ms,25,64,1,5,40,36,100,38,11,6,4,2,128
2026-09-21T21:18:35.067038+00:00,4359,3104462,32x,300ms,25,64,1,5,41,36,100,38,11,6,4,2,128
2026-09-21T21:18:35.787912+00:00,4360,3105174,32x,300ms,25,64,1,5,41,36,100,38,11,5,4,2,129
2026-09-21T21:18:36.498905+00:00,4361,3105886,32x,300ms,25,64,0,5,40,36,100,38,11,6,4,2,128
2026-09-21T21:18:37.219247+00:00,4362,3106599,32x,300ms,25,64,0,5,40,36,100,38,11,5,4,2,128
2026-09-21T21:18:37.939018+00:00,4363,3107312,32x,300ms,25,64,0,5,40,36,100,38,11,6,4,2,128
2026-09-21T21:18:38.650787+00:00,4364,3108025,32x,300ms,25,64,0,5,40,36,100,38,11,6,4,2,128
2026-09-21T21:18:39.371572+00:00,4365,3108738,32x,300ms,25,64,0,5,40,36,100,38,11,6,4,2,128
2026-09-21T21:18:40.083102+00:00,4366,3109450,32x,300ms,25,64,1,5,41,36,100,38,11,6,4,2,128
2026-09-21T21:18:40.802792+00:00,4367,3110162,32x,300ms,25,64,1,5,40,36,100,38,11,6,4,2,128
2026-09-21T21:18:41.515428+00:00,4368,3110874,32x,300ms,25,64,1,5,41,36,100,38,11,6,4,2,128
2026-09-21T21:18:42.234856+00:00,4369,3111585,32x,300ms,25,64,1,5,40,36,100,38,11,6,4,2,128
2026-09-21T21:18:42.954892+00:00,4370,3112298,32x,300ms,25,64,1,5,40,36,100,38,11,6,4,2,128
2026-09-21T21:18:43.667334+00:00,4371,3113010,32x,300ms,25,64,0,5,40,36,100,38,11,6,4,2,128
2026-09-21T21:18:44.387530+00:00,4372,3113722,32x,300ms,25,64,0,5,41,36,100,38,11,6,4,2,128
2026-09-21T21:18:45.099541+00:00,4373,3114435,32x,300ms,25,64,0,5,40,36,100,38,11,6,4,2,128
2026-09-21T21:18:45.820709+00:00,4374,3115148,32x,300ms,25,64,0,5,41,36,100,38,11,6,4,2,128
2026-09-21T21:18:46.531067+00:00,4375,3115859,32x,300ms,25,64,0,5,41,36,100,38,11,6,4,2,128
2026-09-21T21:18:47.251367+00:00,4376,3116572,32x,300ms,25,64,1,5,40,36,100,38,11,5,4,2,128
2026-09-21T21:18:47.972500+00:00,4377,3117285,32x,300ms,25,64,1,5,40,36,100,38,11,6,4,2,129
2026-09-21T21:18:48.682756+00:00,4378,3117997,32x,300ms,25,64,1,5,40,36,100,38,11,6,4,2,128
2026-09-21T21:18:49.403382+00:00,4379,3118708,32x,300ms,25,64,1,5,41,36,100,38,11,6,4,2,128
2026-09-21T21:18:50.116305+00:00,4380,3119420,32x,300ms,25,64,1,5,41,36,100,38,11,6,4,2,128
2026-09-21T21:18:50.836945+00:00,4381,3120132,32x,300ms,25,64,0,5,41,36,100,38,11,6,4,2,128
2026-09-21T21:18:51.555785+00:00,4382,3120844,32x,300ms,25,64,0,5,40,36,100,38,11,6,4,2,128
2026-09-21T21:18:52.266966+00:00,4383,3121558,32x,300ms,25,64,0,5,40,36,100,38,11,5,4,2,128
2026-09-21T21:18:52.986853+00:00,4384,3122270,32x,300ms,25,64,0,5,40,36,100,38,11,6,4,2,128
2026-09-21T21:18:53.699123+00:00,4385,3122983,32x,300ms,25,64,0,5,40,36,100,38,11,6,4,2,129
2026-09-21T21:18:54.419809+00:00,4386,3123696,32x,300ms,25,64,1,5,41,36,100,38,11,6,4,2,128
2026-09-21T21:18:55.130704+00:00,4387,3124408,32x,300ms,25,64,1,5,40,36,100,38,11,6,4,2,128
2026-09-21T21:18:55.851125+00:00,4388,3125120,32x,300ms,25,64,1,5,40,36,100,38,11,6,4,2,128
2026-09-21T21:18:56.571004+00:00,4389,3125831,32x,300ms,25,64,1,5,41,36,100,38,11,6,4,2,128
2026-09-21T21:18:57.283003+00:00,4390,3126543,32x,300ms,25,64,1,5,40,36,100,38,11,6,4,2,128
2026-09-21T21:18:58.003582+00:00,4391,3127256,32x,300ms,25,64,0,5,41,36,100,38,11,6,4,2,128
2026-09-21T21:18:58.715130+00:00,4392,3127968,32x,300ms,25,64,0,5,40,36,100,38,11,6,4,2,128
2026-09-21T21:18:59.435488+00:00,4393,3128680,32x,300ms,25,64,0,5,40,36,100,38,11,6,4,2,128
2026-09-21T21:19:00.155858+00:00,4394,3129394,32x,300ms,25,64,0,5,40,36,100,38,11,6,4,2,128
2026-09-21T21:19:00.867900+00:00,4395,3130106,32x,300ms,25,64,0,5,40,36,100,38,11,6,4,2,128
2026-09-21T21:19:01.589039+00:00,4396,3130819,32x,300ms,25,64,1,5,41,36,100,38,11,6,4,2,128
2026-09-21T21:19:02.299427+00:00,4397,3131531,32x,300ms,25,64,1,5,40,36,100,38,11,6,4,2,128
2026-09-21T21:19:03.018756+00:00,4398,3132242,32x,300ms,25,64,1,5,40,36,100,38,11,6,4,2,128
2026-09-21T21:19:03.732752+00:00,4399,3132954,32x,300ms,25,64,1,5,41,36,100,38,11,6,4,2,128
2026-09-21T21:19:04.451712+00:00,4400,3133667,32x,300ms,25,64,1,5,41,36,100,38,11,6,4,2,128
2026-09-21T21:19:05.170753+00:00,4401,3134379,32x,300ms,25,64,0,5,41,36,100,38,11,6,4,2,128
2026-09-21T21:19:05.882798+00:00,4402,3135091,32x,300ms,25,64,0,5,40,36,100,38,11,6,4,3,128
2026-09-21T21:19:06.602726+00:00,4403,3135804,32x,300ms,25,64,0,5,40,36,100,38,11,6,4,2,128
2026-09-21T21:19:07.315474+00:00,4404,3136517,32x,300ms,25,64,0,5,41,36,100,38,11,5,4,2,128
2026-09-21T21:19:08.035627+00:00,4405,3137229,32x,300ms,25,64,0,5,40,36,100,38,11,6,4,2,128
2026-09-21T21:19:08.754843+00:00,4406,3137942,32x,300ms,25,64,1,5,40,36,100,38,11,6,4,2,129
2026-09-21T21:19:09.468031+00:00,4407,3138654,32x,300ms,25,64,1,5,40,36,100,38,11,6,4,2,128
2026-09-21T21:19:10.187011+00:00,4408,3139365,32x,300ms,25,64,1,5,41,36,100,38,11,6,4,2,128
2026-09-21T21:19:10.898777+00:00,4409,3140078,32x,300ms,25,64,1,5,41,36,100,38,11,6,4,2,128
2026-09-21T21:19:11.619761+00:00,4410,3140790,32x,300ms,25,64,1,5,40,36,100,38,11,5,4,2,128
2026-09-21T21:19:12.339141+00:00,4411,3141501,32x,300ms,25,64,0,5,40,36,100,38,11,6,4,2,128
2026-09-21T21:19:13.051095+00:00,4412,3142214,32x,300ms,25,64,0,5,40,36,100,38,11,6,4,2,128
2026-09-21T21:19:13.770871+00:00,4413,3142927,32x,300ms,25,64,0,5,40,36,100,38,11,6,4,2,128
2026-09-21T21:19:14.482857+00:00,4414,3143640,32x,300ms,25,64,0,5,40,36,100,38,11,6,4,2,128
2026-09-21T21:19:15.203016+00:00,4415,3144353,32x,300ms,25,64,0,5,40,36,100,38,11,5,4,2,128
2026-09-21T21:19:15.915279+00:00,4416,3145066,32x,300ms,25,64,1,5,41,36,100,38,11,6,4,2,128
2026-09-21T21:19:16.634619+00:00,4417,3145778,32x,300ms,25,64,1,5,40,36,100,38,11,6,4,2,129
2026-09-21T21:19:17.347627+00:00,4418,3146489,32x,300ms,25,64,1,5,40,36,100,38,11,6,4,2,128
2026-09-21T21:19:18.066724+00:00,4419,3147201,32x,300ms,25,64,1,5,41,36,100,38,11,6,4,2,128
2026-09-21T21:19:18.787833+00:00,4420,3147913,32x,300ms,25,64,1,5,40,36,100,38,11,6,4,2,129
2026-09-21T21:19:19.499243+00:00,4421,3148625,32x,300ms,25,64,0,5,40,36,100,38,11,6,4,2,128
2026-09-21T21:19:20.219262+00:00,4422,3149338,32x,300ms,25,64,0,5,40,36,100,38,11,6,4,2,128
2026-09-21T21:19:20.939634+00:00,4423,3150051,32x,300ms,25,64,0,5,41,36,100,38,11,6,4,2,128
2026-09-21T21:19:21.652793+00:00,4424,3150764,32x,300ms,25,64,0,5,41,36,100,38,11,6,4,2,128
2026-09-21T21:19:22.372648+00:00,4425,3151476,32x,300ms,25,64,0,5,41,36,100,38,11,6,4,2,128
2026-09-21T21:19:23.082695+00:00,4426,3152188,32x,300ms,25,64,1,5,41,36,100,38,11,6,4,2,128
2026-09-21T21:19:23.803210+00:00,4427,3152900,32x,300ms,25,64,1,5,41,36,100,38,11,5,4,2,128
2026-09-21T21:19:24.515845+00:00,4428,3153612,32x,300ms,25,64,1,5,41,36,100,38,11,6,4,2,128
2026-09-21T21:19:25.235399+00:00,4429,3154324,32x,300ms,25,64,1,5,40,36,100,38,11,6,4,2,128
2026-09-21T21:19:25.947502+00:00,4430,3155036,32x,300ms,25,64,1,5,41,36,100,38,11,6,4,2,128
2026-09-21T21:19:26.667640+00:00,4431,3155747,32x,300ms,25,64,0,5,40,36,100,38,11,6,4,2,128
2026-09-21T21:19:27.386796+00:00,4432,3156460,32x,300ms,25,64,0,5,40,36,100,38,11,6,4,2,129
2026-09-21T21:19:28.099709+00:00,4433,3157173,32x,300ms,25,64,0,5,40,36,100,38,11,6,4,2,128
2026-09-21T21:19:28.819263+00:00,4434,3157886,32x,300ms,25,64,0,5,41,36,100,38,11,6,4,2,128
2026-09-21T21:19:29.538700+00:00,4435,3158598,32x,300ms,25,64,0,5,40,36,100,38,11,6,4,2,128
2026-09-21T21:19:30.250852+00:00,4436,3159311,32x,300ms,25,64,1,5,40,36,100,38,11,6,4,2,128
2026-09-21T21:19:30.970627+00:00,4437,3160024,32x,300ms,25,64,1,5,40,36,100,38,11,6,4,2,128
2026-09-21T21:19:31.683351+00:00,4438,3160735,32x,300ms,25,64,1,5,40,36,100,38,11,6,4,2,128
2026-09-21T21:19:32.403372+00:00,4439,3161447,32x,300ms,25,64,1,5,41,36,100,38,11,6,4,2,128
2026-09-21T21:19:33.114694+00:00,4440,3162159,32x,300ms,25,64,1,5,40,36,100,38,11,5,4,2,128
2026-09-21T21:19:33.834774+00:00,4441,3162870,32x,300ms,25,64,0,5,40,36,100,38,11,6,4,2,128
2026-09-21T21:19:34.555003+00:00,4442,3163584,32x,300ms,25,64,0,5,40,36,100,38,11,6,4,2,128
2026-09-21T21:19:35.267109+00:00,4443,3164297,32x,300ms,25,64,0,5,40,36,100,38,11,6,4,2,128
2026-09-21T21:19:35.987773+00:00,4444,3165009,32x,300ms,25,64,0,5,40,36,100,38,11,6,4,2,128
2026-09-21T21:19:36.699076+00:00,4445,3165722,32x,300ms,25,64,0,5,41,36,100,38,11,6,4,2,128
2026-09-21T21:19:37.418707+00:00,4446,3166435,32x,300ms,25,64,1,5,41,36,100,38,11,6,4,2,128
2026-09-21T21:19:38.131275+00:00,4447,3167147,32x,300ms,25,64,1,5,40,36,100,38,11,6,4,2,128
2026-09-21T21:19:38.851409+00:00,4448,3167858,32x,300ms,25,64,1,5,41,36,100,38,11,6,4,2,128
2026-09-21T21:19:39.563875+00:00,4449,3168570,32x,300ms,25,64,1,5,40,36,100,38,11,6,4,2,128
2026-09-21T21:19:40.282779+00:00,4450,3169282,32x,300ms,25,64,1,5,41,36,100,38,11,6,4,2,128
2026-09-21T21:19:41.003769+00:00,4451,3169994,32x,300ms,25,64,0,5,41,36,100,38,11,6,4,2,128
2026-09-21T21:19:41.715956+00:00,4452,3170707,32x,300ms,25,64,0,5,41,36,100,38,11,6,4,2,128
2026-09-21T21:19:42.435407+00:00,4453,3171419,32x,300ms,25,64,0,5,40,36,100,38,11,6,4,2,128
2026-09-21T21:19:43.155062+00:00,4454,3172132,32x,300ms,25,64,0,5,40,36,100,38,11,6,4,2,128
2026-09-21T21:19:43.867095+00:00,4455,3172845,32x,300ms,25,64,0,5,40,36,100,38,11,6,4,2,128
2026-09-21T21:19:44.587061+00:00,4456,3173558,32x,300ms,25,64,1,5,41,36,100,38,11,6,4,2,128
2026-09-21T21:19:45.298881+00:00,4457,3174269,32x,300ms,25,64,1,5,40,36,100,38,11,6,4,2,128
2026-09-21T21:19:46.018828+00:00,4458,3174981,32x,300ms,25,64,1,5,41,36,100,38,11,6,4,2,128
2026-09-21T21:19:46.731068+00:00,4459,3175693,32x,300ms,25,64,1,5,40,36,100,38,11,6,4,2,129
2026-09-21T21:19:47.452648+00:00,4460,3176406,32x,300ms,25,64,1,5,40,36,100,38,11,5,4,2,128
2026-09-21T21:19:48.170785+00:00,4461,3177117,32x,300ms,25,64,0,5,40,36,100,38,11,6,4,2,128
2026-09-21T21:19:48.882549+00:00,4462,3177830,32x,300ms,25,64,0,5,40,36,100,38,11,6,4,2,128
2026-09-21T21:19:49.602969+00:00,4463,3178543,32x,300ms,25,64,0,5,40,36,100,38,11,6,4,2,129
2026-09-21T21:19:50.323076+00:00,4464,3179255,32x,300ms,25,64,0,5,40,36,100,38,11,6,4,2,128
2026-09-21T21:19:51.034661+00:00,4465,3179968,32x,300ms,25,64,0,5,40,36,100,38,11,6,4,2,128
2026-09-21T21:19:51.755542+00:00,4466,3180682,32x,300ms,25,64,1,5,40,36,100,38,11,6,4,2,128
2026-09-21T21:19:52.467760+00:00,4467,3181393,32x,300ms,25,64,1,5,40,36,100,38,11,6,4,2,128
2026-09-21T21:19:53.186767+00:00,4468,3182105,32x,300ms,25,64,1,5,41,36,100,38,11,6,4,2,128
2026-09-21T21:19:53.899649+00:00,4469,3182817,32x,300ms,25,64,1,5,40,36,100,38,11,6,4,2,128
2026-09-21T21:19:54.620305+00:00,4470,3183529,32x,300ms,25,64,1,5,41,36,100,38,11,6,4,2,128
2026-09-21T21:19:55.339506+00:00,4471,3184241,32x,300ms,25,64,0,5,40,36,100,38,11,6,4,2,128
2026-09-21T21:19:56.050835+00:00,4472,3184954,32x,300ms,25,64,0,5,40,36,100,38,11,6,4,2,128
2026-09-21T21:19:56.770784+00:00,4473,3185667,32x,300ms,25,64,0,5,40,36,100,38,11,6,4,2,128
2026-09-21T21:19:57.482839+00:00,4474,3186379,32x,300ms,25,64,0,5,41,36,100,38,11,6,4,2,128
2026-09-21T21:19:58.204102+00:00,4475,3187092,32x,300ms,25,64,0,5,40,36,100,38,11,5,4,2,128
2026-09-21T21:19:58.915191+00:00,4476,3187805,32x,300ms,25,64,1,5,41,36,100,38,11,6,4,2,128
2026-09-21T21:19:59.635400+00:00,4477,3188516,32x,300ms,25,64,1,5,41,36,100,38,11,6,4,2,128
2026-09-21T21:20:00.355044+00:00,4478,3189229,32x,300ms,25,64,1,5,41,36,100,38,11,6,4,2,128
2026-09-21T21:20:01.067733+00:00,4479,3189941,32x,300ms,25,64,1,5,40,36,100,38,11,6,4,2,128
2026-09-21T21:20:01.786772+00:00,4480,3190652,32x,300ms,25,64,1,5,40,36,100,38,11,6,4,2,128
2026-09-21T21:20:02.498859+00:00,4481,3191364,32x,300ms,25,64,0,5,41,36,100,38,11,5,4,2,128
2026-09-21T21:20:03.219715+00:00,4482,3192077,32x,300ms,25,64,0,5,40,36,100,38,11,5,4,2,128
2026-09-21T21:20:03.939665+00:00,4483,3192790,32x,300ms,25,64,0,5,40,36,100,38,11,6,4,2,128
2026-09-21T21:20:04.650699+00:00,4484,3193502,32x,300ms,25,64,0,5,41,36,100,38,11,5,4,2,128
2026-09-21T21:20:05.371778+00:00,4485,3194215,32x,300ms,25,64,0,5,41,36,100,38,11,6,4,2,128
2026-09-21T21:20:06.082702+00:00,4486,3194928,32x,300ms,25,64,1,5,41,36,100,38,11,6,4,2,128
2026-09-21T21:20:06.802530+00:00,4487,3195639,32x,300ms,25,64,1,5,40,36,100,38,11,5,4,2,128
2026-09-21T21:20:07.515416+00:00,4488,3196351,32x,300ms,25,64,1,5,40,36,100,38,11,6,4,2,128
2026-09-21T21:20:08.234587+00:00,4489,3197063,32x,300ms,25,64,1,5,41,36,100,38,11,6,4,2,129
2026-09-21T21:20:08.954738+00:00,4490,3197775,32x,300ms,25,64,1,5,40,36,100,38,11,5,4,2,129
2026-09-21T21:20:09.668074+00:00,4491,3198487,32x,300ms,25,64,0,5,40,36,100,38,11,5,4,2,128
2026-09-21T21:20:10.386693+00:00,4492,3199200,32x,300ms,25,64,0,5,40,36,100,38,11,5,4,2,128
2026-09-21T21:20:11.099029+00:00,4493,3199912,32x,300ms,25,64,0,5,40,36,100,38,11,6,4,2,128
2026-09-21T21:20:11.818760+00:00,4494,3200625,32x,300ms,25,64,0,5,41,36,100,38,11,6,4,2,128
2026-09-21T21:20:12.538711+00:00,4495,3201338,32x,300ms,25,64,0,5,41,36,100,38,11,5,4,2,128
2026-09-21T21:20:13.250519+00:00,4496,3202051,32x,300ms,25,64,1,5,41,36,100,38,11,6,4,2,128
2026-09-21T21:20:13.971027+00:00,4497,3202762,32x,300ms,25,64,1,5,41,36,100,38,11,6,4,2,128
2026-09-21T21:20:14.682851+00:00,4498,3203474,32x,300ms,25,64,1,5,41,36,100,38,11,5,4,2,128
2026-09-21T21:20:15.403193+00:00,4499,3204186,32x,300ms,25,64,1,5,41,36,100,38,11,5,4,2,128
2026-09-21T21:20:16.115022+00:00,4500,3204898,32x,300ms,25,64,1,5,41,36,100,38,11,6,4,2,128
2026-09-21T21:20:16.835645+00:00,4501,3205610,32x,300ms,25,64,0,5,40,36,100,38,11,6,4,2,128
2026-09-21T21:20:17.554673+00:00,4502,3206323,32x,300ms,25,64,0,5,40,36,100,38,11,6,4,2,128
2026-09-21T21:20:18.266680+00:00,4503,3207035,32x,300ms,25,64,0,5,40,36,100,38,11,6,4,2,129
2026-09-21T21:20:18.987133+00:00,4504,3207748,32x,300ms,25,64,0,5,41,36,100,38,11,5,4,2,128
2026-09-21T21:20:19.699509+00:00,4505,3208461,32x,300ms,25,64,0,5,41,36,100,38,11,6,4,2,128
2026-09-21T21:20:20.419028+00:00,4506,3209174,32x,300ms,25,64,1,5,41,36,100,38,11,6,4,2,128
2026-09-21T21:20:21.131211+00:00,4507,3209885,32x,300ms,25,64,1,5,41,36,100,38,11,6,4,2,128
2026-09-21T21:20:21.851370+00:00,4508,3210597,32x,300ms,25,64,1,5,40,36,100,38,11,5,4,2,128
2026-09-21T21:20:22.571856+00:00,4509,3211310,32x,300ms,25,64,1,5,41,36,100,38,11,6,4,2,128
2026-09-21T21:20:23.282789+00:00,4510,3212021,32x,300ms,25,64,1,5,41,36,100,38,11,6,4,2,129
2026-09-21T21:20:24.002933+00:00,4511,3212733,32x,300ms,25,64,0,5,40,36,100,38,11,6,4,2,128
2026-09-21T21:20:24.722642+00:00,4512,3213446,32x,300ms,25,64,0,5,41,36,100,38,11,6,4,2,128
2026-09-21T21:20:25.435265+00:00,4513,3214158,32x,300ms,25,64,0,5,40,36,100,38,11,6,4,2,128
2026-09-21T21:20:26.155406+00:00,4514,3214871,32x,300ms,25,64,0,5,40,36,100,38,11,6,4,2,128
2026-09-21T21:20:26.866630+00:00,4515,3215584,32x,300ms,25,64,0,5,41,36,100,38,11,6,4,2,128
2026-09-21T21:20:27.587693+00:00,4516,3216296,32x,300ms,25,64,1,5,41,36,100,38,11,6,4,2,128
2026-09-21T21:20:28.298582+00:00,4517,3217008,32x,300ms,25,64,1,5,41,36,100,38,11,6,4,2,128
2026-09-21T21:20:29.019821+00:00,4518,3217720,32x,300ms,25,64,1,5,41,36,100,38,11,6,4,2,128
2026-09-21T21:20:29.730980+00:00,4519,3218432,32x,300ms,25,64,1,5,40,36,100,38,11,6,4,2,128
2026-09-21T21:20:30.451461+00:00,4520,3219144,32x,300ms,25,64,1,5,41,36,100,38,11,6,4,2,128
2026-09-21T21:20:31.172701+00:00,4521,3219856,32x,300ms,25,64,0,5,40,36,100,38,11,6,4,2,128
2026-09-21T21:20:31.883180+00:00,4522,3220569,32x,300ms,25,64,0,5,40,36,100,38,11,6,4,2,129
2026-09-21T21:20:32.602638+00:00,4523,3221281,32x,300ms,25,64,0,5,40,36,100,38,11,6,4,2,128
2026-09-21T21:20:33.322781+00:00,4524,3221994,32x,300ms,25,64,0,5,40,36,100,38,11,5,4,2,128
2026-09-21T21:20:34.036023+00:00,4525,3222707,32x,300ms,25,64,0,5,40,36,100,38,11,5,4,2,128
2026-09-21T21:20:34.755373+00:00,4526,3223419,32x,300ms,25,64,1,5,40,36,100,38,11,6,4,2,128
2026-09-21T21:20:35.466645+00:00,4527,3224131,32x,300ms,25,64,1,5,40,36,100,38,11,6,4,2,129
2026-09-21T21:20:36.188225+00:00,4528,3224843,32x,300ms,25,64,1,5,41,36,100,38,11,6,4,2,129
2026-09-21T21:20:36.899223+00:00,4529,3225555,32x,300ms,25,64,1,5,40,36,100,38,11,6,4,2,128
2026-09-21T21:20:37.618771+00:00,4530,3226267,32x,300ms,25,64,1,5,40,36,100,38,11,6,4,2,129
2026-09-21T21:20:38.331098+00:00,4531,3226979,32x,300ms,25,64,0,5,41,36,100,38,11,6,4,2,128
2026-09-21T21:20:39.051409+00:00,4532,3227692,32x,300ms,25,64,0,5,41,36,100,38,11,6,4,2,128
2026-09-21T21:20:39.772942+00:00,4533,3228404,32x,300ms,25,64,0,5,41,36,100,38,11,6,4,2,129
2026-09-21T21:20:40.482947+00:00,4534,3229116,32x,300ms,25,64,0,5,41,36,100,38,11,6,4,2,128
2026-09-21T21:20:41.202585+00:00,4535,3229829,32x,300ms,25,64,0,5,40,36,100,38,11,6,4,2,128
2026-09-21T21:20:41.914689+00:00,4536,3230542,32x,300ms,25,64,1,5,40,36,100,38,11,5,4,2,129
2026-09-21T21:20:42.634531+00:00,4537,3231254,32x,300ms,25,64,1,5,40,36,100,38,11,6,4,2,129
2026-09-21T21:20:43.347234+00:00,4538,3231966,32x,300ms,25,64,1,5,41,36,100,38,11,6,4,2,128
2026-09-21T21:20:44.066563+00:00,4539,3232677,32x,300ms,25,64,1,5,40,36,100,38,11,5,4,2,128
2026-09-21T21:20:44.786840+00:00,4540,3233389,32x,300ms,25,64,1,5,40,36,100,38,11,5,4,2,129
2026-09-21T21:20:45.499027+00:00,4541,3234101,32x,300ms,25,64,0,5,41,36,100,38,11,6,4,2,128
2026-09-21T21:20:46.218558+00:00,4542,3234813,32x,300ms,25,64,0,5,40,36,100,38,11,6,4,2,128
2026-09-21T21:20:46.939017+00:00,4543,3235526,32x,300ms,25,64,0,5,40,36,100,38,11,6,4,2,128
2026-09-21T21:20:47.650575+00:00,4544,3236239,32x,300ms,25,64,0,5,40,36,100,38,11,5,4,2,128
2026-09-21T21:20:48.372059+00:00,4545,3236953,32x,300ms,25,64,0,5,40,36,100,38,11,6,4,2,129
2026-09-21T21:20:49.083731+00:00,4546,3237664,32x,300ms,25,64,1,5,41,36,100,38,11,5,4,2,128
2026-09-21T21:20:49.803022+00:00,4547,3238377,32x,300ms,25,64,1,5,41,36,100,38,11,6,4,2,128
2026-09-21T21:20:50.514939+00:00,4548,3239089,32x,300ms,25,64,1,5,40,36,100,38,11,6,4,2,128
2026-09-21T21:20:51.235433+00:00,4549,3239800,32x,300ms,25,64,1,5,41,36,100,38,11,6,4,2,128
2026-09-21T21:20:51.946564+00:00,4550,3240512,32x,300ms,25,64,1,5,41,36,100,38,11,6,4,2,129
2026-09-21T21:20:52.667208+00:00,4551,3241225,32x,300ms,25,64,0,5,40,36,100,38,11,6,4,2,128
2026-09-21T21:20:53.388140+00:00,4552,3241937,32x,300ms,25,64,0,5,41,36,100,38,11,5,4,2,128
2026-09-21T21:20:54.098703+00:00,4553,3242650,32x,300ms,25,64,0,5,40,36,100,38,11,6,4,2,129
2026-09-21T21:20:54.819263+00:00,4554,3243363,32x,300ms,25,64,0,5,41,36,100,38,11,6,4,2,128
2026-09-21T21:20:55.530733+00:00,4555,3244075,32x,300ms,25,64,0,5,40,36,100,38,11,6,4,2,128
2026-09-21T21:20:56.251430+00:00,4556,3244788,32x,300ms,25,64,1,5,40,36,100,38,11,5,4,2,128
2026-09-21T21:20:56.970900+00:00,4557,3245500,32x,300ms,25,64,1,5,40,36,100,38,11,6,4,2,128
2026-09-21T21:20:57.683282+00:00,4558,3246212,32x,300ms,25,64,1,5,40,36,100,38,11,6,4,2,128
2026-09-21T21:20:58.402491+00:00,4559,3246923,32x,300ms,25,64,1,5,40,36,100,38,11,6,4,2,128
2026-09-21T21:20:59.115036+00:00,4560,3247636,32x,300ms,25,64,1,5,40,36,100,38,11,6,4,2,128
2026-09-21T21:20:59.835162+00:00,4561,3248348,32x,300ms,25,64,0,5,40,36,100,38,11,6,4,2,128
2026-09-21T21:21:00.554896+00:00,4562,3249060,32x,300ms,25,64,0,5,41,36,100,38,11,6,4,2,128
2026-09-21T21:21:01.266680+00:00,4563,3249773,32x,300ms,25,64,0,5,40,36,100,38,11,6,4,2,128
2026-09-21T21:21:01.986583+00:00,4564,3250486,32x,300ms,25,64,0,5,40,36,100,38,11,6,4,2,128
2026-09-21T21:21:02.699178+00:00,4565,3251198,32x,300ms,25,64,0,5,40,36,100,38,11,5,4,2,128
2026-09-21T21:21:03.419276+00:00,4566,3251911,32x,300ms,25,64,1,5,41,36,100,38,11,6,4,2,128
2026-09-21T21:21:04.131336+00:00,4567,3252623,32x,300ms,25,64,1,5,40,36,100,38,11,5,4,2,128
2026-09-21T21:21:04.851181+00:00,4568,3253335,32x,300ms,25,64,1,5,40,36,100,38,11,6,4,2,128
2026-09-21T21:21:05.570690+00:00,4569,3254047,32x,300ms,25,64,1,5,40,36,100,38,11,5,4,2,128
2026-09-21T21:21:06.282505+00:00,4570,3254759,32x,300ms,25,64,1,5,40,36,100,38,11,6,4,2,128
2026-09-21T21:21:07.003795+00:00,4571,3255471,32x,300ms,25,64,0,5,40,36,100,38,11,6,4,2,128
2026-09-21T21:21:07.714938+00:00,4572,3256183,32x,300ms,25,64,0,5,40,36,100,38,11,6,4,2,128
2026-09-21T21:21:08.435387+00:00,4573,3256896,32x,300ms,25,64,0,5,40,36,100,38,11,5,4,2,128
2026-09-21T21:21:09.154989+00:00,4574,3257609,32x,300ms,25,64,0,5,41,36,100,38,11,6,4,2,128
2026-09-21T21:21:09.866692+00:00,4575,3258321,32x,300ms,25,64,0,5,41,36,100,38,11,6,4,2,128
2026-09-21T21:21:10.587345+00:00,4576,3259034,32x,300ms,25,64,1,5,40,36,100,38,11,6,4,2,128
2026-09-21T21:21:11.298974+00:00,4577,3259746,32x,300ms,25,64,1,5,40,36,100,38,11,6,4,2,128
2026-09-21T21:21:12.019624+00:00,4578,3260459,32x,300ms,25,64,1,5,40,36,100,38,11,6,4,2,128
2026-09-21T21:21:12.731473+00:00,4579,3261169,32x,300ms,25,64,1,5,40,36,100,38,11,6,4,2,128
2026-09-21T21:21:13.451441+00:00,4580,3261882,32x,300ms,25,64,1,5,40,36,100,38,11,6,4,2,128
2026-09-21T21:21:14.170812+00:00,4581,3262594,32x,300ms,25,64,0,5,41,36,100,38,11,6,4,2,128
2026-09-21T21:21:14.883253+00:00,4582,3263306,32x,300ms,25,64,0,5,40,36,100,38,11,6,4,2,128
2026-09-21T21:21:15.602471+00:00,4583,3264019,32x,300ms,25,64,0,5,41,36,100,38,11,6,4,2,128
2026-09-21T21:21:16.315230+00:00,4584,3264732,32x,300ms,25,64,0,5,40,36,100,38,11,6,4,2,128
2026-09-21T21:21:17.035426+00:00,4585,3265444,32x,300ms,25,64,0,5,41,36,100,38,11,6,4,2,128
2026-09-21T21:21:17.746984+00:00,4586,3266157,32x,300ms,25,64,1,5,40,36,100,38,11,6,4,2,128
2026-09-21T21:21:18.466481+00:00,4587,3266869,32x,300ms,25,64,1,5,40,36,100,38,11,6,4,2,128
2026-09-21T21:21:19.187324+00:00,4588,3267580,32x,300ms,25,64,1,5,40,36,100,38,11,6,4,2,128
2026-09-21T21:21:19.898536+00:00,4589,3268293,32x,300ms,25,64,1,5,40,36,100,38,11,6,4,2,128
2026-09-21T21:21:20.619039+00:00,4590,3269005,32x,300ms,25,64,1,5,40,36,100,38,11,6,4,2,128
2026-09-21T21:21:21.331215+00:00,4591,3269716,32x,300ms,25,64,0,5,41,36,100,38,11,6,4,2,128
2026-09-21T21:21:22.050769+00:00,4592,3270429,32x,300ms,25,64,0,5,41,36,100,38,11,6,4,2,128
2026-09-21T21:21:22.770760+00:00,4593,3271142,32x,300ms,25,64,0,5,40,36,100,38,11,6,4,2,128
2026-09-21T21:21:23.482681+00:00,4594,3271854,32x,300ms,25,64,0,5,40,36,100,38,11,5,4,2,128
2026-09-21T21:21:24.203071+00:00,4595,3272567,32x,300ms,25,64,0,5,41,36,100,38,11,6,4,2,128
2026-09-21T21:21:24.914760+00:00,4596,3273280,32x,300ms,25,64,1,5,41,36,100,38,11,6,4,2,128
2026-09-21T21:21:25.634645+00:00,4597,3273992,32x,300ms,25,64,1,5,40,36,100,38,11,6,4,3,128
2026-09-21T21:21:26.346734+00:00,4598,3274703,32x,300ms,25,64,1,5,40,36,100,38,11,6,4,2,128
2026-09-21T21:21:27.066631+00:00,4599,3275415,32x,300ms,25,64,1,5,41,36,100,38,11,6,4,2,128
2026-09-21T21:21:27.786625+00:00,4600,3276127,32x,300ms,25,64,1,5,41,36,100,38,11,6,4,2,128
2026-09-21T21:21:28.500118+00:00,4601,3276839,32x,300ms,25,64,0,5,40,36,100,38,11,6,4,2,128
2026-09-21T21:21:29.219046+00:00,4602,3277552,32x,300ms,25,64,0,5,41,36,100,38,11,6,4,2,128
2026-09-21T21:21:29.939341+00:00,4603,3278264,32x,300ms,25,64,0,5,40,36,100,38,11,6,4,2,128
2026-09-21T21:21:30.650764+00:00,4604,3278978,32x,300ms,25,64,0,5,40,36,100,38,11,6,4,2,128
2026-09-21T21:21:31.363223+00:00,4605,3279690,32x,300ms,25,64,0,5,40,36,100,38,11,5,4,2,128
2026-09-21T21:21:32.082558+00:00,4606,3280403,32x,300ms,25,64,1,5,40,36,100,38,11,6,4,2,128
2026-09-21T21:21:32.803082+00:00,4607,3281115,32x,300ms,25,64,1,5,40,36,100,38,11,6,4,2,128
2026-09-21T21:21:33.515263+00:00,4608,3281826,32x,300ms,25,64,1,5,41,36,100,38,11,6,4,2,128
2026-09-21T21:21:34.235197+00:00,4609,3282538,32x,300ms,25,64,1,5,41,36,100,38,11,6,4,2,129
2026-09-21T21:21:34.946719+00:00,4610,3283251,32x,300ms,25,64,1,5,40,36,100,38,11,5,4,2,128
2026-09-21T21:21:35.666481+00:00,4611,3283962,32x,300ms,25,64,0,5,41,36,100,38,11,6,4,2,128
2026-09-21T21:21:36.387148+00:00,4612,3284675,32x,300ms,25,64,0,5,40,36,100,38,11,6,4,2,128
2026-09-21T21:21:37.098478+00:00,4613,3285388,32x,300ms,25,64,0,5,41,36,100,38,11,6,4,2,129
2026-09-21T21:21:37.819445+00:00,4614,3286100,32x,300ms,25,64,0,5,41,36,100,38,11,6,4,2,128
2026-09-21T21:21:38.531499+00:00,4615,3286813,32x,300ms,25,64,0,5,41,36,100,38,11,5,4,2,128
2026-09-21T21:21:39.250585+00:00,4616,3287526,32x,300ms,25,64,1,5,40,36,100,38,11,6,4,2,128
2026-09-21T21:21:39.963542+00:00,4617,3288238,32x,300ms,25,64,1,5,41,36,100,38,11,5,4,2,128
2026-09-21T21:21:40.683316+00:00,4618,3288949,32x,300ms,25,64,1,5,40,36,100,38,11,6,4,2,128
2026-09-21T21:21:41.403496+00:00,4619,3289661,32x,300ms,25,64,1,5,40,36,100,38,11,6,4,2,128
2026-09-21T21:21:42.114658+00:00,4620,3290374,32x,300ms,25,64,1,5,40,36,100,38,11,5,4,2,128
2026-09-21T21:21:42.834641+00:00,4621,3291085,32x,300ms,25,64,0,5,41,36,100,38,11,6,4,2,128
2026-09-21T21:21:43.546524+00:00,4622,3291798,32x,300ms,25,64,0,5,40,36,100,38,11,6,4,2,128
2026-09-21T21:21:44.267169+00:00,4623,3292511,32x,300ms,25,64,0,5,40,36,100,38,11,6,4,2,128
2026-09-21T21:21:44.987178+00:00,4624,3293223,32x,300ms,25,64,0,5,41,36,100,38,11,6,4,2,129
2026-09-21T21:21:45.700098+00:00,4625,3293936,32x,300ms,25,64,0,5,40,36,100,38,11,6,4,2,128
2026-09-21T21:21:46.420376+00:00,4626,3294649,32x,300ms,25,64,1,5,41,36,100,38,11,6,4,2,128
2026-09-21T21:21:47.132141+00:00,4627,3295361,32x,300ms,25,64,1,5,41,36,100,38,11,6,4,2,128
2026-09-21T21:21:47.850764+00:00,4628,3296072,32x,300ms,25,64,1,5,40,36,100,38,11,6,4,2,128
2026-09-21T21:21:48.563594+00:00,4629,3296784,32x,300ms,25,64,1,5,41,36,100,38,11,6,4,2,128
2026-09-21T21:21:49.282932+00:00,4630,3297496,32x,300ms,25,64,1,5,40,36,100,38,11,6,4,2,128
2026-09-21T21:21:50.004109+00:00,4631,3298208,32x,300ms,25,64,0,5,41,36,100,38,11,6,4,2,128
2026-09-21T21:21:50.715445+00:00,4632,3298921,32x,300ms,25,64,0,5,40,36,100,38,11,6,4,2,128
2026-09-21T21:21:51.435199+00:00,4633,3299634,32x,300ms,25,64,0,5,40,36,100,38,11,6,4,2,128
2026-09-21T21:21:52.146485+00:00,4634,3300346,32x,300ms,25,64,0,5,40,36,100,38,11,6,4,2,128
2026-09-21T21:21:52.867348+00:00,4635,3301059,32x,300ms,25,64,0,5,41,36,100,38,11,6,4,2,128
2026-09-21T21:21:53.587505+00:00,4636,3301772,32x,300ms,25,64,1,5,41,36,100,38,11,6,4,2,129
2026-09-21T21:21:54.298706+00:00,4637,3302483,32x,300ms,25,64,1,5,41,36,100,38,11,6,4,2,128
2026-09-21T21:21:55.018422+00:00,4638,3303195,32x,300ms,25,64,1,5,40,36,100,38,11,6,4,2,128
2026-09-21T21:21:55.730585+00:00,4639,3303907,32x,300ms,25,64,1,5,40,36,100,38,11,6,4,2,128
2026-09-21T21:21:56.450305+00:00,4640,3304619,32x,300ms,25,64,1,5,40,36,100,38,11,6,4,2,129
2026-09-21T21:21:57.162375+00:00,4641,3305331,32x,300ms,25,64,0,5,40,36,100,38,11,6,4,2,129
2026-09-21T21:21:57.883073+00:00,4642,3306043,32x,300ms,25,64,0,5,40,36,100,38,11,6,4,2,128
2026-09-21T21:21:58.604447+00:00,4643,3306757,32x,300ms,25,64,0,5,41,36,100,38,11,6,4,2,128
2026-09-21T21:21:59.315200+00:00,4644,3307469,32x,300ms,25,64,0,5,40,36,100,38,11,6,4,2,128
2026-09-21T21:22:00.034931+00:00,4645,3308182,32x,300ms,25,64,0,5,41,36,100,38,11,5,4,2,128
2026-09-21T21:22:00.746181+00:00,4646,3308894,32x,300ms,25,64,1,5,40,36,100,38,11,6,4,2,129
2026-09-21T21:22:01.466263+00:00,4647,3309606,32x,300ms,25,64,1,5,40,36,100,38,11,6,4,2,128
2026-09-21T21:22:02.178257+00:00,4648,3310318,32x,300ms,25,64,1,5,41,36,100,38,11,5,4,2,128
2026-09-21T21:22:02.899142+00:00,4649,3311030,32x,300ms,25,64,1,5,41,36,100,38,11,6,4,2,129
2026-09-21T21:22:03.618149+00:00,4650,3311741,32x,300ms,25,64,1,5,40,36,100,38,11,6,4,2,128
2026-09-21T21:22:04.330859+00:00,4651,3312453,32x,300ms,25,64,0,5,40,36,100,38,11,5,4,2,128
2026-09-21T21:22:05.050777+00:00,4652,3313166,32x,300ms,25,64,0,5,41,36,100,38,11,6,4,2,128
2026-09-21T21:22:05.770274+00:00,4653,3313879,32x,300ms,25,64,0,5,40,36,100,38,11,5,4,2,128
2026-09-21T21:22:06.482652+00:00,4654,3314591,32x,300ms,25,64,0,5,40,36,100,38,11,5,4,2,129
2026-09-21T21:22:07.203066+00:00,4655,3315304,32x,300ms,25,64,0,5,41,36,100,38,11,6,4,2,128
2026-09-21T21:22:07.914704+00:00,4656,3316017,32x,300ms,25,64,1,5,40,36,100,38,11,6,4,2,128
2026-09-21T21:22:08.634776+00:00,4657,3316728,32x,300ms,25,64,1,5,41,36,100,38,11,6,4,2,128
2026-09-21T21:22:09.346927+00:00,4658,3317440,32x,300ms,25,64,1,5,40,36,100,38,11,6,4,2,128
2026-09-21T21:22:10.066998+00:00,4659,3318153,32x,300ms,25,64,1,5,41,36,100,38,11,6,4,2,129
2026-09-21T21:22:10.779253+00:00,4660,3318864,32x,300ms,25,64,1,5,41,36,100,38,11,6,4,3,129
2026-09-21T21:22:11.498769+00:00,4661,3319576,32x,300ms,25,64,0,5,40,36,100,38,11,6,4,2,128
2026-09-21T21:22:12.218722+00:00,4662,3320289,32x,300ms,25,64,0,5,40,36,100,38,11,6,4,2,129
2026-09-21T21:22:12.931039+00:00,4663,3321001,32x,300ms,25,64,0,5,40,36,100,38,11,6,4,2,129
2026-09-21T21:22:13.650572+00:00,4664,3321714,32x,300ms,25,64,0,5,40,36,100,38,11,6,4,2,128
2026-09-21T21:22:14.362134+00:00,4665,3322427,32x,300ms,25,64,0,5,41,36,100,38,11,6,4,2,128
2026-09-21T21:22:15.082927+00:00,4666,3323140,32x,300ms,25,64,1,5,41,36,100,38,11,6,4,2,128
2026-09-21T21:22:15.794915+00:00,4667,3323851,32x,300ms,25,64,1,5,40,36,100,38,11,5,4,2,129
2026-09-21T21:22:16.514260+00:00,4668,3324564,32x,300ms,25,64,1,5,40,36,100,38,11,6,4,2,128
2026-09-21T21:22:17.234427+00:00,4669,3325276,32x,300ms,25,64,1,5,40,36,100,38,11,6,4,2,128
2026-09-21T21:22:17.946414+00:00,4670,3325987,32x,300ms,25,64,1,5,41,36,100,38,11,5,4,2,129
2026-09-21T21:22:18.667125+00:00,4671,3326699,32x,300ms,25,64,0,5,41,36,100,38,11,6,4,2,128
2026-09-21T21:22:19.387145+00:00,4672,3327412,32x,300ms,25,64,0,5,40,36,100,38,11,6,4,2,128
2026-09-21T21:22:20.098097+00:00,4673,3328124,32x,300ms,25,64,0,5,40,36,100,38,11,6,4,2,129
2026-09-21T21:22:20.818071+00:00,4674,3328837,32x,300ms,25,64,0,5,40,36,100,38,11,6,4,2,129
2026-09-21T21:22:21.530398+00:00,4675,3329550,32x,300ms,25,64,0,5,40,36,100,38,11,5,4,2,128
2026-09-21T21:22:22.249952+00:00,4676,3330263,32x,300ms,25,64,1,5,41,36,100,38,11,6,4,2,129
2026-09-21T21:22:22.962934+00:00,4677,3330975,32x,300ms,25,64,1,5,40,36,100,38,11,6,4,2,128
2026-09-21T21:22:23.682870+00:00,4678,3331687,32x,300ms,25,64,1,5,40,36,100,38,11,6,4,2,128
2026-09-21T21:22:24.395011+00:00,4679,3332399,32x,300ms,25,64,1,5,40,36,100,38,11,5,4,2,129
2026-09-21T21:22:25.114268+00:00,4680,3333110,32x,300ms,25,64,1,5,41,36,100,38,11,6,4,2,128
2026-09-21T21:22:25.834910+00:00,4681,3333822,32x,300ms,25,64,0,5,40,36,100,38,11,6,4,2,128
2026-09-21T21:22:26.545888+00:00,4682,3334535,32x,300ms,25,64,0,5,40,36,100,38,11,5,4,2,128
2026-09-21T21:22:27.266809+00:00,4683,3335247,32x,300ms,25,64,0,5,41,36,100,38,11,6,4,2,129
2026-09-21T21:22:27.979877+00:00,4684,3335960,32x,300ms,25,64,0,5,41,36,100,38,11,6,4,2,128
2026-09-21T21:22:28.698195+00:00,4685,3336673,32x,300ms,25,64,0,5,41,36,100,38,11,6,4,2,128
2026-09-21T21:22:29.411040+00:00,4686,3337385,32x,300ms,25,64,1,5,40,36,100,38,11,6,4,2,128
2026-09-21T21:22:30.130970+00:00,4687,3338097,32x,300ms,25,64,1,5,41,36,100,38,11,6,4,2,128
2026-09-21T21:22:30.850858+00:00,4688,3338809,32x,300ms,25,64,1,5,40,36,100,38,11,6,4,2,128
2026-09-21T21:22:31.562743+00:00,4689,3339522,32x,300ms,25,64,1,5,40,36,100,38,11,6,4,2,129
2026-09-21T21:22:32.282725+00:00,4690,3340233,32x,300ms,25,64,1,5,40,36,100,38,11,6,4,2,128
2026-09-21T21:22:32.994996+00:00,4691,3340945,32x,300ms,25,64,0,5,40,36,100,38,11,6,4,2,129
2026-09-21T21:22:33.714566+00:00,4692,3341658,32x,300ms,25,64,0,5,40,36,100,38,11,6,4,2,128
2026-09-21T21:22:34.435063+00:00,4693,3342370,32x,300ms,25,64,0,5,40,36,100,38,11,6,4,2,128
2026-09-21T21:22:35.145978+00:00,4694,3343083,32x,300ms,25,64,0,5,40,36,100,38,11,6,4,2,128
2026-09-21T21:22:35.866973+00:00,4695,3343796,32x,300ms,25,64,0,5,40,36,100,38,11,6,4,2,128
2026-09-21T21:22:36.578349+00:00,4696,3344508,32x,300ms,25,64,1,5,40,36,100,38,11,6,4,2,128
2026-09-21T21:22:37.297918+00:00,4697,3345220,32x,300ms,25,64,1,5,41,36,100,38,11,5,4,2,128
2026-09-21T21:22:38.010657+00:00,4698,3345933,32x,300ms,25,64,1,5,40,36,100,38,11,6,4,2,128
2026-09-21T21:22:38.729879+00:00,4699,3346644,32x,300ms,25,64,1,5,41,36,100,38,11,6,4,2,128
2026-09-21T21:22:39.450940+00:00,4700,3347356,32x,300ms,25,64,1,5,41,36,100,38,11,6,4,2,129
2026-09-21T21:22:40.161895+00:00,4701,3348068,32x,300ms,25,64,0,5,40,36,100,38,11,6,4,2,128
2026-09-21T21:22:40.882064+00:00,4702,3348781,32x,300ms,25,64,0,5,40,36,100,38,11,6,4,2,128
2026-09-21T21:22:41.601962+00:00,4703,3349494,32x,300ms,25,64,0,5,40,36,100,38,11,6,4,2,129
2026-09-21T21:22:42.314972+00:00,4704,3350207,32x,300ms,25,64,0,5,40,36,100,38,11,6,4,2,129
2026-09-21T21:22:43.035919+00:00,4705,3350920,32x,300ms,25,64,0,5,40,36,100,38,11,6,4,2,129
2026-09-21T21:22:43.746377+00:00,4706,3351632,32x,300ms,25,64,1,5,40,36,100,38,11,6,4,2,129
2026-09-21T21:22:44.466357+00:00,4707,3352344,32x,300ms,25,64,1,5,40,36,100,38,11,6,4,2,129
2026-09-21T21:22:45.178285+00:00,4708,3353056,32x,300ms,25,64,1,5,41,36,100,38,11,6,4,2,128
2026-09-21T21:22:45.899423+00:00,4709,3353768,32x,300ms,25,64,1,5,40,36,100,38,11,5,4,2,128
2026-09-21T21:22:46.619668+00:00,4710,3354480,32x,300ms,25,64,1,5,40,36,100,38,11,6,4,2,129
2026-09-21T21:22:47.329948+00:00,4711,3355192,32x,300ms,25,64,0,5,40,36,100,38,11,6,4,2,129
2026-09-21T21:22:48.049921+00:00,4712,3355905,32x,300ms,25,64,0,5,40,36,100,38,11,6,4,2,128
2026-09-21T21:22:48.762336+00:00,4713,3356617,32x,300ms,25,64,0,5,41,36,100,38,11,5,4,2,128
2026-09-21T21:22:49.481812+00:00,4714,3357330,32x,300ms,25,64,0,5,41,36,100,38,11,6,4,2,128
2026-09-21T21:22:50.195133+00:00,4715,3358043,32x,300ms,25,64,0,5,41,36,100,38,11,6,4,2,129
2026-09-21T21:22:50.913865+00:00,4716,3358755,32x,300ms,25,64,1,5,41,36,100,38,11,5,4,2,129
2026-09-21T21:22:51.634243+00:00,4717,3359467,32x,300ms,25,64,1,5,41,36,100,38,11,5,4,2,129
2026-09-21T21:22:52.346162+00:00,4718,3360179,32x,300ms,25,64,1,5,41,36,100,38,11,6,4,2,128
2026-09-21T21:22:53.066134+00:00,4719,3360890,32x,300ms,25,64,1,5,40,36,100,38,11,5,4,2,128
2026-09-21T21:22:53.778768+00:00,4720,3361602,32x,300ms,25,64,1,5,41,36,100,38,11,5,4,2,128
2026-09-21T21:22:54.498075+00:00,4721,3362315,32x,300ms,25,64,0,5,40,36,100,38,11,6,4,2,128
2026-09-21T21:22:55.218493+00:00,4722,3363027,32x,300ms,25,64,0,5,40,36,100,38,11,6,4,2,128
2026-09-21T21:22:55.930836+00:00,4723,3363740,32x,300ms,25,64,0,5,40,36,100,38,11,5,4,2,129
2026-09-21T21:22:56.649940+00:00,4724,3364453,32x,300ms,25,64,0,5,40,36,100,38,11,6,4,2,128
2026-09-21T21:22:57.363751+00:00,4725,3365166,32x,300ms,25,64,0,5,40,36,100,38,11,6,4,2,129
2026-09-21T21:22:58.083434+00:00,4726,3365878,32x,300ms,25,64,1,5,40,36,100,38,11,6,4,2,129
2026-09-21T21:22:58.793735+00:00,4727,3366591,32x,300ms,25,64,1,5,40,36,100,38,11,6,4,2,128
2026-09-21T21:22:59.514859+00:00,4728,3367303,32x,300ms,25,64,1,5,40,36,100,38,11,6,4,2,128
2026-09-21T21:23:00.233973+00:00,4729,3368014,32x,300ms,25,64,1,5,40,36,100,38,11,5,4,2,129
2026-09-21T21:23:00.946744+00:00,4730,3368726,32x,300ms,25,64,1,5,41,36,100,38,11,6,4,2,128
2026-09-21T21:23:01.665722+00:00,4731,3369438,32x,300ms,25,64,0,5,41,36,100,38,11,6,4,2,128
2026-09-21T21:23:02.385715+00:00,4732,3370150,32x,300ms,25,64,0,5,41,36,100,38,11,5,4,2,129
2026-09-21T21:23:03.097688+00:00,4733,3370863,32x,300ms,25,64,0,5,40,36,100,38,11,6,4,2,128
2026-09-21T21:23:03.819636+00:00,4734,3371576,32x,300ms,25,64,0,5,40,36,100,38,11,6,4,2,128
2026-09-21T21:23:04.530508+00:00,4735,3372289,32x,300ms,25,64,0,5,41,36,100,38,11,5,4,2,128
2026-09-21T21:23:05.249642+00:00,4736,3373001,32x,300ms,25,64,1,5,40,36,100,38,11,5,4,2,128
2026-09-21T21:23:05.962335+00:00,4737,3373714,32x,300ms,25,64,1,5,40,36,100,38,11,6,4,2,129
2026-09-21T21:23:06.681742+00:00,4738,3374425,32x,300ms,25,64,1,5,40,36,100,38,11,5,4,2,129
2026-09-21T21:23:07.393928+00:00,4739,3375137,32x,300ms,25,64,1,5,40,36,100,38,11,6,4,2,128
2026-09-21T21:23:08.114079+00:00,4740,3375849,32x,300ms,25,64,1,5,40,36,100,38,11,5,4,2,129
2026-09-21T21:23:08.835669+00:00,4741,3376561,32x,300ms,25,64,0,5,40,36,100,38,11,6,4,2,128
2026-09-21T21:23:09.545655+00:00,4742,3377273,32x,300ms,25,64,0,5,40,36,100,38,11,6,4,2,128
2026-09-21T21:23:10.267200+00:00,4743,3377986,32x,300ms,25,64,0,5,40,36,100,38,11,6,4,2,128
2026-09-21T21:23:10.986142+00:00,4744,3378699,32x,300ms,25,64,0,5,41,36,100,38,11,6,4,2,128
2026-09-21T21:23:11.697939+00:00,4745,3379411,32x,300ms,25,64,0,5,40,36,100,38,11,6,4,2,128
2026-09-21T21:23:12.417978+00:00,4746,3380124,32x,300ms,25,64,1,5,40,36,100,38,11,6,4,2,128
2026-09-21T21:23:13.131325+00:00,4747,3380836,32x,300ms,25,64,1,5,40,36,100,38,11,5,4,2,128
2026-09-21T21:23:13.850653+00:00,4748,3381549,32x,300ms,25,64,1,5,41,36,100,38,11,6,4,2,129
2026-09-21T21:23:14.562100+00:00,4749,3382260,32x,300ms,25,64,1,5,40,36,100,38,11,6,4,2,128
2026-09-21T21:23:15.282291+00:00,4750,3382972,32x,300ms,25,64,1,5,40,36,100,38,11,5,4,2,128
2026-09-21T21:23:15.993762+00:00,4751,3383684,32x,300ms,25,64,0,5,41,36,100,38,11,6,4,2,128
2026-09-21T21:23:16.713555+00:00,4752,3384396,32x,300ms,25,64,0,5,41,36,100,38,11,6,4,2,129
2026-09-21T21:23:17.433506+00:00,4753,3385109,32x,300ms,25,64,0,5,40,36,100,38,11,6,4,2,129
2026-09-21T21:23:18.145578+00:00,4754,3385822,32x,300ms,25,64,0,5,41,36,100,38,11,6,4,2,128
2026-09-21T21:23:18.866649+00:00,4755,3386534,32x,300ms,25,64,0,5,41,36,100,38,11,6,4,2,129
2026-09-21T21:23:19.577660+00:00,4756,3387247,32x,300ms,25,64,1,5,40,36,100,38,11,5,4,2,128
2026-09-21T21:23:20.297519+00:00,4757,3387959,32x,300ms,25,64,1,5,40,36,100,38,11,6,4,2,129
2026-09-21T21:23:21.010501+00:00,4758,3388670,32x,300ms,25,64,1,5,40,36,100,38,11,6,4,2,128
2026-09-21T21:23:21.730007+00:00,4759,3389382,32x,300ms,25,64,1,5,40,36,100,38,11,5,4,2,128
2026-09-21T21:23:22.450504+00:00,4760,3390095,32x,300ms,25,64,1,5,41,36,100,38,11,6,4,2,128
2026-09-21T21:23:23.162622+00:00,4761,3390807,32x,300ms,25,64,0,5,40,36,100,38,11,6,4,2,128
2026-09-21T21:23:23.882898+00:00,4762,3391519,32x,300ms,25,64,0,5,40,36,100,38,11,6,4,2,128
2026-09-21T21:23:24.601762+00:00,4763,3392232,32x,300ms,25,64,0,5,40,36,100,38,11,5,4,2,128
2026-09-21T21:23:25.314148+00:00,4764,3392945,32x,300ms,25,64,0,5,40,36,100,38,11,6,4,2,128
2026-09-21T21:23:26.034556+00:00,4765,3393657,32x,300ms,25,64,0,5,40,36,100,38,11,6,4,2,128
2026-09-21T21:23:26.746720+00:00,4766,3394370,32x,300ms,25,64,1,5,40,36,100,38,11,6,4,2,128
2026-09-21T21:23:27.465453+00:00,4767,3395083,32x,300ms,25,64,1,5,40,36,100,38,11,6,4,2,129
2026-09-21T21:23:28.178506+00:00,4768,3395793,32x,300ms,25,64,1,5,40,36,100,38,11,5,4,2,128
2026-09-21T21:23:28.897607+00:00,4769,3396506,32x,300ms,25,64,1,5,40,36,100,38,11,6,4,2,128
2026-09-21T21:23:29.609914+00:00,4770,3397218,32x,300ms,25,64,1,5,41,36,100,38,11,5,4,2,128
2026-09-21T21:23:30.329433+00:00,4771,3397929,32x,300ms,25,64,0,5,41,36,100,38,11,6,4,2,128
2026-09-21T21:23:31.049429+00:00,4772,3398642,32x,300ms,25,64,0,5,41,36,100,38,11,6,4,2,129
2026-09-21T21:23:31.762400+00:00,4773,3399355,32x,300ms,25,64,0,5,41,36,100,38,11,6,4,2,128
2026-09-21T21:23:32.482651+00:00,4774,3400068,32x,300ms,25,64,0,5,41,36,100,38,11,6,4,2,129
2026-09-21T21:23:33.195437+00:00,4775,3400780,32x,300ms,25,64,0,5,40,36,100,38,11,6,4,2,128
2026-09-21T21:23:33.914052+00:00,4776,3401493,32x,300ms,25,64,1,5,40,36,100,38,11,5,4,2,128
2026-09-21T21:23:34.634419+00:00,4777,3402205,32x,300ms,25,64,1,5,40,36,100,38,11,6,4,2,128
2026-09-21T21:23:35.346194+00:00,4778,3402916,32x,300ms,25,64,1,5,40,36,100,38,11,5,4,2,128
2026-09-21T21:23:36.065737+00:00,4779,3403629,32x,300ms,25,64,1,5,40,36,100,38,11,5,4,2,129
2026-09-21T21:23:36.777425+00:00,4780,3404341,32x,300ms,25,64,1,5,40,36,100,38,11,6,4,2,128
2026-09-21T21:23:37.497724+00:00,4781,3405052,32x,300ms,25,64,0,5,41,36,100,38,11,6,4,2,129
2026-09-21T21:23:38.217434+00:00,4782,3405765,32x,300ms,25,64,0,5,41,36,100,38,11,6,4,2,128
2026-09-21T21:23:38.930459+00:00,4783,3406478,32x,300ms,25,64,0,5,40,36,100,38,11,6,4,2,128
2026-09-21T21:23:39.649451+00:00,4784,3407191,32x,300ms,25,64,0,5,41,36,100,38,11,5,4,2,128
2026-09-21T21:23:40.361986+00:00,4785,3407903,32x,300ms,25,64,0,5,41,36,100,38,11,6,4,2,128
2026-09-21T21:23:41.082386+00:00,4786,3408615,32x,300ms,25,64,1,5,40,36,100,38,11,6,4,2,128
2026-09-21T21:23:41.793355+00:00,4787,3409328,32x,300ms,25,64,1,5,41,36,100,38,11,6,4,2,129
2026-09-21T21:23:42.513300+00:00,4788,3410039,32x,300ms,25,64,1,5,40,36,100,38,11,6,4,2,128
2026-09-21T21:23:43.225734+00:00,4789,3410751,32x,300ms,25,64,1,5,41,36,100,38,11,6,4,2,129
2026-09-21T21:23:43.945617+00:00,4790,3411463,32x,300ms,25,64,1,5,40,36,100,38,11,6,4,2,128
2026-09-21T21:23:44.665580+00:00,4791,3412174,32x,300ms,25,64,0,5,40,36,100,38,11,6,4,2,128
2026-09-21T21:23:45.377272+00:00,4792,3412887,32x,300ms,25,64,0,5,41,36,100,38,11,6,4,2,128
2026-09-21T21:23:46.097745+00:00,4793,3413600,32x,300ms,25,64,0,5,41,36,100,38,11,5,4,2,129
2026-09-21T21:23:46.809141+00:00,4794,3414312,32x,300ms,25,64,0,5,41,36,100,38,11,6,4,2,129
2026-09-21T21:23:47.529197+00:00,4795,3415025,32x,300ms,25,64,0,5,41,36,100,38,11,6,4,2,128
2026-09-21T21:23:48.241732+00:00,4796,3415738,32x,300ms,25,64,1,5,40,36,100,38,11,6,4,2,129
2026-09-21T21:23:48.961252+00:00,4797,3416450,32x,300ms,25,64,1,5,40,36,100,38,11,6,4,2,128
2026-09-21T21:23:49.681171+00:00,4798,3417161,32x,300ms,25,64,1,5,41,36,100,38,11,6,4,2,128
2026-09-21T21:23:50.393934+00:00,4799,3417873,32x,300ms,25,64,1,5,40,36,100,38,11,6,4,2,128
2026-09-21T21:23:51.113263+00:00,4800,3418586,32x,300ms,25,64,1,5,40,36,100,38,11,5,4,2,128
2026-09-21T21:23:51.825271+00:00,4801,3419297,32x,300ms,25,64,0,5,40,36,100,38,11,5,4,2,128
2026-09-21T21:23:52.545553+00:00,4802,3420010,32x,300ms,25,64,0,5,41,36,100,38,11,6,4,2,128
2026-09-21T21:23:53.265334+00:00,4803,3420723,32x,300ms,25,64,0,5,40,36,100,38,11,6,4,2,128
2026-09-21T21:23:53.977218+00:00,4804,3421435,32x,300ms,25,64,0,5,40,36,100,38,11,6,4,2,129
2026-09-21T21:23:54.699172+00:00,4805,3422148,32x,300ms,25,64,0,5,41,36,100,38,11,5,4,2,128
2026-09-21T21:23:55.409652+00:00,4806,3422861,32x,300ms,25,64,1,5,41,36,100,38,11,6,4,2,128
2026-09-21T21:23:56.129189+00:00,4807,3423572,32x,300ms,25,64,1,5,41,36,100,38,11,6,4,2,129
2026-09-21T21:23:56.841232+00:00,4808,3424284,32x,300ms,25,64,1,5,40,36,100,38,11,6,4,2,128
2026-09-21T21:23:57.561738+00:00,4809,3424996,32x,300ms,25,64,1,5,41,36,100,38,11,6,4,2,128
2026-09-21T21:23:58.281599+00:00,4810,3425708,32x,300ms,25,64,1,5,40,36,100,38,11,5,4,2,128
2026-09-21T21:23:58.993919+00:00,4811,3426420,32x,300ms,25,64,0,5,41,36,100,38,11,6,4,2,129
2026-09-21T21:23:59.713236+00:00,4812,3427133,32x,300ms,25,64,0,5,41,36,100,38,11,5,4,2,129
2026-09-21T21:24:00.425211+00:00,4813,3427845,32x,300ms,25,64,0,5,41,36,100,38,11,6,4,2,128
2026-09-21T21:24:01.145842+00:00,4814,3428557,32x,300ms,25,64,0,5,41,36,100,38,11,5,4,2,129
2026-09-21T21:24:01.865378+00:00,4815,3429270,32x,300ms,25,64,0,5,40,36,100,38,11,6,4,2,129
2026-09-21T21:24:02.577856+00:00,4816,3429983,32x,300ms,25,64,1,5,40,36,100,38,11,6,4,2,128
2026-09-21T21:24:03.297214+00:00,4817,3430694,32x,300ms,25,64,1,5,40,36,100,38,11,5,4,2,129
2026-09-21T21:24:04.011420+00:00,4818,3431407,32x,300ms,25,64,1,5,40,36,100,38,11,6,4,2,128
2026-09-21T21:24:04.730238+00:00,4819,3432119,32x,300ms,25,64,1,5,40,36,100,38,11,6,4,2,128
2026-09-21T21:24:05.441233+00:00,4820,3432830,32x,300ms,25,64,1,5,40,36,100,38,11,6,4,2,128
2026-09-21T21:24:06.161442+00:00,4821,3433542,32x,300ms,25,64,0,5,40,36,100,38,11,5,4,2,128
2026-09-21T21:24:06.881185+00:00,4822,3434255,32x,300ms,25,64,0,5,41,36,100,38,11,6,4,2,128
2026-09-21T21:24:07.593351+00:00,4823,3434968,32x,300ms,25,64,0,5,41,36,100,38,11,6,4,2,128
2026-09-21T21:24:08.314056+00:00,4824,3435680,32x,300ms,25,64,0,5,41,36,100,38,11,6,4,2,128
2026-09-21T21:24:09.026105+00:00,4825,3436393,32x,300ms,25,64,0,5,41,36,100,38,11,6,4,2,129
2026-09-21T21:24:09.746314+00:00,4826,3437106,32x,300ms,25,64,1,5,40,36,100,38,11,5,4,2,128
2026-09-21T21:24:10.457142+00:00,4827,3437817,32x,300ms,25,64,1,5,41,36,100,38,11,6,4,2,129
2026-09-21T21:24:11.177053+00:00,4828,3438529,32x,300ms,25,64,1,5,41,36,100,38,11,6,4,2,129
2026-09-21T21:24:11.890380+00:00,4829,3439241,32x,300ms,25,64,1,5,40,36,100,38,11,6,4,2,129
2026-09-21T21:24:12.609044+00:00,4830,3439952,32x,300ms,25,64,1,5,41,36,100,38,11,6,4,2,129
2026-09-21T21:24:13.329700+00:00,4831,3440664,32x,300ms,25,64,0,5,40,36,100,38,11,6,4,2,129
2026-09-21T21:24:14.041011+00:00,4832,3441378,32x,300ms,25,64,0,5,40,36,100,38,11,6,4,2,129
2026-09-21T21:24:14.761279+00:00,4833,3442091,32x,300ms,25,64,0,5,40,36,100,38,11,6,4,2,128
2026-09-21T21:24:15.481237+00:00,4834,3442803,32x,300ms,25,64,0,5,41,36,100,38,11,6,4,2,128
2026-09-21T21:24:16.194062+00:00,4835,3443516,32x,300ms,25,64,0,5,40,36,100,38,11,6,4,2,128
2026-09-21T21:24:16.913550+00:00,4836,3444229,32x,300ms,25,64,1,5,41,36,100,38,11,6,4,2,128
2026-09-21T21:24:17.624996+00:00,4837,3444940,32x,300ms,25,64,1,5,40,36,100,38,11,6,4,2,129
2026-09-21T21:24:18.346145+00:00,4838,3445652,32x,300ms,25,64,1,5,40,36,100,38,11,6,4,2,128
2026-09-21T21:24:19.058571+00:00,4839,3446365,32x,300ms,25,64,1,5,40,36,100,38,11,6,4,2,129
2026-09-21T21:24:19.777300+00:00,4840,3447075,32x,300ms,25,64,1,5,40,36,100,38,11,6,4,2,128
2026-09-21T21:24:20.497333+00:00,4841,3447788,32x,300ms,25,64,0,5,40,36,100,38,11,6,4,2,129
2026-09-21T21:24:21.209479+00:00,4842,3448501,32x,300ms,25,64,0,5,40,36,100,38,11,6,4,2,129
2026-09-21T21:24:21.929626+00:00,4843,3449213,32x,300ms,25,64,0,5,41,36,100,38,11,6,4,2,128
2026-09-21T21:24:22.641349+00:00,4844,3449926,32x,300ms,25,64,0,5,41,36,100,38,11,6,4,2,129
2026-09-21T21:24:23.361404+00:00,4845,3450639,32x,300ms,25,64,0,5,40,36,100,38,11,6,4,2,128
2026-09-21T21:24:24.073087+00:00,4846,3451352,32x,300ms,25,64,1,5,41,36,100,38,11,5,4,2,128
2026-09-21T21:24:24.793722+00:00,4847,3452063,32x,300ms,25,64,1,5,41,36,100,38,11,6,4,2,129
2026-09-21T21:24:25.505446+00:00,4848,3452775,32x,300ms,25,64,1,5,40,36,100,38,11,5,4,2,128
2026-09-21T21:24:26.226352+00:00,4849,3453487,32x,300ms,25,64,1,5,41,36,100,38,11,6,4,2,128
2026-09-21T21:24:26.945793+00:00,4850,3454199,32x,300ms,25,64,1,5,41,36,100,38,11,6,4,2,129
2026-09-21T21:24:27.657132+00:00,4851,3454911,32x,300ms,25,64,0,5,40,36,100,38,11,6,4,2,129
2026-09-21T21:24:28.377749+00:00,4852,3455624,32x,300ms,25,64,0,5,40,36,100,38,11,6,4,2,128
2026-09-21T21:24:29.097860+00:00,4853,3456336,32x,300ms,25,64,0,5,41,36,100,38,11,6,4,2,128
2026-09-21T21:24:29.809039+00:00,4854,3457049,32x,300ms,25,64,0,5,40,36,100,38,11,6,4,2,128
2026-09-21T21:24:30.530092+00:00,4855,3457762,32x,300ms,25,64,0,5,40,36,100,38,11,6,4,2,128
2026-09-21T21:24:31.240795+00:00,4856,3458475,32x,300ms,25,64,1,5,40,36,100,38,11,6,4,2,128
2026-09-21T21:24:31.960855+00:00,4857,3459186,32x,300ms,25,64,1,5,41,36,100,38,11,6,4,2,128
2026-09-21T21:24:32.672885+00:00,4858,3459898,32x,300ms,25,64,1,5,41,36,100,38,11,6,4,2,129
2026-09-21T21:24:33.392976+00:00,4859,3460611,32x,300ms,25,64,1,5,40,36,100,38,11,6,4,2,128
2026-09-21T21:24:34.112914+00:00,4860,3461322,32x,300ms,25,64,1,5,41,36,100,38,11,6,4,2,129
2026-09-21T21:24:34.824817+00:00,4861,3462034,32x,300ms,25,64,0,5,41,36,100,38,11,6,4,2,128
2026-09-21T21:24:35.544908+00:00,4862,3462747,32x,300ms,25,64,0,5,41,36,100,38,11,6,4,2,129
2026-09-21T21:24:36.257526+00:00,4863,3463459,32x,300ms,25,64,0,5,41,36,100,38,11,6,4,2,129
2026-09-21T21:24:36.978691+00:00,4864,3464171,32x,300ms,25,64,0,5,40,36,100,38,11,6,4,2,128
2026-09-21T21:24:37.689642+00:00,4865,3464884,32x,300ms,25,64,0,5,40,36,100,38,11,6,4,2,128
2026-09-21T21:24:38.409779+00:00,4866,3465597,32x,300ms,25,64,1,5,40,36,100,38,11,6,4,2,128
2026-09-21T21:24:39.128977+00:00,4867,3466309,32x,300ms,25,64,1,5,41,36,100,38,11,6,4,2,129
2026-09-21T21:24:39.842825+00:00,4868,3467021,32x,300ms,25,64,1,5,40,36,100,38,11,6,4,2,129
2026-09-21T21:24:40.561295+00:00,4869,3467732,32x,300ms,25,64,1,5,40,36,100,38,11,6,4,2,130
2026-09-21T21:24:41.273367+00:00,4870,3468444,32x,300ms,25,64,1,5,40,36,100,38,11,6,4,2,129
2026-09-21T21:24:41.992937+00:00,4871,3469157,32x,300ms,25,64,0,5,40,36,100,38,11,5,4,2,129
2026-09-21T21:24:42.712651+00:00,4872,3469870,32x,300ms,25,64,0,5,40,36,100,38,11,6,4,2,129
2026-09-21T21:24:43.425229+00:00,4873,3470582,32x,300ms,25,64,0,5,40,36,100,38,11,5,4,2,129
2026-09-21T21:24:44.145367+00:00,4874,3471295,32x,300ms,25,64,0,5,40,36,100,38,11,6,4,2,129
2026-09-21T21:24:44.857387+00:00,4875,3472008,32x,300ms,25,64,0,5,40,36,100,38,11,6,4,2,129
2026-09-21T21:24:45.576912+00:00,4876,3472720,32x,300ms,25,64,1,5,40,36,100,38,11,6,4,2,129
2026-09-21T21:24:46.288829+00:00,4877,3473432,32x,300ms,25,64,1,5,40,36,100,38,11,5,4,2,129
2026-09-21T21:24:47.009910+00:00,4878,3474144,32x,300ms,25,64,1,5,40,36,100,38,11,6,4,2,129
2026-09-21T21:24:47.730237+00:00,4879,3474855,32x,300ms,25,64,1,5,40,36,100,38,11,6,4,2,129
2026-09-21T21:24:48.441809+00:00,4880,3475568,32x,300ms,25,64,1,5,40,36,100,38,11,6,4,2,129
2026-09-21T21:24:49.160636+00:00,4881,3476280,32x,300ms,25,64,0,5,40,36,100,38,11,6,4,2,129
2026-09-21T21:24:49.881718+00:00,4882,3476993,32x,300ms,25,64,0,5,40,36,100,38,11,5,4,2,129
2026-09-21T21:24:50.592691+00:00,4883,3477705,32x,300ms,25,64,0,5,40,36,100,38,11,6,4,2,129
2026-09-21T21:24:51.312757+00:00,4884,3478418,32x,300ms,25,64,0,5,40,36,100,38,11,5,4,2,129
2026-09-21T21:24:52.025751+00:00,4885,3479131,32x,300ms,25,64,0,5,40,36,100,38,11,5,4,2,129
2026-09-21T21:24:52.747153+00:00,4886,3479843,32x,300ms,25,64,1,5,41,36,100,38,11,6,4,2,129
2026-09-21T21:24:53.456696+00:00,4887,3480555,32x,300ms,25,64,1,5,40,36,100,38,11,6,4,2,129
2026-09-21T21:24:54.177025+00:00,4888,3481267,32x,300ms,25,64,1,5,40,36,100,38,11,6,4,2,129
2026-09-21T21:24:54.889566+00:00,4889,3481979,32x,300ms,25,64,1,5,40,36,100,38,11,6,4,2,129
2026-09-21T21:24:55.609243+00:00,4890,3482691,32x,300ms,25,64,1,5,40,36,100,38,11,5,4,2,129
2026-09-21T21:24:56.329489+00:00,4891,3483403,32x,300ms,25,64,0,5,40,36,100,38,11,6,4,2,129
