received_at,sequence,millis,gain,integration_time,pwm_percent,pwm_raw,page,415,445,480,515,555,590,630,680,nir,clear
2026-09-15T20:36:22.606070+00:00,3,2134,128x,300ms,25,64,0,86,835,650,1715,617,204,110,84,49,1965
2026-09-15T20:36:23.326261+00:00,4,2856,128x,300ms,25,64,0,86,835,650,1714,617,204,110,84,48,1965
2026-09-15T20:36:24.046364+00:00,5,3578,128x,300ms,25,64,0,86,835,650,1713,617,204,110,84,48,1965
2026-09-15T20:36:24.773913+00:00,6,4300,128x,300ms,25,64,1,86,835,650,1715,617,203,110,84,49,1964
2026-09-15T20:36:25.493969+00:00,7,5022,128x,300ms,25,64,1,86,835,650,1715,617,204,110,84,48,1964
2026-09-15T20:36:26.213400+00:00,8,5745,128x,300ms,25,64,1,86,835,650,1714,617,204,110,84,48,1965
2026-09-15T20:36:26.934443+00:00,9,6467,128x,300ms,25,64,1,86,834,650,1715,617,203,109,84,49,1964
2026-09-15T20:36:27.662320+00:00,10,7189,128x,300ms,25,64,1,86,835,649,1715,617,204,110,84,48,1964
2026-09-15T20:36:28.384114+00:00,11,7912,128x,300ms,25,64,0,86,835,650,1715,617,204,110,84,48,1965
2026-09-15T20:36:29.102549+00:00,12,8634,128x,300ms,25,64,0,86,835,650,1714,617,204,110,84,48,1964
2026-09-15T20:36:29.822083+00:00,13,9356,128x,300ms,25,64,0,86,835,650,1714,617,204,110,84,48,1963
2026-09-15T20:36:30.541511+00:00,14,10079,128x,300ms,25,64,0,86,834,649,1714,617,204,110,84,49,1963
2026-09-15T20:36:31.270388+00:00,15,10801,128x,300ms,25,64,0,86,834,649,1714,617,203,110,84,48,1964
2026-09-15T20:36:31.989395+00:00,16,11523,128x,300ms,25,64,1,86,835,650,1715,614,204,111,86,49,1997
2026-09-15T20:36:32.710150+00:00,17,12244,128x,300ms,25,64,1,95,1000,730,1685,601,201,112,90,48,2059
2026-09-15T20:36:33.431222+00:00,18,12967,128x,300ms,25,64,1,33,404,242,468,384,127,67,51,28,1192
2026-09-15T20:36:34.150307+00:00,19,13689,128x,300ms,25,64,1,74,649,563,1630,555,182,95,70,43,1634
2026-09-15T20:36:34.870046+00:00,20,14411,128x,300ms,25,64,1,75,670,561,1597,611,204,111,86,48,1983
2026-09-15T20:36:35.590099+00:00,21,15133,128x,300ms,25,64,0,37,420,270,580,10,4,1,1,0,43
2026-09-15T20:36:36.309429+00:00,22,15854,128x,300ms,25,64,0,1,43,20,5,10,5,2,1,0,44
2026-09-15T20:36:37.029333+00:00,23,16572,128x,300ms,25,64,0,1,43,20,6,11,5,2,1,0,45
2026-09-15T20:36:37.743091+00:00,24,17290,128x,300ms,25,64,0,1,44,20,5,11,5,2,0,0,45
2026-09-15T20:36:38.461547+00:00,25,18008,128x,300ms,25,64,0,1,43,20,6,10,5,2,1,0,44
2026-09-15T20:36:39.182406+00:00,26,18725,128x,300ms,25,64,1,1,44,20,5,10,5,2,1,0,45
2026-09-15T20:36:39.893540+00:00,27,19443,128x,300ms,25,64,1,1,43,20,5,11,5,2,1,0,45
2026-09-15T20:36:40.615159+00:00,28,20161,128x,300ms,25,64,1,1,43,20,5,10,5,2,1,0,45
2026-09-15T20:36:41.325379+00:00,29,20879,128x,300ms,25,64,1,2,43,20,5,11,5,2,1,0,45
2026-09-15T20:36:42.053695+00:00,30,21597,128x,300ms,25,64,1,1,43,20,5,10,5,2,1,0,45
2026-09-15T20:36:42.765761+00:00,31,22313,128x,300ms,25,64,0,1,43,20,5,11,5,2,1,0,45
2026-09-15T20:36:43.485572+00:00,32,23031,128x,300ms,25,64,0,1,44,20,5,11,5,2,1,0,45
2026-09-15T20:36:44.198494+00:00,33,23749,128x,300ms,25,64,0,1,43,20,5,10,5,2,1,0,45
2026-09-15T20:36:44.917565+00:00,34,24468,128x,300ms,25,64,0,1,43,20,5,11,5,2,1,0,45
2026-09-15T20:36:45.638122+00:00,35,25185,128x,300ms,25,64,0,1,43,21,5,11,5,2,1,0,44
2026-09-15T20:36:46.350274+00:00,36,25903,128x,300ms,25,64,1,1,43,20,5,11,5,2,1,0,45
2026-09-15T20:36:47.071740+00:00,37,26620,128x,300ms,25,64,1,2,43,20,5,11,5,2,1,0,45
2026-09-15T20:36:47.789506+00:00,38,27338,128x,300ms,25,64,1,1,43,20,5,11,5,1,1,0,45
2026-09-15T20:36:48.502246+00:00,39,28056,128x,300ms,25,64,1,1,43,20,5,10,5,2,1,0,45
2026-09-15T20:36:49.230434+00:00,40,28774,128x,300ms,25,64,1,1,43,20,5,10,4,1,1,0,43
2026-09-15T20:36:49.950168+00:00,41,29491,128x,300ms,25,64,0,1,43,19,4,9,3,1,0,0,41
2026-09-15T20:36:50.669523+00:00,42,30209,128x,300ms,25,64,0,68,580,481,1460,546,180,94,67,42,1572
2026-09-15T20:36:51.389215+00:00,43,30930,128x,300ms,25,64,0,67,537,472,1514,545,180,94,67,42,1572
2026-09-15T20:36:52.109360+00:00,44,31652,128x,300ms,25,64,0,67,537,472,1514,545,180,94,67,42,1572
2026-09-15T20:36:52.829337+00:00,45,32374,128x,300ms,25,64,0,67,538,472,1514,545,180,94,67,41,1572
2026-09-15T20:36:53.550466+00:00,46,33097,128x,300ms,25,64,1,67,537,472,1514,545,180,94,67,42,1571
2026-09-15T20:36:54.277877+00:00,47,33818,128x,300ms,25,64,1,67,538,471,1513,545,180,94,67,41,1572
2026-09-15T20:36:54.997343+00:00,48,34540,128x,300ms,25,64,1,67,538,471,1513,544,180,93,67,42,1571
2026-09-15T20:36:55.717270+00:00,49,35262,128x,300ms,25,64,1,67,538,471,1513,545,180,94,66,42,1571
2026-09-15T20:36:56.437795+00:00,50,35984,128x,300ms,25,64,1,67,538,472,1513,545,180,94,66,42,1571
2026-09-15T20:36:57.157222+00:00,51,36706,128x,300ms,25,64,0,67,538,471,1513,545,180,94,67,42,1570
2026-09-15T20:36:57.886159+00:00,52,37428,128x,300ms,25,64,0,67,538,471,1512,544,180,94,66,42,1569
2026-09-15T20:36:58.605729+00:00,53,38150,128x,300ms,25,64,0,66,534,468,1503,577,188,98,73,44,1717
2026-09-15T20:36:59.325878+00:00,54,38873,128x,300ms,25,64,0,67,544,472,1492,539,174,91,66,40,1572
2026-09-15T20:37:00.045811+00:00,55,39595,128x,300ms,25,64,0,66,536,478,1511,540,174,91,65,41,1559
2026-09-15T20:37:00.766069+00:00,56,40316,128x,300ms,25,64,1,66,539,479,1509,539,174,90,65,41,1561
2026-09-15T20:37:01.493282+00:00,57,41038,128x,300ms,25,64,1,66,539,479,1508,539,174,90,65,41,1561
2026-09-15T20:37:02.213658+00:00,58,41760,128x,300ms,25,64,1,66,540,479,1509,540,174,90,65,41,1562
2026-09-15T20:37:02.933332+00:00,59,42482,128x,300ms,25,64,1,66,539,480,1509,539,174,90,65,41,1561
2026-09-15T20:37:03.654644+00:00,60,43204,128x,300ms,25,64,1,66,540,479,1509,539,175,91,65,41,1562
2026-09-15T20:37:04.381942+00:00,61,43925,128x,300ms,25,64,0,66,540,479,1509,539,174,91,65,41,1562
2026-09-15T20:37:05.102136+00:00,62,44648,128x,300ms,25,64,0,66,540,479,1509,539,175,90,66,41,1561
2026-09-15T20:37:05.822995+00:00,63,45371,128x,300ms,25,64,0,66,540,480,1509,539,174,90,65,41,1562
2026-09-15T20:37:06.541819+00:00,64,46094,128x,300ms,25,64,0,66,540,479,1509,537,174,90,65,41,1554
2026-09-15T20:37:07.269866+00:00,65,46816,128x,300ms,25,64,0,65,528,468,1476,524,169,88,63,40,1510
2026-09-15T20:37:07.990242+00:00,66,47539,128x,300ms,25,64,1,65,536,474,1495,540,174,90,66,41,1554
2026-09-15T20:37:08.717696+00:00,67,48261,128x,300ms,25,64,1,66,541,479,1510,540,175,91,65,41,1554
2026-09-15T20:37:08.750344+00:00,68,48982,128x,300ms,25,64,1,66,541,479,1511,392,127,67,47,29,1099
2026-09-15T20:37:09.477606+00:00,69,49703,128x,300ms,25,64,1,248,659,790,812,8487,8971,6157,2585,1521,21583
2026-09-15T20:37:10.205658+00:00,70,50429,128x,300ms,25,64,1,1274,3234,3897,3865,9236,8543,6895,2666,2056,23556
2026-09-15T20:37:10.925490+00:00,71,51156,128x,300ms,25,64,0,1308,3568,3955,3982,9400,8881,6897,2725,2086,24027
2026-09-15T20:37:11.653289+00:00,72,51884,128x,300ms,25,64,0,1340,3539,4070,4080,9405,9061,6837,2734,2092,24486
2026-09-15T20:37:12.381262+00:00,73,52610,128x,300ms,25,64,0,1358,3503,4130,4139,9385,9177,6823,2738,2116,24861
2026-09-15T20:37:13.110058+00:00,74,53336,128x,300ms,25,64,0,1388,3436,4206,4222,9149,9231,6717,2693,1882,23921
2026-09-15T20:37:14.518412+00:00,75,54062,128x,300ms,25,64,0,1349,3290,4146,4108,7665,7402,6120,2333,2050,22820
2026-09-15T20:37:15.237291+00:00,76,54788,128x,300ms,25,64,1,235,667,783,752,416,308,346,136,325,1770
2026-09-15T20:37:15.957518+00:00,77,55512,128x,300ms,25,64,1,32,234,222,753,487,156,84,56,31,951
2026-09-15T20:37:16.678142+00:00,78,56232,128x,300ms,25,64,1,65,535,474,1518,548,177,92,66,40,1449
2026-09-15T20:37:17.405187+00:00,79,56954,128x,300ms,25,64,1,69,561,499,1568,555,179,93,68,43,1659
2026-09-15T20:37:18.125415+00:00,80,57676,128x,300ms,25,64,1,67,546,484,1530,545,176,91,66,42,1610
2026-09-15T20:37:18.845858+00:00,81,58398,128x,300ms,25,64,0,66,545,484,1529,545,176,92,66,42,1607
2026-09-15T20:37:19.573861+00:00,82,59120,128x,300ms,25,64,0,66,545,483,1528,545,176,91,66,42,1602
2026-09-15T20:37:20.293590+00:00,83,59843,128x,300ms,25,64,0,66,544,482,1527,545,176,92,66,41,1589
2026-09-15T20:37:21.013416+00:00,84,60566,128x,300ms,25,64,0,67,545,483,1527,544,176,92,66,42,1626
2026-09-15T20:37:21.734325+00:00,85,61288,128x,300ms,25,64,0,66,544,483,1526,545,176,92,66,42,1594
2026-09-15T20:37:22.454753+00:00,86,62011,128x,300ms,25,64,1,66,546,484,1530,545,176,92,66,42,1593
2026-09-15T20:37:23.183024+00:00,87,62733,128x,300ms,25,64,1,67,546,484,1530,546,176,92,66,41,1593
2026-09-15T20:37:23.902341+00:00,88,63454,128x,300ms,25,64,1,67,546,484,1529,546,176,92,66,42,1594
2026-09-15T20:37:24.622026+00:00,89,64176,128x,300ms,25,64,1,67,546,484,1530,546,176,92,66,42,1593
2026-09-15T20:37:25.341417+00:00,90,64898,128x,300ms,25,64,1,67,546,484,1530,547,177,92,66,42,1593
2026-09-15T20:37:26.070489+00:00,91,65619,128x,300ms,25,64,0,67,547,484,1529,546,176,92,66,41,1594
2026-09-15T20:37:26.789267+00:00,92,66342,128x,300ms,25,64,0,67,547,484,1530,546,176,92,66,42,1593
2026-09-15T20:37:27.510313+00:00,93,67064,128x,300ms,25,64,0,67,546,484,1530,546,176,92,66,41,1593
2026-09-15T20:37:28.230154+00:00,94,67787,128x,300ms,25,64,0,66,547,484,1531,546,176,92,66,42,1593
2026-09-15T20:37:28.949352+00:00,95,68509,128x,300ms,25,64,0,66,546,485,1531,547,176,92,66,42,1593
2026-09-15T20:37:29.670841+00:00,96,69231,128x,300ms,25,64,1,66,547,484,1530,546,177,92,66,41,1593
2026-09-15T20:37:30.397933+00:00,97,69953,128x,300ms,25,64,1,67,547,485,1530,546,176,92,66,42,1593
2026-09-15T20:37:31.117496+00:00,98,70675,128x,300ms,25,64,1,67,547,484,1531,546,176,92,66,41,1593
2026-09-15T20:37:31.838539+00:00,99,71397,128x,300ms,25,64,1,66,547,484,1530,546,176,92,66,42,1594
2026-09-15T20:37:32.557221+00:00,100,72119,128x,300ms,25,64,1,67,547,484,1530,546,176,92,67,42,1592
2026-09-15T20:37:33.285229+00:00,101,72841,128x,300ms,25,64,0,67,547,484,1531,546,176,92,66,42,1593
2026-09-15T20:37:34.005415+00:00,102,73563,128x,300ms,25,64,0,67,547,484,1530,546,176,92,66,42,1592
2026-09-15T20:37:34.725138+00:00,103,74286,128x,300ms,25,64,0,67,547,484,1530,546,176,92,66,42,1593
2026-09-15T20:37:35.445702+00:00,104,75008,128x,300ms,25,64,0,67,547,484,1530,546,176,92,66,42,1593
2026-09-15T20:37:36.174007+00:00,105,75730,128x,300ms,25,64,0,66,547,484,1530,546,176,92,66,42,1593
2026-09-15T20:37:36.893805+00:00,106,76452,128x,300ms,25,64,1,67,546,484,1530,546,176,92,66,42,1593
2026-09-15T20:37:37.613957+00:00,107,77175,128x,300ms,25,64,1,66,547,484,1530,546,176,92,66,42,1594
2026-09-15T20:37:38.333965+00:00,108,77897,128x,300ms,25,64,1,67,547,485,1530,546,176,92,66,42,1593
2026-09-15T20:37:39.054442+00:00,109,78619,128x,300ms,25,64,1,67,547,484,1530,546,177,91,66,41,1593
2026-09-15T20:37:39.781560+00:00,110,79340,128x,300ms,25,64,1,67,547,484,1530,546,176,92,66,41,1592
2026-09-15T20:37:40.501982+00:00,111,80063,128x,300ms,25,64,0,67,547,485,1530,547,176,92,66,42,1593
2026-09-15T20:37:41.221491+00:00,112,80785,128x,300ms,25,64,0,67,547,485,1530,547,176,92,66,41,1593
2026-09-15T20:37:41.949827+00:00,113,81508,128x,300ms,25,64,0,67,547,485,1530,546,176,92,66,42,1592
2026-09-15T20:37:42.669369+00:00,114,82230,128x,300ms,25,64,0,67,547,485,1530,547,176,92,66,42,1592
2026-09-15T20:37:43.390170+00:00,115,82953,128x,300ms,25,64,0,67,547,484,1530,546,176,92,66,41,1593
2026-09-15T20:37:44.110325+00:00,116,83675,128x,300ms,25,64,1,67,547,484,1530,546,176,92,66,42,1592
2026-09-15T20:37:44.830045+00:00,117,84397,128x,300ms,25,64,1,67,547,484,1530,546,176,91,66,42,1591
2026-09-15T20:37:45.557284+00:00,118,85118,128x,300ms,25,64,1,67,547,484,1530,546,176,92,66,41,1593
2026-09-15T20:37:46.277635+00:00,119,85840,128x,300ms,25,64,1,67,547,484,1530,546,176,92,66,42,1592
2026-09-15T20:37:46.997997+00:00,120,86562,128x,300ms,25,64,1,67,547,484,1529,546,177,92,66,42,1592
2026-09-15T20:37:47.725380+00:00,121,87284,128x,300ms,25,64,0,66,547,484,1530,546,176,92,66,41,1592
2026-09-15T20:37:48.445215+00:00,122,88007,128x,300ms,25,64,0,67,547,484,1529,546,176,92,66,41,1592
2026-09-15T20:37:49.165130+00:00,123,88730,128x,300ms,25,64,0,66,547,484,1529,546,176,92,66,42,1592
2026-09-15T20:37:49.886044+00:00,124,89452,128x,300ms,25,64,0,67,547,484,1530,546,176,92,67,42,1592
2026-09-15T20:37:50.613771+00:00,125,90175,128x,300ms,25,64,0,66,547,484,1529,546,176,92,66,42,1593
2026-09-15T20:37:51.333505+00:00,126,90897,128x,300ms,25,64,1,67,547,484,1528,546,176,92,66,42,1592
2026-09-15T20:37:52.053411+00:00,127,91619,128x,300ms,25,64,1,66,547,484,1529,546,176,92,66,42,1591
2026-09-15T20:37:52.774041+00:00,128,92342,128x,300ms,25,64,1,67,547,484,1529,546,176,92,66,42,1592
2026-09-15T20:37:53.493427+00:00,129,93064,128x,300ms,25,64,1,66,547,484,1529,546,176,92,66,42,1592
2026-09-15T20:37:54.221405+00:00,130,93786,128x,300ms,25,64,1,67,548,484,1529,546,176,92,66,42,1592
2026-09-15T20:37:54.941721+00:00,131,94508,128x,300ms,25,64,0,67,547,484,1529,546,176,92,66,42,1592
2026-09-15T20:37:55.661360+00:00,132,95230,128x,300ms,25,64,0,67,547,485,1529,546,177,92,66,42,1592
2026-09-15T20:37:56.390569+00:00,133,95952,128x,300ms,25,64,0,67,547,484,1529,546,176,92,66,42,1592
2026-09-15T20:37:57.110220+00:00,134,96675,128x,300ms,25,64,0,67,547,484,1529,546,176,92,66,41,1592
2026-09-15T20:37:57.830405+00:00,135,97397,128x,300ms,25,64,0,67,547,484,1528,546,176,92,66,41,1592
2026-09-15T20:37:58.550213+00:00,136,98120,128x,300ms,25,64,1,67,547,484,1529,546,176,92,66,41,1591
2026-09-15T20:37:59.271354+00:00,137,98841,128x,300ms,25,64,1,67,547,484,1529,546,176,92,66,41,1592
2026-09-15T20:37:59.997179+00:00,138,99563,128x,300ms,25,64,1,67,547,484,1528,546,176,92,66,42,1592
2026-09-15T20:38:00.717185+00:00,139,100286,128x,300ms,25,64,1,67,547,484,1529,546,176,92,66,41,1591
2026-09-15T20:38:01.437406+00:00,140,101008,128x,300ms,25,64,1,67,547,484,1529,547,176,92,66,42,1592
2026-09-15T20:38:02.166031+00:00,141,101730,128x,300ms,25,64,0,67,547,484,1529,546,176,92,66,42,1592
2026-09-15T20:38:02.885700+00:00,142,102453,128x,300ms,25,64,0,67,547,484,1529,546,176,92,66,42,1591
2026-09-15T20:38:03.605752+00:00,143,103176,128x,300ms,25,64,0,67,547,484,1529,546,177,92,66,42,1590
2026-09-15T20:38:04.325956+00:00,144,103898,128x,300ms,25,64,0,67,547,484,1528,546,176,92,67,42,1592
2026-09-15T20:38:05.053477+00:00,145,104621,128x,300ms,25,64,0,67,547,484,1528,546,176,92,66,42,1592
2026-09-15T20:38:05.774475+00:00,146,105342,128x,300ms,25,64,1,67,547,484,1529,546,176,92,66,42,1592
2026-09-15T20:38:06.493450+00:00,147,106065,128x,300ms,25,64,1,66,547,484,1528,546,176,92,66,42,1592
2026-09-15T20:38:07.213832+00:00,148,106787,128x,300ms,25,64,1,67,547,484,1529,546,176,92,66,41,1592
2026-09-15T20:38:07.941787+00:00,149,107509,128x,300ms,25,64,1,67,547,484,1528,547,177,92,66,42,1592
2026-09-15T20:38:08.661078+00:00,150,108231,128x,300ms,25,64,1,67,547,484,1529,546,176,92,66,42,1592
2026-09-15T20:38:09.381708+00:00,151,108953,128x,300ms,25,64,0,67,547,484,1528,546,176,92,66,42,1592
2026-09-15T20:38:10.109957+00:00,152,109676,128x,300ms,25,64,0,66,547,484,1528,546,176,92,66,42,1592
2026-09-15T20:38:10.829954+00:00,153,110399,128x,300ms,25,64,0,67,547,484,1529,546,176,92,66,41,1591
2026-09-15T20:38:11.550394+00:00,154,111121,128x,300ms,25,64,0,66,547,483,1528,546,176,92,66,42,1591
2026-09-15T20:38:12.277354+00:00,155,111844,128x,300ms,25,64,0,66,547,484,1528,546,176,92,66,42,1592
2026-09-15T20:38:12.997151+00:00,156,112567,128x,300ms,25,64,1,67,547,484,1528,546,176,92,66,42,1591
2026-09-15T20:38:13.718303+00:00,157,113289,128x,300ms,25,64,1,67,547,484,1527,546,176,92,66,41,1592
2026-09-15T20:38:14.437349+00:00,158,114011,128x,300ms,25,64,1,67,547,483,1528,546,176,92,66,42,1592
2026-09-15T20:38:15.165492+00:00,159,114734,128x,300ms,25,64,1,67,547,484,1528,546,176,92,66,41,1591
2026-09-15T20:38:15.885737+00:00,160,115454,128x,300ms,25,64,1,67,547,484,1529,546,176,92,66,42,1592
2026-09-15T20:38:16.605788+00:00,161,116177,128x,300ms,25,64,0,67,548,484,1529,546,176,92,66,41,1591
2026-09-15T20:38:17.327064+00:00,162,116900,128x,300ms,25,64,0,67,547,484,1529,546,176,92,66,42,1591
2026-09-15T20:38:18.053698+00:00,163,117622,128x,300ms,25,64,0,67,547,484,1528,546,176,92,66,41,1591
2026-09-15T20:38:18.774165+00:00,164,118345,128x,300ms,25,64,0,67,547,484,1529,546,176,92,66,42,1591
2026-09-15T20:38:19.493979+00:00,165,119067,128x,300ms,25,64,0,67,547,484,1528,546,176,92,66,42,1591
2026-09-15T20:38:20.213294+00:00,166,119790,128x,300ms,25,64,1,67,547,484,1528,546,176,92,66,42,1592
2026-09-15T20:38:20.942002+00:00,167,120512,128x,300ms,25,64,1,67,547,484,1528,546,176,92,66,42,1592
2026-09-15T20:38:21.661636+00:00,168,121235,128x,300ms,25,64,1,67,547,484,1528,546,176,92,66,41,1591
2026-09-15T20:38:22.381241+00:00,169,121957,128x,300ms,25,64,1,67,547,484,1527,546,176,92,66,42,1592
2026-09-15T20:38:23.101849+00:00,170,122679,128x,300ms,25,64,1,67,547,484,1528,546,176,92,66,42,1591
2026-09-15T20:38:23.822990+00:00,171,123401,128x,300ms,25,64,0,67,547,484,1528,546,176,92,66,41,1592
2026-09-15T20:38:24.550387+00:00,172,124124,128x,300ms,25,64,0,66,547,484,1528,546,176,92,66,41,1591
2026-09-15T20:38:25.271528+00:00,173,124847,128x,300ms,25,64,0,67,547,484,1528,546,176,92,66,42,1590
2026-09-15T20:38:25.990428+00:00,174,125569,128x,300ms,25,64,0,67,547,483,1528,546,176,92,66,42,1592
2026-09-15T20:38:26.710072+00:00,175,126291,128x,300ms,25,64,0,67,547,484,1528,546,177,92,66,42,1591
2026-09-15T20:38:27.437698+00:00,176,127013,128x,300ms,25,64,1,67,547,484,1528,546,176,92,66,42,1591
2026-09-15T20:38:28.157186+00:00,177,127735,128x,300ms,25,64,1,67,547,484,1528,546,176,92,66,42,1592
2026-09-15T20:38:28.877500+00:00,178,128458,128x,300ms,25,64,1,66,547,484,1528,546,176,92,66,42,1591
2026-09-15T20:38:29.597346+00:00,179,129180,128x,300ms,25,64,1,67,547,484,1528,546,176,92,66,42,1591
2026-09-15T20:38:30.317571+00:00,180,129902,128x,300ms,25,64,1,67,547,484,1528,546,176,92,66,42,1591
2026-09-15T20:38:31.045320+00:00,181,130624,128x,300ms,25,64,0,66,547,484,1528,546,177,92,66,42,1591
2026-09-15T20:38:31.765748+00:00,182,131347,128x,300ms,25,64,0,66,547,483,1527,545,176,92,66,41,1591
2026-09-15T20:38:32.486350+00:00,183,132069,128x,300ms,25,64,0,67,547,484,1528,546,176,92,66,41,1590
2026-09-15T20:38:33.213092+00:00,184,132792,128x,300ms,25,64,0,67,547,484,1527,546,176,92,66,42,1590
2026-09-15T20:38:33.933402+00:00,185,133515,128x,300ms,25,64,0,67,547,484,1528,547,176,92,66,42,1591
2026-09-15T20:38:34.653150+00:00,186,134237,128x,300ms,25,64,1,67,547,484,1528,546,176,92,66,42,1591
2026-09-15T20:38:35.373504+00:00,187,134959,128x,300ms,25,64,1,67,547,484,1528,546,176,91,66,42,1591
2026-09-15T20:38:36.093893+00:00,188,135681,128x,300ms,25,64,1,67,547,484,1528,546,176,92,66,42,1591
2026-09-15T20:38:36.821358+00:00,189,136402,128x,300ms,25,64,1,67,547,484,1528,546,176,92,66,42,1591
2026-09-15T20:38:37.541961+00:00,190,137124,128x,300ms,25,64,1,67,547,484,1528,546,176,92,66,42,1590
2026-09-15T20:38:38.261761+00:00,191,137847,128x,300ms,25,64,0,67,547,484,1529,546,177,92,66,42,1591
2026-09-15T20:38:38.989921+00:00,192,138569,128x,300ms,25,64,0,67,547,484,1528,546,176,92,66,42,1591
2026-09-15T20:38:39.709086+00:00,193,139292,128x,300ms,25,64,0,67,547,484,1528,546,177,92,66,41,1592
2026-09-15T20:38:40.429418+00:00,194,140015,128x,300ms,25,64,0,67,547,483,1528,546,177,92,66,42,1591
2026-09-15T20:38:41.150399+00:00,195,140737,128x,300ms,25,64,0,67,547,484,1528,546,176,92,66,42,1591
2026-09-15T20:38:41.877083+00:00,196,141460,128x,300ms,25,64,1,67,547,484,1528,546,176,92,67,41,1591
2026-09-15T20:38:42.597192+00:00,197,142182,128x,300ms,25,64,1,67,547,484,1528,546,176,92,66,42,1591
2026-09-15T20:38:43.318319+00:00,198,142904,128x,300ms,25,64,1,67,547,484,1529,546,176,92,66,42,1592
2026-09-15T20:38:44.037874+00:00,199,143626,128x,300ms,25,64,1,67,547,484,1528,546,176,92,66,42,1592
2026-09-15T20:38:44.765309+00:00,200,144349,128x,300ms,25,64,1,67,547,483,1529,546,177,92,66,42,1591
2026-09-15T20:38:45.485290+00:00,201,145070,128x,300ms,25,64,0,67,547,484,1528,546,176,92,66,41,1592
2026-09-15T20:38:46.205302+00:00,202,145793,128x,300ms,25,64,0,67,547,484,1528,546,176,92,66,42,1591
2026-09-15T20:38:46.933852+00:00,203,146515,128x,300ms,25,64,0,67,547,484,1528,546,176,92,66,42,1592
2026-09-15T20:38:47.653879+00:00,204,147237,128x,300ms,25,64,0,66,547,483,1527,546,176,92,67,42,1591
2026-09-15T20:38:48.373069+00:00,205,147960,128x,300ms,25,64,0,66,547,484,1528,546,176,92,66,42,1592
2026-09-15T20:38:49.094538+00:00,206,148683,128x,300ms,25,64,1,66,547,484,1529,546,176,92,66,42,1591
2026-09-15T20:38:49.813075+00:00,207,149405,128x,300ms,25,64,1,67,547,483,1528,546,176,92,66,42,1591
2026-09-15T20:38:50.541454+00:00,208,150127,128x,300ms,25,64,1,67,547,484,1529,546,176,92,66,42,1592
2026-09-15T20:38:51.261063+00:00,209,150849,128x,300ms,25,64,1,67,547,484,1528,546,176,92,66,42,1592
2026-09-15T20:38:51.980928+00:00,210,151571,128x,300ms,25,64,1,66,547,484,1529,546,177,92,66,41,1592
2026-09-15T20:38:52.710329+00:00,211,152293,128x,300ms,25,64,0,67,548,484,1528,546,176,92,67,42,1592
2026-09-15T20:38:53.429055+00:00,212,153016,128x,300ms,25,64,0,66,547,484,1528,546,176,92,66,41,1591
2026-09-15T20:38:54.149752+00:00,213,153739,128x,300ms,25,64,0,67,547,484,1529,546,176,92,66,42,1592
2026-09-15T20:38:54.877140+00:00,214,154462,128x,300ms,25,64,0,67,547,483,1528,546,176,92,66,41,1592
2026-09-15T20:38:55.597969+00:00,215,155185,128x,300ms,25,64,0,67,547,484,1528,546,176,92,67,42,1591
2026-09-15T20:38:56.317008+00:00,216,155907,128x,300ms,25,64,1,67,547,483,1528,546,176,92,66,42,1591
2026-09-15T20:38:57.037264+00:00,217,156628,128x,300ms,25,64,1,67,547,483,1528,546,176,92,66,42,1592
2026-09-15T20:38:57.757052+00:00,218,157351,128x,300ms,25,64,1,67,547,484,1528,546,176,92,67,41,1592
2026-09-15T20:38:58.485653+00:00,219,158072,128x,300ms,25,64,1,67,547,483,1528,546,176,92,66,42,1590
2026-09-15T20:38:59.205232+00:00,220,158795,128x,300ms,25,64,1,67,547,484,1528,546,176,92,66,41,1591
2026-09-15T20:38:59.925373+00:00,221,159517,128x,300ms,25,64,0,67,547,483,1528,546,177,92,66,42,1591
2026-09-15T20:39:00.654396+00:00,222,160239,128x,300ms,25,64,0,67,547,484,1528,546,176,92,66,42,1592
2026-09-15T20:39:01.373809+00:00,223,160962,128x,300ms,25,64,0,67,547,484,1528,546,176,92,66,42,1590
2026-09-15T20:39:02.093003+00:00,224,161685,128x,300ms,25,64,0,66,547,483,1528,546,176,92,66,42,1592
2026-09-15T20:39:02.822068+00:00,225,162407,128x,300ms,25,64,0,67,547,484,1528,546,176,92,66,42,1591
2026-09-15T20:39:03.541039+00:00,226,163130,128x,300ms,25,64,1,67,547,484,1528,546,176,92,66,42,1591
2026-09-15T20:39:04.261526+00:00,227,163852,128x,300ms,25,64,1,67,547,483,1528,546,176,92,66,42,1591
2026-09-15T20:39:04.981286+00:00,228,164574,128x,300ms,25,64,1,67,547,483,1528,546,176,92,66,42,1591
2026-09-15T20:39:05.701489+00:00,229,165296,128x,300ms,25,64,1,67,547,483,1528,546,176,92,66,42,1592
2026-09-15T20:39:06.429264+00:00,230,166019,128x,300ms,25,64,1,67,547,483,1529,546,176,92,66,42,1591
2026-09-15T20:39:07.149212+00:00,231,166740,128x,300ms,25,64,0,67,547,484,1528,546,176,92,66,41,1592
2026-09-15T20:39:07.869676+00:00,232,167462,128x,300ms,25,64,0,67,547,484,1528,546,176,92,66,41,1592
2026-09-15T20:39:08.589305+00:00,233,168185,128x,300ms,25,64,0,67,547,484,1529,546,176,92,66,41,1592
2026-09-15T20:39:09.317021+00:00,234,168908,128x,300ms,25,64,0,67,547,483,1529,546,176,92,66,41,1591
2026-09-15T20:39:10.037236+00:00,235,169630,128x,300ms,25,64,0,67,547,483,1529,546,176,92,66,41,1592
2026-09-15T20:39:10.756949+00:00,236,170353,128x,300ms,25,64,1,67,547,483,1528,546,176,92,66,42,1592
2026-09-15T20:39:11.478028+00:00,237,171076,128x,300ms,25,64,1,67,547,483,1528,546,176,92,67,42,1592
2026-09-15T20:39:12.205281+00:00,238,171798,128x,300ms,25,64,1,66,547,484,1528,546,176,92,66,42,1592
2026-09-15T20:39:12.925006+00:00,239,172520,128x,300ms,25,64,1,67,547,484,1529,546,176,92,66,41,1592
2026-09-15T20:39:13.646164+00:00,240,173242,128x,300ms,25,64,1,67,547,483,1528,546,177,92,66,42,1591
2026-09-15T20:39:14.364932+00:00,241,173964,128x,300ms,25,64,0,67,547,483,1528,546,176,92,66,41,1591
2026-09-15T20:39:15.093165+00:00,242,174687,128x,300ms,25,64,0,67,547,484,1528,546,176,92,66,42,1592
2026-09-15T20:39:15.813783+00:00,243,175409,128x,300ms,25,64,0,67,547,484,1529,546,176,92,66,42,1592
2026-09-15T20:39:16.533801+00:00,244,176132,128x,300ms,25,64,0,67,547,483,1528,546,177,92,66,42,1592
2026-09-15T20:39:17.253142+00:00,245,176855,128x,300ms,25,64,0,67,547,483,1529,546,177,92,66,41,1591
2026-09-15T20:39:17.980911+00:00,246,177576,128x,300ms,25,64,1,66,547,484,1529,546,177,92,67,42,1592
2026-09-15T20:39:18.702137+00:00,247,178298,128x,300ms,25,64,1,67,547,484,1529,547,177,92,67,42,1591
2026-09-15T20:39:19.421602+00:00,248,179020,128x,300ms,25,64,1,67,548,483,1528,546,177,92,66,42,1591
2026-09-15T20:39:20.141803+00:00,249,179742,128x,300ms,25,64,1,67,547,484,1528,546,176,92,66,42,1592
2026-09-15T20:39:20.862037+00:00,250,180464,128x,300ms,25,64,1,66,547,484,1529,547,176,92,66,42,1591
2026-09-15T20:39:21.588873+00:00,251,181187,128x,300ms,25,64,0,67,547,484,1528,546,177,92,66,42,1592
2026-09-15T20:39:22.309011+00:00,252,181909,128x,300ms,25,64,0,66,547,483,1529,546,176,92,66,42,1590
2026-09-15T20:39:23.030244+00:00,253,182632,128x,300ms,25,64,0,67,547,484,1528,546,176,92,66,42,1592
2026-09-15T20:39:23.750338+00:00,254,183355,128x,300ms,25,64,0,67,547,484,1528,546,176,92,66,42,1591
2026-09-15T20:39:24.477801+00:00,255,184077,128x,300ms,25,64,0,67,547,483,1528,546,176,92,66,41,1591
2026-09-15T20:39:25.198894+00:00,256,184800,128x,300ms,25,64,1,67,547,484,1528,545,176,92,66,42,1591
2026-09-15T20:39:25.917630+00:00,257,185522,128x,300ms,25,64,1,67,547,484,1529,546,176,92,66,42,1590
2026-09-15T20:39:26.636988+00:00,258,186244,128x,300ms,25,64,1,66,547,484,1528,546,176,92,66,42,1591
2026-09-15T20:39:27.366014+00:00,259,186966,128x,300ms,25,64,1,67,547,483,1529,546,176,92,66,41,1590
2026-09-15T20:39:28.085802+00:00,260,187688,128x,300ms,25,64,1,67,547,483,1528,546,176,92,66,42,1591
2026-09-15T20:39:28.805768+00:00,261,188410,128x,300ms,25,64,0,67,547,483,1529,546,176,92,66,42,1591
2026-09-15T20:39:29.533556+00:00,262,189132,128x,300ms,25,64,0,67,547,483,1528,547,176,91,66,42,1591
2026-09-15T20:39:30.252865+00:00,263,189855,128x,300ms,25,64,0,66,547,483,1528,546,176,92,66,42,1591
2026-09-15T20:39:30.974239+00:00,264,190578,128x,300ms,25,64,0,66,547,484,1528,546,176,92,66,41,1591
2026-09-15T20:39:31.693399+00:00,265,191300,128x,300ms,25,64,0,66,547,483,1529,549,177,92,66,42,1598
2026-09-15T20:39:32.412860+00:00,266,192023,128x,300ms,25,64,1,67,550,486,1536,549,177,92,67,42,1597
2026-09-15T20:39:33.133251+00:00,267,192745,128x,300ms,25,64,1,67,547,484,1534,539,174,90,65,41,1568
2026-09-15T20:39:33.854062+00:00,268,193467,128x,300ms,25,64,1,1,19,17,64,27,7,2,1,0,62
2026-09-15T20:39:34.572904+00:00,269,194185,128x,300ms,25,64,1,1,14,13,51,18,4,0,0,0,34
2026-09-15T20:39:35.285519+00:00,270,194904,128x,300ms,25,64,1,0,5,5,24,24,6,1,0,0,51
2026-09-15T20:39:36.005119+00:00,271,195621,128x,300ms,25,64,0,0,5,5,23,14,3,0,0,0,23
2026-09-15T20:39:36.725820+00:00,272,196339,128x,300ms,25,64,0,0,2,2,15,9,1,0,0,0,9
2026-09-15T20:39:37.437132+00:00,273,197056,128x,300ms,25,64,0,0,0,0,3,8,2,0,0,0,8
2026-09-15T20:39:38.158855+00:00,274,197773,128x,300ms,25,64,0,0,0,0,5,9,2,0,0,0,9
2026-09-15T20:39:38.869978+00:00,275,198491,128x,300ms,25,64,0,0,2,1,6,9,2,0,0,0,10
2026-09-15T20:39:39.588965+00:00,276,199207,128x,300ms,25,64,1,0,3,2,9,9,2,0,0,0,8
2026-09-15T20:39:40.302790+00:00,277,199924,128x,300ms,25,64,1,0,0,0,3,9,1,0,0,0,8
2026-09-15T20:39:41.021877+00:00,278,200642,128x,300ms,25,64,1,0,0,0,3,8,1,0,0,0,8
2026-09-15T20:39:41.740926+00:00,279,201359,128x,300ms,25,64,1,0,0,0,3,9,1,0,0,0,8
2026-09-15T20:39:42.453581+00:00,280,202076,128x,300ms,25,64,1,0,0,0,3,9,1,0,0,0,7
2026-09-15T20:39:43.173828+00:00,281,202793,128x,300ms,25,64,0,0,0,0,3,9,2,0,0,0,8
2026-09-15T20:39:43.893308+00:00,282,203510,128x,300ms,25,64,0,0,0,0,3,9,1,0,0,0,8
2026-09-15T20:39:44.605041+00:00,283,204227,128x,300ms,25,64,0,0,0,0,3,9,1,0,0,0,8
2026-09-15T20:39:45.325505+00:00,284,204944,128x,300ms,25,64,0,0,0,0,3,9,2,0,0,0,8
2026-09-15T20:39:46.037237+00:00,285,205661,128x,300ms,25,64,0,0,0,0,3,9,2,0,0,0,8
2026-09-15T20:39:46.757019+00:00,286,206377,128x,300ms,25,64,1,0,0,0,3,9,1,0,0,0,8
2026-09-15T20:39:47.476871+00:00,287,207095,128x,300ms,25,64,1,0,0,0,3,8,2,0,0,0,8
2026-09-15T20:39:48.189306+00:00,288,207812,128x,300ms,25,64,1,0,0,0,3,9,1,0,0,0,7
2026-09-15T20:39:48.909065+00:00,289,208529,128x,300ms,25,64,1,0,0,0,3,9,2,0,0,0,8
2026-09-15T20:39:49.629643+00:00,290,209247,128x,300ms,25,64,1,0,0,0,3,8,2,0,0,0,8
2026-09-15T20:39:50.341835+00:00,291,209964,128x,300ms,25,64,0,0,0,0,3,9,1,0,0,0,8
2026-09-15T20:39:51.061256+00:00,292,210680,128x,300ms,25,64,0,0,0,0,3,9,2,0,0,0,8
2026-09-15T20:39:51.772897+00:00,293,211398,128x,300ms,25,64,0,0,0,0,3,9,2,0,0,0,8
2026-09-15T20:39:52.493540+00:00,294,212115,128x,300ms,25,64,0,0,0,0,3,9,1,0,0,0,8
2026-09-15T20:39:53.206131+00:00,295,212832,128x,300ms,25,64,0,0,0,0,3,19,4,0,0,0,30
2026-09-15T20:39:53.925345+00:00,296,213549,128x,300ms,25,64,1,0,0,0,12,12,2,0,0,0,15
2026-09-15T20:39:54.645519+00:00,297,214267,128x,300ms,25,64,1,0,0,3,50,22,4,1,0,0,38
2026-09-15T20:39:55.365670+00:00,298,214985,128x,300ms,25,64,1,6,2,40,456,130,25,13,9,6,275
2026-09-15T20:39:56.084854+00:00,299,215705,128x,300ms,25,64,1,2,0,14,183,134,26,13,9,5,285
2026-09-15T20:39:56.805723+00:00,300,216425,128x,300ms,25,64,1,11,5,65,730,250,49,26,19,16,543
2026-09-15T20:39:57.525234+00:00,301,217145,128x,300ms,25,64,0,13,5,75,832,263,52,27,21,17,568
2026-09-15T20:39:58.245381+00:00,302,217866,128x,300ms,25,64,0,13,6,74,830,263,51,28,20,17,568
2026-09-15T20:39:58.965721+00:00,303,218586,128x,300ms,25,64,0,13,6,74,829,263,52,28,20,17,568
2026-09-15T20:39:59.692936+00:00,304,219307,128x,300ms,25,64,0,13,6,74,829,263,51,27,20,17,568
2026-09-15T20:40:00.413400+00:00,305,220026,128x,300ms,25,64,0,13,6,74,829,264,52,28,20,17,568
2026-09-15T20:40:01.125378+00:00,306,220747,128x,300ms,25,64,1,13,6,74,828,263,51,28,20,17,568
2026-09-15T20:40:01.845371+00:00,307,221467,128x,300ms,25,64,1,13,6,74,828,264,52,28,20,17,568
2026-09-15T20:40:02.573792+00:00,308,222189,128x,300ms,25,64,1,13,6,74,827,263,52,27,20,17,568
2026-09-15T20:40:03.293026+00:00,309,222910,128x,300ms,25,64,1,13,6,74,827,263,51,27,20,16,568
2026-09-15T20:40:04.013135+00:00,310,223630,128x,300ms,25,64,1,13,6,74,827,264,51,28,20,17,567
2026-09-15T20:40:04.733202+00:00,311,224351,128x,300ms,25,64,0,13,6,74,828,264,51,27,20,17,568
2026-09-15T20:40:05.444955+00:00,312,225072,128x,300ms,25,64,0,13,6,74,828,264,52,28,20,17,567
2026-09-15T20:40:06.174508+00:00,313,225792,128x,300ms,25,64,0,13,6,74,826,263,52,27,20,16,565
2026-09-15T20:40:06.898048+00:00,314,226512,128x,300ms,25,64,0,10,4,60,678,259,51,27,20,17,560
2026-09-15T20:40:07.612929+00:00,315,227232,128x,300ms,25,64,0,13,6,72,801,256,50,27,20,16,553
2026-09-15T20:40:08.332857+00:00,316,227953,128x,300ms,25,64,1,11,5,66,735,235,46,25,18,14,507
2026-09-15T20:40:09.052931+00:00,317,228674,128x,300ms,25,64,1,11,5,65,722,264,52,28,20,17,567
2026-09-15T20:40:09.773833+00:00,318,229395,128x,300ms,25,64,1,13,6,74,824,264,51,28,20,16,566
2026-09-15T20:40:10.493410+00:00,319,230115,128x,300ms,25,64,1,13,5,74,825,256,50,27,20,16,550
2026-09-15T20:40:11.204845+00:00,320,230837,128x,300ms,25,64,1,12,5,67,750,54,10,4,3,1,108
2026-09-15T20:40:11.925543+00:00,321,231556,128x,300ms,25,64,0,0,0,0,3,8,2,0,0,0,8
2026-09-15T20:40:12.645067+00:00,322,232272,128x,300ms,25,64,0,0,0,0,3,9,2,0,0,0,8
2026-09-15T20:40:13.356941+00:00,323,232989,128x,300ms,25,64,0,0,0,0,3,9,2,0,0,0,8
2026-09-15T20:40:14.077818+00:00,324,233706,128x,300ms,25,64,0,0,0,0,3,8,1,0,0,0,8
2026-09-15T20:40:14.790447+00:00,325,234423,128x,300ms,25,64,0,0,0,0,3,9,2,0,0,0,8
2026-09-15T20:40:15.509536+00:00,326,235140,128x,300ms,25,64,1,0,0,0,3,9,1,0,0,0,8
2026-09-15T20:40:16.229185+00:00,327,235857,128x,300ms,25,64,1,0,0,0,3,9,2,0,0,0,8
2026-09-15T20:40:16.942026+00:00,328,236574,128x,300ms,25,64,1,0,0,0,3,9,2,0,0,0,8
2026-09-15T20:40:17.663262+00:00,329,237292,128x,300ms,25,64,1,0,0,0,3,9,2,0,0,0,8
2026-09-15T20:40:18.373311+00:00,330,238009,128x,300ms,25,64,1,0,0,0,3,9,2,0,0,0,8
2026-09-15T20:40:19.093809+00:00,331,238727,128x,300ms,25,64,0,0,0,0,3,9,2,0,0,0,8
2026-09-15T20:40:19.812984+00:00,332,239443,128x,300ms,25,64,0,0,0,0,3,9,2,0,0,0,8
2026-09-15T20:40:20.525136+00:00,333,240160,128x,300ms,25,64,0,0,0,0,3,9,2,0,0,0,8
2026-09-15T20:40:21.245801+00:00,334,240877,128x,300ms,25,64,0,0,0,0,3,9,2,0,0,0,8
2026-09-15T20:40:21.957943+00:00,335,241595,128x,300ms,25,64,0,0,0,0,3,9,2,0,0,0,8
2026-09-15T20:40:22.677797+00:00,336,242312,128x,300ms,25,64,1,0,0,0,3,9,2,0,0,0,8
2026-09-15T20:40:23.396927+00:00,337,243028,128x,300ms,25,64,1,0,0,0,3,9,1,0,0,0,8
2026-09-15T20:40:24.117218+00:00,338,243745,128x,300ms,25,64,1,0,0,0,3,54,16,7,4,0,138
2026-09-15T20:40:24.837850+00:00,339,244464,128x,300ms,25,64,1,13,108,99,344,553,179,93,68,43,1609
2026-09-15T20:40:25.557613+00:00,340,245186,128x,300ms,25,64,1,68,561,490,1546,553,179,93,67,42,1602
2026-09-15T20:40:26.285495+00:00,341,245908,128x,300ms,25,64,0,68,560,496,1575,562,181,94,68,42,1623
2026-09-15T20:40:27.005471+00:00,342,246631,128x,300ms,25,64,0,68,559,494,1571,561,181,94,68,43,1621
2026-09-15T20:40:27.733319+00:00,343,247354,128x,300ms,25,64,0,68,555,491,1560,544,176,91,66,42,1570
2026-09-15T20:40:28.453893+00:00,344,248077,128x,300ms,25,64,0,68,554,489,1551,555,179,93,67,43,1603
2026-09-15T20:40:29.173376+00:00,345,248800,128x,300ms,25,64,0,68,554,489,1552,555,179,93,67,42,1606
2026-09-15T20:40:29.893443+00:00,346,249523,128x,300ms,25,64,1,68,559,493,1562,559,180,94,68,42,1617
2026-09-15T20:40:30.612855+00:00,347,250245,128x,300ms,25,64,1,68,559,494,1563,558,180,94,68,42,1616
2026-09-15T20:40:31.341873+00:00,348,250967,128x,300ms,25,64,1,68,559,493,1563,558,181,94,68,43,1616
2026-09-15T20:40:32.061593+00:00,349,251688,128x,300ms,25,64,1,68,559,494,1562,559,180,94,68,43,1616
2026-09-15T20:40:32.789205+00:00,350,252411,128x,300ms,25,64,1,68,560,494,1562,558,180,94,68,42,1617
2026-09-15T20:40:33.508895+00:00,351,253133,128x,300ms,25,64,0,68,560,494,1562,558,180,94,68,42,1617
2026-09-15T20:40:34.228788+00:00,352,253856,128x,300ms,25,64,0,68,560,494,1562,558,180,94,68,43,1617
2026-09-15T20:40:34.956959+00:00,353,254579,128x,300ms,25,64,0,68,560,494,1563,558,180,94,68,43,1617
2026-09-15T20:40:35.677256+00:00,354,255302,128x,300ms,25,64,0,68,560,494,1562,558,180,94,68,43,1617
2026-09-15T20:40:36.397981+00:00,355,256025,128x,300ms,25,64,0,68,559,494,1562,558,180,94,67,43,1616
2026-09-15T20:40:37.117511+00:00,356,256748,128x,300ms,25,64,1,68,560,494,1561,558,180,94,68,43,1617
2026-09-15T20:40:37.845128+00:00,357,257470,128x,300ms,25,64,1,68,559,494,1562,558,180,94,68,43,1617
2026-09-15T20:40:38.564914+00:00,358,258192,128x,300ms,25,64,1,68,559,494,1562,558,181,94,68,43,1615
2026-09-15T20:40:39.285361+00:00,359,258914,128x,300ms,25,64,1,68,560,494,1562,558,180,94,68,43,1617
2026-09-15T20:40:40.004908+00:00,360,259637,128x,300ms,25,64,1,68,560,494,1560,558,180,94,68,43,1617
2026-09-15T20:40:40.733013+00:00,361,260359,128x,300ms,25,64,0,68,560,494,1562,558,180,94,68,43,1616
2026-09-15T20:40:41.454657+00:00,362,261082,128x,300ms,25,64,0,68,560,494,1562,558,180,94,68,43,1616
2026-09-15T20:40:42.173017+00:00,363,261805,128x,300ms,25,64,0,68,560,494,1561,558,180,94,68,43,1616
2026-09-15T20:40:42.893923+00:00,364,262528,128x,300ms,25,64,0,68,560,494,1561,557,180,94,68,43,1616
2026-09-15T20:40:43.613406+00:00,365,263250,128x,300ms,25,64,0,68,560,494,1562,558,180,94,68,43,1617
2026-09-15T20:40:44.342749+00:00,366,263973,128x,300ms,25,64,1,68,560,494,1561,557,180,94,67,43,1617
2026-09-15T20:40:45.062194+00:00,367,264695,128x,300ms,25,64,1,68,560,494,1560,558,180,94,68,43,1616
2026-09-15T20:40:45.782804+00:00,368,265417,128x,300ms,25,64,1,68,560,494,1560,558,180,94,68,43,1616
2026-09-15T20:40:46.509567+00:00,369,266139,128x,300ms,25,64,1,68,560,494,1561,557,180,94,68,43,1615
2026-09-15T20:40:47.228900+00:00,370,266862,128x,300ms,25,64,1,68,560,494,1561,557,180,94,68,43,1616
2026-09-15T20:40:47.949068+00:00,371,267584,128x,300ms,25,64,0,68,560,494,1561,558,180,94,68,42,1617
2026-09-15T20:40:48.677442+00:00,372,268307,128x,300ms,25,64,0,68,560,494,1561,557,180,94,68,42,1616
2026-09-15T20:40:49.397914+00:00,373,269030,128x,300ms,25,64,0,68,560,494,1561,558,180,94,68,43,1616
2026-09-15T20:40:50.118261+00:00,374,269752,128x,300ms,25,64,0,68,560,494,1561,558,180,94,68,43,1617
2026-09-15T20:40:50.845102+00:00,375,270476,128x,300ms,25,64,0,68,560,494,1561,557,180,94,68,43,1615
2026-09-15T20:40:51.566819+00:00,376,271198,128x,300ms,25,64,1,68,560,494,1560,557,180,94,68,43,1615
2026-09-15T20:40:52.284897+00:00,377,271920,128x,300ms,25,64,1,68,560,494,1561,557,180,94,68,43,1615
2026-09-15T20:40:53.005156+00:00,378,272643,128x,300ms,25,64,1,68,560,494,1561,557,180,94,67,43,1616
2026-09-15T20:40:53.732962+00:00,379,273364,128x,300ms,25,64,1,68,560,494,1560,557,180,94,68,43,1616
2026-09-15T20:40:54.454132+00:00,380,274086,128x,300ms,25,64,1,68,560,494,1560,557,180,94,68,42,1615
2026-09-15T20:40:55.173972+00:00,381,274809,128x,300ms,25,64,0,68,560,494,1560,557,180,94,68,43,1615
2026-09-15T20:40:55.900922+00:00,382,275532,128x,300ms,25,64,0,68,560,494,1560,557,180,94,68,43,1616
2026-09-15T20:40:56.622141+00:00,383,276254,128x,300ms,25,64,0,68,560,494,1560,557,180,94,67,42,1615
2026-09-15T20:40:57.341650+00:00,384,276978,128x,300ms,25,64,0,68,560,494,1560,557,180,94,68,43,1616
2026-09-15T20:40:58.061730+00:00,385,277701,128x,300ms,25,64,0,68,560,494,1561,557,180,94,67,43,1616
2026-09-15T20:40:58.788893+00:00,386,278423,128x,300ms,25,64,1,68,561,494,1561,557,180,94,68,42,1615
2026-09-15T20:40:59.508974+00:00,387,279146,128x,300ms,25,64,1,68,560,494,1560,557,180,94,68,43,1616
2026-09-15T20:41:00.229985+00:00,388,279868,128x,300ms,25,64,1,68,560,494,1560,557,180,94,68,42,1616
2026-09-15T20:41:00.949907+00:00,389,280590,128x,300ms,25,64,1,68,560,494,1560,557,180,94,68,43,1616
2026-09-15T20:41:01.677163+00:00,390,281313,128x,300ms,25,64,1,68,560,494,1560,557,180,94,68,42,1615
2026-09-15T20:41:02.396879+00:00,391,282035,128x,300ms,25,64,0,68,560,494,1561,557,180,94,68,42,1615
2026-09-15T20:41:03.117246+00:00,392,282757,128x,300ms,25,64,0,68,560,494,1561,557,180,94,68,42,1616
2026-09-15T20:41:03.837162+00:00,393,283481,128x,300ms,25,64,0,68,561,494,1561,557,180,94,68,42,1616
2026-09-15T20:41:04.565466+00:00,394,284203,128x,300ms,25,64,0,68,561,494,1560,557,180,94,68,42,1616
2026-09-15T20:41:05.285046+00:00,395,284925,128x,300ms,25,64,0,68,560,494,1560,557,180,94,68,43,1615
2026-09-15T20:41:06.005402+00:00,396,285648,128x,300ms,25,64,1,68,561,494,1560,557,180,94,68,43,1615
2026-09-15T20:41:06.725270+00:00,397,286370,128x,300ms,25,64,1,68,560,494,1560,557,180,94,68,43,1615
2026-09-15T20:41:07.452763+00:00,398,287092,128x,300ms,25,64,1,68,560,494,1560,557,180,94,68,42,1616
2026-09-15T20:41:08.173524+00:00,399,287815,128x,300ms,25,64,1,68,561,494,1559,557,180,94,68,43,1615
2026-09-15T20:41:08.893230+00:00,400,288537,128x,300ms,25,64,1,68,560,494,1560,557,180,94,68,43,1615
2026-09-15T20:41:09.620822+00:00,401,289259,128x,300ms,25,64,0,68,560,494,1561,557,180,94,68,43,1616
2026-09-15T20:41:10.340883+00:00,402,289982,128x,300ms,25,64,0,68,560,494,1559,557,180,94,68,43,1615
2026-09-15T20:41:11.069653+00:00,403,290705,128x,300ms,25,64,0,68,561,494,1560,557,180,94,68,43,1614
2026-09-15T20:41:11.789109+00:00,404,291428,128x,300ms,25,64,0,68,560,494,1559,557,180,94,67,42,1616
2026-09-15T20:41:12.508795+00:00,405,292151,128x,300ms,25,64,0,68,560,494,1560,557,180,94,68,43,1615
2026-09-15T20:41:13.229897+00:00,406,292874,128x,300ms,25,64,1,69,560,494,1560,557,180,94,68,43,1614
2026-09-15T20:41:13.949474+00:00,407,293596,128x,300ms,25,64,1,68,561,494,1561,558,180,94,68,43,1616
2026-09-15T20:41:14.677131+00:00,408,294318,128x,300ms,25,64,1,68,561,494,1560,558,180,94,68,43,1616
2026-09-15T20:41:15.396782+00:00,409,295040,128x,300ms,25,64,1,68,561,494,1560,557,180,94,68,43,1616
2026-09-15T20:41:16.125691+00:00,410,295761,128x,300ms,25,64,1,68,560,494,1560,557,180,94,68,43,1615
2026-09-15T20:41:16.844759+00:00,411,296484,128x,300ms,25,64,0,68,560,494,1560,557,180,94,68,43,1616
2026-09-15T20:41:17.565214+00:00,412,297207,128x,300ms,25,64,0,68,560,494,1560,557,180,94,68,43,1616
2026-09-15T20:41:18.285090+00:00,413,297930,128x,300ms,25,64,0,68,560,494,1559,557,180,94,68,42,1616
2026-09-15T20:41:19.013477+00:00,414,298653,128x,300ms,25,64,0,68,561,494,1560,557,180,94,67,43,1615
2026-09-15T20:41:19.732907+00:00,415,299376,128x,300ms,25,64,0,69,561,494,1560,557,180,94,68,43,1616
2026-09-15T20:41:20.453312+00:00,416,300098,128x,300ms,25,64,1,68,561,494,1560,557,180,94,68,43,1615
2026-09-15T20:41:21.172865+00:00,417,300821,128x,300ms,25,64,1,68,561,494,1561,557,180,94,68,43,1615
2026-09-15T20:41:21.893588+00:00,418,301543,128x,300ms,25,64,1,68,560,494,1560,557,180,94,68,42,1615
2026-09-15T20:41:22.621342+00:00,419,302265,128x,300ms,25,64,1,69,560,494,1560,557,180,94,68,43,1616
2026-09-15T20:41:23.341408+00:00,420,302988,128x,300ms,25,64,1,68,561,494,1560,557,180,94,68,42,1615
2026-09-15T20:41:24.061893+00:00,421,303710,128x,300ms,25,64,0,68,561,494,1560,557,180,94,68,43,1616
2026-09-15T20:41:24.781919+00:00,422,304433,128x,300ms,25,64,0,68,561,494,1560,557,180,94,68,43,1616
2026-09-15T20:41:25.509197+00:00,423,305156,128x,300ms,25,64,0,68,560,495,1560,557,180,94,68,43,1616
2026-09-15T20:41:26.229269+00:00,424,305879,128x,300ms,25,64,0,68,561,494,1560,557,180,94,68,42,1616
2026-09-15T20:41:26.949158+00:00,425,306600,128x,300ms,25,64,0,68,561,494,1560,556,180,94,68,42,1616
2026-09-15T20:41:27.678216+00:00,426,307323,128x,300ms,25,64,1,68,560,495,1559,557,180,94,68,43,1615
2026-09-15T20:41:28.398367+00:00,427,308046,128x,300ms,25,64,1,68,560,494,1559,557,180,94,68,43,1615
2026-09-15T20:41:29.117883+00:00,428,308768,128x,300ms,25,64,1,68,561,494,1560,557,180,94,68,43,1615
2026-09-15T20:41:29.836991+00:00,429,309490,128x,300ms,25,64,1,68,561,495,1561,557,180,94,67,42,1616
2026-09-15T20:41:30.564865+00:00,430,310212,128x,300ms,25,64,1,68,560,494,1561,557,180,94,68,43,1615
2026-09-15T20:41:31.285034+00:00,431,310935,128x,300ms,25,64,0,68,561,495,1561,557,180,94,68,43,1615
2026-09-15T20:41:32.013138+00:00,432,311657,128x,300ms,25,64,0,68,560,495,1560,557,180,94,68,43,1616
2026-09-15T20:41:32.732822+00:00,433,312380,128x,300ms,25,64,0,69,560,494,1559,557,180,94,68,43,1617
2026-09-15T20:41:33.452976+00:00,434,313103,128x,300ms,25,64,0,68,561,495,1560,557,180,94,68,43,1615
2026-09-15T20:41:34.173707+00:00,435,313826,128x,300ms,25,64,0,68,561,494,1560,557,180,94,68,43,1616
2026-09-15T20:41:34.901355+00:00,436,314549,128x,300ms,25,64,1,68,560,494,1560,557,180,94,68,43,1616
2026-09-15T20:41:35.621417+00:00,437,315271,128x,300ms,25,64,1,68,560,495,1560,557,180,94,68,42,1615
2026-09-15T20:41:36.340817+00:00,438,315994,128x,300ms,25,64,1,68,561,495,1560,557,180,94,68,43,1615
2026-09-15T20:41:37.068850+00:00,439,316716,128x,300ms,25,64,1,68,560,494,1560,557,180,94,68,43,1616
2026-09-15T20:41:37.788847+00:00,440,317437,128x,300ms,25,64,1,68,561,495,1561,557,180,94,68,43,1616
2026-09-15T20:41:38.509160+00:00,441,318160,128x,300ms,25,64,0,68,561,494,1560,557,180,94,68,43,1616
2026-09-15T20:41:39.230011+00:00,442,318882,128x,300ms,25,64,0,68,561,494,1560,557,180,94,68,42,1615
2026-09-15T20:41:39.949031+00:00,443,319605,128x,300ms,25,64,0,68,561,495,1560,557,180,94,68,43,1616
2026-09-15T20:41:40.676846+00:00,444,320328,128x,300ms,25,64,0,68,560,495,1560,557,180,94,68,43,1616
2026-09-15T20:41:41.397185+00:00,445,321051,128x,300ms,25,64,0,68,561,494,1560,557,180,94,68,43,1616
2026-09-15T20:41:42.116946+00:00,446,321774,128x,300ms,25,64,1,68,561,494,1560,557,180,94,68,43,1616
2026-09-15T20:41:42.845867+00:00,447,322496,128x,300ms,25,64,1,68,560,494,1561,557,180,94,68,43,1616
2026-09-15T20:41:43.565611+00:00,448,323218,128x,300ms,25,64,1,68,560,494,1560,557,180,94,68,43,1616
2026-09-15T20:41:44.284991+00:00,449,323940,128x,300ms,25,64,1,68,560,494,1560,557,180,94,68,43,1616
2026-09-15T20:41:45.006066+00:00,450,324663,128x,300ms,25,64,1,68,560,494,1561,558,180,94,68,42,1615
2026-09-15T20:41:45.733106+00:00,451,325385,128x,300ms,25,64,0,68,560,494,1560,557,180,94,68,43,1616
2026-09-15T20:41:46.453635+00:00,452,326108,128x,300ms,25,64,0,68,560,495,1561,557,180,94,68,42,1617
2026-09-15T20:41:47.173512+00:00,453,326831,128x,300ms,25,64,0,68,560,494,1561,556,180,94,68,43,1616
2026-09-15T20:41:47.892920+00:00,454,327554,128x,300ms,25,64,0,68,560,495,1561,557,180,94,68,42,1616
2026-09-15T20:41:48.620820+00:00,455,328276,128x,300ms,25,64,0,68,561,494,1561,557,180,94,68,43,1617
2026-09-15T20:41:49.340893+00:00,456,328999,128x,300ms,25,64,1,68,561,495,1560,557,180,94,68,43,1614
2026-09-15T20:41:50.060764+00:00,457,329721,128x,300ms,25,64,1,68,560,495,1561,557,180,94,68,42,1616
2026-09-15T20:41:50.781585+00:00,458,330443,128x,300ms,25,64,1,68,561,494,1560,557,180,94,68,43,1616
2026-09-15T20:41:51.508821+00:00,459,331165,128x,300ms,25,64,1,68,560,494,1561,557,180,94,68,43,1614
2026-09-15T20:41:52.229854+00:00,460,331888,128x,300ms,25,64,1,68,560,494,1561,557,180,94,68,42,1615
2026-09-15T20:41:52.956807+00:00,461,332610,128x,300ms,25,64,0,68,560,494,1561,557,180,94,68,43,1615
2026-09-15T20:41:53.677135+00:00,462,333333,128x,300ms,25,64,0,68,561,494,1560,557,180,94,68,43,1617
2026-09-15T20:41:54.396901+00:00,463,334055,128x,300ms,25,64,0,68,561,494,1560,557,180,94,68,43,1616
2026-09-15T20:41:55.117377+00:00,464,334778,128x,300ms,25,64,0,68,561,494,1561,557,180,94,68,42,1616
2026-09-15T20:41:55.845111+00:00,465,335501,128x,300ms,25,64,0,68,560,495,1561,557,180,94,68,42,1617
2026-09-15T20:41:56.565229+00:00,466,336223,128x,300ms,25,64,1,68,560,494,1561,557,180,94,68,43,1616
2026-09-15T20:41:57.285822+00:00,467,336946,128x,300ms,25,64,1,68,561,494,1560,557,180,94,68,43,1616
2026-09-15T20:41:58.004838+00:00,468,337668,128x,300ms,25,64,1,68,561,495,1560,557,180,94,68,43,1616
2026-09-15T20:41:58.733567+00:00,469,338390,128x,300ms,25,64,1,68,561,495,1561,557,180,94,68,43,1616
2026-09-15T20:41:59.453592+00:00,470,339111,128x,300ms,25,64,1,68,561,495,1561,557,180,94,68,43,1617
2026-09-15T20:42:00.173563+00:00,471,339834,128x,300ms,25,64,0,68,561,495,1561,557,180,94,68,43,1616
2026-09-15T20:42:00.900954+00:00,472,340556,128x,300ms,25,64,0,68,560,495,1561,557,180,94,68,43,1617
2026-09-15T20:42:01.620784+00:00,473,341279,128x,300ms,25,64,0,68,561,495,1561,557,180,94,68,43,1617
2026-09-15T20:42:02.341330+00:00,474,342002,128x,300ms,25,64,0,68,561,494,1561,557,180,94,68,43,1616
2026-09-15T20:42:03.061134+00:00,475,342724,128x,300ms,25,64,0,68,561,494,1561,557,180,94,68,43,1616
2026-09-15T20:42:03.781249+00:00,476,343447,128x,300ms,25,64,1,68,560,495,1561,558,180,94,68,43,1617
2026-09-15T20:42:04.509088+00:00,477,344169,128x,300ms,25,64,1,68,561,494,1561,557,180,94,68,43,1617
2026-09-15T20:42:05.229171+00:00,478,344891,128x,300ms,25,64,1,68,561,494,1561,557,180,94,68,43,1616
2026-09-15T20:42:05.949799+00:00,479,345613,128x,300ms,25,64,1,68,561,495,1560,557,180,94,68,43,1617
2026-09-15T20:42:06.669294+00:00,480,346336,128x,300ms,25,64,1,68,560,495,1562,557,180,94,68,43,1617
2026-09-15T20:42:07.396821+00:00,481,347058,128x,300ms,25,64,0,68,561,495,1562,557,180,94,68,43,1617
2026-09-15T20:42:08.117389+00:00,482,347781,128x,300ms,25,64,0,68,560,494,1561,557,180,94,67,42,1617
2026-09-15T20:42:08.836890+00:00,483,348504,128x,300ms,25,64,0,68,561,495,1561,557,180,94,68,43,1616
2026-09-15T20:42:09.557011+00:00,484,349225,128x,300ms,25,64,0,68,560,495,1561,558,180,94,68,43,1617
2026-09-15T20:42:10.284795+00:00,485,349948,128x,300ms,25,64,0,68,561,495,1562,557,180,94,68,43,1616
2026-09-15T20:42:11.004923+00:00,486,350671,128x,300ms,25,64,1,68,561,495,1561,557,180,94,68,43,1617
2026-09-15T20:42:11.725470+00:00,487,351393,128x,300ms,25,64,1,68,561,495,1561,558,180,94,68,43,1618
2026-09-15T20:42:12.444810+00:00,488,352115,128x,300ms,25,64,1,68,560,495,1562,558,180,94,68,42,1616
2026-09-15T20:42:13.174864+00:00,489,352838,128x,300ms,25,64,1,68,561,495,1561,557,180,94,68,42,1617
2026-09-15T20:42:13.893405+00:00,490,353560,128x,300ms,25,64,1,68,561,495,1561,558,180,94,68,43,1617
2026-09-15T20:42:14.613287+00:00,491,354282,128x,300ms,25,64,0,68,560,495,1562,557,180,94,67,43,1617
2026-09-15T20:42:15.341006+00:00,492,355005,128x,300ms,25,64,0,68,561,495,1561,557,180,94,68,43,1617
2026-09-15T20:42:16.060820+00:00,493,355727,128x,300ms,25,64,0,68,560,495,1562,557,180,94,68,43,1616
2026-09-15T20:42:16.780894+00:00,494,356450,128x,300ms,25,64,0,68,561,495,1561,558,180,94,68,43,1617
2026-09-15T20:42:17.500946+00:00,495,357174,128x,300ms,25,64,0,68,561,494,1561,558,180,94,68,43,1618
2026-09-15T20:42:18.229335+00:00,496,357896,128x,300ms,25,64,1,68,560,495,1562,557,180,94,68,43,1617
2026-09-15T20:42:18.948808+00:00,497,358618,128x,300ms,25,64,1,68,561,495,1561,558,180,94,68,43,1616
2026-09-15T20:42:19.668780+00:00,498,359341,128x,300ms,25,64,1,68,560,495,1561,557,180,94,68,43,1618
2026-09-15T20:42:20.397300+00:00,499,360062,128x,300ms,25,64,1,68,561,495,1562,558,180,94,68,43,1617
2026-09-15T20:42:21.116746+00:00,500,360784,128x,300ms,25,64,1,68,560,494,1562,558,180,94,68,43,1618
2026-09-15T20:42:21.836791+00:00,501,361506,128x,300ms,25,64,0,68,560,495,1561,558,180,94,68,43,1616
2026-09-15T20:42:22.565036+00:00,502,362229,128x,300ms,25,64,0,68,561,495,1562,557,180,94,68,43,1617
2026-09-15T20:42:23.285248+00:00,503,362952,128x,300ms,25,64,0,69,560,495,1562,558,180,94,68,43,1618
2026-09-15T20:42:24.005982+00:00,504,363675,128x,300ms,25,64,0,68,561,495,1562,557,180,94,68,43,1617
2026-09-15T20:42:24.725594+00:00,505,364398,128x,300ms,25,64,0,68,560,494,1561,557,180,94,68,43,1617
2026-09-15T20:42:25.453776+00:00,506,365121,128x,300ms,25,64,1,68,560,495,1562,557,180,94,68,43,1618
2026-09-15T20:42:26.173324+00:00,507,365843,128x,300ms,25,64,1,68,560,495,1562,557,180,94,68,43,1617
2026-09-15T20:42:26.893420+00:00,508,366565,128x,300ms,25,64,1,68,561,494,1562,557,180,94,68,43,1618
2026-09-15T20:42:27.613210+00:00,509,367287,128x,300ms,25,64,1,68,561,494,1563,557,180,94,68,43,1618
2026-09-15T20:42:28.340946+00:00,510,368010,128x,300ms,25,64,1,68,561,495,1561,557,180,94,68,42,1618
2026-09-15T20:42:29.060985+00:00,511,368732,128x,300ms,25,64,0,68,561,495,1562,558,180,94,68,43,1617
2026-09-15T20:42:29.780833+00:00,512,369455,128x,300ms,25,64,0,68,561,495,1562,557,180,94,68,43,1618
2026-09-15T20:42:30.502218+00:00,513,370178,128x,300ms,25,64,0,69,561,495,1563,557,180,94,68,43,1617
2026-09-15T20:42:31.228793+00:00,514,370899,128x,300ms,25,64,0,68,560,495,1562,557,180,94,68,42,1617
2026-09-15T20:42:31.948795+00:00,515,371622,128x,300ms,25,64,0,68,560,495,1562,558,180,94,68,43,1618
2026-09-15T20:42:32.669654+00:00,516,372346,128x,300ms,25,64,1,68,561,495,1561,558,180,94,68,43,1617
2026-09-15T20:42:33.389024+00:00,517,373068,128x,300ms,25,64,1,69,561,495,1562,558,180,94,68,43,1618
2026-09-15T20:42:34.118226+00:00,518,373790,128x,300ms,25,64,1,68,561,495,1563,557,181,94,68,43,1618
2026-09-15T20:42:34.837628+00:00,519,374512,128x,300ms,25,64,1,68,560,495,1563,558,180,94,68,43,1617
2026-09-15T20:42:35.557161+00:00,520,375234,128x,300ms,25,64,1,68,560,495,1562,557,180,94,68,43,1618
2026-09-15T20:42:36.284781+00:00,521,375956,128x,300ms,25,64,0,68,560,495,1562,558,180,94,68,43,1618
2026-09-15T20:42:37.005231+00:00,522,376679,128x,300ms,25,64,0,68,560,495,1563,557,180,94,68,43,1618
2026-09-15T20:42:37.725533+00:00,523,377402,128x,300ms,25,64,0,68,561,495,1562,558,180,94,68,43,1618
2026-09-15T20:42:38.452702+00:00,524,378125,128x,300ms,25,64,0,69,561,495,1562,557,180,94,68,43,1618
2026-09-15T20:42:39.173262+00:00,525,378848,128x,300ms,25,64,0,68,560,495,1563,558,180,94,68,43,1618
2026-09-15T20:42:39.894421+00:00,526,379571,128x,300ms,25,64,1,68,561,495,1563,558,180,94,68,43,1618
2026-09-15T20:42:40.613741+00:00,527,380293,128x,300ms,25,64,1,68,561,495,1563,557,180,94,68,43,1618
2026-09-15T20:42:41.341172+00:00,528,381016,128x,300ms,25,64,1,68,561,495,1562,558,180,94,68,43,1618
2026-09-15T20:42:42.061286+00:00,529,381737,128x,300ms,25,64,1,68,561,495,1562,558,180,94,68,43,1618
2026-09-15T20:42:42.781323+00:00,530,382459,128x,300ms,25,64,1,68,561,495,1563,557,180,94,68,43,1618
2026-09-15T20:42:43.508775+00:00,531,383182,128x,300ms,25,64,0,68,560,494,1562,557,180,94,68,43,1618
2026-09-15T20:42:44.229342+00:00,532,383905,128x,300ms,25,64,0,68,561,495,1563,558,180,94,68,43,1619
2026-09-15T20:42:44.949876+00:00,533,384627,128x,300ms,25,64,0,68,560,495,1563,557,180,94,68,43,1618
2026-09-15T20:42:45.676748+00:00,534,385351,128x,300ms,25,64,0,68,560,495,1563,558,180,94,68,43,1617
2026-09-15T20:42:46.397282+00:00,535,386074,128x,300ms,25,64,0,68,561,495,1562,558,180,94,68,43,1619
2026-09-15T20:42:47.116798+00:00,536,386796,128x,300ms,25,64,1,68,560,495,1563,558,180,94,68,43,1618
2026-09-15T20:42:47.837348+00:00,537,387519,128x,300ms,25,64,1,68,561,495,1563,558,180,94,68,43,1618
2026-09-15T20:42:48.565774+00:00,538,388241,128x,300ms,25,64,1,69,561,495,1563,557,180,94,68,43,1618
2026-09-15T20:42:49.284764+00:00,539,388963,128x,300ms,25,64,1,68,560,495,1563,557,180,94,68,43,1617
2026-09-15T20:42:50.005253+00:00,540,389686,128x,300ms,25,64,1,68,560,495,1562,558,180,94,68,43,1619
2026-09-15T20:42:50.725243+00:00,541,390408,128x,300ms,25,64,0,68,560,495,1563,558,180,94,68,43,1619
2026-09-15T20:42:51.453346+00:00,542,391131,128x,300ms,25,64,0,68,561,495,1563,557,180,94,68,43,1619
2026-09-15T20:42:52.173256+00:00,543,391854,128x,300ms,25,64,0,68,561,495,1563,558,180,94,68,42,1617
2026-09-15T20:42:52.893593+00:00,544,392577,128x,300ms,25,64,0,68,560,495,1563,558,180,94,68,43,1618
2026-09-15T20:42:53.612805+00:00,545,393299,128x,300ms,25,64,0,68,561,495,1563,558,180,94,68,43,1618
2026-09-15T20:42:54.341314+00:00,546,394022,128x,300ms,25,64,1,68,561,495,1564,557,180,94,68,43,1618
2026-09-15T20:42:55.061157+00:00,547,394744,128x,300ms,25,64,1,68,560,495,1563,558,180,94,68,43,1619
2026-09-15T20:42:55.780931+00:00,548,395466,128x,300ms,25,64,1,68,560,495,1563,558,180,94,68,43,1619
2026-09-15T20:42:56.509480+00:00,549,396189,128x,300ms,25,64,1,68,560,495,1563,558,180,94,68,43,1618
2026-09-15T20:42:57.229485+00:00,550,396911,128x,300ms,25,64,1,68,560,495,1563,558,180,94,68,43,1619
2026-09-15T20:42:57.948818+00:00,551,397633,128x,300ms,25,64,0,68,561,495,1564,558,180,94,68,43,1618
2026-09-15T20:42:58.676641+00:00,552,398356,128x,300ms,25,64,0,68,560,495,1563,558,180,94,68,43,1618
2026-09-15T20:42:59.396996+00:00,553,399079,128x,300ms,25,64,0,69,561,495,1563,558,180,94,68,43,1618
2026-09-15T20:43:00.117268+00:00,554,399802,128x,300ms,25,64,0,68,561,495,1564,558,180,94,68,43,1618
2026-09-15T20:43:00.845088+00:00,555,400525,128x,300ms,25,64,0,68,561,495,1563,558,180,94,68,43,1619
2026-09-15T20:43:01.565429+00:00,556,401247,128x,300ms,25,64,1,68,560,495,1563,558,180,94,68,43,1619
2026-09-15T20:43:02.285440+00:00,557,401970,128x,300ms,25,64,1,68,560,495,1564,558,181,94,68,43,1618
2026-09-15T20:43:03.005087+00:00,558,402692,128x,300ms,25,64,1,68,561,495,1563,558,180,94,68,43,1618
2026-09-15T20:43:03.726151+00:00,559,403414,128x,300ms,25,64,1,69,560,495,1564,558,180,94,68,43,1618
2026-09-15T20:43:04.452967+00:00,560,404135,128x,300ms,25,64,1,68,561,495,1563,558,180,94,68,43,1619
2026-09-15T20:43:05.173436+00:00,561,404858,128x,300ms,25,64,0,68,561,495,1563,558,181,94,68,43,1618
2026-09-15T20:43:05.892718+00:00,562,405581,128x,300ms,25,64,0,68,560,495,1564,558,180,94,68,43,1618
2026-09-15T20:43:06.621904+00:00,563,406304,128x,300ms,25,64,0,68,560,495,1564,558,180,94,68,43,1619
2026-09-15T20:43:07.341401+00:00,564,407027,128x,300ms,25,64,0,68,561,495,1564,558,180,94,68,43,1618
2026-09-15T20:43:08.061324+00:00,565,407750,128x,300ms,25,64,0,68,560,495,1563,558,180,94,68,43,1620
2026-09-15T20:43:08.780973+00:00,566,408473,128x,300ms,25,64,1,68,561,495,1564,558,180,94,68,43,1618
2026-09-15T20:43:09.508729+00:00,567,409195,128x,300ms,25,64,1,68,561,495,1564,558,180,94,68,43,1618
2026-09-15T20:43:10.228723+00:00,568,409917,128x,300ms,25,64,1,68,561,495,1564,558,180,94,68,43,1619
2026-09-15T20:43:10.948693+00:00,569,410640,128x,300ms,25,64,1,68,560,496,1564,558,180,94,68,43,1618
2026-09-15T20:43:11.669604+00:00,570,411362,128x,300ms,25,64,1,68,560,495,1564,558,180,94,68,43,1620
2026-09-15T20:43:12.397791+00:00,571,412084,128x,300ms,25,64,0,68,560,495,1564,558,180,94,68,43,1619
2026-09-15T20:43:13.117474+00:00,572,412807,128x,300ms,25,64,0,68,561,495,1564,558,180,94,68,43,1619
2026-09-15T20:43:13.844811+00:00,573,413531,128x,300ms,25,64,0,68,561,495,1565,558,180,94,68,43,1618
2026-09-15T20:43:14.566564+00:00,574,414253,128x,300ms,25,64,0,68,561,495,1565,558,180,94,68,42,1619
2026-09-15T20:43:15.285294+00:00,575,414976,128x,300ms,25,64,0,68,561,495,1564,558,181,94,68,43,1620
2026-09-15T20:43:16.005210+00:00,576,415698,128x,300ms,25,64,1,68,561,495,1563,558,180,94,68,43,1619
2026-09-15T20:43:16.732963+00:00,577,416420,128x,300ms,25,64,1,68,561,495,1564,558,181,94,68,43,1619
2026-09-15T20:43:17.452785+00:00,578,417142,128x,300ms,25,64,1,68,560,495,1564,558,180,94,68,43,1619
2026-09-15T20:43:18.172982+00:00,579,417865,128x,300ms,25,64,1,68,560,495,1563,558,180,94,68,43,1620
2026-09-15T20:43:18.901472+00:00,580,418587,128x,300ms,25,64,1,68,560,496,1565,558,180,94,68,43,1619
2026-09-15T20:43:19.621428+00:00,581,419310,128x,300ms,25,64,0,68,561,495,1564,558,180,94,68,43,1620
2026-09-15T20:43:20.341421+00:00,582,420033,128x,300ms,25,64,0,68,561,496,1565,558,180,94,68,43,1620
2026-09-15T20:43:21.061283+00:00,583,420755,128x,300ms,25,64,0,68,561,495,1565,558,180,94,68,43,1619
2026-09-15T20:43:21.789724+00:00,584,421478,128x,300ms,25,64,0,68,561,495,1564,558,180,94,68,43,1619
2026-09-15T20:43:22.508942+00:00,585,422201,128x,300ms,25,64,0,68,561,495,1564,558,180,94,68,43,1620
2026-09-15T20:43:23.229600+00:00,586,422924,128x,300ms,25,64,1,68,561,495,1565,558,180,95,68,43,1620
2026-09-15T20:43:23.948679+00:00,587,423647,128x,300ms,25,64,1,68,560,495,1565,558,181,94,68,43,1620
2026-09-15T20:43:24.669656+00:00,588,424369,128x,300ms,25,64,1,69,560,495,1565,558,180,94,68,42,1620
2026-09-15T20:43:25.397510+00:00,589,425091,128x,300ms,25,64,1,68,561,495,1564,558,180,94,68,43,1619
2026-09-15T20:43:26.116911+00:00,590,425814,128x,300ms,25,64,1,68,560,495,1564,558,180,94,68,43,1619
2026-09-15T20:43:26.844800+00:00,591,426535,128x,300ms,25,64,0,68,561,495,1565,558,180,94,68,43,1620
2026-09-15T20:43:27.564633+00:00,592,427258,128x,300ms,25,64,0,68,560,495,1566,558,181,94,68,43,1620
2026-09-15T20:43:28.284718+00:00,593,427981,128x,300ms,25,64,0,68,561,495,1565,559,181,94,68,43,1620
2026-09-15T20:43:29.012687+00:00,594,428704,128x,300ms,25,64,0,68,560,495,1565,559,180,94,68,43,1620
2026-09-15T20:43:29.733461+00:00,595,429427,128x,300ms,25,64,0,68,560,495,1565,558,180,94,68,43,1620
2026-09-15T20:43:30.453040+00:00,596,430150,128x,300ms,25,64,1,69,561,496,1565,559,180,94,68,43,1619
2026-09-15T20:43:31.181110+00:00,597,430873,128x,300ms,25,64,1,68,560,496,1565,559,180,94,68,43,1620
2026-09-15T20:43:31.902474+00:00,598,431595,128x,300ms,25,64,1,69,560,495,1565,558,180,94,68,43,1619
2026-09-15T20:43:32.621251+00:00,599,432318,128x,300ms,25,64,1,68,561,495,1565,558,180,94,68,43,1620
2026-09-15T20:43:33.348821+00:00,600,433040,128x,300ms,25,64,1,68,560,495,1566,558,181,94,68,43,1620
2026-09-15T20:43:34.068602+00:00,601,433762,128x,300ms,25,64,0,68,561,495,1566,558,181,94,68,43,1620
2026-09-15T20:43:34.789119+00:00,602,434485,128x,300ms,25,64,0,68,560,495,1565,558,180,94,68,43,1619
2026-09-15T20:43:35.508689+00:00,603,435209,128x,300ms,25,64,0,69,560,496,1566,558,181,94,68,43,1620
2026-09-15T20:43:36.237266+00:00,604,435931,128x,300ms,25,64,0,69,561,495,1565,558,180,94,68,43,1620
2026-09-15T20:43:36.957403+00:00,605,436654,128x,300ms,25,64,0,68,561,496,1566,559,180,94,68,43,1619
2026-09-15T20:43:37.678041+00:00,606,437377,128x,300ms,25,64,1,68,560,495,1566,558,180,94,68,43,1620
2026-09-15T20:43:38.397594+00:00,607,438099,128x,300ms,25,64,1,68,560,495,1566,558,180,94,68,43,1619
2026-09-15T20:43:39.117537+00:00,608,438821,128x,300ms,25,64,1,68,559,494,1563,557,180,94,68,43,1617
2026-09-15T20:43:39.844766+00:00,609,439543,128x,300ms,25,64,1,68,560,494,1563,558,180,94,67,43,1617
2026-09-15T20:43:40.564999+00:00,610,440265,128x,300ms,25,64,1,68,560,495,1565,558,180,94,68,43,1620
2026-09-15T20:43:41.285197+00:00,611,440987,128x,300ms,25,64,0,68,560,495,1565,558,180,94,68,43,1620
2026-09-15T20:43:42.013391+00:00,612,441711,128x,300ms,25,64,0,68,560,495,1565,558,180,94,68,43,1620
2026-09-15T20:43:42.733492+00:00,613,442434,128x,300ms,25,64,0,68,560,495,1564,558,181,94,68,43,1620
2026-09-15T20:43:43.453520+00:00,614,443157,128x,300ms,25,64,0,68,561,495,1565,558,180,94,68,43,1620
2026-09-15T20:43:44.172902+00:00,615,443880,128x,300ms,25,64,0,69,561,496,1568,558,180,94,67,43,1620
2026-09-15T20:43:44.901575+00:00,616,444603,128x,300ms,25,64,1,68,560,495,1564,216,69,35,24,14,617
2026-09-15T20:43:45.622545+00:00,617,445324,128x,300ms,25,64,1,30,243,214,678,495,160,83,60,37,1435
2026-09-15T20:43:46.341151+00:00,618,446046,128x,300ms,25,64,1,68,561,496,1565,559,180,94,68,43,1621
2026-09-15T20:43:47.061172+00:00,619,446769,128x,300ms,25,64,1,68,561,496,1566,558,180,94,68,43,1621
2026-09-15T20:43:47.788813+00:00,620,447491,128x,300ms,25,64,1,68,561,495,1567,558,180,94,68,43,1621
2026-09-15T20:43:48.509425+00:00,621,448212,128x,300ms,25,64,0,69,561,495,1566,559,180,94,68,43,1621
2026-09-15T20:43:49.236845+00:00,622,448935,128x,300ms,25,64,0,68,561,496,1566,559,181,94,68,43,1621
2026-09-15T20:43:49.957327+00:00,623,449658,128x,300ms,25,64,0,69,561,495,1566,559,180,94,68,43,1621
2026-09-15T20:43:50.677140+00:00,624,450381,128x,300ms,25,64,0,69,560,496,1566,559,181,94,68,43,1620
2026-09-15T20:43:51.405375+00:00,625,451104,128x,300ms,25,64,0,68,561,496,1567,558,180,94,68,42,1621
2026-09-15T20:43:52.124946+00:00,626,451826,128x,300ms,25,64,1,68,561,495,1566,559,180,94,68,43,1621
2026-09-15T20:43:52.845553+00:00,627,452549,128x,300ms,25,64,1,68,561,495,1565,559,180,94,68,43,1621
2026-09-15T20:43:53.564971+00:00,628,453271,128x,300ms,25,64,1,69,560,495,1566,558,181,94,68,43,1621
2026-09-15T20:43:54.285539+00:00,629,453993,128x,300ms,25,64,1,69,561,496,1566,559,181,94,68,43,1621
2026-09-15T20:43:55.012924+00:00,630,454715,128x,300ms,25,64,1,69,561,495,1567,558,180,94,68,43,1620
2026-09-15T20:43:55.733614+00:00,631,455438,128x,300ms,25,64,0,68,560,496,1566,559,180,94,68,43,1621
2026-09-15T20:43:56.453420+00:00,632,456161,128x,300ms,25,64,0,68,560,496,1566,559,180,94,68,43,1620
2026-09-15T20:43:57.173319+00:00,633,456884,128x,300ms,25,64,0,68,561,495,1566,559,181,94,68,43,1621
2026-09-15T20:43:57.901214+00:00,634,457607,128x,300ms,25,64,0,68,561,496,1566,559,180,94,68,43,1621
2026-09-15T20:43:58.621549+00:00,635,458330,128x,300ms,25,64,0,69,561,495,1566,559,181,94,68,43,1621
2026-09-15T20:43:59.341522+00:00,636,459052,128x,300ms,25,64,1,68,561,495,1567,559,181,94,68,43,1622
2026-09-15T20:44:00.068801+00:00,637,459774,128x,300ms,25,64,1,68,561,495,1566,559,181,94,68,43,1621
2026-09-15T20:44:00.788652+00:00,638,460496,128x,300ms,25,64,1,68,560,495,1566,558,180,94,68,43,1621
2026-09-15T20:44:01.508701+00:00,639,461218,128x,300ms,25,64,1,68,560,496,1565,558,180,94,68,43,1621
2026-09-15T20:44:02.229224+00:00,640,461940,128x,300ms,25,64,1,69,561,495,1566,559,181,94,68,43,1621
2026-09-15T20:44:02.949700+00:00,641,462662,128x,300ms,25,64,0,68,561,496,1567,559,181,94,68,43,1621
2026-09-15T20:44:03.676840+00:00,642,463385,128x,300ms,25,64,0,69,561,496,1566,559,181,94,68,43,1621
2026-09-15T20:44:04.397308+00:00,643,464108,128x,300ms,25,64,0,69,561,496,1567,559,180,94,68,43,1620
2026-09-15T20:44:05.117499+00:00,644,464831,128x,300ms,25,64,0,68,561,495,1566,559,181,94,68,43,1621
2026-09-15T20:44:05.845183+00:00,645,465553,128x,300ms,25,64,0,68,561,495,1567,559,181,94,68,43,1621
2026-09-15T20:44:06.565342+00:00,646,466276,128x,300ms,25,64,1,68,561,496,1566,559,181,94,68,43,1621
2026-09-15T20:44:07.285012+00:00,647,466998,128x,300ms,25,64,1,68,560,496,1567,559,181,94,68,43,1622
2026-09-15T20:44:08.005407+00:00,648,467721,128x,300ms,25,64,1,68,561,496,1567,559,181,94,68,43,1622
2026-09-15T20:44:08.733056+00:00,649,468443,128x,300ms,25,64,1,68,560,496,1567,559,180,94,68,43,1622
2026-09-15T20:44:09.453111+00:00,650,469165,128x,300ms,25,64,1,68,561,495,1567,559,180,94,68,43,1621
2026-09-15T20:44:10.172829+00:00,651,469886,128x,300ms,25,64,0,68,561,496,1567,559,180,94,68,43,1621
2026-09-15T20:44:10.901659+00:00,652,470609,128x,300ms,25,64,0,69,561,496,1566,559,181,94,68,43,1622
2026-09-15T20:44:11.620932+00:00,653,471332,128x,300ms,25,64,0,68,561,496,1567,559,181,94,68,43,1622
2026-09-15T20:44:12.341501+00:00,654,472055,128x,300ms,25,64,0,69,561,496,1566,559,180,94,68,43,1622
2026-09-15T20:44:13.069299+00:00,655,472778,128x,300ms,25,64,0,68,561,496,1567,559,181,94,68,43,1620
2026-09-15T20:44:13.789025+00:00,656,473500,128x,300ms,25,64,1,68,560,495,1567,559,180,94,68,43,1621
2026-09-15T20:44:14.508905+00:00,657,474223,128x,300ms,25,64,1,68,561,496,1567,559,181,94,68,43,1621
2026-09-15T20:44:15.229053+00:00,658,474945,128x,300ms,25,64,1,68,561,496,1568,559,181,94,68,43,1622
2026-09-15T20:44:15.957231+00:00,659,475667,128x,300ms,25,64,1,68,560,496,1568,559,181,94,68,43,1621
2026-09-15T20:44:16.677820+00:00,660,476389,128x,300ms,25,64,1,68,561,496,1568,559,180,94,68,43,1621
2026-09-15T20:44:17.397405+00:00,661,477111,128x,300ms,25,64,0,68,561,496,1567,559,180,94,68,43,1622
2026-09-15T20:44:18.124781+00:00,662,477834,128x,300ms,25,64,0,68,560,496,1568,559,181,94,68,43,1622
2026-09-15T20:44:18.845079+00:00,663,478557,128x,300ms,25,64,0,68,561,496,1568,559,181,94,68,43,1622
2026-09-15T20:44:18.876674+00:00,664,479280,128x,300ms,25,64,0,68,560,496,1567,559,181,94,68,43,1621
2026-09-15T20:44:19.804640+00:00,665,480003,128x,300ms,25,64,0,68,561,496,1568,559,181,94,68,43,1622
2026-09-15T20:44:20.357395+00:00,666,480964,128x,400ms,25,64,1,91,748,661,2090,745,241,126,90,58,2162
2026-09-15T20:44:21.396602+00:00,667,481520,128x,200ms,25,64,1,45,374,330,1045,373,120,63,45,29,1082
2026-09-15T20:44:21.916668+00:00,668,482040,128x,200ms,25,64,1,45,374,331,1045,373,120,63,45,29,1081
2026-09-15T20:44:22.436946+00:00,669,482561,128x,200ms,25,64,1,46,374,331,1045,373,120,63,45,29,1081
2026-09-15T20:44:22.956854+00:00,670,483081,128x,200ms,25,64,1,46,374,331,1045,373,120,63,45,29,1080
2026-09-15T20:44:23.477768+00:00,671,483601,128x,200ms,25,64,0,46,374,331,1045,373,120,63,46,29,1081
2026-09-15T20:44:23.996756+00:00,672,484122,128x,200ms,25,64,0,46,374,331,1045,373,120,63,45,29,1082
2026-09-15T20:44:24.516778+00:00,673,484642,128x,200ms,25,64,0,46,374,330,1045,373,120,63,45,29,1081
2026-09-15T20:44:25.036779+00:00,674,485163,128x,200ms,25,64,0,45,374,331,1046,373,120,63,45,28,1081
2026-09-15T20:44:25.556756+00:00,675,485683,128x,200ms,25,64,0,46,374,331,1045,373,120,63,45,29,1082
2026-09-15T20:44:26.077949+00:00,676,486203,128x,200ms,25,64,0,46,374,331,1046,373,120,63,45,29,1081
2026-09-15T20:44:26.596684+00:00,677,486723,128x,200ms,25,64,1,45,374,331,1046,373,120,63,45,29,1081
2026-09-15T20:44:27.117324+00:00,678,487243,128x,200ms,25,64,1,46,374,331,1046,373,120,63,45,29,1081
2026-09-15T20:44:27.645099+00:00,679,487763,128x,200ms,25,64,1,45,374,331,1046,373,120,63,45,29,1081
2026-09-15T20:44:28.165177+00:00,680,488284,128x,200ms,25,64,1,46,374,330,1046,373,120,62,45,29,1080
2026-09-15T20:44:28.684676+00:00,681,488804,128x,200ms,25,64,1,45,374,331,1046,373,120,63,45,29,1081
2026-09-15T20:44:29.206379+00:00,682,489324,128x,200ms,25,64,1,45,374,330,1045,373,120,63,45,28,1082
2026-09-15T20:44:29.724806+00:00,683,489844,128x,200ms,25,64,0,46,374,331,1046,373,120,62,45,29,1082
2026-09-15T20:44:30.244753+00:00,684,490365,128x,200ms,25,64,0,46,374,331,1045,373,120,63,45,29,1081
2026-09-15T20:44:30.766065+00:00,685,490886,128x,200ms,25,64,0,45,374,331,1046,373,121,62,45,29,1082
2026-09-15T20:44:31.284595+00:00,686,491406,128x,200ms,25,64,0,45,373,331,1045,374,121,63,45,29,1084
2026-09-15T20:44:31.804642+00:00,687,491926,128x,200ms,25,64,0,46,378,335,1058,377,122,63,46,29,1094
2026-09-15T20:44:32.324860+00:00,688,492446,128x,200ms,25,64,0,46,379,336,1060,377,122,63,46,29,1092
2026-09-15T20:44:32.844837+00:00,689,492966,128x,200ms,25,64,1,46,379,336,1059,377,122,63,46,29,1092
2026-09-15T20:44:33.365698+00:00,690,493487,128x,200ms,25,64,1,47,378,336,1059,377,122,63,46,29,1090
2026-09-15T20:44:33.884726+00:00,691,494007,128x,200ms,25,64,1,46,378,335,1058,377,122,63,46,29,1091
2026-09-15T20:44:34.404955+00:00,692,494527,128x,200ms,25,64,1,46,378,335,1058,376,122,63,46,29,1090
2026-09-15T20:44:34.924673+00:00,693,495048,128x,200ms,25,64,1,46,378,335,1057,376,121,63,46,29,1088
2026-09-15T20:44:35.445244+00:00,694,495567,128x,200ms,25,64,1,46,377,334,1054,375,121,63,46,29,1086
2026-09-15T20:44:35.965073+00:00,695,496088,128x,200ms,25,64,0,46,376,334,1053,375,121,63,46,29,1085
2026-09-15T20:44:36.484928+00:00,696,496609,128x,200ms,25,64,0,46,376,333,1053,375,121,63,46,28,1084
2026-09-15T20:44:37.005381+00:00,697,497129,128x,200ms,25,64,0,46,376,333,1052,375,121,63,45,29,1084
2026-09-15T20:44:37.525008+00:00,698,497649,128x,200ms,25,64,0,46,376,334,1052,375,121,63,46,29,1083
2026-09-15T20:44:38.045020+00:00,699,498170,128x,200ms,25,64,0,45,376,333,1052,374,121,63,45,28,1084
2026-09-15T20:44:38.565118+00:00,700,498691,128x,200ms,25,64,0,46,376,333,1052,374,121,63,46,29,1084
2026-09-15T20:44:39.084974+00:00,701,499211,128x,200ms,25,64,1,46,375,333,1052,374,121,63,45,29,1082
2026-09-15T20:44:39.604924+00:00,702,499731,128x,200ms,25,64,1,46,374,331,1046,374,121,63,46,29,1085
2026-09-15T20:44:40.124577+00:00,703,500251,128x,200ms,25,64,1,46,374,332,1048,374,121,63,45,29,1085
2026-09-15T20:44:40.645324+00:00,704,500771,128x,200ms,25,64,1,46,374,332,1048,373,121,63,45,28,1085
2026-09-15T20:44:41.165104+00:00,705,501292,128x,200ms,25,64,1,46,373,331,1045,372,120,63,45,28,1082
2026-09-15T20:44:41.684874+00:00,706,501812,128x,200ms,25,64,1,45,373,331,1044,370,120,62,45,28,1071
2026-09-15T20:44:42.204676+00:00,707,502332,128x,200ms,25,64,0,45,365,324,1025,363,117,61,44,28,1049
2026-09-15T20:44:42.725620+00:00,708,502853,128x,200ms,25,64,0,45,366,325,1028,366,118,61,44,28,1058
2026-09-15T20:44:43.245537+00:00,709,503373,128x,200ms,25,64,0,45,366,325,1027,366,118,62,45,28,1056
2026-09-15T20:44:43.764590+00:00,710,503895,128x,200ms,25,64,0,45,366,324,1026,370,120,62,45,28,1068
2026-09-15T20:44:44.285004+00:00,711,504415,128x,200ms,25,64,0,46,376,333,1052,376,121,63,46,29,1077
2026-09-15T20:44:44.805329+00:00,712,504935,128x,200ms,25,64,0,46,377,334,1054,372,120,62,45,28,1067
2026-09-15T20:44:45.325610+00:00,713,505455,128x,200ms,25,64,1,46,374,331,1044,374,121,63,45,28,1074
2026-09-15T20:44:45.844993+00:00,714,505975,128x,200ms,25,64,1,46,375,332,1048,374,121,63,45,29,1074
2026-09-15T20:44:46.365671+00:00,715,506496,128x,200ms,25,64,1,46,375,332,1048,374,121,63,46,29,1075
2026-09-15T20:44:46.884545+00:00,716,507016,128x,200ms,25,64,1,46,374,331,1047,373,121,63,45,29,1075
2026-09-15T20:44:47.405369+00:00,717,507536,128x,200ms,25,64,1,46,378,333,1047,390,128,68,52,30,1209
2026-09-15T20:44:47.924785+00:00,718,508056,128x,200ms,25,64,1,62,642,470,1153,377,122,64,46,29,1083
2026-09-15T20:44:48.444904+00:00,719,508576,128x,200ms,25,64,0,47,390,342,1060,379,124,65,47,30,1095
2026-09-15T20:44:48.965247+00:00,720,509097,128x,200ms,25,64,0,47,390,341,1060,378,123,65,47,29,1092
2026-09-15T20:44:49.476801+00:00,721,509618,128x,200ms,25,64,0,47,395,342,1055,284,97,56,46,22,1077
2026-09-15T20:44:49.997810+00:00,722,510138,128x,200ms,25,64,0,1,27,12,3,7,2,0,0,0,27
2026-09-15T20:44:50.508820+00:00,723,510653,128x,200ms,25,64,0,1,27,13,3,7,2,1,0,0,27
2026-09-15T20:44:51.029415+00:00,724,511169,128x,200ms,25,64,0,0,27,12,3,7,2,0,0,0,27
2026-09-15T20:44:51.541299+00:00,725,511684,128x,200ms,25,64,1,1,27,12,3,7,2,0,0,0,27
2026-09-15T20:44:52.061701+00:00,726,512200,128x,200ms,25,64,1,1,27,12,3,7,2,0,0,0,26
2026-09-15T20:44:52.572592+00:00,727,512716,128x,200ms,25,64,1,0,26,13,3,7,2,0,0,0,26
2026-09-15T20:44:53.094027+00:00,728,513232,128x,200ms,25,64,1,1,27,12,3,7,2,0,0,0,26
2026-09-15T20:44:53.613615+00:00,729,513748,128x,200ms,25,64,1,0,27,12,3,7,2,0,0,0,26
2026-09-15T20:44:54.133367+00:00,730,514265,128x,200ms,25,64,1,15,159,109,280,376,122,64,46,29,1080
2026-09-15T20:44:54.652546+00:00,731,514785,128x,200ms,25,64,0,46,377,332,1053,377,123,64,46,29,1080
2026-09-15T20:44:55.173562+00:00,732,515305,128x,200ms,25,64,0,46,378,332,1053,377,123,64,46,29,1082
2026-09-15T20:44:55.693310+00:00,733,515825,128x,200ms,25,64,0,46,377,332,1053,377,123,64,46,29,1081
2026-09-15T20:44:56.213313+00:00,734,516345,128x,200ms,25,64,0,46,377,332,1053,377,123,64,46,29,1081
2026-09-15T20:44:56.733424+00:00,735,516866,128x,200ms,25,64,0,46,377,332,1053,377,123,64,46,29,1081
2026-09-15T20:44:57.253046+00:00,736,517386,128x,200ms,25,64,0,46,378,332,1052,377,122,64,46,29,1080
2026-09-15T20:44:57.773295+00:00,737,517906,128x,200ms,25,64,1,46,377,332,1052,376,121,63,46,29,1080
2026-09-15T20:44:58.293012+00:00,738,518426,128x,200ms,25,64,1,49,413,355,1099,398,129,67,48,30,1140
2026-09-15T20:44:58.805100+00:00,739,518946,128x,200ms,25,64,1,52,450,347,1094,408,135,74,58,32,1339
2026-09-15T20:44:59.334387+00:00,740,519467,128x,200ms,25,64,1,55,506,419,1168,378,122,64,46,29,1096
2026-09-15T20:44:59.852557+00:00,741,519987,128x,200ms,25,64,1,46,378,334,1046,373,121,63,45,29,1076
2026-09-15T20:45:00.372556+00:00,742,520507,128x,200ms,25,64,1,46,381,335,1047,373,121,63,45,29,1076
2026-09-15T20:45:00.893277+00:00,743,521027,128x,200ms,25,64,0,46,380,335,1047,373,121,63,45,29,1077
2026-09-15T20:45:01.413359+00:00,744,521547,128x,200ms,25,64,0,46,381,335,1047,373,120,63,46,29,1076
2026-09-15T20:45:01.933213+00:00,745,522067,128x,200ms,25,64,0,46,381,335,1047,373,121,63,46,28,1076
2026-09-15T20:45:02.453067+00:00,746,522588,128x,200ms,25,64,0,46,381,336,1047,373,121,63,46,29,1076
2026-09-15T20:45:02.973032+00:00,747,523108,128x,200ms,25,64,0,46,381,336,1047,373,121,63,46,28,1076
2026-09-15T20:45:03.493350+00:00,748,523629,128x,200ms,25,64,0,46,381,336,1047,373,120,63,45,29,1076
2026-09-15T20:45:04.012605+00:00,749,524149,128x,200ms,25,64,1,46,381,335,1047,373,121,63,45,29,1075
2026-09-15T20:45:04.533157+00:00,750,524668,128x,200ms,25,64,1,46,381,336,1047,373,120,63,46,29,1076
2026-09-15T20:45:05.052839+00:00,751,525190,128x,200ms,25,64,1,46,381,336,1047,373,120,63,46,29,1076
2026-09-15T20:45:05.573523+00:00,752,525709,128x,200ms,25,64,1,46,381,335,1047,373,121,63,46,28,1076
2026-09-15T20:45:06.093082+00:00,753,526229,128x,200ms,25,64,1,46,381,336,1047,373,121,63,46,29,1075
2026-09-15T20:45:06.612865+00:00,754,526749,128x,200ms,25,64,1,46,381,335,1046,373,120,63,46,29,1076
2026-09-15T20:45:07.133393+00:00,755,527269,128x,200ms,25,64,0,46,381,335,1047,373,120,63,46,29,1076
2026-09-15T20:45:07.653770+00:00,756,527790,128x,200ms,25,64,0,46,380,335,1047,373,120,63,45,29,1075
2026-09-15T20:45:08.172849+00:00,757,528311,128x,200ms,25,64,0,46,381,335,1047,373,120,63,46,29,1076
2026-09-15T20:45:08.693498+00:00,758,528831,128x,200ms,25,64,0,46,381,336,1046,373,120,63,46,29,1076
2026-09-15T20:45:09.213042+00:00,759,529351,128x,200ms,25,64,0,46,381,336,1047,373,121,63,46,29,1077
2026-09-15T20:45:09.732781+00:00,760,529871,128x,200ms,25,64,0,46,381,336,1047,373,121,63,46,29,1077
2026-09-15T20:45:10.252694+00:00,761,530392,128x,200ms,25,64,1,46,381,335,1047,373,120,63,46,29,1077
2026-09-15T20:45:10.773228+00:00,762,530912,128x,200ms,25,64,1,46,381,336,1047,373,120,63,45,28,1077
2026-09-15T20:45:11.293286+00:00,763,531432,128x,200ms,25,64,1,46,381,335,1046,373,121,63,46,29,1077
2026-09-15T20:45:11.813301+00:00,764,531952,128x,200ms,25,64,1,46,381,336,1047,373,120,63,46,29,1076
2026-09-15T20:45:12.333303+00:00,765,532472,128x,200ms,25,64,1,46,381,336,1047,373,120,63,46,29,1077
2026-09-15T20:45:12.853289+00:00,766,532993,128x,200ms,25,64,1,46,381,336,1047,373,121,63,46,29,1077
2026-09-15T20:45:13.373005+00:00,767,533512,128x,200ms,25,64,0,46,381,336,1048,373,120,63,45,29,1077
2026-09-15T20:45:13.892971+00:00,768,534032,128x,200ms,25,64,0,46,381,336,1047,373,121,63,46,29,1076
2026-09-15T20:45:14.412710+00:00,769,534553,128x,200ms,25,64,0,46,381,336,1047,373,121,63,46,29,1076
2026-09-15T20:45:14.933500+00:00,770,535073,128x,200ms,25,64,0,46,381,336,1047,373,121,63,46,28,1077
2026-09-15T20:45:15.452997+00:00,771,535593,128x,200ms,25,64,0,46,381,336,1047,373,121,63,46,28,1076
2026-09-15T20:45:15.973381+00:00,772,536114,128x,200ms,25,64,0,46,381,336,1047,373,121,63,45,28,1077
2026-09-15T20:45:16.492988+00:00,773,536634,128x,200ms,25,64,1,46,381,336,1047,373,120,63,45,29,1077
2026-09-15T20:45:17.012578+00:00,774,537154,128x,200ms,25,64,1,46,381,336,1047,373,121,63,46,29,1076
2026-09-15T20:45:17.525185+00:00,775,537674,128x,200ms,25,64,1,46,381,335,1047,373,121,63,46,29,1077
2026-09-15T20:45:18.053116+00:00,776,538193,128x,200ms,25,64,1,46,381,336,1047,373,121,63,45,29,1077
2026-09-15T20:45:18.572795+00:00,777,538714,128x,200ms,25,64,1,46,381,336,1048,373,121,63,46,29,1077
2026-09-15T20:45:19.092802+00:00,778,539234,128x,200ms,25,64,1,46,381,336,1047,373,121,63,46,29,1077
2026-09-15T20:45:19.613511+00:00,779,539753,128x,200ms,25,64,0,46,381,336,1047,373,121,63,46,29,1076
2026-09-15T20:45:20.132903+00:00,780,540273,128x,200ms,25,64,0,46,381,336,1047,373,121,63,46,29,1077
2026-09-15T20:45:20.652996+00:00,781,540794,128x,200ms,25,64,0,46,381,336,1047,373,121,63,46,29,1077
2026-09-15T20:45:21.173542+00:00,782,541315,128x,200ms,25,64,0,46,381,336,1047,373,121,63,46,29,1077
2026-09-15T20:45:21.693781+00:00,783,541835,128x,200ms,25,64,0,46,381,336,1047,373,121,63,46,28,1077
2026-09-15T20:45:22.212766+00:00,784,542355,128x,200ms,25,64,0,46,381,336,1047,373,121,63,46,29,1077
2026-09-15T20:45:22.732966+00:00,785,542875,128x,200ms,25,64,1,46,381,336,1048,373,121,63,46,29,1077
2026-09-15T20:45:23.253353+00:00,786,543394,128x,200ms,25,64,1,46,381,336,1047,373,121,63,46,29,1077
2026-09-15T20:45:23.765242+00:00,787,543915,128x,200ms,25,64,1,46,381,336,1048,374,120,63,46,29,1077
2026-09-15T20:45:24.284593+00:00,788,544435,128x,200ms,25,64,1,46,381,336,1048,373,121,63,46,29,1077
2026-09-15T20:45:24.805196+00:00,789,544955,128x,200ms,25,64,1,46,381,336,1048,373,120,63,46,29,1076
2026-09-15T20:45:25.324684+00:00,790,545475,128x,200ms,25,64,1,46,381,336,1047,373,121,63,46,29,1076
2026-09-15T20:45:25.844648+00:00,791,545995,128x,200ms,25,64,0,46,381,336,1048,373,121,63,46,29,1077
2026-09-15T20:45:26.364877+00:00,792,546515,128x,200ms,25,64,0,46,381,336,1047,373,121,63,46,29,1077
2026-09-15T20:45:26.884942+00:00,793,547036,128x,200ms,25,64,0,46,381,336,1048,373,121,63,46,29,1076
2026-09-15T20:45:27.412803+00:00,794,547556,128x,200ms,25,64,0,46,381,336,1048,373,120,63,45,29,1077
2026-09-15T20:45:27.925431+00:00,795,548076,128x,200ms,25,64,0,46,381,336,1048,373,121,63,46,29,1077
2026-09-15T20:45:28.452711+00:00,796,548597,128x,200ms,25,64,0,46,381,336,1048,374,121,63,46,29,1078
2026-09-15T20:45:28.973461+00:00,797,549117,128x,200ms,25,64,1,46,381,336,1048,373,121,63,46,29,1077
2026-09-15T20:45:29.492934+00:00,798,549637,128x,200ms,25,64,1,46,381,336,1047,373,121,63,46,29,1077
2026-09-15T20:45:30.012718+00:00,799,550157,128x,200ms,25,64,1,46,381,336,1048,373,121,63,45,29,1078
2026-09-15T20:45:30.533247+00:00,800,550677,128x,200ms,25,64,1,46,381,336,1048,373,121,63,46,29,1076
2026-09-15T20:45:31.052905+00:00,801,551197,128x,200ms,25,64,1,46,381,336,1047,373,121,63,46,29,1076
2026-09-15T20:45:31.573241+00:00,802,551717,128x,200ms,25,64,1,46,383,337,1048,373,121,63,46,29,1079
2026-09-15T20:45:32.093847+00:00,803,552237,128x,200ms,25,64,0,46,383,335,1047,375,122,64,46,29,1081
2026-09-15T20:45:32.605291+00:00,804,552758,128x,200ms,25,64,0,47,382,335,1048,376,123,64,46,29,1083
2026-09-15T20:45:33.125381+00:00,805,553278,128x,200ms,25,64,0,69,758,520,1146,175,63,38,34,14,786
2026-09-15T20:45:33.637261+00:00,806,553798,128x,200ms,25,64,0,1,27,13,3,7,3,1,0,0,28
2026-09-15T20:45:34.148784+00:00,807,554313,128x,200ms,25,64,0,1,27,13,4,7,3,1,0,0,28
2026-09-15T20:45:34.669356+00:00,808,554828,128x,200ms,25,64,0,1,27,13,3,7,3,1,0,0,28
2026-09-15T20:45:35.181282+00:00,809,555344,128x,200ms,25,64,1,1,27,13,3,7,3,1,0,0,28
2026-09-15T20:45:35.701169+00:00,810,555859,128x,200ms,25,64,1,1,27,13,4,7,3,1,0,0,28
2026-09-15T20:45:36.213462+00:00,811,556376,128x,200ms,25,64,1,1,27,13,3,7,3,1,0,0,28
2026-09-15T20:45:36.732568+00:00,812,556892,128x,200ms,25,64,1,0,27,13,3,7,3,1,0,0,28
2026-09-15T20:45:37.244989+00:00,813,557408,128x,200ms,25,64,1,1,27,13,3,7,3,1,0,0,28
2026-09-15T20:45:37.756938+00:00,814,557924,128x,200ms,25,64,1,1,27,13,3,7,3,1,1,0,28
2026-09-15T20:45:38.276710+00:00,815,558439,128x,200ms,25,64,0,1,27,13,4,7,2,1,0,0,28
2026-09-15T20:45:38.796774+00:00,816,558954,128x,200ms,25,64,0,1,27,13,3,7,3,1,0,0,28
2026-09-15T20:45:39.301386+00:00,817,559469,128x,200ms,25,64,0,1,27,13,4,7,2,1,0,0,28
2026-09-15T20:45:39.821983+00:00,818,559985,128x,200ms,25,64,0,1,27,13,3,7,3,1,0,0,28
2026-09-15T20:45:40.341120+00:00,819,560500,128x,200ms,25,64,0,1,27,13,4,7,3,1,0,0,28
2026-09-15T20:45:40.853424+00:00,820,561015,128x,200ms,25,64,0,1,27,13,3,7,3,1,0,0,28
2026-09-15T20:45:41.373101+00:00,821,561530,128x,200ms,25,64,1,1,27,13,3,7,3,1,0,0,28
2026-09-15T20:45:41.884972+00:00,822,562046,128x,200ms,25,64,1,1,27,13,4,7,3,1,1,0,28
2026-09-15T20:45:42.405287+00:00,823,562563,128x,200ms,25,64,1,1,27,13,4,8,3,1,0,0,28
2026-09-15T20:45:42.917190+00:00,824,563078,128x,200ms,25,64,1,1,27,13,4,7,3,1,0,0,28
2026-09-15T20:45:43.428954+00:00,825,563594,128x,200ms,25,64,1,1,27,13,3,7,3,1,0,0,28
2026-09-15T20:45:43.949043+00:00,826,564110,128x,200ms,25,64,1,1,27,13,3,7,3,1,0,0,28
2026-09-15T20:45:44.461179+00:00,827,564626,128x,200ms,25,64,0,1,27,13,4,7,3,1,0,0,28
2026-09-15T20:45:44.980513+00:00,828,565141,128x,200ms,25,64,0,0,27,13,3,7,3,1,0,0,28
2026-09-15T20:45:45.493322+00:00,829,565656,128x,200ms,25,64,0,0,27,13,3,7,2,1,0,0,28
2026-09-15T20:45:46.004916+00:00,830,566172,128x,200ms,25,64,0,1,27,13,3,7,3,1,0,0,28
2026-09-15T20:45:46.524576+00:00,831,566687,128x,200ms,25,64,0,1,27,13,3,7,3,1,0,0,28
2026-09-15T20:45:47.037209+00:00,832,567202,128x,200ms,25,64,0,1,27,13,3,7,3,1,0,0,28
2026-09-15T20:45:47.557370+00:00,833,567717,128x,200ms,25,64,1,0,27,13,3,7,3,1,1,0,28
2026-09-15T20:45:48.069243+00:00,834,568233,128x,200ms,25,64,1,1,27,13,3,7,3,1,0,0,28
2026-09-15T20:45:48.581345+00:00,835,568750,128x,200ms,25,64,1,1,27,13,3,7,2,1,0,0,28
2026-09-15T20:45:49.101318+00:00,836,569266,128x,200ms,25,64,1,1,27,13,3,7,3,1,0,0,28
2026-09-15T20:45:49.613278+00:00,837,569781,128x,200ms,25,64,1,1,27,13,4,8,3,1,0,0,28
2026-09-15T20:45:50.133447+00:00,838,570297,128x,200ms,25,64,1,1,27,13,3,7,3,1,0,0,28
2026-09-15T20:45:50.645819+00:00,839,570813,128x,200ms,25,64,0,1,27,13,4,7,3,1,0,0,28
2026-09-15T20:45:51.156544+00:00,840,571328,128x,200ms,25,64,0,1,27,13,4,7,3,1,1,0,28
2026-09-15T20:45:51.677361+00:00,841,571843,128x,200ms,25,64,0,1,27,13,3,7,3,1,0,0,28
2026-09-15T20:45:52.188865+00:00,842,572359,128x,200ms,25,64,0,1,27,13,4,7,3,1,1,0,28
2026-09-15T20:45:52.709402+00:00,843,572874,128x,200ms,25,64,0,1,27,13,3,7,2,1,1,0,28
2026-09-15T20:45:53.220980+00:00,844,573389,128x,200ms,25,64,0,1,27,13,3,7,2,1,0,0,28
2026-09-15T20:45:53.741136+00:00,845,573904,128x,200ms,25,64,1,1,27,13,3,7,3,1,0,0,28
2026-09-15T20:45:54.253447+00:00,846,574420,128x,200ms,25,64,1,1,27,13,3,7,3,1,0,0,28
2026-09-15T20:45:54.765479+00:00,847,574937,128x,200ms,25,64,1,1,27,12,3,7,2,0,0,0,27
2026-09-15T20:45:55.286252+00:00,848,575453,128x,200ms,25,64,1,1,27,13,3,7,3,1,0,0,28
2026-09-15T20:45:55.804746+00:00,849,575968,128x,200ms,25,64,1,1,27,13,3,7,2,0,0,0,26
2026-09-15T20:45:56.324663+00:00,850,576484,128x,200ms,25,64,1,27,242,179,544,366,120,61,42,28,1005
2026-09-15T20:45:56.853258+00:00,851,577004,128x,200ms,25,64,0,43,320,273,1000,367,120,61,42,28,1004
2026-09-15T20:45:57.365446+00:00,852,577525,128x,200ms,25,64,0,43,320,273,1000,367,120,61,42,28,1003
2026-09-15T20:45:57.893784+00:00,853,578045,128x,200ms,25,64,0,43,319,273,1000,367,120,61,42,28,1003
2026-09-15T20:45:58.413145+00:00,854,578566,128x,200ms,25,64,0,43,319,273,1000,367,120,61,42,28,1003
2026-09-15T20:45:58.932620+00:00,855,579087,128x,200ms,25,64,0,43,319,273,1000,367,120,61,42,28,1003
2026-09-15T20:45:59.452794+00:00,856,579607,128x,200ms,25,64,0,43,319,273,999,367,120,61,42,28,1002
2026-09-15T20:45:59.965390+00:00,857,580127,128x,200ms,25,64,1,43,319,273,999,366,120,61,43,28,1002
2026-09-15T20:46:00.485525+00:00,858,580647,128x,200ms,25,64,1,43,319,273,998,366,120,61,42,28,1001
2026-09-15T20:46:01.006407+00:00,859,581167,128x,200ms,25,64,1,43,318,273,999,366,119,61,42,28,1001
2026-09-15T20:46:01.525218+00:00,860,581687,128x,200ms,25,64,1,43,318,273,999,365,119,61,42,28,999
2026-09-15T20:46:02.045307+00:00,861,582206,128x,200ms,25,64,1,43,317,272,996,364,117,59,41,27,996
2026-09-15T20:46:02.565616+00:00,862,582726,128x,200ms,25,64,1,43,316,271,992,364,117,60,41,27,1001
2026-09-15T20:46:03.085243+00:00,863,583245,128x,200ms,25,64,0,43,326,291,1024,369,119,61,43,28,1030
2026-09-15T20:46:03.604819+00:00,864,583767,128x,200ms,25,64,0,43,330,294,1025,369,119,61,43,28,1031
2026-09-15T20:46:04.124661+00:00,865,584287,128x,200ms,25,64,0,44,330,293,1026,369,119,61,43,28,1031
2026-09-15T20:46:04.644573+00:00,866,584807,128x,200ms,25,64,0,44,330,294,1025,369,119,61,43,28,1030
2026-09-15T20:46:05.164665+00:00,867,585328,128x,200ms,25,64,0,43,330,294,1026,369,119,61,43,28,1031
2026-09-15T20:46:05.685303+00:00,868,585849,128x,200ms,25,64,0,43,330,293,1025,369,118,61,43,28,1031
2026-09-15T20:46:06.204704+00:00,869,586370,128x,200ms,25,64,1,43,330,294,1025,369,119,61,43,28,1030
2026-09-15T20:46:06.733667+00:00,870,586890,128x,200ms,25,64,1,44,330,293,1024,369,119,61,43,28,1030
2026-09-15T20:46:07.253666+00:00,871,587410,128x,200ms,25,64,1,43,330,293,1024,369,119,61,43,28,1030
2026-09-15T20:46:07.772625+00:00,872,587930,128x,200ms,25,64,1,43,330,294,1025,368,118,61,43,28,1030
2026-09-15T20:46:08.292682+00:00,873,588450,128x,200ms,25,64,1,43,329,294,1024,369,118,61,43,28,1030
2026-09-15T20:46:08.812535+00:00,874,588969,128x,200ms,25,64,1,43,329,293,1024,369,118,61,43,28,1030
2026-09-15T20:46:09.332822+00:00,875,589490,128x,200ms,25,64,0,44,330,293,1024,369,118,61,43,28,1030
2026-09-15T20:46:09.852950+00:00,876,590011,128x,200ms,25,64,0,44,330,293,1024,368,118,61,43,28,1030
2026-09-15T20:46:10.372601+00:00,877,590531,128x,200ms,25,64,0,43,329,293,1023,368,118,61,43,28,1029
2026-09-15T20:46:10.892888+00:00,878,591052,128x,200ms,25,64,0,43,328,293,1024,369,118,61,43,28,1031
2026-09-15T20:46:11.414023+00:00,879,591572,128x,200ms,25,64,0,44,331,295,1025,369,118,61,43,28,1033
2026-09-15T20:46:11.933026+00:00,880,592093,128x,200ms,25,64,0,43,331,295,1025,369,118,61,43,28,1033
2026-09-15T20:46:12.445206+00:00,881,592614,128x,200ms,25,64,1,44,332,296,1026,369,119,61,43,28,1034
2026-09-15T20:46:12.965431+00:00,882,593134,128x,200ms,25,64,1,44,332,295,1026,369,119,61,43,28,1033
2026-09-15T20:46:13.484992+00:00,883,593653,128x,200ms,25,64,1,43,332,295,1026,369,119,61,43,28,1034
2026-09-15T20:46:14.005001+00:00,884,594173,128x,200ms,25,64,1,43,332,295,1026,369,119,61,43,28,1033
2026-09-15T20:46:14.524895+00:00,885,594694,128x,200ms,25,64,1,44,332,295,1026,369,118,61,43,28,1033
2026-09-15T20:46:15.046457+00:00,886,595214,128x,200ms,25,64,1,44,332,296,1025,369,119,61,43,28,1033
2026-09-15T20:46:15.565025+00:00,887,595733,128x,200ms,25,64,0,44,332,295,1026,369,119,61,43,28,1033
2026-09-15T20:46:16.092695+00:00,888,596254,128x,200ms,25,64,0,43,332,295,1026,369,119,61,43,28,1033
2026-09-15T20:46:16.613659+00:00,889,596774,128x,200ms,25,64,0,44,332,295,1026,369,119,61,43,28,1033
2026-09-15T20:46:17.132616+00:00,890,597296,128x,200ms,25,64,0,43,332,295,1025,369,119,61,43,28,1034
2026-09-15T20:46:17.652616+00:00,891,597817,128x,200ms,25,64,0,44,332,295,1025,369,119,61,43,28,1034
2026-09-15T20:46:18.173646+00:00,892,598337,128x,200ms,25,64,0,44,332,295,1026,369,119,61,43,28,1034
2026-09-15T20:46:18.692611+00:00,893,598858,128x,200ms,25,64,1,44,332,295,1026,369,119,61,43,28,1033
2026-09-15T20:46:19.212543+00:00,894,599378,128x,200ms,25,64,1,44,332,295,1026,369,119,61,43,28,1034
2026-09-15T20:46:19.733750+00:00,895,599898,128x,200ms,25,64,1,44,332,296,1026,369,119,61,43,28,1034
2026-09-15T20:46:20.252670+00:00,896,600418,128x,200ms,25,64,1,44,332,296,1026,369,118,61,43,28,1034
2026-09-15T20:46:20.773849+00:00,897,600938,128x,200ms,25,64,1,44,332,296,1026,369,119,61,43,28,1034
2026-09-15T20:46:21.292723+00:00,898,601457,128x,200ms,25,64,1,43,332,296,1025,369,119,61,43,28,1034
2026-09-15T20:46:21.814147+00:00,899,601977,128x,200ms,25,64,0,43,332,296,1025,368,119,61,43,28,1034
2026-09-15T20:46:22.333865+00:00,900,602499,128x,200ms,25,64,0,44,332,295,1025,369,118,61,43,28,1033
2026-09-15T20:46:22.852964+00:00,901,603019,128x,200ms,25,64,0,43,332,296,1026,369,119,61,43,28,1033
2026-09-15T20:46:23.373005+00:00,902,603540,128x,200ms,25,64,0,44,332,296,1025,369,118,61,43,28,1033
2026-09-15T20:46:23.894456+00:00,903,604060,128x,200ms,25,64,0,44,332,296,1025,368,118,61,43,28,1033
2026-09-15T20:46:24.413661+00:00,904,604581,128x,200ms,25,64,0,44,332,295,1025,369,119,61,43,28,1033
2026-09-15T20:46:24.932595+00:00,905,605102,128x,200ms,25,64,1,44,332,296,1026,369,118,61,43,28,1033
2026-09-15T20:46:25.452664+00:00,906,605622,128x,200ms,25,64,1,44,332,296,1025,369,119,61,43,28,1033
2026-09-15T20:46:25.973400+00:00,907,606142,128x,200ms,25,64,1,44,332,295,1025,369,119,61,43,28,1033
2026-09-15T20:46:26.493646+00:00,908,606661,128x,200ms,25,64,1,44,332,296,1025,369,118,61,43,28,1033
2026-09-15T20:46:27.012609+00:00,909,607181,128x,200ms,25,64,1,44,332,296,1025,369,119,61,43,28,1034
2026-09-15T20:46:27.533464+00:00,910,607702,128x,200ms,25,64,1,44,332,296,1026,368,118,61,43,28,1033
2026-09-15T20:46:28.052595+00:00,911,608222,128x,200ms,25,64,0,44,332,295,1025,369,118,61,43,28,1033
2026-09-15T20:46:28.572586+00:00,912,608742,128x,200ms,25,64,0,43,332,296,1025,369,118,61,43,28,1033
2026-09-15T20:46:29.093466+00:00,913,609263,128x,200ms,25,64,0,44,332,296,1025,369,119,61,43,28,1032
2026-09-15T20:46:29.612849+00:00,914,609783,128x,200ms,25,64,0,43,332,296,1025,369,119,61,43,28,1033
2026-09-15T20:46:30.133526+00:00,915,610305,128x,200ms,25,64,0,43,332,296,1025,369,119,61,43,28,1034
2026-09-15T20:46:30.653858+00:00,916,610825,128x,200ms,25,64,0,44,332,296,1025,369,119,61,43,28,1033
2026-09-15T20:46:31.174139+00:00,917,611346,128x,200ms,25,64,1,44,332,295,1025,369,119,61,43,28,1034
2026-09-15T20:46:31.692889+00:00,918,611866,128x,200ms,25,64,1,43,332,296,1025,369,119,61,43,28,1034
2026-09-15T20:46:32.213887+00:00,919,612385,128x,200ms,25,64,1,44,332,296,1025,369,118,61,43,28,1034
2026-09-15T20:46:32.732475+00:00,920,612905,128x,200ms,25,64,1,43,332,296,1025,368,119,61,43,28,1033
2026-09-15T20:46:33.253655+00:00,921,613426,128x,200ms,25,64,1,43,332,296,1025,369,118,61,43,28,1033
2026-09-15T20:46:33.772490+00:00,922,613946,128x,200ms,25,64,1,44,332,296,1025,368,118,61,43,28,1033
2026-09-15T20:46:34.300517+00:00,923,614465,128x,200ms,25,64,0,44,332,296,1025,368,119,61,43,28,1033
2026-09-15T20:46:34.813450+00:00,924,614986,128x,200ms,25,64,0,44,332,295,1025,368,118,61,43,28,1033
2026-09-15T20:46:35.333341+00:00,925,615506,128x,200ms,25,64,0,43,332,295,1024,369,119,61,43,28,1033
2026-09-15T20:46:35.860805+00:00,926,616028,128x,200ms,25,64,0,43,332,295,1024,369,118,61,43,28,1033
2026-09-15T20:46:36.380873+00:00,927,616549,128x,200ms,25,64,0,44,332,296,1026,369,119,61,43,28,1032
2026-09-15T20:46:36.900565+00:00,928,617069,128x,200ms,25,64,0,43,332,295,1025,368,119,61,43,28,1033
2026-09-15T20:46:37.412613+00:00,929,617589,128x,200ms,25,64,1,44,332,295,1025,369,118,61,43,28,1033
2026-09-15T20:46:37.932441+00:00,930,618109,128x,200ms,25,64,1,44,332,295,1024,369,119,61,43,28,1033
2026-09-15T20:46:38.453263+00:00,931,618630,128x,200ms,25,64,1,44,332,296,1025,369,118,61,43,28,1033
2026-09-15T20:46:38.972487+00:00,932,619150,128x,200ms,25,64,1,44,332,296,1025,368,118,61,43,28,1033
2026-09-15T20:46:39.492402+00:00,933,619670,128x,200ms,25,64,1,44,332,296,1024,368,119,61,43,28,1033
2026-09-15T20:46:40.012713+00:00,934,620189,128x,200ms,25,64,1,44,332,296,1025,368,118,61,43,28,1033
2026-09-15T20:46:40.533670+00:00,935,620709,128x,200ms,25,64,0,44,332,295,1025,369,118,61,43,28,1032
2026-09-15T20:46:41.052863+00:00,936,621231,128x,200ms,25,64,0,44,332,296,1025,369,118,61,43,28,1033
2026-09-15T20:46:41.572531+00:00,937,621751,128x,200ms,25,64,0,44,332,295,1024,368,119,61,43,28,1033
2026-09-15T20:46:42.101557+00:00,938,622272,128x,200ms,25,64,0,43,332,295,1025,369,118,61,43,28,1033
2026-09-15T20:46:42.612481+00:00,939,622792,128x,200ms,25,64,0,44,332,295,1025,368,118,61,43,28,1033
2026-09-15T20:46:43.132746+00:00,940,623313,128x,200ms,25,64,0,44,332,295,1025,369,119,61,43,28,1033
2026-09-15T20:46:43.653383+00:00,941,623834,128x,200ms,25,64,1,44,332,295,1024,368,118,61,43,28,1033
2026-09-15T20:46:44.172771+00:00,942,624354,128x,200ms,25,64,1,43,332,295,1025,369,118,61,43,28,1033
2026-09-15T20:46:44.700460+00:00,943,624874,128x,200ms,25,64,1,44,332,295,1024,369,118,61,43,28,1031
2026-09-15T20:46:45.221076+00:00,944,625393,128x,200ms,25,64,1,44,332,295,1024,368,118,61,43,28,1033
2026-09-15T20:46:45.740752+00:00,945,625913,128x,200ms,25,64,1,44,332,295,1025,368,118,61,43,28,1033
2026-09-15T20:46:46.253461+00:00,946,626434,128x,200ms,25,64,1,44,332,295,1025,369,119,61,43,28,1033
2026-09-15T20:46:46.780984+00:00,947,626954,128x,200ms,25,64,0,44,332,296,1025,368,119,61,43,28,1033
2026-09-15T20:46:47.301195+00:00,948,627474,128x,200ms,25,64,0,43,332,296,1025,368,118,61,43,28,1033
2026-09-15T20:46:47.820281+00:00,949,627995,128x,200ms,25,64,0,44,332,296,1025,368,118,61,43,28,1033
2026-09-15T20:46:48.340323+00:00,950,628515,128x,200ms,25,64,0,44,332,296,1024,369,119,61,43,28,1033
2026-09-15T20:46:48.860897+00:00,951,629037,128x,200ms,25,64,0,44,332,296,1024,369,118,61,43,28,1033
2026-09-15T20:46:49.381251+00:00,952,629557,128x,200ms,25,64,0,43,332,296,1025,368,118,61,43,28,1033
2026-09-15T20:46:49.900812+00:00,953,630078,128x,200ms,25,64,1,43,332,296,1024,368,118,61,43,28,1033
2026-09-15T20:46:50.421123+00:00,954,630598,128x,200ms,25,64,1,44,333,295,1025,368,118,61,43,28,1033
2026-09-15T20:46:50.941321+00:00,955,631117,128x,200ms,25,64,1,43,332,296,1025,369,118,61,43,28,1033
2026-09-15T20:46:51.461459+00:00,956,631638,128x,200ms,25,64,1,44,333,296,1024,368,118,61,43,28,1034
2026-09-15T20:46:51.981038+00:00,957,632158,128x,200ms,25,64,1,43,332,295,1024,368,118,61,43,28,1033
2026-09-15T20:46:52.500337+00:00,958,632678,128x,200ms,25,64,1,44,332,296,1025,368,118,61,43,28,1033
2026-09-15T20:46:53.020845+00:00,959,633197,128x,200ms,25,64,0,44,332,296,1024,368,118,61,43,28,1033
2026-09-15T20:46:53.540777+00:00,960,633718,128x,200ms,25,64,0,44,332,296,1024,369,118,61,43,28,1033
2026-09-15T20:46:54.060922+00:00,961,634238,128x,200ms,25,64,0,44,332,296,1024,369,118,61,43,28,1033
2026-09-15T20:46:54.581142+00:00,962,634760,128x,200ms,25,64,0,43,333,295,1025,368,118,61,43,28,1033
2026-09-15T20:46:55.100532+00:00,963,635280,128x,200ms,25,64,0,44,332,295,1024,368,118,61,43,28,1032
2026-09-15T20:46:55.620501+00:00,964,635801,128x,200ms,25,64,0,44,332,296,1024,368,118,61,43,28,1034
2026-09-15T20:46:56.140295+00:00,965,636321,128x,200ms,25,64,1,44,332,296,1024,368,118,61,43,28,1033
2026-09-15T20:46:56.660891+00:00,966,636841,128x,200ms,25,64,1,44,332,296,1024,368,118,61,43,28,1033
2026-09-15T20:46:57.180411+00:00,967,637362,128x,200ms,25,64,1,44,332,296,1024,369,118,61,43,28,1033
2026-09-15T20:46:57.700551+00:00,968,637882,128x,200ms,25,64,1,44,332,296,1025,368,119,61,43,28,1033
2026-09-15T20:46:58.221422+00:00,969,638402,128x,200ms,25,64,1,44,332,295,1025,368,118,61,43,28,1033
2026-09-15T20:46:58.740492+00:00,970,638921,128x,200ms,25,64,1,43,332,296,1024,368,118,61,43,28,1033
2026-09-15T20:46:59.260716+00:00,971,639441,128x,200ms,25,64,0,43,332,295,1025,368,118,61,43,28,1033
2026-09-15T20:46:59.780467+00:00,972,639963,128x,200ms,25,64,0,44,333,296,1024,368,118,61,43,28,1034
2026-09-15T20:47:00.300374+00:00,973,640483,128x,200ms,25,64,0,44,332,295,1025,369,119,61,43,28,1034
2026-09-15T20:47:00.820567+00:00,974,641003,128x,200ms,25,64,0,44,332,295,1025,369,118,61,43,28,1033
2026-09-15T20:47:01.340215+00:00,975,641524,128x,200ms,25,64,0,43,332,295,1024,368,118,61,43,28,1033
2026-09-15T20:47:01.860213+00:00,976,642045,128x,200ms,25,64,0,44,332,296,1024,368,118,61,43,28,1033
2026-09-15T20:47:02.380402+00:00,977,642566,128x,200ms,25,64,1,43,332,295,1024,368,118,61,43,28,1033
2026-09-15T20:47:02.900210+00:00,978,643086,128x,200ms,25,64,1,44,332,295,1024,368,119,61,43,28,1033
2026-09-15T20:47:03.420154+00:00,979,643606,128x,200ms,25,64,1,44,332,296,1025,368,118,61,43,28,1033
2026-09-15T20:47:03.940060+00:00,980,644125,128x,200ms,25,64,1,44,333,296,1025,368,118,61,43,28,1032
2026-09-15T20:47:04.460239+00:00,981,644645,128x,200ms,25,64,1,44,332,296,1025,368,118,61,43,28,1032
2026-09-15T20:47:04.980899+00:00,982,645166,128x,200ms,25,64,1,44,332,295,1024,368,118,61,43,28,1033
2026-09-15T20:47:05.500173+00:00,983,645685,128x,200ms,25,64,0,43,332,296,1025,368,118,61,43,28,1033
2026-09-15T20:47:06.020303+00:00,984,646206,128x,200ms,25,64,0,43,333,296,1025,368,119,61,43,28,1033
2026-09-15T20:47:06.540151+00:00,985,646727,128x,200ms,25,64,0,43,332,296,1024,368,118,61,43,28,1033
2026-09-15T20:47:07.060082+00:00,986,647247,128x,200ms,25,64,0,44,332,295,1024,369,118,61,43,28,1033
2026-09-15T20:47:07.580130+00:00,987,647769,128x,200ms,25,64,0,44,333,296,1025,368,118,61,43,28,1032
2026-09-15T20:47:08.100440+00:00,988,648289,128x,200ms,25,64,0,43,333,295,1024,368,119,61,43,28,1033
2026-09-15T20:47:08.620421+00:00,989,648810,128x,200ms,25,64,1,43,332,295,1024,368,118,61,43,28,1033
2026-09-15T20:47:09.140291+00:00,990,649330,128x,200ms,25,64,1,44,332,296,1025,368,119,61,43,28,1033
2026-09-15T20:47:09.661100+00:00,991,649849,128x,200ms,25,64,1,44,333,296,1024,368,119,61,43,28,1033
2026-09-15T20:47:10.180011+00:00,992,650370,128x,200ms,25,64,1,43,332,296,1024,368,119,61,43,28,1033
2026-09-15T20:47:10.700365+00:00,993,650890,128x,200ms,25,64,1,43,332,295,1025,368,119,61,43,28,1033
2026-09-15T20:47:11.220425+00:00,994,651409,128x,200ms,25,64,1,43,332,295,1025,369,118,61,43,28,1032
2026-09-15T20:47:11.741125+00:00,995,651929,128x,200ms,25,64,0,43,333,295,1024,368,118,61,43,28,1033
2026-09-15T20:47:12.269097+00:00,996,652450,128x,200ms,25,64,0,43,332,296,1024,368,118,61,43,28,1033
2026-09-15T20:47:12.789549+00:00,997,652971,128x,200ms,25,64,0,44,332,296,1025,368,119,61,43,28,1033
2026-09-15T20:47:13.308099+00:00,998,653492,128x,200ms,25,64,0,43,332,296,1024,368,119,61,43,28,1033
2026-09-15T20:47:13.828403+00:00,999,654012,128x,200ms,25,64,0,44,333,296,1024,369,118,61,43,28,1033
2026-09-15T20:47:14.347964+00:00,1000,654533,128x,200ms,25,64,0,44,333,296,1025,368,118,61,43,28,1033
2026-09-15T20:47:14.868384+00:00,1001,655053,128x,200ms,25,64,1,44,332,295,1024,368,118,61,43,28,1033
2026-09-15T20:47:15.388301+00:00,1002,655574,128x,200ms,25,64,1,43,332,296,1024,368,119,61,43,28,1033
2026-09-15T20:47:15.908898+00:00,1003,656094,128x,200ms,25,64,1,43,333,296,1025,368,118,61,43,28,1033
2026-09-15T20:47:16.428221+00:00,1004,656614,128x,200ms,25,64,1,44,333,296,1025,368,118,61,43,28,1033
2026-09-15T20:47:16.949153+00:00,1005,657134,128x,200ms,25,64,1,44,332,296,1024,368,118,61,43,28,1033
2026-09-15T20:47:17.467887+00:00,1006,657654,128x,200ms,25,64,1,43,332,295,1024,368,118,61,43,28,1033
2026-09-15T20:47:17.988233+00:00,1007,658174,128x,200ms,25,64,0,44,332,295,1025,369,118,61,43,28,1032
2026-09-15T20:47:18.508641+00:00,1008,658695,128x,200ms,25,64,0,44,332,295,1025,368,118,61,43,28,1033
2026-09-15T20:47:19.027855+00:00,1009,659216,128x,200ms,25,64,0,44,332,296,1024,368,118,61,43,28,1033
2026-09-15T20:47:19.548457+00:00,1010,659737,128x,200ms,25,64,0,43,332,295,1024,368,118,61,43,28,1032
2026-09-15T20:47:20.068988+00:00,1011,660257,128x,200ms,25,64,0,44,332,296,1025,368,118,61,43,28,1033
2026-09-15T20:47:20.587948+00:00,1012,660779,128x,200ms,25,64,0,44,332,295,1024,369,118,61,43,28,1033
2026-09-15T20:47:21.107881+00:00,1013,661300,128x,200ms,25,64,1,43,333,296,1025,368,118,60,43,28,1033
2026-09-15T20:47:21.628960+00:00,1014,661820,128x,200ms,25,64,1,43,332,295,1024,368,119,61,43,28,1032
2026-09-15T20:47:22.147942+00:00,1015,662340,128x,200ms,25,64,1,43,333,296,1025,368,118,61,43,28,1033
2026-09-15T20:47:22.667919+00:00,1016,662860,128x,200ms,25,64,1,43,332,295,1025,368,119,61,43,28,1033
2026-09-15T20:47:23.188219+00:00,1017,663380,128x,200ms,25,64,1,43,333,296,1025,368,119,61,43,28,1033
2026-09-15T20:47:23.707918+00:00,1018,663900,128x,200ms,25,64,1,43,332,296,1024,368,119,61,43,28,1033
2026-09-15T20:47:24.228130+00:00,1019,664420,128x,200ms,25,64,0,44,332,295,1024,368,118,61,43,28,1033
2026-09-15T20:47:24.748922+00:00,1020,664941,128x,200ms,25,64,0,43,332,296,1025,368,118,61,43,28,1033
2026-09-15T20:47:25.267841+00:00,1021,665462,128x,200ms,25,64,0,44,332,295,1025,368,118,61,43,28,1033
2026-09-15T20:47:25.788557+00:00,1022,665982,128x,200ms,25,64,0,44,333,295,1024,368,118,61,43,28,1033
2026-09-15T20:47:26.307933+00:00,1023,666504,128x,200ms,25,64,0,44,332,296,1024,368,118,61,43,28,1032
2026-09-15T20:47:26.828057+00:00,1024,667024,128x,200ms,25,64,0,44,332,296,1024,368,118,61,43,28,1033
2026-09-15T20:47:27.348471+00:00,1025,667545,128x,200ms,25,64,1,44,333,296,1025,368,119,61,43,28,1033
2026-09-15T20:47:27.868991+00:00,1026,668065,128x,200ms,25,64,1,44,332,296,1024,368,119,60,43,28,1033
2026-09-15T20:47:28.387725+00:00,1027,668585,128x,200ms,25,64,1,44,332,296,1024,369,118,61,43,28,1033
2026-09-15T20:47:28.908234+00:00,1028,669106,128x,200ms,25,64,1,43,332,295,1024,368,118,61,43,28,1033
2026-09-15T20:47:29.429772+00:00,1029,669626,128x,200ms,25,64,1,43,333,295,1024,368,119,61,43,28,1033
2026-09-15T20:47:29.947840+00:00,1030,670146,128x,200ms,25,64,1,43,333,295,1024,368,118,61,43,28,1033
2026-09-15T20:47:30.467905+00:00,1031,670666,128x,200ms,25,64,0,44,332,296,1023,368,118,61,43,28,1033
2026-09-15T20:47:30.988354+00:00,1032,671186,128x,200ms,25,64,0,44,333,296,1024,368,118,61,43,28,1033
2026-09-15T20:47:31.517484+00:00,1033,671708,128x,200ms,25,64,0,43,333,296,1025,368,118,61,43,28,1033
2026-09-15T20:47:32.037326+00:00,1034,672228,128x,200ms,25,64,0,43,332,296,1024,368,118,61,43,28,1032
2026-09-15T20:47:32.556056+00:00,1035,672749,128x,200ms,25,64,0,44,332,295,1025,368,119,61,43,28,1033
2026-09-15T20:47:33.069536+00:00,1036,673270,128x,200ms,25,64,0,44,332,295,1025,368,118,61,43,28,1033
2026-09-15T20:47:33.595676+00:00,1037,673792,128x,200ms,25,64,1,43,333,295,1024,368,118,61,43,28,1033
2026-09-15T20:47:34.116584+00:00,1038,674311,128x,200ms,25,64,1,44,332,296,1025,368,118,61,43,28,1032
2026-09-15T20:47:34.635675+00:00,1039,674831,128x,200ms,25,64,1,43,332,296,1025,368,118,61,43,28,1032
2026-09-15T20:47:35.155632+00:00,1040,675351,128x,200ms,25,64,1,43,332,296,1025,368,118,61,43,28,1032
2026-09-15T20:47:35.676258+00:00,1041,675871,128x,200ms,25,64,1,44,333,295,1024,368,118,61,43,28,1032
2026-09-15T20:47:36.196439+00:00,1042,676391,128x,200ms,25,64,1,43,333,296,1024,368,118,61,43,28,1033
2026-09-15T20:47:36.716452+00:00,1043,676912,128x,200ms,25,64,0,43,333,296,1024,368,119,61,43,28,1033
2026-09-15T20:47:37.236673+00:00,1044,677433,128x,200ms,25,64,0,44,332,295,1025,368,118,61,43,28,1032
2026-09-15T20:47:37.757137+00:00,1045,677953,128x,200ms,25,64,0,43,333,296,1024,368,119,61,43,28,1033
2026-09-15T20:47:38.275846+00:00,1046,678474,128x,200ms,25,64,0,43,332,295,1024,368,119,61,43,28,1032
2026-09-15T20:47:38.795715+00:00,1047,678995,128x,200ms,25,64,0,43,333,296,1024,368,118,61,43,28,1033
2026-09-15T20:47:39.316259+00:00,1048,679516,128x,200ms,25,64,0,43,333,295,1024,368,118,61,43,28,1033
2026-09-15T20:47:39.836032+00:00,1049,680037,128x,200ms,25,64,1,44,332,296,1024,368,119,61,43,28,1033
2026-09-15T20:47:40.356523+00:00,1050,680557,128x,200ms,25,64,1,44,332,295,1024,368,118,61,43,28,1033
2026-09-15T20:47:40.875811+00:00,1051,681077,128x,200ms,25,64,1,44,332,296,1024,368,119,61,43,28,1033
2026-09-15T20:47:41.395698+00:00,1052,681597,128x,200ms,25,64,1,44,332,296,1024,368,118,61,43,28,1033
2026-09-15T20:47:41.915669+00:00,1053,682118,128x,200ms,25,64,1,44,332,296,1024,368,118,61,43,28,1033
2026-09-15T20:47:42.435970+00:00,1054,682637,128x,200ms,25,64,1,44,332,295,1024,368,118,61,43,28,1033
2026-09-15T20:47:42.964414+00:00,1055,683157,128x,200ms,25,64,0,44,332,296,1024,368,118,61,43,28,1033
2026-09-15T20:47:43.485020+00:00,1056,683678,128x,200ms,25,64,0,43,332,295,1025,368,118,61,43,28,1033
2026-09-15T20:47:44.004044+00:00,1057,684199,128x,200ms,25,64,0,44,332,296,1024,368,118,61,43,28,1033
2026-09-15T20:47:44.524464+00:00,1058,684720,128x,200ms,25,64,0,44,332,295,1025,368,119,61,43,28,1033
2026-09-15T20:47:45.043549+00:00,1059,685241,128x,200ms,25,64,0,44,333,296,1024,368,119,61,43,28,1033
2026-09-15T20:47:45.563675+00:00,1060,685761,128x,200ms,25,64,0,44,332,296,1025,368,118,61,43,28,1032
2026-09-15T20:47:46.084285+00:00,1061,686282,128x,200ms,25,64,1,43,332,295,1025,368,118,61,43,28,1033
2026-09-15T20:47:46.604032+00:00,1062,686802,128x,200ms,25,64,1,43,333,295,1025,368,118,61,43,28,1033
2026-09-15T20:47:47.116006+00:00,1063,687323,128x,200ms,25,64,1,43,332,296,1024,368,118,61,43,28,1033
2026-09-15T20:47:47.636426+00:00,1064,687843,128x,200ms,25,64,1,44,333,295,1025,368,118,61,43,28,1033
2026-09-15T20:47:48.156199+00:00,1065,688363,128x,200ms,25,64,1,44,333,296,1024,368,118,61,43,28,1033
2026-09-15T20:47:48.683998+00:00,1066,688883,128x,200ms,25,64,1,44,332,295,1025,368,118,61,43,28,1033
2026-09-15T20:47:49.203911+00:00,1067,689403,128x,200ms,25,64,0,44,333,295,1025,368,119,61,43,28,1033
2026-09-15T20:47:49.723994+00:00,1068,689924,128x,200ms,25,64,0,44,332,295,1024,368,118,61,43,28,1033
2026-09-15T20:47:50.243814+00:00,1069,690445,128x,200ms,25,64,0,43,333,295,1024,368,118,61,43,28,1032
2026-09-15T20:47:50.763913+00:00,1070,690965,128x,200ms,25,64,0,43,332,296,1024,368,119,61,43,28,1032
2026-09-15T20:47:51.283921+00:00,1071,691486,128x,200ms,25,64,0,43,332,295,1024,368,119,61,43,28,1033
2026-09-15T20:47:51.804559+00:00,1072,692007,128x,200ms,25,64,0,44,332,296,1024,368,118,61,43,28,1033
2026-09-15T20:47:52.324434+00:00,1073,692528,128x,200ms,25,64,1,44,332,295,1024,368,118,61,43,28,1033
2026-09-15T20:47:52.843999+00:00,1074,693048,128x,200ms,25,64,1,44,332,295,1024,368,118,61,43,28,1033
2026-09-15T20:47:53.363710+00:00,1075,693568,128x,200ms,25,64,1,43,332,296,1025,368,119,61,43,28,1032
2026-09-15T20:47:53.885560+00:00,1076,694088,128x,200ms,25,64,1,44,333,296,1025,368,119,61,43,28,1033
2026-09-15T20:47:54.404348+00:00,1077,694608,128x,200ms,25,64,1,43,332,295,1024,368,118,61,43,28,1033
2026-09-15T20:47:54.923488+00:00,1078,695129,128x,200ms,25,64,1,43,332,295,1025,368,118,61,43,28,1033
2026-09-15T20:47:55.443854+00:00,1079,695649,128x,200ms,25,64,0,43,332,296,1025,368,118,61,43,28,1033
2026-09-15T20:47:55.963597+00:00,1080,696169,128x,200ms,25,64,0,44,332,295,1025,368,118,61,43,28,1032
2026-09-15T20:47:56.483435+00:00,1081,696690,128x,200ms,25,64,0,44,332,295,1025,368,118,61,43,28,1033
2026-09-15T20:47:57.003823+00:00,1082,697211,128x,200ms,25,64,0,44,333,296,1025,369,119,61,43,28,1033
2026-09-15T20:47:57.524100+00:00,1083,697733,128x,200ms,25,64,0,44,332,295,1024,368,118,61,43,28,1032
2026-09-15T20:47:58.044077+00:00,1084,698253,128x,200ms,25,64,0,43,333,296,1024,368,118,61,43,28,1033
2026-09-15T20:47:58.563715+00:00,1085,698774,128x,200ms,25,64,1,44,332,296,1025,368,118,61,43,28,1033
2026-09-15T20:47:59.083974+00:00,1086,699293,128x,200ms,25,64,1,43,333,295,1025,368,118,61,43,28,1033
2026-09-15T20:47:59.611467+00:00,1087,699814,128x,200ms,25,64,1,44,332,295,1025,368,119,61,43,28,1033
2026-09-15T20:48:00.131516+00:00,1088,700334,128x,200ms,25,64,1,44,333,295,1024,368,118,61,43,28,1033
2026-09-15T20:48:00.652308+00:00,1089,700854,128x,200ms,25,64,1,44,332,296,1024,368,118,61,43,28,1033
2026-09-15T20:48:01.172589+00:00,1090,701374,128x,200ms,25,64,1,44,332,295,1024,368,118,61,43,28,1033
2026-09-15T20:48:01.692131+00:00,1091,701894,128x,200ms,25,64,0,44,332,296,1024,368,119,61,43,28,1033
2026-09-15T20:48:02.212951+00:00,1092,702415,128x,200ms,25,64,0,44,332,296,1024,368,118,61,43,28,1033
2026-09-15T20:48:02.731937+00:00,1093,702936,128x,200ms,25,64,0,43,333,296,1025,368,119,61,43,28,1032
2026-09-15T20:48:03.252848+00:00,1094,703457,128x,200ms,25,64,0,44,333,295,1025,368,118,61,43,28,1033
2026-09-15T20:48:03.771652+00:00,1095,703978,128x,200ms,25,64,0,44,332,295,1024,368,119,61,43,28,1033
2026-09-15T20:48:04.291645+00:00,1096,704498,128x,200ms,25,64,0,44,332,295,1025,368,119,61,43,28,1033
2026-09-15T20:48:04.811430+00:00,1097,705019,128x,200ms,25,64,1,43,332,295,1025,368,119,61,43,28,1032
2026-09-15T20:48:05.331743+00:00,1098,705540,128x,200ms,25,64,1,44,332,296,1024,368,118,61,43,28,1033
2026-09-15T20:48:05.851382+00:00,1099,706060,128x,200ms,25,64,1,44,333,296,1025,368,119,61,43,28,1033
2026-09-15T20:48:06.371776+00:00,1100,706580,128x,200ms,25,64,1,44,333,296,1025,368,119,61,43,28,1033
2026-09-15T20:48:06.891878+00:00,1101,707100,128x,200ms,25,64,1,44,333,296,1024,368,118,61,43,28,1033
2026-09-15T20:48:07.412409+00:00,1102,707619,128x,200ms,25,64,1,44,333,295,1024,369,118,61,43,28,1033
2026-09-15T20:48:07.932175+00:00,1103,708140,128x,200ms,25,64,0,44,332,296,1025,369,119,61,43,28,1033
2026-09-15T20:48:08.451576+00:00,1104,708661,128x,200ms,25,64,0,44,332,296,1025,368,118,61,43,28,1033
2026-09-15T20:48:08.971858+00:00,1105,709182,128x,200ms,25,64,0,43,333,295,1025,368,118,61,43,28,1033
2026-09-15T20:48:09.491837+00:00,1106,709702,128x,200ms,25,64,0,43,332,296,1025,369,118,61,43,28,1033
2026-09-15T20:48:10.011845+00:00,1107,710223,128x,200ms,25,64,0,43,332,296,1025,368,118,61,43,28,1033
2026-09-15T20:48:10.531793+00:00,1108,710745,128x,200ms,25,64,0,43,332,295,1024,369,118,61,43,28,1033
2026-09-15T20:48:11.051704+00:00,1109,711266,128x,200ms,25,64,1,44,333,296,1025,368,119,61,43,28,1033
2026-09-15T20:48:11.571813+00:00,1110,711785,128x,200ms,25,64,1,44,333,296,1025,368,119,61,43,28,1033
2026-09-15T20:48:12.091999+00:00,1111,712305,128x,200ms,25,64,1,44,333,296,1025,368,118,61,43,28,1033
2026-09-15T20:48:12.611948+00:00,1112,712825,128x,200ms,25,64,1,43,332,296,1024,368,119,61,43,28,1033
2026-09-15T20:48:13.131497+00:00,1113,713346,128x,200ms,25,64,1,43,332,295,1024,369,119,61,43,28,1033
2026-09-15T20:48:13.651878+00:00,1114,713866,128x,200ms,25,64,1,43,332,295,1024,368,118,61,43,28,1033
2026-09-15T20:48:14.171752+00:00,1115,714386,128x,200ms,25,64,0,44,332,296,1024,368,118,61,43,28,1034
2026-09-15T20:48:14.693078+00:00,1116,714906,128x,200ms,25,64,0,44,333,296,1025,369,118,61,43,28,1033
2026-09-15T20:48:15.211450+00:00,1117,715427,128x,200ms,25,64,0,44,332,295,1025,368,118,61,43,28,1033
2026-09-15T20:48:15.739202+00:00,1118,715949,128x,200ms,25,64,0,43,332,295,1024,368,118,61,43,28,1033
2026-09-15T20:48:16.251996+00:00,1119,716469,128x,200ms,25,64,0,44,333,296,1024,369,119,61,43,28,1033
2026-09-15T20:48:16.771735+00:00,1120,716990,128x,200ms,25,64,0,44,333,295,1025,368,118,61,43,28,1032
2026-09-15T20:48:17.300646+00:00,1121,717511,128x,200ms,25,64,1,44,332,295,1024,368,119,61,43,28,1033
2026-09-15T20:48:17.820202+00:00,1122,718030,128x,200ms,25,64,1,43,332,295,1024,368,118,61,43,28,1033
2026-09-15T20:48:18.332054+00:00,1123,718552,128x,200ms,25,64,1,44,332,296,1025,368,118,61,43,28,1033
2026-09-15T20:48:18.859416+00:00,1124,719071,128x,200ms,25,64,1,43,333,296,1025,368,118,61,43,28,1033
2026-09-15T20:48:19.379162+00:00,1125,719591,128x,200ms,25,64,1,43,332,295,1025,368,118,61,43,28,1033
2026-09-15T20:48:19.900056+00:00,1126,720111,128x,200ms,25,64,1,44,332,295,1025,368,118,61,43,28,1033
2026-09-15T20:48:20.419366+00:00,1127,720631,128x,200ms,25,64,0,44,333,296,1025,369,119,61,43,28,1033
2026-09-15T20:48:20.939064+00:00,1128,721153,128x,200ms,25,64,0,44,332,296,1024,368,119,61,43,28,1033
2026-09-15T20:48:21.459456+00:00,1129,721673,128x,200ms,25,64,0,44,332,296,1025,369,119,61,43,28,1033
2026-09-15T20:48:21.979131+00:00,1130,722194,128x,200ms,25,64,0,44,333,296,1025,369,118,61,43,28,1034
2026-09-15T20:48:22.499716+00:00,1131,722715,128x,200ms,25,64,0,44,332,296,1025,368,118,61,43,28,1033
2026-09-15T20:48:23.019337+00:00,1132,723235,128x,200ms,25,64,0,43,333,295,1024,368,118,61,43,28,1033
2026-09-15T20:48:23.539315+00:00,1133,723757,128x,200ms,25,64,1,44,333,295,1024,368,118,61,43,28,1033
2026-09-15T20:48:24.059664+00:00,1134,724277,128x,200ms,25,64,1,43,332,295,1025,369,118,61,43,28,1034
2026-09-15T20:48:24.580132+00:00,1135,724797,128x,200ms,25,64,1,43,333,296,1025,369,119,61,43,28,1033
2026-09-15T20:48:25.099624+00:00,1136,725316,128x,200ms,25,64,1,44,332,296,1024,369,118,61,43,28,1034
2026-09-15T20:48:25.619216+00:00,1137,725836,128x,200ms,25,64,1,44,332,296,1025,369,119,61,43,28,1034
2026-09-15T20:48:26.139317+00:00,1138,726356,128x,200ms,25,64,1,44,332,295,1025,368,119,61,43,28,1034
2026-09-15T20:48:26.659132+00:00,1139,726877,128x,200ms,25,64,0,43,333,296,1025,369,119,61,43,28,1034
2026-09-15T20:48:27.187097+00:00,1140,727398,128x,200ms,25,64,0,44,332,296,1025,368,118,61,43,28,1032
2026-09-15T20:48:27.707533+00:00,1141,727918,128x,200ms,25,64,0,44,332,296,1025,369,118,61,43,28,1033
2026-09-15T20:48:28.227048+00:00,1142,728439,128x,200ms,25,64,0,43,332,295,1025,368,118,61,43,28,1032
2026-09-15T20:48:28.747130+00:00,1143,728961,128x,200ms,25,64,0,44,332,296,1025,369,119,61,43,28,1033
2026-09-15T20:48:29.268066+00:00,1144,729481,128x,200ms,25,64,0,44,332,296,1025,368,119,61,43,28,1032
2026-09-15T20:48:29.779287+00:00,1145,730002,128x,200ms,25,64,1,44,332,295,1024,369,119,61,43,28,1033
2026-09-15T20:48:30.299507+00:00,1146,730522,128x,200ms,25,64,1,43,333,296,1025,368,119,61,43,28,1034
2026-09-15T20:48:30.819699+00:00,1147,731042,128x,200ms,25,64,1,44,332,296,1024,368,118,61,43,28,1033
2026-09-15T20:48:31.339191+00:00,1148,731561,128x,200ms,25,64,1,43,333,295,1025,368,118,61,43,28,1033
2026-09-15T20:48:31.859845+00:00,1149,732083,128x,200ms,25,64,1,43,332,295,1025,368,119,61,43,28,1033
2026-09-15T20:48:32.379145+00:00,1150,732602,128x,200ms,25,64,1,44,333,296,1025,368,119,61,43,28,1033
2026-09-15T20:48:32.907923+00:00,1151,733122,128x,200ms,25,64,0,44,332,295,1025,368,118,61,43,28,1034
2026-09-15T20:48:33.427676+00:00,1152,733643,128x,200ms,25,64,0,44,333,296,1025,369,118,61,43,28,1033
2026-09-15T20:48:33.948012+00:00,1153,734164,128x,200ms,25,64,0,44,332,296,1025,368,119,61,43,28,1034
2026-09-15T20:48:34.466928+00:00,1154,734685,128x,200ms,25,64,0,44,332,296,1025,368,118,60,43,28,1034
2026-09-15T20:48:34.987109+00:00,1155,735206,128x,200ms,25,64,0,44,332,296,1025,368,119,61,43,28,1033
2026-09-15T20:48:35.506926+00:00,1156,735727,128x,200ms,25,64,0,44,332,296,1024,368,118,61,43,28,1033
2026-09-15T20:48:36.027814+00:00,1157,736247,128x,200ms,25,64,1,43,332,296,1024,368,118,61,43,28,1033
2026-09-15T20:48:36.546933+00:00,1158,736768,128x,200ms,25,64,1,44,333,296,1025,368,118,61,43,28,1033
2026-09-15T20:48:37.059597+00:00,1159,737288,128x,200ms,25,64,1,44,332,296,1025,368,118,61,43,28,1033
2026-09-15T20:48:37.587284+00:00,1160,737808,128x,200ms,25,64,1,43,332,296,1025,368,118,61,43,28,1032
2026-09-15T20:48:38.107161+00:00,1161,738328,128x,200ms,25,64,1,43,332,296,1025,368,119,61,43,28,1033
2026-09-15T20:48:38.627111+00:00,1162,738848,128x,200ms,25,64,1,44,333,296,1024,368,118,61,43,28,1033
2026-09-15T20:48:39.146950+00:00,1163,739368,128x,200ms,25,64,0,43,332,296,1025,368,118,61,43,28,1033
2026-09-15T20:48:39.666835+00:00,1164,739889,128x,200ms,25,64,0,44,333,296,1025,369,119,61,43,28,1033
2026-09-15T20:48:40.187104+00:00,1165,740410,128x,200ms,25,64,0,44,332,295,1025,369,118,61,43,28,1034
2026-09-15T20:48:40.707173+00:00,1166,740931,128x,200ms,25,64,0,44,333,296,1025,368,118,61,43,28,1034
2026-09-15T20:48:41.227272+00:00,1167,741451,128x,200ms,25,64,0,44,333,296,1025,368,118,61,43,28,1034
2026-09-15T20:48:41.748084+00:00,1168,741972,128x,200ms,25,64,0,44,333,296,1025,368,119,61,43,28,1034
2026-09-15T20:48:42.268612+00:00,1169,742494,128x,200ms,25,64,1,44,332,296,1025,368,119,61,43,28,1032
2026-09-15T20:48:42.787697+00:00,1170,743014,128x,200ms,25,64,1,44,332,295,1025,368,118,61,43,28,1034
2026-09-15T20:48:43.307670+00:00,1171,743534,128x,200ms,25,64,1,44,332,295,1025,369,118,61,43,28,1034
2026-09-15T20:48:43.826847+00:00,1172,744053,128x,200ms,25,64,1,43,332,296,1024,368,118,61,43,28,1033
2026-09-15T20:48:44.346818+00:00,1173,744573,128x,200ms,25,64,1,43,332,295,1025,369,119,61,43,28,1033
2026-09-15T20:48:44.868321+00:00,1174,745094,128x,200ms,25,64,1,43,333,296,1025,368,118,61,43,28,1034
2026-09-15T20:48:45.387643+00:00,1175,745614,128x,200ms,25,64,0,44,332,296,1025,368,118,61,43,28,1034
2026-09-15T20:48:45.907683+00:00,1176,746135,128x,200ms,25,64,0,43,332,295,1025,368,118,61,43,28,1034
2026-09-15T20:48:46.427957+00:00,1177,746656,128x,200ms,25,64,0,44,332,296,1026,369,118,61,43,28,1033
2026-09-15T20:48:46.954801+00:00,1178,747176,128x,200ms,25,64,0,44,333,296,1025,369,119,61,43,28,1034
2026-09-15T20:48:47.475081+00:00,1179,747698,128x,200ms,25,64,0,44,332,295,1025,369,118,61,43,28,1034
2026-09-15T20:48:47.994770+00:00,1180,748218,128x,200ms,25,64,0,44,332,296,1025,368,118,61,43,28,1034
2026-09-15T20:48:48.514762+00:00,1181,748739,128x,200ms,25,64,1,44,332,296,1026,368,119,61,43,28,1034
2026-09-15T20:48:49.034870+00:00,1182,749259,128x,200ms,25,64,1,44,332,295,1025,369,118,61,43,28,1034
2026-09-15T20:48:49.555568+00:00,1183,749780,128x,200ms,25,64,1,44,333,296,1025,368,119,61,43,28,1034
2026-09-15T20:48:50.075194+00:00,1184,750301,128x,200ms,25,64,1,43,332,296,1025,368,118,61,43,28,1032
2026-09-15T20:48:50.594862+00:00,1185,750821,128x,200ms,25,64,1,43,332,296,1025,368,118,61,43,28,1033
2026-09-15T20:48:51.115321+00:00,1186,751341,128x,200ms,25,64,1,44,333,295,1025,368,118,61,43,28,1033
2026-09-15T20:48:51.634780+00:00,1187,751861,128x,200ms,25,64,0,44,333,296,1025,368,118,61,43,28,1033
2026-09-15T20:48:52.155562+00:00,1188,752381,128x,200ms,25,64,0,44,332,296,1025,368,119,61,43,28,1034
2026-09-15T20:48:52.675029+00:00,1189,752903,128x,200ms,25,64,0,44,332,296,1025,369,119,61,43,28,1034
2026-09-15T20:48:53.194990+00:00,1190,753424,128x,200ms,25,64,0,44,332,296,1025,369,119,61,43,28,1034
2026-09-15T20:48:53.723412+00:00,1191,753945,128x,200ms,25,64,0,44,332,296,1026,368,118,61,43,28,1033
2026-09-15T20:48:54.235256+00:00,1192,754465,128x,200ms,25,64,0,44,332,296,1025,369,118,61,43,28,1034
2026-09-15T20:48:54.755560+00:00,1193,754987,128x,200ms,25,64,1,43,332,296,1025,369,119,61,43,28,1033
2026-09-15T20:48:55.274682+00:00,1194,755507,128x,200ms,25,64,1,44,332,296,1025,369,119,61,43,28,1033
2026-09-15T20:48:55.794792+00:00,1195,756027,128x,200ms,25,64,1,43,332,296,1025,369,118,61,43,28,1033
2026-09-15T20:48:56.315416+00:00,1196,756546,128x,200ms,25,64,1,43,332,296,1025,368,119,61,43,28,1033
2026-09-15T20:48:56.835043+00:00,1197,757066,128x,200ms,25,64,1,43,333,296,1025,368,119,61,43,28,1033
2026-09-15T20:48:57.355088+00:00,1198,757586,128x,200ms,25,64,1,44,332,296,1024,368,119,61,43,28,1033
2026-09-15T20:48:57.882548+00:00,1199,758107,128x,200ms,25,64,0,44,332,295,1025,369,118,61,43,28,1034
2026-09-15T20:48:58.402801+00:00,1200,758628,128x,200ms,25,64,0,43,332,296,1025,369,118,61,43,28,1033
2026-09-15T20:48:58.923785+00:00,1201,759148,128x,200ms,25,64,0,44,332,296,1026,368,118,61,43,28,1032
2026-09-15T20:48:59.443930+00:00,1202,759669,128x,200ms,25,64,0,44,332,295,1025,368,119,61,43,28,1034
2026-09-15T20:48:59.960752+00:00,1203,760190,128x,200ms,25,64,0,43,332,296,1025,369,118,61,43,28,1033
2026-09-15T20:49:00.485149+00:00,1204,760711,128x,200ms,25,64,0,44,332,296,1025,368,118,61,43,28,1034
2026-09-15T20:49:01.001214+00:00,1205,761232,128x,200ms,25,64,1,44,333,295,1025,368,118,61,43,28,1033
2026-09-15T20:49:01.524994+00:00,1206,761752,128x,200ms,25,64,1,44,332,296,1026,368,118,61,43,28,1034
2026-09-15T20:49:02.043592+00:00,1207,762272,128x,200ms,25,64,1,44,333,296,1026,369,118,61,43,28,1034
2026-09-15T20:49:02.554457+00:00,1208,762792,128x,200ms,25,64,1,44,333,296,1025,368,118,61,43,28,1033
2026-09-15T20:49:03.082696+00:00,1209,763313,128x,200ms,25,64,1,44,332,295,1025,369,119,61,43,28,1033
2026-09-15T20:49:03.611214+00:00,1210,763833,128x,200ms,25,64,1,44,332,296,1025,368,118,61,43,28,1034
2026-09-15T20:49:04.124378+00:00,1211,764353,128x,200ms,25,64,0,44,332,296,1026,369,119,61,43,28,1034
2026-09-15T20:49:04.639976+00:00,1212,764873,128x,200ms,25,64,0,44,333,296,1025,369,118,61,43,28,1034
2026-09-15T20:49:05.161846+00:00,1213,765394,128x,200ms,25,64,0,44,332,296,1026,369,118,61,43,28,1034
2026-09-15T20:49:05.695434+00:00,1214,765915,128x,200ms,25,64,0,44,333,296,1025,369,118,61,43,28,1033
2026-09-15T20:49:06.201907+00:00,1215,766436,128x,200ms,25,64,0,44,333,296,1025,369,119,61,43,28,1034
2026-09-15T20:49:06.727049+00:00,1216,766957,128x,200ms,25,64,0,43,332,295,1025,369,119,61,43,28,1034
2026-09-15T20:49:07.249454+00:00,1217,767478,128x,200ms,25,64,1,44,333,296,1025,369,119,61,43,28,1034
2026-09-15T20:49:07.761459+00:00,1218,767997,128x,200ms,25,64,1,44,333,296,1025,369,118,61,43,28,1033
2026-09-15T20:49:08.290625+00:00,1219,768518,128x,200ms,25,64,1,43,333,296,1026,369,118,61,43,28,1034
2026-09-15T20:49:08.801787+00:00,1220,769038,128x,200ms,25,64,1,44,333,296,1026,368,119,61,43,28,1033
2026-09-15T20:49:09.330752+00:00,1221,769558,128x,200ms,25,64,1,44,332,296,1025,369,119,61,43,28,1034
2026-09-15T20:49:09.851389+00:00,1222,770078,128x,200ms,25,64,1,43,332,296,1026,369,119,61,43,28,1034
2026-09-15T20:49:10.362870+00:00,1223,770598,128x,200ms,25,64,0,44,332,296,1026,369,119,61,43,28,1034
2026-09-15T20:49:10.888034+00:00,1224,771119,128x,200ms,25,64,0,44,333,296,1026,369,118,61,43,28,1034
2026-09-15T20:49:11.405454+00:00,1225,771640,128x,200ms,25,64,0,43,333,296,1026,369,119,61,43,28,1034
2026-09-15T20:49:11.930763+00:00,1226,772161,128x,200ms,25,64,0,44,332,296,1025,369,118,61,43,28,1034
2026-09-15T20:49:12.452823+00:00,1227,772681,128x,200ms,25,64,0,43,333,296,1026,369,118,61,43,28,1033
2026-09-15T20:49:12.963520+00:00,1228,773202,128x,200ms,25,64,0,43,333,296,1026,369,118,61,43,28,1034
2026-09-15T20:49:13.492467+00:00,1229,773724,128x,200ms,25,64,1,43,332,296,1025,369,119,61,43,28,1034
2026-09-15T20:49:14.003054+00:00,1230,774243,128x,200ms,25,64,1,44,333,295,1025,369,118,61,43,28,1034
2026-09-15T20:49:14.534062+00:00,1231,774763,128x,200ms,25,64,1,43,332,296,1025,369,119,61,43,28,1034
2026-09-15T20:49:15.053823+00:00,1232,775283,128x,200ms,25,64,1,44,333,296,1026,369,119,61,43,28,1034
2026-09-15T20:49:15.569340+00:00,1233,775803,128x,200ms,25,64,1,44,333,296,1025,368,119,61,43,28,1034
2026-09-15T20:49:16.094007+00:00,1234,776324,128x,200ms,25,64,1,44,333,296,1026,369,119,61,43,28,1034
2026-09-15T20:49:16.604967+00:00,1235,776844,128x,200ms,25,64,0,44,332,295,1026,369,119,61,43,28,1034
2026-09-15T20:49:17.129914+00:00,1236,777364,128x,200ms,25,64,0,44,333,296,1025,369,118,61,43,28,1034
2026-09-15T20:49:17.646650+00:00,1237,777885,128x,200ms,25,64,0,43,332,296,1025,369,119,61,43,28,1034
2026-09-15T20:49:18.165587+00:00,1238,778406,128x,200ms,25,64,0,44,333,296,1026,369,118,61,43,28,1034
2026-09-15T20:49:18.698217+00:00,1239,778927,128x,200ms,25,64,0,43,333,296,1026,369,119,61,43,28,1034
2026-09-15T20:49:19.205968+00:00,1240,779448,128x,200ms,25,64,0,44,332,295,1026,369,118,61,43,28,1034
2026-09-15T20:49:19.728007+00:00,1241,779969,128x,200ms,25,64,1,44,333,296,1026,369,118,61,43,28,1033
2026-09-15T20:49:20.249895+00:00,1242,780488,128x,200ms,25,64,1,43,333,296,1026,369,119,61,43,28,1033
2026-09-15T20:49:20.769989+00:00,1243,781008,128x,200ms,25,64,1,44,332,296,1026,369,118,61,43,28,1034
2026-09-15T20:49:21.289141+00:00,1244,781529,128x,200ms,25,64,1,44,333,296,1025,368,119,61,43,28,1034
2026-09-15T20:49:21.808220+00:00,1245,782049,128x,200ms,25,64,1,44,332,296,1025,369,118,61,43,28,1034
2026-09-15T20:49:22.326922+00:00,1246,782569,128x,200ms,25,64,1,44,332,296,1026,369,118,61,43,28,1034
2026-09-15T20:49:22.860114+00:00,1247,783089,128x,200ms,25,64,0,44,332,296,1026,368,118,61,43,28,1034
2026-09-15T20:49:23.371959+00:00,1248,783609,128x,200ms,25,64,0,44,333,296,1025,369,118,61,43,28,1033
2026-09-15T20:49:23.894245+00:00,1249,784131,128x,200ms,25,64,0,44,333,296,1025,368,118,60,43,28,1034
2026-09-15T20:49:24.419915+00:00,1250,784652,128x,200ms,25,64,0,44,332,296,1025,369,118,61,43,28,1034
2026-09-15T20:49:24.941430+00:00,1251,785172,128x,200ms,25,64,0,43,333,296,1026,369,119,61,43,28,1034
2026-09-15T20:49:25.453995+00:00,1252,785693,128x,200ms,25,64,0,43,332,296,1026,369,119,61,43,28,1034
2026-09-15T20:49:25.974268+00:00,1253,786214,128x,200ms,25,64,1,43,332,296,1026,368,119,61,43,28,1035
2026-09-15T20:49:26.500152+00:00,1254,786734,128x,200ms,25,64,1,44,333,296,1026,369,118,61,43,28,1033
2026-09-15T20:49:27.010257+00:00,1255,787255,128x,200ms,25,64,1,44,332,296,1026,369,119,61,43,28,1033
2026-09-15T20:49:27.544800+00:00,1256,787774,128x,200ms,25,64,1,44,332,296,1026,369,119,61,43,28,1034
2026-09-15T20:49:28.049148+00:00,1257,788294,128x,200ms,25,64,1,44,333,296,1026,369,118,61,43,28,1034
2026-09-15T20:49:28.571962+00:00,1258,788814,128x,200ms,25,64,1,44,332,296,1026,369,119,61,43,28,1034
2026-09-15T20:49:29.092170+00:00,1259,789335,128x,200ms,25,64,0,43,332,296,1026,368,118,61,43,28,1034
2026-09-15T20:49:29.610151+00:00,1260,789855,128x,200ms,25,64,0,44,333,296,1025,369,119,61,43,28,1034
2026-09-15T20:49:30.133351+00:00,1261,790376,128x,200ms,25,64,0,44,333,296,1026,369,118,61,43,28,1034
2026-09-15T20:49:30.658629+00:00,1262,790897,128x,200ms,25,64,0,44,333,296,1026,369,119,61,43,28,1034
2026-09-15T20:49:31.184329+00:00,1263,791417,128x,200ms,25,64,0,44,332,296,1025,369,119,61,43,28,1034
2026-09-15T20:49:31.694857+00:00,1264,791939,128x,200ms,25,64,0,44,332,296,1026,369,118,61,43,28,1034
2026-09-15T20:49:32.214616+00:00,1265,792460,128x,200ms,25,64,1,44,333,296,1026,369,118,61,43,28,1034
2026-09-15T20:49:32.735023+00:00,1266,792979,128x,200ms,25,64,1,44,332,296,1026,369,118,61,43,28,1034
2026-09-15T20:49:33.258336+00:00,1267,793499,128x,200ms,25,64,1,44,332,296,1026,369,119,61,43,28,1034
2026-09-15T20:49:33.774858+00:00,1268,794019,128x,200ms,25,64,1,43,332,295,1025,369,119,61,43,28,1034
2026-09-15T20:49:34.293354+00:00,1269,794540,128x,200ms,25,64,1,44,333,296,1025,369,119,61,43,28,1034
2026-09-15T20:49:34.827663+00:00,1270,795060,128x,200ms,25,64,1,44,332,296,1026,369,119,61,43,28,1034
2026-09-15T20:49:35.343940+00:00,1271,795580,128x,200ms,25,64,0,44,332,296,1026,369,119,61,43,28,1034
2026-09-15T20:49:35.852510+00:00,1272,796100,128x,200ms,25,64,0,44,333,296,1026,369,118,61,43,28,1034
2026-09-15T20:49:36.382224+00:00,1273,796621,128x,200ms,25,64,0,44,332,296,1025,369,119,61,43,28,1034
2026-09-15T20:49:36.901314+00:00,1274,797143,128x,200ms,25,64,0,44,332,296,1026,369,119,61,43,28,1034
2026-09-15T20:49:37.420369+00:00,1275,797663,128x,200ms,25,64,0,43,332,296,1026,369,119,61,43,28,1034
2026-09-15T20:49:37.937419+00:00,1276,798184,128x,200ms,25,64,0,44,332,296,1026,369,119,61,43,28,1033
2026-09-15T20:49:38.472110+00:00,1277,798705,128x,200ms,25,64,1,43,332,296,1025,368,118,61,43,28,1034
2026-09-15T20:49:38.976333+00:00,1278,799224,128x,200ms,25,64,1,43,332,296,1026,369,119,61,43,28,1034
2026-09-15T20:49:39.494365+00:00,1279,799745,128x,200ms,25,64,1,44,333,296,1026,369,118,61,43,28,1034
2026-09-15T20:49:40.024269+00:00,1280,800265,128x,200ms,25,64,1,43,332,296,1026,368,118,61,43,28,1034
2026-09-15T20:49:40.550836+00:00,1281,800785,128x,200ms,25,64,1,44,333,296,1026,369,119,61,43,28,1034
2026-09-15T20:49:41.061740+00:00,1282,801305,128x,200ms,25,64,1,43,332,296,1026,368,119,61,43,28,1034
2026-09-15T20:49:41.581667+00:00,1283,801825,128x,200ms,25,64,0,43,332,296,1026,369,119,61,43,28,1034
2026-09-15T20:49:42.099662+00:00,1284,802345,128x,200ms,25,64,0,44,332,296,1026,369,119,61,43,28,1033
2026-09-15T20:49:42.624080+00:00,1285,802867,128x,200ms,25,64,0,44,332,296,1026,369,119,61,43,28,1034
2026-09-15T20:49:43.139864+00:00,1286,803388,128x,200ms,25,64,0,44,332,296,1026,369,119,61,43,28,1033
2026-09-15T20:49:43.656926+00:00,1287,803908,128x,200ms,25,64,0,44,333,296,1026,369,119,61,43,28,1034
2026-09-15T20:49:44.189047+00:00,1288,804429,128x,200ms,25,64,0,44,332,296,1025,369,119,61,43,28,1034
2026-09-15T20:49:44.697188+00:00,1289,804951,128x,200ms,25,64,1,43,332,296,1026,369,118,61,43,28,1034
2026-09-15T20:49:45.216944+00:00,1290,805470,128x,200ms,25,64,1,44,332,296,1025,369,119,61,43,28,1034
2026-09-15T20:49:45.744351+00:00,1291,805990,128x,200ms,25,64,1,44,332,296,1026,369,119,61,43,28,1034
2026-09-15T20:49:46.264237+00:00,1292,806510,128x,200ms,25,64,1,44,332,296,1026,369,119,61,43,28,1034
2026-09-15T20:49:46.778696+00:00,1293,807030,128x,200ms,25,64,1,44,332,296,1026,369,119,61,43,28,1035
2026-09-15T20:49:47.305741+00:00,1294,807550,128x,200ms,25,64,1,44,332,296,1025,369,119,61,43,28,1034
2026-09-15T20:49:47.828376+00:00,1295,808071,128x,200ms,25,64,0,44,332,296,1026,369,119,61,43,28,1035
2026-09-15T20:49:48.347589+00:00,1296,808591,128x,200ms,25,64,0,44,332,296,1026,369,119,61,43,28,1035
2026-09-15T20:49:48.864452+00:00,1297,809112,128x,200ms,25,64,0,44,333,296,1026,369,118,61,43,28,1035
2026-09-15T20:49:49.386293+00:00,1298,809633,128x,200ms,25,64,0,44,332,296,1026,369,119,61,43,28,1034
2026-09-15T20:49:49.904066+00:00,1299,810153,128x,200ms,25,64,0,44,332,295,1026,369,119,61,43,28,1034
2026-09-15T20:49:50.426816+00:00,1300,810675,128x,200ms,25,64,0,44,333,296,1026,369,118,61,43,28,1034
2026-09-15T20:49:50.937291+00:00,1301,811196,128x,200ms,25,64,1,44,332,296,1026,369,118,61,43,28,1034
2026-09-15T20:49:51.458910+00:00,1302,811715,128x,200ms,25,64,1,44,332,296,1026,369,118,61,43,28,1034
2026-09-15T20:49:51.986266+00:00,1303,812235,128x,200ms,25,64,1,43,333,296,1026,369,118,61,43,28,1034
2026-09-15T20:49:52.499758+00:00,1304,812755,128x,200ms,25,64,1,44,333,296,1026,369,119,61,43,28,1034
2026-09-15T20:49:53.025885+00:00,1305,813276,128x,200ms,25,64,1,44,333,296,1026,369,119,61,43,28,1033
2026-09-15T20:49:53.546584+00:00,1306,813796,128x,200ms,25,64,1,44,332,296,1026,369,119,61,43,28,1033
2026-09-15T20:49:54.065859+00:00,1307,814316,128x,200ms,25,64,0,44,332,296,1026,369,119,61,43,28,1034
2026-09-15T20:49:54.586167+00:00,1308,814836,128x,200ms,25,64,0,44,332,296,1026,369,119,61,43,28,1034
2026-09-15T20:49:55.107263+00:00,1309,815357,128x,200ms,25,64,0,43,332,296,1026,369,118,61,43,28,1035
2026-09-15T20:49:55.628148+00:00,1310,815879,128x,200ms,25,64,0,43,332,296,1026,369,119,61,43,28,1034
2026-09-15T20:49:56.146163+00:00,1311,816400,128x,200ms,25,64,0,43,333,296,1026,369,119,61,43,28,1034
2026-09-15T20:49:56.666552+00:00,1312,816920,128x,200ms,25,64,0,44,333,296,1026,369,118,61,43,28,1034
2026-09-15T20:49:57.187687+00:00,1313,817441,128x,200ms,25,64,1,44,333,296,1026,369,119,61,43,28,1035
2026-09-15T20:49:57.705953+00:00,1314,817961,128x,200ms,25,64,1,44,333,296,1026,369,119,61,43,28,1035
2026-09-15T20:49:58.226858+00:00,1315,818482,128x,200ms,25,64,1,44,332,296,1027,369,119,61,43,28,1034
2026-09-15T20:49:58.746837+00:00,1316,819001,128x,200ms,25,64,1,43,332,296,1026,369,119,61,43,28,1034
2026-09-15T20:49:59.266835+00:00,1317,819521,128x,200ms,25,64,1,44,332,296,1026,369,118,61,43,28,1035
2026-09-15T20:49:59.785791+00:00,1318,820041,128x,200ms,25,64,1,44,332,296,1026,369,119,61,43,28,1035
2026-09-15T20:50:00.306622+00:00,1319,820561,128x,200ms,25,64,0,44,332,296,1026,369,118,61,43,28,1035
2026-09-15T20:50:00.833943+00:00,1320,821083,128x,200ms,25,64,0,44,332,296,1026,369,119,61,43,28,1034
2026-09-15T20:50:01.354098+00:00,1321,821604,128x,200ms,25,64,0,43,333,296,1026,369,118,61,43,28,1034
2026-09-15T20:50:01.874327+00:00,1322,822124,128x,200ms,25,64,0,44,332,296,1026,369,118,61,43,28,1034
2026-09-15T20:50:02.394183+00:00,1323,822645,128x,200ms,25,64,0,44,332,296,1026,369,119,61,43,28,1033
2026-09-15T20:50:02.914553+00:00,1324,823165,128x,200ms,25,64,0,44,332,296,1026,368,118,61,43,28,1033
2026-09-15T20:50:03.434375+00:00,1325,823687,128x,200ms,25,64,1,43,333,296,1026,369,119,61,43,28,1034
2026-09-15T20:50:03.946113+00:00,1326,824207,128x,200ms,25,64,1,43,332,296,1025,369,119,61,43,28,1034
2026-09-15T20:50:04.466429+00:00,1327,824727,128x,200ms,25,64,1,44,332,296,1025,369,119,61,43,28,1035
2026-09-15T20:50:04.986222+00:00,1328,825247,128x,200ms,25,64,1,44,332,296,1026,369,118,61,43,28,1034
2026-09-15T20:50:05.506427+00:00,1329,825767,128x,200ms,25,64,1,43,332,296,1026,369,119,61,43,28,1034
2026-09-15T20:50:06.026199+00:00,1330,826287,128x,200ms,25,64,1,43,333,296,1026,369,118,61,43,28,1033
2026-09-15T20:50:06.546394+00:00,1331,826807,128x,200ms,25,64,0,43,333,296,1027,369,118,61,43,28,1034
2026-09-15T20:50:07.074500+00:00,1332,827328,128x,200ms,25,64,0,44,332,296,1027,369,119,61,43,28,1034
2026-09-15T20:50:07.594737+00:00,1333,827848,128x,200ms,25,64,0,43,332,296,1026,369,119,61,43,28,1035
2026-09-15T20:50:08.113699+00:00,1334,828369,128x,200ms,25,64,0,44,332,296,1026,369,119,61,43,28,1034
2026-09-15T20:50:08.633773+00:00,1335,828891,128x,200ms,25,64,0,44,332,296,1026,369,119,61,43,28,1035
2026-09-15T20:50:09.153684+00:00,1336,829411,128x,200ms,25,64,0,44,332,296,1026,369,119,61,43,28,1035
2026-09-15T20:50:09.673928+00:00,1337,829932,128x,200ms,25,64,1,43,333,296,1026,369,119,61,43,28,1034
2026-09-15T20:50:10.194199+00:00,1338,830452,128x,200ms,25,64,1,44,333,296,1026,369,119,61,43,28,1034
2026-09-15T20:50:10.714686+00:00,1339,830972,128x,200ms,25,64,1,44,333,296,1027,369,119,61,43,28,1034
2026-09-15T20:50:11.233656+00:00,1340,831494,128x,200ms,25,64,1,43,333,296,1026,369,119,61,43,28,1035
2026-09-15T20:50:11.753600+00:00,1341,832014,128x,200ms,25,64,1,44,332,296,1026,369,119,61,43,28,1035
2026-09-15T20:50:12.273868+00:00,1342,832534,128x,200ms,25,64,1,43,332,296,1027,369,119,61,43,28,1035
2026-09-15T20:50:12.794614+00:00,1343,833054,128x,200ms,25,64,0,43,333,296,1026,369,119,61,43,28,1035
2026-09-15T20:50:13.313936+00:00,1344,833574,128x,200ms,25,64,0,43,332,296,1026,369,119,61,43,28,1035
2026-09-15T20:50:13.833767+00:00,1345,834096,128x,200ms,25,64,0,44,332,296,1026,369,119,61,43,28,1034
2026-09-15T20:50:14.354323+00:00,1346,834617,128x,200ms,25,64,0,44,332,296,1027,369,119,61,43,28,1034
2026-09-15T20:50:14.873756+00:00,1347,835137,128x,200ms,25,64,0,44,332,296,1026,369,119,61,43,28,1035
2026-09-15T20:50:15.394490+00:00,1348,835658,128x,200ms,25,64,0,43,332,296,1027,369,119,61,43,28,1034
2026-09-15T20:50:15.914375+00:00,1349,836178,128x,200ms,25,64,1,44,333,296,1027,369,119,61,43,28,1035
2026-09-15T20:50:16.433967+00:00,1350,836699,128x,200ms,25,64,1,43,333,296,1027,369,118,61,43,28,1034
2026-09-15T20:50:16.953573+00:00,1351,837219,128x,200ms,25,64,1,43,332,296,1026,369,118,61,43,28,1034
2026-09-15T20:50:17.474636+00:00,1352,837739,128x,200ms,25,64,1,43,332,296,1027,369,119,61,43,28,1034
2026-09-15T20:50:17.993713+00:00,1353,838259,128x,200ms,25,64,1,44,332,296,1026,369,119,61,43,28,1035
2026-09-15T20:50:18.522311+00:00,1354,838779,128x,200ms,25,64,1,44,332,296,1026,369,119,61,43,28,1035
2026-09-15T20:50:19.034249+00:00,1355,839300,128x,200ms,25,64,0,43,333,296,1026,369,119,61,43,28,1034
2026-09-15T20:50:19.561809+00:00,1356,839820,128x,200ms,25,64,0,43,333,296,1027,369,119,61,43,28,1035
2026-09-15T20:50:20.081541+00:00,1357,840341,128x,200ms,25,64,0,44,333,296,1026,369,119,61,43,28,1035
2026-09-15T20:50:20.602514+00:00,1358,840861,128x,200ms,25,64,0,44,332,296,1026,369,118,61,43,28,1035
2026-09-15T20:50:21.122996+00:00,1359,841382,128x,200ms,25,64,0,44,332,296,1027,369,119,61,43,28,1034
2026-09-15T20:50:21.642081+00:00,1360,841904,128x,200ms,25,64,0,43,333,296,1027,369,119,61,43,28,1034
2026-09-15T20:50:22.161778+00:00,1361,842424,128x,200ms,25,64,1,44,332,296,1027,369,119,61,43,28,1035
2026-09-15T20:50:22.682878+00:00,1362,842944,128x,200ms,25,64,1,44,332,296,1027,369,119,61,43,28,1035
2026-09-15T20:50:23.201977+00:00,1363,843464,128x,200ms,25,64,1,44,332,296,1027,369,119,61,43,28,1035
2026-09-15T20:50:23.722804+00:00,1364,843984,128x,200ms,25,64,1,44,333,296,1027,369,118,61,43,28,1034
2026-09-15T20:50:24.242877+00:00,1365,844505,128x,200ms,25,64,1,44,333,296,1027,369,119,61,43,28,1035
2026-09-15T20:50:24.762398+00:00,1366,845025,128x,200ms,25,64,1,43,332,296,1027,369,118,61,43,28,1035
2026-09-15T20:50:25.282576+00:00,1367,845545,128x,200ms,25,64,0,44,333,296,1027,369,119,61,43,28,1035
2026-09-15T20:50:25.801905+00:00,1368,846065,128x,200ms,25,64,0,44,333,296,1027,369,119,61,43,28,1035
2026-09-15T20:50:26.321614+00:00,1369,846586,128x,200ms,25,64,0,43,333,296,1027,369,118,61,43,28,1035
2026-09-15T20:50:26.841321+00:00,1370,847107,128x,200ms,25,64,0,44,333,296,1027,369,118,61,43,28,1034
2026-09-15T20:50:27.362305+00:00,1371,847628,128x,200ms,25,64,0,43,333,296,1027,369,119,61,43,28,1035
2026-09-15T20:50:27.881738+00:00,1372,848148,128x,200ms,25,64,0,44,332,296,1027,368,119,61,43,28,1035
2026-09-15T20:50:28.401829+00:00,1373,848669,128x,200ms,25,64,1,44,332,296,1027,369,119,61,43,28,1035
2026-09-15T20:50:28.921917+00:00,1374,849189,128x,200ms,25,64,1,44,333,296,1027,369,119,61,43,28,1036
2026-09-15T20:50:29.442583+00:00,1375,849710,128x,200ms,25,64,1,44,332,296,1026,369,119,61,43,28,1035
2026-09-15T20:50:29.961331+00:00,1376,850229,128x,200ms,25,64,1,44,333,296,1027,369,119,61,43,28,1035
2026-09-15T20:50:30.482082+00:00,1377,850750,128x,200ms,25,64,1,44,333,296,1027,369,118,61,43,28,1035
2026-09-15T20:50:31.001483+00:00,1378,851269,128x,200ms,25,64,1,44,332,296,1027,369,119,61,43,28,1035
2026-09-15T20:50:31.522042+00:00,1379,851789,128x,200ms,25,64,0,44,332,296,1027,369,119,61,43,28,1035
2026-09-15T20:50:32.041431+00:00,1380,852311,128x,200ms,25,64,0,44,332,296,1027,369,119,61,43,28,1035
2026-09-15T20:50:32.561807+00:00,1381,852831,128x,200ms,25,64,0,44,333,296,1027,369,119,61,43,28,1035
2026-09-15T20:50:33.081297+00:00,1382,853352,128x,200ms,25,64,0,44,332,296,1027,369,119,61,43,28,1035
2026-09-15T20:50:33.601920+00:00,1383,853872,128x,200ms,25,64,0,44,332,296,1027,369,119,61,43,28,1035
2026-09-15T20:50:34.121797+00:00,1384,854393,128x,200ms,25,64,0,44,332,296,1026,369,119,61,43,28,1035
2026-09-15T20:50:34.641343+00:00,1385,854914,128x,200ms,25,64,1,44,333,296,1027,369,119,61,43,28,1034
2026-09-15T20:50:35.162788+00:00,1386,855434,128x,200ms,25,64,1,44,332,296,1027,369,119,61,43,28,1035
2026-09-15T20:50:35.681919+00:00,1387,855954,128x,200ms,25,64,1,44,332,296,1027,369,118,61,43,28,1035
2026-09-15T20:50:36.201632+00:00,1388,856474,128x,200ms,25,64,1,44,332,296,1027,369,119,61,43,28,1034
2026-09-15T20:50:36.721720+00:00,1389,856994,128x,200ms,25,64,1,44,332,296,1027,369,119,61,43,28,1035
2026-09-15T20:50:37.249525+00:00,1390,857515,128x,200ms,25,64,1,44,332,296,1027,369,119,61,43,28,1035
2026-09-15T20:50:37.769817+00:00,1391,858035,128x,200ms,25,64,0,44,332,296,1026,369,119,61,43,28,1035
2026-09-15T20:50:38.289592+00:00,1392,858555,128x,200ms,25,64,0,44,333,296,1027,369,119,61,43,28,1035
2026-09-15T20:50:38.809490+00:00,1393,859076,128x,200ms,25,64,0,44,332,296,1027,369,118,61,43,28,1035
2026-09-15T20:50:39.329307+00:00,1394,859596,128x,200ms,25,64,0,43,333,296,1027,369,119,61,43,28,1035
2026-09-15T20:50:39.849727+00:00,1395,860118,128x,200ms,25,64,0,44,333,296,1027,369,118,61,43,28,1035
2026-09-15T20:50:40.369707+00:00,1396,860638,128x,200ms,25,64,0,44,332,296,1027,369,118,61,43,28,1035
2026-09-15T20:50:40.889873+00:00,1397,861159,128x,200ms,25,64,1,44,332,296,1027,369,119,61,43,28,1035
2026-09-15T20:50:41.410070+00:00,1398,861679,128x,200ms,25,64,1,43,333,296,1027,369,119,61,43,28,1035
2026-09-15T20:50:41.930043+00:00,1399,862199,128x,200ms,25,64,1,44,333,296,1027,369,119,61,43,28,1035
2026-09-15T20:50:42.449817+00:00,1400,862720,128x,200ms,25,64,1,44,332,296,1027,369,119,61,43,28,1035
2026-09-15T20:50:42.969166+00:00,1401,863240,128x,200ms,25,64,1,43,332,296,1027,369,118,61,43,28,1035
2026-09-15T20:50:43.489656+00:00,1402,863760,128x,200ms,25,64,1,43,332,296,1027,369,119,61,43,28,1035
2026-09-15T20:50:44.009258+00:00,1403,864280,128x,200ms,25,64,0,44,333,296,1027,369,119,61,43,28,1034
2026-09-15T20:50:44.529525+00:00,1404,864800,128x,200ms,25,64,0,44,332,296,1027,369,119,61,43,28,1035
2026-09-15T20:50:45.049623+00:00,1405,865321,128x,200ms,25,64,0,44,332,296,1027,369,119,61,43,28,1036
2026-09-15T20:50:45.569113+00:00,1406,865842,128x,200ms,25,64,0,44,333,296,1027,369,118,61,43,28,1035
2026-09-15T20:50:46.089208+00:00,1407,866363,128x,200ms,25,64,0,44,332,296,1027,369,119,61,43,28,1035
2026-09-15T20:50:46.609713+00:00,1408,866883,128x,200ms,25,64,0,44,333,296,1027,369,119,61,43,28,1035
2026-09-15T20:50:47.129617+00:00,1409,867404,128x,200ms,25,64,1,43,332,296,1027,369,118,61,43,28,1035
2026-09-15T20:50:47.649117+00:00,1410,867924,128x,200ms,25,64,1,44,332,296,1027,369,119,61,43,28,1035
2026-09-15T20:50:48.169265+00:00,1411,868445,128x,200ms,25,64,1,44,332,296,1027,369,119,61,43,28,1035
2026-09-15T20:50:48.689426+00:00,1412,868965,128x,200ms,25,64,1,44,333,296,1027,369,119,61,43,28,1035
2026-09-15T20:50:49.209528+00:00,1413,869485,128x,200ms,25,64,1,44,332,296,1027,369,119,61,43,28,1035
2026-09-15T20:50:49.729849+00:00,1414,870004,128x,200ms,25,64,1,44,333,296,1027,369,119,61,43,28,1035
2026-09-15T20:50:50.249302+00:00,1415,870524,128x,200ms,25,64,0,44,333,296,1028,369,119,61,43,28,1035
2026-09-15T20:50:50.769468+00:00,1416,871046,128x,200ms,25,64,0,44,333,296,1027,369,119,61,43,28,1035
2026-09-15T20:50:51.289239+00:00,1417,871567,128x,200ms,25,64,0,44,332,296,1027,369,119,61,43,28,1034
2026-09-15T20:50:51.810617+00:00,1418,872087,128x,200ms,25,64,0,43,332,296,1026,369,119,61,43,28,1035
2026-09-15T20:50:52.331000+00:00,1419,872608,128x,200ms,25,64,0,44,332,296,1027,369,119,61,43,28,1035
2026-09-15T20:50:52.849468+00:00,1420,873128,128x,200ms,25,64,0,44,332,296,1027,369,119,61,43,28,1035
2026-09-15T20:50:53.370014+00:00,1421,873650,128x,200ms,25,64,1,43,333,296,1028,369,119,61,43,28,1036
2026-09-15T20:50:53.890135+00:00,1422,874170,128x,200ms,25,64,1,44,333,296,1028,369,118,61,43,28,1035
2026-09-15T20:50:54.409071+00:00,1423,874690,128x,200ms,25,64,1,44,333,296,1028,369,119,61,43,28,1034
2026-09-15T20:50:54.930082+00:00,1424,875209,128x,200ms,25,64,1,44,332,296,1027,369,119,61,43,28,1035
2026-09-15T20:50:55.460419+00:00,1425,875729,128x,200ms,25,64,1,43,333,296,1028,369,119,61,43,28,1036
2026-09-15T20:50:55.969549+00:00,1426,876250,128x,200ms,25,64,1,44,332,296,1027,369,119,61,43,28,1036
2026-09-15T20:50:56.497290+00:00,1427,876770,128x,200ms,25,64,0,44,333,296,1027,369,119,61,43,28,1035
2026-09-15T20:50:57.017182+00:00,1428,877291,128x,200ms,25,64,0,43,332,296,1027,369,119,61,43,28,1034
2026-09-15T20:50:57.537076+00:00,1429,877811,128x,200ms,25,64,0,44,332,296,1028,369,119,61,43,28,1036
2026-09-15T20:50:58.057492+00:00,1430,878332,128x,200ms,25,64,0,44,332,296,1027,369,119,61,43,28,1035
2026-09-15T20:50:58.577131+00:00,1431,878853,128x,200ms,25,64,0,44,332,296,1027,369,118,61,43,28,1036
2026-09-15T20:50:59.097158+00:00,1432,879374,128x,200ms,25,64,0,43,332,296,1028,369,119,61,43,28,1035
2026-09-15T20:50:59.617070+00:00,1433,879895,128x,200ms,25,64,1,44,333,296,1028,369,119,61,43,28,1035
2026-09-15T20:51:00.137366+00:00,1434,880414,128x,200ms,25,64,1,44,333,296,1028,369,119,61,43,28,1036
2026-09-15T20:51:00.657490+00:00,1435,880934,128x,200ms,25,64,1,44,332,296,1027,369,119,61,43,28,1035
2026-09-15T20:51:01.177701+00:00,1436,881455,128x,200ms,25,64,1,44,332,296,1028,369,119,61,43,28,1035
2026-09-15T20:51:01.697011+00:00,1437,881975,128x,200ms,25,64,1,44,333,296,1027,369,119,61,43,28,1035
2026-09-15T20:51:02.217997+00:00,1438,882495,128x,200ms,25,64,1,44,333,296,1027,369,119,61,43,28,1036
2026-09-15T20:51:02.736836+00:00,1439,883015,128x,200ms,25,64,0,44,333,296,1028,369,119,61,43,28,1035
2026-09-15T20:51:03.256945+00:00,1440,883536,128x,200ms,25,64,0,44,333,296,1028,369,119,61,43,28,1035
2026-09-15T20:51:03.777006+00:00,1441,884057,128x,200ms,25,64,0,44,333,296,1027,369,119,61,43,28,1035
2026-09-15T20:51:04.297200+00:00,1442,884578,128x,200ms,25,64,0,44,332,296,1028,369,119,61,43,28,1035
2026-09-15T20:51:04.816983+00:00,1443,885098,128x,200ms,25,64,0,43,332,296,1027,369,118,61,43,28,1035
2026-09-15T20:51:05.337224+00:00,1444,885619,128x,200ms,25,64,0,44,333,296,1027,369,118,61,43,28,1035
2026-09-15T20:51:05.857535+00:00,1445,886139,128x,200ms,25,64,1,44,333,296,1028,369,119,61,43,28,1036
2026-09-15T20:51:06.378625+00:00,1446,886660,128x,200ms,25,64,1,44,332,296,1028,369,118,61,43,28,1036
2026-09-15T20:51:06.896906+00:00,1447,887180,128x,200ms,25,64,1,44,332,296,1027,369,119,61,43,28,1035
2026-09-15T20:51:07.417437+00:00,1448,887700,128x,200ms,25,64,1,44,332,296,1027,369,119,61,43,28,1036
2026-09-15T20:51:07.936891+00:00,1449,888220,128x,200ms,25,64,1,44,333,296,1028,369,119,61,43,28,1036
2026-09-15T20:51:08.457139+00:00,1450,888740,128x,200ms,25,64,1,44,332,296,1028,369,119,61,43,28,1035
2026-09-15T20:51:08.977367+00:00,1451,889261,128x,200ms,25,64,0,44,332,296,1027,369,119,61,43,28,1035
2026-09-15T20:51:09.497627+00:00,1452,889781,128x,200ms,25,64,0,43,333,296,1028,369,119,61,43,28,1036
2026-09-15T20:51:10.017597+00:00,1453,890302,128x,200ms,25,64,0,44,333,296,1028,369,119,61,43,28,1034
2026-09-15T20:51:10.537373+00:00,1454,890823,128x,200ms,25,64,0,44,332,296,1027,369,119,61,43,28,1035
2026-09-15T20:51:11.058850+00:00,1455,891343,128x,200ms,25,64,0,44,332,296,1027,369,118,61,43,28,1036
2026-09-15T20:51:11.577245+00:00,1456,891865,128x,200ms,25,64,0,43,332,296,1028,369,119,61,43,28,1036
2026-09-15T20:51:12.098175+00:00,1457,892385,128x,200ms,25,64,1,44,332,296,1027,369,119,61,43,28,1035
2026-09-15T20:51:12.616771+00:00,1458,892905,128x,200ms,25,64,1,44,333,296,1028,369,119,61,43,28,1035
2026-09-15T20:51:13.137237+00:00,1459,893425,128x,200ms,25,64,1,44,332,296,1028,369,119,61,43,28,1035
2026-09-15T20:51:13.656817+00:00,1460,893945,128x,200ms,25,64,1,44,333,296,1028,369,119,61,43,28,1034
2026-09-15T20:51:14.185092+00:00,1461,894466,128x,200ms,25,64,1,43,332,296,1027,369,119,61,43,28,1035
2026-09-15T20:51:14.705048+00:00,1462,894986,128x,200ms,25,64,1,43,332,296,1028,369,119,61,43,28,1035
2026-09-15T20:51:15.224794+00:00,1463,895506,128x,200ms,25,64,0,43,332,296,1028,369,119,61,43,28,1034
2026-09-15T20:51:15.738108+00:00,1464,896026,128x,200ms,25,64,0,44,333,296,1027,369,118,61,43,28,1035
2026-09-15T20:51:16.265847+00:00,1465,896547,128x,200ms,25,64,0,44,333,296,1027,369,119,61,43,28,1036
2026-09-15T20:51:16.784841+00:00,1466,897068,128x,200ms,25,64,0,44,332,296,1027,369,119,61,43,28,1036
2026-09-15T20:51:17.305457+00:00,1467,897589,128x,200ms,25,64,0,43,333,296,1028,369,119,61,43,28,1035
2026-09-15T20:51:17.824851+00:00,1468,898109,128x,200ms,25,64,0,44,332,296,1028,369,119,61,43,28,1036
2026-09-15T20:51:18.345940+00:00,1469,898630,128x,200ms,25,64,1,44,332,296,1028,369,119,61,43,28,1036
2026-09-15T20:51:18.864700+00:00,1470,899150,128x,200ms,25,64,1,44,333,296,1028,369,119,61,43,28,1035
2026-09-15T20:51:19.385692+00:00,1471,899671,128x,200ms,25,64,1,43,332,296,1028,369,119,61,43,28,1036
2026-09-15T20:51:19.905633+00:00,1472,900191,128x,200ms,25,64,1,44,332,296,1028,369,119,61,43,28,1036
2026-09-15T20:51:20.426463+00:00,1473,900711,128x,200ms,25,64,1,43,333,296,1028,369,119,61,43,28,1036
2026-09-15T20:51:20.945681+00:00,1474,901231,128x,200ms,25,64,1,44,333,296,1027,369,118,61,43,28,1035
2026-09-15T20:51:21.464762+00:00,1475,901751,128x,200ms,25,64,0,44,332,296,1028,369,119,61,43,28,1035
2026-09-15T20:51:21.985488+00:00,1476,902272,128x,200ms,25,64,0,43,332,296,1028,369,119,61,43,28,1036
2026-09-15T20:51:22.504699+00:00,1477,902793,128x,200ms,25,64,0,44,333,296,1028,369,118,61,43,28,1035
2026-09-15T20:51:23.034022+00:00,1478,903314,128x,200ms,25,64,0,44,332,296,1028,369,118,61,43,28,1035
2026-09-15T20:51:23.552939+00:00,1479,903834,128x,200ms,25,64,0,44,332,296,1028,369,118,61,43,28,1036
2026-09-15T20:51:24.065429+00:00,1480,904355,128x,200ms,25,64,0,44,332,296,1028,369,119,61,43,28,1035
2026-09-15T20:51:24.584933+00:00,1481,904877,128x,200ms,25,64,1,44,332,296,1028,369,118,61,43,28,1036
2026-09-15T20:51:25.104655+00:00,1482,905397,128x,200ms,25,64,1,44,333,296,1028,369,119,61,43,28,1036
2026-09-15T20:51:25.624538+00:00,1483,905917,128x,200ms,25,64,1,44,332,296,1028,369,119,61,43,28,1035
2026-09-15T20:51:26.144744+00:00,1484,906436,128x,200ms,25,64,1,44,333,296,1028,369,118,61,43,28,1036
2026-09-15T20:51:26.664516+00:00,1485,906956,128x,200ms,25,64,1,44,333,296,1028,369,119,61,43,28,1035
2026-09-15T20:51:27.184787+00:00,1486,907476,128x,200ms,25,64,1,43,333,296,1028,369,119,61,43,28,1036
2026-09-15T20:51:27.704617+00:00,1487,907997,128x,200ms,25,64,0,44,332,296,1028,369,119,61,43,28,1035
2026-09-15T20:51:28.224808+00:00,1488,908518,128x,200ms,25,64,0,44,333,296,1028,369,119,61,43,28,1036
2026-09-15T20:51:28.753699+00:00,1489,909038,128x,200ms,25,64,0,44,332,296,1028,369,119,61,43,28,1036
2026-09-15T20:51:29.274353+00:00,1490,909559,128x,200ms,25,64,0,43,332,296,1028,370,119,61,43,28,1036
2026-09-15T20:51:29.792572+00:00,1491,910081,128x,200ms,25,64,0,43,332,296,1028,369,118,61,43,28,1035
2026-09-15T20:51:30.313108+00:00,1492,910601,128x,200ms,25,64,0,44,332,296,1028,369,119,61,43,28,1036
2026-09-15T20:51:30.825178+00:00,1493,911122,128x,200ms,25,64,1,43,333,296,1028,369,119,61,43,28,1035
2026-09-15T20:51:31.345858+00:00,1494,911642,128x,200ms,25,64,1,43,332,296,1028,369,119,61,43,28,1036
2026-09-15T20:51:31.864570+00:00,1495,912162,128x,200ms,25,64,1,43,333,296,1028,370,119,61,43,28,1036
2026-09-15T20:51:32.385258+00:00,1496,912683,128x,200ms,25,64,1,44,332,296,1028,369,119,61,43,28,1036
2026-09-15T20:51:32.904615+00:00,1497,913203,128x,200ms,25,64,1,44,332,296,1028,369,118,61,43,28,1035
2026-09-15T20:51:33.425069+00:00,1498,913723,128x,200ms,25,64,1,44,332,296,1028,369,119,61,43,28,1036
2026-09-15T20:51:33.952883+00:00,1499,914243,128x,200ms,25,64,0,44,332,296,1028,369,118,61,43,28,1036
2026-09-15T20:51:34.472772+00:00,1500,914763,128x,200ms,25,64,0,44,332,296,1028,369,119,61,43,28,1036
2026-09-15T20:51:34.992545+00:00,1501,915284,128x,200ms,25,64,0,44,332,296,1028,369,119,61,43,28,1036
2026-09-15T20:51:35.512999+00:00,1502,915805,128x,200ms,25,64,0,43,332,296,1028,369,119,61,43,28,1036
2026-09-15T20:51:36.032672+00:00,1503,916326,128x,200ms,25,64,0,44,333,296,1028,369,119,61,43,28,1036
2026-09-15T20:51:36.552541+00:00,1504,916847,128x,200ms,25,64,0,44,333,296,1028,369,119,61,43,28,1036
2026-09-15T20:51:37.072871+00:00,1505,917367,128x,200ms,25,64,1,43,332,296,1028,369,119,61,43,28,1036
2026-09-15T20:51:37.592811+00:00,1506,917888,128x,200ms,25,64,1,44,333,296,1028,370,119,61,43,28,1036
2026-09-15T20:51:38.113811+00:00,1507,918408,128x,200ms,25,64,1,43,332,296,1028,369,119,61,43,28,1036
2026-09-15T20:51:38.633456+00:00,1508,918928,128x,200ms,25,64,1,43,332,296,1028,370,119,61,43,28,1036
2026-09-15T20:51:39.154126+00:00,1509,919448,128x,200ms,25,64,1,44,332,296,1028,369,119,61,43,28,1035
2026-09-15T20:51:39.673068+00:00,1510,919968,128x,200ms,25,64,1,43,332,296,1028,369,119,61,43,28,1036
2026-09-15T20:51:40.193125+00:00,1511,920488,128x,200ms,25,64,0,44,332,296,1028,369,119,61,43,28,1036
2026-09-15T20:51:40.713534+00:00,1512,921009,128x,200ms,25,64,0,43,332,296,1028,370,119,61,43,28,1036
2026-09-15T20:51:41.232518+00:00,1513,921530,128x,200ms,25,64,0,44,333,296,1028,369,119,61,43,28,1036
2026-09-15T20:51:41.760865+00:00,1514,922051,128x,200ms,25,64,0,44,332,296,1029,369,119,61,43,28,1035
2026-09-15T20:51:42.281461+00:00,1515,922571,128x,200ms,25,64,0,44,333,296,1028,369,119,61,43,28,1035
2026-09-15T20:51:42.800455+00:00,1516,923092,128x,200ms,25,64,0,43,332,296,1028,369,119,61,43,28,1036
2026-09-15T20:51:43.320604+00:00,1517,923614,128x,200ms,25,64,1,43,333,296,1028,369,119,61,43,28,1035
2026-09-15T20:51:43.840454+00:00,1518,924133,128x,200ms,25,64,1,43,332,296,1028,369,119,61,43,28,1036
2026-09-15T20:51:44.360687+00:00,1519,924653,128x,200ms,25,64,1,43,332,296,1028,369,119,61,43,28,1036
2026-09-15T20:51:44.880416+00:00,1520,925173,128x,200ms,25,64,1,44,332,296,1028,370,119,61,43,28,1036
2026-09-15T20:51:45.401007+00:00,1521,925693,128x,200ms,25,64,1,44,333,296,1028,369,119,61,43,28,1036
2026-09-15T20:51:45.921580+00:00,1522,926214,128x,200ms,25,64,1,44,332,296,1028,369,119,61,43,28,1036
2026-09-15T20:51:46.440736+00:00,1523,926734,128x,200ms,25,64,0,44,332,296,1028,369,119,61,43,28,1036
2026-09-15T20:51:46.961092+00:00,1524,927255,128x,200ms,25,64,0,44,332,297,1029,369,119,61,43,28,1036
2026-09-15T20:51:47.481263+00:00,1525,927775,128x,200ms,25,64,0,43,332,296,1028,369,119,61,43,28,1036
2026-09-15T20:51:48.001469+00:00,1526,928296,128x,200ms,25,64,0,44,333,297,1028,369,119,61,43,28,1036
2026-09-15T20:51:48.521935+00:00,1527,928817,128x,200ms,25,64,0,44,333,296,1029,369,119,61,43,28,1036
2026-09-15T20:51:49.041439+00:00,1528,929338,128x,200ms,25,64,0,44,333,296,1029,370,119,61,43,28,1036
2026-09-15T20:51:49.560447+00:00,1529,929859,128x,200ms,25,64,1,44,333,296,1029,369,119,61,43,28,1036
2026-09-15T20:51:50.081336+00:00,1530,930378,128x,200ms,25,64,1,44,332,296,1029,369,119,61,43,28,1036
2026-09-15T20:51:50.600465+00:00,1531,930898,128x,200ms,25,64,1,44,332,296,1028,370,119,61,43,28,1036
2026-09-15T20:51:51.120450+00:00,1532,931419,128x,200ms,25,64,1,44,333,296,1028,369,119,61,43,28,1035
2026-09-15T20:51:51.640449+00:00,1533,931939,128x,200ms,25,64,1,44,332,296,1029,369,119,61,43,28,1036
2026-09-15T20:51:52.160876+00:00,1534,932459,128x,200ms,25,64,1,44,333,296,1029,369,119,61,43,28,1035
2026-09-15T20:51:52.680583+00:00,1535,932979,128x,200ms,25,64,0,43,332,296,1029,369,119,61,43,28,1036
2026-09-15T20:51:53.200438+00:00,1536,933499,128x,200ms,25,64,0,44,333,296,1029,370,119,61,43,28,1036
2026-09-15T20:51:53.720587+00:00,1537,934021,128x,200ms,25,64,0,44,332,296,1029,369,119,61,43,28,1036
2026-09-15T20:51:54.240607+00:00,1538,934542,128x,200ms,25,64,0,44,332,296,1029,370,119,61,43,28,1036
2026-09-15T20:51:54.761635+00:00,1539,935062,128x,200ms,25,64,0,44,333,296,1028,369,119,61,43,28,1037
2026-09-15T20:51:55.281406+00:00,1540,935583,128x,200ms,25,64,0,43,332,296,1029,369,118,61,43,28,1036
2026-09-15T20:51:55.800699+00:00,1541,936104,128x,200ms,25,64,1,44,333,296,1029,369,119,61,43,28,1035
2026-09-15T20:51:56.320564+00:00,1542,936625,128x,200ms,25,64,1,44,333,296,1029,370,118,61,43,28,1035
2026-09-15T20:51:56.844603+00:00,1543,937145,128x,200ms,25,64,1,43,332,296,1029,369,119,61,43,28,1036
2026-09-15T20:51:57.361190+00:00,1544,937664,128x,200ms,25,64,1,44,333,296,1029,370,119,61,43,29,1036
2026-09-15T20:51:57.881492+00:00,1545,938184,128x,200ms,25,64,1,43,332,296,1028,369,119,61,43,28,1036
2026-09-15T20:51:58.401164+00:00,1546,938704,128x,200ms,25,64,1,44,333,297,1029,370,119,61,43,28,1036
2026-09-15T20:51:58.920322+00:00,1547,939225,128x,200ms,25,64,0,44,333,296,1029,370,119,61,43,28,1036
2026-09-15T20:51:59.441515+00:00,1548,939746,128x,200ms,25,64,0,44,333,296,1029,370,119,61,43,28,1036
2026-09-15T20:51:59.960602+00:00,1549,940266,128x,200ms,25,64,0,44,333,296,1029,369,119,61,43,28,1036
2026-09-15T20:52:00.489272+00:00,1550,940787,128x,200ms,25,64,0,44,332,296,1028,369,119,61,43,28,1036
2026-09-15T20:52:01.008863+00:00,1551,941308,128x,200ms,25,64,0,44,332,296,1029,370,119,61,43,28,1036
2026-09-15T20:52:01.528518+00:00,1552,941829,128x,200ms,25,64,0,43,332,296,1029,370,119,61,43,28,1036
2026-09-15T20:52:02.048929+00:00,1553,942350,128x,200ms,25,64,1,44,332,296,1029,370,119,61,43,28,1036
2026-09-15T20:52:02.568393+00:00,1554,942870,128x,200ms,25,64,1,44,332,296,1028,369,119,61,43,28,1036
2026-09-15T20:52:03.088690+00:00,1555,943390,128x,200ms,25,64,1,44,333,296,1029,370,119,61,43,28,1036
2026-09-15T20:52:03.608526+00:00,1556,943909,128x,200ms,25,64,1,44,333,296,1029,370,119,61,43,28,1037
2026-09-15T20:52:04.129126+00:00,1557,944430,128x,200ms,25,64,1,44,332,296,1029,369,119,61,43,28,1036
2026-09-15T20:52:04.648333+00:00,1558,944950,128x,200ms,25,64,1,44,333,296,1029,369,119,61,43,28,1036
2026-09-15T20:52:05.168515+00:00,1559,945470,128x,200ms,25,64,0,44,333,297,1029,369,119,61,43,28,1037
2026-09-15T20:52:05.688708+00:00,1560,945990,128x,200ms,25,64,0,43,333,297,1029,370,119,61,43,28,1036
2026-09-15T20:52:06.209315+00:00,1561,946511,128x,200ms,25,64,0,43,333,296,1029,369,119,61,43,28,1037
2026-09-15T20:52:06.728417+00:00,1562,947032,128x,200ms,25,64,0,43,332,296,1028,369,119,61,43,28,1036
2026-09-15T20:52:07.249515+00:00,1563,947553,128x,200ms,25,64,0,44,332,296,1029,370,118,61,43,29,1036
2026-09-15T20:52:07.769023+00:00,1564,948074,128x,200ms,25,64,0,44,333,296,1029,369,119,61,43,28,1037
2026-09-15T20:52:08.288259+00:00,1565,948594,128x,200ms,25,64,1,44,333,296,1029,370,119,61,43,28,1036
2026-09-15T20:52:08.809392+00:00,1566,949114,128x,200ms,25,64,1,44,332,296,1028,370,119,61,43,28,1037
2026-09-15T20:52:09.328347+00:00,1567,949635,128x,200ms,25,64,1,43,332,296,1029,370,119,61,43,28,1036
2026-09-15T20:52:09.848341+00:00,1568,950155,128x,200ms,25,64,1,44,333,296,1028,369,119,61,43,28,1037
2026-09-15T20:52:10.368617+00:00,1569,950675,128x,200ms,25,64,1,44,333,296,1029,370,119,61,43,28,1037
2026-09-15T20:52:10.888339+00:00,1570,951194,128x,200ms,25,64,1,44,333,296,1029,369,119,61,43,28,1036
2026-09-15T20:52:11.408348+00:00,1571,951714,128x,200ms,25,64,0,44,332,296,1029,369,119,61,43,28,1037
2026-09-15T20:52:11.928683+00:00,1572,952236,128x,200ms,25,64,0,44,333,296,1029,370,119,61,43,28,1036
2026-09-15T20:52:12.449149+00:00,1573,952757,128x,200ms,25,64,0,43,332,296,1030,370,119,61,43,28,1037
2026-09-15T20:52:12.969178+00:00,1574,953277,128x,200ms,25,64,0,44,333,296,1029,369,119,61,43,28,1036
2026-09-15T20:52:13.488593+00:00,1575,953798,128x,200ms,25,64,0,43,333,296,1029,369,119,61,43,28,1036
2026-09-15T20:52:14.009011+00:00,1576,954318,128x,200ms,25,64,0,44,332,296,1029,369,119,61,43,28,1037
2026-09-15T20:52:14.528432+00:00,1577,954840,128x,200ms,25,64,1,44,333,296,1029,369,119,61,43,28,1037
2026-09-15T20:52:15.048501+00:00,1578,955360,128x,200ms,25,64,1,44,332,297,1029,370,119,61,43,28,1037
2026-09-15T20:52:15.568358+00:00,1579,955880,128x,200ms,25,64,1,43,333,296,1029,369,119,61,43,28,1036
2026-09-15T20:52:16.089135+00:00,1580,956399,128x,200ms,25,64,1,44,332,296,1029,369,119,61,43,28,1037
2026-09-15T20:52:16.609990+00:00,1581,956919,128x,200ms,25,64,1,44,333,296,1029,369,119,61,43,28,1036
2026-09-15T20:52:17.128207+00:00,1582,957440,128x,200ms,25,64,1,44,332,297,1029,369,119,61,43,28,1036
2026-09-15T20:52:17.648827+00:00,1583,957960,128x,200ms,25,64,0,44,333,297,1030,369,119,61,43,28,1036
2026-09-15T20:52:18.168645+00:00,1584,958481,128x,200ms,25,64,0,44,332,296,1029,370,119,61,43,28,1037
2026-09-15T20:52:18.696360+00:00,1585,959001,128x,200ms,25,64,0,44,333,296,1029,369,119,61,43,28,1037
2026-09-15T20:52:19.209126+00:00,1586,959522,128x,200ms,25,64,0,43,333,296,1029,370,119,61,43,28,1036
2026-09-15T20:52:19.736158+00:00,1587,960043,128x,200ms,25,64,0,44,332,296,1029,370,119,61,43,28,1036
2026-09-15T20:52:20.256424+00:00,1588,960564,128x,200ms,25,64,0,44,333,296,1029,370,119,61,43,28,1037
2026-09-15T20:52:20.776281+00:00,1589,961085,128x,200ms,25,64,1,44,332,296,1029,369,119,61,43,28,1036
2026-09-15T20:52:21.296281+00:00,1590,961604,128x,200ms,25,64,1,44,332,297,1029,370,119,61,43,28,1037
2026-09-15T20:52:21.816926+00:00,1591,962124,128x,200ms,25,64,1,44,332,296,1029,370,119,61,43,28,1036
2026-09-15T20:52:22.336323+00:00,1592,962644,128x,200ms,25,64,1,44,333,297,1030,369,119,61,43,28,1036
2026-09-15T20:52:22.856645+00:00,1593,963165,128x,200ms,25,64,1,44,332,297,1029,370,119,61,43,28,1037
2026-09-15T20:52:23.377482+00:00,1594,963685,128x,200ms,25,64,1,44,333,296,1029,370,119,61,43,28,1037
2026-09-15T20:52:23.897294+00:00,1595,964205,128x,200ms,25,64,0,44,332,297,1029,369,119,61,43,28,1036
2026-09-15T20:52:24.416816+00:00,1596,964725,128x,200ms,25,64,0,44,332,297,1029,370,119,61,43,28,1037
2026-09-15T20:52:24.937632+00:00,1597,965246,128x,200ms,25,64,0,43,333,296,1029,369,119,61,43,28,1037
2026-09-15T20:52:25.457370+00:00,1598,965767,128x,200ms,25,64,0,44,332,297,1029,370,119,61,43,28,1036
2026-09-15T20:52:25.978093+00:00,1599,966288,128x,200ms,25,64,0,44,333,296,1029,370,118,61,43,28,1036
2026-09-15T20:52:26.496324+00:00,1600,966808,128x,200ms,25,64,0,43,332,297,1029,370,118,61,43,28,1036
2026-09-15T20:52:27.016385+00:00,1601,967329,128x,200ms,25,64,1,43,332,297,1029,370,119,61,43,28,1037
2026-09-15T20:52:27.536243+00:00,1602,967848,128x,200ms,25,64,1,44,332,296,1029,370,119,61,43,28,1036
2026-09-15T20:52:28.056269+00:00,1603,968370,128x,200ms,25,64,1,43,332,296,1029,369,119,61,43,29,1037
2026-09-15T20:52:28.568301+00:00,1604,968889,128x,200ms,25,64,1,44,332,296,1029,369,119,61,43,28,1037
2026-09-15T20:52:29.096235+00:00,1605,969409,128x,200ms,25,64,1,44,332,297,1030,369,119,61,43,28,1037
2026-09-15T20:52:29.616209+00:00,1606,969929,128x,200ms,25,64,1,44,332,296,1030,370,119,61,43,28,1037
2026-09-15T20:52:30.136106+00:00,1607,970449,128x,200ms,25,64,0,44,332,296,1030,370,119,61,43,28,1037
2026-09-15T20:52:30.656453+00:00,1608,970970,128x,200ms,25,64,0,44,332,297,1029,370,119,61,43,28,1036
2026-09-15T20:52:31.176158+00:00,1609,971491,128x,200ms,25,64,0,44,332,296,1029,370,119,61,43,28,1036
2026-09-15T20:52:31.697251+00:00,1610,972011,128x,200ms,25,64,0,44,333,297,1029,370,119,61,43,28,1037
2026-09-15T20:52:32.216276+00:00,1611,972532,128x,200ms,25,64,0,44,333,296,1030,369,119,61,43,28,1037
2026-09-15T20:52:32.736357+00:00,1612,973052,128x,200ms,25,64,0,44,332,297,1029,370,119,61,43,28,1036
2026-09-15T20:52:33.256998+00:00,1613,973574,128x,200ms,25,64,1,44,333,297,1029,370,119,61,43,28,1037
2026-09-15T20:52:33.777571+00:00,1614,974094,128x,200ms,25,64,1,44,333,296,1029,369,119,61,43,28,1037
2026-09-15T20:52:34.296680+00:00,1615,974614,128x,200ms,25,64,1,44,333,297,1029,370,119,61,43,28,1037
2026-09-15T20:52:34.816251+00:00,1616,975133,128x,200ms,25,64,1,44,332,296,1029,369,119,61,43,28,1036
2026-09-15T20:52:35.336840+00:00,1617,975653,128x,200ms,25,64,1,44,333,297,1030,369,119,61,43,28,1037
2026-09-15T20:52:35.857104+00:00,1618,976174,128x,200ms,25,64,1,44,333,297,1030,370,119,61,43,28,1036
2026-09-15T20:52:36.377049+00:00,1619,976694,128x,200ms,25,64,0,44,333,297,1029,369,119,61,43,28,1037
2026-09-15T20:52:36.896979+00:00,1620,977214,128x,200ms,25,64,0,43,333,297,1030,369,119,61,43,28,1037
2026-09-15T20:52:37.417108+00:00,1621,977735,128x,200ms,25,64,0,44,333,297,1029,370,119,61,43,28,1037
2026-09-15T20:52:37.945203+00:00,1622,978255,128x,200ms,25,64,0,44,332,296,1029,370,119,61,43,28,1037
2026-09-15T20:52:38.464181+00:00,1623,978777,128x,200ms,25,64,0,44,333,297,1030,369,119,61,43,28,1037
2026-09-15T20:52:38.976428+00:00,1624,979297,128x,200ms,25,64,0,44,333,297,1030,369,119,61,43,28,1037
2026-09-15T20:52:39.497188+00:00,1625,979818,128x,200ms,25,64,1,44,332,297,1029,370,119,61,43,28,1037
2026-09-15T20:52:40.016219+00:00,1626,980338,128x,200ms,25,64,1,44,332,297,1030,370,119,61,43,28,1037
2026-09-15T20:52:40.536849+00:00,1627,980858,128x,200ms,25,64,1,43,332,296,1029,369,119,61,43,28,1037
2026-09-15T20:52:41.056165+00:00,1628,981378,128x,200ms,25,64,1,44,333,297,1029,370,118,61,43,28,1037
2026-09-15T20:52:41.577434+00:00,1629,981898,128x,200ms,25,64,1,44,332,296,1029,370,119,61,43,28,1036
2026-09-15T20:52:42.096310+00:00,1630,982418,128x,200ms,25,64,1,44,333,297,1030,370,119,61,43,28,1037
2026-09-15T20:52:42.616326+00:00,1631,982938,128x,200ms,25,64,0,44,333,296,1029,370,119,61,43,28,1037
2026-09-15T20:52:43.136879+00:00,1632,983458,128x,200ms,25,64,0,44,332,297,1030,370,119,61,43,28,1037
2026-09-15T20:52:43.656950+00:00,1633,983980,128x,200ms,25,64,0,44,332,297,1030,370,119,61,43,28,1037
2026-09-15T20:52:44.184677+00:00,1634,984500,128x,200ms,25,64,0,44,333,296,1029,370,119,61,43,28,1037
2026-09-15T20:52:44.696710+00:00,1635,985021,128x,200ms,25,64,0,44,332,296,1030,370,119,61,43,28,1037
2026-09-15T20:52:45.217145+00:00,1636,985541,128x,200ms,25,64,0,44,332,297,1030,370,119,61,43,28,1036
2026-09-15T20:52:45.736717+00:00,1637,986062,128x,200ms,25,64,1,43,332,297,1029,370,119,61,43,28,1037
2026-09-15T20:52:46.256144+00:00,1638,986583,128x,200ms,25,64,1,43,333,297,1030,370,119,61,43,28,1037
2026-09-15T20:52:46.776132+00:00,1639,987103,128x,200ms,25,64,1,44,333,297,1030,369,119,61,43,28,1037
2026-09-15T20:52:47.296602+00:00,1640,987622,128x,200ms,25,64,1,44,333,297,1030,370,119,61,43,28,1037
2026-09-15T20:52:47.824129+00:00,1641,988142,128x,200ms,25,64,1,44,332,297,1029,370,119,61,43,28,1037
2026-09-15T20:52:48.344129+00:00,1642,988662,128x,200ms,25,64,1,44,333,297,1029,369,119,61,43,28,1038
2026-09-15T20:52:48.860111+00:00,1643,989182,128x,200ms,25,64,0,44,333,297,1030,370,119,61,43,28,1037
2026-09-15T20:52:49.384121+00:00,1644,989703,128x,200ms,25,64,0,44,332,297,1030,370,119,61,43,28,1037
2026-09-15T20:52:49.904123+00:00,1645,990224,128x,200ms,25,64,0,44,332,297,1029,370,119,61,43,28,1037
2026-09-15T20:52:50.424194+00:00,1646,990744,128x,200ms,25,64,0,44,332,297,1030,370,119,61,43,28,1037
2026-09-15T20:52:50.944171+00:00,1647,991265,128x,200ms,25,64,0,43,332,297,1030,370,119,61,43,28,1036
2026-09-15T20:52:51.464948+00:00,1648,991785,128x,200ms,25,64,0,44,333,297,1030,370,119,61,43,28,1037
2026-09-15T20:52:51.984783+00:00,1649,992307,128x,200ms,25,64,1,44,333,297,1030,370,119,61,43,28,1037
2026-09-15T20:52:52.504122+00:00,1650,992827,128x,200ms,25,64,1,44,333,297,1030,370,119,61,43,28,1037
2026-09-15T20:52:53.024993+00:00,1651,993347,128x,200ms,25,64,1,44,333,296,1030,370,119,61,43,28,1037
2026-09-15T20:52:53.544522+00:00,1652,993866,128x,200ms,25,64,1,44,332,296,1030,370,119,61,43,28,1037
2026-09-15T20:52:54.066166+00:00,1653,994386,128x,200ms,25,64,1,44,333,297,1030,370,119,61,43,28,1038
2026-09-15T20:52:54.584866+00:00,1654,994907,128x,200ms,25,64,1,44,333,297,1030,370,119,61,43,28,1038
2026-09-15T20:52:55.105098+00:00,1655,995427,128x,200ms,25,64,0,44,333,297,1030,369,119,61,43,28,1037
2026-09-15T20:52:55.625110+00:00,1656,995948,128x,200ms,25,64,0,44,332,297,1030,370,119,61,43,28,1036
2026-09-15T20:52:56.144333+00:00,1657,996468,128x,200ms,25,64,0,44,332,297,1030,370,119,61,43,28,1037
2026-09-15T20:52:56.664511+00:00,1658,996989,128x,200ms,25,64,0,44,333,296,1030,370,119,61,43,28,1037
2026-09-15T20:52:57.184078+00:00,1659,997510,128x,200ms,25,64,0,44,333,297,1030,370,119,61,43,28,1037
2026-09-15T20:52:57.704327+00:00,1660,998031,128x,200ms,25,64,0,43,333,297,1030,370,118,61,43,28,1037
2026-09-15T20:52:58.225088+00:00,1661,998551,128x,200ms,25,64,1,44,333,297,1030,370,119,61,43,28,1037
2026-09-15T20:52:58.744594+00:00,1662,999071,128x,200ms,25,64,1,44,333,297,1030,370,119,61,43,28,1037
2026-09-15T20:52:59.264220+00:00,1663,999591,128x,200ms,25,64,1,44,333,297,1030,370,119,61,43,28,1037
2026-09-15T20:52:59.785010+00:00,1664,1000112,128x,200ms,25,64,1,44,333,297,1030,370,119,61,43,28,1037
2026-09-15T20:53:00.304056+00:00,1665,1000632,128x,200ms,25,64,1,44,333,297,1030,370,119,61,43,28,1036
2026-09-15T20:53:00.825332+00:00,1666,1001152,128x,200ms,25,64,1,43,333,297,1030,370,119,61,43,28,1036
2026-09-15T20:53:01.344775+00:00,1667,1001672,128x,200ms,25,64,0,44,332,297,1030,370,119,61,43,28,1037
2026-09-15T20:53:01.866083+00:00,1668,1002192,128x,200ms,25,64,0,44,333,297,1031,370,119,61,43,28,1037
2026-09-15T20:53:02.383935+00:00,1669,1002714,128x,200ms,25,64,0,43,332,297,1030,370,119,61,43,28,1037
2026-09-15T20:53:02.904644+00:00,1670,1003234,128x,200ms,25,64,0,43,332,297,1031,370,119,61,43,28,1037
2026-09-15T20:53:03.423919+00:00,1671,1003755,128x,200ms,25,64,0,44,332,297,1030,370,119,61,43,28,1037
2026-09-15T20:53:03.943978+00:00,1672,1004275,128x,200ms,25,64,0,44,333,297,1030,370,119,61,43,28,1037
2026-09-15T20:53:04.464636+00:00,1673,1004796,128x,200ms,25,64,1,44,332,297,1030,370,119,61,43,28,1038
2026-09-15T20:53:04.984798+00:00,1674,1005317,128x,200ms,25,64,1,43,332,296,1030,370,119,61,43,28,1037
2026-09-15T20:53:05.504402+00:00,1675,1005837,128x,200ms,25,64,1,43,332,297,1030,370,119,61,43,28,1037
2026-09-15T20:53:06.031939+00:00,1676,1006357,128x,200ms,25,64,1,44,333,297,1030,370,119,61,43,28,1038
2026-09-15T20:53:06.552029+00:00,1677,1006877,128x,200ms,25,64,1,44,332,297,1030,370,119,61,43,28,1037
2026-09-15T20:53:07.072021+00:00,1678,1007397,128x,200ms,25,64,1,43,333,297,1030,370,119,61,43,28,1037
2026-09-15T20:53:07.592895+00:00,1679,1007918,128x,200ms,25,64,0,46,364,301,1013,388,127,67,50,30,1171
2026-09-15T20:53:08.112360+00:00,1680,1008438,128x,200ms,25,64,0,43,318,277,1005,366,120,61,42,28,1008
2026-09-15T20:53:08.632555+00:00,1681,1008959,128x,200ms,25,64,0,43,318,277,1005,366,120,61,42,28,1007
2026-09-15T20:53:09.152001+00:00,1682,1009480,128x,200ms,25,64,0,43,318,277,1004,365,118,60,42,28,1005
2026-09-15T20:53:09.672343+00:00,1683,1010000,128x,200ms,25,64,0,43,318,277,1003,364,118,60,42,28,1004
2026-09-15T20:53:10.193716+00:00,1684,1010521,128x,200ms,25,64,0,43,317,277,1004,365,118,60,42,27,1005
2026-09-15T20:53:10.712343+00:00,1685,1011042,128x,200ms,25,64,1,43,318,277,1003,364,118,60,42,27,1004
2026-09-15T20:53:11.232223+00:00,1686,1011562,128x,200ms,25,64,1,43,318,277,1004,364,118,60,42,28,1004
2026-09-15T20:53:11.744390+00:00,1687,1012082,128x,200ms,25,64,1,43,318,277,1003,364,117,60,42,27,1003
2026-09-15T20:53:12.264653+00:00,1688,1012602,128x,200ms,25,64,1,43,317,277,1003,363,117,60,41,28,1000
2026-09-15T20:53:12.784439+00:00,1689,1013123,128x,200ms,25,64,1,53,495,346,977,19,7,4,5,1,132
2026-09-15T20:53:13.296966+00:00,1690,1013640,128x,200ms,25,64,1,1,27,12,3,7,2,0,0,0,27
2026-09-15T20:53:13.808836+00:00,1691,1014156,128x,200ms,25,64,0,1,27,13,3,7,3,1,0,0,28
2026-09-15T20:53:14.329880+00:00,1692,1014672,128x,200ms,25,64,0,1,27,13,4,7,2,0,0,0,26
2026-09-15T20:53:14.841030+00:00,1693,1015187,128x,200ms,25,64,0,1,27,13,3,7,2,0,0,0,26
2026-09-15T20:53:15.361074+00:00,1694,1015703,128x,200ms,25,64,0,0,27,13,3,7,2,0,0,0,26
2026-09-15T20:53:15.872203+00:00,1695,1016218,128x,200ms,25,64,0,0,27,13,3,7,2,0,0,0,26
2026-09-15T20:53:16.391977+00:00,1696,1016734,128x,200ms,25,64,0,1,27,12,3,7,2,0,0,0,26
2026-09-15T20:53:16.904978+00:00,1697,1017249,128x,200ms,25,64,1,1,27,12,3,7,2,0,0,0,26
2026-09-15T20:53:17.425177+00:00,1698,1017765,128x,200ms,25,64,1,1,27,13,3,7,2,0,0,0,27
2026-09-15T20:53:17.943964+00:00,1699,1018283,128x,200ms,25,64,1,1,27,12,3,7,2,0,0,0,26
2026-09-15T20:53:18.456732+00:00,1700,1018799,128x,200ms,25,64,1,0,27,12,3,7,2,0,0,0,27
2026-09-15T20:53:18.967950+00:00,1701,1019315,128x,200ms,25,64,1,1,27,13,3,7,2,0,0,0,27
2026-09-15T20:53:19.480549+00:00,1702,1019831,128x,200ms,25,64,1,1,27,13,3,7,2,0,0,0,27
2026-09-15T20:53:20.001204+00:00,1703,1020347,128x,200ms,25,64,0,1,27,12,3,7,2,1,0,0,26
2026-09-15T20:53:20.519955+00:00,1704,1020863,128x,200ms,25,64,0,1,27,13,3,7,3,1,0,0,28
2026-09-15T20:53:21.031940+00:00,1705,1021378,128x,200ms,25,64,0,1,28,13,4,8,3,1,0,0,29
2026-09-15T20:53:21.551937+00:00,1706,1021894,128x,200ms,25,64,0,1,27,13,4,8,3,1,0,0,29
2026-09-15T20:53:22.063929+00:00,1707,1022409,128x,200ms,25,64,0,1,27,13,4,8,3,1,0,0,28
2026-09-15T20:53:22.576175+00:00,1708,1022925,128x,200ms,25,64,0,1,27,13,3,8,3,1,0,0,29
2026-09-15T20:53:23.096784+00:00,1709,1023440,128x,200ms,25,64,1,1,27,13,3,8,3,1,0,0,29
2026-09-15T20:53:23.608876+00:00,1710,1023956,128x,200ms,25,64,1,1,27,13,4,8,3,1,0,0,28
2026-09-15T20:53:24.121516+00:00,1711,1024473,128x,200ms,25,64,1,1,27,13,3,7,3,1,0,0,28
2026-09-15T20:53:24.640164+00:00,1712,1024989,128x,200ms,25,64,1,1,27,13,3,7,2,1,0,0,27
2026-09-15T20:53:25.160784+00:00,1713,1025505,128x,200ms,25,64,1,1,27,13,3,7,2,0,0,0,27
2026-09-15T20:53:25.672162+00:00,1714,1026021,128x,200ms,25,64,1,1,27,12,3,7,2,0,0,0,26
2026-09-15T20:53:26.192099+00:00,1715,1026537,128x,200ms,25,64,0,1,27,12,3,7,2,0,0,0,27
2026-09-15T20:53:26.704027+00:00,1716,1027053,128x,200ms,25,64,0,1,27,12,3,7,2,0,0,0,26
2026-09-15T20:53:27.215940+00:00,1717,1027568,128x,200ms,25,64,0,1,27,12,3,7,2,0,0,0,27
2026-09-15T20:53:27.736438+00:00,1718,1028084,128x,200ms,25,64,0,1,27,13,4,8,3,1,0,0,28
2026-09-15T20:53:28.248810+00:00,1719,1028599,128x,200ms,25,64,0,1,27,13,3,7,3,1,0,0,28
2026-09-15T20:53:28.768349+00:00,1720,1029115,128x,200ms,25,64,0,1,27,13,3,8,3,1,0,0,29
2026-09-15T20:53:29.280015+00:00,1721,1029630,128x,200ms,25,64,1,1,27,13,4,7,3,1,0,0,28
2026-09-15T20:53:29.801071+00:00,1722,1030147,128x,200ms,25,64,1,1,27,13,4,7,3,1,0,0,28
2026-09-15T20:53:30.314653+00:00,1723,1030663,128x,200ms,25,64,1,1,27,13,4,8,3,1,1,0,29
2026-09-15T20:53:30.833540+00:00,1724,1031179,128x,200ms,25,64,1,1,27,13,4,7,3,1,1,0,28
2026-09-15T20:53:31.345959+00:00,1725,1031695,128x,200ms,25,64,1,1,27,13,4,7,3,1,0,0,29
2026-09-15T20:53:31.856739+00:00,1726,1032211,128x,200ms,25,64,1,1,27,13,3,8,3,1,0,0,28
2026-09-15T20:53:32.376779+00:00,1727,1032727,128x,200ms,25,64,0,1,27,13,3,8,3,1,1,0,29
2026-09-15T20:53:32.888172+00:00,1728,1033242,128x,200ms,25,64,0,1,27,13,4,8,3,1,0,0,29
2026-09-15T20:53:33.408532+00:00,1729,1033758,128x,200ms,25,64,0,1,27,13,3,8,3,1,1,0,29
2026-09-15T20:53:33.920433+00:00,1730,1034273,128x,200ms,25,64,0,1,27,13,4,7,3,1,0,0,29
2026-09-15T20:53:34.440313+00:00,1731,1034789,128x,200ms,25,64,0,1,27,13,4,8,3,1,0,0,28
2026-09-15T20:53:34.952102+00:00,1732,1035304,128x,200ms,25,64,0,1,27,13,3,7,3,1,0,0,29
2026-09-15T20:53:35.464526+00:00,1733,1035821,128x,200ms,25,64,1,1,27,13,3,7,3,1,1,0,29
2026-09-15T20:53:35.984377+00:00,1734,1036337,128x,200ms,25,64,1,1,27,13,4,8,3,1,1,0,29
2026-09-15T20:53:36.496143+00:00,1735,1036852,128x,200ms,25,64,1,1,27,13,4,8,3,1,0,0,29
2026-09-15T20:53:37.016948+00:00,1736,1037368,128x,200ms,25,64,1,1,27,13,3,8,3,1,0,0,29
2026-09-15T20:53:37.536022+00:00,1737,1037884,128x,200ms,25,64,1,1,28,13,3,7,3,1,0,0,29
2026-09-15T20:53:38.049569+00:00,1738,1038400,128x,200ms,25,64,1,1,28,13,4,7,3,1,1,0,28
2026-09-15T20:53:38.568626+00:00,1739,1038916,128x,200ms,25,64,0,1,27,13,4,8,3,1,0,0,29
2026-09-15T20:53:39.081653+00:00,1740,1039432,128x,200ms,25,64,0,1,27,13,4,7,3,1,0,0,29
2026-09-15T20:53:39.592377+00:00,1741,1039947,128x,200ms,25,64,0,1,27,13,4,7,3,1,1,0,29
2026-09-15T20:53:40.111837+00:00,1742,1040462,128x,200ms,25,64,0,1,27,13,4,7,3,1,0,0,29
2026-09-15T20:53:40.623825+00:00,1743,1040978,128x,200ms,25,64,0,1,27,13,4,7,3,1,0,0,29
2026-09-15T20:53:41.143771+00:00,1744,1041494,128x,200ms,25,64,0,1,27,13,3,8,3,1,1,0,28
2026-09-15T20:53:41.656181+00:00,1745,1042010,128x,200ms,25,64,1,1,27,13,4,8,3,1,0,0,29
2026-09-15T20:53:42.175801+00:00,1746,1042526,128x,200ms,25,64,1,1,27,13,3,8,3,1,0,0,29
2026-09-15T20:53:42.688256+00:00,1747,1043042,128x,200ms,25,64,1,1,27,13,4,8,3,1,0,0,29
2026-09-15T20:53:43.208026+00:00,1748,1043558,128x,200ms,25,64,1,1,27,13,4,8,3,1,0,0,29
2026-09-15T20:53:43.720495+00:00,1749,1044074,128x,200ms,25,64,1,1,28,13,3,7,3,1,1,0,29
2026-09-15T20:53:44.231759+00:00,1750,1044590,128x,200ms,25,64,1,1,28,13,4,8,3,1,0,0,29
2026-09-15T20:53:44.752082+00:00,1751,1045106,128x,200ms,25,64,0,1,27,13,3,7,3,1,0,0,29
2026-09-15T20:53:45.264376+00:00,1752,1045621,128x,200ms,25,64,0,0,28,13,3,8,3,1,0,0,29
2026-09-15T20:53:45.783765+00:00,1753,1046137,128x,200ms,25,64,0,1,28,13,3,8,3,1,0,0,29
2026-09-15T20:53:46.296427+00:00,1754,1046653,128x,200ms,25,64,0,1,27,13,4,7,3,1,1,0,28
2026-09-15T20:53:46.816526+00:00,1755,1047169,128x,200ms,25,64,0,1,27,13,3,7,3,1,0,0,29
2026-09-15T20:53:47.328648+00:00,1756,1047684,128x,200ms,25,64,0,1,28,13,4,7,3,1,0,0,29
2026-09-15T20:53:47.840521+00:00,1757,1048200,128x,200ms,25,64,1,1,27,13,4,8,3,1,0,0,29
2026-09-15T20:53:48.360584+00:00,1758,1048716,128x,200ms,25,64,1,1,27,13,4,7,3,1,0,0,29
2026-09-15T20:53:48.874037+00:00,1759,1049232,128x,200ms,25,64,1,1,28,13,4,7,3,1,1,0,29
2026-09-15T20:53:49.391853+00:00,1760,1049748,128x,200ms,25,64,1,1,27,13,4,8,3,1,0,0,28
2026-09-15T20:53:49.904701+00:00,1761,1050264,128x,200ms,25,64,1,1,27,13,4,7,3,1,1,0,28
2026-09-15T20:53:50.424548+00:00,1762,1050779,128x,200ms,25,64,1,1,28,13,4,7,3,1,0,0,28
2026-09-15T20:53:50.936746+00:00,1763,1051295,128x,200ms,25,64,0,1,27,13,3,7,3,1,1,0,28
2026-09-15T20:53:51.448241+00:00,1764,1051811,128x,200ms,25,64,0,1,27,13,4,7,3,1,0,0,28
2026-09-15T20:53:51.968346+00:00,1765,1052326,128x,200ms,25,64,0,1,27,13,3,7,3,1,0,0,29
2026-09-15T20:53:52.480507+00:00,1766,1052843,128x,200ms,25,64,0,1,27,13,4,8,3,1,0,0,29
2026-09-15T20:53:53.000009+00:00,1767,1053358,128x,200ms,25,64,0,1,27,13,3,7,3,1,0,0,28
2026-09-15T20:53:53.511993+00:00,1768,1053874,128x,200ms,25,64,0,1,27,13,4,7,3,1,0,0,29
2026-09-15T20:53:54.031881+00:00,1769,1054389,128x,200ms,25,64,1,1,27,13,4,8,3,1,0,0,29
2026-09-15T20:53:54.544317+00:00,1770,1054905,128x,200ms,25,64,1,1,27,13,3,8,3,1,1,0,29
2026-09-15T20:53:55.065473+00:00,1771,1055421,128x,200ms,25,64,1,1,27,13,4,8,3,1,1,0,28
2026-09-15T20:53:55.576069+00:00,1772,1055937,128x,200ms,25,64,1,1,28,13,4,7,3,1,0,0,29
2026-09-15T20:53:56.088427+00:00,1773,1056453,128x,200ms,25,64,1,1,27,13,3,8,3,1,0,0,28
2026-09-15T20:53:56.608088+00:00,1774,1056969,128x,200ms,25,64,1,1,27,13,4,8,3,1,0,0,29
2026-09-15T20:53:57.128035+00:00,1775,1057485,128x,200ms,25,64,0,1,27,13,3,7,3,1,0,0,28
2026-09-15T20:53:57.640193+00:00,1776,1058000,128x,200ms,25,64,0,1,28,13,4,7,3,1,1,0,29
2026-09-15T20:53:58.160684+00:00,1777,1058515,128x,200ms,25,64,0,1,27,13,3,8,3,1,0,0,28
2026-09-15T20:53:58.671702+00:00,1778,1059032,128x,200ms,25,64,0,1,28,13,4,8,3,1,0,0,29
2026-09-15T20:53:59.184738+00:00,1779,1059548,128x,200ms,25,64,0,1,27,13,4,7,3,1,0,0,29
2026-09-15T20:53:59.704488+00:00,1780,1060063,128x,200ms,25,64,0,1,27,13,4,8,3,1,0,0,29
2026-09-15T20:54:00.215683+00:00,1781,1060579,128x,200ms,25,64,1,1,27,13,4,8,3,1,1,0,28
2026-09-15T20:54:00.729577+00:00,1782,1061094,128x,200ms,25,64,1,1,28,13,3,7,3,1,1,0,29
2026-09-15T20:54:01.247705+00:00,1783,1061610,128x,200ms,25,64,1,1,27,13,4,7,3,1,0,0,29
2026-09-15T20:54:01.767858+00:00,1784,1062126,128x,200ms,25,64,1,1,27,13,4,7,3,1,0,0,29
2026-09-15T20:54:02.279709+00:00,1785,1062642,128x,200ms,25,64,1,1,28,13,4,7,3,1,0,0,28
2026-09-15T20:54:02.800549+00:00,1786,1063158,128x,200ms,25,64,1,1,27,13,4,8,3,1,0,0,29
2026-09-15T20:54:03.312131+00:00,1787,1063674,128x,200ms,25,64,0,1,27,13,4,7,3,1,0,0,29
2026-09-15T20:54:03.823993+00:00,1788,1064189,128x,200ms,25,64,0,1,27,13,3,8,3,1,0,0,28
2026-09-15T20:54:04.344027+00:00,1789,1064706,128x,200ms,25,64,0,1,28,13,4,8,3,1,0,0,28
2026-09-15T20:54:04.855914+00:00,1790,1065222,128x,200ms,25,64,0,1,27,13,4,8,3,1,1,0,29
2026-09-15T20:54:05.376312+00:00,1791,1065737,128x,200ms,25,64,0,1,27,13,4,8,3,1,0,0,29
2026-09-15T20:54:05.888560+00:00,1792,1066253,128x,200ms,25,64,0,1,28,13,3,7,3,1,0,0,29
2026-09-15T20:54:06.408564+00:00,1793,1066768,128x,200ms,25,64,1,1,27,13,3,8,3,1,1,0,29
2026-09-15T20:54:06.920650+00:00,1794,1067284,128x,200ms,25,64,1,1,27,13,4,8,3,1,1,0,29
2026-09-15T20:54:07.433093+00:00,1795,1067800,128x,200ms,25,64,1,1,27,13,4,7,3,1,1,0,29
2026-09-15T20:54:07.952860+00:00,1796,1068316,128x,200ms,25,64,1,1,27,13,4,8,3,1,0,0,28
2026-09-15T20:54:08.464677+00:00,1797,1068832,128x,200ms,25,64,1,1,28,13,4,7,3,1,0,0,28
2026-09-15T20:54:08.983941+00:00,1798,1069348,128x,200ms,25,64,1,1,27,13,4,7,3,1,0,0,28
2026-09-15T20:54:09.495660+00:00,1799,1069864,128x,200ms,25,64,0,1,27,13,4,8,3,1,0,0,28
2026-09-15T20:54:10.015819+00:00,1800,1070380,128x,200ms,25,64,0,1,27,13,4,7,3,1,0,0,28
2026-09-15T20:54:10.528225+00:00,1801,1070896,128x,200ms,25,64,0,1,27,13,3,8,3,1,0,0,28
2026-09-15T20:54:11.039639+00:00,1802,1071411,128x,200ms,25,64,0,1,27,13,3,7,3,1,0,0,28
2026-09-15T20:54:11.559653+00:00,1803,1071927,128x,200ms,25,64,0,1,28,13,4,8,3,1,0,0,28
2026-09-15T20:54:12.079650+00:00,1804,1072442,128x,200ms,25,64,0,1,27,13,4,7,3,1,0,0,29
2026-09-15T20:54:12.591785+00:00,1805,1072958,128x,200ms,25,64,1,1,27,13,4,7,3,1,0,0,28
2026-09-15T20:54:13.111650+00:00,1806,1073474,128x,200ms,25,64,1,1,27,13,3,7,3,1,0,0,28
2026-09-15T20:54:13.623688+00:00,1807,1073990,128x,200ms,25,64,1,1,27,13,4,8,3,1,0,0,28
2026-09-15T20:54:14.143789+00:00,1808,1074506,128x,200ms,25,64,1,1,27,13,4,7,3,1,0,0,28
2026-09-15T20:54:14.656991+00:00,1809,1075022,128x,200ms,25,64,1,1,27,13,4,7,3,1,1,0,28
2026-09-15T20:54:15.176087+00:00,1810,1075537,128x,200ms,25,64,1,1,28,13,4,7,3,1,0,0,28
2026-09-15T20:54:15.688348+00:00,1811,1076054,128x,200ms,25,64,0,1,27,13,4,8,3,1,0,0,28
2026-09-15T20:54:16.200251+00:00,1812,1076570,128x,200ms,25,64,0,1,27,13,4,7,3,1,1,0,28
2026-09-15T20:54:16.720234+00:00,1813,1077085,128x,200ms,25,64,0,1,27,13,4,7,3,1,1,0,29
2026-09-15T20:54:17.231628+00:00,1814,1077601,128x,200ms,25,64,0,1,27,13,3,7,3,1,0,0,28
2026-09-15T20:54:17.752097+00:00,1815,1078116,128x,200ms,25,64,0,1,28,13,4,8,3,1,0,0,29
2026-09-15T20:54:18.263808+00:00,1816,1078632,128x,200ms,25,64,0,1,27,13,4,7,3,1,0,0,29
2026-09-15T20:54:18.783598+00:00,1817,1079147,128x,200ms,25,64,1,1,27,13,4,8,3,1,0,0,28
2026-09-15T20:54:19.295589+00:00,1818,1079663,128x,200ms,25,64,1,1,27,13,4,7,3,1,1,0,28
2026-09-15T20:54:19.809303+00:00,1819,1080179,128x,200ms,25,64,1,1,27,13,3,7,3,1,0,0,28
2026-09-15T20:54:20.328533+00:00,1820,1080695,128x,200ms,25,64,1,1,27,13,3,8,3,1,1,0,28
2026-09-15T20:54:20.839797+00:00,1821,1081211,128x,200ms,25,64,1,1,27,13,4,7,3,1,0,0,29
2026-09-15T20:54:21.360576+00:00,1822,1081728,128x,200ms,25,64,1,1,27,13,4,8,3,1,0,0,29
2026-09-15T20:54:21.872900+00:00,1823,1082244,128x,200ms,25,64,0,1,27,13,4,8,3,1,0,0,29
2026-09-15T20:54:22.391938+00:00,1824,1082759,128x,200ms,25,64,0,1,27,13,4,7,3,1,1,0,28
2026-09-15T20:54:22.904263+00:00,1825,1083275,128x,200ms,25,64,0,1,27,13,4,8,3,1,0,0,28
2026-09-15T20:54:23.416420+00:00,1826,1083790,128x,200ms,25,64,0,1,27,13,3,7,3,1,0,0,28
2026-09-15T20:54:23.937457+00:00,1827,1084306,128x,200ms,25,64,0,1,27,13,4,7,3,1,1,0,28
2026-09-15T20:54:24.448462+00:00,1828,1084821,128x,200ms,25,64,0,1,28,13,4,7,3,1,0,0,28
2026-09-15T20:54:24.969221+00:00,1829,1085337,128x,200ms,25,64,1,1,27,13,4,8,3,1,0,0,29
2026-09-15T20:54:25.479768+00:00,1830,1085853,128x,200ms,25,64,1,1,27,13,4,7,3,1,0,0,28
2026-09-15T20:54:25.999745+00:00,1831,1086369,128x,200ms,25,64,1,1,27,13,4,7,3,1,1,0,29
2026-09-15T20:54:26.511938+00:00,1832,1086885,128x,200ms,25,64,1,1,27,13,4,8,3,1,0,0,28
2026-09-15T20:54:27.031811+00:00,1833,1087401,128x,200ms,25,64,1,1,27,13,4,7,3,1,1,0,28
2026-09-15T20:54:27.544129+00:00,1834,1087917,128x,200ms,25,64,1,1,27,13,4,7,3,1,0,0,29
2026-09-15T20:54:28.055573+00:00,1835,1088433,128x,200ms,25,64,0,1,27,13,4,8,3,1,0,0,28
2026-09-15T20:54:28.576420+00:00,1836,1088949,128x,200ms,25,64,0,1,28,13,4,7,3,1,0,0,28
2026-09-15T20:54:29.088139+00:00,1837,1089464,128x,200ms,25,64,0,1,27,13,4,7,3,1,0,0,28
2026-09-15T20:54:29.607681+00:00,1838,1089980,128x,200ms,25,64,0,1,27,13,4,7,3,1,0,0,28
2026-09-15T20:54:30.120411+00:00,1839,1090495,128x,200ms,25,64,0,1,27,13,3,7,3,1,1,0,28
2026-09-15T20:54:30.639537+00:00,1840,1091011,128x,200ms,25,64,0,1,28,13,3,7,3,1,0,0,29
2026-09-15T20:54:31.151542+00:00,1841,1091526,128x,200ms,25,64,1,1,27,13,3,7,3,1,0,0,28
2026-09-15T20:54:31.671919+00:00,1842,1092042,128x,200ms,25,64,1,1,27,13,4,7,3,1,0,0,29
2026-09-15T20:54:32.183782+00:00,1843,1092558,128x,200ms,25,64,1,1,27,13,4,7,3,1,0,0,28
2026-09-15T20:54:32.703530+00:00,1844,1093074,128x,200ms,25,64,1,1,27,13,3,7,3,1,0,0,29
2026-09-15T20:54:33.215527+00:00,1845,1093591,128x,200ms,25,64,1,1,27,13,3,7,3,1,0,0,28
2026-09-15T20:54:33.736016+00:00,1846,1094107,128x,200ms,25,64,1,1,28,13,4,7,3,1,0,0,29
2026-09-15T20:54:34.247820+00:00,1847,1094623,128x,200ms,25,64,0,1,27,13,3,7,3,1,0,0,28
2026-09-15T20:54:34.759974+00:00,1848,1095138,128x,200ms,25,64,0,1,27,13,4,7,3,1,0,0,28
2026-09-15T20:54:35.279716+00:00,1849,1095654,128x,200ms,25,64,0,1,27,13,4,7,3,1,0,0,29
2026-09-15T20:54:35.791661+00:00,1850,1096169,128x,200ms,25,64,0,1,27,13,4,7,3,1,1,0,28
2026-09-15T20:54:36.313240+00:00,1851,1096685,128x,200ms,25,64,0,1,27,13,4,8,3,1,0,0,28
2026-09-15T20:54:36.823471+00:00,1852,1097200,128x,200ms,25,64,0,1,27,13,3,7,3,1,0,0,28
2026-09-15T20:54:37.343655+00:00,1853,1097716,128x,200ms,25,64,1,1,27,13,4,7,3,1,0,0,29
2026-09-15T20:54:37.855494+00:00,1854,1098232,128x,200ms,25,64,1,1,27,13,3,8,3,1,1,0,28
2026-09-15T20:54:38.375656+00:00,1855,1098747,128x,200ms,25,64,1,1,27,13,4,8,3,1,0,0,28
2026-09-15T20:54:38.888247+00:00,1856,1099264,128x,200ms,25,64,1,1,27,13,4,8,3,1,1,0,28
2026-09-15T20:54:39.399842+00:00,1857,1099780,128x,200ms,25,64,1,1,27,13,3,7,3,1,0,0,29
2026-09-15T20:54:39.919660+00:00,1858,1100296,128x,200ms,25,64,1,1,27,13,4,7,3,1,0,0,28
2026-09-15T20:54:40.432655+00:00,1859,1100812,128x,200ms,25,64,0,1,27,13,4,7,3,1,1,0,28
2026-09-15T20:54:40.952395+00:00,1860,1101328,128x,200ms,25,64,0,1,27,13,4,8,3,1,0,0,28
2026-09-15T20:54:41.464314+00:00,1861,1101843,128x,200ms,25,64,0,1,27,13,4,8,3,1,0,0,29
2026-09-15T20:54:41.983945+00:00,1862,1102359,128x,200ms,25,64,0,1,27,13,4,8,3,1,0,0,29
2026-09-15T20:54:42.496219+00:00,1863,1102874,128x,200ms,25,64,0,1,28,13,3,8,3,1,1,0,29
2026-09-15T20:54:43.007959+00:00,1864,1103390,128x,200ms,25,64,0,1,27,13,3,8,3,1,1,0,28
2026-09-15T20:54:43.529231+00:00,1865,1103905,128x,200ms,25,64,1,1,27,13,4,8,3,1,1,0,28
2026-09-15T20:54:44.040907+00:00,1866,1104421,128x,200ms,25,64,1,1,27,13,3,8,3,1,0,0,28
2026-09-15T20:54:44.559349+00:00,1867,1104937,128x,200ms,25,64,1,1,27,13,4,7,3,1,1,0,29
2026-09-15T20:54:45.072563+00:00,1868,1105454,128x,200ms,25,64,1,1,27,13,4,8,3,1,1,0,28
2026-09-15T20:54:45.592473+00:00,1869,1105970,128x,200ms,25,64,1,1,27,13,4,7,3,1,0,0,29
2026-09-15T20:54:46.104457+00:00,1870,1106486,128x,200ms,25,64,1,1,27,13,4,8,3,1,0,0,29
2026-09-15T20:54:46.623974+00:00,1871,1107002,128x,200ms,25,64,0,1,27,13,4,7,3,1,0,0,29
2026-09-15T20:54:47.135450+00:00,1872,1107517,128x,200ms,25,64,0,1,27,13,3,8,3,1,0,0,28
2026-09-15T20:54:47.647706+00:00,1873,1108033,128x,200ms,25,64,0,1,27,13,3,7,3,1,0,0,28
2026-09-15T20:54:48.168457+00:00,1874,1108548,128x,200ms,25,64,0,1,27,13,4,7,3,1,0,0,29
2026-09-15T20:54:48.680701+00:00,1875,1109064,128x,200ms,25,64,0,1,27,13,3,8,3,1,1,0,28
2026-09-15T20:54:49.199435+00:00,1876,1109579,128x,200ms,25,64,0,1,27,13,3,8,3,1,1,0,28
2026-09-15T20:54:49.719429+00:00,1877,1110095,128x,200ms,25,64,1,1,27,13,4,7,3,1,0,0,29
2026-09-15T20:54:50.231434+00:00,1878,1110611,128x,200ms,25,64,1,1,27,13,4,7,3,1,0,0,28
2026-09-15T20:54:50.744140+00:00,1879,1111128,128x,200ms,25,64,1,1,27,13,4,8,3,1,1,0,28
2026-09-15T20:54:51.263714+00:00,1880,1111644,128x,200ms,25,64,1,1,27,13,3,7,3,1,0,0,29
2026-09-15T20:54:51.775781+00:00,1881,1112160,128x,200ms,25,64,1,1,27,13,4,8,3,1,1,0,28
2026-09-15T20:54:52.295840+00:00,1882,1112675,128x,200ms,25,64,1,1,27,13,3,7,3,1,0,0,29
2026-09-15T20:54:52.808268+00:00,1883,1113191,128x,200ms,25,64,0,1,27,13,4,8,3,1,0,0,28
2026-09-15T20:54:53.328105+00:00,1884,1113707,128x,200ms,25,64,0,1,27,13,3,8,3,1,0,0,29
2026-09-15T20:54:53.839587+00:00,1885,1114223,128x,200ms,25,64,0,1,27,13,3,7,3,1,1,0,29
2026-09-15T20:54:54.351825+00:00,1886,1114738,128x,200ms,25,64,0,1,27,13,4,7,3,1,1,0,29
2026-09-15T20:54:54.871786+00:00,1887,1115253,128x,200ms,25,64,0,1,27,13,4,8,3,1,0,0,29
2026-09-15T20:54:55.383341+00:00,1888,1115769,128x,200ms,25,64,0,1,27,13,4,7,3,1,0,0,28
2026-09-15T20:54:55.903381+00:00,1889,1116284,128x,200ms,25,64,1,1,27,13,4,8,3,1,0,0,28
2026-09-15T20:54:56.415585+00:00,1890,1116801,128x,200ms,25,64,1,1,27,13,4,8,3,1,1,0,29
2026-09-15T20:54:56.935852+00:00,1891,1117317,128x,200ms,25,64,1,1,27,13,4,8,3,1,0,0,29
2026-09-15T20:54:57.447756+00:00,1892,1117833,128x,200ms,25,64,1,1,27,13,3,7,3,1,0,0,29
2026-09-15T20:54:57.967576+00:00,1893,1118349,128x,200ms,25,64,1,1,27,13,3,7,3,1,0,0,29
2026-09-15T20:54:58.479602+00:00,1894,1118865,128x,200ms,25,64,1,1,28,13,4,8,3,1,1,0,28
2026-09-15T20:54:58.991916+00:00,1895,1119381,128x,200ms,25,64,0,1,27,13,3,7,3,1,0,0,28
2026-09-15T20:54:59.512758+00:00,1896,1119896,128x,200ms,25,64,0,1,27,13,4,7,3,1,1,0,28
2026-09-15T20:55:00.023729+00:00,1897,1120411,128x,200ms,25,64,0,1,27,13,3,8,3,1,0,0,28
2026-09-15T20:55:00.545139+00:00,1898,1120927,128x,200ms,25,64,0,1,27,13,4,7,3,1,0,0,29
2026-09-15T20:55:01.055961+00:00,1899,1121442,128x,200ms,25,64,0,1,27,13,3,7,3,1,1,0,28
2026-09-15T20:55:01.576385+00:00,1900,1121958,128x,200ms,25,64,0,1,27,13,4,8,3,1,1,0,28
2026-09-15T20:55:02.089215+00:00,1901,1122473,128x,200ms,25,64,1,1,27,13,3,7,3,1,0,0,29
2026-09-15T20:55:02.599237+00:00,1902,1122990,128x,200ms,25,64,1,1,27,13,4,7,3,1,0,0,29
2026-09-15T20:55:03.120056+00:00,1903,1123506,128x,200ms,25,64,1,1,27,13,4,8,3,1,1,0,29
2026-09-15T20:55:03.631732+00:00,1904,1124022,128x,200ms,25,64,1,1,27,13,3,7,3,1,1,0,29
2026-09-15T20:55:04.151730+00:00,1905,1124538,128x,200ms,25,64,1,1,27,13,3,7,3,1,0,0,28
2026-09-15T20:55:04.671295+00:00,1906,1125054,128x,200ms,25,64,1,1,27,13,3,7,3,1,1,0,29
2026-09-15T20:55:05.183802+00:00,1907,1125570,128x,200ms,25,64,0,1,27,13,3,8,3,1,0,0,29
2026-09-15T20:55:05.703397+00:00,1908,1126085,128x,200ms,25,64,0,1,27,13,3,7,3,1,1,0,28
2026-09-15T20:55:06.208366+00:00,1909,1126601,128x,200ms,25,64,0,1,27,13,4,8,3,1,1,0,29
2026-09-15T20:55:06.728354+00:00,1910,1127116,128x,200ms,25,64,0,1,27,13,4,8,3,1,0,0,28
2026-09-15T20:55:07.247426+00:00,1911,1127632,128x,200ms,25,64,0,1,27,13,4,7,3,1,1,0,29
2026-09-15T20:55:07.759210+00:00,1912,1128147,128x,200ms,25,64,0,1,28,13,3,7,3,1,0,0,28
2026-09-15T20:55:08.279328+00:00,1913,1128664,128x,200ms,25,64,1,1,27,13,4,8,3,1,0,0,29
2026-09-15T20:55:08.792589+00:00,1914,1129179,128x,200ms,25,64,1,1,27,13,3,8,3,1,0,0,29
2026-09-15T20:55:09.311323+00:00,1915,1129695,128x,200ms,25,64,1,1,27,13,3,7,3,1,0,0,29
2026-09-15T20:55:09.823851+00:00,1916,1130211,128x,200ms,25,64,1,1,27,13,4,7,3,1,0,0,29
2026-09-15T20:55:10.343312+00:00,1917,1130727,128x,200ms,25,64,1,1,27,13,4,8,3,1,1,0,29
2026-09-15T20:55:10.855842+00:00,1918,1131243,128x,200ms,25,64,1,1,27,13,3,7,3,1,0,0,29
2026-09-15T20:55:11.367473+00:00,1919,1131759,128x,200ms,25,64,0,1,27,13,4,8,3,1,0,0,29
2026-09-15T20:55:11.887688+00:00,1920,1132275,128x,200ms,25,64,0,1,27,13,4,7,3,1,0,0,29
2026-09-15T20:55:12.400188+00:00,1921,1132790,128x,200ms,25,64,0,1,27,13,4,7,3,1,1,0,29
2026-09-15T20:55:12.919275+00:00,1922,1133305,128x,200ms,25,64,0,1,27,13,3,7,3,1,1,0,29
2026-09-15T20:55:13.432102+00:00,1923,1133821,128x,200ms,25,64,0,1,27,13,4,8,3,1,1,0,29
2026-09-15T20:55:13.952252+00:00,1924,1134337,128x,200ms,25,64,0,1,27,13,4,7,3,1,0,0,29
2026-09-15T20:55:14.464337+00:00,1925,1134853,128x,200ms,25,64,1,1,27,13,4,8,3,1,0,0,28
2026-09-15T20:55:14.975375+00:00,1926,1135369,128x,200ms,25,64,1,1,27,13,4,7,3,1,0,0,29
2026-09-15T20:55:15.496328+00:00,1927,1135885,128x,200ms,25,64,1,1,27,13,4,7,3,1,1,0,28
2026-09-15T20:55:16.008092+00:00,1928,1136401,128x,200ms,25,64,1,1,27,13,4,7,3,1,0,0,28
2026-09-15T20:55:16.527447+00:00,1929,1136917,128x,200ms,25,64,1,1,27,13,4,8,3,1,0,0,29
2026-09-15T20:55:17.040485+00:00,1930,1137433,128x,200ms,25,64,1,1,27,13,4,7,3,1,0,0,29
2026-09-15T20:55:17.560121+00:00,1931,1137949,128x,200ms,25,64,0,1,27,13,3,8,3,1,0,0,29
2026-09-15T20:55:18.071245+00:00,1932,1138464,128x,200ms,25,64,0,1,28,13,3,7,3,1,0,0,29
2026-09-15T20:55:18.584119+00:00,1933,1138980,128x,200ms,25,64,0,1,27,13,4,7,3,1,0,0,29
2026-09-15T20:55:19.104510+00:00,1934,1139495,128x,200ms,25,64,0,1,27,13,4,7,3,1,0,0,28
2026-09-15T20:55:19.616141+00:00,1935,1140012,128x,200ms,25,64,0,1,27,13,4,8,3,1,1,0,29
2026-09-15T20:55:20.135768+00:00,1936,1140527,128x,200ms,25,64,0,1,27,13,4,8,3,1,0,0,29
2026-09-15T20:55:20.649183+00:00,1937,1141043,128x,200ms,25,64,1,1,27,13,3,8,3,1,0,0,29
2026-09-15T20:55:21.167750+00:00,1938,1141559,128x,200ms,25,64,1,1,28,13,4,7,3,1,0,0,28
2026-09-15T20:55:21.679274+00:00,1939,1142075,128x,200ms,25,64,1,1,27,13,4,8,3,1,0,0,29
2026-09-15T20:55:22.199886+00:00,1940,1142591,128x,200ms,25,64,1,1,27,13,4,8,3,1,1,0,29
2026-09-15T20:55:22.711382+00:00,1941,1143106,128x,200ms,25,64,1,1,27,13,3,7,3,1,0,0,29
2026-09-15T20:55:23.223429+00:00,1942,1143622,128x,200ms,25,64,1,1,27,13,3,7,3,1,0,0,28
2026-09-15T20:55:23.744255+00:00,1943,1144138,128x,200ms,25,64,0,1,28,13,4,7,3,1,0,0,29
2026-09-15T20:55:24.263876+00:00,1944,1144654,128x,200ms,25,64,0,1,27,13,4,7,3,1,0,0,29
2026-09-15T20:55:24.775236+00:00,1945,1145169,128x,200ms,25,64,0,1,27,13,4,7,3,1,0,0,29
2026-09-15T20:55:25.295336+00:00,1946,1145684,128x,200ms,25,64,0,1,27,13,3,8,3,1,1,0,28
2026-09-15T20:55:25.807692+00:00,1947,1146201,128x,200ms,25,64,0,1,27,13,4,7,3,1,0,0,29
2026-09-15T20:55:26.319236+00:00,1948,1146716,128x,200ms,25,64,0,1,27,13,4,8,3,1,0,0,28
2026-09-15T20:55:26.840268+00:00,1949,1147232,128x,200ms,25,64,1,1,27,13,3,7,3,1,1,0,29
2026-09-15T20:55:27.351217+00:00,1950,1147748,128x,200ms,25,64,1,1,28,13,3,7,3,1,1,0,28
2026-09-15T20:55:27.872246+00:00,1951,1148264,128x,200ms,25,64,1,1,27,13,4,7,3,1,0,0,28
2026-09-15T20:55:28.383212+00:00,1952,1148780,128x,200ms,25,64,1,1,27,13,4,8,3,1,0,0,29
2026-09-15T20:55:28.903216+00:00,1953,1149296,128x,200ms,25,64,1,1,28,13,4,8,3,1,1,0,28
2026-09-15T20:55:29.415522+00:00,1954,1149811,128x,200ms,25,64,1,1,28,13,3,8,3,1,0,0,28
2026-09-15T20:55:29.927210+00:00,1955,1150327,128x,200ms,25,64,0,1,27,13,4,7,3,1,0,0,28
2026-09-15T20:55:30.447525+00:00,1956,1150843,128x,200ms,25,64,0,1,27,13,3,8,3,1,0,0,29
2026-09-15T20:55:30.959337+00:00,1957,1151358,128x,200ms,25,64,0,1,27,13,4,7,3,1,0,0,29
2026-09-15T20:55:31.479464+00:00,1958,1151875,128x,200ms,25,64,0,1,27,13,3,7,3,1,0,0,28
2026-09-15T20:55:31.991207+00:00,1959,1152390,128x,200ms,25,64,0,1,27,13,4,8,3,1,0,0,29
2026-09-15T20:55:32.511188+00:00,1960,1152906,128x,200ms,25,64,0,1,27,13,4,8,3,1,0,0,28
2026-09-15T20:55:33.023436+00:00,1961,1153421,128x,200ms,25,64,1,1,27,13,4,7,3,1,0,0,28
2026-09-15T20:55:33.543385+00:00,1962,1153937,128x,200ms,25,64,1,1,27,13,3,8,3,1,0,0,28
2026-09-15T20:55:34.055937+00:00,1963,1154453,128x,200ms,25,64,1,1,27,13,3,8,3,1,1,0,29
2026-09-15T20:55:34.567368+00:00,1964,1154969,128x,200ms,25,64,1,1,27,13,3,8,3,1,0,0,29
2026-09-15T20:55:35.087646+00:00,1965,1155485,128x,200ms,25,64,1,1,27,13,3,8,3,1,1,0,29
2026-09-15T20:55:35.599422+00:00,1966,1156001,128x,200ms,25,64,1,1,27,13,4,7,3,1,0,0,29
2026-09-15T20:55:36.119710+00:00,1967,1156517,128x,200ms,25,64,0,1,27,13,3,7,3,1,1,0,28
2026-09-15T20:55:36.631884+00:00,1968,1157032,128x,200ms,25,64,0,1,27,13,4,7,3,1,0,0,29
2026-09-15T20:55:37.152952+00:00,1969,1157549,128x,200ms,25,64,0,1,27,13,4,8,3,1,1,0,29
2026-09-15T20:55:37.664948+00:00,1970,1158064,128x,200ms,25,64,0,1,27,13,4,7,3,1,0,0,28
2026-09-15T20:55:38.175758+00:00,1971,1158580,128x,200ms,25,64,0,1,27,13,4,7,3,1,1,0,28
2026-09-15T20:55:38.696241+00:00,1972,1159095,128x,200ms,25,64,0,1,27,13,4,7,3,1,1,0,29
2026-09-15T20:55:39.208147+00:00,1973,1159610,128x,200ms,25,64,1,1,27,13,4,8,3,1,0,0,28
2026-09-15T20:55:39.727129+00:00,1974,1160126,128x,200ms,25,64,1,1,27,13,4,8,3,1,0,0,28
2026-09-15T20:55:40.239152+00:00,1975,1160642,128x,200ms,25,64,1,1,27,13,4,8,3,1,1,0,28
2026-09-15T20:55:40.759152+00:00,1976,1161158,128x,200ms,25,64,1,1,27,13,3,7,3,1,1,0,29
2026-09-15T20:55:41.279023+00:00,1977,1161674,128x,200ms,25,64,1,1,27,13,4,7,3,1,0,0,28
2026-09-15T20:55:41.791141+00:00,1978,1162190,128x,200ms,25,64,1,1,27,13,4,8,3,1,1,0,28
2026-09-15T20:55:42.303594+00:00,1979,1162706,128x,200ms,25,64,0,1,28,13,4,8,3,1,0,0,28
2026-09-15T20:55:42.815868+00:00,1980,1163222,128x,200ms,25,64,0,1,27,13,3,8,3,1,0,0,28
2026-09-15T20:55:43.335132+00:00,1981,1163738,128x,200ms,25,64,0,1,27,13,4,8,3,1,1,0,29
2026-09-15T20:55:43.855117+00:00,1982,1164254,128x,200ms,25,64,0,1,27,13,4,8,3,1,0,0,28
2026-09-15T20:55:44.367880+00:00,1983,1164769,128x,200ms,25,64,0,1,27,13,3,8,3,1,0,0,29
2026-09-15T20:55:44.887346+00:00,1984,1165285,128x,200ms,25,64,0,1,27,13,3,7,3,1,0,0,29
2026-09-15T20:55:45.399116+00:00,1985,1165800,128x,200ms,25,64,1,1,27,13,3,7,3,1,0,0,28
2026-09-15T20:55:45.919110+00:00,1986,1166316,128x,200ms,25,64,1,1,27,13,3,7,3,1,0,0,28
2026-09-15T20:55:46.431551+00:00,1987,1166832,128x,200ms,25,64,1,1,27,13,4,7,3,1,0,0,28
2026-09-15T20:55:46.943871+00:00,1988,1167348,128x,200ms,25,64,1,1,27,13,4,8,3,1,0,0,28
2026-09-15T20:55:47.463141+00:00,1989,1167864,128x,200ms,25,64,1,1,27,13,4,8,3,1,0,0,28
2026-09-15T20:55:47.975098+00:00,1990,1168380,128x,200ms,25,64,1,1,28,13,4,7,3,1,1,0,28
2026-09-15T20:55:48.496121+00:00,1991,1168897,128x,200ms,25,64,0,1,27,13,4,7,3,1,0,0,28
2026-09-15T20:55:49.007156+00:00,1992,1169412,128x,200ms,25,64,0,1,27,13,4,7,3,1,0,0,29
2026-09-15T20:55:49.519629+00:00,1993,1169928,128x,200ms,25,64,0,1,27,13,3,8,3,1,0,0,28
2026-09-15T20:55:50.040434+00:00,1994,1170443,128x,200ms,25,64,0,1,27,13,3,8,3,1,0,0,28
2026-09-15T20:55:50.550987+00:00,1995,1170959,128x,200ms,25,64,0,1,27,13,4,8,3,1,0,0,29
2026-09-15T20:55:51.071498+00:00,1996,1171474,128x,200ms,25,64,0,1,27,13,3,7,3,1,1,0,29
2026-09-15T20:55:51.583311+00:00,1997,1171990,128x,200ms,25,64,1,1,28,13,4,7,3,1,0,0,28
2026-09-15T20:55:52.103209+00:00,1998,1172506,128x,200ms,25,64,1,1,27,13,3,7,3,1,0,0,28
2026-09-15T20:55:52.615247+00:00,1999,1173022,128x,200ms,25,64,1,1,27,13,4,7,3,1,1,0,29
2026-09-15T20:55:53.135429+00:00,2000,1173537,128x,200ms,25,64,1,1,27,13,3,7,3,1,0,0,28
2026-09-15T20:55:53.647182+00:00,2001,1174053,128x,200ms,25,64,1,1,27,13,4,8,3,1,1,0,29
2026-09-15T20:55:54.159703+00:00,2002,1174569,128x,200ms,25,64,1,1,27,13,4,8,3,1,0,0,29
2026-09-15T20:55:54.679677+00:00,2003,1175086,128x,200ms,25,64,0,1,27,13,4,7,3,1,1,0,29
2026-09-15T20:55:55.191885+00:00,2004,1175601,128x,200ms,25,64,0,1,27,13,4,8,3,1,1,0,29
2026-09-15T20:55:55.711449+00:00,2005,1176117,128x,200ms,25,64,0,1,27,13,3,8,3,1,1,0,28
2026-09-15T20:55:56.224287+00:00,2006,1176633,128x,200ms,25,64,0,1,27,13,3,7,3,1,1,0,29
2026-09-15T20:55:56.743612+00:00,2007,1177148,128x,200ms,25,64,0,1,27,13,3,7,3,1,1,0,28
2026-09-15T20:55:57.254953+00:00,2008,1177663,128x,200ms,25,64,0,1,27,13,4,7,3,1,0,0,29
2026-09-15T20:55:57.767235+00:00,2009,1178179,128x,200ms,25,64,1,1,27,13,4,8,3,1,0,0,28
2026-09-15T20:55:58.287310+00:00,2010,1178695,128x,200ms,25,64,1,1,27,13,4,8,3,1,0,0,28
2026-09-15T20:55:58.799143+00:00,2011,1179211,128x,200ms,25,64,1,1,27,13,4,8,3,1,0,0,28
2026-09-15T20:55:59.318911+00:00,2012,1179727,128x,200ms,25,64,1,1,27,13,4,8,3,1,0,0,29
2026-09-15T20:55:59.831295+00:00,2013,1180243,128x,200ms,25,64,1,1,27,13,3,8,3,1,0,0,29
2026-09-15T20:56:00.351787+00:00,2014,1180760,128x,200ms,25,64,1,1,27,13,4,8,3,1,0,0,29
2026-09-15T20:56:00.871674+00:00,2015,1181276,128x,200ms,25,64,0,1,28,13,4,8,3,1,0,0,28
2026-09-15T20:56:01.383406+00:00,2016,1181791,128x,200ms,25,64,0,1,27,13,3,8,3,1,0,0,29
2026-09-15T20:56:01.895154+00:00,2017,1182307,128x,200ms,25,64,0,1,27,13,4,7,3,1,0,0,28
2026-09-15T20:56:02.408756+00:00,2018,1182822,128x,200ms,25,64,0,1,27,13,4,8,3,1,1,0,28
2026-09-15T20:56:02.927142+00:00,2019,1183338,128x,200ms,25,64,0,1,27,13,4,8,3,1,1,0,29
2026-09-15T20:56:03.447579+00:00,2020,1183853,128x,200ms,25,64,0,1,27,13,3,7,3,1,0,0,28
2026-09-15T20:56:03.959456+00:00,2021,1184369,128x,200ms,25,64,1,1,27,13,3,8,3,1,0,0,29
2026-09-15T20:56:04.479648+00:00,2022,1184885,128x,200ms,25,64,1,1,27,13,4,7,3,1,0,0,29
2026-09-15T20:56:04.990972+00:00,2023,1185401,128x,200ms,25,64,1,1,27,13,3,8,3,1,0,0,28
2026-09-15T20:56:05.511361+00:00,2024,1185917,128x,200ms,25,64,1,1,27,13,3,8,3,1,0,0,29
2026-09-15T20:56:06.022940+00:00,2025,1186434,128x,200ms,25,64,1,1,27,13,3,8,3,1,1,0,29
2026-09-15T20:56:06.534949+00:00,2026,1186950,128x,200ms,25,64,1,1,27,13,3,7,3,1,0,0,28
2026-09-15T20:56:07.055522+00:00,2027,1187466,128x,200ms,25,64,0,1,27,13,3,7,3,1,1,0,29
2026-09-15T20:56:07.568284+00:00,2028,1187981,128x,200ms,25,64,0,1,27,13,3,7,3,1,1,0,28
2026-09-15T20:56:08.087073+00:00,2029,1188496,128x,200ms,25,64,0,1,27,13,3,7,3,1,1,0,29
2026-09-15T20:56:08.599588+00:00,2030,1189012,128x,200ms,25,64,0,1,27,13,4,7,3,1,0,0,29
2026-09-15T20:56:09.119271+00:00,2031,1189527,128x,200ms,25,64,0,1,28,13,3,7,3,1,0,0,28
2026-09-15T20:56:09.631498+00:00,2032,1190043,128x,200ms,25,64,0,1,27,13,4,7,3,1,1,0,28
2026-09-15T20:56:10.143728+00:00,2033,1190558,128x,200ms,25,64,1,1,27,13,3,7,3,1,1,0,28
2026-09-15T20:56:10.664546+00:00,2034,1191074,128x,200ms,25,64,1,1,27,13,3,7,3,1,0,0,29
2026-09-15T20:56:11.175608+00:00,2035,1191590,128x,200ms,25,64,1,1,27,13,4,7,3,1,1,0,28
2026-09-15T20:56:11.695762+00:00,2036,1192107,128x,200ms,25,64,1,1,27,13,3,8,3,1,1,0,28
2026-09-15T20:56:12.207356+00:00,2037,1192623,128x,200ms,25,64,1,1,27,13,3,8,3,1,0,0,29
2026-09-15T20:56:12.727967+00:00,2038,1193139,128x,200ms,25,64,1,1,27,13,4,8,3,1,0,0,29
2026-09-15T20:56:13.239393+00:00,2039,1193655,128x,200ms,25,64,0,1,27,13,4,7,3,1,0,0,28
2026-09-15T20:56:13.752438+00:00,2040,1194170,128x,200ms,25,64,0,1,27,13,3,7,3,1,1,0,28
2026-09-15T20:56:14.271923+00:00,2041,1194685,128x,200ms,25,64,0,1,27,13,4,8,3,1,0,0,28
2026-09-15T20:56:14.783404+00:00,2042,1195201,128x,200ms,25,64,0,1,27,13,4,7,3,1,0,0,29
2026-09-15T20:56:15.303790+00:00,2043,1195716,128x,200ms,25,64,0,1,27,13,4,8,3,1,0,0,28
2026-09-15T20:56:15.814949+00:00,2044,1196232,128x,200ms,25,64,0,1,27,13,4,8,3,1,0,0,28
2026-09-15T20:56:16.334938+00:00,2045,1196747,128x,200ms,25,64,1,1,27,13,3,8,3,1,0,0,28
2026-09-15T20:56:16.846936+00:00,2046,1197263,128x,200ms,25,64,1,1,27,13,4,8,3,1,0,0,28
2026-09-15T20:56:17.367481+00:00,2047,1197779,128x,200ms,25,64,1,1,27,13,4,7,3,1,0,0,29
2026-09-15T20:56:17.886928+00:00,2048,1198296,128x,200ms,25,64,1,1,27,13,3,8,3,1,0,0,28
2026-09-15T20:56:18.390926+00:00,2049,1198812,128x,200ms,25,64,1,1,27,13,4,8,3,1,0,0,28
2026-09-15T20:56:18.910924+00:00,2050,1199328,128x,200ms,25,64,1,1,27,13,3,7,3,1,1,0,28
2026-09-15T20:56:19.431418+00:00,2051,1199844,128x,200ms,25,64,0,1,27,13,4,7,3,1,1,0,29
2026-09-15T20:56:19.943704+00:00,2052,1200359,128x,200ms,25,64,0,1,27,13,4,7,3,1,0,0,28
2026-09-15T20:56:20.462915+00:00,2053,1200875,128x,200ms,25,64,0,1,27,13,3,8,3,1,0,0,29
2026-09-15T20:56:20.974910+00:00,2054,1201390,128x,200ms,25,64,0,1,27,13,3,7,3,1,1,0,28
2026-09-15T20:56:21.486814+00:00,2055,1201906,128x,200ms,25,64,0,1,27,13,4,7,3,1,0,0,29
2026-09-15T20:56:22.006909+00:00,2056,1202421,128x,200ms,25,64,0,1,27,13,4,7,3,1,0,0,28
2026-09-15T20:56:22.519040+00:00,2057,1202937,128x,200ms,25,64,1,1,27,13,3,8,3,1,0,0,28
2026-09-15T20:56:23.039739+00:00,2058,1203453,128x,200ms,25,64,1,1,28,13,4,8,3,1,0,0,29
2026-09-15T20:56:23.550900+00:00,2059,1203970,128x,200ms,25,64,1,1,27,13,4,8,3,1,0,0,28
2026-09-15T20:56:24.071298+00:00,2060,1204486,128x,200ms,25,64,1,1,27,13,4,8,3,1,0,0,29
2026-09-15T20:56:24.582902+00:00,2061,1205002,128x,200ms,25,64,1,1,27,13,4,7,3,1,1,0,28
2026-09-15T20:56:25.103065+00:00,2062,1205517,128x,200ms,25,64,1,1,27,13,3,7,3,1,0,0,28
2026-09-15T20:56:25.615881+00:00,2063,1206033,128x,200ms,25,64,0,1,27,13,4,8,3,1,0,0,29
2026-09-15T20:56:26.127012+00:00,2064,1206549,128x,200ms,25,64,0,1,27,13,4,7,3,1,0,0,28
2026-09-15T20:56:26.647230+00:00,2065,1207064,128x,200ms,25,64,0,1,27,13,3,8,3,1,0,0,28
2026-09-15T20:56:27.159585+00:00,2066,1207580,128x,200ms,25,64,0,1,27,13,3,7,3,1,1,0,28
2026-09-15T20:56:27.679073+00:00,2067,1208095,128x,200ms,25,64,0,1,27,13,3,7,3,1,1,0,28
2026-09-15T20:56:28.191588+00:00,2068,1208611,128x,200ms,25,64,0,1,27,13,4,7,3,1,0,0,28
2026-09-15T20:56:28.711141+00:00,2069,1209126,128x,200ms,25,64,1,1,27,13,4,7,3,1,0,0,29
2026-09-15T20:56:29.224159+00:00,2070,1209643,128x,200ms,25,64,1,1,27,13,3,7,3,1,0,0,28
2026-09-15T20:56:29.743378+00:00,2071,1210159,128x,200ms,25,64,1,1,28,13,3,7,3,1,0,0,29
2026-09-15T20:56:30.254997+00:00,2072,1210675,128x,200ms,25,64,1,1,27,13,3,7,3,1,1,0,28
2026-09-15T20:56:30.776559+00:00,2073,1211191,128x,200ms,25,64,1,1,27,13,3,7,3,1,0,0,28
2026-09-15T20:56:31.295600+00:00,2074,1211707,128x,200ms,25,64,1,0,27,13,3,306,103,57,44,24,1028
2026-09-15T20:56:31.814894+00:00,2075,1212227,128x,200ms,25,64,0,68,695,508,1252,448,152,84,65,36,1480
2026-09-15T20:56:32.336274+00:00,2076,1212748,128x,200ms,25,64,0,68,695,508,1249,448,152,84,65,37,1479
2026-09-15T20:56:32.854846+00:00,2077,1213270,128x,200ms,25,64,0,68,695,508,1248,447,151,84,65,37,1477
2026-09-15T20:56:33.383706+00:00,2078,1213790,128x,200ms,25,64,0,68,694,507,1245,446,149,82,65,36,1474
2026-09-15T20:56:33.903484+00:00,2079,1214311,128x,200ms,25,64,0,68,695,507,1246,446,150,83,65,36,1474
2026-09-15T20:56:34.423497+00:00,2080,1214832,128x,200ms,25,64,0,67,674,493,1236,445,150,83,65,36,1474
2026-09-15T20:56:34.935001+00:00,2081,1215352,128x,200ms,25,64,1,26,326,192,327,7,2,0,0,0,26
2026-09-15T20:56:35.454982+00:00,2082,1215869,128x,200ms,25,64,1,1,27,13,3,162,63,42,42,14,1045
2026-09-15T20:56:35.974949+00:00,2083,1216389,128x,200ms,25,64,1,76,896,484,890,121,46,29,28,10,662
2026-09-15T20:56:36.496615+00:00,2084,1216908,128x,200ms,25,64,1,30,416,212,260,252,92,57,52,21,1212
2026-09-15T20:56:37.014840+00:00,2085,1217428,128x,200ms,25,64,1,68,701,509,1244,446,151,83,65,36,1475
2026-09-15T20:56:37.534763+00:00,2086,1217948,128x,200ms,25,64,1,68,700,509,1243,446,150,83,65,36,1474
2026-09-15T20:56:38.055157+00:00,2087,1218468,128x,200ms,25,64,0,68,701,509,1244,446,151,84,66,36,1475
2026-09-15T20:56:38.575596+00:00,2088,1218990,128x,200ms,25,64,0,68,700,509,1243,446,151,84,65,36,1476
2026-09-15T20:56:39.095016+00:00,2089,1219511,128x,200ms,25,64,0,68,701,509,1243,447,151,84,65,36,1476
2026-09-15T20:56:39.623713+00:00,2090,1220031,128x,200ms,25,64,0,68,700,509,1243,446,151,84,65,36,1476
2026-09-15T20:56:40.143776+00:00,2091,1220552,128x,200ms,25,64,0,68,699,508,1241,444,148,82,64,36,1469
2026-09-15T20:56:40.654854+00:00,2092,1221073,128x,200ms,25,64,0,68,702,510,1245,445,148,82,65,36,1470
2026-09-15T20:56:41.174715+00:00,2093,1221594,128x,200ms,25,64,1,68,703,510,1243,444,148,82,65,36,1467
2026-09-15T20:56:41.695956+00:00,2094,1222114,128x,200ms,25,64,1,2,25,18,45,6,1,0,0,0,6
2026-09-15T20:56:42.214960+00:00,2095,1222630,128x,200ms,25,64,1,64,660,477,1166,249,83,45,36,19,818
2026-09-15T20:56:42.735223+00:00,2096,1223149,128x,200ms,25,64,1,67,689,498,1217,442,148,82,65,35,1462
2026-09-15T20:56:43.254958+00:00,2097,1223669,128x,200ms,25,64,1,68,700,507,1236,437,148,82,64,35,1444
2026-09-15T20:56:43.775200+00:00,2098,1224190,128x,200ms,25,64,1,68,700,507,1236,443,150,83,65,36,1465
2026-09-15T20:56:44.302879+00:00,2099,1224711,128x,200ms,25,64,0,68,701,508,1239,446,151,84,65,36,1473
2026-09-15T20:56:44.822836+00:00,2100,1225232,128x,200ms,25,64,0,69,701,509,1245,444,150,83,65,36,1466
2026-09-15T20:56:45.343344+00:00,2101,1225752,128x,200ms,25,64,0,68,698,506,1238,443,149,83,65,36,1463
2026-09-15T20:56:45.862806+00:00,2102,1226273,128x,200ms,25,64,0,68,697,507,1235,416,137,71,51,32,1195
2026-09-15T20:56:46.382816+00:00,2103,1226795,128x,200ms,25,64,0,23,148,129,329,141,75,151,40,131,633
2026-09-15T20:56:46.902804+00:00,2104,1227314,128x,200ms,25,64,0,88,245,303,314,912,923,819,346,208,1470
2026-09-15T20:56:46.942967+00:00,2105,1227835,128x,200ms,25,64,1,145,437,558,589,2879,3092,2333,902,519,6938
2026-09-15T20:56:47.464499+00:00,2106,1228358,128x,200ms,25,64,1,306,911,1109,1185,3229,3056,2488,895,569,7159
2026-09-15T20:56:47.983875+00:00,2107,1228882,128x,200ms,25,64,1,357,1079,1304,1400,3061,3017,2416,875,527,6811
2026-09-15T20:56:48.510775+00:00,2108,1229406,128x,200ms,25,64,1,388,1157,1380,1498,3241,3362,2633,993,683,7732
2026-09-15T20:56:49.031075+00:00,2109,1229929,128x,200ms,25,64,1,421,1224,1460,1583,3213,3459,2641,1016,691,7858
2026-09-15T20:56:49.558802+00:00,2110,1230453,128x,200ms,25,64,1,426,1192,1450,1555,2805,3222,2365,931,562,7324
2026-09-15T20:56:50.079182+00:00,2111,1230977,128x,200ms,25,64,0,351,972,1194,1275,1153,1463,1032,445,269,3646
2026-09-15T20:56:51.078798+00:00,2112,1231499,128x,200ms,25,64,0,181,456,582,616,1165,1450,1031,456,242,3475
2026-09-15T20:56:51.608201+00:00,2113,1232020,128x,200ms,25,64,0,148,291,430,428,616,788,590,266,185,2294
2026-09-15T20:56:52.127011+00:00,2114,1232541,128x,200ms,25,64,0,135,259,384,380,210,267,254,132,113,738
2026-09-15T20:56:52.646799+00:00,2115,1233062,128x,200ms,25,64,0,38,63,98,109,194,251,245,127,108,673
2026-09-15T20:56:53.166802+00:00,2116,1233583,128x,200ms,25,64,0,34,58,89,97,188,236,236,121,100,623
2026-09-15T20:56:53.689218+00:00,2117,1234102,128x,200ms,25,64,1,35,61,92,101,196,248,245,126,103,644
2026-09-15T20:56:54.206901+00:00,2118,1234623,128x,200ms,25,64,1,35,62,93,103,195,245,244,125,100,623
2026-09-15T20:56:54.727666+00:00,2119,1235144,128x,200ms,25,64,1,34,60,90,99,192,240,241,123,99,614
2026-09-15T20:56:55.246903+00:00,2120,1235664,128x,200ms,25,64,1,33,58,88,96,187,234,236,121,101,628
2026-09-15T20:56:55.767180+00:00,2121,1236185,128x,200ms,25,64,1,34,58,87,95,186,232,234,119,99,618
2026-09-15T20:56:56.287456+00:00,2122,1236705,128x,200ms,25,64,1,32,56,85,92,185,229,233,119,98,606
2026-09-15T20:56:56.806939+00:00,2123,1237226,128x,200ms,25,64,0,33,57,87,95,191,239,241,122,97,600
2026-09-15T20:56:57.319949+00:00,2124,1237744,128x,200ms,25,64,0,34,62,93,103,209,263,257,132,99,617
2026-09-15T20:56:57.840536+00:00,2125,1238264,128x,200ms,25,64,0,38,71,105,119,232,293,281,144,107,658
2026-09-15T20:56:58.358941+00:00,2126,1238784,128x,200ms,25,64,0,40,75,110,125,233,296,281,145,108,666
2026-09-15T20:56:58.878887+00:00,2127,1239304,128x,200ms,25,64,0,36,68,100,114,202,251,250,127,94,569
2026-09-15T20:56:59.399635+00:00,2128,1239824,128x,200ms,25,64,0,31,60,87,98,182,223,231,115,86,527
2026-09-15T20:56:59.919944+00:00,2129,1240343,128x,200ms,25,64,1,28,54,78,89,183,219,231,115,82,509
2026-09-15T20:57:00.438833+00:00,2130,1240863,128x,200ms,25,64,1,29,59,85,96,200,241,246,125,87,528
2026-09-15T20:57:00.958771+00:00,2131,1241383,128x,200ms,25,64,1,34,68,99,113,229,280,274,140,95,578
2026-09-15T20:57:01.479721+00:00,2132,1241905,128x,200ms,25,64,1,36,71,102,117,226,272,270,138,92,557
2026-09-15T20:57:02.006775+00:00,2133,1242425,128x,200ms,25,64,1,34,68,98,112,215,257,259,132,87,527
2026-09-15T20:57:02.526972+00:00,2134,1242946,128x,200ms,25,64,1,32,66,94,108,220,262,264,134,88,530
2026-09-15T20:57:02.559529+00:00,2135,1243466,128x,200ms,25,64,0,35,79,106,125,1104,1517,1013,442,264,3764
2026-09-15T20:57:03.575124+00:00,2136,1243987,128x,200ms,25,64,0,462,1071,1386,1403,2325,3003,2015,848,486,7010
2026-09-15T20:57:03.607336+00:00,2137,1244510,128x,200ms,25,64,0,416,967,1231,1315,607,272,671,153,583,3306
2026-09-15T20:57:04.127479+00:00,2138,1245032,128x,200ms,25,64,0,330,1091,1210,1258,4560,4398,3404,1303,875,11275
2026-09-15T20:57:04.654914+00:00,2139,1245555,128x,200ms,25,64,0,673,1651,2116,2148,4163,4583,3228,1298,879,11666
2026-09-15T20:57:05.654722+00:00,2140,1246078,128x,200ms,25,64,0,565,1361,1813,1799,2726,2553,2158,764,763,8500
2026-09-15T20:57:06.175031+00:00,2141,1246602,128x,200ms,25,64,1,21,67,127,145,311,114,57,44,11,334
2026-09-15T20:57:06.695718+00:00,2142,1247121,128x,200ms,25,64,1,64,641,487,1224,437,146,79,62,34,1303
2026-09-15T20:57:07.215318+00:00,2143,1247641,128x,200ms,25,64,1,65,644,486,1217,433,145,79,62,35,1422
2026-09-15T20:57:07.734891+00:00,2144,1248161,128x,200ms,25,64,1,64,640,481,1208,429,144,79,61,35,1401
2026-09-15T20:57:08.255565+00:00,2145,1248681,128x,200ms,25,64,1,63,627,473,1192,435,145,80,62,35,1412
2026-09-15T20:57:08.774781+00:00,2146,1249202,128x,200ms,25,64,1,65,651,490,1226,437,147,81,63,35,1418
2026-09-15T20:57:09.295545+00:00,2147,1249722,128x,200ms,25,64,0,65,651,490,1226,437,146,80,63,35,1417
2026-09-15T20:57:09.831776+00:00,2148,1250243,128x,200ms,25,64,0,65,650,490,1224,436,145,79,62,35,1418
2026-09-15T20:57:10.336296+00:00,2149,1250764,128x,200ms,25,64,0,64,634,484,1222,438,145,79,62,35,1411
2026-09-15T20:57:10.856208+00:00,2150,1251284,128x,200ms,25,64,0,64,638,488,1231,437,145,79,62,35,1406
2026-09-15T20:57:11.382762+00:00,2151,1251806,128x,200ms,25,64,0,64,637,488,1229,437,145,79,62,35,1406
2026-09-15T20:57:11.903771+00:00,2152,1252326,128x,200ms,25,64,0,64,637,488,1229,437,145,79,62,35,1405
2026-09-15T20:57:12.422831+00:00,2153,1252847,128x,200ms,25,64,1,64,637,488,1230,436,145,79,62,35,1404
2026-09-15T20:57:12.943840+00:00,2154,1253367,128x,200ms,25,64,1,64,637,488,1230,437,145,79,62,35,1405
2026-09-15T20:57:13.463890+00:00,2155,1253888,128x,200ms,25,64,1,64,637,488,1229,437,145,79,62,35,1405
2026-09-15T20:57:13.983700+00:00,2156,1254408,128x,200ms,25,64,1,64,637,488,1229,436,145,79,62,34,1404
2026-09-15T20:57:14.502823+00:00,2157,1254928,128x,200ms,25,64,1,64,637,488,1229,436,145,79,62,35,1405
2026-09-15T20:57:15.022686+00:00,2158,1255448,128x,200ms,25,64,1,64,637,488,1229,437,145,79,62,35,1404
2026-09-15T20:57:15.544481+00:00,2159,1255968,128x,200ms,25,64,0,64,637,487,1228,436,145,79,62,35,1404
2026-09-15T20:57:16.063591+00:00,2160,1256489,128x,200ms,25,64,0,64,637,488,1229,437,144,79,62,35,1404
2026-09-15T20:57:16.584694+00:00,2161,1257011,128x,200ms,25,64,0,64,636,488,1229,437,145,79,62,35,1405
2026-09-15T20:57:17.102756+00:00,2162,1257531,128x,200ms,25,64,0,64,637,488,1230,436,145,79,61,35,1404
2026-09-15T20:57:17.622743+00:00,2163,1258052,128x,200ms,25,64,0,64,637,487,1228,437,145,79,62,35,1404
2026-09-15T20:57:18.150736+00:00,2164,1258572,128x,200ms,25,64,0,64,637,488,1228,437,145,79,62,35,1404
2026-09-15T20:57:18.663903+00:00,2165,1259094,128x,200ms,25,64,1,64,637,488,1230,437,145,79,61,35,1404
2026-09-15T20:57:19.183115+00:00,2166,1259613,128x,200ms,25,64,1,64,637,488,1229,436,145,79,62,35,1404
2026-09-15T20:57:19.703236+00:00,2167,1260134,128x,200ms,25,64,1,64,637,488,1228,436,145,79,61,35,1404
2026-09-15T20:57:20.223582+00:00,2168,1260654,128x,200ms,25,64,1,64,637,488,1228,436,145,79,62,35,1404
2026-09-15T20:57:20.743091+00:00,2169,1261174,128x,200ms,25,64,1,64,636,488,1228,437,145,79,62,35,1403
2026-09-15T20:57:21.271166+00:00,2170,1261694,128x,200ms,25,64,1,64,637,487,1229,436,145,79,61,35,1404
2026-09-15T20:57:21.790598+00:00,2171,1262215,128x,200ms,25,64,0,64,637,488,1228,436,145,79,61,35,1403
2026-09-15T20:57:22.311455+00:00,2172,1262736,128x,200ms,25,64,0,64,636,487,1228,436,145,79,61,35,1403
2026-09-15T20:57:22.832059+00:00,2173,1263256,128x,200ms,25,64,0,64,636,487,1228,436,145,79,62,35,1404
2026-09-15T20:57:23.351291+00:00,2174,1263777,128x,200ms,25,64,0,64,637,487,1229,436,145,79,62,35,1404
2026-09-15T20:57:23.871522+00:00,2175,1264297,128x,200ms,25,64,0,64,637,487,1228,436,145,79,61,35,1403
2026-09-15T20:57:24.391435+00:00,2176,1264819,128x,200ms,25,64,0,64,637,487,1228,437,144,79,62,35,1404
2026-09-15T20:57:24.910600+00:00,2177,1265339,128x,200ms,25,64,1,64,636,487,1228,436,145,79,62,35,1404
2026-09-15T20:57:25.431464+00:00,2178,1265859,128x,200ms,25,64,1,64,636,487,1228,436,145,79,62,35,1404
2026-09-15T20:57:25.950666+00:00,2179,1266379,128x,200ms,25,64,1,64,637,487,1228,436,145,79,62,35,1404
2026-09-15T20:57:26.471148+00:00,2180,1266900,128x,200ms,25,64,1,64,637,488,1228,436,145,79,62,35,1404
2026-09-15T20:57:26.991146+00:00,2181,1267421,128x,200ms,25,64,1,64,636,487,1229,436,145,79,62,35,1403
2026-09-15T20:57:27.511800+00:00,2182,1267941,128x,200ms,25,64,1,64,637,488,1228,437,145,79,62,35,1403
2026-09-15T20:57:28.031363+00:00,2183,1268461,128x,200ms,25,64,0,64,637,488,1229,436,144,79,62,35,1403
2026-09-15T20:57:28.551600+00:00,2184,1268982,128x,200ms,25,64,0,64,637,488,1227,436,145,79,61,35,1403
2026-09-15T20:57:29.071560+00:00,2185,1269502,128x,200ms,25,64,0,64,637,487,1228,436,145,79,62,35,1403
2026-09-15T20:57:29.591741+00:00,2186,1270023,128x,200ms,25,64,0,64,636,487,1228,436,145,79,62,35,1403
2026-09-15T20:57:30.110719+00:00,2187,1270544,128x,200ms,25,64,0,64,636,488,1228,436,144,79,62,35,1403
2026-09-15T20:57:30.630796+00:00,2188,1271065,128x,200ms,25,64,0,64,636,487,1228,436,145,79,62,35,1404
2026-09-15T20:57:31.151524+00:00,2189,1271586,128x,200ms,25,64,1,64,637,487,1228,436,145,79,61,35,1403
2026-09-15T20:57:31.670629+00:00,2190,1272105,128x,200ms,25,64,1,64,636,487,1227,436,144,79,62,35,1403
2026-09-15T20:57:32.190748+00:00,2191,1272627,128x,200ms,25,64,1,64,636,487,1228,436,145,79,61,34,1403
2026-09-15T20:57:32.711570+00:00,2192,1273147,128x,200ms,25,64,1,64,636,487,1228,436,144,79,62,35,1403
2026-09-15T20:57:33.230576+00:00,2193,1273667,128x,200ms,25,64,1,64,636,488,1229,436,145,79,62,35,1403
2026-09-15T20:57:33.751429+00:00,2194,1274187,128x,200ms,25,64,1,64,636,487,1228,436,144,79,62,35,1403
2026-09-15T20:57:34.270973+00:00,2195,1274707,128x,200ms,25,64,0,64,636,488,1227,436,144,79,61,34,1402
2026-09-15T20:57:34.791453+00:00,2196,1275229,128x,200ms,25,64,0,64,636,488,1228,436,145,79,62,35,1402
2026-09-15T20:57:35.310721+00:00,2197,1275749,128x,200ms,25,64,0,64,636,487,1227,436,144,79,62,35,1403
2026-09-15T20:57:35.839572+00:00,2198,1276270,128x,200ms,25,64,0,64,636,488,1228,436,145,79,62,35,1403
2026-09-15T20:57:36.350651+00:00,2199,1276790,128x,200ms,25,64,0,64,636,487,1227,436,144,79,62,35,1402
2026-09-15T20:57:36.878701+00:00,2200,1277312,128x,200ms,25,64,0,64,636,487,1227,436,144,79,61,35,1403
2026-09-15T20:57:37.398689+00:00,2201,1277832,128x,200ms,25,64,1,64,636,487,1227,436,145,79,62,35,1403
2026-09-15T20:57:37.918879+00:00,2202,1278352,128x,200ms,25,64,1,64,636,488,1227,436,144,79,61,35,1403
2026-09-15T20:57:38.431289+00:00,2203,1278872,128x,200ms,25,64,1,64,636,488,1227,436,144,78,61,35,1404
2026-09-15T20:57:38.959675+00:00,2204,1279393,128x,200ms,25,64,1,64,636,487,1228,436,144,79,61,35,1403
2026-09-15T20:57:39.478981+00:00,2205,1279913,128x,200ms,25,64,1,64,636,488,1228,436,145,79,62,35,1403
2026-09-15T20:57:39.998678+00:00,2206,1280433,128x,200ms,25,64,1,64,636,487,1227,436,145,79,62,35,1403
2026-09-15T20:57:40.519432+00:00,2207,1280954,128x,200ms,25,64,0,64,636,487,1228,436,144,79,62,35,1403
2026-09-15T20:57:41.039529+00:00,2208,1281474,128x,200ms,25,64,0,64,636,488,1228,436,145,79,62,35,1403
2026-09-15T20:57:41.559850+00:00,2209,1281995,128x,200ms,25,64,0,64,636,488,1227,436,145,79,62,35,1403
2026-09-15T20:57:42.078832+00:00,2210,1282515,128x,200ms,25,64,0,64,636,487,1227,436,145,79,62,35,1403
2026-09-15T20:57:42.598789+00:00,2211,1283037,128x,200ms,25,64,0,64,636,488,1229,436,144,79,61,35,1403
2026-09-15T20:57:43.118580+00:00,2212,1283558,128x,200ms,25,64,0,64,636,487,1228,436,145,79,62,35,1402
2026-09-15T20:57:43.640434+00:00,2213,1284078,128x,200ms,25,64,1,64,636,487,1227,436,144,79,62,35,1403
2026-09-15T20:57:44.159768+00:00,2214,1284598,128x,200ms,25,64,1,64,636,487,1227,436,144,79,62,35,1403
2026-09-15T20:57:44.679311+00:00,2215,1285120,128x,200ms,25,64,1,64,636,488,1227,436,145,79,62,35,1403
2026-09-15T20:57:45.200153+00:00,2216,1285640,128x,200ms,25,64,1,64,636,488,1227,436,145,79,62,35,1403
2026-09-15T20:57:45.719239+00:00,2217,1286160,128x,200ms,25,64,1,64,636,487,1228,436,145,79,62,35,1403
2026-09-15T20:57:46.246690+00:00,2218,1286680,128x,200ms,25,64,1,64,636,487,1227,436,144,79,62,35,1402
2026-09-15T20:57:46.759064+00:00,2219,1287200,128x,200ms,25,64,0,64,636,488,1227,436,144,79,62,35,1402
2026-09-15T20:57:47.288701+00:00,2220,1287721,128x,200ms,25,64,0,64,636,488,1227,436,145,79,62,35,1403
2026-09-15T20:57:47.806855+00:00,2221,1288243,128x,200ms,25,64,0,64,636,487,1227,436,144,79,62,35,1403
2026-09-15T20:57:48.327853+00:00,2222,1288763,128x,200ms,25,64,0,64,636,488,1228,436,144,79,62,35,1403
2026-09-15T20:57:48.846952+00:00,2223,1289284,128x,200ms,25,64,0,64,636,487,1227,436,144,79,62,35,1402
2026-09-15T20:57:49.366534+00:00,2224,1289804,128x,200ms,25,64,0,64,636,488,1227,436,144,79,61,35,1403
2026-09-15T20:57:49.886703+00:00,2225,1290326,128x,200ms,25,64,1,64,636,488,1227,436,145,79,62,35,1403
2026-09-15T20:57:50.407141+00:00,2226,1290846,128x,200ms,25,64,1,64,636,488,1227,436,144,79,62,35,1403
2026-09-15T20:57:50.926886+00:00,2227,1291366,128x,200ms,25,64,1,64,636,488,1228,436,145,79,61,35,1402
2026-09-15T20:57:51.447075+00:00,2228,1291886,128x,200ms,25,64,1,64,636,487,1229,436,145,79,62,35,1403
2026-09-15T20:57:51.966621+00:00,2229,1292406,128x,200ms,25,64,1,64,636,487,1227,436,144,79,62,35,1403
2026-09-15T20:57:52.487231+00:00,2230,1292926,128x,200ms,25,64,1,64,636,487,1228,436,144,79,62,35,1402
2026-09-15T20:57:53.008410+00:00,2231,1293447,128x,200ms,25,64,0,64,636,487,1227,436,145,79,62,35,1402
2026-09-15T20:57:53.526632+00:00,2232,1293968,128x,200ms,25,64,0,64,636,487,1227,436,144,79,61,35,1403
2026-09-15T20:57:54.046638+00:00,2233,1294489,128x,200ms,25,64,0,64,636,487,1227,436,144,79,61,35,1402
2026-09-15T20:57:54.574646+00:00,2234,1295009,128x,200ms,25,64,0,64,636,488,1227,436,145,79,62,35,1403
2026-09-15T20:57:55.095626+00:00,2235,1295529,128x,200ms,25,64,0,64,636,488,1228,436,144,79,62,35,1403
2026-09-15T20:57:55.614649+00:00,2236,1296051,128x,200ms,25,64,0,64,636,488,1228,436,144,79,62,35,1403
2026-09-15T20:57:56.134777+00:00,2237,1296572,128x,200ms,25,64,1,64,636,488,1228,436,144,79,62,35,1402
2026-09-15T20:57:56.655000+00:00,2238,1297092,128x,200ms,25,64,1,64,636,487,1227,436,145,79,62,35,1403
2026-09-15T20:57:57.174606+00:00,2239,1297612,128x,200ms,25,64,1,64,636,488,1227,436,145,79,62,35,1402
2026-09-15T20:57:57.686829+00:00,2240,1298134,128x,200ms,25,64,1,64,636,488,1227,436,144,79,61,35,1403
2026-09-15T20:57:58.215381+00:00,2241,1298654,128x,200ms,25,64,1,64,636,488,1228,436,144,79,62,35,1403
2026-09-15T20:57:58.735344+00:00,2242,1299173,128x,200ms,25,64,1,64,636,488,1227,436,144,79,62,35,1403
2026-09-15T20:57:59.255043+00:00,2243,1299694,128x,200ms,25,64,0,64,636,487,1227,436,144,79,62,35,1402
2026-09-15T20:57:59.774982+00:00,2244,1300214,128x,200ms,25,64,0,64,636,488,1227,436,145,79,62,35,1402
2026-09-15T20:58:00.295208+00:00,2245,1300736,128x,200ms,25,64,0,64,636,487,1228,436,144,79,62,35,1403
2026-09-15T20:58:00.814592+00:00,2246,1301256,128x,200ms,25,64,0,64,636,488,1227,436,145,79,62,35,1403
2026-09-15T20:58:01.335592+00:00,2247,1301777,128x,200ms,25,64,0,64,636,488,1228,436,145,79,62,35,1403
2026-09-15T20:58:01.854613+00:00,2248,1302298,128x,200ms,25,64,0,64,636,488,1227,436,144,79,62,35,1403
2026-09-15T20:58:02.375626+00:00,2249,1302818,128x,200ms,25,64,1,64,636,488,1228,436,144,79,62,35,1403
2026-09-15T20:58:02.894599+00:00,2250,1303339,128x,200ms,25,64,1,64,636,487,1228,436,145,79,62,35,1402
2026-09-15T20:58:03.414801+00:00,2251,1303860,128x,200ms,25,64,1,64,636,488,1227,436,144,79,62,35,1402
2026-09-15T20:58:03.935383+00:00,2252,1304380,128x,200ms,25,64,1,64,636,488,1228,436,145,79,62,35,1403
2026-09-15T20:58:04.455363+00:00,2253,1304900,128x,200ms,25,64,1,64,636,488,1227,436,145,79,62,35,1403
2026-09-15T20:58:04.975416+00:00,2254,1305420,128x,200ms,25,64,1,64,636,487,1227,436,145,79,62,35,1403
2026-09-15T20:58:05.494832+00:00,2255,1305940,128x,200ms,25,64,0,64,636,487,1227,436,145,79,62,35,1403
2026-09-15T20:58:06.014620+00:00,2256,1306462,128x,200ms,25,64,0,64,636,487,1227,436,145,79,62,35,1403
2026-09-15T20:58:06.535372+00:00,2257,1306982,128x,200ms,25,64,0,64,636,488,1228,436,145,79,62,35,1403
2026-09-15T20:58:07.054860+00:00,2258,1307503,128x,200ms,25,64,0,64,636,488,1227,436,144,79,62,35,1403
2026-09-15T20:58:07.575533+00:00,2259,1308024,128x,200ms,25,64,0,64,636,488,1227,436,144,79,61,35,1403
2026-09-15T20:58:08.094615+00:00,2260,1308545,128x,200ms,25,64,0,64,636,488,1227,436,145,79,61,35,1403
2026-09-15T20:58:08.614627+00:00,2261,1309066,128x,200ms,25,64,1,64,636,487,1227,436,145,79,62,35,1403
2026-09-15T20:58:09.134884+00:00,2262,1309586,128x,200ms,25,64,1,64,636,488,1228,436,145,79,62,35,1403
2026-09-15T20:58:09.656337+00:00,2263,1310106,128x,200ms,25,64,1,64,636,487,1227,436,145,79,62,35,1403
2026-09-15T20:58:10.175069+00:00,2264,1310626,128x,200ms,25,64,1,64,636,487,1227,436,144,79,62,35,1403
2026-09-15T20:58:10.695763+00:00,2265,1311148,128x,200ms,25,64,1,64,635,488,1227,436,144,79,62,35,1403
2026-09-15T20:58:11.223676+00:00,2266,1311667,128x,200ms,25,64,1,64,635,487,1227,436,145,79,62,35,1403
2026-09-15T20:58:11.742855+00:00,2267,1312188,128x,200ms,25,64,0,64,636,488,1228,436,145,79,61,35,1403
2026-09-15T20:58:12.262607+00:00,2268,1312708,128x,200ms,25,64,0,64,636,488,1228,436,144,79,62,35,1403
2026-09-15T20:58:12.783771+00:00,2269,1313229,128x,200ms,25,64,0,64,636,487,1227,436,144,79,62,35,1403
2026-09-15T20:58:13.302704+00:00,2270,1313750,128x,200ms,25,64,0,64,636,487,1227,436,145,79,62,35,1403
2026-09-15T20:58:13.823069+00:00,2271,1314271,128x,200ms,25,64,0,64,636,488,1227,436,144,79,62,35,1403
2026-09-15T20:58:14.343640+00:00,2272,1314792,128x,200ms,25,64,0,64,636,487,1228,436,144,79,62,35,1402
2026-09-15T20:58:14.862596+00:00,2273,1315312,128x,200ms,25,64,1,64,636,487,1227,436,145,79,62,35,1403
2026-09-15T20:58:15.382876+00:00,2274,1315832,128x,200ms,25,64,1,64,636,488,1228,436,145,79,61,35,1403
2026-09-15T20:58:15.902600+00:00,2275,1316353,128x,200ms,25,64,1,64,636,488,1227,436,145,79,62,35,1403
2026-09-15T20:58:16.422603+00:00,2276,1316874,128x,200ms,25,64,1,64,636,488,1228,436,144,79,62,35,1403
2026-09-15T20:58:16.942783+00:00,2277,1317394,128x,200ms,25,64,1,64,636,488,1227,436,145,79,61,35,1403
2026-09-15T20:58:17.462878+00:00,2278,1317914,128x,200ms,25,64,1,64,636,487,1227,436,144,79,61,35,1402
2026-09-15T20:58:17.983341+00:00,2279,1318434,128x,200ms,25,64,0,64,636,487,1227,436,144,79,62,35,1403
2026-09-15T20:58:18.502953+00:00,2280,1318955,128x,200ms,25,64,0,64,636,487,1228,436,145,79,62,35,1402
2026-09-15T20:58:19.023390+00:00,2281,1319476,128x,200ms,25,64,0,64,636,488,1228,436,144,79,61,35,1403
2026-09-15T20:58:19.542616+00:00,2282,1319996,128x,200ms,25,64,0,64,635,487,1227,436,145,79,62,35,1403
2026-09-15T20:58:20.064008+00:00,2283,1320517,128x,200ms,25,64,0,64,636,487,1228,436,144,79,62,35,1403
2026-09-15T20:58:20.584295+00:00,2284,1321037,128x,200ms,25,64,0,64,636,488,1228,436,145,79,61,35,1403
2026-09-15T20:58:21.104372+00:00,2285,1321559,128x,200ms,25,64,1,64,636,488,1227,436,144,79,62,35,1403
2026-09-15T20:58:21.624865+00:00,2286,1322079,128x,200ms,25,64,1,64,636,488,1227,436,144,79,61,35,1403
2026-09-15T20:58:22.142850+00:00,2287,1322599,128x,200ms,25,64,1,64,636,488,1228,436,145,79,62,35,1403
2026-09-15T20:58:22.663522+00:00,2288,1323119,128x,200ms,25,64,1,64,636,487,1227,436,144,79,62,35,1403
2026-09-15T20:58:23.190931+00:00,2289,1323640,128x,200ms,25,64,1,64,636,487,1227,436,145,79,62,35,1402
2026-09-15T20:58:23.703014+00:00,2290,1324160,128x,200ms,25,64,1,64,636,487,1227,436,145,79,62,35,1402
2026-09-15T20:58:24.231087+00:00,2291,1324681,128x,200ms,25,64,0,64,636,487,1227,436,145,79,62,35,1403
2026-09-15T20:58:24.750578+00:00,2292,1325201,128x,200ms,25,64,0,64,636,487,1227,436,145,79,61,35,1403
2026-09-15T20:58:25.270577+00:00,2293,1325722,128x,200ms,25,64,0,64,636,488,1228,436,145,79,62,35,1402
2026-09-15T20:58:25.792133+00:00,2294,1326242,128x,200ms,25,64,0,64,636,488,1227,436,144,79,62,35,1402
2026-09-15T20:58:26.310572+00:00,2295,1326764,128x,200ms,25,64,0,64,636,487,1227,436,145,79,62,35,1403
2026-09-15T20:58:26.830563+00:00,2296,1327284,128x,200ms,25,64,0,64,636,487,1229,436,145,79,62,35,1402
2026-09-15T20:58:27.351353+00:00,2297,1327805,128x,200ms,25,64,1,64,636,488,1228,436,145,79,62,35,1403
2026-09-15T20:58:27.871557+00:00,2298,1328325,128x,200ms,25,64,1,64,636,488,1228,436,144,79,62,35,1402
2026-09-15T20:58:28.392142+00:00,2299,1328845,128x,200ms,25,64,1,64,635,488,1227,436,145,79,61,35,1402
2026-09-15T20:58:28.911459+00:00,2300,1329366,128x,200ms,25,64,1,64,636,487,1227,436,145,79,62,35,1403
2026-09-15T20:58:29.430607+00:00,2301,1329887,128x,200ms,25,64,1,64,636,488,1228,436,144,79,62,35,1402
2026-09-15T20:58:29.951251+00:00,2302,1330406,128x,200ms,25,64,1,64,636,488,1227,436,145,79,62,35,1402
2026-09-15T20:58:30.470680+00:00,2303,1330927,128x,200ms,25,64,0,64,636,488,1228,436,145,79,62,35,1402
2026-09-15T20:58:30.990563+00:00,2304,1331448,128x,200ms,25,64,0,64,636,488,1228,436,145,79,62,35,1403
2026-09-15T20:58:31.511083+00:00,2305,1331969,128x,200ms,25,64,0,64,636,487,1227,436,144,79,62,35,1402
2026-09-15T20:58:32.030927+00:00,2306,1332490,128x,200ms,25,64,0,64,636,488,1227,436,144,79,61,35,1403
2026-09-15T20:58:32.558558+00:00,2307,1333010,128x,200ms,25,64,0,64,636,487,1228,436,144,79,62,35,1403
2026-09-15T20:58:33.078714+00:00,2308,1333531,128x,200ms,25,64,0,64,636,488,1228,435,145,79,61,35,1403
2026-09-15T20:58:33.599346+00:00,2309,1334052,128x,200ms,25,64,1,64,636,487,1227,436,144,79,62,35,1403
2026-09-15T20:58:34.118786+00:00,2310,1334573,128x,200ms,25,64,1,64,636,487,1227,436,144,79,62,35,1403
2026-09-15T20:58:34.638643+00:00,2311,1335093,128x,200ms,25,64,1,64,636,488,1228,436,145,79,62,35,1403
2026-09-15T20:58:35.159327+00:00,2312,1335613,128x,200ms,25,64,1,64,636,487,1227,436,144,79,62,35,1403
2026-09-15T20:58:35.678834+00:00,2313,1336133,128x,200ms,25,64,1,64,636,487,1228,436,145,79,62,35,1403
2026-09-15T20:58:36.199345+00:00,2314,1336653,128x,200ms,25,64,1,64,636,487,1227,436,144,79,61,35,1403
2026-09-15T20:58:36.719314+00:00,2315,1337174,128x,200ms,25,64,0,64,636,488,1228,436,144,79,62,35,1403
2026-09-15T20:58:37.238609+00:00,2316,1337695,128x,200ms,25,64,0,64,636,488,1227,436,144,79,62,35,1403
2026-09-15T20:58:37.759648+00:00,2317,1338216,128x,200ms,25,64,0,64,636,488,1227,436,144,79,61,35,1403
2026-09-15T20:58:38.279277+00:00,2318,1338736,128x,200ms,25,64,0,64,636,487,1227,436,144,79,62,35,1403
2026-09-15T20:58:38.799498+00:00,2319,1339257,128x,200ms,25,64,0,64,636,487,1229,436,145,79,62,35,1403
2026-09-15T20:58:39.319373+00:00,2320,1339778,128x,200ms,25,64,0,64,636,488,1227,436,144,79,62,35,1402
2026-09-15T20:58:39.838544+00:00,2321,1340299,128x,200ms,25,64,1,64,636,488,1227,436,145,79,62,35,1403
2026-09-15T20:58:40.358540+00:00,2322,1340819,128x,200ms,25,64,1,64,636,487,1227,436,145,79,62,35,1403
2026-09-15T20:58:40.878586+00:00,2323,1341339,128x,200ms,25,64,1,64,636,487,1227,436,145,79,62,35,1403
2026-09-15T20:58:41.398533+00:00,2324,1341859,128x,200ms,25,64,1,64,636,488,1228,436,144,79,61,35,1403
2026-09-15T20:58:41.918832+00:00,2325,1342380,128x,200ms,25,64,1,64,636,488,1228,436,145,79,62,35,1404
2026-09-15T20:58:42.438534+00:00,2326,1342900,128x,200ms,25,64,1,64,636,488,1228,436,144,79,61,35,1402
2026-09-15T20:58:42.958947+00:00,2327,1343420,128x,200ms,25,64,0,64,636,488,1228,436,144,79,61,35,1403
2026-09-15T20:58:43.486539+00:00,2328,1343941,128x,200ms,25,64,0,64,636,488,1228,436,144,79,62,35,1403
2026-09-15T20:58:44.006554+00:00,2329,1344462,128x,200ms,25,64,0,64,636,487,1228,436,145,79,62,35,1403
2026-09-15T20:58:44.526509+00:00,2330,1344983,128x,200ms,25,64,0,64,636,488,1228,436,145,79,62,35,1403
2026-09-15T20:58:45.046533+00:00,2331,1345504,128x,200ms,25,64,0,64,636,488,1228,436,144,79,62,35,1402
2026-09-15T20:58:45.567318+00:00,2332,1346025,128x,200ms,25,64,0,64,636,487,1227,436,144,79,62,35,1404
2026-09-15T20:58:46.087392+00:00,2333,1346546,128x,200ms,25,64,1,64,636,488,1228,436,144,79,62,35,1403
2026-09-15T20:58:46.608107+00:00,2334,1347065,128x,200ms,25,64,1,64,636,488,1228,436,145,79,62,35,1403
2026-09-15T20:58:47.127371+00:00,2335,1347587,128x,200ms,25,64,1,64,636,488,1228,436,145,79,62,35,1403
2026-09-15T20:58:47.647429+00:00,2336,1348107,128x,200ms,25,64,1,64,636,488,1228,436,145,79,62,35,1402
2026-09-15T20:58:48.167452+00:00,2337,1348627,128x,200ms,25,64,1,64,636,488,1228,436,144,79,62,35,1403
2026-09-15T20:58:48.687111+00:00,2338,1349147,128x,200ms,25,64,1,64,636,487,1229,436,145,79,62,35,1403
2026-09-15T20:58:49.206527+00:00,2339,1349667,128x,200ms,25,64,0,64,636,487,1228,436,145,79,62,35,1402
2026-09-15T20:58:49.726516+00:00,2340,1350189,128x,200ms,25,64,0,64,636,488,1229,436,145,79,62,35,1404
2026-09-15T20:58:50.246523+00:00,2341,1350710,128x,200ms,25,64,0,64,636,488,1228,436,144,79,62,35,1403
2026-09-15T20:58:50.766724+00:00,2342,1351230,128x,200ms,25,64,0,64,636,487,1228,436,145,79,62,35,1403
2026-09-15T20:58:51.286512+00:00,2343,1351751,128x,200ms,25,64,0,64,636,488,1227,436,145,79,62,35,1403
2026-09-15T20:58:51.806511+00:00,2344,1352272,128x,200ms,25,64,0,64,636,488,1228,436,145,79,61,35,1403
2026-09-15T20:58:52.326528+00:00,2345,1352794,128x,200ms,25,64,1,64,636,488,1228,436,145,79,62,35,1403
2026-09-15T20:58:52.846514+00:00,2346,1353313,128x,200ms,25,64,1,64,636,488,1228,436,145,79,62,35,1403
2026-09-15T20:58:53.366508+00:00,2347,1353834,128x,200ms,25,64,1,64,636,488,1228,436,145,79,62,35,1403
2026-09-15T20:58:53.887577+00:00,2348,1354354,128x,200ms,25,64,1,64,636,488,1228,436,144,79,61,35,1403
2026-09-15T20:58:54.407394+00:00,2349,1354874,128x,200ms,25,64,1,64,636,488,1228,436,145,79,62,35,1402
2026-09-15T20:58:54.926651+00:00,2350,1355395,128x,200ms,25,64,1,64,636,488,1228,436,144,79,62,35,1403
2026-09-15T20:58:55.454778+00:00,2351,1355915,128x,200ms,25,64,0,64,636,488,1228,436,145,79,62,35,1403
2026-09-15T20:58:55.974940+00:00,2352,1356436,128x,200ms,25,64,0,64,636,488,1228,436,145,79,62,35,1403
2026-09-15T20:58:56.496042+00:00,2353,1356957,128x,200ms,25,64,0,64,636,488,1228,436,144,79,62,35,1403
2026-09-15T20:58:57.015433+00:00,2354,1357477,128x,200ms,25,64,0,64,636,488,1229,436,144,79,62,35,1404
2026-09-15T20:58:57.535525+00:00,2355,1357999,128x,200ms,25,64,0,64,636,488,1228,436,145,79,62,35,1403
2026-09-15T20:58:58.054976+00:00,2356,1358520,128x,200ms,25,64,0,64,636,488,1228,436,145,79,61,35,1403
2026-09-15T20:58:58.574501+00:00,2357,1359041,128x,200ms,25,64,1,64,636,488,1230,436,145,79,61,35,1403
2026-09-15T20:58:59.094500+00:00,2358,1359561,128x,200ms,25,64,1,64,636,488,1228,436,145,79,62,35,1404
2026-09-15T20:58:59.614785+00:00,2359,1360081,128x,200ms,25,64,1,64,636,488,1228,436,145,79,62,35,1403
2026-09-15T20:59:00.134545+00:00,2360,1360602,128x,200ms,25,64,1,64,636,488,1228,436,144,79,61,35,1403
2026-09-15T20:59:00.655766+00:00,2361,1361122,128x,200ms,25,64,1,64,636,488,1228,436,144,79,62,35,1403
2026-09-15T20:59:01.175073+00:00,2362,1361642,128x,200ms,25,64,1,64,636,488,1229,436,145,79,62,35,1403
2026-09-15T20:59:01.695287+00:00,2363,1362162,128x,200ms,25,64,0,64,636,488,1229,436,144,79,62,35,1403
2026-09-15T20:59:02.214485+00:00,2364,1362683,128x,200ms,25,64,0,64,636,488,1228,436,144,79,62,35,1404
2026-09-15T20:59:02.735510+00:00,2365,1363205,128x,200ms,25,64,0,64,636,488,1229,436,144,79,62,35,1403
2026-09-15T20:59:03.262643+00:00,2366,1363725,128x,200ms,25,64,0,64,636,488,1228,436,144,79,62,35,1403
2026-09-15T20:59:03.782572+00:00,2367,1364246,128x,200ms,25,64,0,64,636,488,1228,436,145,79,62,35,1403
2026-09-15T20:59:04.302452+00:00,2368,1364767,128x,200ms,25,64,0,64,636,488,1228,436,144,79,61,35,1403
2026-09-15T20:59:04.815038+00:00,2369,1365288,128x,200ms,25,64,1,64,636,488,1228,436,145,79,62,35,1403
2026-09-15T20:59:05.335267+00:00,2370,1365809,128x,200ms,25,64,1,64,636,488,1228,436,144,79,62,35,1403
2026-09-15T20:59:05.854467+00:00,2371,1366329,128x,200ms,25,64,1,64,636,488,1227,436,144,79,62,35,1404
2026-09-15T20:59:06.375033+00:00,2372,1366849,128x,200ms,25,64,1,64,636,488,1229,436,145,79,61,35,1403
2026-09-15T20:59:06.894884+00:00,2373,1367369,128x,200ms,25,64,1,64,636,487,1229,436,145,79,61,35,1403
2026-09-15T20:59:07.422480+00:00,2374,1367889,128x,200ms,25,64,1,64,636,488,1229,436,145,79,61,35,1403
2026-09-15T20:59:07.942492+00:00,2375,1368410,128x,200ms,25,64,0,64,636,488,1229,436,145,79,61,35,1403
2026-09-15T20:59:08.463482+00:00,2376,1368931,128x,200ms,25,64,0,64,636,488,1229,436,145,79,62,35,1404
2026-09-15T20:59:08.983492+00:00,2377,1369452,128x,200ms,25,64,0,64,636,488,1228,436,145,79,62,35,1403
2026-09-15T20:59:09.502454+00:00,2378,1369972,128x,200ms,25,64,0,64,636,488,1228,436,145,79,61,35,1404
2026-09-15T20:59:10.022473+00:00,2379,1370493,128x,200ms,25,64,0,64,636,488,1229,436,144,79,61,35,1403
2026-09-15T20:59:10.542529+00:00,2380,1371015,128x,200ms,25,64,0,64,636,488,1228,436,144,79,62,35,1402
2026-09-15T20:59:11.063524+00:00,2381,1371536,128x,200ms,25,64,1,64,636,488,1228,436,145,79,62,35,1404
2026-09-15T20:59:11.583140+00:00,2382,1372056,128x,200ms,25,64,1,64,636,488,1228,436,144,79,62,35,1403
2026-09-15T20:59:12.102604+00:00,2383,1372576,128x,200ms,25,64,1,64,636,488,1229,436,145,79,62,35,1403
2026-09-15T20:59:12.623217+00:00,2384,1373096,128x,200ms,25,64,1,64,636,488,1230,436,144,79,62,35,1404
2026-09-15T20:59:13.143092+00:00,2385,1373617,128x,200ms,25,64,1,64,636,488,1229,436,144,79,62,35,1402
2026-09-15T20:59:13.662753+00:00,2386,1374137,128x,200ms,25,64,1,64,636,488,1229,436,145,79,62,35,1403
2026-09-15T20:59:14.183290+00:00,2387,1374657,128x,200ms,25,64,0,64,636,488,1228,436,144,79,62,35,1403
2026-09-15T20:59:14.703391+00:00,2388,1375178,128x,200ms,25,64,0,64,636,488,1228,436,145,79,62,35,1404
2026-09-15T20:59:15.231375+00:00,2389,1375699,128x,200ms,25,64,0,64,636,488,1229,436,144,79,62,35,1404
2026-09-15T20:59:15.751481+00:00,2390,1376220,128x,200ms,25,64,0,64,636,488,1228,436,145,79,62,35,1404
2026-09-15T20:59:16.270501+00:00,2391,1376741,128x,200ms,25,64,0,64,636,488,1228,436,144,79,61,35,1403
2026-09-15T20:59:16.790998+00:00,2392,1377262,128x,200ms,25,64,0,64,636,488,1229,436,145,79,62,35,1404
2026-09-15T20:59:17.311470+00:00,2393,1377783,128x,200ms,25,64,1,64,636,488,1228,436,145,79,62,35,1404
2026-09-15T20:59:17.830451+00:00,2394,1378304,128x,200ms,25,64,1,64,636,488,1228,436,145,79,62,35,1403
2026-09-15T20:59:18.350452+00:00,2395,1378824,128x,200ms,25,64,1,64,636,488,1228,436,145,79,61,35,1404
2026-09-15T20:59:18.871138+00:00,2396,1379344,128x,200ms,25,64,1,64,636,488,1228,436,145,79,62,35,1403
2026-09-15T20:59:19.390446+00:00,2397,1379864,128x,200ms,25,64,1,64,636,488,1229,436,145,79,61,35,1404
2026-09-15T20:59:19.910454+00:00,2398,1380384,128x,200ms,25,64,1,64,636,488,1227,436,145,79,62,35,1403
2026-09-15T20:59:20.430583+00:00,2399,1380905,128x,200ms,25,64,0,64,636,488,1229,436,144,79,62,35,1404
2026-09-15T20:59:20.951286+00:00,2400,1381426,128x,200ms,25,64,0,64,636,488,1228,436,145,79,62,35,1404
2026-09-15T20:59:21.470533+00:00,2401,1381947,128x,200ms,25,64,0,64,636,488,1228,436,145,79,62,35,1403
2026-09-15T20:59:21.991453+00:00,2402,1382468,128x,200ms,25,64,0,64,636,488,1229,436,144,79,62,35,1404
2026-09-15T20:59:22.510446+00:00,2403,1382988,128x,200ms,25,64,0,64,636,488,1229,436,144,79,62,35,1403
2026-09-15T20:59:23.031256+00:00,2404,1383510,128x,200ms,25,64,0,64,636,488,1228,436,145,79,62,35,1404
2026-09-15T20:59:23.551566+00:00,2405,1384031,128x,200ms,25,64,1,64,636,488,1228,436,144,79,62,35,1403
2026-09-15T20:59:24.071234+00:00,2406,1384551,128x,200ms,25,64,1,64,636,488,1228,436,144,79,61,35,1404
2026-09-15T20:59:24.591321+00:00,2407,1385071,128x,200ms,25,64,1,64,636,488,1229,436,144,79,61,35,1404
2026-09-15T20:59:25.112146+00:00,2408,1385591,128x,200ms,25,64,1,64,636,488,1229,436,145,79,62,35,1404
2026-09-15T20:59:25.631200+00:00,2409,1386112,128x,200ms,25,64,1,64,636,488,1229,436,145,79,62,35,1405
2026-09-15T20:59:26.150416+00:00,2410,1386632,128x,200ms,25,64,1,64,636,488,1230,436,144,79,62,35,1404
2026-09-15T20:59:26.670425+00:00,2411,1387152,128x,200ms,25,64,0,64,637,488,1229,436,145,79,61,35,1403
2026-09-15T20:59:27.198430+00:00,2412,1387673,128x,200ms,25,64,0,64,636,488,1229,436,145,79,62,35,1403
2026-09-15T20:59:27.719346+00:00,2413,1388194,128x,200ms,25,64,0,64,636,488,1229,436,145,79,62,35,1404
2026-09-15T20:59:28.238884+00:00,2414,1388715,128x,200ms,25,64,0,64,636,488,1229,436,145,79,62,35,1404
2026-09-15T20:59:28.758492+00:00,2415,1389236,128x,200ms,25,64,0,64,636,488,1228,436,145,79,61,35,1404
2026-09-15T20:59:29.278422+00:00,2416,1389757,128x,200ms,25,64,0,64,636,488,1229,436,145,79,62,35,1403
2026-09-15T20:59:29.798558+00:00,2417,1390278,128x,200ms,25,64,1,64,636,488,1229,436,144,79,62,35,1403
2026-09-15T20:59:30.319475+00:00,2418,1390798,128x,200ms,25,64,1,64,636,488,1229,436,144,79,62,35,1404
2026-09-15T20:59:30.838384+00:00,2419,1391319,128x,200ms,25,64,1,64,636,488,1229,436,145,79,62,35,1403
2026-09-15T20:59:31.358681+00:00,2420,1391839,128x,200ms,25,64,1,63,636,488,1229,436,145,79,62,35,1404
2026-09-15T20:59:31.878602+00:00,2421,1392359,128x,200ms,25,64,1,64,636,488,1229,437,145,79,62,35,1405
2026-09-15T20:59:32.398963+00:00,2422,1392879,128x,200ms,25,64,1,64,636,488,1229,436,145,79,62,35,1404
2026-09-15T20:59:32.919662+00:00,2423,1393399,128x,200ms,25,64,0,64,636,488,1228,436,144,79,62,35,1404
2026-09-15T20:59:33.439150+00:00,2424,1393921,128x,200ms,25,64,0,64,636,488,1230,436,145,79,62,35,1403
2026-09-15T20:59:33.958673+00:00,2425,1394442,128x,200ms,25,64,0,64,636,488,1229,436,145,79,62,35,1404
2026-09-15T20:59:34.478650+00:00,2426,1394963,128x,200ms,25,64,0,64,636,488,1230,436,144,79,62,35,1404
2026-09-15T20:59:34.998424+00:00,2427,1395483,128x,200ms,25,64,0,64,636,488,1230,436,145,79,62,35,1404
2026-09-15T20:59:35.519714+00:00,2428,1396004,128x,200ms,25,64,0,64,636,488,1228,436,145,79,62,35,1404
2026-09-15T20:59:36.046507+00:00,2429,1396526,128x,200ms,25,64,1,64,636,488,1229,436,145,79,62,35,1404
2026-09-15T20:59:36.559431+00:00,2430,1397046,128x,200ms,25,64,1,64,636,488,1229,436,145,79,62,35,1404
2026-09-15T20:59:37.086405+00:00,2431,1397566,128x,200ms,25,64,1,64,636,488,1230,436,145,79,62,35,1404
2026-09-15T20:59:37.608625+00:00,2432,1398087,128x,200ms,25,64,1,64,637,488,1229,436,145,79,62,35,1403
2026-09-15T20:59:38.126401+00:00,2433,1398607,128x,200ms,25,64,1,64,636,488,1229,436,145,79,62,35,1404
2026-09-15T20:59:38.646400+00:00,2434,1399128,128x,200ms,25,64,1,64,636,488,1229,436,145,79,62,35,1404
2026-09-15T20:59:39.167880+00:00,2435,1399648,128x,200ms,25,64,0,64,636,488,1229,437,144,79,62,35,1405
2026-09-15T20:59:39.686871+00:00,2436,1400169,128x,200ms,25,64,0,64,636,488,1229,436,145,79,62,35,1404
2026-09-15T20:59:40.206616+00:00,2437,1400689,128x,200ms,25,64,0,64,636,488,1230,436,145,79,62,35,1404
2026-09-15T20:59:40.726543+00:00,2438,1401210,128x,200ms,25,64,0,64,637,488,1229,436,144,79,61,35,1404
2026-09-15T20:59:41.248498+00:00,2439,1401731,128x,200ms,25,64,0,64,636,488,1228,436,145,79,61,35,1405
2026-09-15T20:59:41.766774+00:00,2440,1402252,128x,200ms,25,64,0,64,636,488,1229,436,145,79,62,35,1404
2026-09-15T20:59:42.287182+00:00,2441,1402773,128x,200ms,25,64,1,64,636,488,1229,436,145,79,62,35,1403
2026-09-15T20:59:42.807288+00:00,2442,1403293,128x,200ms,25,64,1,64,636,488,1229,436,145,79,62,35,1404
2026-09-15T20:59:43.326732+00:00,2443,1403813,128x,200ms,25,64,1,64,636,488,1228,436,145,79,61,35,1404
2026-09-15T20:59:43.846264+00:00,2444,1404334,128x,200ms,25,64,1,64,636,488,1229,436,144,79,62,35,1404
2026-09-15T20:59:44.366487+00:00,2445,1404854,128x,200ms,25,64,1,64,636,488,1229,436,145,79,62,35,1405
2026-09-15T20:59:44.887201+00:00,2446,1405374,128x,200ms,25,64,1,64,636,488,1228,436,145,79,62,35,1403
2026-09-15T20:59:45.407189+00:00,2447,1405895,128x,200ms,25,64,0,64,636,488,1229,436,145,79,62,35,1404
2026-09-15T20:59:45.926549+00:00,2448,1406415,128x,200ms,25,64,0,64,636,488,1228,436,144,79,62,35,1404
2026-09-15T20:59:46.454446+00:00,2449,1406937,128x,200ms,25,64,0,64,636,488,1229,436,144,79,61,35,1404
2026-09-15T20:59:46.974845+00:00,2450,1407458,128x,200ms,25,64,0,64,636,488,1229,436,145,79,62,35,1405
2026-09-15T20:59:47.494968+00:00,2451,1407978,128x,200ms,25,64,0,64,636,488,1230,436,145,79,62,35,1404
2026-09-15T20:59:48.014938+00:00,2452,1408499,128x,200ms,25,64,0,64,636,488,1229,436,144,79,62,35,1404
2026-09-15T20:59:48.534339+00:00,2453,1409020,128x,200ms,25,64,1,64,636,488,1229,436,145,79,62,35,1404
2026-09-15T20:59:49.054783+00:00,2454,1409541,128x,200ms,25,64,1,64,636,488,1229,437,145,79,62,35,1404
2026-09-15T20:59:49.574588+00:00,2455,1410061,128x,200ms,25,64,1,64,636,488,1230,436,145,79,62,35,1404
2026-09-15T20:59:50.095675+00:00,2456,1410581,128x,200ms,25,64,1,64,636,488,1230,436,145,79,61,35,1404
2026-09-15T20:59:50.615896+00:00,2457,1411101,128x,200ms,25,64,1,64,636,488,1230,436,145,79,62,35,1404
2026-09-15T20:59:51.136097+00:00,2458,1411621,128x,200ms,25,64,1,64,636,488,1229,436,145,79,62,35,1404
2026-09-15T20:59:51.654895+00:00,2459,1412143,128x,200ms,25,64,0,64,636,488,1229,436,145,79,62,35,1404
2026-09-15T20:59:52.174379+00:00,2460,1412663,128x,200ms,25,64,0,64,636,488,1229,436,145,79,62,35,1404
2026-09-15T20:59:52.694788+00:00,2461,1413184,128x,200ms,25,64,0,64,636,488,1229,436,145,79,61,35,1404
2026-09-15T20:59:53.215336+00:00,2462,1413705,128x,200ms,25,64,0,64,636,488,1230,436,145,79,62,35,1404
2026-09-15T20:59:53.735018+00:00,2463,1414225,128x,200ms,25,64,0,64,636,488,1229,436,145,79,62,35,1404
2026-09-15T20:59:54.262358+00:00,2464,1414747,128x,200ms,25,64,0,64,637,488,1229,436,144,79,62,35,1404
2026-09-15T20:59:54.775984+00:00,2465,1415268,128x,200ms,25,64,1,64,636,488,1229,436,145,79,62,35,1404
2026-09-15T20:59:55.302364+00:00,2466,1415788,128x,200ms,25,64,1,64,636,488,1230,436,145,79,61,35,1404
2026-09-15T20:59:55.823201+00:00,2467,1416308,128x,200ms,25,64,1,64,636,488,1229,436,145,79,62,35,1403
2026-09-15T20:59:56.342841+00:00,2468,1416828,128x,200ms,25,64,1,64,636,488,1229,437,145,79,61,35,1404
2026-09-15T20:59:56.862359+00:00,2469,1417349,128x,200ms,25,64,1,64,636,488,1229,436,145,79,62,35,1404
2026-09-15T20:59:57.383223+00:00,2470,1417869,128x,200ms,25,64,1,64,636,488,1230,436,144,79,62,35,1404
2026-09-15T20:59:57.902428+00:00,2471,1418389,128x,200ms,25,64,0,64,637,489,1230,436,145,79,62,35,1404
2026-09-15T20:59:58.422944+00:00,2472,1418910,128x,200ms,25,64,0,64,637,488,1230,437,145,79,62,35,1404
2026-09-15T20:59:58.942865+00:00,2473,1419431,128x,200ms,25,64,0,64,636,488,1230,436,145,79,62,35,1404
2026-09-15T20:59:59.462384+00:00,2474,1419952,128x,200ms,25,64,0,64,636,488,1229,436,145,79,62,35,1404
2026-09-15T20:59:59.983212+00:00,2475,1420473,128x,200ms,25,64,0,64,636,488,1229,436,145,79,62,35,1405
2026-09-15T21:00:00.502822+00:00,2476,1420994,128x,200ms,25,64,0,64,636,488,1229,436,145,79,62,35,1405
2026-09-15T21:00:01.022651+00:00,2477,1421514,128x,200ms,25,64,1,64,636,488,1229,436,145,79,62,35,1404
2026-09-15T21:00:01.543346+00:00,2478,1422034,128x,200ms,25,64,1,64,636,488,1229,436,145,79,61,35,1404
2026-09-15T21:00:02.062941+00:00,2479,1422555,128x,200ms,25,64,1,64,636,488,1229,436,145,79,62,35,1404
2026-09-15T21:00:02.583077+00:00,2480,1423076,128x,200ms,25,64,1,64,636,488,1229,437,145,79,61,35,1404
2026-09-15T21:00:03.103051+00:00,2481,1423596,128x,200ms,25,64,1,64,636,488,1229,436,145,79,62,35,1404
2026-09-15T21:00:03.623184+00:00,2482,1424116,128x,200ms,25,64,1,64,636,488,1229,436,145,79,62,35,1405
2026-09-15T21:00:04.143024+00:00,2483,1424636,128x,200ms,25,64,0,64,636,488,1229,436,145,79,61,35,1404
2026-09-15T21:00:04.670894+00:00,2484,1425158,128x,200ms,25,64,0,64,636,488,1230,436,145,79,61,35,1403
2026-09-15T21:00:05.190340+00:00,2485,1425679,128x,200ms,25,64,0,64,636,488,1229,436,144,79,62,35,1404
2026-09-15T21:00:05.710947+00:00,2486,1426199,128x,200ms,25,64,0,64,636,488,1229,436,145,79,62,35,1404
2026-09-15T21:00:06.230264+00:00,2487,1426720,128x,200ms,25,64,0,64,636,488,1229,436,144,79,62,35,1403
2026-09-15T21:00:06.750773+00:00,2488,1427241,128x,200ms,25,64,0,64,636,488,1229,436,145,79,62,35,1404
2026-09-15T21:00:07.270565+00:00,2489,1427763,128x,200ms,25,64,1,64,636,488,1229,436,145,79,62,35,1403
2026-09-15T21:00:07.790433+00:00,2490,1428282,128x,200ms,25,64,1,64,636,488,1229,436,144,79,62,35,1404
2026-09-15T21:00:08.310810+00:00,2491,1428803,128x,200ms,25,64,1,64,636,488,1230,436,145,79,62,35,1404
2026-09-15T21:00:08.831820+00:00,2492,1429323,128x,200ms,25,64,1,64,636,488,1229,436,144,79,62,35,1404
2026-09-15T21:00:09.350274+00:00,2493,1429843,128x,200ms,25,64,1,64,636,488,1229,436,145,79,62,35,1405
2026-09-15T21:00:09.871120+00:00,2494,1430364,128x,200ms,25,64,1,64,636,488,1229,436,145,79,61,35,1404
2026-09-15T21:00:10.390607+00:00,2495,1430884,128x,200ms,25,64,0,64,636,488,1229,436,145,79,62,35,1404
2026-09-15T21:00:10.910240+00:00,2496,1431405,128x,200ms,25,64,0,64,636,488,1229,437,145,79,62,35,1404
2026-09-15T21:00:11.430333+00:00,2497,1431926,128x,200ms,25,64,0,64,636,488,1229,436,145,79,62,35,1404
2026-09-15T21:00:11.950322+00:00,2498,1432446,128x,200ms,25,64,0,64,636,488,1229,436,145,79,62,35,1405
2026-09-15T21:00:12.478460+00:00,2499,1432968,128x,200ms,25,64,0,64,636,488,1229,437,145,79,62,35,1404
2026-09-15T21:00:13.000007+00:00,2500,1433489,128x,200ms,25,64,0,64,636,488,1230,436,145,79,62,35,1404
2026-09-15T21:00:13.518314+00:00,2501,1434009,128x,200ms,25,64,1,64,636,488,1229,436,145,79,62,35,1405
2026-09-15T21:00:14.038972+00:00,2502,1434529,128x,200ms,25,64,1,64,636,488,1229,437,145,79,62,35,1404
2026-09-15T21:00:14.558318+00:00,2503,1435049,128x,200ms,25,64,1,64,636,488,1229,437,145,79,62,35,1404
2026-09-15T21:00:15.078448+00:00,2504,1435571,128x,200ms,25,64,1,64,636,488,1229,436,145,79,62,35,1405
2026-09-15T21:00:15.598346+00:00,2505,1436091,128x,200ms,25,64,1,64,636,488,1229,436,145,79,62,35,1404
2026-09-15T21:00:16.118194+00:00,2506,1436611,128x,200ms,25,64,1,64,636,488,1229,437,145,79,62,35,1405
2026-09-15T21:00:16.638417+00:00,2507,1437131,128x,200ms,25,64,0,64,636,488,1228,436,145,79,62,35,1405
2026-09-15T21:00:17.159005+00:00,2508,1437652,128x,200ms,25,64,0,64,636,488,1229,437,145,79,62,35,1404
2026-09-15T21:00:17.678787+00:00,2509,1438174,128x,200ms,25,64,0,64,636,488,1229,436,145,79,62,35,1404
2026-09-15T21:00:18.200195+00:00,2510,1438694,128x,200ms,25,64,0,64,636,488,1229,436,144,79,62,35,1405
2026-09-15T21:00:18.719450+00:00,2511,1439215,128x,200ms,25,64,0,64,636,488,1230,436,145,79,62,35,1404
2026-09-15T21:00:19.239202+00:00,2512,1439736,128x,200ms,25,64,0,64,636,488,1229,436,145,79,62,35,1404
2026-09-15T21:00:19.758272+00:00,2513,1440258,128x,200ms,25,64,1,64,636,488,1230,437,144,79,62,35,1404
2026-09-15T21:00:20.278910+00:00,2514,1440777,128x,200ms,25,64,1,64,636,488,1229,437,145,79,62,35,1404
2026-09-15T21:00:20.798421+00:00,2515,1441298,128x,200ms,25,64,1,64,636,488,1231,436,145,79,62,35,1404
2026-09-15T21:00:21.319316+00:00,2516,1441818,128x,200ms,25,64,1,64,636,488,1230,436,144,79,62,35,1404
2026-09-15T21:00:21.838995+00:00,2517,1442338,128x,200ms,25,64,1,64,636,488,1230,436,144,79,62,35,1404
2026-09-15T21:00:22.358241+00:00,2518,1442859,128x,200ms,25,64,1,64,636,488,1230,436,145,79,62,35,1404
2026-09-15T21:00:22.879159+00:00,2519,1443379,128x,200ms,25,64,0,64,636,488,1231,437,145,79,61,35,1404
2026-09-15T21:00:23.407312+00:00,2520,1443900,128x,200ms,25,64,0,64,636,488,1229,436,145,79,61,35,1404
2026-09-15T21:00:23.926473+00:00,2521,1444420,128x,200ms,25,64,0,64,636,488,1230,437,145,79,62,35,1404
2026-09-15T21:00:24.446893+00:00,2522,1444941,128x,200ms,25,64,0,64,636,488,1230,436,145,79,62,35,1404
2026-09-15T21:00:24.967254+00:00,2523,1445463,128x,200ms,25,64,0,64,636,488,1229,436,144,79,62,35,1404
2026-09-15T21:00:25.486970+00:00,2524,1445983,128x,200ms,25,64,0,64,636,488,1229,437,145,79,62,35,1405
2026-09-15T21:00:26.006312+00:00,2525,1446504,128x,200ms,25,64,1,64,636,488,1229,436,144,79,62,35,1404
2026-09-15T21:00:26.526997+00:00,2526,1447024,128x,200ms,25,64,1,64,636,488,1230,436,145,79,62,35,1404
2026-09-15T21:00:27.047061+00:00,2527,1447544,128x,200ms,25,64,1,64,636,488,1231,436,144,79,62,35,1404
2026-09-15T21:00:27.568189+00:00,2528,1448065,128x,200ms,25,64,1,64,636,488,1230,436,145,79,62,35,1404
2026-09-15T21:00:28.088002+00:00,2529,1448586,128x,200ms,25,64,1,64,636,488,1229,436,145,79,62,35,1404
2026-09-15T21:00:28.606407+00:00,2530,1449105,128x,200ms,25,64,1,64,636,488,1229,436,145,79,62,35,1404
2026-09-15T21:00:29.127075+00:00,2531,1449626,128x,200ms,25,64,0,64,636,488,1229,436,145,79,62,35,1404
2026-09-15T21:00:29.646287+00:00,2532,1450147,128x,200ms,25,64,0,64,636,488,1231,436,145,79,62,35,1405
2026-09-15T21:00:30.166282+00:00,2533,1450668,128x,200ms,25,64,0,64,636,488,1230,436,144,79,62,35,1404
2026-09-15T21:00:30.687365+00:00,2534,1451189,128x,200ms,25,64,0,64,636,488,1229,437,145,79,62,35,1404
2026-09-15T21:00:31.206781+00:00,2535,1451709,128x,200ms,25,64,0,64,636,488,1230,436,145,79,62,35,1404
2026-09-15T21:00:31.726408+00:00,2536,1452230,128x,200ms,25,64,0,64,636,488,1229,436,145,79,62,35,1404
2026-09-15T21:00:32.246753+00:00,2537,1452751,128x,200ms,25,64,1,64,636,488,1229,436,145,79,62,35,1404
2026-09-15T21:00:32.766285+00:00,2538,1453272,128x,200ms,25,64,1,64,636,488,1230,436,145,79,62,35,1405
2026-09-15T21:00:33.287543+00:00,2539,1453792,128x,200ms,25,64,1,64,636,488,1229,437,144,79,62,35,1404
2026-09-15T21:00:33.806856+00:00,2540,1454312,128x,200ms,25,64,1,64,636,488,1230,437,145,79,62,35,1405
2026-09-15T21:00:34.326494+00:00,2541,1454833,128x,200ms,25,64,1,64,636,488,1230,436,145,79,61,35,1405
2026-09-15T21:00:34.846875+00:00,2542,1455353,128x,200ms,25,64,1,64,636,488,1230,436,145,79,62,35,1404
2026-09-15T21:00:35.374610+00:00,2543,1455874,128x,200ms,25,64,0,64,636,488,1229,436,145,79,62,35,1404
2026-09-15T21:00:35.895038+00:00,2544,1456395,128x,200ms,25,64,0,64,636,488,1230,436,145,79,62,35,1405
2026-09-15T21:00:36.415105+00:00,2545,1456915,128x,200ms,25,64,0,64,636,488,1229,437,145,79,62,35,1404
2026-09-15T21:00:36.935765+00:00,2546,1457436,128x,200ms,25,64,0,64,636,488,1230,436,145,79,62,35,1404
2026-09-15T21:00:37.456116+00:00,2547,1457957,128x,200ms,25,64,0,64,636,488,1229,436,145,79,61,35,1404
2026-09-15T21:00:37.974635+00:00,2548,1458479,128x,200ms,25,64,0,64,636,488,1229,436,145,79,62,35,1404
2026-09-15T21:00:38.495040+00:00,2549,1458999,128x,200ms,25,64,1,64,636,488,1229,436,145,79,62,35,1405
2026-09-15T21:00:39.015284+00:00,2550,1459519,128x,200ms,25,64,1,64,636,488,1229,436,145,79,62,35,1404
2026-09-15T21:00:39.535620+00:00,2551,1460039,128x,200ms,25,64,1,64,636,488,1230,436,145,79,62,35,1404
2026-09-15T21:00:40.054259+00:00,2552,1460560,128x,200ms,25,64,1,64,636,488,1230,436,145,79,62,35,1405
2026-09-15T21:00:40.574963+00:00,2553,1461081,128x,200ms,25,64,1,64,636,488,1229,436,145,79,62,35,1404
2026-09-15T21:00:41.094392+00:00,2554,1461601,128x,200ms,25,64,1,64,636,488,1229,436,145,79,62,35,1405
2026-09-15T21:00:41.614253+00:00,2555,1462121,128x,200ms,25,64,0,64,636,488,1230,436,145,79,62,35,1405
2026-09-15T21:00:42.134245+00:00,2556,1462642,128x,200ms,25,64,0,64,636,488,1230,436,144,79,62,35,1404
2026-09-15T21:00:42.655316+00:00,2557,1463163,128x,200ms,25,64,0,64,636,488,1230,436,145,79,62,35,1405
2026-09-15T21:00:43.182247+00:00,2558,1463684,128x,200ms,25,64,0,64,636,488,1229,437,145,79,62,35,1405
2026-09-15T21:00:43.703874+00:00,2559,1464205,128x,200ms,25,64,0,64,636,488,1230,437,145,79,61,35,1405
2026-09-15T21:00:44.222418+00:00,2560,1464726,128x,200ms,25,64,0,64,636,488,1230,436,145,79,62,35,1405
2026-09-15T21:00:44.742785+00:00,2561,1465247,128x,200ms,25,64,1,64,636,488,1230,436,145,79,62,35,1405
2026-09-15T21:00:45.262487+00:00,2562,1465767,128x,200ms,25,64,1,64,636,488,1229,437,145,79,62,35,1405
2026-09-15T21:00:45.782986+00:00,2563,1466288,128x,200ms,25,64,1,64,637,488,1230,437,145,79,62,35,1405
2026-09-15T21:00:46.302700+00:00,2564,1466808,128x,200ms,25,64,1,64,636,488,1230,436,145,79,62,35,1404
2026-09-15T21:00:46.824037+00:00,2565,1467328,128x,200ms,25,64,1,64,636,488,1230,436,145,79,62,35,1404
2026-09-15T21:00:47.342915+00:00,2566,1467848,128x,200ms,25,64,1,64,636,488,1229,436,145,79,62,35,1404
2026-09-15T21:00:47.863233+00:00,2567,1468369,128x,200ms,25,64,0,64,636,488,1230,436,145,79,61,35,1404
2026-09-15T21:00:48.382782+00:00,2568,1468890,128x,200ms,25,64,0,64,636,488,1230,437,145,79,62,35,1405
2026-09-15T21:00:48.902236+00:00,2569,1469411,128x,200ms,25,64,0,64,636,488,1229,436,145,79,62,35,1404
2026-09-15T21:00:49.422388+00:00,2570,1469931,128x,200ms,25,64,0,64,636,488,1230,436,144,79,62,35,1404
2026-09-15T21:00:49.942772+00:00,2571,1470452,128x,200ms,25,64,0,64,636,488,1229,437,145,79,62,35,1405
2026-09-15T21:00:50.462868+00:00,2572,1470973,128x,200ms,25,64,0,64,636,488,1230,436,145,79,62,35,1405
2026-09-15T21:00:50.982282+00:00,2573,1471495,128x,200ms,25,64,1,64,636,488,1230,436,145,79,62,35,1404
2026-09-15T21:00:51.503245+00:00,2574,1472015,128x,200ms,25,64,1,64,636,489,1230,436,145,79,62,35,1404
2026-09-15T21:00:52.023009+00:00,2575,1472535,128x,200ms,25,64,1,64,636,488,1230,436,145,79,62,35,1404
2026-09-15T21:00:52.543245+00:00,2576,1473055,128x,200ms,25,64,1,64,636,488,1229,436,145,79,62,35,1405
2026-09-15T21:00:53.062968+00:00,2577,1473576,128x,200ms,25,64,1,64,636,488,1229,436,144,79,62,35,1405
2026-09-15T21:00:53.582263+00:00,2578,1474096,128x,200ms,25,64,1,64,636,488,1230,437,145,79,62,35,1404
2026-09-15T21:00:54.102257+00:00,2579,1474617,128x,200ms,25,64,0,64,636,488,1231,436,145,79,62,35,1405
2026-09-15T21:00:54.630990+00:00,2580,1475137,128x,200ms,25,64,0,64,636,488,1230,436,145,79,62,35,1404
2026-09-15T21:00:55.151104+00:00,2581,1475658,128x,200ms,25,64,0,64,636,488,1229,436,145,79,62,35,1405
2026-09-15T21:00:55.670517+00:00,2582,1476179,128x,200ms,25,64,0,64,636,488,1230,437,145,79,62,35,1404
2026-09-15T21:00:56.191195+00:00,2583,1476700,128x,200ms,25,64,0,64,637,488,1230,437,145,79,62,35,1404
2026-09-15T21:00:56.711014+00:00,2584,1477221,128x,200ms,25,64,0,64,636,488,1230,437,145,79,62,35,1405
2026-09-15T21:00:57.230210+00:00,2585,1477742,128x,200ms,25,64,1,64,636,488,1230,437,145,79,62,35,1405
2026-09-15T21:00:57.750454+00:00,2586,1478262,128x,200ms,25,64,1,64,636,488,1230,437,145,79,62,35,1404
2026-09-15T21:00:58.270239+00:00,2587,1478782,128x,200ms,25,64,1,64,636,488,1230,436,145,79,62,35,1405
2026-09-15T21:00:58.790208+00:00,2588,1479303,128x,200ms,25,64,1,64,636,488,1231,437,145,79,62,35,1405
2026-09-15T21:00:59.310283+00:00,2589,1479824,128x,200ms,25,64,1,64,636,488,1230,437,145,79,62,35,1405
2026-09-15T21:00:59.830214+00:00,2590,1480343,128x,200ms,25,64,1,64,636,488,1230,436,145,79,62,35,1404
2026-09-15T21:01:00.351005+00:00,2591,1480864,128x,200ms,25,64,0,64,636,488,1230,437,145,79,62,35,1405
2026-09-15T21:01:00.871043+00:00,2592,1481384,128x,200ms,25,64,0,64,636,488,1230,437,145,79,62,35,1405
2026-09-15T21:01:01.390520+00:00,2593,1481906,128x,200ms,25,64,0,64,636,488,1230,437,145,79,61,35,1405
2026-09-15T21:01:01.910199+00:00,2594,1482427,128x,200ms,25,64,0,64,636,488,1231,437,144,79,62,35,1405
2026-09-15T21:01:02.430200+00:00,2595,1482947,128x,200ms,25,64,0,64,636,488,1230,437,145,79,62,35,1405
2026-09-15T21:01:02.950302+00:00,2596,1483468,128x,200ms,25,64,0,64,636,488,1230,437,145,79,62,35,1405
2026-09-15T21:01:03.470368+00:00,2597,1483988,128x,200ms,25,64,1,64,637,488,1230,436,145,79,62,35,1405
2026-09-15T21:01:03.990233+00:00,2598,1484509,128x,200ms,25,64,1,64,636,488,1230,437,145,79,62,35,1405
2026-09-15T21:01:04.510505+00:00,2599,1485030,128x,200ms,25,64,1,64,636,488,1230,436,145,79,62,35,1405
2026-09-15T21:01:05.030756+00:00,2600,1485550,128x,200ms,25,64,1,64,636,488,1230,437,145,79,62,35,1405
2026-09-15T21:01:05.550138+00:00,2601,1486070,128x,200ms,25,64,1,64,636,488,1230,437,145,79,62,35,1405
2026-09-15T21:01:06.070434+00:00,2602,1486590,128x,200ms,25,64,1,64,636,488,1230,437,145,79,61,35,1405
2026-09-15T21:01:06.591304+00:00,2603,1487111,128x,200ms,25,64,0,64,636,488,1229,437,144,79,62,35,1405
2026-09-15T21:01:07.118707+00:00,2604,1487632,128x,200ms,25,64,0,64,636,488,1231,437,145,79,62,35,1405
2026-09-15T21:01:07.638197+00:00,2605,1488153,128x,200ms,25,64,0,64,636,488,1231,437,144,79,62,35,1405
2026-09-15T21:01:08.158186+00:00,2606,1488673,128x,200ms,25,64,0,64,636,489,1230,436,145,79,62,35,1404
2026-09-15T21:01:08.678320+00:00,2607,1489195,128x,200ms,25,64,0,64,636,488,1230,436,145,79,62,35,1405
2026-09-15T21:01:09.198129+00:00,2608,1489716,128x,200ms,25,64,0,64,636,488,1231,437,145,79,62,35,1405
2026-09-15T21:01:09.718277+00:00,2609,1490236,128x,200ms,25,64,1,64,636,488,1231,436,145,79,61,35,1405
2026-09-15T21:01:10.238751+00:00,2610,1490756,128x,200ms,25,64,1,64,636,488,1232,436,145,79,62,35,1405
2026-09-15T21:01:10.758936+00:00,2611,1491276,128x,200ms,25,64,1,64,636,488,1230,436,145,79,62,35,1405
2026-09-15T21:01:11.278983+00:00,2612,1491798,128x,200ms,25,64,1,64,636,488,1230,437,145,79,62,35,1405
2026-09-15T21:01:11.798694+00:00,2613,1492318,128x,200ms,25,64,1,64,636,488,1230,436,145,79,62,35,1404
2026-09-15T21:01:12.318589+00:00,2614,1492838,128x,200ms,25,64,1,64,636,488,1230,436,145,79,62,35,1405
2026-09-15T21:01:12.838737+00:00,2615,1493358,128x,200ms,25,64,0,64,636,488,1230,436,145,79,61,35,1405
2026-09-15T21:01:13.358814+00:00,2616,1493879,128x,200ms,25,64,0,64,636,488,1230,437,144,79,62,35,1405
2026-09-15T21:01:13.878251+00:00,2617,1494401,128x,200ms,25,64,0,64,636,488,1230,437,145,79,62,35,1405
2026-09-15T21:01:14.398260+00:00,2618,1494921,128x,200ms,25,64,0,64,636,488,1230,436,145,79,62,35,1405
2026-09-15T21:01:14.918760+00:00,2619,1495442,128x,200ms,25,64,0,64,637,488,1229,437,145,79,62,35,1405
2026-09-15T21:01:15.438721+00:00,2620,1495962,128x,200ms,25,64,0,64,636,488,1230,437,145,79,62,35,1405
2026-09-15T21:01:15.958701+00:00,2621,1496483,128x,200ms,25,64,1,64,636,488,1230,437,145,79,62,35,1405
2026-09-15T21:01:16.478701+00:00,2622,1497004,128x,200ms,25,64,1,64,636,488,1230,436,145,79,62,35,1405
2026-09-15T21:01:16.998500+00:00,2623,1497525,128x,200ms,25,64,1,64,636,488,1230,436,145,79,62,35,1405
2026-09-15T21:01:17.518762+00:00,2624,1498045,128x,200ms,25,64,1,64,636,488,1230,436,145,79,62,35,1405
2026-09-15T21:01:18.038966+00:00,2625,1498565,128x,200ms,25,64,1,64,636,489,1229,436,145,79,62,35,1405
2026-09-15T21:01:18.566074+00:00,2626,1499085,128x,200ms,25,64,1,64,636,488,1230,436,145,79,62,35,1405
2026-09-15T21:01:19.086550+00:00,2627,1499606,128x,200ms,25,64,0,64,636,488,1230,437,145,79,62,35,1405
2026-09-15T21:01:19.606640+00:00,2628,1500127,128x,200ms,25,64,0,64,636,488,1230,436,145,79,62,35,1404
2026-09-15T21:01:20.126117+00:00,2629,1500648,128x,200ms,25,64,0,64,636,488,1230,437,145,79,62,35,1405
2026-09-15T21:01:20.646882+00:00,2630,1501168,128x,200ms,25,64,0,64,636,489,1230,437,145,79,62,35,1405
2026-09-15T21:01:21.166485+00:00,2631,1501689,128x,200ms,25,64,0,64,636,488,1230,436,145,79,62,35,1405
2026-09-15T21:01:21.686057+00:00,2632,1502211,128x,200ms,25,64,0,64,636,488,1230,436,145,79,62,35,1405
2026-09-15T21:01:22.206937+00:00,2633,1502732,128x,200ms,25,64,1,64,636,488,1230,437,145,79,62,35,1405
2026-09-15T21:01:22.726403+00:00,2634,1503252,128x,200ms,25,64,1,64,637,488,1230,437,145,79,62,35,1405
2026-09-15T21:01:23.246144+00:00,2635,1503772,128x,200ms,25,64,1,64,636,489,1229,436,145,79,62,35,1405
2026-09-15T21:01:23.766736+00:00,2636,1504292,128x,200ms,25,64,1,64,636,488,1230,437,145,79,62,35,1405
2026-09-15T21:01:24.286859+00:00,2637,1504814,128x,200ms,25,64,1,64,636,488,1230,437,145,79,62,35,1404
2026-09-15T21:01:24.806901+00:00,2638,1505333,128x,200ms,25,64,1,64,636,488,1231,436,145,79,62,35,1405
2026-09-15T21:01:25.326526+00:00,2639,1505854,128x,200ms,25,64,0,64,637,488,1231,437,145,79,62,35,1405
2026-09-15T21:01:25.846852+00:00,2640,1506374,128x,200ms,25,64,0,64,636,489,1230,436,145,79,62,35,1404
2026-09-15T21:01:26.374514+00:00,2641,1506895,128x,200ms,25,64,0,64,636,488,1230,436,145,79,62,35,1405
2026-09-15T21:01:26.894940+00:00,2642,1507416,128x,200ms,25,64,0,64,636,489,1230,437,144,79,61,35,1405
2026-09-15T21:01:27.414595+00:00,2643,1507937,128x,200ms,25,64,0,64,636,488,1230,436,145,79,62,35,1405
2026-09-15T21:01:27.934625+00:00,2644,1508458,128x,200ms,25,64,0,64,637,488,1230,436,145,79,62,35,1404
2026-09-15T21:01:28.454016+00:00,2645,1508979,128x,200ms,25,64,1,64,636,489,1232,436,145,79,61,35,1404
2026-09-15T21:01:28.974386+00:00,2646,1509499,128x,200ms,25,64,1,64,636,488,1231,437,144,79,62,35,1405
2026-09-15T21:01:29.494304+00:00,2647,1510020,128x,200ms,25,64,1,64,636,488,1231,437,145,79,62,35,1404
2026-09-15T21:01:30.014480+00:00,2648,1510540,128x,200ms,25,64,1,64,636,488,1231,436,145,79,62,35,1405
2026-09-15T21:01:30.534288+00:00,2649,1511060,128x,200ms,25,64,1,64,636,488,1230,436,145,79,62,35,1405
2026-09-15T21:01:31.054646+00:00,2650,1511580,128x,200ms,25,64,1,64,636,488,1230,437,145,79,62,35,1406
2026-09-15T21:01:31.574082+00:00,2651,1512101,128x,200ms,25,64,0,64,636,489,1231,437,145,79,62,35,1404
2026-09-15T21:01:32.094840+00:00,2652,1512622,128x,200ms,25,64,0,64,636,488,1230,437,145,79,62,36,1406
2026-09-15T21:01:32.614131+00:00,2653,1513143,128x,200ms,25,64,0,64,636,488,1231,437,145,79,62,35,1405
2026-09-15T21:01:33.134030+00:00,2654,1513663,128x,200ms,25,64,0,64,636,488,1231,437,145,79,62,35,1404
2026-09-15T21:01:33.654883+00:00,2655,1514183,128x,200ms,25,64,0,64,636,488,1230,437,145,79,62,35,1405
2026-09-15T21:01:34.174896+00:00,2656,1514704,128x,200ms,25,64,0,64,636,488,1231,437,145,79,62,35,1406
2026-09-15T21:01:34.694861+00:00,2657,1515226,128x,200ms,25,64,1,64,636,489,1232,436,145,79,62,35,1405
2026-09-15T21:01:35.214475+00:00,2658,1515746,128x,200ms,25,64,1,64,637,489,1230,437,145,79,62,35,1405
2026-09-15T21:01:35.742329+00:00,2659,1516266,128x,200ms,25,64,1,64,636,489,1231,436,145,79,62,35,1405
2026-09-15T21:01:36.262763+00:00,2660,1516786,128x,200ms,25,64,1,64,637,488,1231,436,145,79,62,35,1405
2026-09-15T21:01:36.782336+00:00,2661,1517306,128x,200ms,25,64,1,64,636,488,1231,436,145,79,62,35,1405
2026-09-15T21:01:37.302807+00:00,2662,1517827,128x,200ms,25,64,1,64,636,488,1231,437,145,79,62,35,1405
2026-09-15T21:01:37.822066+00:00,2663,1518348,128x,200ms,25,64,0,64,636,488,1230,437,145,79,62,35,1405
2026-09-15T21:01:38.342493+00:00,2664,1518868,128x,200ms,25,64,0,64,636,488,1230,437,145,79,62,35,1405
2026-09-15T21:01:38.862170+00:00,2665,1519389,128x,200ms,25,64,0,64,637,488,1231,437,145,79,62,35,1405
2026-09-15T21:01:39.382668+00:00,2666,1519909,128x,200ms,25,64,0,64,637,488,1230,437,145,79,62,35,1405
2026-09-15T21:01:39.902673+00:00,2667,1520431,128x,200ms,25,64,0,64,636,488,1230,437,145,79,62,35,1406
2026-09-15T21:01:40.422093+00:00,2668,1520952,128x,200ms,25,64,0,64,636,488,1231,437,145,79,62,35,1405
2026-09-15T21:01:40.942253+00:00,2669,1521472,128x,200ms,25,64,1,64,636,489,1231,436,145,79,62,35,1405
2026-09-15T21:01:41.462689+00:00,2670,1521992,128x,200ms,25,64,1,64,636,488,1230,436,145,79,62,35,1405
2026-09-15T21:01:41.982873+00:00,2671,1522512,128x,200ms,25,64,1,64,636,488,1231,436,145,79,62,35,1405
2026-09-15T21:01:42.502843+00:00,2672,1523034,128x,200ms,25,64,1,64,636,489,1230,437,145,79,62,35,1405
2026-09-15T21:01:43.022563+00:00,2673,1523554,128x,200ms,25,64,1,64,636,488,1230,437,145,79,62,35,1405
2026-09-15T21:01:43.542056+00:00,2674,1524074,128x,200ms,25,64,1,64,637,488,1230,436,145,79,62,35,1405
2026-09-15T21:01:44.062633+00:00,2675,1524594,128x,200ms,25,64,0,64,636,489,1230,436,145,79,62,35,1405
2026-09-15T21:01:44.590208+00:00,2676,1525115,128x,200ms,25,64,0,64,637,489,1231,437,145,79,62,35,1405
2026-09-15T21:01:45.110854+00:00,2677,1525636,128x,200ms,25,64,0,64,636,488,1230,437,145,79,62,35,1405
2026-09-15T21:01:45.622874+00:00,2678,1526157,128x,200ms,25,64,0,64,636,488,1231,437,144,79,62,35,1405
2026-09-15T21:01:46.150906+00:00,2679,1526677,128x,200ms,25,64,0,64,636,489,1230,437,145,79,62,35,1405
2026-09-15T21:01:46.670128+00:00,2680,1527198,128x,200ms,25,64,0,64,637,489,1231,437,145,79,62,35,1405
2026-09-15T21:01:47.190793+00:00,2681,1527718,128x,200ms,25,64,1,64,636,488,1231,436,145,79,61,35,1405
2026-09-15T21:01:47.710563+00:00,2682,1528239,128x,200ms,25,64,1,64,636,489,1230,436,144,79,62,35,1405
2026-09-15T21:01:48.230584+00:00,2683,1528760,128x,200ms,25,64,1,64,636,488,1231,436,145,79,62,35,1405
2026-09-15T21:01:48.750168+00:00,2684,1529280,128x,200ms,25,64,1,64,636,489,1230,437,145,79,61,35,1405
2026-09-15T21:01:49.270287+00:00,2685,1529800,128x,200ms,25,64,1,64,636,488,1230,437,145,79,62,35,1405
2026-09-15T21:01:49.790526+00:00,2686,1530320,128x,200ms,25,64,1,64,636,488,1230,437,145,79,62,35,1405
2026-09-15T21:01:50.310890+00:00,2687,1530841,128x,200ms,25,64,0,64,636,488,1231,437,145,79,62,35,1405
2026-09-15T21:01:50.831014+00:00,2688,1531362,128x,200ms,25,64,0,64,636,488,1231,436,144,79,62,35,1405
2026-09-15T21:01:51.351638+00:00,2689,1531883,128x,200ms,25,64,0,64,636,488,1231,437,145,79,62,35,1404
2026-09-15T21:01:51.870082+00:00,2690,1532403,128x,200ms,25,64,0,64,636,488,1231,437,145,79,62,35,1405
2026-09-15T21:01:52.390664+00:00,2691,1532923,128x,200ms,25,64,0,64,636,488,1230,437,144,79,62,35,1405
2026-09-15T21:01:52.910442+00:00,2692,1533445,128x,200ms,25,64,0,64,637,489,1232,437,145,79,62,35,1405
2026-09-15T21:01:53.430706+00:00,2693,1533965,128x,200ms,25,64,1,64,637,488,1231,437,144,79,62,35,1405
2026-09-15T21:01:53.949981+00:00,2694,1534485,128x,200ms,25,64,1,64,636,488,1231,436,145,79,62,35,1405
2026-09-15T21:01:54.470659+00:00,2695,1535006,128x,200ms,25,64,1,64,636,489,1230,437,145,79,62,35,1405
2026-09-15T21:01:54.990001+00:00,2696,1535526,128x,200ms,25,64,1,64,636,488,1230,437,145,79,62,35,1406
2026-09-15T21:01:55.510183+00:00,2697,1536047,128x,200ms,25,64,1,64,636,488,1230,437,145,79,62,35,1406
2026-09-15T21:01:56.030350+00:00,2698,1536567,128x,200ms,25,64,1,64,636,488,1230,436,145,79,62,35,1405
2026-09-15T21:01:56.551827+00:00,2699,1537087,128x,200ms,25,64,0,64,636,488,1230,437,144,79,62,35,1405
2026-09-15T21:01:57.070234+00:00,2700,1537608,128x,200ms,25,64,0,64,636,489,1231,436,145,79,62,35,1405
2026-09-15T21:01:57.591019+00:00,2701,1538129,128x,200ms,25,64,0,64,636,488,1231,437,145,79,62,35,1405
2026-09-15T21:01:58.118534+00:00,2702,1538650,128x,200ms,25,64,0,64,636,488,1231,436,145,79,62,35,1405
2026-09-15T21:01:58.630913+00:00,2703,1539171,128x,200ms,25,64,0,64,636,488,1232,437,145,79,62,35,1405
2026-09-15T21:01:59.159426+00:00,2704,1539691,128x,200ms,25,64,0,64,636,488,1232,437,145,79,62,35,1405
2026-09-15T21:01:59.678428+00:00,2705,1540212,128x,200ms,25,64,1,64,636,489,1230,437,145,79,62,35,1405
2026-09-15T21:02:00.190363+00:00,2706,1540732,128x,200ms,25,64,1,64,637,488,1231,437,145,79,62,35,1406
2026-09-15T21:02:00.710365+00:00,2707,1541253,128x,200ms,25,64,1,64,636,489,1231,437,145,79,62,35,1405
2026-09-15T21:02:01.230462+00:00,2708,1541773,128x,200ms,25,64,1,64,636,489,1232,437,145,79,62,35,1406
2026-09-15T21:02:01.758943+00:00,2709,1542294,128x,200ms,25,64,1,64,636,489,1231,437,145,79,62,35,1406
2026-09-15T21:02:02.279921+00:00,2710,1542814,128x,200ms,25,64,1,64,636,488,1231,437,145,79,62,35,1405
2026-09-15T21:02:02.799138+00:00,2711,1543334,128x,200ms,25,64,0,64,636,488,1230,437,145,79,62,35,1405
2026-09-15T21:02:03.318779+00:00,2712,1543856,128x,200ms,25,64,0,64,636,488,1231,437,145,79,62,35,1406
2026-09-15T21:02:03.838535+00:00,2713,1544376,128x,200ms,25,64,0,64,636,488,1231,437,145,79,62,35,1405
2026-09-15T21:02:04.358162+00:00,2714,1544896,128x,200ms,25,64,0,64,636,488,1232,437,145,79,62,35,1405
2026-09-15T21:02:04.878625+00:00,2715,1545417,128x,200ms,25,64,0,64,637,488,1232,437,145,79,62,35,1405
2026-09-15T21:02:05.396958+00:00,2716,1545938,128x,200ms,25,64,0,64,637,489,1231,437,145,79,62,35,1406
2026-09-15T21:02:05.918117+00:00,2717,1546459,128x,200ms,25,64,1,64,636,488,1230,437,145,79,61,35,1405
2026-09-15T21:02:06.438947+00:00,2718,1546979,128x,200ms,25,64,1,64,636,488,1231,437,145,79,62,35,1406
2026-09-15T21:02:06.958827+00:00,2719,1547499,128x,200ms,25,64,1,64,636,488,1230,437,145,79,62,35,1406
2026-09-15T21:02:07.479122+00:00,2720,1548019,128x,200ms,25,64,1,64,636,488,1232,437,145,79,62,35,1406
2026-09-15T21:02:07.998653+00:00,2721,1548540,128x,200ms,25,64,1,64,636,489,1231,437,145,79,62,35,1406
2026-09-15T21:02:08.518859+00:00,2722,1549061,128x,200ms,25,64,1,64,637,488,1231,437,145,79,62,35,1406
2026-09-15T21:02:09.038731+00:00,2723,1549581,128x,200ms,25,64,0,64,636,488,1232,437,145,79,62,35,1406
2026-09-15T21:02:09.558991+00:00,2724,1550102,128x,200ms,25,64,0,64,636,489,1231,437,145,79,62,35,1405
2026-09-15T21:02:10.078969+00:00,2725,1550622,128x,200ms,25,64,0,64,636,488,1230,437,145,79,62,35,1406
2026-09-15T21:02:10.599141+00:00,2726,1551142,128x,200ms,25,64,0,64,636,488,1231,437,145,79,62,35,1405
2026-09-15T21:02:11.118695+00:00,2727,1551664,128x,200ms,25,64,0,64,636,489,1231,437,145,79,62,35,1405
2026-09-15T21:02:11.639151+00:00,2728,1552184,128x,200ms,25,64,0,64,636,489,1232,437,145,79,62,35,1405
2026-09-15T21:02:12.159097+00:00,2729,1552705,128x,200ms,25,64,1,64,636,489,1230,436,145,79,62,35,1406
2026-09-15T21:02:12.678802+00:00,2730,1553225,128x,200ms,25,64,1,64,636,489,1231,437,145,79,62,35,1405
2026-09-15T21:02:13.206080+00:00,2731,1553745,128x,200ms,25,64,1,64,636,488,1231,437,145,79,62,35,1405
2026-09-15T21:02:13.726086+00:00,2732,1554267,128x,200ms,25,64,1,64,636,489,1230,437,145,79,62,35,1405
2026-09-15T21:02:14.246078+00:00,2733,1554787,128x,200ms,25,64,1,64,636,488,1232,436,145,79,62,35,1405
2026-09-15T21:02:14.767811+00:00,2734,1555307,128x,200ms,25,64,1,64,636,488,1231,437,145,79,62,35,1405
2026-09-15T21:02:15.286086+00:00,2735,1555827,128x,200ms,25,64,0,64,636,488,1232,436,144,79,62,35,1405
2026-09-15T21:02:15.805961+00:00,2736,1556348,128x,200ms,25,64,0,64,636,489,1230,437,144,79,62,35,1405
2026-09-15T21:02:16.327233+00:00,2737,1556870,128x,200ms,25,64,0,64,636,489,1231,437,145,79,62,35,1406
2026-09-15T21:02:16.846530+00:00,2738,1557390,128x,200ms,25,64,0,64,636,489,1231,437,145,79,61,35,1405
2026-09-15T21:02:17.367553+00:00,2739,1557911,128x,200ms,25,64,0,64,636,489,1231,437,145,79,62,35,1405
2026-09-15T21:02:17.886918+00:00,2740,1558431,128x,200ms,25,64,0,64,636,489,1231,437,145,79,62,35,1405
2026-09-15T21:02:18.407680+00:00,2741,1558951,128x,200ms,25,64,1,64,636,489,1231,437,145,79,62,35,1406
2026-09-15T21:02:18.927011+00:00,2742,1559472,128x,200ms,25,64,1,64,636,488,1232,437,145,79,62,35,1406
2026-09-15T21:02:19.446348+00:00,2743,1559993,128x,200ms,25,64,1,64,636,489,1232,437,145,79,62,35,1405
2026-09-15T21:02:19.966409+00:00,2744,1560513,128x,200ms,25,64,1,64,636,489,1231,437,144,79,62,35,1405
2026-09-15T21:02:20.486751+00:00,2745,1561033,128x,200ms,25,64,1,64,637,489,1231,437,145,79,62,35,1405
2026-09-15T21:02:21.006760+00:00,2746,1561553,128x,200ms,25,64,1,64,636,489,1230,437,145,79,62,35,1405
2026-09-15T21:02:21.534787+00:00,2747,1562074,128x,200ms,25,64,0,64,636,489,1231,437,145,79,62,35,1405
2026-09-15T21:02:22.054075+00:00,2748,1562595,128x,200ms,25,64,0,64,636,489,1231,437,145,79,61,35,1405
2026-09-15T21:02:22.574197+00:00,2749,1563115,128x,200ms,25,64,0,64,636,488,1230,436,145,79,62,35,1405
2026-09-15T21:02:23.094205+00:00,2750,1563636,128x,200ms,25,64,0,64,636,489,1231,437,145,79,62,35,1405
2026-09-15T21:02:23.614078+00:00,2751,1564156,128x,200ms,25,64,0,64,636,489,1231,436,145,79,61,35,1405
2026-09-15T21:02:24.135425+00:00,2752,1564678,128x,200ms,25,64,0,64,636,488,1231,437,145,79,62,35,1405
2026-09-15T21:02:24.654911+00:00,2753,1565198,128x,200ms,25,64,1,64,636,489,1231,437,145,79,62,35,1405
2026-09-15T21:02:25.174642+00:00,2754,1565718,128x,200ms,25,64,1,64,636,489,1230,437,145,79,62,35,1405
2026-09-15T21:02:25.694447+00:00,2755,1566239,128x,200ms,25,64,1,64,636,488,1231,437,145,79,62,35,1406
2026-09-15T21:02:26.214477+00:00,2756,1566759,128x,200ms,25,64,1,64,636,488,1230,437,145,79,62,35,1405
2026-09-15T21:02:26.734485+00:00,2757,1567280,128x,200ms,25,64,1,64,636,488,1231,437,145,79,62,35,1405
2026-09-15T21:02:27.255653+00:00,2758,1567800,128x,200ms,25,64,1,64,637,489,1232,437,144,79,62,35,1405
2026-09-15T21:02:27.776130+00:00,2759,1568321,128x,200ms,25,64,0,64,636,489,1232,437,145,79,62,35,1405
2026-09-15T21:02:28.295967+00:00,2760,1568841,128x,200ms,25,64,0,64,636,488,1231,436,145,79,62,35,1405
2026-09-15T21:02:28.814077+00:00,2761,1569362,128x,200ms,25,64,0,64,636,489,1231,437,145,79,62,35,1406
2026-09-15T21:02:29.335088+00:00,2762,1569883,128x,200ms,25,64,0,64,636,488,1232,436,145,79,62,35,1405
2026-09-15T21:02:29.854827+00:00,2763,1570404,128x,200ms,25,64,0,64,636,489,1231,437,145,79,62,35,1405
2026-09-15T21:02:30.374113+00:00,2764,1570924,128x,200ms,25,64,0,64,636,488,1230,437,145,79,61,35,1406
2026-09-15T21:02:30.894065+00:00,2765,1571445,128x,200ms,25,64,1,64,636,489,1232,437,144,79,62,35,1405
2026-09-15T21:02:31.414808+00:00,2766,1571965,128x,200ms,25,64,1,64,636,488,1230,437,145,79,62,35,1405
2026-09-15T21:02:31.934087+00:00,2767,1572486,128x,200ms,25,64,1,64,636,489,1231,437,145,79,62,35,1405
2026-09-15T21:02:32.454062+00:00,2768,1573006,128x,200ms,25,64,1,64,636,489,1232,436,145,79,62,35,1405
2026-09-15T21:02:32.974630+00:00,2769,1573527,128x,200ms,25,64,1,64,636,489,1232,436,145,79,61,35,1406
2026-09-15T21:02:33.494115+00:00,2770,1574047,128x,200ms,25,64,1,64,637,489,1232,437,145,79,62,35,1406
2026-09-15T21:02:34.014456+00:00,2771,1574567,128x,200ms,25,64,0,64,636,489,1231,436,145,79,62,35,1404
2026-09-15T21:02:34.535402+00:00,2772,1575088,128x,200ms,25,64,0,64,636,489,1231,437,145,79,62,35,1405
2026-09-15T21:02:35.062044+00:00,2773,1575609,128x,200ms,25,64,0,64,636,489,1231,437,145,79,62,35,1405
2026-09-15T21:02:35.582545+00:00,2774,1576129,128x,200ms,25,64,0,64,636,488,1231,437,145,79,62,35,1406
2026-09-15T21:02:36.102602+00:00,2775,1576650,128x,200ms,25,64,0,64,636,489,1231,436,145,79,62,35,1404
2026-09-15T21:02:36.622761+00:00,2776,1577170,128x,200ms,25,64,0,64,636,489,1231,437,145,79,62,35,1405
2026-09-15T21:02:37.142339+00:00,2777,1577692,128x,200ms,25,64,1,64,636,489,1231,439,146,80,62,35,1416
2026-09-15T21:02:37.663020+00:00,2778,1578212,128x,200ms,25,64,1,65,649,495,1241,313,106,61,45,25,954
2026-09-15T21:02:37.702068+00:00,2779,1578732,128x,200ms,25,64,1,50,141,148,208,926,777,1064,312,438,3059
2026-09-15T21:02:38.703078+00:00,2780,1579253,128x,200ms,25,64,1,151,447,495,568,1103,1081,1261,389,400,2975
2026-09-15T21:02:39.223059+00:00,2781,1579777,128x,200ms,25,64,1,89,281,302,338,922,766,763,350,440,2383
2026-09-15T21:02:39.745791+00:00,2782,1580299,128x,200ms,25,64,1,110,356,350,418,705,590,624,269,334,2064
2026-09-15T21:02:40.270093+00:00,2783,1580821,128x,200ms,25,64,0,54,113,164,152,384,282,315,130,321,1418
2026-09-15T21:02:40.790587+00:00,2784,1581341,128x,200ms,25,64,0,67,181,220,229,776,752,674,312,321,2248
2026-09-15T21:02:41.310413+00:00,2785,1581862,128x,200ms,25,64,0,59,184,198,223,603,687,1004,327,258,2165
2026-09-15T21:02:41.350643+00:00,2786,1582383,128x,200ms,25,64,0,137,436,523,462,1078,876,1064,412,568,2932
2026-09-15T21:02:42.358227+00:00,2787,1582905,128x,200ms,25,64,0,149,453,492,553,1854,1954,1712,708,627,5741
2026-09-15T21:02:42.878912+00:00,2788,1583427,128x,200ms,25,64,0,97,319,328,374,912,805,839,370,242,1597
2026-09-15T21:02:43.398433+00:00,2789,1583947,128x,200ms,25,64,1,98,298,325,340,915,846,762,376,318,1834
2026-09-15T21:02:43.918715+00:00,2790,1584468,128x,200ms,25,64,1,11,20,26,40,613,561,563,247,189,1277
2026-09-15T21:02:44.438307+00:00,2791,1584990,128x,200ms,25,64,1,91,290,333,371,561,417,453,178,157,1118
2026-09-15T21:02:44.958084+00:00,2792,1585511,128x,200ms,25,64,1,49,132,171,276,589,386,369,156,122,1012
2026-09-15T21:02:45.478525+00:00,2793,1586033,128x,200ms,25,64,1,46,122,158,259,503,330,290,125,95,887
2026-09-15T21:02:45.998649+00:00,2794,1586554,128x,200ms,25,64,1,40,107,137,240,505,334,295,127,94,876
2026-09-15T21:02:46.518661+00:00,2795,1587075,128x,200ms,25,64,0,46,123,157,267,468,310,287,115,112,1016
2026-09-15T21:02:47.038801+00:00,2796,1587595,128x,200ms,25,64,0,43,127,158,238,398,323,315,138,141,988
2026-09-15T21:02:47.558181+00:00,2797,1588116,128x,200ms,25,64,0,34,96,122,206,271,185,168,71,88,757
2026-09-15T21:02:48.078263+00:00,2798,1588635,128x,200ms,25,64,0,26,67,85,208,417,248,241,99,91,834
2026-09-15T21:02:48.598790+00:00,2799,1589154,128x,200ms,25,64,0,37,101,128,250,453,330,292,131,101,891
2026-09-15T21:02:49.117975+00:00,2800,1589676,128x,200ms,25,64,0,39,118,152,203,406,312,303,135,94,750
2026-09-15T21:02:49.638543+00:00,2801,1590196,128x,200ms,25,64,1,21,64,82,113,309,245,242,110,73,563
2026-09-15T21:02:50.158414+00:00,2802,1590716,128x,200ms,25,64,1,28,88,110,138,337,270,268,120,80,621
2026-09-15T21:02:50.680295+00:00,2803,1591237,128x,200ms,25,64,1,52,171,214,239,298,246,252,117,82,608
2026-09-15T21:02:51.206225+00:00,2804,1591758,128x,200ms,25,64,1,18,49,69,101,183,149,158,80,57,392
2026-09-15T21:02:51.726579+00:00,2805,1592279,128x,200ms,25,64,1,18,49,68,100,796,668,617,254,172,1553
2026-09-15T21:02:52.246457+00:00,2806,1592800,128x,200ms,25,64,1,123,405,506,531,1187,992,910,369,257,2315
2026-09-15T21:02:52.767358+00:00,2807,1593322,128x,200ms,25,64,0,106,347,435,465,1046,871,808,336,244,2066
2026-09-15T21:02:53.286780+00:00,2808,1593843,128x,200ms,25,64,0,118,391,490,517,1211,999,930,381,271,2373
2026-09-15T21:02:53.806614+00:00,2809,1594364,128x,200ms,25,64,0,124,411,515,541,1245,1027,954,389,272,2423
2026-09-15T21:02:54.327440+00:00,2810,1594886,128x,200ms,25,64,0,127,420,525,551,1136,942,874,356,251,2238
2026-09-15T21:02:54.846982+00:00,2811,1595408,128x,200ms,25,64,0,56,173,226,265,592,493,474,216,173,1261
2026-09-15T21:02:55.374491+00:00,2812,1595928,128x,200ms,25,64,0,55,170,220,261,595,497,474,215,171,1263
2026-09-15T21:02:55.894173+00:00,2813,1596449,128x,200ms,25,64,1,59,183,236,275,659,548,521,231,179,1379
2026-09-15T21:02:56.414880+00:00,2814,1596971,128x,200ms,25,64,1,60,187,241,279,651,542,515,229,178,1363
2026-09-15T21:02:56.934256+00:00,2815,1597493,128x,200ms,25,64,1,60,189,243,281,615,511,488,219,174,1303
2026-09-15T21:02:57.463091+00:00,2816,1598014,128x,200ms,25,64,1,59,184,238,276,637,529,503,224,176,1336
2026-09-15T21:02:57.982816+00:00,2817,1598535,128x,200ms,25,64,1,59,184,237,275,624,519,495,221,174,1314
2026-09-15T21:02:58.502890+00:00,2818,1599056,128x,200ms,25,64,1,58,182,235,273,618,513,490,219,173,1303
2026-09-15T21:02:59.022470+00:00,2819,1599579,128x,200ms,25,64,0,57,179,231,269,609,506,484,218,172,1289
2026-09-15T21:02:59.542010+00:00,2820,1600099,128x,200ms,25,64,0,56,175,227,266,599,497,477,216,171,1270
2026-09-15T21:03:00.062856+00:00,2821,1600620,128x,200ms,25,64,0,56,176,228,267,609,505,485,219,173,1291
2026-09-15T21:03:00.582130+00:00,2822,1601140,128x,200ms,25,64,0,56,177,229,268,596,495,476,216,173,1271
2026-09-15T21:03:01.102165+00:00,2823,1601661,128x,200ms,25,64,0,55,171,222,262,596,495,475,216,174,1270
2026-09-15T21:03:01.623421+00:00,2824,1602182,128x,200ms,25,64,0,55,173,224,263,608,504,486,220,175,1293
2026-09-15T21:03:02.142037+00:00,2825,1602703,128x,200ms,25,64,1,57,178,231,270,614,508,490,221,176,1304
2026-09-15T21:03:02.662311+00:00,2826,1603225,128x,200ms,25,64,1,57,178,230,270,613,508,489,221,176,1303
2026-09-15T21:03:03.190561+00:00,2827,1603746,128x,200ms,25,64,1,57,177,230,269,608,503,485,219,174,1291
2026-09-15T21:03:03.711007+00:00,2828,1604268,128x,200ms,25,64,1,56,175,228,267,604,501,482,218,174,1284
2026-09-15T21:03:04.230546+00:00,2829,1604790,128x,200ms,25,64,1,55,173,224,263,599,496,478,217,173,1274
2026-09-15T21:03:04.750027+00:00,2830,1605311,128x,200ms,25,64,1,55,172,223,263,569,475,456,209,168,1215
2026-09-15T21:03:05.271225+00:00,2831,1605832,128x,200ms,25,64,0,52,160,209,249,572,479,458,210,169,1219
2026-09-15T21:03:05.790159+00:00,2832,1606353,128x,200ms,25,64,0,68,216,275,312,840,700,652,276,203,1690
2026-09-15T21:03:06.318098+00:00,2833,1606875,128x,200ms,25,64,0,87,281,354,386,903,753,698,292,211,1798
2026-09-15T21:03:06.838964+00:00,2834,1607395,128x,200ms,25,64,0,88,286,360,393,910,759,704,294,213,1812
2026-09-15T21:03:07.358025+00:00,2835,1607916,128x,200ms,25,64,0,92,298,374,406,916,765,709,296,213,1822
2026-09-15T21:03:07.878241+00:00,2836,1608437,128x,200ms,25,64,0,91,296,372,404,920,767,711,297,214,1831
2026-09-15T21:03:08.398997+00:00,2837,1608957,128x,200ms,25,64,1,86,280,352,384,921,766,713,298,216,1837
2026-09-15T21:03:08.922159+00:00,2838,1609480,128x,200ms,25,64,1,93,303,381,412,955,798,738,307,219,1891
2026-09-15T21:03:09.438520+00:00,2839,1610001,128x,200ms,25,64,1,94,305,383,416,942,787,728,303,218,1870
2026-09-15T21:03:09.958377+00:00,2840,1610522,128x,200ms,25,64,1,95,307,386,418,956,799,739,307,220,1897
2026-09-15T21:03:10.486392+00:00,2841,1611044,128x,200ms,25,64,1,94,305,384,415,949,793,733,304,218,1884
2026-09-15T21:03:11.006621+00:00,2842,1611566,128x,200ms,25,64,1,94,306,384,416,950,793,733,304,218,1884
2026-09-15T21:03:11.526326+00:00,2843,1612088,128x,200ms,25,64,0,94,306,384,416,950,795,735,304,218,1887
2026-09-15T21:03:12.045955+00:00,2844,1612609,128x,200ms,25,64,0,94,305,383,415,953,796,734,305,219,1888
2026-09-15T21:03:12.566792+00:00,2845,1613129,128x,200ms,25,64,0,98,319,400,431,1024,858,789,322,226,2014
2026-09-15T21:03:13.086290+00:00,2846,1613650,128x,200ms,25,64,0,107,354,442,471,1088,910,836,340,237,2129
2026-09-15T21:03:13.607546+00:00,2847,1614173,128x,200ms,25,64,0,66,208,266,303,602,503,473,213,167,1235
2026-09-15T21:03:14.127062+00:00,2848,1614694,128x,200ms,25,64,0,52,160,207,247,811,674,630,269,201,1643
2026-09-15T21:03:14.654024+00:00,2849,1615214,128x,200ms,25,64,1,77,248,313,347,789,653,611,260,195,1595
2026-09-15T21:03:15.174838+00:00,2850,1615735,128x,200ms,25,64,1,76,246,310,344,784,650,608,259,194,1587
2026-09-15T21:03:15.694577+00:00,2851,1616258,128x,200ms,25,64,1,76,244,309,344,716,595,559,243,185,1466
2026-09-15T21:03:16.214017+00:00,2852,1616780,128x,200ms,25,64,1,88,285,357,387,864,719,663,278,200,1680
2026-09-15T21:03:16.734016+00:00,2853,1617302,128x,200ms,25,64,1,91,300,374,403,947,787,722,296,205,1823
2026-09-15T21:03:17.254148+00:00,2854,1617824,128x,200ms,25,64,1,34,102,133,172,429,310,285,116,108,910
2026-09-15T21:03:17.295462+00:00,2855,1618345,128x,200ms,25,64,0,32,94,114,133,722,650,650,281,265,1649
2026-09-15T21:03:17.814053+00:00,2856,1618865,128x,200ms,25,64,0,160,457,561,577,1457,1205,1295,499,518,3424
2026-09-15T21:03:18.822881+00:00,2857,1619387,128x,200ms,25,64,0,193,415,581,617,1461,1354,1404,554,625,4156
2026-09-15T21:03:19.342768+00:00,2858,1619908,128x,200ms,25,64,0,207,451,632,658,1705,1427,1554,590,546,4013
2026-09-15T21:03:19.862045+00:00,2859,1620429,128x,200ms,25,64,0,211,549,696,692,1057,868,1172,411,492,2763
2026-09-15T21:03:20.391390+00:00,2860,1620952,128x,200ms,25,64,0,117,326,388,498,934,760,1053,361,435,2289
2026-09-15T21:03:20.422700+00:00,2861,1621473,128x,200ms,25,64,1,137,449,484,549,1179,1029,980,423,412,2604
2026-09-15T21:03:21.431020+00:00,2862,1621996,128x,200ms,25,64,1,152,477,541,572,1300,1154,1049,467,478,3214
2026-09-15T21:03:21.951501+00:00,2863,1622518,128x,200ms,25,64,1,141,426,502,511,1166,1006,948,389,476,3345
2026-09-15T21:03:22.479035+00:00,2864,1623041,128x,200ms,25,64,1,127,361,446,450,1086,888,861,337,465,3219
2026-09-15T21:03:22.999034+00:00,2865,1623563,128x,200ms,25,64,1,129,401,459,474,1288,1137,1032,464,475,3206
2026-09-15T21:03:23.519582+00:00,2866,1624086,128x,200ms,25,64,1,168,469,575,618,1349,1216,1128,464,480,3365
2026-09-15T21:03:24.047028+00:00,2867,1624609,128x,200ms,25,64,0,146,416,509,521,1020,838,801,318,414,2876
2026-09-15T21:03:24.565998+00:00,2868,1625131,128x,200ms,25,64,0,108,301,368,366,900,793,713,286,362,2500
2026-09-15T21:03:25.086008+00:00,2869,1625652,128x,200ms,25,64,0,120,373,416,435,1099,976,886,375,434,2871
2026-09-15T21:03:25.606282+00:00,2870,1626174,128x,200ms,25,64,0,138,431,492,509,1228,1085,974,425,457,3011
2026-09-15T21:03:26.126664+00:00,2871,1626695,128x,200ms,25,64,0,142,445,506,527,1243,1099,984,432,457,2990
2026-09-15T21:03:26.654838+00:00,2872,1627217,128x,200ms,25,64,0,142,447,505,529,1235,1093,979,429,455,2970
2026-09-15T21:03:27.174800+00:00,2873,1627739,128x,200ms,25,64,1,141,451,501,530,1243,1100,987,433,455,2967
2026-09-15T21:03:27.694124+00:00,2874,1628262,128x,200ms,25,64,1,139,441,494,518,1204,1068,959,417,451,2956
2026-09-15T21:03:28.214739+00:00,2875,1628784,128x,200ms,25,64,1,138,434,491,513,1194,1061,954,413,449,2944
2026-09-15T21:03:28.742380+00:00,2876,1629306,128x,200ms,25,64,1,138,436,492,514,1199,1066,959,416,450,2945
2026-09-15T21:03:29.261887+00:00,2877,1629830,128x,200ms,25,64,1,138,436,492,514,1202,1068,961,417,450,2945
2026-09-15T21:03:29.782808+00:00,2878,1630352,128x,200ms,25,64,1,138,436,492,515,1201,1068,960,417,449,2944
2026-09-15T21:03:29.822334+00:00,2879,1630874,128x,200ms,25,64,0,141,442,504,527,1078,952,900,379,357,2721
2026-09-15T21:03:30.342067+00:00,2880,1631396,128x,200ms,25,64,0,142,423,505,553,1220,1130,1079,460,388,2643
2026-09-15T21:03:31.350377+00:00,2881,1631919,128x,200ms,25,64,0,163,387,472,494,1146,1028,1033,453,487,3712
2026-09-15T21:03:31.870265+00:00,2882,1632440,128x,200ms,25,64,0,137,371,444,468,1158,1027,1044,454,511,3428
2026-09-15T21:03:31.902222+00:00,2883,1632961,128x,200ms,25,64,0,161,380,456,483,1152,1014,1040,447,505,3128
2026-09-15T21:03:32.918737+00:00,2884,1633483,128x,200ms,25,64,0,155,373,449,473,1117,1002,1004,437,432,2976
2026-09-15T21:03:33.439264+00:00,2885,1634004,128x,200ms,25,64,1,157,369,443,466,1109,1006,992,437,414,3052
2026-09-15T21:03:33.958730+00:00,2886,1634527,128x,200ms,25,64,1,163,369,445,467,1112,1010,992,438,420,3189
2026-09-15T21:03:34.478667+00:00,2887,1635050,128x,200ms,25,64,1,164,369,445,467,1105,1004,984,434,411,2845
2026-09-15T21:03:35.006123+00:00,2888,1635572,128x,200ms,25,64,1,157,367,442,464,1101,1000,981,432,402,2646
2026-09-15T21:03:35.526845+00:00,2889,1636096,128x,200ms,25,64,1,144,366,440,461,1096,990,976,430,386,2404
2026-09-15T21:03:36.046504+00:00,2890,1636618,128x,200ms,25,64,1,138,364,438,460,1095,983,973,429,376,2307
2026-09-15T21:03:36.567941+00:00,2891,1637140,128x,200ms,25,64,0,132,363,435,457,1086,970,965,425,354,2201
2026-09-15T21:03:37.085995+00:00,2892,1637661,128x,200ms,25,64,0,130,361,431,453,1083,967,961,424,351,2185
2026-09-15T21:03:37.606676+00:00,2893,1638182,128x,200ms,25,64,0,136,363,435,458,1100,1006,975,432,398,2712
2026-09-15T21:03:38.134549+00:00,2894,1638705,128x,200ms,25,64,0,139,364,436,458,1092,992,966,428,382,2521
2026-09-15T21:03:38.655007+00:00,2895,1639227,128x,200ms,25,64,0,134,362,432,455,1091,975,963,427,355,2411
2026-09-15T21:03:39.181998+00:00,2896,1639748,128x,200ms,25,64,0,140,366,438,461,1100,998,970,431,389,3065
2026-09-15T21:03:39.702424+00:00,2897,1640269,128x,200ms,25,64,1,166,368,446,464,1105,1012,975,434,407,3236
2026-09-15T21:03:40.221972+00:00,2898,1640792,128x,200ms,25,64,1,159,367,444,464,1105,1000,975,433,389,3069
2026-09-15T21:03:40.742840+00:00,2899,1641315,128x,200ms,25,64,1,155,367,444,465,1110,1010,978,436,400,3204
2026-09-15T21:03:41.270129+00:00,2900,1641838,128x,200ms,25,64,1,164,370,449,467,1106,1014,975,434,407,3278
2026-09-15T21:03:41.790021+00:00,2901,1642360,128x,200ms,25,64,1,152,366,441,462,1100,996,971,431,385,2968
2026-09-15T21:03:42.312142+00:00,2902,1642883,128x,200ms,25,64,1,154,367,444,464,1110,1002,978,434,390,3037
2026-09-15T21:03:42.830892+00:00,2903,1643405,128x,200ms,25,64,0,151,369,446,467,1111,996,980,435,381,2910
2026-09-15T21:03:43.350871+00:00,2904,1643926,128x,200ms,25,64,0,141,369,444,466,1112,994,981,435,376,2747
2026-09-15T21:03:43.871717+00:00,2905,1644447,128x,200ms,25,64,0,139,371,448,471,1120,1002,987,438,386,2935
2026-09-15T21:03:44.390130+00:00,2906,1644968,128x,200ms,25,64,0,162,371,450,469,1113,999,982,435,386,2994
2026-09-15T21:03:44.911005+00:00,2907,1645490,128x,200ms,25,64,0,165,368,447,466,1107,1017,975,434,408,3270
2026-09-15T21:03:45.439006+00:00,2908,1646011,128x,200ms,25,64,0,166,369,449,466,1112,1023,980,436,414,3351
2026-09-15T21:03:45.959246+00:00,2909,1646532,128x,200ms,25,64,1,157,370,448,469,1119,1012,986,438,398,3187
2026-09-15T21:03:46.486406+00:00,2910,1647055,128x,200ms,25,64,1,141,371,447,470,1122,1001,987,438,385,2921
2026-09-15T21:03:47.006295+00:00,2911,1647578,128x,200ms,25,64,1,166,371,453,470,1118,1026,983,437,414,3371
2026-09-15T21:03:47.526048+00:00,2912,1648100,128x,200ms,25,64,1,158,370,449,468,1117,1019,983,437,405,3281
2026-09-15T21:03:48.046999+00:00,2913,1648622,128x,200ms,25,64,1,168,370,453,469,1118,1029,982,438,416,3386
2026-09-15T21:03:48.566721+00:00,2914,1649145,128x,200ms,25,64,1,165,368,450,466,1108,998,973,433,383,2933
2026-09-15T21:03:49.094795+00:00,2915,1649668,128x,200ms,25,64,0,145,367,443,465,1133,1019,1000,441,411,3086
2026-09-15T21:03:49.126596+00:00,2916,1650189,128x,200ms,25,64,0,157,375,462,476,1183,1036,1048,447,457,3418
2026-09-15T21:03:49.646598+00:00,2917,1650710,128x,200ms,25,64,0,158,377,468,478,1187,1036,1053,446,461,3444
2026-09-15T21:03:50.654202+00:00,2918,1651232,128x,200ms,25,64,0,172,376,473,478,1279,1066,1140,454,582,4156
2026-09-15T21:03:51.174834+00:00,2919,1651753,128x,200ms,25,64,0,174,380,484,482,1260,1055,1123,446,554,3945
2026-09-15T21:03:51.215008+00:00,2920,1652275,128x,200ms,25,64,0,181,375,480,476,1241,1056,1108,442,531,4367
2026-09-15T21:03:52.223843+00:00,2921,1652797,128x,200ms,25,64,1,178,368,470,468,1103,1025,972,426,421,3223
2026-09-15T21:03:52.741864+00:00,2922,1653319,128x,200ms,25,64,1,175,365,447,461,1101,1035,965,430,423,3380
2026-09-15T21:03:53.261906+00:00,2923,1653842,128x,200ms,25,64,1,182,369,454,467,1119,1047,984,436,442,3520
2026-09-15T21:03:53.790004+00:00,2924,1654365,128x,200ms,25,64,1,183,370,459,470,1132,1054,997,439,453,3614
2026-09-15T21:03:54.309983+00:00,2925,1654887,128x,200ms,25,64,1,184,370,460,471,1133,1053,996,438,455,3629
2026-09-15T21:03:54.829979+00:00,2926,1655410,128x,200ms,25,64,1,184,371,460,471,1131,1054,995,438,454,3636
2026-09-15T21:03:55.350998+00:00,2927,1655932,128x,200ms,25,64,0,172,368,454,467,1114,1039,980,434,424,3063
2026-09-15T21:03:55.878231+00:00,2928,1656455,128x,200ms,25,64,0,161,367,452,466,1131,1033,996,436,432,3116
2026-09-15T21:03:55.909956+00:00,2929,1656975,128x,200ms,25,64,0,163,371,464,471,1169,1043,1035,440,458,3325
2026-09-15T21:03:56.430604+00:00,2930,1657496,128x,200ms,25,64,0,165,372,468,473,1175,1047,1039,440,464,3389
2026-09-15T21:03:57.438752+00:00,2931,1658018,128x,200ms,25,64,0,163,371,467,472,1162,1038,1025,439,448,3327
2026-09-15T21:03:57.957892+00:00,2932,1658540,128x,200ms,25,64,0,153,369,462,469,1156,1034,1022,437,435,2873
2026-09-15T21:03:58.486532+00:00,2933,1659061,128x,200ms,25,64,1,147,367,456,466,1132,1008,996,434,408,2706
2026-09-15T21:03:59.007310+00:00,2934,1659584,128x,200ms,25,64,1,144,366,451,466,1134,1010,998,434,412,2790
2026-09-15T21:03:59.038933+00:00,2935,1660106,128x,200ms,25,64,1,163,368,455,468,1147,1029,1012,437,434,3138
2026-09-15T21:03:59.565970+00:00,2936,1660630,128x,200ms,25,64,1,154,371,465,472,1195,1052,1060,443,472,3360
2026-09-15T21:04:00.575651+00:00,2937,1661153,128x,200ms,25,64,1,164,374,477,476,1211,1061,1076,445,488,3509
2026-09-15T21:04:01.093974+00:00,2938,1661676,128x,200ms,25,64,1,167,375,479,477,1200,1061,1064,443,481,3471
2026-09-15T21:04:01.134156+00:00,2939,1662198,128x,200ms,25,64,0,166,373,474,475,1189,1056,1052,442,476,3528
2026-09-15T21:04:01.654740+00:00,2940,1662721,128x,200ms,25,64,0,170,373,476,476,1201,1062,1065,444,489,3655
2026-09-15T21:04:02.654554+00:00,2941,1663242,128x,200ms,25,64,0,174,376,483,479,1236,1072,1099,449,515,3875
2026-09-15T21:04:03.181967+00:00,2942,1663763,128x,200ms,25,64,0,175,377,486,481,1240,1075,1101,448,518,3895
2026-09-15T21:04:03.214990+00:00,2943,1664284,128x,200ms,25,64,0,176,378,486,482,1221,1075,1084,448,502,3721
2026-09-15T21:04:03.742350+00:00,2944,1664806,128x,200ms,25,64,0,171,375,478,478,1206,1071,1067,447,491,3688
2026-09-15T21:04:04.750189+00:00,2945,1665328,128x,200ms,25,64,1,173,377,482,480,1200,1065,1062,446,486,3668
2026-09-15T21:04:05.270592+00:00,2946,1665851,128x,200ms,25,64,1,170,373,473,475,1170,1055,1033,442,463,3519
2026-09-15T21:04:05.311863+00:00,2947,1666374,128x,200ms,25,64,1,169,371,468,473,1168,1056,1030,442,464,3529
2026-09-15T21:04:05.830528+00:00,2948,1666897,128x,200ms,25,64,1,172,374,476,477,1198,1069,1058,445,485,3678
2026-09-15T21:04:06.839303+00:00,2949,1667421,128x,200ms,25,64,1,175,375,481,479,1208,1076,1069,446,493,3726
2026-09-15T21:04:07.357967+00:00,2950,1667944,128x,200ms,25,64,1,176,376,483,480,1210,1077,1072,447,495,3745
2026-09-15T21:04:07.398236+00:00,2951,1668466,128x,200ms,25,64,0,175,375,480,478,1202,1073,1063,445,488,3723
2026-09-15T21:04:07.918982+00:00,2952,1668988,128x,200ms,25,64,0,172,373,482,477,1211,1067,1075,442,480,3415
2026-09-15T21:04:08.925982+00:00,2953,1669510,128x,200ms,25,64,0,179,374,485,477,1239,1074,1102,445,506,3647
2026-09-15T21:04:09.446181+00:00,2954,1670031,128x,200ms,25,64,0,176,374,485,477,1224,1066,1088,441,498,3516
2026-09-15T21:04:09.488227+00:00,2955,1670552,128x,200ms,25,64,0,166,368,474,469,1203,1059,1069,436,478,3245
2026-09-15T21:04:10.007214+00:00,2956,1671074,128x,200ms,25,64,0,162,368,475,469,1202,1057,1066,436,474,3174
2026-09-15T21:04:10.527029+00:00,2957,1671597,128x,200ms,25,64,1,162,369,475,469,1196,1054,1060,435,467,3105
2026-09-15T21:04:11.542977+00:00,2958,1672120,128x,200ms,25,64,1,158,368,473,468,1191,1038,1055,434,455,2937
2026-09-15T21:04:12.062691+00:00,2959,1672643,128x,200ms,25,64,1,140,364,462,464,1139,984,1003,427,398,2464
2026-09-15T21:04:12.581964+00:00,2960,1673165,128x,200ms,25,64,1,133,358,434,455,1092,965,955,421,354,2187
2026-09-15T21:04:13.102291+00:00,2961,1673688,128x,200ms,25,64,1,146,362,450,459,1156,1021,1021,429,428,2859
2026-09-15T21:04:13.622026+00:00,2962,1674211,128x,200ms,25,64,1,136,362,449,460,1141,974,1006,427,385,2431
2026-09-15T21:04:14.150459+00:00,2963,1674733,128x,200ms,25,64,0,133,362,447,459,1143,978,1008,426,391,2454
2026-09-15T21:04:14.182376+00:00,2964,1675254,128x,200ms,25,64,0,147,363,460,461,1160,1016,1026,428,424,2777
2026-09-15T21:04:14.702832+00:00,2965,1675777,128x,200ms,25,64,0,150,362,461,461,1157,1010,1024,427,419,2780
2026-09-15T21:04:15.222302+00:00,2966,1676298,128x,200ms,25,64,0,149,362,457,460,1148,1013,1013,426,417,2797
2026-09-15T21:04:16.230035+00:00,2967,1676820,128x,200ms,25,64,0,153,363,460,461,1158,1020,1025,428,428,2901
2026-09-15T21:04:16.757887+00:00,2968,1677341,128x,200ms,25,64,0,155,363,464,462,1165,1023,1030,429,434,2968
2026-09-15T21:04:16.791620+00:00,2969,1677862,128x,200ms,25,64,1,157,364,466,464,1173,1027,1039,431,441,3032
2026-09-15T21:04:17.311542+00:00,2970,1678386,128x,200ms,25,64,1,159,365,471,466,1191,1033,1056,433,453,3140
2026-09-15T21:04:18.326972+00:00,2971,1678909,128x,200ms,25,64,1,160,366,472,466,1189,1031,1053,433,452,3130
2026-09-15T21:04:18.846092+00:00,2972,1679432,128x,200ms,25,64,1,160,366,472,467,1190,1031,1054,433,452,3140
2026-09-15T21:04:18.887850+00:00,2973,1679954,128x,200ms,25,64,1,160,366,471,466,1191,1033,1056,433,454,3163
2026-09-15T21:04:19.406797+00:00,2974,1680478,128x,200ms,25,64,1,161,366,473,467,1201,1036,1065,434,461,3232
2026-09-15T21:04:20.414099+00:00,2975,1681001,128x,200ms,25,64,0,162,366,476,468,1204,1037,1067,434,463,3255
2026-09-15T21:04:20.933956+00:00,2976,1681523,128x,200ms,25,64,0,163,367,476,468,1203,1037,1068,434,462,3252
2026-09-15T21:04:21.455091+00:00,2977,1682044,128x,200ms,25,64,0,162,366,476,468,1200,1033,1063,433,458,3199
2026-09-15T21:04:21.973994+00:00,2978,1682567,128x,200ms,25,64,0,138,364,463,464,1180,988,1045,429,417,2610
2026-09-15T21:04:22.503711+00:00,2979,1683089,128x,200ms,25,64,0,136,363,457,462,1163,992,1028,428,411,2565
2026-09-15T21:04:23.023252+00:00,2980,1683610,128x,200ms,25,64,0,140,361,451,460,1151,980,1014,426,397,2584
2026-09-15T21:04:23.542810+00:00,2981,1684131,128x,200ms,25,64,1,135,361,451,460,1158,996,1021,430,410,2763
2026-09-15T21:04:23.584539+00:00,2982,1684654,128x,200ms,25,64,1,148,363,458,463,1168,998,1030,430,419,2874
2026-09-15T21:04:24.102195+00:00,2983,1685177,128x,200ms,25,64,1,153,366,461,467,1174,1030,1036,435,441,3189
2026-09-15T21:04:25.111379+00:00,2984,1685700,128x,200ms,25,64,1,162,367,463,469,1142,1032,1004,434,423,3090
2026-09-15T21:04:25.630202+00:00,2985,1686223,128x,200ms,25,64,1,162,366,458,468,1164,1028,1026,435,433,3165
2026-09-15T21:04:25.670937+00:00,2986,1686746,128x,200ms,25,64,1,165,369,487,471,1283,1046,1136,439,533,3898
2026-09-15T21:04:26.190698+00:00,2987,1687269,128x,200ms,25,64,0,165,369,490,472,1255,1018,1114,437,490,3439
2026-09-15T21:04:27.197948+00:00,2988,1687791,128x,200ms,25,64,0,161,369,487,471,1260,1046,1119,439,509,3755
2026-09-15T21:04:27.725928+00:00,2989,1688312,128x,200ms,25,64,0,168,368,489,471,1183,1046,1044,437,454,3399
2026-09-15T21:04:28.246800+00:00,2990,1688834,128x,200ms,25,64,0,165,366,455,468,1100,1030,959,429,395,3029
2026-09-15T21:04:28.766088+00:00,2991,1689356,128x,200ms,25,64,0,163,362,450,462,1105,1029,966,431,394,2995
2026-09-15T21:04:29.286076+00:00,2992,1689878,128x,200ms,25,64,0,161,363,450,464,1106,1032,965,430,396,3057
2026-09-15T21:04:29.807616+00:00,2993,1690399,128x,200ms,25,64,1,162,363,450,464,1105,1034,964,430,397,3135
2026-09-15T21:04:30.334834+00:00,2994,1690923,128x,200ms,25,64,1,153,361,440,461,1096,999,956,426,372,2862
2026-09-15T21:04:30.855195+00:00,2995,1691445,128x,200ms,25,64,1,167,360,445,459,1098,1038,957,428,401,3246
2026-09-15T21:04:31.374985+00:00,2996,1691967,128x,200ms,25,64,1,173,362,450,461,1097,1032,955,427,397,3200
2026-09-15T21:04:31.895725+00:00,2997,1692490,128x,200ms,25,64,1,154,362,439,460,1085,991,945,423,364,2786
2026-09-15T21:04:32.423019+00:00,2998,1693012,128x,200ms,25,64,1,166,359,443,455,1086,999,946,422,368,2820
2026-09-15T21:04:32.943156+00:00,2999,1693535,128x,200ms,25,64,0,165,359,443,457,1086,1026,945,423,390,3095
2026-09-15T21:04:33.462443+00:00,3000,1694057,128x,200ms,25,64,0,175,361,448,459,1095,1040,954,427,401,3261
2026-09-15T21:04:33.982128+00:00,3001,1694578,128x,200ms,25,64,0,176,361,448,459,1095,1038,953,427,400,3263
2026-09-15T21:04:34.510414+00:00,3002,1695099,128x,200ms,25,64,0,175,363,451,462,1099,1039,957,428,402,3285
2026-09-15T21:04:35.030173+00:00,3003,1695622,128x,200ms,25,64,0,153,364,443,464,1111,995,968,432,367,2686
2026-09-15T21:04:35.549855+00:00,3004,1696143,128x,200ms,25,64,0,142,364,442,465,1110,992,966,431,365,2745
2026-09-15T21:04:36.069943+00:00,3005,1696664,128x,200ms,25,64,1,153,362,441,461,1093,1028,951,426,392,3187
2026-09-15T21:04:36.598059+00:00,3006,1697186,128x,200ms,25,64,1,155,357,434,454,1092,1022,949,425,388,3163
2026-09-15T21:04:37.118281+00:00,3007,1697710,128x,200ms,25,64,1,170,362,448,461,1090,996,948,424,371,2908
2026-09-15T21:04:37.638377+00:00,3008,1698232,128x,200ms,25,64,1,152,361,436,458,1096,991,953,426,369,2916
2026-09-15T21:04:38.158697+00:00,3009,1698754,128x,200ms,25,64,1,172,363,450,463,1100,1034,956,428,397,3267
2026-09-15T21:04:38.679922+00:00,3010,1699276,128x,200ms,25,64,1,161,363,443,462,1103,999,958,429,375,3018
2026-09-15T21:04:38.718814+00:00,3011,1699799,128x,200ms,25,64,0,161,363,442,462,1096,987,953,426,367,2924
2026-09-15T21:04:39.726990+00:00,3012,1700321,128x,200ms,25,64,0,160,362,441,461,1094,1005,950,425,377,3084
2026-09-15T21:04:40.246649+00:00,3013,1700842,128x,200ms,25,64,0,177,361,447,458,1096,1032,951,427,393,3283
2026-09-15T21:04:40.765934+00:00,3014,1701363,128x,200ms,25,64,0,172,364,449,463,1106,1041,961,431,401,3384
2026-09-15T21:04:41.294045+00:00,3015,1701884,128x,200ms,25,64,0,161,362,442,461,1096,990,952,426,368,2932
2026-09-15T21:04:41.813934+00:00,3016,1702407,128x,200ms,25,64,0,159,362,442,461,1099,1006,954,427,377,3070
2026-09-15T21:04:42.334462+00:00,3017,1702928,128x,200ms,25,64,1,163,362,442,461,1089,1014,946,424,380,3109
2026-09-15T21:04:42.853935+00:00,3018,1703450,128x,200ms,25,64,1,176,359,444,455,1087,1014,944,423,380,3131
2026-09-15T21:04:43.381929+00:00,3019,1703973,128x,200ms,25,64,1,175,364,450,462,1097,1041,953,427,401,3373
2026-09-15T21:04:43.903135+00:00,3020,1704496,128x,200ms,25,64,1,161,361,441,459,1095,988,951,425,366,2913
2026-09-15T21:04:44.421978+00:00,3021,1705018,128x,200ms,25,64,1,153,361,438,460,1098,1002,953,426,374,3009
2026-09-15T21:04:44.942167+00:00,3022,1705540,128x,200ms,25,64,1,157,362,440,461,1099,1025,955,428,390,3220
2026-09-15T21:04:45.462474+00:00,3023,1706063,128x,200ms,25,64,0,172,365,451,465,1108,1016,964,431,385,3192
2026-09-15T21:04:45.990787+00:00,3024,1706585,128x,200ms,25,64,0,170,364,448,464,1102,1043,957,430,402,3402
2026-09-15T21:04:46.511648+00:00,3025,1707107,128x,200ms,25,64,0,181,363,452,463,1099,1047,955,428,405,3418
2026-09-15T21:04:47.030026+00:00,3026,1707628,128x,200ms,25,64,0,179,363,452,462,1098,1043,954,428,403,3391
2026-09-15T21:04:47.550933+00:00,3027,1708150,128x,200ms,25,64,0,172,362,447,461,1094,1018,949,425,383,3180
2026-09-15T21:04:48.070532+00:00,3028,1708672,128x,200ms,25,64,0,163,363,443,463,1107,1014,962,430,382,3165
2026-09-15T21:04:48.598623+00:00,3029,1709194,128x,200ms,25,64,1,173,364,452,464,1103,1043,957,429,401,3372
2026-09-15T21:04:49.118964+00:00,3030,1709716,128x,200ms,25,64,1,161,363,444,463,1102,1005,956,428,377,3070
2026-09-15T21:04:49.645928+00:00,3031,1710238,128x,200ms,25,64,1,176,365,454,466,1105,1022,961,430,389,3177
2026-09-15T21:04:50.166154+00:00,3032,1710760,128x,200ms,25,64,1,163,363,445,464,1107,1034,963,431,394,3250
2026-09-15T21:04:50.687364+00:00,3033,1711284,128x,200ms,25,64,1,162,363,445,464,1103,1015,958,428,382,3106
2026-09-15T21:04:51.206544+00:00,3034,1711806,128x,200ms,25,64,1,164,364,446,463,1102,1020,957,428,385,3142
2026-09-15T21:04:51.726362+00:00,3035,1712329,128x,200ms,25,64,0,177,363,453,464,1103,1053,960,430,407,3362
2026-09-15T21:04:52.245926+00:00,3036,1712850,128x,200ms,25,64,0,182,362,453,463,1102,1048,956,429,402,3340
2026-09-15T21:04:52.774146+00:00,3037,1713373,128x,200ms,25,64,0,179,365,456,466,1113,1033,967,434,393,3309
2026-09-15T21:04:53.295203+00:00,3038,1713894,128x,200ms,25,64,0,175,365,455,467,1108,1021,962,431,386,3148
2026-09-15T21:04:53.814115+00:00,3039,1714415,128x,200ms,25,64,0,151,362,439,462,1106,994,960,429,371,2909
2026-09-15T21:04:54.335463+00:00,3040,1714936,128x,200ms,25,64,0,171,364,451,465,1106,1029,961,430,390,3217
2026-09-15T21:04:54.854622+00:00,3041,1715459,128x,200ms,25,64,1,164,363,446,464,1106,1018,960,429,384,3131
2026-09-15T21:04:55.383164+00:00,3042,1715981,128x,200ms,25,64,1,161,363,445,464,1097,1008,953,426,378,3017
2026-09-15T21:04:55.901853+00:00,3043,1716503,128x,200ms,25,64,1,172,362,451,461,1121,1066,978,430,417,3110
2026-09-15T21:04:55.941947+00:00,3044,1717025,128x,200ms,25,64,1,167,362,463,464,1151,1040,1011,425,418,2861
2026-09-15T21:04:56.461918+00:00,3045,1717549,128x,200ms,25,64,1,148,361,462,461,1208,1004,1070,426,429,2838
2026-09-15T21:04:57.470141+00:00,3046,1718072,128x,200ms,25,64,1,145,363,470,463,1215,1008,1079,427,437,2899
2026-09-15T21:04:57.990731+00:00,3047,1718595,128x,200ms,25,64,0,146,363,470,463,1216,1007,1079,426,436,2895
2026-09-15T21:04:58.030479+00:00,3048,1719116,128x,200ms,25,64,0,146,362,469,462,1210,1004,1073,426,431,2878
2026-09-15T21:04:59.037920+00:00,3049,1719639,128x,200ms,25,64,0,145,362,466,461,1198,992,1062,424,417,2786
2026-09-15T21:04:59.557917+00:00,3050,1720160,128x,200ms,25,64,0,142,361,462,459,1210,991,1073,425,424,2888
2026-09-15T21:04:59.590373+00:00,3051,1720681,128x,200ms,25,64,0,146,363,471,463,1221,1014,1084,427,444,2978
2026-09-15T21:05:00.109959+00:00,3052,1721203,128x,200ms,25,64,0,149,364,474,464,1218,1023,1080,427,446,3021
2026-09-15T21:05:01.126161+00:00,3053,1721724,128x,200ms,25,64,1,164,364,474,465,1145,1031,1001,425,411,2903
2026-09-15T21:05:01.646115+00:00,3054,1722248,128x,200ms,25,64,1,134,355,427,450,1069,949,929,412,328,2078
2026-09-15T21:05:02.166479+00:00,3055,1722770,128x,200ms,25,64,1,129,353,422,446,1063,944,925,410,322,2046
2026-09-15T21:05:02.688127+00:00,3056,1723292,128x,200ms,25,64,1,128,351,419,444,1058,938,919,408,319,2027
2026-09-15T21:05:03.214834+00:00,3057,1723814,128x,200ms,25,64,1,128,351,420,444,1060,940,920,408,320,2030
2026-09-15T21:05:03.733872+00:00,3058,1724337,128x,200ms,25,64,1,128,352,420,444,1062,942,923,409,322,2039
2026-09-15T21:05:04.254384+00:00,3059,1724860,128x,200ms,25,64,0,128,350,420,444,1060,940,921,408,321,2033
2026-09-15T21:05:04.774651+00:00,3060,1725381,128x,200ms,25,64,0,131,351,420,444,1065,965,924,410,335,2275
2026-09-15T21:05:05.294386+00:00,3061,1725903,128x,200ms,25,64,0,156,354,438,449,1078,1042,937,417,376,2737
2026-09-15T21:05:05.822118+00:00,3062,1726425,128x,200ms,25,64,0,164,355,442,452,1076,1047,934,416,377,2751
2026-09-15T21:05:06.342586+00:00,3063,1726947,128x,200ms,25,64,0,166,356,444,453,1082,1055,941,419,382,2821
2026-09-15T21:05:06.866692+00:00,3064,1727468,128x,200ms,25,64,0,168,357,447,456,1099,1070,956,424,402,2974
2026-09-15T21:05:07.390123+00:00,3065,1727990,128x,200ms,25,64,1,176,363,457,466,1119,1092,974,434,417,3222
2026-09-15T21:05:07.910703+00:00,3066,1728513,128x,200ms,25,64,1,179,364,458,467,1114,1087,970,432,414,3215
2026-09-15T21:05:08.430713+00:00,3067,1729035,128x,200ms,25,64,1,179,364,458,467,1112,1088,967,431,412,3159
2026-09-15T21:05:08.949946+00:00,3068,1729557,128x,200ms,25,64,1,178,363,456,465,1106,1081,961,429,403,3118
2026-09-15T21:05:09.470651+00:00,3069,1730079,128x,200ms,25,64,1,175,361,453,463,1098,1061,956,426,393,3018
2026-09-15T21:05:09.998036+00:00,3070,1730603,128x,200ms,25,64,1,170,360,450,461,1096,1045,952,425,387,2927
2026-09-15T21:05:10.518633+00:00,3071,1731125,128x,200ms,25,64,0,164,357,446,456,1087,1033,946,420,382,2738
2026-09-15T21:05:11.038832+00:00,3072,1731646,128x,200ms,25,64,0,161,359,446,457,1120,1033,976,429,399,3025
2026-09-15T21:05:11.558645+00:00,3073,1732168,128x,200ms,25,64,0,164,359,446,458,1098,1044,953,425,390,2984
2026-09-15T21:05:12.077890+00:00,3074,1732689,128x,200ms,25,64,0,174,362,454,462,1103,1031,958,426,386,2948
2026-09-15T21:05:12.599352+00:00,3075,1733212,128x,200ms,25,64,0,165,360,447,460,1100,1044,956,426,390,2998
2026-09-15T21:05:13.126469+00:00,3076,1733733,128x,200ms,25,64,0,171,362,454,464,1111,1071,964,430,411,3250
2026-09-15T21:05:13.653911+00:00,3077,1734254,128x,200ms,25,64,1,180,366,462,468,1133,1062,986,433,420,3343
2026-09-15T21:05:14.174186+00:00,3078,1734777,128x,200ms,25,64,1,177,365,461,466,1124,1059,976,429,418,3254
2026-09-15T21:05:14.693917+00:00,3079,1735300,128x,200ms,25,64,1,168,361,451,460,1098,1035,953,423,389,2964
2026-09-15T21:05:15.214700+00:00,3080,1735823,128x,200ms,25,64,1,161,359,443,457,1085,1020,943,420,371,2814
2026-09-15T21:05:15.733906+00:00,3081,1736345,128x,200ms,25,64,1,170,359,450,458,1092,1066,949,423,397,2966
2026-09-15T21:05:16.262710+00:00,3082,1736867,128x,200ms,25,64,1,172,359,451,458,1099,1070,954,424,406,3038
2026-09-15T21:05:16.782698+00:00,3083,1737391,128x,200ms,25,64,0,176,362,457,462,1112,1078,966,426,415,3122
2026-09-15T21:05:17.303451+00:00,3084,1737912,128x,200ms,25,64,0,176,362,456,462,1113,1078,967,426,416,3126
2026-09-15T21:05:17.822653+00:00,3085,1738433,128x,200ms,25,64,0,176,362,458,463,1117,1080,970,426,418,3148
2026-09-15T21:05:18.342789+00:00,3086,1738954,128x,200ms,25,64,0,177,363,458,463,1111,1080,965,426,415,3117
2026-09-15T21:05:18.862382+00:00,3087,1739475,128x,200ms,25,64,0,172,361,455,461,1096,992,950,421,363,2551
2026-09-15T21:05:19.390051+00:00,3088,1739997,128x,200ms,25,64,0,139,357,430,454,1097,997,953,422,364,2570
2026-09-15T21:05:19.910209+00:00,3089,1740519,128x,200ms,25,64,1,171,361,454,461,1116,1072,969,426,412,3080
2026-09-15T21:05:20.430361+00:00,3090,1741041,128x,200ms,25,64,1,175,362,458,463,1122,1080,974,426,418,3137
2026-09-15T21:05:20.950909+00:00,3091,1741563,128x,200ms,25,64,1,177,363,461,464,1123,1081,977,427,419,3143
2026-09-15T21:05:21.477902+00:00,3092,1742086,128x,200ms,25,64,1,176,362,459,463,1117,1083,969,425,416,3097
2026-09-15T21:05:21.998052+00:00,3093,1742609,128x,200ms,25,64,1,162,359,450,458,1112,1044,966,424,391,2753
2026-09-15T21:05:22.517907+00:00,3094,1743131,128x,200ms,25,64,1,157,362,455,463,1114,1004,971,424,375,2552
2026-09-15T21:05:23.038129+00:00,3095,1743653,128x,200ms,25,64,0,135,359,443,458,1139,1012,993,425,388,2611
2026-09-15T21:05:23.079630+00:00,3096,1744175,128x,200ms,25,64,0,147,362,456,462,1151,1023,1005,429,397,2741
2026-09-15T21:05:24.086661+00:00,3097,1744697,128x,200ms,25,64,0,153,363,455,464,1133,1042,987,426,399,2713
2026-09-15T21:05:24.606046+00:00,3098,1745218,128x,200ms,25,64,0,154,362,458,463,1169,1029,1024,429,409,2747
2026-09-15T21:05:25.127737+00:00,3099,1745740,128x,200ms,25,64,0,146,367,460,467,1166,992,1020,431,387,2496
2026-09-15T21:05:25.646109+00:00,3100,1746262,128x,200ms,25,64,0,136,364,448,464,1150,982,1003,429,375,2378
2026-09-15T21:05:26.174282+00:00,3101,1746783,128x,200ms,25,64,1,135,365,450,464,1166,981,1019,429,381,2434
2026-09-15T21:05:26.695023+00:00,3102,1747306,128x,200ms,25,64,1,136,366,455,466,1178,983,1032,431,387,2483
2026-09-15T21:05:26.726102+00:00,3103,1747828,128x,200ms,25,64,1,136,366,456,466,1175,983,1030,430,386,2475
2026-09-15T21:05:27.742004+00:00,3104,1748352,128x,200ms,25,64,1,143,366,456,467,1157,1038,1008,432,407,2691
2026-09-15T21:05:27.774801+00:00,3105,1748875,128x,200ms,25,64,1,148,365,455,466,1117,996,971,428,363,2348
2026-09-15T21:05:28.781832+00:00,3106,1749396,128x,200ms,25,64,1,139,360,437,459,1106,1009,961,425,362,2409
2026-09-15T21:05:29.309894+00:00,3107,1749919,128x,200ms,25,64,0,137,357,432,455,1093,972,950,422,337,2164
2026-09-15T21:05:29.824101+00:00,3108,1750440,128x,200ms,25,64,0,130,359,430,456,1097,970,953,423,338,2123
2026-09-15T21:05:30.350127+00:00,3109,1750963,128x,200ms,25,64,0,130,358,430,455,1097,968,953,422,337,2119
2026-09-15T21:05:30.870907+00:00,3110,1751485,128x,200ms,25,64,0,130,357,429,455,1089,963,946,419,332,2103
2026-09-15T21:05:30.901888+00:00,3111,1752006,128x,200ms,25,64,0,175,369,479,472,1233,1143,1081,447,507,4372
2026-09-15T21:05:31.910140+00:00,3112,1752527,128x,200ms,25,64,0,202,371,474,480,1135,1139,982,443,452,4148
2026-09-15T21:05:32.437964+00:00,3113,1753050,128x,200ms,25,64,1,203,372,474,480,1142,1145,990,446,456,4184
2026-09-15T21:05:32.470413+00:00,3114,1753572,128x,200ms,25,64,1,213,390,519,503,1426,1189,1252,474,666,5616
2026-09-15T21:05:33.478178+00:00,3115,1754095,128x,200ms,25,64,1,212,387,532,499,1138,1128,985,438,452,3552
2026-09-15T21:05:33.998503+00:00,3116,1754617,128x,200ms,25,64,1,129,353,420,445,1028,901,887,392,290,1857
2026-09-15T21:05:34.526243+00:00,3117,1755140,128x,200ms,25,64,1,115,319,379,402,949,865,814,365,236,1649
2026-09-15T21:05:35.045995+00:00,3118,1755662,128x,200ms,25,64,1,120,329,394,421,999,896,859,383,261,1790
2026-09-15T21:05:35.566272+00:00,3119,1756184,128x,200ms,25,64,0,121,333,394,421,991,889,852,380,256,1764
2026-09-15T21:05:36.086460+00:00,3120,1756704,128x,200ms,25,64,0,120,332,392,420,988,889,851,379,256,1763
2026-09-15T21:05:36.605798+00:00,3121,1757227,128x,200ms,25,64,0,121,331,391,418,986,889,848,377,261,1780
2026-09-15T21:05:37.126749+00:00,3122,1757747,128x,200ms,25,64,0,122,331,392,418,990,895,854,380,267,1812
2026-09-15T21:05:37.654375+00:00,3123,1758268,128x,200ms,25,64,0,121,331,392,418,986,888,848,377,264,1792
2026-09-15T21:05:38.173850+00:00,3124,1758789,128x,200ms,25,64,0,121,329,389,415,979,879,844,373,258,1754
2026-09-15T21:05:38.693939+00:00,3125,1759310,128x,200ms,25,64,1,120,327,386,413,971,869,836,369,252,1714
2026-09-15T21:05:39.214437+00:00,3126,1759832,128x,200ms,25,64,1,119,327,385,412,992,883,850,377,263,1760
2026-09-15T21:05:39.734108+00:00,3127,1760354,128x,200ms,25,64,1,125,347,409,435,1018,907,872,390,278,1836
2026-09-15T21:05:40.262734+00:00,3128,1760876,128x,200ms,25,64,1,120,329,395,420,959,884,822,372,248,1698
2026-09-15T21:05:40.782006+00:00,3129,1761398,128x,200ms,25,64,1,116,311,377,400,922,860,794,360,233,1613
2026-09-15T21:05:41.302775+00:00,3130,1761921,128x,200ms,25,64,1,116,310,376,399,926,863,797,361,236,1628
2026-09-15T21:05:41.822972+00:00,3131,1762442,128x,200ms,25,64,0,116,309,376,399,919,859,790,359,233,1613
2026-09-15T21:05:42.342130+00:00,3132,1762963,128x,200ms,25,64,0,116,308,375,397,923,862,793,360,234,1617
2026-09-15T21:05:42.862384+00:00,3133,1763484,128x,200ms,25,64,0,117,315,383,407,986,892,843,379,261,1764
2026-09-15T21:05:43.382794+00:00,3134,1764005,128x,200ms,25,64,0,120,331,393,419,987,880,847,376,258,1739
2026-09-15T21:05:43.902864+00:00,3135,1764526,128x,200ms,25,64,0,118,327,387,414,974,859,836,368,249,1669
2026-09-15T21:05:44.423147+00:00,3136,1765047,128x,200ms,25,64,0,116,327,383,409,1003,888,852,382,275,1805
2026-09-15T21:05:44.942725+00:00,3137,1765569,128x,200ms,25,64,1,118,326,386,409,897,776,763,330,211,1417
2026-09-15T21:05:45.470336+00:00,3138,1766090,128x,200ms,25,64,1,104,281,332,346,882,789,763,340,228,1476
2026-09-15T21:05:45.989884+00:00,3139,1766611,128x,200ms,25,64,1,109,298,357,376,902,821,769,347,249,1629
2026-09-15T21:05:46.517874+00:00,3140,1767134,128x,200ms,25,64,1,126,324,393,402,1023,940,868,390,342,2196
2026-09-15T21:05:47.037875+00:00,3141,1767656,128x,200ms,25,64,1,141,326,401,404,980,912,821,373,327,2225
2026-09-15T21:05:47.558628+00:00,3142,1768178,128x,200ms,25,64,1,113,318,372,392,1002,931,852,381,326,2285
2026-09-15T21:05:48.077866+00:00,3143,1768699,128x,200ms,25,64,0,169,345,437,436,877,933,761,366,403,3043
2026-09-15T21:05:48.110117+00:00,3144,1769221,128x,200ms,25,64,0,181,443,616,607,2329,1493,2162,581,936,7666
2026-09-15T21:05:48.637927+00:00,3145,1769743,128x,200ms,25,64,0,337,1053,1141,1163,3713,3627,3116,1220,987,9341
2026-09-15T21:05:49.158499+00:00,3146,1770265,128x,200ms,25,64,0,475,1262,1511,1549,3591,2071,3187,806,1349,9707
2026-09-15T21:05:49.678821+00:00,3147,1770788,128x,200ms,25,64,0,436,896,1457,1194,2511,2016,2036,766,1040,7407
2026-09-15T21:05:50.198939+00:00,3148,1771311,128x,200ms,25,64,0,286,789,955,994,1291,1096,1061,409,497,3217
2026-09-15T21:05:51.214113+00:00,3149,1771833,128x,200ms,25,64,1,143,391,503,517,1221,1140,1076,417,446,2995
2026-09-15T21:05:51.246136+00:00,3150,1772356,128x,200ms,25,64,1,247,793,862,896,3241,2735,3290,888,981,9776
2026-09-15T21:05:51.774782+00:00,3151,1772879,128x,200ms,25,64,1,637,1997,2189,2098,4918,4978,3940,1478,1143,14226
2026-09-15T21:05:52.302313+00:00,3152,1773404,128x,200ms,25,64,1,598,1800,2045,2156,4826,4482,3542,1419,1160,13540
2026-09-15T21:05:52.821891+00:00,3153,1773928,128x,200ms,25,64,1,538,1696,1825,1877,4549,4477,3457,1364,1127,13518
2026-09-15T21:05:53.349869+00:00,3154,1774452,128x,200ms,25,64,1,566,1618,1845,2065,4156,4346,3446,1273,1068,13248
2026-09-15T21:05:53.869869+00:00,3155,1774978,128x,200ms,25,64,0,546,1536,1759,2003,3690,3748,3095,1100,976,11635
2026-09-15T21:05:54.390112+00:00,3156,1775501,128x,200ms,25,64,0,426,1264,1372,1657,3374,3272,2894,962,898,10237
2026-09-15T21:05:54.918727+00:00,3157,1776024,128x,200ms,25,64,0,397,1155,1278,1552,3209,3154,2750,912,850,9702
2026-09-15T21:05:55.438752+00:00,3158,1776547,128x,200ms,25,64,0,412,1150,1311,1553,3242,3231,2751,923,846,9878
2026-09-15T21:05:55.958544+00:00,3159,1777071,128x,200ms,25,64,0,432,1180,1372,1594,3315,3347,2805,946,854,10115
2026-09-15T21:05:56.486177+00:00,3160,1777594,128x,200ms,25,64,0,442,1204,1407,1625,3383,3416,2865,966,861,10308
2026-09-15T21:05:57.495517+00:00,3161,1778117,128x,200ms,25,64,1,442,1194,1404,1613,3358,3374,2823,958,853,10194
2026-09-15T21:05:57.527003+00:00,3162,1778641,128x,200ms,25,64,1,225,760,835,882,1848,1596,1591,636,641,5376
2026-09-15T21:05:58.534270+00:00,3163,1779164,128x,200ms,25,64,1,164,413,590,519,1359,1052,1117,443,513,3944
2026-09-15T21:05:59.062849+00:00,3164,1779687,128x,200ms,25,64,1,75,206,278,296,741,662,639,275,228,1431
2026-09-15T21:05:59.581985+00:00,3165,1780208,128x,200ms,25,64,1,88,301,310,321,1393,819,989,383,311,2214
2026-09-15T21:06:00.102014+00:00,3166,1780730,128x,200ms,25,64,1,101,421,400,396,1257,704,944,337,266,1887
2026-09-15T21:06:00.623051+00:00,3167,1781253,128x,200ms,25,64,0,92,387,398,408,1140,650,885,307,240,1719
2026-09-15T21:06:01.141866+00:00,3168,1781774,128x,200ms,25,64,0,73,291,303,321,582,410,510,191,155,978
2026-09-15T21:06:01.662358+00:00,3169,1782294,128x,200ms,25,64,0,40,122,156,163,425,348,393,161,132,760
2026-09-15T21:06:02.181862+00:00,3170,1782814,128x,200ms,25,64,0,44,136,171,180,537,451,449,180,140,875
2026-09-15T21:06:02.701863+00:00,3171,1783334,128x,200ms,25,64,0,59,173,220,225,480,401,412,171,136,811
2026-09-15T21:06:03.230032+00:00,3172,1783856,128x,200ms,25,64,0,47,137,177,184,521,439,437,179,139,857
2026-09-15T21:06:03.750247+00:00,3173,1784376,128x,200ms,25,64,1,65,186,235,242,611,519,500,195,142,969
2026-09-15T21:06:04.270118+00:00,3174,1784897,128x,200ms,25,64,1,70,216,275,281,1089,924,924,308,210,1731
2026-09-15T21:06:04.790552+00:00,3175,1785418,128x,200ms,25,64,1,120,414,532,530,1019,877,860,294,185,1546
2026-09-15T21:06:05.310217+00:00,3176,1785940,128x,200ms,25,64,1,112,365,464,473,1108,963,942,328,216,1748
2026-09-15T21:06:05.838679+00:00,3177,1786463,128x,200ms,25,64,1,108,340,432,443,972,868,842,298,193,1548
2026-09-15T21:06:06.358629+00:00,3178,1786985,128x,200ms,25,64,1,103,311,408,412,781,682,676,238,153,1240
2026-09-15T21:06:06.878861+00:00,3179,1787507,128x,200ms,25,64,0,106,307,410,413,1000,995,902,319,202,1678
2026-09-15T21:06:07.398976+00:00,3180,1788029,128x,200ms,25,64,0,130,331,447,458,1098,1132,992,351,216,1852
2026-09-15T21:06:07.438014+00:00,3181,1788551,128x,200ms,25,64,0,168,436,587,595,1210,962,1024,361,253,2434
2026-09-15T21:06:08.437922+00:00,3182,1789073,128x,200ms,25,64,0,263,606,804,771,2821,2046,1601,668,1420,10504
2026-09-15T21:06:08.966886+00:00,3183,1789594,128x,200ms,25,64,0,151,497,515,570,1176,1115,944,418,365,3161
2026-09-15T21:06:09.485903+00:00,3184,1790116,128x,200ms,25,64,0,82,184,260,276,1090,532,1424,256,1172,6222
2026-09-15T21:06:10.005858+00:00,3185,1790638,128x,200ms,25,64,1,79,189,278,299,1367,548,1845,262,1253,6757
2026-09-15T21:06:10.535873+00:00,3186,1791161,128x,200ms,25,64,1,83,185,379,296,938,778,955,299,998,5876
2026-09-15T21:06:11.054574+00:00,3187,1791683,128x,200ms,25,64,1,160,348,472,475,333,276,320,137,126,629
2026-09-15T21:06:11.574639+00:00,3188,1792204,128x,200ms,25,64,1,48,128,153,175,471,421,442,184,125,655
2026-09-15T21:06:12.093996+00:00,3189,1792726,128x,200ms,25,64,1,65,192,243,261,691,598,621,230,160,968
2026-09-15T21:06:12.613967+00:00,3190,1793247,128x,200ms,25,64,1,68,204,256,276,608,531,563,217,155,865
2026-09-15T21:06:13.133910+00:00,3191,1793768,128x,200ms,25,64,0,66,195,245,265,618,536,568,217,156,887
2026-09-15T21:06:13.654795+00:00,3192,1794289,128x,200ms,25,64,0,65,190,238,259,601,524,552,212,151,856
2026-09-15T21:06:14.174393+00:00,3193,1794810,128x,200ms,25,64,0,66,227,288,294,774,696,676,234,150,1108
2026-09-15T21:06:14.695563+00:00,3194,1795331,128x,200ms,25,64,0,80,235,307,313,883,796,782,274,171,1282
2026-09-15T21:06:15.215978+00:00,3195,1795852,128x,200ms,25,64,0,94,265,348,356,761,676,676,238,150,1084
2026-09-15T21:06:15.734895+00:00,3196,1796372,128x,200ms,25,64,0,81,232,302,311,676,591,604,216,138,954
2026-09-15T21:06:16.254745+00:00,3197,1796892,128x,200ms,25,64,1,68,200,257,266,620,547,552,198,130,871
2026-09-15T21:06:16.782317+00:00,3198,1797413,128x,200ms,25,64,1,73,205,266,278,559,485,508,189,135,825
2026-09-15T21:06:17.302867+00:00,3199,1797936,128x,200ms,25,64,1,57,168,217,225,475,409,432,162,107,628
2026-09-15T21:06:17.822220+00:00,3200,1798457,128x,200ms,25,64,1,48,142,181,190,468,403,427,160,105,607
2026-09-15T21:06:18.341856+00:00,3201,1798978,128x,200ms,25,64,1,51,150,193,201,463,393,423,157,106,620
2026-09-15T21:06:18.861847+00:00,3202,1799500,128x,200ms,25,64,1,44,133,169,178,399,344,375,143,100,540
2026-09-15T21:06:19.381846+00:00,3203,1800022,128x,200ms,25,64,0,48,137,175,182,468,425,434,164,114,666
2026-09-15T21:06:19.901986+00:00,3204,1800542,128x,200ms,25,64,0,34,102,125,133,357,293,338,133,100,497
2026-09-15T21:06:20.421849+00:00,3205,1801062,128x,200ms,25,64,0,53,148,190,197,604,596,556,206,137,927
2026-09-15T21:06:20.941925+00:00,3206,1801582,128x,200ms,25,64,0,71,191,253,259,557,525,510,192,131,825
2026-09-15T21:06:21.463484+00:00,3207,1802102,128x,200ms,25,64,0,64,177,232,236,548,502,496,190,131,801
2026-09-15T21:06:21.982079+00:00,3208,1802624,128x,200ms,25,64,0,65,181,231,240,527,482,477,188,135,809
2026-09-15T21:06:22.502168+00:00,3209,1803144,128x,200ms,25,64,1,62,175,222,231,521,472,475,187,136,799
2026-09-15T21:06:23.031381+00:00,3210,1803665,128x,200ms,25,64,1,56,159,199,209,480,418,437,174,128,718
2026-09-15T21:06:23.549935+00:00,3211,1804185,128x,200ms,25,64,1,53,154,192,201,473,409,431,172,127,706
2026-09-15T21:06:24.070772+00:00,3212,1804706,128x,200ms,25,64,1,54,156,195,204,479,417,436,174,128,718
2026-09-15T21:06:24.590236+00:00,3213,1805227,128x,200ms,25,64,1,55,158,197,207,469,410,427,172,128,716
2026-09-15T21:06:25.110199+00:00,3214,1805748,128x,200ms,25,64,1,53,152,188,197,454,397,414,168,125,698
2026-09-15T21:06:25.629845+00:00,3215,1806269,128x,200ms,25,64,0,48,136,169,177,354,306,329,135,105,521
2026-09-15T21:06:26.150229+00:00,3216,1806789,128x,200ms,25,64,0,36,107,130,134,331,272,302,131,98,483
2026-09-15T21:06:26.670564+00:00,3217,1807309,128x,200ms,25,64,0,37,111,135,137,364,308,325,143,102,535
2026-09-15T21:06:27.189837+00:00,3218,1807830,128x,200ms,25,64,0,35,103,126,128,323,260,298,127,98,466
2026-09-15T21:06:27.709852+00:00,3219,1808350,128x,200ms,25,64,0,35,102,123,130,325,255,293,129,96,445
2026-09-15T21:06:28.229971+00:00,3220,1808870,128x,200ms,25,64,0,34,102,123,124,321,251,289,128,95,441
2026-09-15T21:06:28.749836+00:00,3221,1809390,128x,200ms,25,64,1,36,106,128,129,333,266,297,131,97,464
2026-09-15T21:06:29.270411+00:00,3222,1809910,128x,200ms,25,64,1,35,102,125,128,327,267,299,126,95,458
2026-09-15T21:06:29.790071+00:00,3223,1810432,128x,200ms,25,64,1,40,116,142,148,357,308,323,135,99,508
2026-09-15T21:06:30.310730+00:00,3224,1810953,128x,200ms,25,64,1,41,117,143,147,355,307,319,135,98,501
2026-09-15T21:06:30.830878+00:00,3225,1811474,128x,200ms,25,64,1,48,136,168,172,414,386,368,154,106,604
2026-09-15T21:06:31.349881+00:00,3226,1811995,128x,200ms,25,64,1,55,155,193,196,439,416,386,162,110,655
2026-09-15T21:06:31.878847+00:00,3227,1812516,128x,200ms,25,64,0,65,184,231,234,562,576,486,203,127,866
2026-09-15T21:06:32.399014+00:00,3228,1813037,128x,200ms,25,64,0,99,268,344,344,716,776,612,251,141,1116
2026-09-15T21:06:32.918856+00:00,3229,1813558,128x,200ms,25,64,0,107,287,369,369,804,883,683,274,147,1238
2026-09-15T21:06:33.438606+00:00,3230,1814079,128x,200ms,25,64,0,120,317,410,410,748,799,629,255,136,1112
2026-09-15T21:06:33.958659+00:00,3231,1814599,128x,200ms,25,64,0,66,185,232,234,425,383,380,163,108,621
2026-09-15T21:06:34.477984+00:00,3232,1815120,128x,200ms,25,64,0,80,215,272,277,763,807,653,261,133,1087
2026-09-15T21:06:34.998458+00:00,3233,1815641,128x,200ms,25,64,1,77,209,264,265,492,472,433,185,117,747
2026-09-15T21:06:35.518605+00:00,3234,1816162,128x,200ms,25,64,1,68,186,235,235,614,634,531,220,126,938
2026-09-15T21:06:36.046248+00:00,3235,1816683,128x,200ms,25,64,1,104,276,354,355,787,848,668,269,139,1168
2026-09-15T21:06:36.566061+00:00,3236,1817205,128x,200ms,25,64,1,118,311,402,404,840,912,708,283,143,1231
2026-09-15T21:06:37.085836+00:00,3237,1817726,128x,200ms,25,64,1,127,331,428,430,884,962,739,294,144,1269
2026-09-15T21:06:37.606087+00:00,3238,1818249,128x,200ms,25,64,1,137,354,460,461,948,1032,782,310,146,1319
2026-09-15T21:06:38.126687+00:00,3239,1818771,128x,200ms,25,64,0,144,369,481,482,995,1082,813,321,147,1344
2026-09-15T21:06:38.645768+00:00,3240,1819292,128x,200ms,25,64,0,147,378,491,492,979,1068,804,318,148,1345
2026-09-15T21:06:39.166016+00:00,3241,1819812,128x,200ms,25,64,0,122,317,410,410,359,301,317,143,104,545
2026-09-15T21:06:39.686892+00:00,3242,1820334,128x,200ms,25,64,0,38,113,137,138,354,287,313,142,103,524
2026-09-15T21:06:40.206269+00:00,3243,1820854,128x,200ms,25,64,0,41,121,146,147,374,318,330,148,105,558
2026-09-15T21:06:40.726254+00:00,3244,1821374,128x,200ms,25,64,0,47,134,164,164,373,318,330,148,105,559
2026-09-15T21:06:41.246275+00:00,3245,1821894,128x,200ms,25,64,1,46,132,161,162,414,376,363,160,109,624
2026-09-15T21:06:41.767561+00:00,3246,1822415,128x,200ms,25,64,1,60,167,208,209,544,543,470,203,132,861
2026-09-15T21:06:42.294861+00:00,3247,1822937,128x,200ms,25,64,1,32,97,115,120,311,244,285,122,96,426
2026-09-15T21:06:42.813822+00:00,3248,1823458,128x,200ms,25,64,1,34,101,120,128,329,264,299,130,95,421
2026-09-15T21:06:42.854173+00:00,3249,1823978,128x,200ms,25,64,1,34,103,123,129,330,259,297,129,94,409
2026-09-15T21:06:43.854635+00:00,3250,1824499,128x,200ms,25,64,1,66,186,233,241,1171,1267,1015,392,190,1667
2026-09-15T21:06:44.373938+00:00,3251,1825021,128x,200ms,25,64,0,163,397,519,546,1087,1141,930,356,165,1414
2026-09-15T21:06:44.902028+00:00,3252,1825544,128x,200ms,25,64,0,162,391,513,542,1091,1142,928,357,166,1396
2026-09-15T21:06:45.421823+00:00,3253,1826065,128x,200ms,25,64,0,155,374,489,517,1105,1224,964,379,186,1648
2026-09-15T21:06:45.942659+00:00,3254,1826586,128x,200ms,25,64,0,126,328,422,430,695,723,604,242,130,1010
2026-09-15T21:06:46.461978+00:00,3255,1827107,128x,200ms,25,64,0,101,267,343,348,680,700,585,233,127,972
2026-09-15T21:06:46.981923+00:00,3256,1827629,128x,200ms,25,64,0,105,277,356,361,697,735,605,245,139,1066
2026-09-15T21:06:47.502569+00:00,3257,1828150,128x,200ms,25,64,1,64,180,226,230,410,369,365,159,110,635
2026-09-15T21:06:48.029868+00:00,3258,1828671,128x,200ms,25,64,1,37,109,131,136,345,287,313,138,102,527
2026-09-15T21:06:48.062427+00:00,3259,1829192,128x,200ms,25,64,1,75,204,258,263,806,886,694,282,152,1258
2026-09-15T21:06:49.070610+00:00,3260,1829714,128x,200ms,25,64,1,176,453,594,604,1086,1248,926,369,186,1712
2026-09-15T21:06:49.589949+00:00,3261,1830237,128x,200ms,25,64,1,161,416,543,549,1039,1161,861,344,165,1503
2026-09-15T21:06:50.109704+00:00,3262,1830759,128x,200ms,25,64,1,158,409,532,537,1035,1144,852,339,159,1448
2026-09-15T21:06:50.638399+00:00,3263,1831281,128x,200ms,25,64,0,159,410,534,539,1056,1168,868,344,160,1462
2026-09-15T21:06:51.157948+00:00,3264,1831803,128x,200ms,25,64,0,158,406,528,532,1033,1142,851,339,159,1441
2026-09-15T21:06:51.678348+00:00,3265,1832326,128x,200ms,25,64,0,157,405,526,530,1066,1179,873,346,159,1450
2026-09-15T21:06:52.198632+00:00,3266,1832847,128x,200ms,25,64,0,111,292,375,381,716,724,581,239,127,916
2026-09-15T21:06:52.718373+00:00,3267,1833368,128x,200ms,25,64,0,159,404,528,533,1138,1261,928,364,162,1500
2026-09-15T21:06:53.238536+00:00,3268,1833889,128x,200ms,25,64,0,165,418,547,551,1043,1137,845,333,152,1353
2026-09-15T21:06:53.766068+00:00,3269,1834412,128x,200ms,25,64,1,149,376,490,494,1047,1124,840,330,145,1283
2026-09-15T21:06:53.798439+00:00,3270,1834934,128x,200ms,25,64,1,134,343,443,445,786,819,641,255,124,985
2026-09-15T21:06:54.806219+00:00,3271,1835455,128x,200ms,25,64,1,144,368,478,484,1118,1305,976,379,182,1716
2026-09-15T21:06:55.334375+00:00,3272,1835977,128x,200ms,25,64,1,175,443,584,594,863,974,752,302,162,1400
2026-09-15T21:06:55.853703+00:00,3273,1836499,128x,200ms,25,64,1,134,349,455,460,931,1041,788,313,159,1418
2026-09-15T21:06:56.374235+00:00,3274,1837021,128x,200ms,25,64,1,159,410,538,544,875,979,750,303,162,1386
2026-09-15T21:06:56.894402+00:00,3275,1837543,128x,200ms,25,64,0,151,392,513,519,1077,1220,900,354,167,1566
2026-09-15T21:06:57.413974+00:00,3276,1838064,128x,200ms,25,64,0,150,389,509,513,760,832,660,267,148,1209
2026-09-15T21:06:57.934249+00:00,3277,1838586,128x,200ms,25,64,0,118,312,403,411,1180,1318,968,381,171,1614
2026-09-15T21:06:58.454299+00:00,3278,1839108,128x,200ms,25,64,0,170,437,573,579,1122,1260,932,369,170,1596
2026-09-15T21:06:58.981881+00:00,3279,1839629,128x,200ms,25,64,0,160,414,541,549,1124,1263,932,369,169,1595
2026-09-15T21:06:59.501700+00:00,3280,1840150,128x,200ms,25,64,0,150,390,509,515,1057,1188,886,353,167,1543
2026-09-15T21:07:00.022436+00:00,3281,1840672,128x,200ms,25,64,1,168,436,569,574,1137,1274,940,374,168,1575
2026-09-15T21:07:00.550251+00:00,3282,1841195,128x,200ms,25,64,1,186,477,627,631,1231,1373,998,394,171,1619
2026-09-15T21:07:01.062488+00:00,3283,1841717,128x,200ms,25,64,1,184,471,618,623,1179,1320,964,382,169,1600
2026-09-15T21:07:01.590377+00:00,3284,1842239,128x,200ms,25,64,1,173,447,585,589,1097,1241,912,364,168,1566
2026-09-15T21:07:02.110047+00:00,3285,1842761,128x,200ms,25,64,1,169,434,571,576,1104,1248,914,365,167,1566
2026-09-15T21:07:02.630197+00:00,3286,1843283,128x,200ms,25,64,1,135,353,462,465,956,1076,806,325,159,1428
2026-09-15T21:07:03.158099+00:00,3287,1843806,128x,200ms,25,64,0,149,387,504,508,944,1059,791,319,153,1377
2026-09-15T21:07:03.678410+00:00,3288,1844328,128x,200ms,25,64,0,161,413,541,545,1087,1219,890,354,157,1464
2026-09-15T21:07:04.198398+00:00,3289,1844849,128x,200ms,25,64,0,174,443,581,584,1142,1275,926,367,157,1475
2026-09-15T21:07:04.718877+00:00,3290,1845370,128x,200ms,25,64,0,179,454,596,600,1158,1295,940,372,161,1501
2026-09-15T21:07:05.238442+00:00,3291,1845893,128x,200ms,25,64,0,170,433,568,573,981,1109,823,330,158,1432
2026-09-15T21:07:05.758630+00:00,3292,1846414,128x,200ms,25,64,0,138,357,466,471,874,975,738,299,149,1295
2026-09-15T21:07:06.279362+00:00,3293,1846934,128x,200ms,25,64,1,133,344,446,450,836,923,705,285,144,1228
2026-09-15T21:07:06.807632+00:00,3294,1847456,128x,200ms,25,64,1,127,329,426,429,871,969,732,295,147,1279
2026-09-15T21:07:07.326772+00:00,3295,1847979,128x,200ms,25,64,1,133,344,447,451,877,976,733,296,147,1283
2026-09-15T21:07:07.845792+00:00,3296,1848500,128x,200ms,25,64,1,135,348,454,457,876,976,732,295,147,1279
2026-09-15T21:07:08.366320+00:00,3297,1849021,128x,200ms,25,64,1,134,346,451,454,874,973,730,295,147,1278
2026-09-15T21:07:08.893867+00:00,3298,1849543,128x,200ms,25,64,1,134,346,451,454,890,992,739,298,146,1283
2026-09-15T21:07:09.414036+00:00,3299,1850064,128x,200ms,25,64,0,139,357,465,468,900,1003,746,301,147,1289
2026-09-15T21:07:09.934513+00:00,3300,1850587,128x,200ms,25,64,0,135,347,452,455,878,979,730,295,144,1230
2026-09-15T21:07:10.447309+00:00,3301,1851108,128x,200ms,25,64,0,140,349,457,461,889,993,736,295,135,1070
2026-09-15T21:07:10.974692+00:00,3302,1851629,128x,200ms,25,64,0,141,350,458,462,892,995,736,295,134,1064
2026-09-15T21:07:11.494079+00:00,3303,1852150,128x,200ms,25,64,0,142,354,463,466,894,997,737,296,134,1056
2026-09-15T21:07:12.013811+00:00,3304,1852672,128x,200ms,25,64,0,140,346,455,458,940,1043,768,306,135,1056
2026-09-15T21:07:12.541931+00:00,3305,1853193,128x,200ms,25,64,1,154,380,499,502,1059,1155,843,331,134,1042
2026-09-15T21:07:13.061973+00:00,3306,1853715,128x,200ms,25,64,1,169,418,547,551,1023,1124,822,324,134,1043
2026-09-15T21:07:13.582322+00:00,3307,1854237,128x,200ms,25,64,1,166,412,540,544,1106,1195,872,341,134,1030
2026-09-15T21:07:14.101919+00:00,3308,1854759,128x,200ms,25,64,1,173,428,556,562,1141,1210,883,344,129,901
2026-09-15T21:07:14.622643+00:00,3309,1855282,128x,200ms,25,64,1,174,432,560,566,1141,1208,882,344,129,895
2026-09-15T21:07:15.150782+00:00,3310,1855804,128x,200ms,25,64,1,173,431,558,564,1138,1206,880,342,129,893
2026-09-15T21:07:15.670934+00:00,3311,1856326,128x,200ms,25,64,0,175,437,566,572,1144,1211,882,343,129,887
2026-09-15T21:07:16.190292+00:00,3312,1856847,128x,200ms,25,64,0,174,432,559,565,1144,1210,882,343,129,881
2026-09-15T21:07:16.710247+00:00,3313,1857369,128x,200ms,25,64,0,176,438,567,574,1164,1225,890,346,127,864
2026-09-15T21:07:17.230569+00:00,3314,1857890,128x,200ms,25,64,0,177,442,571,577,1180,1243,902,350,129,887
2026-09-15T21:07:17.757786+00:00,3315,1858411,128x,200ms,25,64,0,187,460,599,606,1198,1274,921,358,133,949
2026-09-15T21:07:18.270666+00:00,3316,1858932,128x,200ms,25,64,0,183,451,585,592,1178,1252,908,353,131,929
2026-09-15T21:07:18.797787+00:00,3317,1859454,128x,200ms,25,64,1,180,446,579,585,1165,1239,900,350,132,927
2026-09-15T21:07:19.318194+00:00,3318,1859977,128x,200ms,25,64,1,180,445,578,584,1167,1241,899,350,131,920
2026-09-15T21:07:19.846485+00:00,3319,1860498,128x,200ms,25,64,1,180,444,577,583,1167,1241,900,350,131,918
2026-09-15T21:07:20.365785+00:00,3320,1861020,128x,200ms,25,64,1,180,444,577,584,1173,1244,902,350,130,909
2026-09-15T21:07:20.886065+00:00,3321,1861542,128x,200ms,25,64,1,181,447,581,587,1166,1238,896,348,130,906
2026-09-15T21:07:21.405815+00:00,3322,1862065,128x,200ms,25,64,1,177,437,568,573,1122,1191,869,337,128,870
2026-09-15T21:07:21.925684+00:00,3323,1862587,128x,200ms,25,64,0,168,417,542,548,1074,1142,836,325,125,832
2026-09-15T21:07:22.446084+00:00,3324,1863108,128x,200ms,25,64,0,150,375,487,492,1063,1130,830,321,125,822
2026-09-15T21:07:22.965939+00:00,3325,1863629,128x,200ms,25,64,0,169,423,547,554,1135,1197,870,338,126,849
2026-09-15T21:07:23.486469+00:00,3326,1864152,128x,200ms,25,64,0,173,431,558,565,1143,1208,875,340,127,853
2026-09-15T21:07:24.014322+00:00,3327,1864673,128x,200ms,25,64,0,176,438,566,573,1164,1227,886,344,126,844
2026-09-15T21:07:24.534594+00:00,3328,1865194,128x,200ms,25,64,0,177,441,570,578,1164,1227,885,344,126,847
2026-09-15T21:07:25.061944+00:00,3329,1865715,128x,200ms,25,64,1,177,441,570,577,1162,1231,889,346,127,863
2026-09-15T21:07:25.574377+00:00,3330,1866237,128x,200ms,25,64,1,179,444,575,582,1142,1218,882,344,129,888
2026-09-15T21:07:26.094808+00:00,3331,1866759,128x,200ms,25,64,1,170,420,547,553,1087,1171,851,332,128,886
2026-09-15T21:07:26.621789+00:00,3332,1867281,128x,200ms,25,64,1,169,416,543,548,1086,1170,851,332,128,883
2026-09-15T21:07:27.142892+00:00,3333,1867803,128x,200ms,25,64,1,169,416,543,549,1098,1179,855,333,127,872
2026-09-15T21:07:27.663652+00:00,3334,1868324,128x,200ms,25,64,1,172,426,553,559,1160,1228,887,345,126,854
2026-09-15T21:07:28.182628+00:00,3335,1868847,128x,200ms,25,64,0,176,435,564,571,1133,1207,874,340,127,866
2026-09-15T21:07:28.709701+00:00,3336,1869368,128x,200ms,25,64,0,174,431,560,566,1129,1205,874,340,128,873
2026-09-15T21:07:29.230038+00:00,3337,1869889,128x,200ms,25,64,0,173,428,556,563,1122,1199,868,338,128,869
2026-09-15T21:07:29.749793+00:00,3338,1870411,128x,200ms,25,64,0,173,427,555,562,1122,1199,870,339,128,870
2026-09-15T21:07:30.270481+00:00,3339,1870932,128x,200ms,25,64,0,174,429,557,564,1126,1202,871,339,127,866
2026-09-15T21:07:30.790443+00:00,3340,1871454,128x,200ms,25,64,0,176,435,563,570,1145,1215,879,341,126,851
2026-09-15T21:07:31.309938+00:00,3341,1871975,128x,200ms,25,64,1,175,434,563,570,1134,1205,872,339,126,853
2026-09-15T21:07:31.839750+00:00,3342,1872497,128x,200ms,25,64,1,173,428,556,562,1120,1195,867,337,127,859
2026-09-15T21:07:32.358776+00:00,3343,1873019,128x,200ms,25,64,1,173,426,554,560,1116,1192,866,337,127,859
2026-09-15T21:07:32.877778+00:00,3344,1873541,128x,200ms,25,64,1,172,425,553,559,1112,1188,862,336,127,859
2026-09-15T21:07:33.399222+00:00,3345,1874063,128x,200ms,25,64,1,171,425,551,558,1148,1210,879,340,124,774
2026-09-15T21:07:33.925672+00:00,3346,1874585,128x,200ms,25,64,1,178,443,573,581,1177,1242,896,347,124,770
2026-09-15T21:07:34.446106+00:00,3347,1875106,128x,200ms,25,64,0,180,448,578,587,1180,1243,897,346,123,757
2026-09-15T21:07:34.966910+00:00,3348,1875629,128x,200ms,25,64,0,179,445,575,583,1095,1163,845,328,123,750
2026-09-15T21:07:35.486081+00:00,3349,1876150,128x,200ms,25,64,0,91,233,298,301,448,447,379,164,104,507
2026-09-15T21:07:36.006355+00:00,3350,1876671,128x,200ms,25,64,0,45,122,151,154,644,637,511,207,107,506
2026-09-15T21:07:36.526766+00:00,3351,1877191,128x,200ms,25,64,0,127,323,411,418,852,884,674,264,111,581
2026-09-15T21:07:37.045775+00:00,3352,1877711,128x,200ms,25,64,0,108,276,352,356,702,745,578,232,109,570
2026-09-15T21:07:37.566444+00:00,3353,1878233,128x,200ms,25,64,1,90,227,289,295,535,576,461,190,104,550
2026-09-15T21:07:38.086908+00:00,3354,1878754,128x,200ms,25,64,1,95,242,308,315,695,749,581,230,108,562
2026-09-15T21:07:38.605801+00:00,3355,1879276,128x,200ms,25,64,1,138,349,442,452,649,710,557,221,107,557
2026-09-15T21:07:39.134239+00:00,3356,1879797,128x,200ms,25,64,1,93,239,302,309,577,631,499,203,106,557
2026-09-15T21:07:39.653758+00:00,3357,1880318,128x,200ms,25,64,1,111,280,357,365,469,507,411,175,102,536
2026-09-15T21:07:40.174752+00:00,3358,1880840,128x,200ms,25,64,1,83,213,271,276,859,919,697,269,110,610
2026-09-15T21:07:40.693687+00:00,3359,1881361,128x,200ms,25,64,0,112,282,359,368,542,595,477,194,104,526
2026-09-15T21:07:41.214545+00:00,3360,1881882,128x,200ms,25,64,0,136,342,438,448,623,684,533,215,106,569
2026-09-15T21:07:41.734807+00:00,3361,1882403,128x,200ms,25,64,0,135,341,433,443,618,694,542,216,106,561
2026-09-15T21:07:42.253774+00:00,3362,1882924,128x,200ms,25,64,0,110,277,357,365,674,740,576,229,109,572
2026-09-15T21:07:42.781771+00:00,3363,1883445,128x,200ms,25,64,0,122,307,392,400,678,752,579,232,109,601
2026-09-15T21:07:43.301877+00:00,3364,1883966,128x,200ms,25,64,0,86,220,279,285,693,785,606,237,109,611
2026-09-15T21:07:43.821771+00:00,3365,1884487,128x,200ms,25,64,1,106,268,343,350,846,894,677,264,110,581
2026-09-15T21:07:44.342577+00:00,3366,1885008,128x,200ms,25,64,1,84,215,271,277,584,589,460,195,102,548
2026-09-15T21:07:44.861764+00:00,3367,1885530,128x,200ms,25,64,1,126,316,406,415,1098,1144,843,324,116,661
2026-09-15T21:07:45.382394+00:00,3368,1886051,128x,200ms,25,64,1,168,422,539,551,1133,1182,861,331,116,664
2026-09-15T21:07:45.901765+00:00,3369,1886573,128x,200ms,25,64,1,172,431,553,564,1032,1035,771,299,112,572
2026-09-15T21:07:46.431323+00:00,3370,1887094,128x,200ms,25,64,1,166,388,508,512,1095,1199,868,338,141,933
2026-09-15T21:07:46.949911+00:00,3371,1887617,128x,200ms,25,64,0,147,349,452,454,1000,1101,806,313,136,884
2026-09-15T21:07:47.469895+00:00,3372,1888138,128x,200ms,25,64,0,164,385,505,509,1044,1085,795,307,129,793
2026-09-15T21:07:47.990660+00:00,3373,1888660,128x,200ms,25,64,0,158,372,486,488,969,1006,744,290,129,809
2026-09-15T21:07:48.510536+00:00,3374,1889181,128x,200ms,25,64,0,168,387,513,515,1011,1066,785,310,138,935
2026-09-15T21:07:49.029865+00:00,3375,1889702,128x,200ms,25,64,0,174,402,533,537,1081,1140,834,328,141,968
2026-09-15T21:07:49.557775+00:00,3376,1890224,128x,200ms,25,64,0,183,427,564,567,1153,1240,897,351,145,1013
2026-09-15T21:07:50.078774+00:00,3377,1890746,128x,200ms,25,64,1,194,454,600,603,1204,1301,938,366,148,1035
2026-09-15T21:07:50.597870+00:00,3378,1891268,128x,200ms,25,64,1,199,469,619,623,1238,1334,957,372,147,1035
2026-09-15T21:07:51.125771+00:00,3379,1891790,128x,200ms,25,64,1,205,486,637,641,1240,1336,960,373,148,1040
2026-09-15T21:07:51.645763+00:00,3380,1892313,128x,200ms,25,64,1,203,478,630,634,1233,1334,959,371,148,1047
2026-09-15T21:07:52.165772+00:00,3381,1892835,128x,200ms,25,64,1,202,477,629,633,1252,1353,972,376,149,1049
2026-09-15T21:07:52.687144+00:00,3382,1893357,128x,200ms,25,64,1,206,488,641,646,1260,1364,980,378,149,1053
2026-09-15T21:07:53.214558+00:00,3383,1893880,128x,200ms,25,64,0,210,496,653,657,1268,1373,985,380,149,1051
2026-09-15T21:07:53.734304+00:00,3384,1894402,128x,200ms,25,64,0,209,494,650,654,1280,1386,992,383,148,1047
2026-09-15T21:07:54.254170+00:00,3385,1894924,128x,200ms,25,64,0,210,499,655,659,1262,1378,987,380,148,1047
2026-09-15T21:07:54.286221+00:00,3386,1895446,128x,200ms,25,64,0,209,493,649,653,1260,1381,989,381,149,1054
2026-09-15T21:07:55.294550+00:00,3387,1895968,128x,200ms,25,64,0,212,502,661,665,1300,1415,1012,390,150,1057
2026-09-15T21:07:55.822640+00:00,3388,1896491,128x,200ms,25,64,0,216,512,672,677,1316,1429,1022,393,151,1059
2026-09-15T21:07:55.855659+00:00,3389,1897012,128x,200ms,25,64,1,218,517,679,683,1351,1460,1042,402,151,1060
2026-09-15T21:07:56.374061+00:00,3390,1897535,128x,200ms,25,64,1,217,516,677,682,1320,1432,1023,394,150,1054
2026-09-15T21:07:57.383545+00:00,3391,1898058,128x,200ms,25,64,1,220,522,684,689,1356,1465,1044,401,150,1048
2026-09-15T21:07:57.909757+00:00,3392,1898580,128x,200ms,25,64,1,223,531,695,700,1361,1471,1047,402,149,1041
2026-09-15T21:07:58.430451+00:00,3393,1899103,128x,200ms,25,64,1,218,518,679,683,1184,1265,914,353,140,933
2026-09-15T21:07:58.950766+00:00,3394,1899625,128x,200ms,25,64,1,114,284,366,370,830,884,655,258,119,674
2026-09-15T21:07:59.469752+00:00,3395,1900147,128x,200ms,25,64,0,127,306,396,398,854,875,655,255,117,653
2026-09-15T21:07:59.997764+00:00,3396,1900667,128x,200ms,25,64,0,138,323,423,424,882,907,677,264,122,725
2026-09-15T21:08:00.517759+00:00,3397,1901189,128x,200ms,25,64,0,145,335,442,443,905,940,698,272,127,795
2026-09-15T21:08:01.037630+00:00,3398,1901710,128x,200ms,25,64,0,148,340,450,452,927,965,713,279,129,829
2026-09-15T21:08:01.557774+00:00,3399,1902231,128x,200ms,25,64,0,162,371,494,495,958,1059,768,305,138,957
2026-09-15T21:08:02.079199+00:00,3400,1902752,128x,200ms,25,64,0,154,356,475,474,877,988,720,289,139,964
2026-09-15T21:08:02.597700+00:00,3401,1903273,128x,200ms,25,64,1,151,349,466,466,880,994,723,290,139,967
2026-09-15T21:08:03.117954+00:00,3402,1903795,128x,200ms,25,64,1,153,355,473,473,848,959,701,283,139,967
2026-09-15T21:08:03.637932+00:00,3403,1904316,128x,200ms,25,64,1,143,332,444,443,829,951,693,282,140,988
2026-09-15T21:08:04.157752+00:00,3404,1904838,128x,200ms,25,64,1,146,339,453,451,829,953,698,283,140,991
2026-09-15T21:08:04.686512+00:00,3405,1905359,128x,200ms,25,64,1,146,336,449,449,846,975,711,287,140,988
2026-09-15T21:08:05.206345+00:00,3406,1905881,128x,200ms,25,64,1,148,340,454,455,839,966,706,284,139,983
2026-09-15T21:08:05.726488+00:00,3407,1906402,128x,200ms,25,64,0,150,346,462,463,846,974,710,286,139,986
2026-09-15T21:08:06.245641+00:00,3408,1906923,128x,200ms,25,64,0,150,346,462,462,851,981,714,288,139,985
2026-09-15T21:08:06.766537+00:00,3409,1907444,128x,200ms,25,64,0,149,344,459,459,847,977,711,287,140,984
2026-09-15T21:08:07.285756+00:00,3410,1907965,128x,200ms,25,64,0,147,339,453,453,836,963,702,284,139,983
2026-09-15T21:08:07.813949+00:00,3411,1908487,128x,200ms,25,64,0,148,341,456,456,840,968,705,284,139,978
2026-09-15T21:08:08.334196+00:00,3412,1909008,128x,200ms,25,64,0,153,355,473,473,859,987,718,289,138,975
2026-09-15T21:08:08.853747+00:00,3413,1909529,128x,200ms,25,64,1,150,346,461,461,829,954,696,281,139,974
2026-09-15T21:08:09.373736+00:00,3414,1910050,128x,200ms,25,64,1,145,334,446,445,814,937,685,278,138,972
2026-09-15T21:08:09.893972+00:00,3415,1910572,128x,200ms,25,64,1,143,328,439,438,805,926,678,275,138,971
2026-09-15T21:08:10.413746+00:00,3416,1911093,128x,200ms,25,64,1,142,325,434,434,790,908,666,270,137,967
2026-09-15T21:08:10.935285+00:00,3417,1911614,128x,200ms,25,64,1,139,318,426,425,778,894,657,267,137,964
2026-09-15T21:08:11.454599+00:00,3418,1912136,128x,200ms,25,64,1,137,314,420,420,782,900,659,268,136,958
2026-09-15T21:08:11.974047+00:00,3419,1912657,128x,200ms,25,64,0,140,323,431,432,809,930,677,275,136,958
2026-09-15T21:08:12.494130+00:00,3420,1913179,128x,200ms,25,64,0,142,328,437,439,744,829,617,250,132,910
2026-09-15T21:08:13.022539+00:00,3421,1913700,128x,200ms,25,64,0,119,271,366,365,678,763,566,235,132,919
2026-09-15T21:08:13.542728+00:00,3422,1914220,128x,200ms,25,64,0,122,279,373,372,690,789,581,243,133,932
2026-09-15T21:08:14.061657+00:00,3423,1914741,128x,200ms,25,64,0,125,286,382,381,701,802,590,246,134,936
2026-09-15T21:08:14.581957+00:00,3424,1915262,128x,200ms,25,64,0,127,291,388,388,721,823,603,251,134,935
2026-09-15T21:08:15.101753+00:00,3425,1915784,128x,200ms,25,64,1,130,301,401,400,748,849,619,256,134,929
2026-09-15T21:08:15.630758+00:00,3426,1916305,128x,200ms,25,64,1,133,309,410,410,763,866,629,260,134,931
2026-09-15T21:08:16.149747+00:00,3427,1916826,128x,200ms,25,64,1,131,303,404,403,731,829,607,252,134,927
2026-09-15T21:08:16.669744+00:00,3428,1917348,128x,200ms,25,64,1,127,294,391,390,713,803,591,246,133,920
2026-09-15T21:08:17.189942+00:00,3429,1917870,128x,200ms,25,64,1,125,287,383,382,710,800,588,245,133,917
2026-09-15T21:08:17.710085+00:00,3430,1918392,128x,200ms,25,64,1,125,287,384,382,713,802,590,246,132,917
2026-09-15T21:08:18.229742+00:00,3431,1918913,128x,200ms,25,64,0,124,287,384,383,722,805,591,246,131,904
2026-09-15T21:08:18.749765+00:00,3432,1919434,128x,200ms,25,64,0,124,285,381,380,714,793,583,243,130,894
2026-09-15T21:08:19.270435+00:00,3433,1919955,128x,200ms,25,64,0,124,287,384,383,717,802,590,245,131,902
2026-09-15T21:08:19.789710+00:00,3434,1920476,128x,200ms,25,64,0,122,282,377,376,705,785,580,241,130,898
2026-09-15T21:08:20.309809+00:00,3435,1920997,128x,200ms,25,64,0,122,280,375,374,696,774,573,237,130,894
2026-09-15T21:08:20.837709+00:00,3436,1921518,128x,200ms,25,64,0,124,284,381,381,714,796,587,243,131,898
2026-09-15T21:08:21.359665+00:00,3437,1922038,128x,200ms,25,64,1,122,280,375,375,758,822,613,246,128,853
2026-09-15T21:08:21.879519+00:00,3438,1922561,128x,200ms,25,64,1,113,254,341,340,693,735,560,221,114,685
2026-09-15T21:08:22.398938+00:00,3439,1923082,128x,200ms,25,64,1,104,255,328,329,849,809,618,237,89,356
2026-09-15T21:08:22.918027+00:00,3440,1923603,128x,200ms,25,64,1,110,278,351,354,723,701,544,212,92,383
2026-09-15T21:08:23.445610+00:00,3441,1924124,128x,200ms,25,64,1,100,253,320,323,674,657,509,203,99,477
2026-09-15T21:08:23.958392+00:00,3442,1924645,128x,200ms,25,64,1,128,295,390,389,796,823,614,248,123,802
2026-09-15T21:08:24.478214+00:00,3443,1925167,128x,200ms,25,64,0,114,258,345,344,413,425,347,151,106,611
2026-09-15T21:08:25.005956+00:00,3444,1925688,128x,200ms,25,64,0,74,174,230,229,599,676,511,214,122,831
2026-09-15T21:08:25.526459+00:00,3445,1926208,128x,200ms,25,64,0,174,409,542,545,1137,1263,902,349,132,922
2026-09-15T21:08:26.045735+00:00,3446,1926729,128x,200ms,25,64,0,194,457,604,608,1178,1299,930,359,134,931
2026-09-15T21:08:26.565737+00:00,3447,1927250,128x,200ms,25,64,0,191,456,601,607,1158,1262,914,352,128,849
2026-09-15T21:08:27.087437+00:00,3448,1927772,128x,200ms,25,64,0,173,423,552,559,1205,1270,923,354,119,692
2026-09-15T21:08:27.613897+00:00,3449,1928294,128x,200ms,25,64,1,186,466,599,609,1220,1275,927,355,117,657
2026-09-15T21:08:28.134614+00:00,3450,1928816,128x,200ms,25,64,1,184,462,593,604,1203,1253,913,348,115,628
2026-09-15T21:08:28.653846+00:00,3451,1929337,128x,200ms,25,64,1,179,452,578,589,1176,1221,891,340,112,588
2026-09-15T21:08:29.174343+00:00,3452,1929860,128x,200ms,25,64,1,173,439,561,571,1165,1205,880,336,111,572
2026-09-15T21:08:29.694465+00:00,3453,1930382,128x,200ms,25,64,1,179,451,578,587,1187,1237,903,344,116,640
2026-09-15T21:08:30.214641+00:00,3454,1930903,128x,200ms,25,64,1,160,369,496,501,914,1066,782,306,134,932
2026-09-15T21:08:30.744027+00:00,3455,1931425,128x,200ms,25,64,0,185,440,582,588,1111,1228,892,345,137,919
2026-09-15T21:08:31.262766+00:00,3456,1931947,128x,200ms,25,64,0,197,467,617,622,1209,1325,956,367,141,957
2026-09-15T21:08:31.781731+00:00,3457,1932468,128x,200ms,25,64,0,203,483,636,642,1194,1293,941,358,135,888
2026-09-15T21:08:32.302758+00:00,3458,1932990,128x,200ms,25,64,0,182,440,577,583,1096,1195,881,335,130,824
2026-09-15T21:08:32.829732+00:00,3459,1933511,128x,200ms,25,64,0,167,400,530,536,1013,1128,834,318,129,827
2026-09-15T21:08:33.342246+00:00,3460,1934033,128x,200ms,25,64,0,165,393,523,528,1016,1133,837,319,131,839
2026-09-15T21:08:33.870030+00:00,3461,1934555,128x,200ms,25,64,1,176,420,556,561,1166,1280,927,356,138,922
2026-09-15T21:08:34.389601+00:00,3462,1935077,128x,200ms,25,64,1,178,430,565,572,1117,1218,892,337,128,735
2026-09-15T21:08:34.909845+00:00,3463,1935599,128x,200ms,25,64,1,182,437,573,580,1095,1196,879,332,127,730
2026-09-15T21:08:35.430537+00:00,3464,1936120,128x,200ms,25,64,1,158,374,497,504,859,994,738,283,123,704
2026-09-15T21:08:35.958524+00:00,3465,1936642,128x,200ms,25,64,1,143,336,448,455,819,956,706,274,122,697
2026-09-15T21:08:36.478012+00:00,3466,1937164,128x,200ms,25,64,1,136,320,426,433,735,866,637,257,123,744
2026-09-15T21:08:36.998271+00:00,3467,1937685,128x,200ms,25,64,0,158,367,492,499,949,1080,800,305,127,752
2026-09-15T21:08:37.520128+00:00,3468,1938206,128x,200ms,25,64,0,161,392,514,521,1073,1169,850,323,124,691
2026-09-15T21:08:38.038268+00:00,3469,1938727,128x,200ms,25,64,0,178,427,558,565,1104,1205,874,332,129,738
2026-09-15T21:08:38.558639+00:00,3470,1939249,128x,200ms,25,64,0,181,433,566,574,1121,1213,879,333,128,737
2026-09-15T21:08:39.079362+00:00,3471,1939770,128x,200ms,25,64,0,184,442,575,582,1138,1227,888,337,128,739
2026-09-15T21:08:39.598582+00:00,3472,1940292,128x,200ms,25,64,0,186,445,581,589,1151,1241,898,341,129,752
2026-09-15T21:08:40.125603+00:00,3473,1940813,128x,200ms,25,64,1,185,444,580,588,1141,1237,895,340,130,762
2026-09-15T21:08:40.645725+00:00,3474,1941336,128x,200ms,25,64,1,179,429,562,569,1079,1189,859,330,130,769
2026-09-15T21:08:41.166184+00:00,3475,1941857,128x,200ms,25,64,1,181,433,569,576,1145,1252,907,345,132,777
2026-09-15T21:08:41.686992+00:00,3476,1942379,128x,200ms,25,64,1,190,457,598,606,1194,1311,944,358,134,789
2026-09-15T21:08:42.214798+00:00,3477,1942900,128x,200ms,25,64,1,180,428,566,573,1028,1154,851,319,132,780
2026-09-15T21:08:42.734570+00:00,3478,1943422,128x,200ms,25,64,1,207,495,645,655,1281,1389,996,371,133,780
2026-09-15T21:08:43.254422+00:00,3479,1943945,128x,200ms,25,64,0,200,477,625,633,1236,1343,973,361,133,781
2026-09-15T21:08:43.773749+00:00,3480,1944466,128x,200ms,25,64,0,185,440,578,586,826,947,676,269,129,769
2026-09-15T21:08:44.295387+00:00,3481,1944987,128x,200ms,25,64,0,140,327,432,437,784,916,659,261,129,767
2026-09-15T21:08:44.813762+00:00,3482,1945508,128x,200ms,25,64,0,147,342,455,461,918,1061,773,293,131,772
2026-09-15T21:08:45.334126+00:00,3483,1946030,128x,200ms,25,64,0,185,439,577,585,1220,1312,945,351,129,737
2026-09-15T21:08:45.862124+00:00,3484,1946551,128x,200ms,25,64,0,187,452,585,592,1121,1178,855,317,118,616
2026-09-15T21:08:46.383262+00:00,3485,1947072,128x,200ms,25,64,1,157,387,492,500,924,941,693,262,107,523
2026-09-15T21:08:46.902074+00:00,3486,1947594,128x,200ms,25,64,1,92,233,294,297,575,594,450,184,108,573
2026-09-15T21:08:47.421873+00:00,3487,1948115,128x,200ms,25,64,1,90,220,282,283,547,575,435,180,110,593
2026-09-15T21:08:47.942232+00:00,3488,1948637,128x,200ms,25,64,1,83,200,259,260,464,456,366,153,96,423
2026-09-15T21:08:48.461753+00:00,3489,1949158,128x,200ms,25,64,1,65,164,211,215,363,360,316,132,96,460
2026-09-15T21:08:48.981819+00:00,3490,1949679,128x,200ms,25,64,1,54,141,178,182,321,309,276,118,91,396
2026-09-15T21:08:49.502138+00:00,3491,1950199,128x,200ms,25,64,0,44,107,139,144,441,453,369,154,100,503
2026-09-15T21:08:50.022419+00:00,3492,1950720,128x,200ms,25,64,0,46,114,150,155,303,307,274,117,93,422
2026-09-15T21:08:50.542255+00:00,3493,1951240,128x,200ms,25,64,0,47,118,155,159,333,345,298,128,93,413
2026-09-15T21:08:51.061897+00:00,3494,1951760,128x,200ms,25,64,0,48,124,160,164,318,325,284,122,93,396
2026-09-15T21:08:51.589724+00:00,3495,1952280,128x,200ms,25,64,0,169,406,532,539,1197,1304,933,354,129,726
2026-09-15T21:08:52.109722+00:00,3496,1952801,128x,200ms,25,64,0,129,316,416,426,875,965,716,273,110,535
2026-09-15T21:08:52.629833+00:00,3497,1953323,128x,200ms,25,64,1,139,346,450,461,902,973,722,273,107,493
2026-09-15T21:08:53.149781+00:00,3498,1953844,128x,200ms,25,64,1,131,330,427,439,742,833,621,240,104,473
2026-09-15T21:08:53.670325+00:00,3499,1954365,128x,200ms,25,64,1,123,305,397,408,796,886,658,252,106,485
2026-09-15T21:08:54.189607+00:00,3500,1954887,128x,200ms,25,64,1,127,312,409,420,805,900,667,255,108,512
2026-09-15T21:08:54.711087+00:00,3501,1955408,128x,200ms,25,64,1,127,312,410,420,792,890,660,253,108,510
2026-09-15T21:08:55.231225+00:00,3502,1955931,128x,200ms,25,64,1,125,308,404,415,807,910,674,259,110,533
2026-09-15T21:08:55.757795+00:00,3503,1956452,128x,200ms,25,64,0,133,322,425,435,804,911,674,259,111,545
2026-09-15T21:08:56.279006+00:00,3504,1956973,128x,200ms,25,64,0,128,311,410,420,753,860,636,246,108,519
2026-09-15T21:08:56.798587+00:00,3505,1957494,128x,200ms,25,64,0,105,258,338,347,986,1104,800,306,126,715
2026-09-15T21:08:57.318408+00:00,3506,1958016,128x,200ms,25,64,0,185,439,577,587,1041,1168,845,323,130,749
2026-09-15T21:08:57.845785+00:00,3507,1958537,128x,200ms,25,64,0,138,318,428,434,698,801,597,237,123,728
2026-09-15T21:08:58.358909+00:00,3508,1959058,128x,200ms,25,64,0,206,507,652,663,1302,1406,1008,383,133,765
2026-09-15T21:08:58.885715+00:00,3509,1959580,128x,200ms,25,64,1,195,467,611,621,949,1069,789,299,128,744
2026-09-15T21:08:59.406008+00:00,3510,1960101,128x,200ms,25,64,1,139,319,429,435,1088,1201,879,331,130,749
2026-09-15T21:08:59.925725+00:00,3511,1960624,128x,200ms,25,64,1,213,521,671,684,1281,1396,1001,378,131,748
2026-09-15T21:09:00.446744+00:00,3512,1961146,128x,200ms,25,64,1,198,476,620,631,1110,1230,891,336,127,733
2026-09-15T21:09:00.974325+00:00,3513,1961667,128x,200ms,25,64,1,165,386,512,520,926,1047,770,293,127,729
2026-09-15T21:09:01.494651+00:00,3514,1962189,128x,200ms,25,64,1,151,350,468,474,876,1001,739,282,126,730
2026-09-15T21:09:02.014486+00:00,3515,1962711,128x,200ms,25,64,0,143,332,444,450,1108,1221,888,335,129,739
2026-09-15T21:09:02.535002+00:00,3516,1963233,128x,200ms,25,64,0,198,482,624,632,1220,1304,934,357,127,724
2026-09-15T21:09:03.054784+00:00,3517,1963754,128x,200ms,25,64,0,175,428,550,557,1052,1063,784,296,106,503
2026-09-15T21:09:03.574238+00:00,3518,1964276,128x,200ms,25,64,0,155,408,509,520,1002,1006,743,281,100,446
2026-09-15T21:09:04.102495+00:00,3519,1964798,128x,200ms,25,64,0,151,383,482,490,1043,1057,778,293,101,448
2026-09-15T21:09:04.621660+00:00,3520,1965320,128x,200ms,25,64,0,158,387,505,515,895,992,737,281,110,552
2026-09-15T21:09:05.142358+00:00,3521,1965841,128x,200ms,25,64,1,157,406,509,519,1107,1139,832,313,102,430
2026-09-15T21:09:05.662140+00:00,3522,1966363,128x,200ms,25,64,1,173,449,567,580,1151,1203,877,329,103,458
2026-09-15T21:09:06.181706+00:00,3523,1966885,128x,200ms,25,64,1,215,528,681,695,1278,1373,991,373,116,637
2026-09-15T21:09:06.709717+00:00,3524,1967407,128x,200ms,25,64,1,191,479,612,627,1240,1319,953,357,109,560
2026-09-15T21:09:07.229710+00:00,3525,1967929,128x,200ms,25,64,1,192,477,612,626,1138,1224,902,335,110,585
2026-09-15T21:09:07.749721+00:00,3526,1968451,128x,200ms,25,64,1,178,428,560,572,1178,1266,929,346,113,604
2026-09-15T21:09:08.269951+00:00,3527,1968973,128x,200ms,25,64,0,188,460,597,609,1229,1313,954,358,113,588
2026-09-15T21:09:08.790996+00:00,3528,1969495,128x,200ms,25,64,0,151,397,492,504,922,907,688,260,96,404
2026-09-15T21:09:09.309651+00:00,3529,1970016,128x,200ms,25,64,0,138,327,427,431,851,910,688,264,116,648
2026-09-15T21:09:09.829716+00:00,3530,1970537,128x,200ms,25,64,0,96,221,292,293,491,510,415,166,97,478
2026-09-15T21:09:10.349664+00:00,3531,1971057,128x,200ms,25,64,0,68,165,214,216,480,481,400,157,88,368
2026-09-15T21:09:10.878274+00:00,3532,1971577,128x,200ms,25,64,0,78,192,247,251,589,595,479,183,84,325
2026-09-15T21:09:11.399382+00:00,3533,1972098,128x,200ms,25,64,1,118,303,383,390,931,954,719,270,91,367
2026-09-15T21:09:11.918592+00:00,3534,1972619,128x,200ms,25,64,1,187,461,596,606,1269,1363,983,371,113,626
2026-09-15T21:09:12.438499+00:00,3535,1973140,128x,200ms,25,64,1,175,445,566,579,949,968,732,275,91,370
2026-09-15T21:09:12.958723+00:00,3536,1973661,128x,200ms,25,64,1,152,404,501,514,1153,1209,885,332,98,449
2026-09-15T21:09:13.477930+00:00,3537,1974182,128x,200ms,25,64,1,180,454,580,596,1088,1125,828,312,93,391
2026-09-15T21:09:13.998739+00:00,3538,1974705,128x,200ms,25,64,1,142,375,462,475,987,992,740,278,88,352
2026-09-15T21:09:14.518463+00:00,3539,1975226,128x,200ms,25,64,0,114,288,370,383,962,1014,768,287,98,438
2026-09-15T21:09:15.039303+00:00,3540,1975747,128x,200ms,25,64,0,140,364,458,469,943,970,733,275,94,387
2026-09-15T21:09:15.565710+00:00,3541,1976267,128x,200ms,25,64,0,136,353,444,455,927,947,718,270,93,378
2026-09-15T21:09:16.087435+00:00,3542,1976788,128x,200ms,25,64,0,136,353,444,455,944,965,729,273,93,381
2026-09-15T21:09:16.605912+00:00,3543,1977310,128x,200ms,25,64,0,135,351,440,451,924,956,732,271,95,404
2026-09-15T21:09:17.125715+00:00,3544,1977830,128x,200ms,25,64,0,139,358,452,464,673,777,591,232,100,470
2026-09-15T21:09:17.646275+00:00,3545,1978351,128x,200ms,25,64,1,156,408,510,524,1046,1068,789,297,92,374
2026-09-15T21:09:18.166076+00:00,3546,1978873,128x,200ms,25,64,1,148,390,485,497,1032,1051,778,293,93,376
2026-09-15T21:09:18.694221+00:00,3547,1979395,128x,200ms,25,64,1,147,387,481,492,1016,1033,767,289,93,376
2026-09-15T21:09:19.214347+00:00,3548,1979916,128x,200ms,25,64,1,146,383,478,489,1018,1036,769,290,93,378
2026-09-15T21:09:19.734204+00:00,3549,1980437,128x,200ms,25,64,1,146,384,478,490,1014,1032,767,289,94,378
2026-09-15T21:09:20.254169+00:00,3550,1980959,128x,200ms,25,64,1,146,383,477,488,1022,1038,770,290,93,373
2026-09-15T21:09:20.773709+00:00,3551,1981480,128x,200ms,25,64,0,147,387,480,492,1027,1042,770,291,92,366
2026-09-15T21:09:21.294263+00:00,3552,1982002,128x,200ms,25,64,0,146,387,478,491,1024,1037,768,290,92,366
2026-09-15T21:09:21.814139+00:00,3553,1982523,128x,200ms,25,64,0,143,373,465,476,769,818,626,240,99,457
2026-09-15T21:09:22.334323+00:00,3554,1983044,128x,200ms,25,64,0,130,301,402,408,694,804,587,238,121,693
2026-09-15T21:09:22.854279+00:00,3555,1983565,128x,200ms,25,64,0,102,231,312,316,441,494,376,165,109,606
2026-09-15T21:09:23.374102+00:00,3556,1984086,128x,200ms,25,64,0,72,162,217,218,388,426,332,148,105,562
2026-09-15T21:09:23.901675+00:00,3557,1984606,128x,200ms,25,64,1,56,128,170,171,354,382,304,137,101,528
2026-09-15T21:09:24.421959+00:00,3558,1985127,128x,200ms,25,64,1,57,130,173,174,341,363,294,134,99,509
2026-09-15T21:09:24.941804+00:00,3559,1985648,128x,200ms,25,64,1,53,122,160,162,307,307,266,122,94,459
2026-09-15T21:09:25.462455+00:00,3560,1986169,128x,200ms,25,64,1,34,84,106,107,231,210,203,97,87,368
2026-09-15T21:09:25.975164+00:00,3561,1986690,128x,200ms,25,64,1,45,105,137,139,462,511,393,170,110,618
2026-09-15T21:09:26.502134+00:00,3562,1987211,128x,200ms,25,64,1,62,140,187,188,477,532,406,176,111,628
2026-09-15T21:09:27.022537+00:00,3563,1987732,128x,200ms,25,64,0,81,180,242,243,420,461,359,157,107,591
2026-09-15T21:09:27.054756+00:00,3564,1988252,128x,200ms,25,64,0,81,178,242,243,806,928,681,271,122,700
2026-09-15T21:09:28.062190+00:00,3565,1988773,128x,200ms,25,64,0,110,250,334,336,1287,1406,1113,387,125,735
2026-09-15T21:09:28.590251+00:00,3566,1989295,128x,200ms,25,64,0,200,458,589,712,1080,1327,1073,361,135,885
2026-09-15T21:09:29.110013+00:00,3567,1989817,128x,200ms,25,64,0,134,310,385,506,777,881,792,260,114,701
2026-09-15T21:09:29.629660+00:00,3568,1990338,128x,200ms,25,64,0,168,394,490,611,1021,1185,976,332,127,824
2026-09-15T21:09:30.151489+00:00,3569,1990859,128x,200ms,25,64,1,170,399,497,617,1037,1237,1006,346,133,849
2026-09-15T21:09:30.670279+00:00,3570,1991382,128x,200ms,25,64,1,185,468,591,607,1159,1233,890,346,114,657
2026-09-15T21:09:31.198728+00:00,3571,1991904,128x,200ms,25,64,1,215,531,679,691,1359,1469,1052,401,124,707
2026-09-15T21:09:31.717685+00:00,3572,1992426,128x,200ms,25,64,1,187,450,588,596,1256,1360,982,373,124,698
2026-09-15T21:09:32.237701+00:00,3573,1992948,128x,200ms,25,64,1,215,536,685,699,996,1103,838,313,119,658
2026-09-15T21:09:32.765703+00:00,3574,1993469,128x,200ms,25,64,1,184,441,580,593,1323,1426,1038,389,126,713
2026-09-15T21:09:33.285700+00:00,3575,1993993,128x,200ms,25,64,0,203,505,645,658,1288,1370,987,373,118,649
2026-09-15T21:09:33.806123+00:00,3576,1994514,128x,200ms,25,64,0,158,403,506,516,963,954,711,271,96,460
2026-09-15T21:09:34.325769+00:00,3577,1995036,128x,200ms,25,64,0,131,339,421,431,906,882,662,254,90,417
2026-09-15T21:09:34.846236+00:00,3578,1995556,128x,200ms,25,64,0,141,361,451,461,1012,1013,753,287,99,482
2026-09-15T21:09:35.366335+00:00,3579,1996078,128x,200ms,25,64,0,157,398,502,512,1265,1347,968,370,120,666
2026-09-15T21:09:35.886527+00:00,3580,1996599,128x,200ms,25,64,0,133,344,427,436,995,994,748,281,90,376
2026-09-15T21:09:36.405680+00:00,3581,1997120,128x,200ms,25,64,1,143,349,448,466,843,889,672,259,99,491
2026-09-15T21:09:36.926028+00:00,3582,1997641,128x,200ms,25,64,1,122,326,400,410,848,829,634,240,85,345
2026-09-15T21:09:36.965592+00:00,3583,1998162,128x,200ms,25,64,1,128,316,405,419,1118,1168,848,320,95,410
2026-09-15T21:09:37.974961+00:00,3584,1998684,128x,200ms,25,64,1,159,415,517,531,1352,1463,1047,399,128,704
2026-09-15T21:09:38.494409+00:00,3585,1999206,128x,200ms,25,64,1,146,364,458,472,1012,1065,778,310,124,717
2026-09-15T21:09:39.013669+00:00,3586,1999728,128x,200ms,25,64,1,163,402,514,531,947,1093,793,311,120,685
2026-09-15T21:09:39.534323+00:00,3587,2000249,128x,200ms,25,64,0,136,345,436,453,848,966,700,283,117,655
2026-09-15T21:09:40.061916+00:00,3588,2000771,128x,200ms,25,64,0,144,360,455,470,884,987,716,289,120,703
2026-09-15T21:09:40.574303+00:00,3589,2001292,128x,200ms,25,64,0,141,347,445,463,837,937,708,271,106,515
2026-09-15T21:09:41.101841+00:00,3590,2001813,128x,200ms,25,64,0,111,286,358,374,1076,1167,835,329,124,698
2026-09-15T21:09:41.621703+00:00,3591,2002334,128x,200ms,25,64,0,201,495,636,647,883,993,734,283,117,651
2026-09-15T21:09:42.141694+00:00,3592,2002855,128x,200ms,25,64,0,77,171,231,233,331,341,297,130,92,474
2026-09-15T21:09:42.661715+00:00,3593,2003375,128x,200ms,25,64,1,57,127,169,171,493,547,430,181,106,595
2026-09-15T21:09:43.182626+00:00,3594,2003896,128x,200ms,25,64,1,84,187,253,254,437,475,380,162,103,566
2026-09-15T21:09:43.702249+00:00,3595,2004418,128x,200ms,25,64,1,100,226,304,306,581,660,504,207,112,630
2026-09-15T21:09:44.221909+00:00,3596,2004939,128x,200ms,25,64,1,103,232,313,316,617,700,532,217,113,635
2026-09-15T21:09:44.741637+00:00,3597,2005460,128x,200ms,25,64,1,107,244,329,332,641,730,552,223,114,638
2026-09-15T21:09:45.262362+00:00,3598,2005982,128x,200ms,25,64,1,119,275,368,372,925,995,744,293,119,677
2026-09-15T21:09:45.790574+00:00,3599,2006503,128x,200ms,25,64,0,152,384,478,496,960,990,736,292,115,653
2026-09-15T21:09:46.310108+00:00,3600,2007024,128x,200ms,25,64,0,143,351,451,463,1111,1215,897,336,123,681
2026-09-15T21:09:46.830306+00:00,3601,2007545,128x,200ms,25,64,0,204,501,645,653,1187,1285,931,354,123,678
2026-09-15T21:09:47.350825+00:00,3602,2008068,128x,200ms,25,64,0,180,434,568,574,1102,1208,876,335,122,674
2026-09-15T21:09:47.869703+00:00,3603,2008589,128x,200ms,25,64,0,181,437,570,576,1041,1146,841,323,123,675
2026-09-15T21:09:48.389692+00:00,3604,2009110,128x,200ms,25,64,0,143,334,441,447,905,932,712,271,105,561
2026-09-15T21:09:48.910745+00:00,3605,2009630,128x,200ms,25,64,1,121,299,381,389,775,797,619,237,98,473
2026-09-15T21:09:49.438265+00:00,3606,2010151,128x,200ms,25,64,1,114,281,359,366,789,801,622,240,104,553
2026-09-15T21:09:49.957691+00:00,3607,2010673,128x,200ms,25,64,1,117,287,367,375,751,766,595,233,106,591
2026-09-15T21:09:50.477699+00:00,3608,2011195,128x,200ms,25,64,1,133,319,411,419,825,857,655,251,106,550
2026-09-15T21:09:50.998427+00:00,3609,2011716,128x,200ms,25,64,1,130,320,410,417,825,850,649,247,102,497
2026-09-15T21:09:51.518478+00:00,3610,2012238,128x,200ms,25,64,1,122,306,386,394,1117,1176,863,328,121,661
2026-09-15T21:09:52.046335+00:00,3611,2012760,128x,200ms,25,64,0,217,541,690,707,1429,1530,1113,424,145,791
2026-09-15T21:09:52.566993+00:00,3612,2013281,128x,200ms,25,64,0,227,565,722,743,1530,1630,1227,468,161,916
2026-09-15T21:09:52.598557+00:00,3613,2013803,128x,200ms,25,64,0,235,587,752,782,1572,1681,1272,491,158,975
2026-09-15T21:09:53.606129+00:00,3614,2014325,128x,200ms,25,64,0,239,593,758,789,1609,1711,1324,505,174,1085
2026-09-15T21:09:54.125827+00:00,3615,2014846,128x,200ms,25,64,0,222,514,665,772,967,1177,1047,344,161,1055
2026-09-15T21:09:54.646002+00:00,3616,2015368,128x,200ms,25,64,0,100,232,298,374,886,960,932,285,125,698
2026-09-15T21:09:55.174616+00:00,3617,2015889,128x,200ms,25,64,1,87,206,244,371,548,619,704,207,115,669
2026-09-15T21:09:55.693569+00:00,3618,2016410,128x,200ms,25,64,1,117,280,356,428,1086,1120,1045,337,116,657
2026-09-15T21:09:56.214702+00:00,3619,2016933,128x,200ms,25,64,1,187,453,567,698,1228,1373,1228,395,139,871
2026-09-15T21:09:56.734712+00:00,3620,2017455,128x,200ms,25,64,1,192,446,572,703,1187,1343,1209,388,141,892
2026-09-15T21:09:57.254431+00:00,3621,2017978,128x,200ms,25,64,1,195,456,582,715,1270,1449,1267,410,149,970
2026-09-15T21:09:57.774711+00:00,3622,2018499,128x,200ms,25,64,1,222,512,658,792,1246,1421,1258,404,149,963
2026-09-15T21:09:58.301684+00:00,3623,2019022,128x,200ms,25,64,0,186,412,538,671,1172,1370,1213,389,153,999
2026-09-15T21:09:58.821695+00:00,3624,2019543,128x,200ms,25,64,0,170,373,488,618,1158,1359,1196,382,152,981
2026-09-15T21:09:59.341948+00:00,3625,2020065,128x,200ms,25,64,0,190,423,552,685,1121,1329,1178,378,152,986
2026-09-15T21:09:59.869653+00:00,3626,2020586,128x,200ms,25,64,0,183,406,531,664,1102,1305,1167,375,152,990
2026-09-15T21:10:00.390077+00:00,3627,2021108,128x,200ms,25,64,0,173,385,499,632,1014,1178,1080,346,146,962
2026-09-15T21:10:00.910436+00:00,3628,2021629,128x,200ms,25,64,0,176,394,512,643,1055,1253,1130,360,145,931
2026-09-15T21:10:01.429712+00:00,3629,2022152,128x,200ms,25,64,1,181,405,526,658,1105,1292,1156,368,143,904
2026-09-15T21:10:01.949722+00:00,3630,2022674,128x,200ms,25,64,1,182,406,530,662,1001,1208,1086,348,146,946
2026-09-15T21:10:02.477996+00:00,3631,2023197,128x,200ms,25,64,1,143,313,407,536,943,1111,1040,332,143,910
2026-09-15T21:10:02.998376+00:00,3632,2023718,128x,200ms,25,64,1,118,280,346,477,629,725,799,246,121,720
2026-09-15T21:10:03.518107+00:00,3633,2024240,128x,200ms,25,64,1,110,250,316,450,1137,1264,1176,367,133,795
2026-09-15T21:10:04.037628+00:00,3634,2024762,128x,200ms,25,64,1,159,365,470,606,1004,1159,1100,342,134,818
2026-09-15T21:10:04.558250+00:00,3635,2025284,128x,200ms,25,64,0,151,344,446,582,1000,1162,1098,343,135,827
2026-09-15T21:10:05.086277+00:00,3636,2025806,128x,200ms,25,64,0,170,385,502,638,1030,1202,1125,352,138,865
2026-09-15T21:10:05.606449+00:00,3637,2026329,128x,200ms,25,64,0,171,385,503,639,1137,1316,1201,379,146,936
2026-09-15T21:10:06.126238+00:00,3638,2026850,128x,200ms,25,64,0,191,434,565,702,1163,1336,1210,383,146,940
2026-09-15T21:10:06.646414+00:00,3639,2027371,128x,200ms,25,64,0,158,362,465,601,930,1065,1018,323,141,922
2026-09-15T21:10:07.174026+00:00,3640,2027893,128x,200ms,25,64,0,144,324,416,551,876,997,972,307,140,923
2026-09-15T21:10:07.695323+00:00,3641,2028413,128x,200ms,25,64,1,132,292,375,509,799,884,905,280,134,875
2026-09-15T21:10:08.213646+00:00,3642,2028936,128x,200ms,25,64,1,122,267,341,476,778,853,886,271,131,847
2026-09-15T21:10:08.736781+00:00,3643,2029457,128x,200ms,25,64,1,120,263,335,470,766,838,877,267,129,834
2026-09-15T21:10:09.254925+00:00,3644,2029978,128x,200ms,25,64,1,116,254,323,457,848,966,942,296,134,871
2026-09-15T21:10:09.774247+00:00,3645,2030499,128x,200ms,25,64,1,144,335,424,562,753,901,898,277,123,733
2026-09-15T21:10:10.294134+00:00,3646,2031021,128x,200ms,25,64,1,65,133,167,301,440,505,645,187,111,674
2026-09-15T21:10:10.813871+00:00,3647,2031542,128x,200ms,25,64,0,98,231,279,413,662,717,783,233,111,651
2026-09-15T21:10:11.333896+00:00,3648,2032062,128x,200ms,25,64,0,77,171,209,343,538,599,709,206,109,645
2026-09-15T21:10:11.853858+00:00,3649,2032582,128x,200ms,25,64,0,64,132,166,299,428,495,643,182,109,640
2026-09-15T21:10:12.374154+00:00,3650,2033103,128x,200ms,25,64,0,59,119,150,284,408,478,628,178,109,641
2026-09-15T21:10:12.893681+00:00,3651,2033624,128x,200ms,25,64,0,64,133,167,301,583,633,746,215,111,650
2026-09-15T21:10:13.414551+00:00,3652,2034144,128x,200ms,25,64,0,75,163,202,335,684,725,814,237,111,648
2026-09-15T21:10:13.935064+00:00,3653,2034665,128x,200ms,25,64,1,96,216,270,402,601,647,760,219,110,650
2026-09-15T21:10:14.455282+00:00,3654,2035186,128x,200ms,25,64,1,83,181,225,359,541,593,718,206,110,646
2026-09-15T21:10:14.982184+00:00,3655,2035707,128x,200ms,25,64,1,64,132,164,298,407,476,631,179,110,647
2026-09-15T21:10:15.501675+00:00,3656,2036229,128x,200ms,25,64,1,72,154,191,326,523,576,710,202,110,646
2026-09-15T21:10:16.022277+00:00,3657,2036750,128x,200ms,25,64,1,74,160,200,335,548,600,730,207,110,646
2026-09-15T21:10:16.542623+00:00,3658,2037271,128x,200ms,25,64,1,88,194,242,377,776,812,871,255,111,647
2026-09-15T21:10:17.062658+00:00,3659,2037792,128x,200ms,25,64,0,116,269,334,471,844,896,910,272,111,643
2026-09-15T21:10:17.581581+00:00,3660,2038312,128x,200ms,25,64,0,123,299,360,501,826,883,887,269,109,636
2026-09-15T21:10:18.102545+00:00,3661,2038834,128x,200ms,25,64,0,121,297,355,496,668,749,786,237,109,630
2026-09-15T21:10:18.621775+00:00,3662,2039355,128x,200ms,25,64,0,101,230,285,422,508,581,711,201,110,644
2026-09-15T21:10:19.150351+00:00,3663,2039876,128x,200ms,25,64,0,86,191,237,373,756,855,859,267,117,682
2026-09-15T21:10:19.669899+00:00,3664,2040396,128x,200ms,25,64,0,171,386,500,638,851,1016,999,306,134,814
2026-09-15T21:10:20.190114+00:00,3665,2040918,128x,200ms,25,64,1,122,275,350,487,737,883,911,277,129,790
2026-09-15T21:10:20.710469+00:00,3666,2041439,128x,200ms,25,64,1,141,323,412,550,853,1020,1003,308,133,826
2026-09-15T21:10:21.229727+00:00,3667,2041962,128x,200ms,25,64,1,147,336,429,568,802,902,929,274,119,693
2026-09-15T21:10:21.750411+00:00,3668,2042483,128x,200ms,25,64,1,61,126,155,287,480,533,679,192,111,655
2026-09-15T21:10:22.277896+00:00,3669,2043004,128x,200ms,25,64,1,132,302,381,519,970,1138,1056,327,125,735
2026-09-15T21:10:22.797627+00:00,3670,2043527,128x,200ms,25,64,1,119,290,349,488,877,935,918,286,115,668
2026-09-15T21:10:23.317872+00:00,3671,2044048,128x,200ms,25,64,0,134,335,399,542,1153,1235,1141,352,117,666
2026-09-15T21:10:23.837803+00:00,3672,2044570,128x,200ms,25,64,0,165,405,498,640,1150,1241,1145,353,117,669
2026-09-15T21:10:24.359465+00:00,3673,2045091,128x,200ms,25,64,0,163,396,487,627,1116,1197,1116,342,115,662
2026-09-15T21:10:24.885779+00:00,3674,2045614,128x,200ms,25,64,0,152,368,450,591,1027,1076,1035,316,113,652
2026-09-15T21:10:25.406289+00:00,3675,2046135,128x,200ms,25,64,0,128,318,376,517,1062,1134,1074,325,112,637
2026-09-15T21:10:25.926393+00:00,3676,2046657,128x,200ms,25,64,0,166,401,493,657,717,736,791,255,111,618
2026-09-15T21:10:26.447082+00:00,3677,2047177,128x,200ms,25,64,1,89,226,285,309,653,673,649,245,108,582
2026-09-15T21:10:26.966345+00:00,3678,2047698,128x,200ms,25,64,1,87,219,277,299,607,564,594,218,96,519
2026-09-15T21:10:27.486241+00:00,3679,2048220,128x,200ms,25,64,1,91,231,288,308,773,689,665,248,94,505
2026-09-15T21:10:28.014324+00:00,3680,2048741,128x,200ms,25,64,1,95,253,307,328,787,713,662,254,92,492
2026-09-15T21:10:28.526497+00:00,3681,2049262,128x,200ms,25,64,1,97,269,317,341,798,727,665,257,93,495
2026-09-15T21:10:29.046077+00:00,3682,2049782,128x,200ms,25,64,1,99,278,326,352,827,754,683,263,92,492
2026-09-15T21:10:29.566416+00:00,3683,2050304,128x,200ms,25,64,0,104,283,340,364,818,747,697,261,98,540
2026-09-15T21:10:30.094001+00:00,3684,2050825,128x,200ms,25,64,0,116,300,361,407,812,910,877,287,121,744
2026-09-15T21:10:30.613680+00:00,3685,2051346,128x,200ms,25,64,0,130,291,364,528,881,1078,1080,310,131,803
2026-09-15T21:10:31.133675+00:00,3686,2051867,128x,200ms,25,64,0,194,463,577,738,1059,1288,1200,355,126,730
2026-09-15T21:10:31.653666+00:00,3687,2052388,128x,200ms,25,64,0,147,358,434,613,912,1088,1093,310,117,667
2026-09-15T21:10:32.182743+00:00,3688,2052910,128x,200ms,25,64,0,151,371,446,625,918,1066,1086,308,117,682
2026-09-15T21:10:32.701547+00:00,3689,2053431,128x,200ms,25,64,1,134,331,394,572,919,1036,1079,301,115,674
2026-09-15T21:10:33.214766+00:00,3690,2053953,128x,200ms,25,64,1,130,308,380,553,888,976,1097,283,109,622
2026-09-15T21:10:33.741979+00:00,3691,2054474,128x,200ms,25,64,1,140,323,405,579,929,1044,1142,299,112,631
2026-09-15T21:10:34.261821+00:00,3692,2054996,128x,200ms,25,64,1,125,297,363,541,1018,1101,1161,314,111,630
2026-09-15T21:10:34.782078+00:00,3693,2055518,128x,200ms,25,64,1,144,349,422,597,1025,1109,1170,315,110,629
2026-09-15T21:10:35.310128+00:00,3694,2056040,128x,200ms,25,64,1,146,355,429,603,998,1073,1143,306,109,626
2026-09-15T21:10:35.829981+00:00,3695,2056562,128x,200ms,25,64,0,132,333,389,567,1049,1156,1191,325,111,622
2026-09-15T21:10:36.350861+00:00,3696,2057084,128x,200ms,25,64,0,115,268,325,493,803,880,1020,259,105,593
2026-09-15T21:10:36.870715+00:00,3697,2057606,128x,200ms,25,64,0,121,291,345,517,838,914,1019,270,104,578
2026-09-15T21:10:37.390885+00:00,3698,2058127,128x,200ms,25,64,0,108,235,295,464,727,833,1001,250,109,607
2026-09-15T21:10:37.910521+00:00,3699,2058648,128x,200ms,25,64,0,132,295,374,545,887,1037,1133,296,117,644
2026-09-15T21:10:38.434568+00:00,3700,2059169,128x,200ms,25,64,0,160,392,475,650,1311,1472,1395,399,122,684
2026-09-15T21:10:38.958049+00:00,3701,2059691,128x,200ms,25,64,1,230,551,693,872,1264,1477,1425,407,146,899
2026-09-15T21:10:39.478210+00:00,3702,2060213,128x,200ms,25,64,1,195,435,567,738,1249,1457,1420,404,146,894
2026-09-15T21:10:39.998499+00:00,3703,2060735,128x,200ms,25,64,1,204,461,597,769,1231,1444,1411,399,142,873
2026-09-15T21:10:40.526478+00:00,3704,2061257,128x,200ms,25,64,1,164,362,472,644,711,904,1026,275,133,827
2026-09-15T21:10:41.045891+00:00,3705,2061778,128x,200ms,25,64,1,112,224,298,469,667,847,988,261,135,854
2026-09-15T21:10:41.565643+00:00,3706,2062301,128x,200ms,25,64,1,120,241,321,493,661,842,986,259,134,849
2026-09-15T21:10:42.087526+00:00,3707,2062822,128x,200ms,25,64,0,103,200,268,439,516,650,864,213,122,752
2026-09-15T21:10:42.606032+00:00,3708,2063343,128x,200ms,25,64,0,104,204,270,440,816,968,1088,289,134,839
2026-09-15T21:10:43.125539+00:00,3709,2063864,128x,200ms,25,64,0,127,263,348,520,888,1051,1144,311,137,856
2026-09-15T21:10:43.645612+00:00,3710,2064387,128x,200ms,25,64,0,168,382,497,634,1050,1151,1080,356,140,846
2026-09-15T21:10:44.165968+00:00,3711,2064908,128x,200ms,25,64,0,119,275,357,413,749,777,834,284,131,789
2026-09-15T21:10:44.686123+00:00,3712,2065429,128x,200ms,25,64,0,91,225,281,334,935,1016,976,336,129,770
2026-09-15T21:10:45.213925+00:00,3713,2065949,128x,200ms,25,64,1,144,339,440,493,917,996,962,333,129,766
2026-09-15T21:10:45.733590+00:00,3714,2066470,128x,200ms,25,64,1,135,321,412,468,818,867,899,308,129,773
2026-09-15T21:10:46.253651+00:00,3715,2066993,128x,200ms,25,64,1,133,315,403,471,816,883,910,308,128,755
2026-09-15T21:10:46.773820+00:00,3716,2067514,128x,200ms,25,64,1,107,252,319,390,793,851,895,300,125,732
2026-09-15T21:10:47.293840+00:00,3717,2068036,128x,200ms,25,64,1,109,269,336,413,719,757,840,277,117,656
2026-09-15T21:10:47.814398+00:00,3718,2068557,128x,200ms,25,64,1,100,249,309,390,678,706,809,264,113,628
2026-09-15T21:10:48.341736+00:00,3719,2069079,128x,200ms,25,64,0,91,230,282,360,645,664,781,254,111,616
2026-09-15T21:10:48.862514+00:00,3720,2069600,128x,200ms,25,64,0,88,221,271,349,613,633,767,245,111,612
2026-09-15T21:10:49.374383+00:00,3721,2070120,128x,200ms,25,64,0,83,198,240,359,583,659,839,235,112,623
2026-09-15T21:10:49.902217+00:00,3722,2070641,128x,200ms,25,64,0,88,201,243,388,593,677,853,238,112,628
2026-09-15T21:10:50.422424+00:00,3723,2071161,128x,200ms,25,64,0,106,255,321,401,758,762,829,267,119,711
2026-09-15T21:10:50.454485+00:00,3724,2071683,128x,200ms,25,64,0,167,411,518,595,1370,1392,1225,429,144,812
2026-09-15T21:10:50.982358+00:00,3725,2072204,128x,200ms,25,64,1,235,611,759,864,1718,1794,1514,540,167,1013
2026-09-15T21:10:51.990179+00:00,3726,2072727,128x,200ms,25,64,1,246,635,788,897,1745,1827,1509,550,170,1032
2026-09-15T21:10:52.510077+00:00,3727,2073250,128x,200ms,25,64,1,233,615,760,841,1706,1842,1652,535,160,969
2026-09-15T21:10:53.029829+00:00,3728,2073773,128x,200ms,25,64,1,251,631,780,988,1760,1943,1802,552,165,1032
2026-09-15T21:10:53.557553+00:00,3729,2074296,128x,200ms,25,64,1,251,631,780,988,1732,1911,1781,543,161,999
2026-09-15T21:10:54.077534+00:00,3730,2074818,128x,200ms,25,64,1,246,620,765,972,1708,1881,1764,536,158,969
2026-09-15T21:10:54.598320+00:00,3731,2075340,128x,200ms,25,64,0,242,612,754,961,1696,1870,1755,532,157,960
2026-09-15T21:10:55.118261+00:00,3732,2075862,128x,200ms,25,64,0,242,611,753,961,1692,1864,1751,531,156,951
2026-09-15T21:10:55.639047+00:00,3733,2076383,128x,200ms,25,64,0,240,607,747,954,1676,1841,1737,525,153,928
2026-09-15T21:10:56.166512+00:00,3734,2076905,128x,200ms,25,64,0,234,596,731,937,1661,1826,1726,521,152,917
2026-09-15T21:10:56.686235+00:00,3735,2077426,128x,200ms,25,64,0,235,597,734,940,1655,1826,1719,519,152,916
2026-09-15T21:10:57.206792+00:00,3736,2077948,128x,200ms,25,64,0,235,595,733,938,1659,1828,1722,520,152,915
2026-09-15T21:10:57.248500+00:00,3737,2078470,128x,200ms,25,64,1,244,607,749,950,1730,1906,1769,554,169,1137
2026-09-15T21:10:57.766024+00:00,3738,2078993,128x,200ms,25,64,1,260,668,830,927,1830,1899,1576,587,179,1183
2026-09-15T21:10:58.285967+00:00,3739,2079515,128x,200ms,25,64,1,270,674,836,1019,1859,2066,1897,596,189,1296
2026-09-15T21:10:58.813696+00:00,3740,2080038,128x,200ms,25,64,1,271,672,831,1051,1854,2065,1905,594,189,1310
2026-09-15T21:10:59.333568+00:00,3741,2080563,128x,200ms,25,64,1,271,672,830,1050,1861,2066,1910,595,192,1335
2026-09-15T21:10:59.853757+00:00,3742,2081086,128x,200ms,25,64,1,270,672,830,1050,1861,2066,1911,595,192,1333
2026-09-15T21:11:00.381529+00:00,3743,2081608,128x,200ms,25,64,0,271,674,834,1054,1864,2072,1915,596,192,1332
2026-09-15T21:11:00.901677+00:00,3744,2082130,128x,200ms,25,64,0,271,673,833,1054,1861,2069,1912,596,191,1327
2026-09-15T21:11:01.422375+00:00,3745,2082653,128x,200ms,25,64,0,271,673,832,1052,1858,2071,1913,596,188,1314
2026-09-15T21:11:01.942353+00:00,3746,2083175,128x,200ms,25,64,0,270,671,831,1052,1859,2070,1912,595,189,1313
2026-09-15T21:11:02.469599+00:00,3747,2083697,128x,200ms,25,64,0,271,673,832,1053,1860,2070,1912,596,189,1314
2026-09-15T21:11:02.989883+00:00,3748,2084219,128x,200ms,25,64,0,271,673,832,1053,1861,2072,1916,596,189,1314
2026-09-15T21:11:03.518566+00:00,3749,2084742,128x,200ms,25,64,1,270,672,831,1053,1860,2070,1913,596,190,1319
2026-09-15T21:11:04.038429+00:00,3750,2085265,128x,200ms,25,64,1,271,672,831,1051,1858,2068,1913,595,188,1307
2026-09-15T21:11:04.557637+00:00,3751,2085788,128x,200ms,25,64,1,271,673,831,1053,1861,2070,1916,595,189,1310
2026-09-15T21:11:05.086014+00:00,3752,2086311,128x,200ms,25,64,1,270,672,831,1053,1861,2067,1915,594,190,1312
2026-09-15T21:11:05.605799+00:00,3753,2086835,128x,200ms,25,64,1,271,674,831,1053,1860,2065,1913,593,191,1312
2026-09-15T21:11:06.126833+00:00,3754,2087357,128x,200ms,25,64,1,271,675,833,1056,1864,2070,1919,595,191,1325
2026-09-15T21:11:06.645960+00:00,3755,2087880,128x,200ms,25,64,0,270,673,831,1054,1861,2066,1917,594,191,1322
2026-09-15T21:11:07.174152+00:00,3756,2088402,128x,200ms,25,64,0,270,672,830,1053,1859,2064,1915,594,191,1318
2026-09-15T21:11:07.693604+00:00,3757,2088925,128x,200ms,25,64,0,270,672,829,1052,1861,2069,1921,595,190,1315
2026-09-15T21:11:08.213830+00:00,3758,2089448,128x,200ms,25,64,0,270,672,831,1053,1861,2067,1919,594,189,1308
2026-09-15T21:11:08.733940+00:00,3759,2089970,128x,200ms,25,64,0,270,672,830,1053,1858,2064,1917,593,189,1307
2026-09-15T21:11:09.262305+00:00,3760,2090492,128x,200ms,25,64,0,270,673,830,1054,1859,2067,1921,594,189,1308
2026-09-15T21:11:09.782404+00:00,3761,2091015,128x,200ms,25,64,1,270,671,829,1052,1855,2063,1917,593,187,1299
2026-09-15T21:11:10.310320+00:00,3762,2091538,128x,200ms,25,64,1,269,670,829,1053,1853,2061,1916,593,187,1299
2026-09-15T21:11:10.830310+00:00,3763,2092061,128x,200ms,25,64,1,269,671,828,1051,1854,2063,1918,593,188,1302
2026-09-15T21:11:11.358312+00:00,3764,2092584,128x,200ms,25,64,1,269,672,829,1053,1855,2063,1919,593,188,1302
2026-09-15T21:11:11.878179+00:00,3765,2093108,128x,200ms,25,64,1,269,670,827,1051,1855,2063,1919,593,188,1303
2026-09-15T21:11:12.397550+00:00,3766,2093631,128x,200ms,25,64,1,268,667,824,1048,1848,2054,1912,590,187,1294
2026-09-15T21:11:12.917564+00:00,3767,2094154,128x,200ms,25,64,0,267,667,822,1045,1844,2049,1909,589,187,1287
2026-09-15T21:11:13.446386+00:00,3768,2094676,128x,200ms,25,64,0,266,665,819,1043,1841,2045,1907,588,186,1283
2026-09-15T21:11:13.965531+00:00,3769,2095199,128x,200ms,25,64,0,266,664,819,1043,1842,2045,1906,588,186,1284
2026-09-15T21:11:14.486203+00:00,3770,2095721,128x,200ms,25,64,0,267,668,822,1047,1845,2049,1911,588,186,1283
2026-09-15T21:11:15.006326+00:00,3771,2096243,128x,200ms,25,64,0,267,666,821,1045,1848,2052,1914,589,187,1288
2026-09-15T21:11:15.534191+00:00,3772,2096766,128x,200ms,25,64,0,267,667,823,1048,1844,2048,1910,588,187,1286
2026-09-15T21:11:16.053687+00:00,3773,2097289,128x,200ms,25,64,1,267,668,822,1047,1846,2049,1913,589,187,1289
2026-09-15T21:11:16.573904+00:00,3774,2097811,128x,200ms,25,64,1,266,665,819,1044,1842,2045,1911,588,187,1287
2026-09-15T21:11:17.102464+00:00,3775,2098334,128x,200ms,25,64,1,265,664,817,1043,1836,2037,1905,586,186,1281
2026-09-15T21:11:17.621790+00:00,3776,2098857,128x,200ms,25,64,1,266,666,820,1045,1842,2049,1911,587,184,1271
2026-09-15T21:11:18.629643+00:00,3777,2099380,128x,200ms,25,64,1,265,659,810,1038,1721,1906,1809,537,152,1000
2026-09-15T21:11:19.149821+00:00,3778,2099904,128x,200ms,25,64,1,220,556,661,898,1629,1803,1752,505,140,908
2026-09-15T21:11:19.677663+00:00,3779,2100426,128x,200ms,25,64,0,225,567,678,915,1525,1668,1678,470,133,868
2026-09-15T21:11:20.197873+00:00,3780,2100948,128x,200ms,25,64,0,220,555,663,900,1591,1754,1727,492,139,906
2026-09-15T21:11:20.239005+00:00,3781,2101471,128x,200ms,25,64,0,248,615,746,985,1870,2085,1964,598,189,1313
2026-09-15T21:11:20.758366+00:00,3782,2101992,128x,200ms,25,64,0,265,684,843,992,1960,2143,1995,621,231,1449
2026-09-15T21:11:21.278531+00:00,3783,2102515,128x,200ms,25,64,0,282,711,873,1099,1966,2143,2000,627,237,1491
2026-09-15T21:11:21.797816+00:00,3784,2103037,128x,200ms,25,64,0,277,702,858,1083,1954,2125,1992,623,235,1472
2026-09-15T21:11:22.805726+00:00,3785,2103560,128x,200ms,25,64,1,257,662,806,1009,1789,1906,1801,560,171,1043
2026-09-15T21:11:23.333819+00:00,3786,2104082,128x,200ms,25,64,1,187,506,598,769,1340,1380,1461,413,131,789
2026-09-15T21:11:23.854033+00:00,3787,2104604,128x,200ms,25,64,1,162,430,497,701,1170,1182,1303,354,112,634
2026-09-15T21:11:24.375320+00:00,3788,2105126,128x,200ms,25,64,1,139,372,418,629,1031,1073,1220,329,112,667
2026-09-15T21:11:24.895408+00:00,3789,2105649,128x,200ms,25,64,1,146,388,440,653,1155,1181,1300,353,113,660
2026-09-15T21:11:25.414587+00:00,3790,2106171,128x,200ms,25,64,1,137,365,412,622,1172,1192,1301,358,113,666
2026-09-15T21:11:25.941650+00:00,3791,2106693,128x,200ms,25,64,0,177,467,551,743,1433,1482,1486,427,118,665
2026-09-15T21:11:26.461775+00:00,3792,2107214,128x,200ms,25,64,0,201,526,626,836,1566,1679,1636,469,126,726
2026-09-15T21:11:26.981791+00:00,3793,2107737,128x,200ms,25,64,0,240,613,749,962,1736,1886,1761,524,141,840
2026-09-15T21:11:27.509745+00:00,3794,2108259,128x,200ms,25,64,0,239,616,753,956,1691,1824,1719,509,134,781
2026-09-15T21:11:28.029549+00:00,3795,2108780,128x,200ms,25,64,0,225,585,708,918,1634,1766,1692,491,129,748
2026-09-15T21:11:28.549569+00:00,3796,2109302,128x,200ms,25,64,0,233,599,727,944,1768,1934,1814,536,144,909
2026-09-15T21:11:28.582174+00:00,3797,2109824,128x,200ms,25,64,1,252,632,772,992,1767,1942,1831,540,149,924
2026-09-15T21:11:29.589646+00:00,3798,2110346,128x,200ms,25,64,1,257,639,780,1014,1763,1947,1853,540,148,926
2026-09-15T21:11:30.118473+00:00,3799,2110869,128x,200ms,25,64,1,250,627,759,995,1726,1891,1813,526,143,882
2026-09-15T21:11:30.638358+00:00,3800,2111391,128x,200ms,25,64,1,244,617,751,970,1713,1870,1773,522,140,865
2026-09-15T21:11:31.157870+00:00,3801,2111913,128x,200ms,25,64,1,245,623,759,980,1764,1934,1813,538,146,924
2026-09-15T21:11:31.678799+00:00,3802,2112436,128x,200ms,25,64,1,250,632,772,993,1743,1905,1795,531,143,892
2026-09-15T21:11:32.198430+00:00,3803,2112958,128x,200ms,25,64,0,242,617,750,971,1737,1899,1792,529,143,886
2026-09-15T21:11:32.727477+00:00,3804,2113479,128x,200ms,25,64,0,251,630,768,989,1718,1879,1789,526,141,879
2026-09-15T21:11:33.246447+00:00,3805,2114001,128x,200ms,25,64,0,237,602,723,962,1723,1895,1826,527,142,878
2026-09-15T21:11:33.767284+00:00,3806,2114523,128x,200ms,25,64,0,252,628,765,1004,1717,1850,1700,530,141,868
2026-09-15T21:11:34.293515+00:00,3807,2115045,128x,200ms,25,64,0,230,592,716,901,1496,1599,1599,453,119,683
2026-09-15T21:11:34.805704+00:00,3808,2115567,128x,200ms,25,64,0,186,484,565,780,1289,1323,1415,386,111,642
2026-09-15T21:11:35.333535+00:00,3809,2116088,128x,200ms,25,64,1,140,371,415,629,1131,1175,1326,348,109,620
2026-09-15T21:11:35.853971+00:00,3810,2116612,128x,200ms,25,64,1,136,362,404,622,1049,1083,1228,331,108,607
2026-09-15T21:11:36.373900+00:00,3811,2117134,128x,200ms,25,64,1,131,359,404,573,844,858,1014,285,107,590
2026-09-15T21:11:36.901639+00:00,3812,2117656,128x,200ms,25,64,1,67,180,202,323,520,470,717,201,104,560
2026-09-15T21:11:37.422532+00:00,3813,2118177,128x,200ms,25,64,1,55,142,170,242,503,428,635,194,102,541
2026-09-15T21:11:37.942463+00:00,3814,2118699,128x,200ms,25,64,1,55,149,175,235,540,467,667,206,102,541
2026-09-15T21:11:38.461812+00:00,3815,2119220,128x,200ms,25,64,0,53,141,168,227,486,383,546,186,100,513
2026-09-15T21:11:38.982028+00:00,3816,2119740,128x,200ms,25,64,0,53,141,169,218,503,412,588,193,101,530
2026-09-15T21:11:39.502618+00:00,3817,2120260,128x,200ms,25,64,0,55,149,175,231,511,438,648,194,101,543
2026-09-15T21:11:40.022027+00:00,3818,2120780,128x,200ms,25,64,0,62,184,206,258,581,497,661,213,102,518
2026-09-15T21:11:40.541717+00:00,3819,2121302,128x,200ms,25,64,0,61,158,177,292,522,482,739,198,102,537
2026-09-15T21:11:41.061633+00:00,3820,2121822,128x,200ms,25,64,0,58,147,168,274,476,426,695,184,103,535
2026-09-15T21:11:41.583508+00:00,3821,2122342,128x,200ms,25,64,1,59,140,163,291,493,463,737,190,109,575
2026-09-15T21:11:41.614107+00:00,3822,2122863,128x,200ms,25,64,1,70,160,192,326,650,741,934,239,128,700
2026-09-15T21:11:42.622437+00:00,3823,2123384,128x,200ms,25,64,1,206,502,650,709,1083,1178,1153,348,151,874
2026-09-15T21:11:43.142736+00:00,3824,2123907,128x,200ms,25,64,1,77,164,202,405,451,558,838,186,129,737
2026-09-15T21:11:43.669638+00:00,3825,2124428,128x,200ms,25,64,1,47,108,141,183,416,438,644,170,118,673
2026-09-15T21:11:44.189640+00:00,3826,2124949,128x,200ms,25,64,1,65,121,156,347,418,529,854,169,117,708
2026-09-15T21:11:44.702528+00:00,3827,2125470,128x,200ms,25,64,0,68,127,160,350,455,550,879,180,120,724
2026-09-15T21:11:45.229972+00:00,3828,2125990,128x,200ms,25,64,0,70,135,165,356,466,557,890,186,119,709
2026-09-15T21:11:45.749638+00:00,3829,2126512,128x,200ms,25,64,0,71,138,167,358,472,563,894,190,121,720
2026-09-15T21:11:46.269922+00:00,3830,2127031,128x,200ms,25,64,0,73,146,175,368,531,620,942,216,131,782
2026-09-15T21:11:46.789630+00:00,3831,2127551,128x,200ms,25,64,0,106,275,297,508,652,743,1004,253,134,781
2026-09-15T21:11:47.310434+00:00,3832,2128073,128x,200ms,25,64,0,76,159,186,378,515,605,931,212,131,779
2026-09-15T21:11:47.830571+00:00,3833,2128593,128x,200ms,25,64,1,77,156,187,380,526,614,939,213,133,801
2026-09-15T21:11:48.350047+00:00,3834,2129115,128x,200ms,25,64,1,76,153,188,379,525,616,943,211,136,824
2026-09-15T21:11:48.870207+00:00,3835,2129635,128x,200ms,25,64,1,77,154,190,383,531,620,946,213,136,827
2026-09-15T21:11:49.390029+00:00,3836,2130157,128x,200ms,25,64,1,78,157,191,385,537,625,951,215,136,824
2026-09-15T21:11:49.909791+00:00,3837,2130678,128x,200ms,25,64,1,78,157,191,385,497,590,922,198,131,803
2026-09-15T21:11:50.431324+00:00,3838,2131200,128x,200ms,25,64,1,72,137,177,372,481,591,922,193,128,788
2026-09-15T21:11:50.950437+00:00,3839,2131721,128x,200ms,25,64,0,70,140,175,376,494,591,934,196,126,784
2026-09-15T21:11:51.470282+00:00,3840,2132241,128x,200ms,25,64,0,71,140,175,374,504,590,941,197,125,784
2026-09-15T21:11:51.990421+00:00,3841,2132761,128x,200ms,25,64,0,71,143,177,377,494,586,932,195,124,776
2026-09-15T21:11:52.517726+00:00,3842,2133281,128x,200ms,25,64,0,70,140,173,375,492,588,932,194,125,785
2026-09-15T21:11:53.030368+00:00,3843,2133801,128x,200ms,25,64,0,71,142,175,377,479,583,921,192,125,784
2026-09-15T21:11:53.550495+00:00,3844,2134322,128x,200ms,25,64,0,70,136,171,371,473,580,917,190,125,775
2026-09-15T21:11:54.077732+00:00,3845,2134841,128x,200ms,25,64,1,71,140,174,376,478,579,927,190,123,774
2026-09-15T21:11:54.598202+00:00,3846,2135362,128x,200ms,25,64,1,70,135,171,367,482,582,925,191,124,770
2026-09-15T21:11:55.118096+00:00,3847,2135883,128x,200ms,25,64,1,71,136,173,368,481,579,919,191,124,767
2026-09-15T21:11:55.638281+00:00,3848,2136404,128x,200ms,25,64,1,71,134,171,364,478,579,919,190,124,769
2026-09-15T21:11:56.157954+00:00,3849,2136926,128x,200ms,25,64,1,71,135,173,366,479,581,922,190,125,777
2026-09-15T21:11:56.677884+00:00,3850,2137446,128x,200ms,25,64,1,71,135,173,367,473,577,918,188,125,783
2026-09-15T21:11:57.197979+00:00,3851,2137967,128x,200ms,25,64,0,70,133,170,364,466,570,908,185,125,781
2026-09-15T21:11:57.718353+00:00,3852,2138488,128x,200ms,25,64,0,70,132,169,362,471,573,912,187,125,779
2026-09-15T21:11:58.237968+00:00,3853,2139009,128x,200ms,25,64,0,71,135,171,364,471,572,911,187,125,777
2026-09-15T21:11:58.757642+00:00,3854,2139528,128x,200ms,25,64,0,71,134,172,364,469,570,907,186,125,776
2026-09-15T21:11:59.277680+00:00,3855,2140048,128x,200ms,25,64,0,71,133,170,362,469,570,909,185,125,777
2026-09-15T21:11:59.797709+00:00,3856,2140568,128x,200ms,25,64,0,71,135,171,365,471,574,911,187,125,780
2026-09-15T21:12:00.317644+00:00,3857,2141088,128x,200ms,25,64,1,71,135,172,365,475,577,918,188,126,788
2026-09-15T21:12:00.838654+00:00,3858,2141609,128x,200ms,25,64,1,72,136,173,366,471,572,913,187,126,783
2026-09-15T21:12:01.357548+00:00,3859,2142130,128x,200ms,25,64,1,71,135,171,365,473,574,914,188,126,780
2026-09-15T21:12:01.885505+00:00,3860,2142651,128x,200ms,25,64,1,71,134,171,365,468,571,911,186,125,776
2026-09-15T21:12:02.398447+00:00,3861,2143172,128x,200ms,25,64,1,71,134,170,364,470,572,914,187,126,778
2026-09-15T21:12:02.925821+00:00,3862,2143693,128x,200ms,25,64,1,72,137,173,366,481,581,920,192,127,779
2026-09-15T21:12:03.445625+00:00,3863,2144214,128x,200ms,25,64,0,72,137,172,365,469,570,912,187,126,771
2026-09-15T21:12:03.965865+00:00,3864,2144735,128x,200ms,25,64,0,72,135,170,363,471,571,913,188,126,773
2026-09-15T21:12:04.486134+00:00,3865,2145254,128x,200ms,25,64,0,72,136,172,365,474,576,918,189,126,778
2026-09-15T21:12:05.005760+00:00,3866,2145774,128x,200ms,25,64,0,72,136,172,365,469,572,915,187,126,772
2026-09-15T21:12:05.525683+00:00,3867,2146295,128x,200ms,25,64,0,71,134,169,363,463,564,907,185,125,762
2026-09-15T21:12:06.046432+00:00,3868,2146816,128x,200ms,25,64,0,70,131,166,358,461,561,905,184,124,757
2026-09-15T21:12:06.565522+00:00,3869,2147336,128x,200ms,25,64,1,71,132,168,364,461,569,911,184,124,765
2026-09-15T21:12:07.085634+00:00,3870,2147857,128x,200ms,25,64,1,71,133,169,364,471,573,917,188,125,769
2026-09-15T21:12:07.606227+00:00,3871,2148377,128x,200ms,25,64,1,71,132,169,364,458,567,910,183,124,767
2026-09-15T21:12:08.125683+00:00,3872,2148898,128x,200ms,25,64,1,70,130,167,363,455,567,909,183,124,770
2026-09-15T21:12:08.646118+00:00,3873,2149420,128x,200ms,25,64,1,70,132,168,366,456,568,912,183,125,772
2026-09-15T21:12:09.166295+00:00,3874,2149941,128x,200ms,25,64,1,70,129,165,361,452,563,907,180,123,763
2026-09-15T21:12:09.693818+00:00,3875,2150462,128x,200ms,25,64,0,70,130,167,363,456,566,910,181,123,762
2026-09-15T21:12:10.206179+00:00,3876,2150983,128x,200ms,25,64,0,70,130,167,363,458,567,913,182,124,766
2026-09-15T21:12:10.725938+00:00,3877,2151503,128x,200ms,25,64,0,71,131,168,365,459,569,916,183,124,770
2026-09-15T21:12:11.246351+00:00,3878,2152024,128x,200ms,25,64,0,71,132,169,365,462,571,918,184,125,771
2026-09-15T21:12:11.773627+00:00,3879,2152544,128x,200ms,25,64,0,71,132,170,367,462,572,920,184,125,773
2026-09-15T21:12:12.294257+00:00,3880,2153064,128x,200ms,25,64,0,71,132,169,365,459,568,915,183,124,766
2026-09-15T21:12:12.814097+00:00,3881,2153584,128x,200ms,25,64,1,70,131,168,364,456,565,914,182,124,761
2026-09-15T21:12:13.334267+00:00,3882,2154105,128x,200ms,25,64,1,70,131,167,363,454,564,913,183,124,764
2026-09-15T21:12:13.853842+00:00,3883,2154627,128x,200ms,25,64,1,70,130,166,362,449,559,910,180,121,737
2026-09-15T21:12:14.374423+00:00,3884,2155148,128x,200ms,25,64,1,69,128,158,356,495,595,917,191,111,645
2026-09-15T21:12:14.893971+00:00,3885,2155668,128x,200ms,25,64,1,73,158,175,380,404,509,864,159,110,643
2026-09-15T21:12:15.413689+00:00,3886,2156190,128x,200ms,25,64,1,67,124,154,355,498,604,945,198,119,725
2026-09-15T21:12:15.933510+00:00,3887,2156711,128x,200ms,25,64,0,62,117,144,346,428,541,902,173,122,739
2026-09-15T21:12:16.454441+00:00,3888,2157232,128x,200ms,25,64,0,68,131,163,367,442,568,920,185,124,757
2026-09-15T21:12:16.974485+00:00,3889,2157752,128x,200ms,25,64,0,70,134,168,368,452,574,927,189,125,761
2026-09-15T21:12:17.494370+00:00,3890,2158272,128x,200ms,25,64,0,70,132,165,366,446,568,923,187,123,752
2026-09-15T21:12:18.013519+00:00,3891,2158793,128x,200ms,25,64,0,70,131,164,365,447,567,925,187,123,748
2026-09-15T21:12:18.533978+00:00,3892,2159313,128x,200ms,25,64,0,70,133,165,366,449,569,927,188,122,748
2026-09-15T21:12:19.053818+00:00,3893,2159834,128x,200ms,25,64,1,69,129,162,363,428,549,903,177,119,723
2026-09-15T21:12:19.573688+00:00,3894,2160355,128x,200ms,25,64,1,68,126,157,358,433,552,910,179,118,720
2026-09-15T21:12:20.094752+00:00,3895,2160876,128x,200ms,25,64,1,68,127,156,357,427,544,906,178,115,705
2026-09-15T21:12:20.621839+00:00,3896,2161397,128x,200ms,25,64,1,68,128,157,358,440,555,918,184,119,723
2026-09-15T21:12:21.141591+00:00,3897,2161917,128x,200ms,25,64,1,69,129,158,359,439,554,916,183,118,722
2026-09-15T21:12:21.661854+00:00,3898,2162439,128x,200ms,25,64,1,69,130,159,360,440,557,919,184,119,726
2026-09-15T21:12:22.182651+00:00,3899,2162960,128x,200ms,25,64,0,69,129,159,360,435,552,912,180,119,727
2026-09-15T21:12:22.701925+00:00,3900,2163481,128x,200ms,25,64,0,69,128,158,360,435,553,914,180,119,726
2026-09-15T21:12:23.222153+00:00,3901,2164001,128x,200ms,25,64,0,68,127,156,358,432,549,911,180,118,717
2026-09-15T21:12:23.741752+00:00,3902,2164521,128x,200ms,25,64,0,69,129,159,360,443,559,920,184,120,728
2026-09-15T21:12:24.261848+00:00,3903,2165043,128x,200ms,25,64,0,69,131,161,362,444,560,920,185,120,730
2026-09-15T21:12:24.781522+00:00,3904,2165563,128x,200ms,25,64,0,69,131,161,363,443,560,922,184,119,726
2026-09-15T21:12:25.302453+00:00,3905,2166083,128x,200ms,25,64,1,70,131,161,363,442,559,919,184,119,728
2026-09-15T21:12:25.821890+00:00,3906,2166604,128x,200ms,25,64,1,69,129,159,360,439,556,920,183,119,728
2026-09-15T21:12:26.350253+00:00,3907,2167126,128x,200ms,25,64,1,69,130,159,361,440,557,918,183,119,726
2026-09-15T21:12:26.872152+00:00,3908,2167647,128x,200ms,25,64,1,69,130,160,362,447,565,925,185,120,731
2026-09-15T21:12:27.390627+00:00,3909,2168168,128x,200ms,25,64,1,70,133,164,365,453,569,925,187,120,734
2026-09-15T21:12:27.909612+00:00,3910,2168689,128x,200ms,25,64,1,71,135,165,368,454,571,928,188,121,738
2026-09-15T21:12:28.429604+00:00,3911,2169210,128x,200ms,25,64,0,71,133,164,366,451,567,925,186,121,742
2026-09-15T21:12:28.950809+00:00,3912,2169731,128x,200ms,25,64,0,71,134,165,367,455,572,930,188,122,745
2026-09-15T21:12:29.470382+00:00,3913,2170251,128x,200ms,25,64,0,72,136,167,369,462,577,935,192,122,743
2026-09-15T21:12:29.989615+00:00,3914,2170771,128x,200ms,25,64,0,71,136,167,369,459,575,935,191,121,740
2026-09-15T21:12:30.510630+00:00,3915,2171291,128x,200ms,25,64,0,71,134,165,367,454,570,929,189,120,732
2026-09-15T21:12:31.029486+00:00,3916,2171811,128x,200ms,25,64,0,70,133,164,366,452,568,931,188,120,735
2026-09-15T21:12:31.549948+00:00,3917,2172332,128x,200ms,25,64,1,70,133,163,366,452,568,930,188,120,735
2026-09-15T21:12:32.069602+00:00,3918,2172853,128x,200ms,25,64,1,71,135,166,368,460,576,936,191,122,744
2026-09-15T21:12:32.598450+00:00,3919,2173374,128x,200ms,25,64,1,72,136,167,370,466,582,938,193,123,751
2026-09-15T21:12:33.118059+00:00,3920,2173895,128x,200ms,25,64,1,73,139,171,374,469,586,942,194,124,755
2026-09-15T21:12:33.637523+00:00,3921,2174416,128x,200ms,25,64,1,72,138,170,372,466,583,939,194,123,750
2026-09-15T21:12:34.157866+00:00,3922,2174938,128x,200ms,25,64,1,72,138,169,372,464,581,938,193,123,746
2026-09-15T21:12:34.677890+00:00,3923,2175459,128x,200ms,25,64,0,72,137,169,371,465,582,940,193,123,750
2026-09-15T21:12:35.198447+00:00,3924,2175979,128x,200ms,25,64,0,72,138,169,372,460,578,935,190,122,749
2026-09-15T21:12:35.718442+00:00,3925,2176500,128x,200ms,25,64,0,72,135,168,371,459,576,933,186,121,746
2026-09-15T21:12:36.237578+00:00,3926,2177020,128x,200ms,25,64,0,72,136,168,372,459,576,934,186,121,745
2026-09-15T21:12:36.757737+00:00,3927,2177541,128x,200ms,25,64,0,72,135,167,371,457,573,931,185,120,741
2026-09-15T21:12:37.278311+00:00,3928,2178061,128x,200ms,25,64,0,72,135,168,371,455,573,933,186,120,738
2026-09-15T21:12:37.798628+00:00,3929,2178581,128x,200ms,25,64,1,71,133,164,368,451,569,932,187,120,736
2026-09-15T21:12:38.317614+00:00,3930,2179102,128x,200ms,25,64,1,70,132,164,367,449,569,933,186,120,732
2026-09-15T21:12:38.845737+00:00,3931,2179623,128x,200ms,25,64,1,71,133,164,368,449,568,931,185,119,725
2026-09-15T21:12:39.365608+00:00,3932,2180145,128x,200ms,25,64,1,70,130,160,365,432,551,919,176,116,704
2026-09-15T21:12:39.397998+00:00,3933,2180666,128x,200ms,25,64,1,65,121,151,358,522,623,904,198,124,717
2026-09-15T21:12:39.918199+00:00,3934,2181187,128x,200ms,25,64,1,108,254,300,521,1598,1728,1757,495,172,1044
2026-09-15T21:12:40.446344+00:00,3935,2181709,128x,200ms,25,64,0,263,663,809,1049,1826,2000,1930,561,203,1232
2026-09-15T21:12:40.965507+00:00,3936,2182232,128x,200ms,25,64,0,260,654,796,1031,1790,1971,1881,557,196,1135
2026-09-15T21:12:41.973477+00:00,3937,2182755,128x,200ms,25,64,0,256,649,793,940,1752,1839,1513,549,187,1058
2026-09-15T21:12:42.494280+00:00,3938,2183276,128x,200ms,25,64,0,240,642,784,852,1745,1827,1531,540,173,979
2026-09-15T21:12:43.013969+00:00,3939,2183798,128x,200ms,25,64,0,229,591,699,929,1352,1392,1514,408,152,864
2026-09-15T21:12:43.533741+00:00,3940,2184321,128x,200ms,25,64,0,112,288,320,544,666,716,1073,243,145,842
2026-09-15T21:12:44.054481+00:00,3941,2184842,128x,200ms,25,64,1,85,201,225,444,682,729,1082,248,145,841
2026-09-15T21:12:44.582011+00:00,3942,2185363,128x,200ms,25,64,1,90,220,242,462,637,686,1040,230,132,735
2026-09-15T21:12:45.101511+00:00,3943,2185885,128x,200ms,25,64,1,83,193,217,430,723,766,1110,257,141,811
2026-09-15T21:12:45.621588+00:00,3944,2186406,128x,200ms,25,64,1,109,292,314,550,965,1017,1273,326,152,924
2026-09-15T21:12:46.150128+00:00,3945,2186929,128x,200ms,25,64,1,126,338,372,609,995,1048,1296,335,155,944
2026-09-15T21:12:46.670957+00:00,3946,2187451,128x,200ms,25,64,1,120,323,352,589,972,1021,1279,327,153,929
2026-09-15T21:12:47.189607+00:00,3947,2187973,128x,200ms,25,64,0,116,313,339,577,955,998,1262,320,152,907
2026-09-15T21:12:47.702800+00:00,3948,2188494,128x,200ms,25,64,0,116,313,339,576,962,1015,1277,328,155,953
2026-09-15T21:12:48.229746+00:00,3949,2189016,128x,200ms,25,64,0,116,314,342,580,955,1008,1272,326,155,953
2026-09-15T21:12:48.750622+00:00,3950,2189537,128x,200ms,25,64,0,117,314,341,579,949,1002,1270,325,155,953
2026-09-15T21:12:49.269479+00:00,3951,2190057,128x,200ms,25,64,0,116,313,340,577,950,1004,1271,325,156,956
2026-09-15T21:12:49.789593+00:00,3952,2190578,128x,200ms,25,64,0,115,312,338,576,943,997,1269,325,156,963
2026-09-15T21:12:50.318178+00:00,3953,2191099,128x,200ms,25,64,1,114,306,332,570,930,983,1259,320,155,952
2026-09-15T21:12:50.838312+00:00,3954,2191622,128x,200ms,25,64,1,112,302,327,566,920,973,1252,318,155,951
2026-09-15T21:12:51.358440+00:00,3955,2192143,128x,200ms,25,64,1,112,303,327,566,934,991,1265,323,156,961
2026-09-15T21:12:51.877937+00:00,3956,2192665,128x,200ms,25,64,1,118,318,347,586,1046,1107,1341,350,155,959
2026-09-15T21:12:52.397969+00:00,3957,2193187,128x,200ms,25,64,1,162,436,495,734,1269,1323,1492,400,157,959
2026-09-15T21:12:52.918518+00:00,3958,2193710,128x,200ms,25,64,1,158,424,480,719,1290,1347,1508,403,154,936
2026-09-15T21:12:53.446881+00:00,3959,2194233,128x,200ms,25,64,0,139,372,417,654,869,929,1223,305,151,924
2026-09-15T21:12:53.965613+00:00,3960,2194754,128x,200ms,25,64,0,108,288,312,550,910,966,1252,316,153,940
2026-09-15T21:12:54.485735+00:00,3961,2195275,128x,200ms,25,64,0,112,303,329,568,923,978,1262,320,155,954
2026-09-15T21:12:55.006073+00:00,3962,2195796,128x,200ms,25,64,0,115,310,337,576,946,1002,1276,326,155,958
2026-09-15T21:12:55.046267+00:00,3963,2196318,128x,200ms,25,64,0,114,309,337,576,974,1035,1297,335,158,980
2026-09-15T21:12:55.565594+00:00,3964,2196838,128x,200ms,25,64,0,126,340,373,614,1069,1129,1364,360,162,1013
2026-09-15T21:12:56.574841+00:00,3965,2197360,128x,200ms,25,64,1,133,359,397,638,1081,1141,1374,363,162,1011
2026-09-15T21:12:57.093937+00:00,3966,2197882,128x,200ms,25,64,1,131,355,392,633,1067,1126,1363,359,161,1003
2026-09-15T21:12:57.135542+00:00,3967,2198405,128x,200ms,25,64,1,132,358,395,637,1099,1160,1387,368,162,1009
2026-09-15T21:12:58.142546+00:00,3968,2198928,128x,200ms,25,64,1,138,374,413,654,1118,1180,1400,372,161,996
2026-09-15T21:12:58.662400+00:00,3969,2199450,128x,200ms,25,64,1,141,381,423,664,1139,1206,1419,379,162,1014
2026-09-15T21:12:58.694365+00:00,3970,2199972,128x,200ms,25,64,1,144,390,434,676,1166,1235,1438,386,163,1026
2026-09-15T21:12:59.221595+00:00,3971,2200496,128x,200ms,25,64,0,147,397,444,687,1184,1253,1450,390,163,1025
2026-09-15T21:13:00.232042+00:00,3972,2201017,128x,200ms,25,64,0,150,406,454,698,1186,1259,1455,392,164,1031
2026-09-15T21:13:00.750578+00:00,3973,2201539,128x,200ms,25,64,0,143,385,428,672,1132,1200,1416,377,162,1013
2026-09-15T21:13:01.269597+00:00,3974,2202060,128x,200ms,25,64,0,134,363,401,643,1090,1151,1382,365,160,996
2026-09-15T21:13:01.790623+00:00,3975,2202583,128x,200ms,25,64,0,134,362,399,641,1081,1140,1376,362,160,995
2026-09-15T21:13:02.310885+00:00,3976,2203104,128x,200ms,25,64,0,134,362,399,641,1101,1162,1390,367,161,996
2026-09-15T21:13:02.837787+00:00,3977,2203626,128x,200ms,25,64,1,136,368,406,648,1107,1167,1394,368,161,996
2026-09-15T21:13:02.870257+00:00,3978,2204147,128x,200ms,25,64,1,138,375,415,657,1123,1187,1408,373,162,1004
2026-09-15T21:13:03.398359+00:00,3979,2204670,128x,200ms,25,64,1,139,376,418,660,1127,1192,1412,374,162,1007
2026-09-15T21:13:03.918231+00:00,3980,2205193,128x,200ms,25,64,1,140,379,420,662,1130,1194,1413,375,162,1012
2026-09-15T21:13:04.438445+00:00,3981,2205716,128x,200ms,25,64,1,139,376,417,660,1123,1189,1412,375,163,1021
2026-09-15T21:13:05.445694+00:00,3982,2206238,128x,200ms,25,64,1,137,371,410,653,1113,1177,1405,372,163,1019
2026-09-15T21:13:05.966423+00:00,3983,2206760,128x,200ms,25,64,0,137,371,412,654,1128,1193,1415,376,163,1020
2026-09-15T21:13:06.485770+00:00,3984,2207282,128x,200ms,25,64,0,141,383,425,669,1134,1201,1421,378,163,1015
2026-09-15T21:13:07.005695+00:00,3985,2207803,128x,200ms,25,64,0,141,382,423,666,1130,1191,1416,374,161,997
2026-09-15T21:13:07.534467+00:00,3986,2208325,128x,200ms,25,64,0,137,372,410,653,1107,1159,1392,365,159,971
2026-09-15T21:13:07.566484+00:00,3987,2208846,128x,200ms,25,64,0,135,368,405,648,1104,1166,1400,370,163,1020
2026-09-15T21:13:08.574633+00:00,3988,2209369,128x,200ms,25,64,0,133,362,399,642,1088,1138,1382,361,160,987
2026-09-15T21:13:09.096003+00:00,3989,2209890,128x,200ms,25,64,1,132,359,395,638,1079,1130,1376,360,160,990
2026-09-15T21:13:09.137816+00:00,3990,2210413,128x,200ms,25,64,1,131,357,393,636,1064,1122,1371,359,161,1010
2026-09-15T21:13:10.142049+00:00,3991,2210935,128x,200ms,25,64,1,130,352,387,630,1053,1117,1364,355,160,998
2026-09-15T21:13:10.669596+00:00,3992,2211458,128x,200ms,25,64,1,132,358,394,637,1066,1135,1373,358,158,986
2026-09-15T21:13:11.189513+00:00,3993,2211980,128x,200ms,25,64,1,128,348,382,626,1047,1112,1358,352,155,976
2026-09-15T21:13:11.710158+00:00,3994,2212502,128x,200ms,25,64,1,109,282,306,546,709,775,1153,268,155,986
2026-09-15T21:13:12.229587+00:00,3995,2213024,128x,200ms,25,64,0,84,184,213,439,763,822,1180,280,155,981
2026-09-15T21:13:12.262556+00:00,3996,2213544,128x,200ms,25,64,0,94,227,251,484,761,820,1182,282,156,988
2026-09-15T21:13:13.270608+00:00,3997,2214065,128x,200ms,25,64,0,110,288,310,551,953,1013,1296,331,159,1008
2026-09-15T21:13:13.789992+00:00,3998,2214586,128x,200ms,25,64,0,121,326,352,594,1004,1063,1329,345,162,1025
2026-09-15T21:13:14.309685+00:00,3999,2215108,128x,200ms,25,64,0,123,335,361,603,1005,1061,1330,345,162,1018
2026-09-15T21:13:14.838632+00:00,4000,2215630,128x,200ms,25,64,0,121,331,356,598,993,1045,1317,340,161,999
2026-09-15T21:13:15.358815+00:00,4001,2216152,128x,200ms,25,64,1,121,331,355,597,986,1037,1313,338,159,991
2026-09-15T21:13:15.390627+00:00,4002,2216674,128x,200ms,25,64,1,119,324,347,589,977,1032,1310,337,160,999
2026-09-15T21:13:16.397894+00:00,4003,2217196,128x,200ms,25,64,1,120,326,350,593,986,1042,1315,340,161,1005
2026-09-15T21:13:16.438683+00:00,4004,2217718,128x,200ms,25,64,1,120,328,353,594,987,1042,1314,339,160,994
2026-09-15T21:13:17.445591+00:00,4005,2218241,128x,200ms,25,64,1,120,328,352,594,985,1042,1317,339,160,1001
2026-09-15T21:13:17.965586+00:00,4006,2218764,128x,200ms,25,64,1,120,327,353,595,985,1041,1315,339,160,1003
2026-09-15T21:13:18.486330+00:00,4007,2219286,128x,200ms,25,64,0,121,329,354,596,989,1045,1319,340,160,1000
2026-09-15T21:13:19.013582+00:00,4008,2219808,128x,200ms,25,64,0,121,329,354,596,991,1048,1323,341,160,1003
2026-09-15T21:13:19.045597+00:00,4009,2220329,128x,200ms,25,64,0,122,332,357,600,1002,1060,1330,345,161,1014
2026-09-15T21:13:20.053588+00:00,4010,2220852,128x,200ms,25,64,0,122,334,359,602,1004,1062,1334,346,161,1017
2026-09-15T21:13:20.573488+00:00,4011,2221374,128x,200ms,25,64,0,123,335,362,606,1021,1087,1347,350,153,981
2026-09-15T21:13:21.094241+00:00,4012,2221895,128x,200ms,25,64,0,50,115,134,289,278,258,595,106,80,478
2026-09-15T21:13:21.614240+00:00,4013,2222415,128x,200ms,25,64,1,29,69,84,149,223,175,349,86,72,406
2026-09-15T21:13:22.134474+00:00,4014,2222936,128x,200ms,25,64,1,24,59,72,108,229,183,411,88,70,413
2026-09-15T21:13:22.653594+00:00,4015,2223456,128x,200ms,25,64,1,26,61,74,155,234,202,485,89,70,430
2026-09-15T21:13:23.174122+00:00,4016,2223976,128x,200ms,25,64,1,33,69,81,228,280,341,739,103,76,477
2026-09-15T21:13:23.214622+00:00,4017,2224496,128x,200ms,25,64,1,49,82,95,305,332,421,853,122,82,531
2026-09-15T21:13:24.213550+00:00,4018,2225016,128x,200ms,25,64,1,87,199,225,449,1502,1586,1704,465,163,1023
2026-09-15T21:13:24.742604+00:00,4019,2225540,128x,200ms,25,64,0,181,488,555,806,1293,1359,1542,414,159,1013
2026-09-15T21:13:24.773753+00:00,4020,2226062,128x,200ms,25,64,0,157,426,474,724,1252,1318,1513,405,158,1008
2026-09-15T21:13:25.781602+00:00,4021,2226583,128x,200ms,25,64,0,155,421,470,718,1238,1303,1502,401,156,999
2026-09-15T21:13:26.301549+00:00,4022,2227104,128x,200ms,25,64,0,154,419,466,715,1215,1277,1485,396,156,1007
2026-09-15T21:13:26.341740+00:00,4023,2227625,128x,200ms,25,64,0,152,414,460,708,1219,1281,1488,397,158,1017
2026-09-15T21:13:26.861594+00:00,4024,2228148,128x,200ms,25,64,0,150,409,453,702,1204,1263,1475,393,158,1011
2026-09-15T21:13:27.389706+00:00,4025,2228670,128x,200ms,25,64,1,150,407,450,699,1200,1259,1474,392,158,1009
2026-09-15T21:13:28.397890+00:00,4026,2229193,128x,200ms,25,64,1,150,407,450,699,1207,1270,1483,395,160,1032
2026-09-15T21:13:28.917650+00:00,4027,2229715,128x,200ms,25,64,1,150,408,451,701,1211,1274,1486,396,158,1019
2026-09-15T21:13:28.949888+00:00,4028,2230239,128x,200ms,25,64,1,151,410,456,705,1207,1272,1481,394,156,1010
2026-09-15T21:13:29.477878+00:00,4029,2230761,128x,200ms,25,64,1,151,409,453,702,1203,1268,1478,392,156,1003
2026-09-15T21:13:30.485878+00:00,4030,2231284,128x,200ms,25,64,1,150,407,451,698,1202,1266,1478,392,156,1002
2026-09-15T21:13:31.006115+00:00,4031,2231808,128x,200ms,25,64,0,150,406,451,698,1205,1271,1482,394,158,1024
2026-09-15T21:13:31.038504+00:00,4032,2232329,128x,200ms,25,64,0,150,407,451,701,1203,1268,1481,394,159,1031
2026-09-15T21:13:31.565563+00:00,4033,2232851,128x,200ms,25,64,0,150,408,453,701,1207,1272,1485,395,161,1042
2026-09-15T21:13:32.566732+00:00,4034,2233373,128x,200ms,25,64,0,150,407,452,702,1200,1264,1478,392,159,1026
2026-09-15T21:13:33.093465+00:00,4035,2233895,128x,200ms,25,64,0,149,405,448,698,1193,1258,1474,391,158,1020
2026-09-15T21:13:33.126077+00:00,4036,2234417,128x,200ms,25,64,0,148,401,444,694,1190,1251,1470,389,158,1014
2026-09-15T21:13:33.646388+00:00,4037,2234939,128x,200ms,25,64,1,148,401,444,694,1184,1246,1467,388,158,1013
2026-09-15T21:13:34.661806+00:00,4038,2235461,128x,200ms,25,64,1,147,400,442,692,1184,1246,1469,388,158,1018
2026-09-15T21:13:35.182638+00:00,4039,2235984,128x,200ms,25,64,1,147,398,441,691,1184,1246,1469,389,159,1023
2026-09-15T21:13:35.221739+00:00,4040,2236508,128x,200ms,25,64,1,147,400,443,693,1189,1251,1473,389,158,1021
2026-09-15T21:13:35.741552+00:00,4041,2237030,128x,200ms,25,64,1,147,400,442,693,1175,1239,1464,386,157,1013
2026-09-15T21:13:36.749466+00:00,4042,2237553,128x,200ms,25,64,1,144,393,433,683,1155,1222,1450,381,155,1000
2026-09-15T21:13:37.269537+00:00,4043,2238076,128x,200ms,25,64,0,143,389,430,680,1304,1387,1560,414,150,951
2026-09-15T21:13:37.311497+00:00,4044,2238598,128x,200ms,25,64,0,234,613,723,975,1797,1983,1955,560,169,1043
2026-09-15T21:13:37.830177+00:00,4045,2239119,128x,200ms,25,64,0,246,659,803,899,1890,1892,1658,598,179,1110
2026-09-15T21:13:38.351205+00:00,4046,2239642,128x,200ms,25,64,0,255,693,842,971,2035,2109,2039,654,222,1433
2026-09-15T21:13:38.871292+00:00,4047,2240164,128x,200ms,25,64,0,275,731,890,1100,2072,2165,2103,668,236,1532
2026-09-15T21:13:39.397578+00:00,4048,2240687,128x,200ms,25,64,0,275,734,894,1102,2074,2152,2085,669,238,1542
2026-09-15T21:13:39.917751+00:00,4049,2241209,128x,200ms,25,64,1,272,729,889,1078,2054,2106,2033,660,230,1473
2026-09-15T21:13:40.438599+00:00,4050,2241732,128x,200ms,25,64,1,265,717,874,1025,2013,2009,1845,644,216,1374
2026-09-15T21:13:40.966530+00:00,4051,2242255,128x,200ms,25,64,1,258,702,860,956,1938,1928,1686,618,195,1215
2026-09-15T21:13:41.973576+00:00,4052,2242779,128x,200ms,25,64,1,254,691,847,923,1947,1941,1670,620,197,1239
2026-09-15T21:13:42.501585+00:00,4053,2243301,128x,200ms,25,64,1,257,697,855,938,1955,1957,1718,624,200,1266
2026-09-15T21:13:42.534480+00:00,4054,2243824,128x,200ms,25,64,1,258,699,858,954,1979,1988,1774,633,207,1330
2026-09-15T21:13:43.541580+00:00,4055,2244346,128x,200ms,25,64,0,255,693,848,946,1739,1688,1557,549,168,1069
2026-09-15T21:13:44.062404+00:00,4056,2244869,128x,200ms,25,64,0,81,247,272,325,451,393,531,189,120,693
2026-09-15T21:13:44.581797+00:00,4057,2245389,128x,200ms,25,64,0,53,118,158,218,430,557,952,175,117,704
2026-09-15T21:13:45.101581+00:00,4058,2245910,128x,200ms,25,64,0,63,115,147,362,417,553,944,167,118,721
2026-09-15T21:13:45.621788+00:00,4059,2246429,128x,200ms,25,64,0,60,122,159,332,430,553,954,170,118,692
2026-09-15T21:13:46.142224+00:00,4060,2246950,128x,200ms,25,64,0,66,122,158,368,429,555,959,172,118,686
2026-09-15T21:13:46.661870+00:00,4061,2247471,128x,200ms,25,64,1,55,120,157,304,400,441,760,164,119,658
2026-09-15T21:13:47.181651+00:00,4062,2247992,128x,200ms,25,64,1,58,120,157,333,701,800,1060,245,127,713
2026-09-15T21:13:47.702166+00:00,4063,2248514,128x,200ms,25,64,1,59,150,178,288,473,484,822,185,108,588
2026-09-15T21:13:48.221457+00:00,4064,2249035,128x,200ms,25,64,1,72,211,233,329,746,679,779,251,113,628
2026-09-15T21:13:48.742211+00:00,4065,2249556,128x,200ms,25,64,1,54,130,153,308,446,453,808,174,106,564
2026-09-15T21:13:49.262309+00:00,4066,2250078,128x,200ms,25,64,1,47,120,146,188,459,433,460,180,113,617
2026-09-15T21:13:49.782468+00:00,4067,2250599,128x,200ms,25,64,0,46,116,152,188,385,361,514,157,108,598
2026-09-15T21:13:50.302358+00:00,4068,2251119,128x,200ms,25,64,0,51,114,149,262,388,411,665,156,109,610
2026-09-15T21:13:50.822572+00:00,4069,2251639,128x,200ms,25,64,0,47,110,143,232,409,407,664,162,109,611
2026-09-15T21:13:51.341583+00:00,4070,2252161,128x,200ms,25,64,0,52,119,154,273,430,480,832,171,112,628
2026-09-15T21:13:51.869578+00:00,4071,2252681,128x,200ms,25,64,0,61,123,159,347,426,511,874,173,118,671
2026-09-15T21:13:52.390034+00:00,4072,2253201,128x,200ms,25,64,0,58,126,162,338,425,503,876,170,117,665
2026-09-15T21:13:52.909578+00:00,4073,2253721,128x,200ms,25,64,1,58,119,151,350,417,535,939,165,113,660
2026-09-15T21:13:53.431121+00:00,4074,2254243,128x,200ms,25,64,1,53,115,148,317,394,420,750,157,112,639
2026-09-15T21:13:53.949585+00:00,4075,2254765,128x,200ms,25,64,1,47,111,144,245,374,351,557,151,112,629
2026-09-15T21:13:54.471281+00:00,4076,2255285,128x,200ms,25,64,1,45,110,144,183,373,346,483,151,112,626
2026-09-15T21:13:54.989624+00:00,4077,2255806,128x,200ms,25,64,1,45,111,145,184,369,338,434,149,110,602
2026-09-15T21:13:55.509522+00:00,4078,2256327,128x,200ms,25,64,1,62,146,197,227,405,360,423,160,106,594
2026-09-15T21:13:56.038240+00:00,4079,2256849,128x,200ms,25,64,0,40,100,131,181,349,356,664,140,100,566
2026-09-15T21:13:56.559303+00:00,4080,2257370,128x,200ms,25,64,0,43,102,133,222,364,424,781,147,102,582
2026-09-15T21:13:57.078481+00:00,4081,2257890,128x,200ms,25,64,0,49,105,135,306,368,438,809,147,100,569
2026-09-15T21:13:57.599325+00:00,4082,2258411,128x,200ms,25,64,0,49,105,134,313,367,461,842,147,100,572
2026-09-15T21:13:58.118669+00:00,4083,2258931,128x,200ms,25,64,0,50,106,135,316,373,450,822,149,101,577
2026-09-15T21:13:58.638612+00:00,4084,2259451,128x,200ms,25,64,0,48,109,137,305,379,403,739,153,102,579
2026-09-15T21:13:59.157574+00:00,4085,2259972,128x,200ms,25,64,1,46,111,139,284,383,411,754,154,102,581
2026-09-15T21:13:59.677961+00:00,4086,2260493,128x,200ms,25,64,1,46,111,139,279,379,399,731,153,103,580
2026-09-15T21:14:00.205572+00:00,4087,2261014,128x,200ms,25,64,1,46,111,140,270,375,396,720,153,104,584
2026-09-15T21:14:00.725772+00:00,4088,2261535,128x,200ms,25,64,1,47,110,140,281,381,429,772,156,104,592
2026-09-15T21:14:01.245582+00:00,4089,2262057,128x,200ms,25,64,1,52,111,140,325,378,476,850,153,104,596
2026-09-15T21:14:01.765711+00:00,4090,2262579,128x,200ms,25,64,1,51,110,140,314,371,442,794,152,104,594
2026-09-15T21:14:02.286368+00:00,4091,2263100,128x,200ms,25,64,0,47,109,141,279,376,426,760,154,106,597
2026-09-15T21:14:02.805581+00:00,4092,2263620,128x,200ms,25,64,0,51,110,140,314,373,459,818,153,106,601
2026-09-15T21:14:03.325731+00:00,4093,2264140,128x,200ms,25,64,0,50,111,142,307,376,439,784,154,107,602
2026-09-15T21:14:03.845607+00:00,4094,2264660,128x,200ms,25,64,0,52,114,145,316,386,376,642,152,108,597
2026-09-15T21:14:04.366752+00:00,4095,2265181,128x,200ms,25,64,0,43,101,135,170,340,310,479,136,103,557
2026-09-15T21:14:04.886018+00:00,4096,2265701,128x,200ms,25,64,0,44,99,133,195,354,335,548,141,103,561
2026-09-15T21:14:05.405783+00:00,4097,2266221,128x,200ms,25,64,1,45,99,134,204,357,342,574,142,103,565
2026-09-15T21:14:05.926970+00:00,4098,2266742,128x,200ms,25,64,1,46,101,136,217,362,351,599,144,104,569
2026-09-15T21:14:06.446320+00:00,4099,2267264,128x,200ms,25,64,1,46,101,136,222,360,353,601,144,104,569
2026-09-15T21:14:06.965685+00:00,4100,2267785,128x,200ms,25,64,1,47,102,137,226,362,358,608,146,105,576
2026-09-15T21:14:07.486754+00:00,4101,2268306,128x,200ms,25,64,1,50,102,135,267,374,438,789,149,105,585
2026-09-15T21:14:08.005828+00:00,4102,2268828,128x,200ms,25,64,1,60,107,140,338,380,505,900,153,106,606
2026-09-15T21:14:08.525582+00:00,4103,2269349,128x,200ms,25,64,0,62,110,142,348,392,520,917,157,105,605
2026-09-15T21:14:09.054367+00:00,4104,2269870,128x,200ms,25,64,0,64,114,146,352,388,521,923,157,105,613
2026-09-15T21:14:09.566339+00:00,4105,2270391,128x,200ms,25,64,0,63,109,142,348,387,520,923,157,105,617
2026-09-15T21:14:10.094610+00:00,4106,2270911,128x,200ms,25,64,0,64,112,145,352,395,527,931,160,104,617
2026-09-15T21:14:10.614137+00:00,4107,2271431,128x,200ms,25,64,0,65,114,147,355,414,538,949,164,104,628
2026-09-15T21:14:11.133569+00:00,4108,2271951,128x,200ms,25,64,0,65,115,147,354,398,530,934,162,106,626
2026-09-15T21:14:11.653916+00:00,4109,2272472,128x,200ms,25,64,1,63,113,143,354,435,556,974,174,105,663
2026-09-15T21:14:12.174321+00:00,4110,2272993,128x,200ms,25,64,1,65,115,148,357,396,529,931,161,106,629
2026-09-15T21:14:12.693449+00:00,4111,2273514,128x,200ms,25,64,1,80,165,202,399,437,553,972,171,110,750
2026-09-15T21:14:13.214369+00:00,4112,2274035,128x,200ms,25,64,1,65,114,145,351,391,526,925,160,109,639
2026-09-15T21:14:13.734452+00:00,4113,2274556,128x,200ms,25,64,1,66,116,149,356,371,505,892,153,106,614
2026-09-15T21:14:14.254182+00:00,4114,2275078,128x,200ms,25,64,1,62,115,148,347,406,538,941,165,108,639
2026-09-15T21:14:14.774335+00:00,4115,2275599,128x,200ms,25,64,0,66,117,150,357,413,543,945,167,108,641
2026-09-15T21:14:15.294430+00:00,4116,2276119,128x,200ms,25,64,0,67,129,162,362,423,368,625,167,100,524
2026-09-15T21:14:15.815293+00:00,4117,2276640,128x,200ms,25,64,0,68,187,229,263,334,287,377,137,93,477
2026-09-15T21:14:16.334334+00:00,4118,2277160,128x,200ms,25,64,0,44,109,140,193,398,357,515,159,93,539
2026-09-15T21:14:16.853459+00:00,4119,2277681,128x,200ms,25,64,0,49,119,157,179,472,406,586,189,111,646
2026-09-15T21:14:17.374605+00:00,4120,2278201,128x,200ms,25,64,0,54,142,173,236,574,483,729,225,116,729
2026-09-15T21:14:17.902597+00:00,4121,2278721,128x,200ms,25,64,1,55,147,178,212,455,392,503,188,92,519
2026-09-15T21:14:17.934368+00:00,4122,2279242,128x,200ms,25,64,1,68,130,153,373,491,560,989,189,109,627
2026-09-15T21:14:18.462315+00:00,4123,2279763,128x,200ms,25,64,1,222,617,737,801,1787,1902,1930,536,228,1236
2026-09-15T21:14:18.983636+00:00,4124,2280287,128x,200ms,25,64,1,255,663,780,1037,1806,1927,1948,542,224,1241
2026-09-15T21:14:19.510202+00:00,4125,2280810,128x,200ms,25,64,1,255,662,779,1034,1798,1921,1943,539,230,1235
2026-09-15T21:14:20.030586+00:00,4126,2281333,128x,200ms,25,64,1,247,646,755,1010,1739,1855,1892,520,226,1162
2026-09-15T21:14:20.549887+00:00,4127,2281857,128x,200ms,25,64,0,240,632,737,989,1731,1840,1884,517,240,1214
2026-09-15T21:14:21.070317+00:00,4128,2282378,128x,200ms,25,64,0,252,654,767,1022,1783,1909,1931,534,239,1237
2026-09-15T21:14:21.590034+00:00,4129,2282900,128x,200ms,25,64,0,251,653,768,1024,1782,1908,1930,533,223,1179
2026-09-15T21:14:22.118876+00:00,4130,2283422,128x,200ms,25,64,0,251,652,768,1023,1776,1902,1925,530,214,1135
2026-09-15T21:14:23.126447+00:00,4131,2283944,128x,200ms,25,64,0,251,652,766,1021,1756,1874,1910,524,208,1102
2026-09-15T21:14:23.646282+00:00,4132,2284467,128x,200ms,25,64,0,244,638,746,1001,1695,1752,1614,503,170,894
2026-09-15T21:14:24.166072+00:00,4133,2284989,128x,200ms,25,64,1,240,620,729,983,1666,1837,1865,508,144,855
2026-09-15T21:14:24.686627+00:00,4134,2285511,128x,200ms,25,64,1,231,600,706,955,1586,1754,1729,484,128,731
2026-09-15T21:14:25.206600+00:00,4135,2286033,128x,200ms,25,64,1,216,568,662,908,1555,1715,1707,474,126,716
2026-09-15T21:14:25.734039+00:00,4136,2286556,128x,200ms,25,64,1,216,566,659,900,1531,1677,1714,466,125,710
2026-09-15T21:14:26.253585+00:00,4137,2287077,128x,200ms,25,64,1,211,554,642,881,1521,1666,1688,463,124,703
2026-09-15T21:14:26.775234+00:00,4138,2287599,128x,200ms,25,64,1,201,530,609,854,1461,1590,1682,445,124,716
2026-09-15T21:14:27.301533+00:00,4139,2288121,128x,200ms,25,64,0,199,525,602,848,1458,1589,1678,444,121,696
2026-09-15T21:14:27.821567+00:00,4140,2288644,128x,200ms,25,64,0,201,529,608,853,1459,1593,1665,444,120,684
2026-09-15T21:14:28.342575+00:00,4141,2289166,128x,200ms,25,64,0,201,529,608,851,1464,1600,1655,446,119,681
2026-09-15T21:14:28.861809+00:00,4142,2289688,128x,200ms,25,64,0,202,532,613,851,1471,1609,1613,448,119,676
2026-09-15T21:14:29.389528+00:00,4143,2290209,128x,200ms,25,64,0,203,538,620,848,1479,1619,1590,450,119,673
2026-09-15T21:14:29.909747+00:00,4144,2290732,128x,200ms,25,64,0,204,538,621,849,1485,1628,1601,453,120,677
2026-09-15T21:14:30.430784+00:00,4145,2291254,128x,200ms,25,64,1,220,578,677,907,1582,1753,1680,486,131,756
2026-09-15T21:14:30.950494+00:00,4146,2291776,128x,200ms,25,64,1,217,571,666,895,1556,1722,1656,478,128,734
2026-09-15T21:14:31.471310+00:00,4147,2292298,128x,200ms,25,64,1,217,569,665,895,1530,1691,1693,469,127,725
2026-09-15T21:14:31.998553+00:00,4148,2292820,128x,200ms,25,64,1,208,550,635,881,1506,1657,1721,461,126,724
2026-09-15T21:14:32.517565+00:00,4149,2293342,128x,200ms,25,64,1,210,554,641,888,1522,1679,1730,467,127,733
2026-09-15T21:14:33.037570+00:00,4150,2293864,128x,200ms,25,64,1,212,558,648,892,1529,1687,1708,468,127,727
2026-09-15T21:14:33.558267+00:00,4151,2294386,128x,200ms,25,64,0,211,558,645,892,1511,1663,1731,462,127,732
2026-09-15T21:14:34.078198+00:00,4152,2294907,128x,200ms,25,64,0,208,549,634,882,1507,1657,1727,461,127,731
2026-09-15T21:14:34.605989+00:00,4153,2295430,128x,200ms,25,64,0,208,548,633,882,1508,1657,1726,461,126,727
2026-09-15T21:14:35.125449+00:00,4154,2295952,128x,200ms,25,64,0,212,557,645,894,1559,1724,1761,477,129,744
2026-09-15T21:14:35.646367+00:00,4155,2296474,128x,200ms,25,64,0,218,572,668,916,1573,1741,1772,481,130,755
2026-09-15T21:14:36.165621+00:00,4156,2296995,128x,200ms,25,64,0,217,571,665,912,1537,1695,1749,470,128,738
2026-09-15T21:14:36.693619+00:00,4157,2297517,128x,200ms,25,64,1,210,554,641,888,1505,1652,1726,460,127,743
2026-09-15T21:14:37.214230+00:00,4158,2298040,128x,200ms,25,64,1,210,555,643,892,1523,1674,1741,465,127,743
2026-09-15T21:14:37.733733+00:00,4159,2298561,128x,200ms,25,64,1,209,554,639,888,1496,1643,1722,458,125,732
2026-09-15T21:14:38.253906+00:00,4160,2299083,128x,200ms,25,64,1,205,542,624,873,1496,1639,1720,456,124,712
2026-09-15T21:14:38.774470+00:00,4161,2299606,128x,200ms,25,64,1,205,541,624,874,1493,1635,1716,455,124,711
2026-09-15T21:14:39.303307+00:00,4162,2300128,128x,200ms,25,64,1,206,542,625,875,1492,1633,1714,455,124,710
2026-09-15T21:14:39.821614+00:00,4163,2300649,128x,200ms,25,64,0,203,535,615,872,1475,1626,1727,450,121,693
2026-09-15T21:14:40.342502+00:00,4164,2301171,128x,200ms,25,64,0,200,525,603,863,1454,1599,1706,444,119,685
2026-09-15T21:14:40.862577+00:00,4165,2301693,128x,200ms,25,64,0,199,523,601,857,1451,1593,1692,443,119,682
2026-09-15T21:14:41.381552+00:00,4166,2302216,128x,200ms,25,64,0,198,521,597,849,1441,1577,1678,440,119,679
2026-09-15T21:14:41.902426+00:00,4167,2302737,128x,200ms,25,64,0,196,515,591,840,1432,1562,1659,437,117,676
2026-09-15T21:14:42.429566+00:00,4168,2303258,128x,200ms,25,64,0,197,518,594,841,1436,1567,1675,439,119,697
2026-09-15T21:14:42.949567+00:00,4169,2303780,128x,200ms,25,64,1,194,514,588,838,1429,1553,1673,436,121,723
2026-09-15T21:14:43.478833+00:00,4170,2304303,128x,200ms,25,64,1,193,511,584,834,1421,1544,1665,433,120,719
2026-09-15T21:14:43.998051+00:00,4171,2304824,128x,200ms,25,64,1,192,509,581,831,1414,1536,1662,431,120,717
2026-09-15T21:14:44.519153+00:00,4172,2305346,128x,200ms,25,64,1,191,504,575,825,1404,1523,1652,428,119,709
2026-09-15T21:14:45.037567+00:00,4173,2305868,128x,200ms,25,64,1,171,452,509,759,1192,1275,1476,371,115,691
2026-09-15T21:14:45.557701+00:00,4174,2306391,128x,200ms,25,64,1,158,421,467,717,1264,1353,1535,389,116,698
2026-09-15T21:14:46.077963+00:00,4175,2306913,128x,200ms,25,64,0,173,456,516,764,1303,1400,1567,399,116,696
2026-09-15T21:14:46.605796+00:00,4176,2307435,128x,200ms,25,64,0,177,466,528,777,1324,1427,1585,405,116,696
2026-09-15T21:14:47.125853+00:00,4177,2307956,128x,200ms,25,64,0,178,470,534,783,1332,1436,1592,408,116,696
2026-09-15T21:14:47.647214+00:00,4178,2308477,128x,200ms,25,64,0,181,476,540,790,1347,1455,1603,412,116,692
2026-09-15T21:14:48.166331+00:00,4179,2308999,128x,200ms,25,64,0,182,479,544,793,1348,1458,1606,412,116,690
2026-09-15T21:14:48.686666+00:00,4180,2309521,128x,200ms,25,64,0,182,478,543,796,1116,1189,1439,359,130,788
2026-09-15T21:14:49.214580+00:00,4181,2310042,128x,200ms,25,64,1,154,398,436,619,620,758,1051,252,638,2376
2026-09-15T21:14:49.734384+00:00,4182,2310564,128x,200ms,25,64,1,159,303,363,580,897,1106,1294,337,685,2783
2026-09-15T21:14:50.262821+00:00,4183,2311087,128x,200ms,25,64,1,154,284,343,557,890,1093,1286,335,698,2826
2026-09-15T21:14:50.782585+00:00,4184,2311611,128x,200ms,25,64,1,161,309,369,585,971,1167,1339,355,694,2814
2026-09-15T21:14:50.813563+00:00,4185,2312133,128x,200ms,25,64,1,183,374,445,664,1242,1405,1525,412,674,2760
2026-09-15T21:14:51.342708+00:00,4186,2312656,128x,200ms,25,64,1,226,509,597,836,1841,2008,2039,583,511,2115
2026-09-15T21:14:52.349566+00:00,4187,2313180,128x,200ms,25,64,0,257,669,791,1055,1803,1963,2004,558,187,1187
2026-09-15T21:14:52.869665+00:00,4188,2313702,128x,200ms,25,64,0,98,244,263,505,447,536,983,176,115,619
2026-09-15T21:14:53.389741+00:00,4189,2314223,128x,200ms,25,64,0,70,139,160,383,1410,1514,1683,447,135,855
2026-09-15T21:14:53.910053+00:00,4190,2314743,128x,200ms,25,64,0,158,429,473,724,729,732,1020,253,101,556
2026-09-15T21:14:54.430214+00:00,4191,2315265,128x,200ms,25,64,0,49,133,146,217,462,570,1014,188,90,556
2026-09-15T21:14:54.951025+00:00,4192,2315785,128x,200ms,25,64,0,68,146,158,389,471,579,1019,190,90,551
2026-09-15T21:14:54.982592+00:00,4193,2316305,128x,200ms,25,64,1,60,120,141,346,1340,1371,1478,416,123,700
2026-09-15T21:14:55.509868+00:00,4194,2316827,128x,200ms,25,64,1,259,667,786,1050,1864,2054,2041,578,251,1516
2026-09-15T21:14:56.030126+00:00,4195,2317350,128x,200ms,25,64,1,281,691,846,1105,1947,2180,2094,618,261,1721
2026-09-15T21:14:56.557559+00:00,4196,2317874,128x,200ms,25,64,1,290,712,887,1115,2022,2206,2091,640,277,1865
2026-09-15T21:14:57.077703+00:00,4197,2318397,128x,200ms,25,64,1,272,742,896,1083,2114,2221,2212,673,271,1693
2026-09-15T21:14:57.597555+00:00,4198,2318919,128x,200ms,25,64,1,289,760,919,1163,2158,2211,2141,693,287,1837
2026-09-15T21:14:58.126181+00:00,4199,2319442,128x,200ms,25,64,0,312,848,1046,1218,2470,2525,2340,797,350,2811
2026-09-15T21:14:58.646587+00:00,4200,2319965,128x,200ms,25,64,0,324,887,1101,1277,2521,2696,2583,820,376,3021
2026-09-15T21:14:59.165553+00:00,4201,2320488,128x,200ms,25,64,0,344,896,1115,1390,2533,2731,2614,830,386,3094
2026-09-15T21:14:59.686315+00:00,4202,2321010,128x,200ms,25,64,0,341,893,1109,1379,2465,2595,2449,797,343,2830
2026-09-15T21:15:00.213958+00:00,4203,2321533,128x,200ms,25,64,0,312,859,1069,1181,2412,2430,2097,776,322,2644
2026-09-15T21:15:00.734115+00:00,4204,2322056,128x,200ms,25,64,0,309,852,1060,1150,2304,2298,1952,729,293,2335
2026-09-15T21:15:01.261680+00:00,4205,2322579,128x,200ms,25,64,1,285,777,961,1028,1965,1986,1587,632,248,1530
2026-09-15T21:15:01.783234+00:00,4206,2323102,128x,200ms,25,64,1,251,695,852,910,1889,1902,1499,596,222,1255
2026-09-15T21:15:02.789798+00:00,4207,2323625,128x,200ms,25,64,1,249,690,845,902,1897,1908,1506,600,224,1272
2026-09-15T21:15:03.311036+00:00,4208,2324149,128x,200ms,25,64,1,249,689,846,903,1893,1905,1502,598,223,1271
2026-09-15T21:15:03.352853+00:00,4209,2324672,128x,200ms,25,64,1,249,688,846,902,1886,1903,1496,597,223,1273
2026-09-15T21:15:03.877543+00:00,4210,2325194,128x,200ms,25,64,1,249,690,847,903,1915,1919,1522,606,227,1293
2026-09-15T21:15:04.878125+00:00,4211,2325718,128x,200ms,25,64,0,251,699,855,915,1928,1928,1537,611,230,1309
2026-09-15T21:15:05.398205+00:00,4212,2326240,128x,200ms,25,64,0,252,700,857,916,1928,1928,1535,611,229,1307
2026-09-15T21:15:05.438296+00:00,4213,2326762,128x,200ms,25,64,0,253,702,858,918,1934,1934,1543,613,230,1313
2026-09-15T21:15:05.957437+00:00,4214,2327284,128x,200ms,25,64,0,253,700,857,918,1926,1933,1545,611,230,1323
2026-09-15T21:15:06.485679+00:00,4215,2327806,128x,200ms,25,64,0,254,700,857,920,1925,1937,1552,612,231,1327
2026-09-15T21:15:07.005556+00:00,4216,2328329,128x,200ms,25,64,0,253,697,853,920,1926,1942,1575,613,233,1345
2026-09-15T21:15:08.013557+00:00,4217,2328851,128x,200ms,25,64,1,255,700,854,932,1927,1943,1594,612,233,1347
2026-09-15T21:15:08.533476+00:00,4218,2329373,128x,200ms,25,64,1,255,702,856,928,1930,1944,1601,613,233,1350
2026-09-15T21:15:08.575719+00:00,4219,2329896,128x,200ms,25,64,1,255,698,852,931,1925,1940,1620,612,233,1347
2026-09-15T21:15:09.094027+00:00,4220,2330419,128x,200ms,25,64,1,256,701,855,936,1930,1945,1642,613,234,1362
2026-09-15T21:15:09.614556+00:00,4221,2330942,128x,200ms,25,64,1,255,700,854,932,1932,1946,1625,614,234,1360
2026-09-15T21:15:10.622081+00:00,4222,2331465,128x,200ms,25,64,1,255,700,855,931,1935,1947,1622,616,235,1365
2026-09-15T21:15:11.150478+00:00,4223,2331987,128x,200ms,25,64,0,255,702,857,932,1930,1941,1602,615,235,1363
2026-09-15T21:15:11.182318+00:00,4224,2332510,128x,200ms,25,64,0,254,699,855,926,1896,1919,1555,604,235,1350
2026-09-15T21:15:11.703004+00:00,4225,2333032,128x,200ms,25,64,0,248,682,836,897,1861,1885,1499,590,226,1285
2026-09-15T21:15:12.717616+00:00,4226,2333554,128x,200ms,25,64,0,250,693,848,911,1923,1928,1573,613,239,1382
2026-09-15T21:15:12.751303+00:00,4227,2334076,128x,200ms,25,64,0,275,751,924,998,2166,2197,1871,699,287,2067
2026-09-15T21:15:13.269965+00:00,4228,2334598,128x,200ms,25,64,0,297,800,989,1129,2267,2447,2337,732,310,2417
2026-09-15T21:15:13.797556+00:00,4229,2335121,128x,200ms,25,64,1,320,832,1031,1296,2343,2568,2474,764,369,2701
2026-09-15T21:15:14.317946+00:00,4230,2335644,128x,200ms,25,64,1,303,777,970,1233,1691,1835,1948,556,273,2012
2026-09-15T21:15:14.838393+00:00,4231,2336166,128x,200ms,25,64,1,325,877,1095,1254,2521,2737,2612,828,372,3044
2026-09-15T21:15:15.366134+00:00,4232,2336690,128x,200ms,25,64,1,347,897,1115,1394,2536,2747,2626,835,384,3114
2026-09-15T21:15:15.886514+00:00,4233,2337213,128x,200ms,25,64,1,348,900,1120,1398,2540,2745,2627,836,398,3148
2026-09-15T21:15:16.406396+00:00,4234,2337736,128x,200ms,25,64,1,347,900,1119,1397,2533,2718,2610,831,392,3098
2026-09-15T21:15:16.933547+00:00,4235,2338260,128x,200ms,25,64,0,340,897,1116,1351,2511,2601,2440,818,375,2990
2026-09-15T21:15:17.453548+00:00,4236,2338783,128x,200ms,25,64,0,325,880,1098,1243,1277,1236,1312,456,247,1386
2026-09-15T21:15:18.463335+00:00,4237,2339305,128x,200ms,25,64,0,133,341,435,491,1799,1811,1539,580,224,1251
2026-09-15T21:15:18.982187+00:00,4238,2339826,128x,200ms,25,64,0,163,423,538,579,483,406,543,205,152,838
2026-09-15T21:15:19.014286+00:00,4239,2340347,128x,200ms,25,64,0,58,178,190,344,438,443,593,189,140,825
2026-09-15T21:15:20.021552+00:00,4240,2340869,128x,200ms,25,64,0,183,578,607,626,1538,1368,1210,494,144,825
2026-09-15T21:15:20.542035+00:00,4241,2341390,128x,200ms,25,64,1,157,503,516,507,1074,722,987,300,45,282
2026-09-15T21:15:21.061551+00:00,4242,2341912,128x,200ms,25,64,1,94,351,366,367,1478,1436,1180,444,60,346
2026-09-15T21:15:21.589656+00:00,4243,2342433,128x,200ms,25,64,1,184,577,611,639,1559,1502,1212,475,76,463
2026-09-15T21:15:21.630151+00:00,4244,2342956,128x,200ms,25,64,1,210,651,712,855,1768,1784,1598,574,169,997
2026-09-15T21:15:22.640037+00:00,4245,2343478,128x,200ms,25,64,1,226,675,791,884,1903,1833,1726,590,193,1119
2026-09-15T21:15:23.158022+00:00,4246,2344000,128x,200ms,25,64,1,263,693,882,964,1963,1952,1816,616,225,1424
2026-09-15T21:15:23.190454+00:00,4247,2344522,128x,200ms,25,64,0,254,695,875,989,1947,1947,1751,616,225,1403
2026-09-15T21:15:23.717553+00:00,4248,2345044,128x,200ms,25,64,0,267,700,890,978,2033,2083,2057,630,237,1468
2026-09-15T21:15:24.237724+00:00,4249,2345568,128x,200ms,25,64,0,252,693,850,983,1932,1935,1809,615,217,1296
2026-09-15T21:15:24.758085+00:00,4250,2346090,128x,200ms,25,64,0,255,694,861,988,1959,1958,1879,618,220,1319
2026-09-15T21:15:25.279180+00:00,4251,2346612,128x,200ms,25,64,0,248,693,849,1002,1981,1966,1966,619,217,1263
2026-09-15T21:15:25.806581+00:00,4252,2347134,128x,200ms,25,64,0,247,699,845,1051,1219,1336,1668,429,217,1283
2026-09-15T21:15:26.326012+00:00,4253,2347657,128x,200ms,25,64,1,244,672,776,1129,2815,3000,3300,876,380,3171
2026-09-15T21:15:26.854415+00:00,4254,2348180,128x,200ms,25,64,1,390,980,1132,1634,2644,2840,3269,813,314,2588
2026-09-15T21:15:27.373506+00:00,4255,2348703,128x,200ms,25,64,1,334,853,980,1446,1737,1511,1900,484,191,1250
2026-09-15T21:15:27.895348+00:00,4256,2349227,128x,200ms,25,64,1,434,1247,1435,1640,3499,3544,2842,1000,290,1824
2026-09-15T21:15:28.421707+00:00,4257,2349751,128x,200ms,25,64,1,608,1342,1735,2078,3093,4037,2849,1067,472,4686
2026-09-15T21:15:28.942401+00:00,4258,2350275,128x,200ms,25,64,1,422,1191,1396,1615,3033,3352,2507,927,354,3092
2026-09-15T21:15:29.469673+00:00,4259,2350798,128x,200ms,25,64,0,486,1217,1520,1699,3101,3567,3022,1028,629,8008
2026-09-15T21:15:29.989652+00:00,4260,2351322,128x,200ms,25,64,0,482,1113,1419,1580,3056,3583,2799,1019,605,7573
2026-09-15T21:15:30.518006+00:00,4261,2351845,128x,200ms,25,64,0,503,1100,1440,1649,3034,3571,2986,1023,634,8643
2026-09-15T21:15:31.038181+00:00,4262,2352369,128x,200ms,25,64,0,506,1273,1560,1778,3362,3722,3340,1092,736,9857
2026-09-15T21:15:31.558846+00:00,4263,2352892,128x,200ms,25,64,0,460,1291,1597,1804,3376,3677,3292,1086,721,9694
2026-09-15T21:15:32.085543+00:00,4264,2353416,128x,200ms,25,64,0,504,1260,1623,1749,3625,3794,3351,1131,744,10011
2026-09-15T21:15:32.606608+00:00,4265,2353939,128x,200ms,25,64,1,474,1376,1657,1824,3870,3982,3166,1177,722,9857
2026-09-15T21:15:33.134519+00:00,4266,2354463,128x,200ms,25,64,1,484,1418,1695,1826,3516,3591,2854,1075,649,8612
2026-09-15T21:15:33.653812+00:00,4267,2354988,128x,200ms,25,64,1,432,1166,1455,1543,2894,3036,2378,929,530,6722
2026-09-15T21:15:34.181455+00:00,4268,2355511,128x,200ms,25,64,1,356,950,1172,1260,2649,2796,2202,870,509,6047
2026-09-15T21:15:34.701650+00:00,4269,2356035,128x,200ms,25,64,1,389,1036,1279,1376,2967,3068,2454,944,556,6954
2026-09-15T21:15:35.229801+00:00,4270,2356558,128x,200ms,25,64,1,417,1110,1375,1475,3195,3276,2606,999,599,7654
2026-09-15T21:15:35.749962+00:00,4271,2357083,128x,200ms,25,64,0,430,1151,1426,1517,3197,3288,2571,1002,604,7732
2026-09-15T21:15:36.269544+00:00,4272,2357605,128x,200ms,25,64,0,426,1145,1419,1505,3177,3267,2553,998,602,7633
2026-09-15T21:15:36.789547+00:00,4273,2358128,128x,200ms,25,64,0,424,1139,1408,1496,3181,3271,2558,1000,603,7619
2026-09-15T21:15:37.317735+00:00,4274,2358651,128x,200ms,25,64,0,428,1140,1412,1499,3125,3242,2606,995,589,7856
2026-09-15T21:15:37.837803+00:00,4275,2359174,128x,200ms,25,64,0,424,1137,1405,1504,3160,3261,2589,997,594,7581
2026-09-15T21:15:38.357687+00:00,4276,2359697,128x,200ms,25,64,0,419,1115,1381,1482,3074,3178,2547,975,577,7404
2026-09-15T21:15:38.885733+00:00,4277,2360220,128x,200ms,25,64,1,415,1106,1365,1468,3078,3181,2550,976,585,7464
2026-09-15T21:15:39.405816+00:00,4278,2360743,128x,200ms,25,64,1,419,1112,1373,1466,3022,3181,2537,977,579,7383
2026-09-15T21:15:39.933541+00:00,4279,2361267,128x,200ms,25,64,1,473,1035,1386,1607,2538,3349,2642,904,536,8274
2026-09-15T21:15:40.454178+00:00,4280,2361790,128x,200ms,25,64,1,432,1116,1407,1494,2967,3074,2479,951,546,7101
2026-09-15T21:15:40.973554+00:00,4281,2362313,128x,200ms,25,64,1,377,1001,1221,1321,2626,2808,2286,889,496,6219
2026-09-15T21:15:41.501545+00:00,4282,2362838,128x,200ms,25,64,1,365,947,1159,1251,2446,2667,2149,857,470,5819
2026-09-15T21:15:42.021554+00:00,4283,2363361,128x,200ms,25,64,0,361,947,1154,1250,2592,2789,2228,878,491,5929
2026-09-15T21:15:42.549546+00:00,4284,2363883,128x,200ms,25,64,0,378,989,1201,1309,2746,2926,2318,907,543,6502
2026-09-15T21:15:43.069543+00:00,4285,2364406,128x,200ms,25,64,0,405,1039,1277,1366,2859,3043,2367,932,569,6817
2026-09-15T21:15:43.589533+00:00,4286,2364930,128x,200ms,25,64,0,404,1036,1267,1359,2792,2959,2326,916,552,6540
2026-09-15T21:15:44.118557+00:00,4287,2365453,128x,200ms,25,64,0,387,997,1214,1316,2678,2868,2279,896,526,6301
2026-09-15T21:15:44.638332+00:00,4288,2365975,128x,200ms,25,64,0,376,977,1187,1288,2483,2702,2132,854,496,5738
2026-09-15T21:15:45.158787+00:00,4289,2366497,128x,200ms,25,64,1,310,814,967,1069,2014,2218,1747,734,424,4479
2026-09-15T21:15:45.685456+00:00,4290,2367021,128x,200ms,25,64,1,336,873,1047,1145,2404,2632,2069,832,483,5550
2026-09-15T21:15:46.206092+00:00,4291,2367545,128x,200ms,25,64,1,351,908,1096,1192,2456,2680,2107,845,493,5695
2026-09-15T21:15:46.734286+00:00,4292,2368068,128x,200ms,25,64,1,362,935,1132,1227,2527,2746,2158,862,506,5885
2026-09-15T21:15:47.253547+00:00,4293,2368592,128x,200ms,25,64,1,337,877,1052,1150,2273,2502,1977,801,468,5270
2026-09-15T21:15:47.774112+00:00,4294,2369116,128x,200ms,25,64,1,379,976,1188,1280,2187,2411,1886,775,452,4993
2026-09-15T21:15:48.781522+00:00,4295,2369639,128x,200ms,25,64,0,153,440,454,554,1164,1154,1062,455,261,1813
2026-09-15T21:15:49.301966+00:00,4296,2370160,128x,200ms,25,64,0,136,402,401,497,999,989,908,388,203,1383
2026-09-15T21:15:49.829542+00:00,4297,2370681,128x,200ms,25,64,0,121,361,347,432,946,932,845,363,185,1234
2026-09-15T21:15:50.349541+00:00,4298,2371203,128x,200ms,25,64,0,120,358,343,429,944,932,847,362,185,1234
2026-09-15T21:15:50.870660+00:00,4299,2371724,128x,200ms,25,64,0,123,368,354,443,965,953,869,371,188,1265
2026-09-15T21:15:51.389722+00:00,4300,2372245,128x,200ms,25,64,0,123,364,351,440,955,946,864,366,180,1237
2026-09-15T21:15:51.910020+00:00,4301,2372766,128x,200ms,25,64,1,123,365,352,441,950,942,858,365,179,1233
2026-09-15T21:15:52.429908+00:00,4302,2373287,128x,200ms,25,64,1,121,359,344,427,908,900,811,350,163,1080
2026-09-15T21:15:52.957661+00:00,4303,2373810,128x,200ms,25,64,1,113,342,324,401,886,877,786,341,155,1015
2026-09-15T21:15:53.478990+00:00,4304,2374332,128x,200ms,25,64,1,112,340,322,398,874,865,776,336,153,1015
2026-09-15T21:15:53.998140+00:00,4305,2374853,128x,200ms,25,64,1,112,341,322,399,894,884,794,343,159,1058
2026-09-15T21:15:54.517990+00:00,4306,2375375,128x,200ms,25,64,1,118,350,335,416,919,921,824,353,170,1180
2026-09-15T21:15:55.038116+00:00,4307,2375897,128x,200ms,25,64,0,120,351,338,419,907,881,810,347,158,1055
2026-09-15T21:15:55.558413+00:00,4308,2376418,128x,200ms,25,64,0,101,325,306,372,874,737,780,316,141,854
2026-09-15T21:15:56.078422+00:00,4309,2376939,128x,200ms,25,64,0,111,351,329,402,912,855,809,348,145,903
2026-09-15T21:15:56.598414+00:00,4310,2377460,128x,200ms,25,64,0,103,347,324,411,903,816,805,343,133,776
2026-09-15T21:15:57.118237+00:00,4311,2377980,128x,200ms,25,64,0,103,345,320,396,912,856,807,348,146,899
2026-09-15T21:15:57.638591+00:00,4312,2378502,128x,200ms,25,64,0,109,352,328,415,923,875,821,352,152,957
2026-09-15T21:15:58.165519+00:00,4313,2379023,128x,200ms,25,64,1,110,353,330,421,921,869,828,352,149,943
2026-09-15T21:15:58.686203+00:00,4314,2379545,128x,200ms,25,64,1,110,353,330,422,917,868,824,351,148,945
2026-09-15T21:15:59.206763+00:00,4315,2380066,128x,200ms,25,64,1,110,351,327,418,917,868,829,350,149,959
2026-09-15T21:15:59.726448+00:00,4316,2380589,128x,200ms,25,64,1,108,345,319,413,897,846,816,341,143,927
2026-09-15T21:16:00.253744+00:00,4317,2381110,128x,200ms,25,64,1,108,345,319,410,897,846,809,341,143,916
2026-09-15T21:16:00.773533+00:00,4318,2381631,128x,200ms,25,64,1,107,344,317,407,823,664,848,288,119,932
2026-09-15T21:16:01.293626+00:00,4319,2382152,128x,200ms,25,64,0,100,216,298,268,800,665,746,276,154,1220
2026-09-15T21:16:01.813409+00:00,4320,2382674,128x,200ms,25,64,0,119,236,331,342,804,679,756,270,153,1258
2026-09-15T21:16:02.333446+00:00,4321,2383196,128x,200ms,25,64,0,117,231,323,334,790,660,725,265,150,1229
2026-09-15T21:16:02.854339+00:00,4322,2383716,128x,200ms,25,64,0,116,227,320,321,780,646,723,262,148,1224
2026-09-15T21:16:03.374215+00:00,4323,2384237,128x,200ms,25,64,0,116,225,321,317,793,645,781,274,153,1272
2026-09-15T21:16:03.893902+00:00,4324,2384757,128x,200ms,25,64,0,122,234,348,359,867,713,924,306,168,1469
2026-09-15T21:16:04.422357+00:00,4325,2385278,128x,200ms,25,64,1,134,254,384,392,932,780,1003,334,186,1621
2026-09-15T21:16:04.453445+00:00,4326,2385802,128x,200ms,25,64,1,142,272,414,425,1097,926,1219,352,224,2007
2026-09-15T21:16:04.982249+00:00,4327,2386324,128x,200ms,25,64,1,400,793,1072,1353,2892,4196,2931,1005,643,9966
2026-09-15T21:16:05.502341+00:00,4328,2386848,128x,200ms,25,64,1,741,1481,2036,2328,3940,5475,3846,1336,849,13407
2026-09-15T21:16:06.030028+00:00,4329,2387373,128x,200ms,25,64,1,892,1917,2595,2885,5077,6464,4658,1606,1096,16499
2026-09-15T21:16:06.557523+00:00,4330,2387898,128x,200ms,25,64,1,915,2002,2688,2981,5098,6462,4686,1606,1148,16735
2026-09-15T21:16:07.077538+00:00,4331,2388422,128x,200ms,25,64,0,914,1996,2683,2971,5038,6395,4653,1588,1085,16321
2026-09-15T21:16:07.598381+00:00,4332,2388946,128x,200ms,25,64,0,492,960,1298,1588,2260,3181,2494,798,541,7360
2026-09-15T21:16:08.127081+00:00,4333,2389470,128x,200ms,25,64,0,455,986,1205,1472,2334,2832,2463,799,521,6761
2026-09-15T21:16:08.645538+00:00,4334,2389993,128x,200ms,25,64,0,267,485,648,880,1108,1164,1527,387,322,2669
2026-09-15T21:16:09.653610+00:00,4335,2390515,128x,200ms,25,64,0,195,329,445,628,1395,1433,1717,444,377,3537
2026-09-15T21:16:10.174528+00:00,4336,2391036,128x,200ms,25,64,0,257,505,657,828,1925,1896,2132,609,447,4926
2026-09-15T21:16:10.215381+00:00,4337,2391559,128x,200ms,25,64,1,297,640,813,953,2113,2003,2255,666,466,5326
2026-09-15T21:16:10.734221+00:00,4338,2392083,128x,200ms,25,64,1,304,650,833,968,1991,2005,2191,655,456,5160
2026-09-15T21:16:11.742402+00:00,4339,2392606,128x,200ms,25,64,1,301,648,828,959,1927,2010,2151,643,454,5100
2026-09-15T21:16:12.269512+00:00,4340,2393129,128x,200ms,25,64,1,300,607,792,945,1764,1970,2033,615,441,4844
2026-09-15T21:16:12.302136+00:00,4341,2393652,128x,200ms,25,64,1,278,502,676,872,1121,1332,1488,432,345,2999
2026-09-15T21:16:13.309539+00:00,4342,2394175,128x,200ms,25,64,1,204,320,423,633,967,1189,1365,395,308,2531
2026-09-15T21:16:13.350053+00:00,4343,2394698,128x,200ms,25,64,0,222,399,502,749,2693,4013,2897,998,598,8664
2026-09-15T21:16:13.877485+00:00,4344,2395220,128x,200ms,25,64,0,903,1942,2572,2958,4581,6511,4456,1611,983,15001
2026-09-15T21:16:14.398540+00:00,4345,2395745,128x,200ms,25,64,0,926,2001,2649,3038,4602,6547,4474,1619,1001,15134
2026-09-15T21:16:14.925794+00:00,4346,2396269,128x,200ms,25,64,0,928,2004,2648,3042,4556,6534,4421,1607,987,14990
2026-09-15T21:16:15.445436+00:00,4347,2396793,128x,200ms,25,64,0,925,1993,2637,3033,4565,6546,4432,1613,997,15036
2026-09-15T21:16:15.967046+00:00,4348,2397317,128x,200ms,25,64,0,832,1756,2314,2710,4373,6386,4269,1548,955,14647
2026-09-15T21:16:16.493528+00:00,4349,2397840,128x,200ms,25,64,1,911,1947,2584,2974,4440,6452,4323,1574,989,14886
2026-09-15T21:16:17.015154+00:00,4350,2398365,128x,200ms,25,64,1,908,1942,2575,2961,4455,6444,4340,1577,990,14904
2026-09-15T21:16:17.542020+00:00,4351,2398888,128x,200ms,25,64,1,913,1967,2603,2989,4472,6505,4332,1588,1011,14992
2026-09-15T21:16:18.061470+00:00,4352,2399414,128x,200ms,25,64,1,920,1974,2614,3012,4483,6520,4342,1592,1001,14937
2026-09-15T21:16:18.589537+00:00,4353,2399939,128x,200ms,25,64,1,914,1955,2588,2991,4369,6430,4251,1558,936,14569
2026-09-15T21:16:19.110564+00:00,4354,2400463,128x,200ms,25,64,1,905,1930,2557,2958,4231,6287,4134,1515,907,14239
2026-09-15T21:16:19.638341+00:00,4355,2400988,128x,200ms,25,64,0,906,1930,2557,2960,4282,6337,4176,1530,917,14298
2026-09-15T21:16:20.167858+00:00,4356,2401512,128x,200ms,25,64,0,861,1816,2402,2812,3998,5970,3935,1446,870,13342
2026-09-15T21:16:20.685704+00:00,4357,2402035,128x,200ms,25,64,0,854,1809,2384,2793,4123,6068,4034,1487,925,13705
2026-09-15T21:16:21.205885+00:00,4358,2402560,128x,200ms,25,64,0,895,1911,2525,2930,4414,6456,4275,1573,962,14636
2026-09-15T21:16:22.213683+00:00,4359,2403083,128x,200ms,25,64,0,857,1811,2395,2797,909,1129,1302,342,207,2168
2026-09-15T21:16:22.734963+00:00,4360,2403605,128x,200ms,25,64,0,127,185,215,433,704,812,1097,265,134,1206
2026-09-15T21:16:23.261530+00:00,4361,2404126,128x,200ms,25,64,1,133,202,237,468,789,892,1180,299,171,1429
2026-09-15T21:16:23.294055+00:00,4362,2404648,128x,200ms,25,64,1,182,316,384,636,965,1127,1343,365,239,2057
2026-09-15T21:16:23.821510+00:00,4363,2405172,128x,200ms,25,64,1,619,1265,1660,2033,4267,6365,4150,1526,919,14422
2026-09-15T21:16:24.830161+00:00,4364,2405696,128x,200ms,25,64,1,882,1867,2469,2867,3712,5658,3684,1351,828,12784
2026-09-15T21:16:25.350262+00:00,4365,2406220,128x,200ms,25,64,1,393,767,988,1327,721,804,1116,260,144,1313
2026-09-15T21:16:25.870277+00:00,4366,2406743,128x,200ms,25,64,1,121,173,200,433,604,712,989,222,103,1060
2026-09-15T21:16:26.389836+00:00,4367,2407265,128x,200ms,25,64,0,115,154,177,398,557,680,938,208,89,971
2026-09-15T21:16:26.911264+00:00,4368,2407785,128x,200ms,25,64,0,115,153,175,396,562,684,943,209,91,983
2026-09-15T21:16:27.429667+00:00,4369,2408306,128x,200ms,25,64,0,114,149,171,390,490,631,867,185,71,859
2026-09-15T21:16:27.950061+00:00,4370,2408826,128x,200ms,25,64,0,118,159,183,400,631,782,1025,246,109,1123
2026-09-15T21:16:28.477523+00:00,4371,2409348,128x,200ms,25,64,0,131,197,231,468,727,832,1118,271,137,1256
2026-09-15T21:16:28.509531+00:00,4372,2409868,128x,200ms,25,64,0,138,215,254,502,839,930,1245,310,186,1590
2026-09-15T21:16:29.038153+00:00,4373,2410389,128x,200ms,25,64,1,168,285,344,604,2346,3587,2537,879,542,7593
2026-09-15T21:16:29.558125+00:00,4374,2410912,128x,200ms,25,64,1,633,1295,1687,2104,3152,4921,3215,1172,710,10790
2026-09-15T21:16:30.086538+00:00,4375,2411437,128x,200ms,25,64,1,873,1849,2442,2844,4417,6492,4272,1577,963,14713
2026-09-15T21:16:30.605487+00:00,4376,2411961,128x,200ms,25,64,1,916,1958,2593,2994,4001,6030,3920,1447,875,13629
2026-09-15T21:16:31.133433+00:00,4377,2412485,128x,200ms,25,64,1,906,1929,2560,2957,4355,6439,4211,1560,944,14584
2026-09-15T21:16:31.654691+00:00,4378,2413009,128x,200ms,25,64,1,920,1977,2612,3008,4462,6513,4289,1592,981,14807
2026-09-15T21:16:32.182720+00:00,4379,2413534,128x,200ms,25,64,0,914,1954,2590,2991,4414,6480,4260,1574,959,14675
2026-09-15T21:16:32.702734+00:00,4380,2414057,128x,200ms,25,64,0,915,1955,2593,2989,4374,6450,4213,1562,926,14474
2026-09-15T21:16:33.221402+00:00,4381,2414581,128x,200ms,25,64,0,882,1877,2481,2877,4155,6201,4032,1499,878,13905
2026-09-15T21:16:33.749778+00:00,4382,2415105,128x,200ms,25,64,0,894,1907,2518,2915,4260,6332,4124,1531,900,14220
2026-09-15T21:16:34.278118+00:00,4383,2415628,128x,200ms,25,64,0,907,1936,2558,2955,4320,6401,4181,1549,916,14406
2026-09-15T21:16:35.277953+00:00,4384,2416152,128x,200ms,25,64,0,866,1835,2420,2821,3863,5848,3800,1409,839,13178
2026-09-15T21:16:35.806300+00:00,4385,2416676,128x,200ms,25,64,1,230,423,522,802,939,1044,1348,344,225,1899
2026-09-15T21:16:36.327065+00:00,4386,2417200,128x,200ms,25,64,1,139,222,260,516,839,902,1257,303,184,1549
2026-09-15T21:16:36.853530+00:00,4387,2417722,128x,200ms,25,64,1,144,234,274,532,865,931,1280,314,194,1608
2026-09-15T21:16:37.373639+00:00,4388,2418244,128x,200ms,25,64,1,132,204,236,486,446,462,545,190,69,533
2026-09-15T21:16:37.893467+00:00,4389,2418765,128x,200ms,25,64,1,276,524,652,903,1356,1894,1601,519,285,3353
2026-09-15T21:16:37.926869+00:00,4390,2419289,128x,200ms,25,64,1,281,537,667,924,1387,1943,1632,531,292,3471
2026-09-15T21:16:38.934416+00:00,4391,2419811,128x,200ms,25,64,0,278,532,658,914,1412,1986,1656,541,298,3566
2026-09-15T21:16:39.453992+00:00,4392,2420333,128x,200ms,25,64,0,299,577,720,988,929,1178,1242,359,173,1738
2026-09-15T21:16:39.981968+00:00,4393,2420854,128x,200ms,25,64,0,128,187,219,461,740,855,1103,275,160,1318
2026-09-15T21:16:40.015111+00:00,4394,2421376,128x,200ms,25,64,0,134,198,237,451,750,931,1074,302,169,1351
2026-09-15T21:16:40.534261+00:00,4395,2421897,128x,200ms,25,64,0,366,692,901,1184,1653,2513,1851,640,405,4885
2026-09-15T21:16:41.541742+00:00,4396,2422419,128x,200ms,25,64,0,251,434,559,786,830,1127,1153,348,278,2279
2026-09-15T21:16:41.582473+00:00,4397,2422940,128x,200ms,25,64,1,166,223,302,501,840,1103,1158,343,269,2075
2026-09-15T21:16:42.102186+00:00,4398,2423463,128x,200ms,25,64,1,722,1410,1886,2295,4393,6687,4225,1602,1016,15415
2026-09-15T21:16:42.629522+00:00,4399,2423988,128x,200ms,25,64,1,938,1899,2556,3004,3777,5981,3654,1417,868,13539
2026-09-15T21:16:43.158577+00:00,4400,2424513,128x,200ms,25,64,1,855,1689,2269,2680,3666,5812,3549,1389,903,13113
2026-09-15T21:16:43.677516+00:00,4401,2425036,128x,200ms,25,64,1,876,1759,2355,2774,4111,6379,3920,1523,969,14582
2026-09-15T21:16:44.207256+00:00,4402,2425562,128x,200ms,25,64,1,954,1934,2603,3007,4399,6730,4164,1615,1061,15662
2026-09-15T21:16:44.725495+00:00,4403,2426086,128x,200ms,25,64,0,984,2000,2696,3122,4537,6812,4332,1647,1159,16280
2026-09-15T21:16:45.253951+00:00,4404,2426610,128x,200ms,25,64,0,1015,2062,2784,3193,4777,6880,4501,1708,1320,17302
2026-09-15T21:16:45.774405+00:00,4405,2427134,128x,200ms,25,64,0,1011,2051,2765,3162,4718,6871,4452,1702,1289,17066
2026-09-15T21:16:46.294862+00:00,4406,2427658,128x,200ms,25,64,0,1015,2054,2785,3173,4718,6823,4431,1690,1316,17159
2026-09-15T21:16:46.821583+00:00,4407,2428182,128x,200ms,25,64,0,974,2029,2777,3031,4709,6553,4087,1669,1329,16891
2026-09-15T21:16:47.342331+00:00,4408,2428706,128x,200ms,25,64,0,962,2027,2772,2992,4684,6562,4073,1660,1312,16821
2026-09-15T21:16:47.870266+00:00,4409,2429230,128x,200ms,25,64,1,971,2032,2778,3017,4694,6603,4099,1667,1319,16851
2026-09-15T21:16:48.398324+00:00,4410,2429755,128x,200ms,25,64,1,973,2035,2781,3022,4694,6593,4090,1666,1320,16851
2026-09-15T21:16:48.926759+00:00,4411,2430280,128x,200ms,25,64,1,971,2035,2779,3015,4700,6588,4089,1668,1322,16869
2026-09-15T21:16:49.445820+00:00,4412,2430806,128x,200ms,25,64,1,969,2036,2781,3011,4704,6577,4085,1668,1323,16870
2026-09-15T21:16:49.967416+00:00,4413,2431330,128x,200ms,25,64,1,968,2037,2781,3006,4705,6600,4094,1670,1324,16869
2026-09-15T21:16:50.493526+00:00,4414,2431855,128x,200ms,25,64,1,978,2040,2784,3041,4705,6651,4137,1675,1323,16875
2026-09-15T21:16:51.016228+00:00,4415,2432379,128x,200ms,25,64,0,983,2041,2786,3055,4713,6666,4152,1678,1324,16884
2026-09-15T21:16:51.542666+00:00,4416,2432904,128x,200ms,25,64,0,984,2042,2787,3057,4720,6676,4160,1681,1327,16918
2026-09-15T21:16:52.061987+00:00,4417,2433427,128x,200ms,25,64,0,983,2040,2784,3052,4718,6671,4151,1681,1327,16917
2026-09-15T21:16:52.589521+00:00,4418,2433951,128x,200ms,25,64,0,981,2035,2782,3051,4715,6666,4153,1680,1326,16905
2026-09-15T21:16:53.110642+00:00,4419,2434476,128x,200ms,25,64,0,982,2032,2780,3057,4708,6705,4215,1681,1323,16893
2026-09-15T21:16:53.637528+00:00,4420,2435000,128x,200ms,25,64,0,998,2038,2784,3108,4712,6752,4300,1685,1322,16925
2026-09-15T21:16:54.158171+00:00,4421,2435523,128x,200ms,25,64,1,1001,2044,2789,3118,4710,6747,4289,1685,1324,16917
2026-09-15T21:16:54.685502+00:00,4422,2436048,128x,200ms,25,64,1,999,2043,2789,3109,4701,6689,4194,1679,1324,16872
2026-09-15T21:16:55.207049+00:00,4423,2436573,128x,200ms,25,64,1,981,2040,2787,3047,4706,6640,4127,1676,1326,16877
2026-09-15T21:16:55.733960+00:00,4424,2437097,128x,200ms,25,64,1,980,2040,2784,3041,4705,6640,4127,1676,1326,16874
2026-09-15T21:16:56.262382+00:00,4425,2437621,128x,200ms,25,64,1,980,2040,2786,3043,4708,6646,4131,1678,1328,16890
2026-09-15T21:16:56.782434+00:00,4426,2438147,128x,200ms,25,64,1,979,2039,2783,3039,4707,6643,4128,1678,1328,16891
2026-09-15T21:16:57.310766+00:00,4427,2438671,128x,200ms,25,64,0,979,2040,2783,3040,4710,6646,4128,1678,1328,16894
2026-09-15T21:16:57.829514+00:00,4428,2439195,128x,200ms,25,64,0,979,2039,2782,3039,4709,6645,4127,1678,1328,16900
2026-09-15T21:16:58.358148+00:00,4429,2439719,128x,200ms,25,64,0,977,2031,2777,3037,4707,6644,4125,1678,1328,16893
2026-09-15T21:16:58.878207+00:00,4430,2440243,128x,200ms,25,64,0,978,2033,2780,3039,4700,6627,4116,1674,1325,16861
2026-09-15T21:16:59.399315+00:00,4431,2440767,128x,200ms,25,64,0,978,2036,2782,3039,4705,6633,4117,1676,1326,16866
2026-09-15T21:16:59.926528+00:00,4432,2441291,128x,200ms,25,64,0,979,2041,2786,3041,4701,6628,4112,1675,1325,16857
2026-09-15T21:17:00.446599+00:00,4433,2441815,128x,200ms,25,64,1,977,2039,2783,3036,4710,6639,4118,1679,1329,16896
2026-09-15T21:17:00.974043+00:00,4434,2442339,128x,200ms,25,64,1,977,2037,2779,3031,4706,6634,4113,1677,1328,16889
2026-09-15T21:17:01.494356+00:00,4435,2442864,128x,200ms,25,64,1,977,2036,2778,3029,4705,6631,4111,1677,1328,16884
2026-09-15T21:17:02.021414+00:00,4436,2443388,128x,200ms,25,64,1,974,2032,2776,3029,4702,6629,4108,1676,1328,16876
2026-09-15T21:17:02.549440+00:00,4437,2443913,128x,200ms,25,64,1,974,2030,2775,3028,4700,6624,4105,1676,1327,16873
2026-09-15T21:17:03.070076+00:00,4438,2444437,128x,200ms,25,64,1,974,2031,2777,3028,4699,6619,4101,1674,1327,16866
2026-09-15T21:17:03.598125+00:00,4439,2444962,128x,200ms,25,64,0,975,2032,2779,3031,4695,6624,4108,1674,1326,16855
2026-09-15T21:17:04.118296+00:00,4440,2445486,128x,200ms,25,64,0,979,2039,2784,3041,4702,6633,4112,1676,1327,16868
2026-09-15T21:17:04.645952+00:00,4441,2446010,128x,200ms,25,64,0,979,2042,2785,3039,4704,6642,4116,1678,1328,16887
2026-09-15T21:17:05.166139+00:00,4442,2446533,128x,200ms,25,64,0,977,2039,2781,3034,4707,6634,4108,1678,1330,16895
2026-09-15T21:17:05.686205+00:00,4443,2447057,128x,200ms,25,64,0,974,2034,2778,3027,4706,6624,4104,1677,1329,16897
2026-09-15T21:17:06.213538+00:00,4444,2447581,128x,200ms,25,64,0,972,2032,2775,3022,4700,6605,4092,1674,1327,16867
2026-09-15T21:17:06.741707+00:00,4445,2448105,128x,200ms,25,64,1,971,2033,2778,3020,4696,6594,4089,1673,1327,16851
2026-09-15T21:17:07.261967+00:00,4446,2448630,128x,200ms,25,64,1,970,2033,2778,3016,4697,6592,4089,1673,1326,16852
2026-09-15T21:17:07.789522+00:00,4447,2449156,128x,200ms,25,64,1,971,2035,2779,3015,4694,6589,4084,1672,1326,16846
2026-09-15T21:17:08.317532+00:00,4448,2449680,128x,200ms,25,64,1,970,2034,2778,3015,4695,6590,4085,1673,1326,16844
2026-09-15T21:17:08.837519+00:00,4449,2450205,128x,200ms,25,64,1,970,2036,2780,3017,4694,6590,4084,1672,1326,16842
2026-09-15T21:17:09.365954+00:00,4450,2450729,128x,200ms,25,64,1,970,2035,2778,3015,4693,6590,4084,1673,1325,16847
2026-09-15T21:17:09.886545+00:00,4451,2451255,128x,200ms,25,64,0,970,2036,2779,3014,4692,6583,4079,1671,1326,16841
2026-09-15T21:17:10.413608+00:00,4452,2451779,128x,200ms,25,64,0,970,2038,2782,3012,4695,6583,4081,1673,1326,16849
2026-09-15T21:17:10.933462+00:00,4453,2452303,128x,200ms,25,64,0,968,2037,2779,3009,4694,6583,4083,1674,1327,16854
2026-09-15T21:17:11.462959+00:00,4454,2452827,128x,200ms,25,64,0,968,2036,2777,3006,4696,6588,4085,1675,1328,16869
2026-09-15T21:17:11.982584+00:00,4455,2453351,128x,200ms,25,64,0,969,2036,2776,3004,4697,6591,4086,1676,1329,16872
2026-09-15T21:17:12.509516+00:00,4456,2453875,128x,200ms,25,64,0,966,2032,2773,3002,4695,6583,4081,1674,1327,16859
2026-09-15T21:17:13.030098+00:00,4457,2454400,128x,200ms,25,64,1,965,2027,2771,3000,4688,6572,4074,1671,1325,16838
2026-09-15T21:17:13.557871+00:00,4458,2454924,128x,200ms,25,64,1,964,2027,2770,2998,4689,6568,4074,1672,1325,16838
2026-09-15T21:17:14.078425+00:00,4459,2455449,128x,200ms,25,64,1,963,2026,2769,2996,4684,6563,4071,1670,1325,16823
2026-09-15T21:17:14.607259+00:00,4460,2455973,128x,200ms,25,64,1,963,2027,2769,2995,4685,6560,4070,1671,1325,16822
2026-09-15T21:17:15.126175+00:00,4461,2456499,128x,200ms,25,64,1,963,2026,2768,2993,4681,6550,4066,1668,1324,16810
2026-09-15T21:17:15.654216+00:00,4462,2457024,128x,200ms,25,64,1,961,2025,2767,2991,4679,6548,4065,1668,1323,16800
2026-09-15T21:17:16.181441+00:00,4463,2457549,128x,200ms,25,64,0,963,2026,2768,2993,4678,6566,4068,1669,1323,16806
2026-09-15T21:17:16.701522+00:00,4464,2458074,128x,200ms,25,64,0,968,2030,2773,3011,4671,6568,4066,1667,1321,16767
2026-09-15T21:17:17.229753+00:00,4465,2458597,128x,200ms,25,64,0,969,2032,2773,3009,4676,6575,4071,1669,1323,16794
2026-09-15T21:17:17.750794+00:00,4466,2459121,128x,200ms,25,64,0,968,2033,2772,3004,4680,6577,4073,1671,1324,16816
2026-09-15T21:17:18.277923+00:00,4467,2459645,128x,200ms,25,64,0,966,2031,2769,3000,4682,6572,4072,1672,1325,16818
2026-09-15T21:17:18.797741+00:00,4468,2460170,128x,200ms,25,64,0,964,2027,2766,2995,4680,6568,4069,1670,1324,16810
2026-09-15T21:17:19.325497+00:00,4469,2460694,128x,200ms,25,64,1,963,2024,2766,2995,4679,6562,4067,1669,1324,16809
2026-09-15T21:17:19.846370+00:00,4470,2461219,128x,200ms,25,64,1,963,2025,2766,2995,4676,6557,4064,1668,1322,16798
2026-09-15T21:17:20.373597+00:00,4471,2461744,128x,200ms,25,64,1,963,2025,2767,2994,4676,6553,4063,1668,1321,16794
2026-09-15T21:17:20.901491+00:00,4472,2462269,128x,200ms,25,64,1,963,2027,2769,2993,4677,6551,4063,1668,1323,16792
2026-09-15T21:17:21.422754+00:00,4473,2462793,128x,200ms,25,64,1,962,2030,2771,2992,4677,6547,4062,1668,1323,16790
2026-09-15T21:17:21.950533+00:00,4474,2463319,128x,200ms,25,64,1,962,2033,2772,2990,4678,6549,4065,1670,1324,16807
2026-09-15T21:17:22.470177+00:00,4475,2463844,128x,200ms,25,64,0,962,2033,2772,2990,4678,6548,4066,1670,1324,16804
2026-09-15T21:17:22.997444+00:00,4476,2464368,128x,200ms,25,64,0,961,2031,2770,2987,4681,6550,4067,1671,1324,16817
2026-09-15T21:17:23.518376+00:00,4477,2464891,128x,200ms,25,64,0,960,2027,2766,2985,4680,6550,4066,1671,1325,16821
2026-09-15T21:17:24.045510+00:00,4478,2465416,128x,200ms,25,64,0,959,2025,2766,2983,4679,6543,4063,1669,1324,16805
2026-09-15T21:17:24.565510+00:00,4479,2465940,128x,200ms,25,64,0,961,2029,2771,2986,4678,6540,4064,1668,1324,16804
2026-09-15T21:17:25.094541+00:00,4480,2466463,128x,200ms,25,64,0,963,2035,2776,2990,4683,6551,4067,1671,1324,16816
2026-09-15T21:17:25.614907+00:00,4481,2466988,128x,200ms,25,64,1,962,2035,2774,2988,4686,6552,4072,1673,1327,16839
2026-09-15T21:17:26.141473+00:00,4482,2467513,128x,200ms,25,64,1,963,2036,2775,2987,4692,6561,4076,1674,1328,16861
2026-09-15T21:17:26.662035+00:00,4483,2468037,128x,200ms,25,64,1,962,2035,2775,2986,4693,6555,4075,1674,1327,16863
2026-09-15T21:17:27.189655+00:00,4484,2468562,128x,200ms,25,64,1,960,2034,2774,2984,4690,6550,4074,1674,1327,16860
2026-09-15T21:17:27.709567+00:00,4485,2469087,128x,200ms,25,64,1,958,2031,2771,2980,4690,6544,4073,1674,1327,16848
2026-09-15T21:17:28.237906+00:00,4486,2469612,128x,200ms,25,64,1,957,2029,2771,2977,4691,6541,4071,1673,1327,16855
2026-09-15T21:17:28.757680+00:00,4487,2470136,128x,200ms,25,64,0,958,2029,2771,2980,4689,6540,4071,1672,1327,16848
2026-09-15T21:17:29.285481+00:00,4488,2470661,128x,200ms,25,64,0,956,2031,2773,2979,4682,6525,4065,1671,1325,16826
2026-09-15T21:17:29.805888+00:00,4489,2471184,128x,200ms,25,64,0,958,2033,2775,2980,4682,6524,4064,1669,1325,16815
2026-09-15T21:17:30.333554+00:00,4490,2471708,128x,200ms,25,64,0,958,2036,2777,2982,4683,6529,4065,1671,1324,16826
2026-09-15T21:17:30.853408+00:00,4491,2472232,128x,200ms,25,64,0,959,2038,2778,2982,4687,6535,4071,1673,1325,16836
2026-09-15T21:17:31.381744+00:00,4492,2472757,128x,200ms,25,64,0,959,2039,2778,2981,4688,6536,4073,1673,1327,16844
2026-09-15T21:17:31.901688+00:00,4493,2473280,128x,200ms,25,64,1,957,2038,2775,2975,4690,6534,4074,1675,1327,16861
2026-09-15T21:17:32.429808+00:00,4494,2473805,128x,200ms,25,64,1,957,2037,2775,2974,4690,6532,4073,1674,1327,16860
2026-09-15T21:17:32.949414+00:00,4495,2474330,128x,200ms,25,64,1,957,2036,2773,2973,4689,6534,4073,1675,1328,16854
2026-09-15T21:17:33.478268+00:00,4496,2474855,128x,200ms,25,64,1,957,2035,2774,2973,4683,6523,4067,1672,1326,16836
2026-09-15T21:17:34.006246+00:00,4497,2475379,128x,200ms,25,64,1,956,2033,2770,2969,4683,6526,4068,1672,1325,16834
2026-09-15T21:17:34.525388+00:00,4498,2475905,128x,200ms,25,64,1,956,2035,2770,2969,4682,6520,4067,1672,1326,16829
2026-09-15T21:17:35.053934+00:00,4499,2476430,128x,200ms,25,64,0,956,2033,2770,2971,4682,6532,4068,1672,1326,16829
2026-09-15T21:17:35.574049+00:00,4500,2476954,128x,200ms,25,64,0,955,2029,2766,2969,4678,6529,4063,1671,1325,16809
2026-09-15T21:17:36.102076+00:00,4501,2477477,128x,200ms,25,64,0,960,2025,2766,2987,4675,6548,4061,1670,1324,16800
2026-09-15T21:17:36.621489+00:00,4502,2478002,128x,200ms,25,64,0,962,2027,2768,2990,4666,6541,4053,1667,1321,16764
2026-09-15T21:17:37.149535+00:00,4503,2478526,128x,200ms,25,64,0,960,2026,2768,2984,4668,6524,4053,1667,1321,16765
2026-09-15T21:17:37.670261+00:00,4504,2479050,128x,200ms,25,64,0,959,2032,2772,2981,4669,6526,4056,1668,1321,16775
2026-09-15T21:17:38.197808+00:00,4505,2479575,128x,200ms,25,64,1,958,2033,2770,2977,4674,6528,4060,1670,1323,16787
2026-09-15T21:17:38.718264+00:00,4506,2480100,128x,200ms,25,64,1,955,2034,2772,2973,4682,6514,4064,1673,1325,16804
2026-09-15T21:17:39.245790+00:00,4507,2480624,128x,200ms,25,64,1,954,2033,2770,2967,4683,6512,4064,1673,1325,16809
2026-09-15T21:17:39.765566+00:00,4508,2481149,128x,200ms,25,64,1,953,2032,2768,2964,4681,6510,4064,1672,1325,16810
2026-09-15T21:17:40.293389+00:00,4509,2481674,128x,200ms,25,64,1,953,2032,2769,2966,4681,6512,4063,1672,1325,16809
2026-09-15T21:17:40.821934+00:00,4510,2482199,128x,200ms,25,64,1,952,2029,2766,2966,4680,6509,4060,1671,1324,16804
2026-09-15T21:17:41.342199+00:00,4511,2482724,128x,200ms,25,64,0,953,2029,2768,2968,4680,6509,4061,1671,1323,16802
2026-09-15T21:17:41.869917+00:00,4512,2483249,128x,200ms,25,64,0,953,2029,2769,2971,4678,6507,4059,1670,1323,16790
2026-09-15T21:17:42.389632+00:00,4513,2483772,128x,200ms,25,64,0,955,2035,2775,2973,4684,6517,4064,1672,1324,16812
2026-09-15T21:17:42.917595+00:00,4514,2484296,128x,200ms,25,64,0,955,2039,2777,2973,4689,6521,4069,1674,1325,16830
2026-09-15T21:17:43.438025+00:00,4515,2484820,128x,200ms,25,64,0,954,2037,2775,2970,4690,6516,4070,1675,1327,16843
2026-09-15T21:17:43.965495+00:00,4516,2485344,128x,200ms,25,64,0,952,2032,2771,2966,4690,6516,4068,1675,1327,16842
2026-09-15T21:17:44.486304+00:00,4517,2485868,128x,200ms,25,64,1,952,2032,2773,2969,4687,6512,4067,1674,1325,16836
2026-09-15T21:17:45.014316+00:00,4518,2486393,128x,200ms,25,64,1,951,2031,2773,2968,4687,6511,4066,1673,1326,16831
2026-09-15T21:17:45.533722+00:00,4519,2486918,128x,200ms,25,64,1,952,2032,2773,2971,4685,6506,4063,1672,1325,16819
2026-09-15T21:17:46.061670+00:00,4520,2487442,128x,200ms,25,64,1,952,2032,2773,2970,4685,6505,4066,1673,1325,16824
2026-09-15T21:17:46.581822+00:00,4521,2487967,128x,200ms,25,64,1,952,2033,2774,2970,4686,6501,4065,1674,1326,16822
2026-09-15T21:17:47.110700+00:00,4522,2488493,128x,200ms,25,64,1,949,2031,2771,2964,4682,6483,4060,1671,1324,16805
2026-09-15T21:17:47.630540+00:00,4523,2489018,128x,200ms,25,64,0,947,2031,2771,2963,4687,6492,4063,1673,1325,16820
2026-09-15T21:17:48.158653+00:00,4524,2489541,128x,200ms,25,64,0,949,2035,2776,2967,4684,6487,4061,1672,1323,16812
2026-09-15T21:17:48.686557+00:00,4525,2490064,128x,200ms,25,64,0,950,2040,2779,2967,4687,6492,4063,1671,1324,16818
2026-09-15T21:17:49.206246+00:00,4526,2490589,128x,200ms,25,64,0,951,2043,2780,2969,4694,6503,4072,1675,1327,16852
2026-09-15T21:17:49.725512+00:00,4527,2491113,128x,200ms,25,64,0,951,2045,2782,2971,4709,6509,4083,1681,1329,16883
2026-09-15T21:17:50.253425+00:00,4528,2491637,128x,200ms,25,64,0,952,2046,2783,2970,4714,6514,4088,1681,1328,16894
2026-09-15T21:17:50.781877+00:00,4529,2492161,128x,200ms,25,64,1,950,2041,2777,2967,4710,6510,4089,1678,1325,16882
2026-09-15T21:17:51.301452+00:00,4530,2492686,128x,200ms,25,64,1,951,2044,2779,2967,4713,6512,4093,1681,1327,16889
2026-09-15T21:17:51.830259+00:00,4531,2493210,128x,200ms,25,64,1,950,2042,2778,2967,4713,6509,4093,1680,1327,16883
2026-09-15T21:17:52.349502+00:00,4532,2493735,128x,200ms,25,64,1,951,2044,2780,2968,4712,6508,4091,1680,1327,16878
2026-09-15T21:17:52.877512+00:00,4533,2494261,128x,200ms,25,64,1,951,2045,2780,2969,4713,6510,4091,1681,1328,16881
2026-09-15T21:17:53.397748+00:00,4534,2494785,128x,200ms,25,64,1,951,2044,2780,2970,4713,6509,4092,1681,1328,16884
2026-09-15T21:17:53.925640+00:00,4535,2495310,128x,200ms,25,64,0,951,2045,2781,2969,4712,6510,4091,1680,1327,16885
2026-09-15T21:17:54.445512+00:00,4536,2495835,128x,200ms,25,64,0,951,2043,2779,2969,4709,6511,4086,1682,1331,16890
2026-09-15T21:17:54.973895+00:00,4537,2496358,128x,200ms,25,64,0,949,2036,2774,2966,4703,6502,4080,1679,1330,16868
2026-09-15T21:17:55.493648+00:00,4538,2496882,128x,200ms,25,64,0,948,2033,2774,2965,4690,6491,4070,1675,1328,16837
2026-09-15T21:17:56.021502+00:00,4539,2497406,128x,200ms,25,64,0,948,2033,2774,2965,4686,6484,4066,1673,1327,16817
2026-09-15T21:17:56.541506+00:00,4540,2497930,128x,200ms,25,64,0,949,2036,2776,2966,4685,6485,4067,1674,1327,16811
2026-09-15T21:17:57.069668+00:00,4541,2498454,128x,200ms,25,64,1,950,2039,2779,2967,4689,6502,4070,1676,1330,16831
2026-09-15T21:17:57.597784+00:00,4542,2498979,128x,200ms,25,64,1,969,2041,2782,3011,4711,6635,4112,1687,1339,16856
2026-09-15T21:17:58.117456+00:00,4543,2499504,128x,200ms,25,64,1,991,2053,2796,3084,4724,6760,4293,1699,1334,16960
2026-09-15T21:17:58.645502+00:00,4544,2500029,128x,200ms,25,64,1,994,2019,2727,3126,4636,6806,4364,1669,1179,16609
2026-09-15T21:17:59.166699+00:00,4545,2500554,128x,200ms,25,64,1,896,1995,2652,2880,3860,5508,3364,1400,975,13135
2026-09-15T21:17:59.686138+00:00,4546,2501079,128x,200ms,25,64,1,555,1225,1629,1821,2447,3570,2154,940,645,7750
2026-09-15T21:18:00.215246+00:00,4547,2501602,128x,200ms,25,64,0,478,1003,1361,1556,2259,3306,2058,873,621,7438
2026-09-15T21:18:00.733573+00:00,4548,2502125,128x,200ms,25,64,0,522,1021,1410,1640,769,1074,1122,312,264,2490
2026-09-15T21:18:01.262188+00:00,4549,2502648,128x,200ms,25,64,0,193,242,330,625,2803,4545,2883,1047,659,9957
2026-09-15T21:18:01.781509+00:00,4550,2503171,128x,200ms,25,64,0,808,1668,2200,2600,4085,6285,3874,1482,870,13712
2026-09-15T21:18:02.302513+00:00,4551,2503695,128x,200ms,25,64,0,899,1888,2504,2882,3759,5899,3586,1382,801,12685
2026-09-15T21:18:02.830517+00:00,4552,2504219,128x,200ms,25,64,0,787,1630,2151,2516,3338,5235,3210,1238,708,10964
2026-09-15T21:18:03.350232+00:00,4553,2504742,128x,200ms,25,64,1,715,1486,1966,2304,2571,4182,2569,981,565,8392
2026-09-15T21:18:03.877480+00:00,4554,2505267,128x,200ms,25,64,1,512,987,1301,1645,2799,4612,2764,1069,613,9331
2026-09-15T21:18:04.398247+00:00,4555,2505790,128x,200ms,25,64,1,778,1600,2116,2482,3629,5734,3462,1343,760,12162
2026-09-15T21:18:04.926247+00:00,4556,2506314,128x,200ms,25,64,1,862,1793,2375,2738,3856,6036,3655,1418,803,12942
2026-09-15T21:18:05.445477+00:00,4557,2506839,128x,200ms,25,64,1,880,1847,2441,2812,3875,6025,3692,1416,823,12978
2026-09-15T21:18:05.973445+00:00,4558,2507363,128x,200ms,25,64,1,810,1684,2223,2596,3456,5368,3323,1274,747,11271
2026-09-15T21:18:06.493579+00:00,4559,2507887,128x,200ms,25,64,0,709,1464,1933,2292,2942,4573,2894,1098,653,9352
2026-09-15T21:18:07.014593+00:00,4560,2508410,128x,200ms,25,64,0,559,1121,1471,1818,2377,3710,2419,907,547,7216
2026-09-15T21:18:07.542199+00:00,4561,2508934,128x,200ms,25,64,0,528,1051,1378,1719,2415,3767,2450,920,555,7349
2026-09-15T21:18:08.062251+00:00,4562,2509456,128x,200ms,25,64,0,550,1103,1443,1781,2496,3890,2517,947,569,7656
2026-09-15T21:18:08.589657+00:00,4563,2509979,128x,200ms,25,64,0,559,1127,1474,1812,2471,3840,2495,936,563,7544
2026-09-15T21:18:09.109499+00:00,4564,2510501,128x,200ms,25,64,0,541,1086,1419,1754,2348,3643,2392,892,539,7078
2026-09-15T21:18:09.638325+00:00,4565,2511025,128x,200ms,25,64,1,497,963,1258,1604,2188,3601,2331,839,509,7435
2026-09-15T21:18:10.158592+00:00,4566,2511548,128x,200ms,25,64,1,558,1077,1408,1786,2466,4002,2552,935,553,8258
2026-09-15T21:18:10.677658+00:00,4567,2512072,128x,200ms,25,64,1,611,1194,1573,1956,2693,4366,2734,1014,595,9140
2026-09-15T21:18:11.205922+00:00,4568,2512596,128x,200ms,25,64,1,690,1359,1800,2204,3025,4946,3010,1134,659,10503
2026-09-15T21:18:11.726546+00:00,4569,2513121,128x,200ms,25,64,1,735,1458,1932,2344,3106,5104,3078,1164,675,10859
2026-09-15T21:18:12.254614+00:00,4570,2513645,128x,200ms,25,64,1,745,1481,1961,2375,3128,5137,3097,1173,679,10942
2026-09-15T21:18:12.773652+00:00,4571,2514169,128x,200ms,25,64,0,743,1475,1952,2365,3121,5120,3091,1168,677,10904
2026-09-15T21:18:13.294343+00:00,4572,2514693,128x,200ms,25,64,0,745,1482,1961,2373,3122,5133,3093,1170,677,10917
2026-09-15T21:18:13.821672+00:00,4573,2515216,128x,200ms,25,64,0,678,1344,1775,2163,2568,4069,2591,963,571,8215
2026-09-15T21:18:14.342620+00:00,4574,2515739,128x,200ms,25,64,0,535,1060,1388,1738,2160,3436,2292,822,501,6741
2026-09-15T21:18:14.862045+00:00,4575,2516262,128x,200ms,25,64,0,356,658,853,1176,1170,1652,1482,452,302,3216
2026-09-15T21:18:15.389754+00:00,4576,2516785,128x,200ms,25,64,0,337,593,766,1099,1659,2564,1895,637,410,5186
2026-09-15T21:18:15.917720+00:00,4577,2517307,128x,200ms,25,64,1,447,829,1099,1466,2252,3637,2389,861,531,7518
2026-09-15T21:18:16.437505+00:00,4578,2517830,128x,200ms,25,64,1,547,1039,1376,1765,2269,3669,2404,867,535,7601
2026-09-15T21:18:16.957495+00:00,4579,2518354,128x,200ms,25,64,1,546,1040,1377,1765,2527,4049,2602,955,577,8208
2026-09-15T21:18:17.486523+00:00,4580,2518878,128x,200ms,25,64,1,584,1150,1506,1896,2494,3958,2571,941,572,7952
2026-09-15T21:18:18.005497+00:00,4581,2519401,128x,200ms,25,64,1,594,1175,1535,1919,2653,4217,2706,998,603,8591
2026-09-15T21:18:18.525817+00:00,4582,2519925,128x,200ms,25,64,1,614,1224,1604,1984,2566,4079,2630,964,585,8278
2026-09-15T21:18:19.533491+00:00,4583,2520449,128x,200ms,25,64,0,577,1140,1489,1867,1768,2759,1976,685,430,5460
2026-09-15T21:18:19.573599+00:00,4584,2520972,128x,200ms,25,64,0,195,247,343,592,841,1165,1148,353,278,2466
2026-09-15T21:18:20.581992+00:00,4585,2521493,128x,200ms,25,64,0,186,259,370,563,1042,1317,1072,424,344,2758
2026-09-15T21:18:21.102107+00:00,4586,2522015,128x,200ms,25,64,0,246,419,576,742,1156,1485,1154,464,367,3090
2026-09-15T21:18:21.623085+00:00,4587,2522536,128x,200ms,25,64,0,178,273,395,534,951,1119,950,390,332,2548
2026-09-15T21:18:22.143061+00:00,4588,2523058,128x,200ms,25,64,0,183,280,404,548,985,1168,1001,404,347,2665
2026-09-15T21:18:22.181918+00:00,4589,2523580,128x,200ms,25,64,1,191,290,419,569,1034,1251,1054,425,374,2926
2026-09-15T21:18:22.702514+00:00,4590,2524103,128x,200ms,25,64,1,333,592,824,1015,1606,2284,1525,636,489,5037
2026-09-15T21:18:23.222164+00:00,4591,2524626,128x,200ms,25,64,1,326,582,808,995,1231,1610,1201,497,403,3643
2026-09-15T21:18:23.749593+00:00,4592,2525149,128x,200ms,25,64,1,219,353,506,664,1487,2077,1424,593,455,4577
2026-09-15T21:18:24.277496+00:00,4593,2525672,128x,200ms,25,64,1,419,781,1078,1304,2079,3119,1895,809,581,6745
2026-09-15T21:18:24.797636+00:00,4594,2526195,128x,200ms,25,64,1,440,850,1163,1368,1954,2854,1767,760,559,6203
2026-09-15T21:18:25.318084+00:00,4595,2526718,128x,200ms,25,64,0,372,722,982,1145,1693,2356,1542,659,500,5085
2026-09-15T21:18:25.837495+00:00,4596,2527241,128x,200ms,25,64,0,335,650,878,1022,1695,2357,1545,661,502,5098
2026-09-15T21:18:26.365944+00:00,4597,2527764,128x,200ms,25,64,0,406,789,1074,1254,1964,2869,1776,764,560,6246
2026-09-15T21:18:26.885504+00:00,4598,2528286,128x,200ms,25,64,0,402,780,1063,1244,1810,2574,1644,705,530,5595
2026-09-15T21:18:27.406049+00:00,4599,2528809,128x,200ms,25,64,0,378,733,997,1164,1798,2555,1634,700,526,5551
2026-09-15T21:18:27.933675+00:00,4600,2529332,128x,200ms,25,64,0,384,742,1009,1179,1821,2598,1654,709,531,5643
2026-09-15T21:18:28.453487+00:00,4601,2529854,128x,200ms,25,64,1,377,729,992,1161,1792,2544,1630,698,525,5520
2026-09-15T21:18:28.973910+00:00,4602,2530377,128x,200ms,25,64,1,379,732,997,1167,1857,2666,1685,723,540,5805
2026-09-15T21:18:29.502110+00:00,4603,2530902,128x,200ms,25,64,1,410,793,1083,1269,1932,2810,1750,752,556,6126
2026-09-15T21:18:30.022470+00:00,4604,2531425,128x,200ms,25,64,1,424,819,1117,1308,1969,2883,1781,766,562,6278
2026-09-15T21:18:30.551209+00:00,4605,2531948,128x,200ms,25,64,1,426,823,1122,1315,1959,2866,1772,762,556,6229
2026-09-15T21:18:31.069497+00:00,4606,2532471,128x,200ms,25,64,1,406,785,1069,1253,1905,2763,1726,741,546,5997
2026-09-15T21:18:31.597657+00:00,4607,2532995,128x,200ms,25,64,0,440,850,1163,1366,2192,3308,1974,851,610,7235
2026-09-15T21:18:32.117496+00:00,4608,2533517,128x,200ms,25,64,0,554,1080,1479,1729,2366,3612,2126,911,624,7744
2026-09-15T21:18:32.637500+00:00,4609,2534041,128x,200ms,25,64,0,527,1016,1395,1646,2363,3717,2144,921,596,7862
2026-09-15T21:18:33.159042+00:00,4610,2534564,128x,200ms,25,64,0,541,1043,1434,1693,2344,3676,2128,913,593,7785
2026-09-15T21:18:33.686297+00:00,4611,2535087,128x,200ms,25,64,0,514,987,1359,1604,2187,3362,1986,852,561,7086
2026-09-15T21:18:34.205486+00:00,4612,2535610,128x,200ms,25,64,0,476,917,1257,1474,1965,2872,1779,764,566,6291
2026-09-15T21:18:34.726295+00:00,4613,2536132,128x,200ms,25,64,1,406,784,1069,1252,1914,2777,1734,745,555,6073
2026-09-15T21:18:35.254245+00:00,4614,2536655,128x,200ms,25,64,1,422,814,1111,1303,1979,2902,1792,769,569,6344
2026-09-15T21:18:36.261791+00:00,4615,2537179,128x,200ms,25,64,1,399,773,1053,1229,1691,2347,1549,659,510,5178
2026-09-15T21:18:36.782763+00:00,4616,2537702,128x,200ms,25,64,1,272,518,697,811,1035,1195,1045,415,371,3114
2026-09-15T21:18:37.301418+00:00,4617,2538224,128x,200ms,25,64,1,151,256,363,460,858,950,946,349,319,2761
2026-09-15T21:18:37.823179+00:00,4618,2538746,128x,200ms,25,64,1,151,255,361,460,877,971,960,358,327,2812
2026-09-15T21:18:37.862442+00:00,4619,2539268,128x,200ms,25,64,0,171,296,416,518,1128,1354,1168,448,392,3493
2026-09-15T21:18:38.381492+00:00,4620,2539790,128x,200ms,25,64,0,242,457,618,734,1310,1667,1318,517,431,4028
2026-09-15T21:18:39.390901+00:00,4621,2540311,128x,200ms,25,64,0,246,467,630,747,1313,1669,1320,518,430,4002
2026-09-15T21:18:39.430084+00:00,4622,2540832,128x,200ms,25,64,0,274,528,707,832,1610,2186,1568,627,493,5056
2026-09-15T21:18:39.949488+00:00,4623,2541355,128x,200ms,25,64,0,451,907,1229,1416,2535,3782,2312,962,682,8676
2026-09-15T21:18:40.469487+00:00,4624,2541877,128x,200ms,25,64,0,565,1147,1553,1771,2505,3743,2282,953,680,8571
2026-09-15T21:18:40.997663+00:00,4625,2542400,128x,200ms,25,64,1,474,942,1281,1477,2093,3051,1934,805,599,6950
2026-09-15T21:18:41.517838+00:00,4626,2542924,128x,200ms,25,64,1,435,860,1166,1350,2008,2917,1861,776,580,6628
2026-09-15T21:18:42.037491+00:00,4627,2543448,128x,200ms,25,64,1,402,791,1071,1245,1838,2624,1712,715,544,5953
2026-09-15T21:18:42.566036+00:00,4628,2543970,128x,200ms,25,64,1,374,734,992,1150,1762,2483,1653,686,528,5641
2026-09-15T21:18:43.085501+00:00,4629,2544494,128x,200ms,25,64,1,363,712,959,1113,1742,2449,1636,680,525,5560
2026-09-15T21:18:43.614509+00:00,4630,2545017,128x,200ms,25,64,1,424,821,1121,1304,2069,3150,1919,808,583,6825
2026-09-15T21:18:44.133597+00:00,4631,2545541,128x,200ms,25,64,0,417,810,1104,1283,1775,2509,1664,695,536,5608
2026-09-15T21:18:44.653434+00:00,4632,2546063,128x,200ms,25,64,0,377,732,988,1162,1845,2648,1729,721,550,5924
2026-09-15T21:18:45.174493+00:00,4633,2546585,128x,200ms,25,64,0,383,743,1005,1180,1807,2579,1694,707,540,5759
2026-09-15T21:18:45.701688+00:00,4634,2547108,128x,200ms,25,64,0,380,737,997,1172,1787,2542,1674,699,537,5670
2026-09-15T21:18:46.222890+00:00,4635,2547631,128x,200ms,25,64,0,376,728,985,1156,1799,2564,1682,704,539,5713
2026-09-15T21:18:46.749488+00:00,4636,2548153,128x,200ms,25,64,0,397,770,1042,1223,1901,2758,1761,742,556,6117
2026-09-15T21:18:47.269497+00:00,4637,2548675,128x,200ms,25,64,1,435,841,1149,1348,2227,3377,2015,868,626,7369
2026-09-15T21:18:47.790906+00:00,4638,2549198,128x,200ms,25,64,1,504,968,1331,1567,2115,3137,1906,824,605,6896
2026-09-15T21:18:48.319114+00:00,4639,2549722,128x,200ms,25,64,1,411,797,1086,1266,1878,2691,1708,733,552,5909
2026-09-15T21:18:48.837483+00:00,4640,2550246,128x,200ms,25,64,1,401,778,1058,1232,1884,2700,1712,735,554,5933
2026-09-15T21:18:49.359028+00:00,4641,2550769,128x,200ms,25,64,1,393,765,1039,1208,1871,2673,1701,730,552,5882
2026-09-15T21:18:49.885491+00:00,4642,2551292,128x,200ms,25,64,1,396,770,1048,1221,1914,2756,1735,746,561,6064
2026-09-15T21:18:50.405816+00:00,4643,2551816,128x,200ms,25,64,0,419,815,1113,1294,1986,2892,1794,774,576,6374
2026-09-15T21:18:50.925712+00:00,4644,2552338,128x,200ms,25,64,0,414,807,1100,1277,1908,2744,1728,744,557,6037
2026-09-15T21:18:51.446346+00:00,4645,2552860,128x,200ms,25,64,0,418,813,1109,1289,1991,2907,1794,775,574,6388
2026-09-15T21:18:51.974043+00:00,4646,2553383,128x,200ms,25,64,0,420,814,1113,1295,1946,2822,1756,758,565,6202
2026-09-15T21:18:52.494502+00:00,4647,2553906,128x,200ms,25,64,0,414,803,1096,1272,1963,2855,1770,764,568,6278
2026-09-15T21:18:53.014034+00:00,4648,2554428,128x,200ms,25,64,0,412,801,1092,1267,1898,2729,1713,739,553,5995
2026-09-15T21:18:53.541437+00:00,4649,2554951,128x,200ms,25,64,1,410,796,1088,1264,1906,2745,1722,741,556,6018
2026-09-15T21:18:54.062221+00:00,4650,2555474,128x,200ms,25,64,1,400,776,1057,1229,1887,2714,1707,735,552,5944
2026-09-15T21:18:54.589876+00:00,4651,2555998,128x,200ms,25,64,1,401,778,1061,1232,1929,2793,1742,751,561,6125
2026-09-15T21:18:55.109927+00:00,4652,2556520,128x,200ms,25,64,1,415,805,1099,1278,1889,2718,1707,735,553,5955
2026-09-15T21:18:55.629797+00:00,4653,2557043,128x,200ms,25,64,1,397,768,1049,1220,1869,2681,1690,728,547,5867
2026-09-15T21:18:56.157483+00:00,4654,2557566,128x,200ms,25,64,1,394,763,1040,1207,1857,2657,1679,723,544,5817
2026-09-15T21:18:56.677489+00:00,4655,2558090,128x,200ms,25,64,0,401,779,1062,1231,2145,3194,1921,835,609,7105
2026-09-15T21:18:57.197631+00:00,4656,2558612,128x,200ms,25,64,0,544,1070,1471,1695,2480,3820,2199,963,683,8575
2026-09-15T21:18:57.725738+00:00,4657,2559135,128x,200ms,25,64,0,547,1075,1479,1704,2439,3741,2163,946,675,8403
2026-09-15T21:18:58.245498+00:00,4658,2559659,128x,200ms,25,64,0,530,1038,1428,1647,2239,3364,1998,870,631,7502
2026-09-15T21:18:58.765547+00:00,4659,2560182,128x,200ms,25,64,0,440,859,1175,1357,1957,2835,1762,762,570,6294
2026-09-15T21:18:59.293487+00:00,4660,2560704,128x,200ms,25,64,0,403,787,1074,1240,1889,2707,1705,736,556,5997
2026-09-15T21:18:59.813488+00:00,4661,2561227,128x,200ms,25,64,1,410,798,1090,1260,1958,2853,1764,762,567,6314
2026-09-15T21:19:00.333627+00:00,4662,2561751,128x,200ms,25,64,1,426,825,1128,1310,1974,2883,1782,769,571,6362
2026-09-15T21:19:00.861891+00:00,4663,2562274,128x,200ms,25,64,1,430,834,1138,1326,1999,2927,1802,778,576,6454
2026-09-15T21:19:01.381469+00:00,4664,2562797,128x,200ms,25,64,1,430,831,1138,1325,1995,2925,1800,777,576,6454
2026-09-15T21:19:01.909623+00:00,4665,2563320,128x,200ms,25,64,1,425,821,1121,1307,1942,2822,1754,756,564,6212
2026-09-15T21:19:02.429666+00:00,4666,2563844,128x,200ms,25,64,1,411,797,1086,1265,1918,2774,1735,747,559,6097
2026-09-15T21:19:02.949482+00:00,4667,2564367,128x,200ms,25,64,0,412,797,1087,1266,1921,2779,1736,748,559,6107
2026-09-15T21:19:03.477990+00:00,4668,2564889,128x,200ms,25,64,0,407,788,1076,1253,1909,2761,1727,742,554,6053
2026-09-15T21:19:03.997487+00:00,4669,2565412,128x,200ms,25,64,0,407,790,1077,1252,1896,2738,1715,738,552,5998
2026-09-15T21:19:04.517380+00:00,4670,2565935,128x,200ms,25,64,0,404,784,1068,1244,1908,2757,1726,743,554,6049
2026-09-15T21:19:05.038074+00:00,4671,2566458,128x,200ms,25,64,0,408,789,1077,1256,1896,2738,1715,738,552,6002
2026-09-15T21:19:05.565572+00:00,4672,2566980,128x,200ms,25,64,0,401,776,1059,1232,1871,2690,1693,728,546,5887
2026-09-15T21:19:06.088342+00:00,4673,2567503,128x,200ms,25,64,1,401,777,1057,1232,1851,2653,1678,721,542,5806
2026-09-15T21:19:06.613467+00:00,4674,2568027,128x,200ms,25,64,1,390,752,1024,1196,1842,2645,1670,717,538,5808
2026-09-15T21:19:07.133631+00:00,4675,2568550,128x,200ms,25,64,1,387,748,1019,1189,1834,2636,1666,716,537,5812
2026-09-15T21:19:07.661481+00:00,4676,2569073,128x,200ms,25,64,1,399,766,1047,1227,1863,2692,1690,727,544,5932
2026-09-15T21:19:08.181494+00:00,4677,2569596,128x,200ms,25,64,1,404,776,1059,1239,1836,2646,1668,717,537,5863
2026-09-15T21:19:08.701480+00:00,4678,2570120,128x,200ms,25,64,1,373,709,972,1147,1757,2496,1599,687,520,5517
2026-09-15T21:19:09.229961+00:00,4679,2570643,128x,200ms,25,64,0,332,624,861,1020,1675,2365,1527,658,504,5346
2026-09-15T21:19:09.749480+00:00,4680,2571166,128x,200ms,25,64,0,428,816,1134,1326,2020,3013,1810,792,585,6929
2026-09-15T21:19:10.269816+00:00,4681,2571688,128x,200ms,25,64,0,446,854,1186,1381,2029,3025,1816,796,588,6984
2026-09-15T21:19:10.797395+00:00,4682,2572212,128x,200ms,25,64,0,442,845,1177,1370,2040,3043,1826,800,590,7016
2026-09-15T21:19:11.318527+00:00,4683,2572734,128x,200ms,25,64,0,470,914,1257,1451,1990,2915,1789,776,577,6534
2026-09-15T21:19:11.837864+00:00,4684,2573256,128x,200ms,25,64,0,399,777,1060,1226,1787,2528,1620,697,535,5621
2026-09-15T21:19:12.359117+00:00,4685,2573779,128x,200ms,25,64,1,336,650,881,1017,1566,2113,1436,613,487,4700
2026-09-15T21:19:12.886489+00:00,4686,2574302,128x,200ms,25,64,1,313,605,819,944,1569,2118,1438,614,487,4713
2026-09-15T21:19:13.895245+00:00,4687,2574825,128x,200ms,25,64,1,319,617,835,963,1584,2148,1448,620,490,4774
2026-09-15T21:19:13.925438+00:00,4688,2575347,128x,200ms,25,64,1,240,400,567,716,1026,1363,1258,428,356,2948
2026-09-15T21:19:14.454249+00:00,4689,2575870,128x,200ms,25,64,1,532,989,1329,1674,4281,6594,4112,1567,979,15110
2026-09-15T21:19:14.981485+00:00,4690,2576395,128x,200ms,25,64,1,967,1965,2642,3088,4374,6720,4189,1600,1020,15435
2026-09-15T21:19:15.501832+00:00,4691,2576919,128x,200ms,25,64,0,971,1960,2645,3084,4055,6314,3931,1503,973,14582
2026-09-15T21:19:16.031318+00:00,4692,2577443,128x,200ms,25,64,0,968,1947,2634,3072,4156,6438,4009,1530,992,14905
2026-09-15T21:19:16.550052+00:00,4693,2577967,128x,200ms,25,64,0,889,1744,2361,2802,3762,5934,3674,1403,926,13677
2026-09-15T21:19:17.069527+00:00,4694,2578491,128x,200ms,25,64,0,870,1701,2298,2737,3682,5842,3615,1374,883,13306
2026-09-15T21:19:17.597486+00:00,4695,2579014,128x,200ms,25,64,0,843,1645,2214,2648,3190,5356,3161,1229,726,11556
2026-09-15T21:19:18.600051+00:00,4696,2579538,128x,200ms,25,64,0,601,1194,1590,1927,1881,2761,1700,716,479,5697
2026-09-15T21:19:19.125584+00:00,4697,2580061,128x,200ms,25,64,1,155,359,474,502,877,885,969,333,217,1606
2026-09-15T21:19:19.166795+00:00,4698,2580583,128x,200ms,25,64,1,235,466,616,760,1284,1612,1382,508,358,3678
2026-09-15T21:19:20.165575+00:00,4699,2581106,128x,200ms,25,64,1,180,331,443,585,1026,1190,1212,413,311,2914
2026-09-15T21:19:20.693497+00:00,4700,2581628,128x,200ms,25,64,1,202,380,499,658,764,797,954,291,181,1441
2026-09-15T21:19:21.205405+00:00,4701,2582150,128x,200ms,25,64,1,38,68,68,156,308,403,523,147,79,509
2026-09-15T21:19:21.734375+00:00,4702,2582671,128x,200ms,25,64,1,67,182,207,191,711,547,735,223,346,2896
2026-09-15T21:19:22.255311+00:00,4703,2583192,128x,200ms,25,64,0,30,69,93,92,232,206,260,114,156,805
2026-09-15T21:19:22.773422+00:00,4704,2583712,128x,200ms,25,64,0,121,214,296,357,880,738,952,288,238,1709
2026-09-15T21:19:23.293465+00:00,4705,2584232,128x,200ms,25,64,0,100,199,249,349,840,612,892,268,201,1279
2026-09-15T21:19:23.813478+00:00,4706,2584754,128x,200ms,25,64,0,90,200,242,351,865,624,901,276,202,1272
2026-09-15T21:19:24.341480+00:00,4707,2585275,128x,200ms,25,64,0,90,197,238,346,780,553,854,248,181,1137
2026-09-15T21:19:24.862082+00:00,4708,2585796,128x,200ms,25,64,0,136,225,337,281,1198,952,1084,385,415,3153
2026-09-15T21:19:25.382257+00:00,4709,2586317,128x,200ms,25,64,1,197,395,583,596,1106,1083,866,381,428,3282
2026-09-15T21:19:25.901436+00:00,4710,2586841,128x,200ms,25,64,1,201,265,444,334,1127,877,984,379,437,3433
2026-09-15T21:19:26.429980+00:00,4711,2587363,128x,200ms,25,64,1,198,322,463,325,1248,911,1055,394,471,3923
2026-09-15T21:19:26.949481+00:00,4712,2587885,128x,200ms,25,64,1,197,330,471,332,1266,915,1088,395,470,3886
2026-09-15T21:19:27.469427+00:00,4713,2588407,128x,200ms,25,64,1,201,324,468,340,1268,907,1093,395,469,3864
2026-09-15T21:19:27.990407+00:00,4714,2588931,128x,200ms,25,64,1,199,323,464,340,1251,898,1077,391,461,3809
2026-09-15T21:19:28.510627+00:00,4715,2589453,128x,200ms,25,64,0,199,321,462,335,1233,889,1064,388,459,3753
2026-09-15T21:19:29.029524+00:00,4716,2589974,128x,200ms,25,64,0,197,316,456,329,1217,884,1042,385,454,3729
2026-09-15T21:19:29.558939+00:00,4717,2590496,128x,200ms,25,64,0,190,308,439,327,1281,904,1118,396,464,3849
2026-09-15T21:19:29.589436+00:00,4718,2591017,128x,200ms,25,64,0,242,357,561,421,1508,1116,1253,462,594,4648
2026-09-15T21:19:30.109475+00:00,4719,2591540,128x,200ms,25,64,0,247,362,573,432,1519,1107,1285,462,597,4707
2026-09-15T21:19:31.119303+00:00,4720,2592061,128x,200ms,25,64,0,243,325,555,430,1463,1154,1121,422,529,3671
2026-09-15T21:19:31.645470+00:00,4721,2592583,128x,200ms,25,64,1,208,266,489,446,1397,1137,1078,411,494,3343
2026-09-15T21:19:31.685821+00:00,4722,2593105,128x,200ms,25,64,1,202,266,484,445,1419,1129,1081,418,496,3384
2026-09-15T21:19:32.205479+00:00,4723,2593629,128x,200ms,25,64,1,202,266,485,445,1378,1130,1074,410,490,3337
2026-09-15T21:19:32.725765+00:00,4724,2594152,128x,200ms,25,64,1,200,281,500,454,1456,1099,1086,431,503,3493
2026-09-15T21:19:33.253437+00:00,4725,2594675,128x,200ms,25,64,1,197,274,494,450,1444,1095,1084,427,504,3469
2026-09-15T21:19:33.773915+00:00,4726,2595198,128x,200ms,25,64,1,191,273,493,452,1462,1088,1092,432,501,3436
2026-09-15T21:19:34.781606+00:00,4727,2595722,128x,200ms,25,64,0,189,274,490,444,1434,1054,1042,423,492,3329
2026-09-15T21:19:34.814607+00:00,4728,2596243,128x,200ms,25,64,0,178,253,459,404,1241,937,904,374,445,2934
2026-09-15T21:19:35.334676+00:00,4729,2596764,128x,200ms,25,64,0,178,255,441,416,1757,1672,1326,543,582,4618
2026-09-15T21:19:35.861465+00:00,4730,2597285,128x,200ms,25,64,0,398,670,1038,1065,2267,2506,1750,734,703,6722
2026-09-15T21:19:36.381468+00:00,4731,2597809,128x,200ms,25,64,0,383,718,1094,1142,2344,2621,1816,759,720,7035
2026-09-15T21:19:36.902918+00:00,4732,2598332,128x,200ms,25,64,0,384,712,1088,1134,2239,2444,1727,722,695,6596
2026-09-15T21:19:37.430164+00:00,4733,2598854,128x,200ms,25,64,1,372,684,1050,1088,2239,2435,1726,721,698,6603
2026-09-15T21:19:37.949475+00:00,4734,2599377,128x,200ms,25,64,1,361,661,1021,1055,2144,2257,1645,684,678,6213
2026-09-15T21:19:38.477520+00:00,4735,2599901,128x,200ms,25,64,1,285,508,816,811,1776,1575,1331,547,603,4756
2026-09-15T21:19:39.477475+00:00,4736,2600424,128x,200ms,25,64,1,230,402,675,647,1660,1378,1229,500,576,4361
2026-09-15T21:19:39.517496+00:00,4737,2600947,128x,200ms,25,64,1,59,128,185,229,1046,752,925,312,241,1899
2026-09-15T21:19:40.526672+00:00,4738,2601468,128x,200ms,25,64,1,146,243,434,420,1423,1016,1073,419,472,3532
2026-09-15T21:19:41.046503+00:00,4739,2601992,128x,200ms,25,64,0,165,250,474,419,1376,943,1033,396,466,3418
2026-09-15T21:19:41.565906+00:00,4740,2602513,128x,200ms,25,64,0,154,232,448,395,1342,902,1000,381,453,3328
2026-09-15T21:19:42.093971+00:00,4741,2603035,128x,200ms,25,64,0,152,230,443,390,1342,911,1000,383,446,3306
2026-09-15T21:19:42.613366+00:00,4742,2603556,128x,200ms,25,64,0,85,188,275,321,1241,777,983,341,391,2581
2026-09-15T21:19:43.133477+00:00,4743,2604078,128x,200ms,25,64,0,144,230,436,382,1368,905,1005,386,485,3280
2026-09-15T21:19:43.653693+00:00,4744,2604600,128x,200ms,25,64,0,134,226,416,371,1280,795,963,350,423,2761
2026-09-15T21:19:44.174183+00:00,4745,2605121,128x,200ms,25,64,1,103,197,330,316,909,506,831,242,263,1621
2026-09-15T21:19:44.693592+00:00,4746,2605642,128x,200ms,25,64,1,65,150,216,248,809,430,793,211,223,1322
2026-09-15T21:19:45.214070+00:00,4747,2606164,128x,200ms,25,64,1,50,129,172,227,742,372,761,189,201,1142
2026-09-15T21:19:45.741933+00:00,4748,2606686,128x,200ms,25,64,1,45,112,152,201,776,412,742,201,227,1344
2026-09-15T21:19:46.262074+00:00,4749,2607207,128x,200ms,25,64,1,36,84,123,160,778,385,724,192,232,1379
2026-09-15T21:19:46.781846+00:00,4750,2607728,128x,200ms,25,64,1,54,118,177,203,751,360,712,183,221,1292
2026-09-15T21:19:47.301988+00:00,4751,2608250,128x,200ms,25,64,0,71,145,229,228,1095,610,861,278,331,2071
2026-09-15T21:19:47.821540+00:00,4752,2608772,128x,200ms,25,64,0,96,176,301,282,1049,585,864,265,282,1830
2026-09-15T21:19:48.341714+00:00,4753,2609293,128x,200ms,25,64,0,93,171,288,276,1047,580,865,265,284,1838
2026-09-15T21:19:48.862238+00:00,4754,2609813,128x,200ms,25,64,0,88,172,278,274,990,540,841,247,260,1687
2026-09-15T21:19:49.389926+00:00,4755,2610334,128x,200ms,25,64,0,85,159,264,258,965,523,826,238,257,1654
2026-09-15T21:19:49.909843+00:00,4756,2610855,128x,200ms,25,64,0,85,160,265,259,1020,561,843,254,286,1834
2026-09-15T21:19:50.429569+00:00,4757,2611377,128x,200ms,25,64,1,144,218,437,366,1372,905,982,384,503,3460
2026-09-15T21:19:50.957927+00:00,4758,2611900,128x,200ms,25,64,1,169,268,499,442,1466,1016,1077,423,531,3774
2026-09-15T21:19:50.989972+00:00,4759,2612422,128x,200ms,25,64,1,172,278,511,455,1496,1054,1102,437,542,3878
2026-09-15T21:19:51.997843+00:00,4760,2612944,128x,200ms,25,64,1,172,278,511,456,1491,1044,1098,435,540,3856
2026-09-15T21:19:52.518649+00:00,4761,2613469,128x,200ms,25,64,1,166,269,498,438,1439,975,1046,413,520,3642
2026-09-15T21:19:52.557848+00:00,4762,2613991,128x,200ms,25,64,1,160,256,479,422,1423,986,1041,413,520,3640
2026-09-15T21:19:53.565849+00:00,4763,2614513,128x,200ms,25,64,0,185,307,550,502,1561,1239,1149,466,567,4270
2026-09-15T21:19:54.085395+00:00,4764,2615035,128x,200ms,25,64,0,206,342,605,563,1513,1149,1106,447,558,4088
2026-09-15T21:19:54.606269+00:00,4765,2615558,128x,200ms,25,64,0,163,264,488,432,1370,926,1002,389,494,3422
2026-09-15T21:19:55.125664+00:00,4766,2616080,128x,200ms,25,64,0,159,248,473,412,1389,963,1016,398,514,3581
2026-09-15T21:19:55.165353+00:00,4767,2616601,128x,200ms,25,64,0,166,259,488,430,1413,1056,1038,411,523,3791
2026-09-15T21:19:56.173818+00:00,4768,2617123,128x,200ms,25,64,0,191,310,565,512,1579,1242,1158,469,570,4226
2026-09-15T21:19:56.693460+00:00,4769,2617645,128x,200ms,25,64,1,146,258,444,413,813,473,823,217,183,1090
2026-09-15T21:19:57.221940+00:00,4770,2618167,128x,200ms,25,64,1,71,169,232,274,1154,762,978,324,355,2359
2026-09-15T21:19:57.742481+00:00,4771,2618688,128x,200ms,25,64,1,143,259,447,411,1329,909,1037,377,432,2943
2026-09-15T21:19:58.262130+00:00,4772,2619211,128x,200ms,25,64,1,73,178,239,301,993,710,901,298,239,1784
2026-09-15T21:19:58.782002+00:00,4773,2619732,128x,200ms,25,64,1,98,187,304,341,953,661,873,282,218,1640
2026-09-15T21:19:59.302097+00:00,4774,2620255,128x,200ms,25,64,1,97,185,300,338,977,678,880,288,228,1722
2026-09-15T21:19:59.821829+00:00,4775,2620777,128x,200ms,25,64,0,100,186,307,341,961,667,877,285,221,1662
2026-09-15T21:20:00.342033+00:00,4776,2621297,128x,200ms,25,64,0,112,201,340,364,1211,866,971,359,358,2737
2026-09-15T21:20:00.869601+00:00,4777,2621819,128x,200ms,25,64,0,135,218,399,386,1030,733,903,311,269,2068
2026-09-15T21:20:00.901591+00:00,4778,2622341,128x,200ms,25,64,0,164,290,482,484,1524,1212,1163,455,531,4179
2026-09-15T21:20:01.421667+00:00,4779,2622863,128x,200ms,25,64,0,608,1220,1762,1821,3010,3761,2401,996,891,10277
2026-09-15T21:20:02.437906+00:00,4780,2623386,128x,200ms,25,64,0,511,999,1472,1528,1554,1202,1179,461,588,4375
2026-09-15T21:20:02.957633+00:00,4781,2623908,128x,200ms,25,64,1,276,507,818,769,1576,1253,1196,465,581,4462
2026-09-15T21:20:03.477716+00:00,4782,2624432,128x,200ms,25,64,1,150,201,422,350,1276,872,948,355,466,3483
2026-09-15T21:20:03.518108+00:00,4783,2624954,128x,200ms,25,64,1,159,207,432,360,1382,1112,1040,397,489,3938
2026-09-15T21:20:04.045709+00:00,4784,2625477,128x,200ms,25,64,1,214,348,614,555,2899,3622,2304,952,882,10033
2026-09-15T21:20:05.053500+00:00,4785,2626001,128x,200ms,25,64,1,548,1092,1589,1649,2028,2218,1557,637,679,6644
2026-09-15T21:20:05.086633+00:00,4786,2626525,128x,200ms,25,64,1,307,532,873,876,1506,1286,1120,432,544,4557
2026-09-15T21:20:05.605579+00:00,4787,2627048,128x,200ms,25,64,0,358,673,1032,1037,2901,3551,2297,950,844,9763
2026-09-15T21:20:06.134211+00:00,4788,2627570,128x,200ms,25,64,0,662,1361,1931,1991,3646,4504,2912,1206,991,12072
2026-09-15T21:20:06.654777+00:00,4789,2628093,128x,200ms,25,64,0,667,1370,1948,2015,3596,4491,2880,1191,993,12116
2026-09-15T21:20:07.181558+00:00,4790,2628617,128x,200ms,25,64,0,666,1361,1946,2007,3575,4491,2859,1177,1017,12267
2026-09-15T21:20:07.701941+00:00,4791,2629141,128x,200ms,25,64,0,676,1371,1966,2022,3600,4533,2875,1180,1022,12447
2026-09-15T21:20:08.229886+00:00,4792,2629665,128x,200ms,25,64,0,706,1392,1997,2047,3675,4644,2930,1207,1028,12623
2026-09-15T21:20:08.751171+00:00,4793,2630189,128x,200ms,25,64,1,713,1400,2011,2062,3684,4646,2937,1210,1030,12660
2026-09-15T21:20:09.277483+00:00,4794,2630713,128x,200ms,25,64,1,738,1419,2038,2090,3704,4664,2952,1215,1034,12741
2026-09-15T21:20:09.798133+00:00,4795,2631238,128x,200ms,25,64,1,726,1413,2029,2082,3685,4628,2938,1209,1033,12630
2026-09-15T21:20:10.325707+00:00,4796,2631763,128x,200ms,25,64,1,714,1399,2010,2064,3646,4580,2904,1195,1026,12511
2026-09-15T21:20:10.854246+00:00,4797,2632288,128x,200ms,25,64,1,699,1380,1982,2035,3612,4537,2876,1184,1021,12396
2026-09-15T21:20:11.373947+00:00,4798,2632813,128x,200ms,25,64,1,694,1373,1973,2027,3623,4548,2884,1188,1021,12415
2026-09-15T21:20:11.901436+00:00,4799,2633337,128x,200ms,25,64,0,711,1389,1995,2047,3638,4575,2898,1194,1023,12467
2026-09-15T21:20:12.421530+00:00,4800,2633861,128x,200ms,25,64,0,710,1390,1995,2046,3623,4561,2886,1188,1021,12421
2026-09-15T21:20:12.941740+00:00,4801,2634385,128x,200ms,25,64,0,706,1380,1979,2030,3616,4546,2880,1186,1021,12391
2026-09-15T21:20:13.470153+00:00,4802,2634909,128x,200ms,25,64,0,700,1370,1965,2016,3579,4503,2849,1173,1014,12277
2026-09-15T21:20:13.989538+00:00,4803,2635432,128x,200ms,25,64,0,694,1346,1935,1986,3528,4450,2806,1158,1005,12100
2026-09-15T21:20:14.517402+00:00,4804,2635957,128x,200ms,25,64,0,705,1346,1935,1985,3534,4472,2808,1159,1004,12093
2026-09-15T21:20:15.038092+00:00,4805,2636480,128x,200ms,25,64,1,709,1349,1939,1986,3539,4484,2815,1161,1006,12134
2026-09-15T21:20:15.565894+00:00,4806,2637005,128x,200ms,25,64,1,707,1348,1936,1983,3525,4464,2804,1155,1004,12086
2026-09-15T21:20:16.094484+00:00,4807,2637530,128x,200ms,25,64,1,704,1342,1927,1973,3510,4446,2792,1151,1001,12030
2026-09-15T21:20:16.614232+00:00,4808,2638055,128x,200ms,25,64,1,697,1334,1916,1963,3490,4414,2774,1143,999,11954
2026-09-15T21:20:17.142295+00:00,4809,2638578,128x,200ms,25,64,1,708,1329,1909,1955,3556,4527,2825,1168,1003,12060
2026-09-15T21:20:17.662155+00:00,4810,2639104,128x,200ms,25,64,1,780,1452,2074,2131,4002,5119,3198,1320,1072,13428
2026-09-15T21:20:18.190251+00:00,4811,2639628,128x,200ms,25,64,0,850,1642,2323,2385,4569,5744,3628,1477,1165,15154
2026-09-15T21:20:18.709429+00:00,4812,2640152,128x,200ms,25,64,0,889,1816,2555,2615,4971,6080,3902,1569,1236,16246
2026-09-15T21:20:19.237716+00:00,4813,2640676,128x,200ms,25,64,0,968,1972,2757,2817,5268,6334,4078,1637,1284,16990
2026-09-15T21:20:19.757876+00:00,4814,2641200,128x,200ms,25,64,0,973,1972,2758,2817,5033,6169,3948,1589,1244,16317
2026-09-15T21:20:20.278217+00:00,4815,2641724,128x,200ms,25,64,0,904,1856,2603,2663,4818,5977,3806,1546,1196,15722
2026-09-15T21:20:20.805405+00:00,4816,2642248,128x,200ms,25,64,0,923,1819,2556,2618,4671,5867,3704,1512,1160,15265
2026-09-15T21:20:21.326454+00:00,4817,2642771,128x,200ms,25,64,1,885,1724,2432,2493,4330,5505,3463,1426,1108,14300
2026-09-15T21:20:21.853390+00:00,4818,2643296,128x,200ms,25,64,1,843,1620,2294,2355,4094,5241,3268,1357,1033,13466
2026-09-15T21:20:22.374677+00:00,4819,2643821,128x,200ms,25,64,1,683,1248,1788,1848,3601,4610,2867,1196,949,11806
2026-09-15T21:20:22.909404+00:00,4820,2644345,128x,200ms,25,64,1,826,1568,2228,2293,4129,5278,3296,1367,1051,13604
2026-09-15T21:20:23.429423+00:00,4821,2644871,128x,200ms,25,64,1,826,1581,2246,2310,4140,5251,3303,1367,1094,13706
2026-09-15T21:20:23.949710+00:00,4822,2645395,128x,200ms,25,64,1,831,1583,2248,2312,4167,5284,3324,1376,1098,13760
2026-09-15T21:20:24.477815+00:00,4823,2645920,128x,200ms,25,64,0,847,1626,2304,2371,4286,5436,3424,1414,1119,14141
2026-09-15T21:20:24.997461+00:00,4824,2646444,128x,200ms,25,64,0,849,1650,2336,2399,4263,5393,3405,1407,1115,14068
2026-09-15T21:20:25.526551+00:00,4825,2646968,128x,200ms,25,64,0,842,1617,2291,2356,4176,5298,3331,1378,1098,13780
2026-09-15T21:20:26.046994+00:00,4826,2647491,128x,200ms,25,64,0,837,1600,2268,2331,4179,5305,3333,1380,1098,13793
2026-09-15T21:20:26.574247+00:00,4827,2648015,128x,200ms,25,64,0,839,1605,2275,2338,4185,5312,3338,1382,1101,13816
2026-09-15T21:20:27.093780+00:00,4828,2648539,128x,200ms,25,64,0,836,1597,2263,2328,4163,5282,3320,1376,1098,13748
2026-09-15T21:20:27.622480+00:00,4829,2649063,128x,200ms,25,64,1,830,1584,2248,2311,4149,5256,3308,1371,1096,13688
2026-09-15T21:20:28.142483+00:00,4830,2649588,128x,200ms,25,64,1,832,1590,2256,2321,4178,5296,3333,1381,1101,13791
2026-09-15T21:20:28.669997+00:00,4831,2650113,128x,200ms,25,64,1,836,1601,2272,2336,4192,5314,3345,1385,1101,13839
2026-09-15T21:20:29.189525+00:00,4832,2650637,128x,200ms,25,64,1,839,1607,2279,2345,4204,5332,3356,1389,1104,13882
2026-09-15T21:20:29.717459+00:00,4833,2651162,128x,200ms,25,64,1,841,1612,2285,2350,4197,5320,3349,1386,1102,13855
2026-09-15T21:20:30.245982+00:00,4834,2651687,128x,200ms,25,64,1,835,1597,2265,2331,4147,5256,3307,1370,1094,13694
2026-09-15T21:20:30.766265+00:00,4835,2652212,128x,200ms,25,64,0,828,1579,2244,2308,4136,5241,3298,1367,1092,13653
2026-09-15T21:20:31.293565+00:00,4836,2652736,128x,200ms,25,64,0,833,1589,2255,2319,4176,5304,3337,1379,1099,13823
2026-09-15T21:20:31.813474+00:00,4837,2653260,128x,200ms,25,64,0,856,1647,2331,2396,4348,5544,3488,1427,1130,14461
2026-09-15T21:20:32.333358+00:00,4838,2653784,128x,200ms,25,64,0,873,1691,2389,2451,4350,5566,3492,1429,1125,14519
2026-09-15T21:20:32.861441+00:00,4839,2654308,128x,200ms,25,64,0,868,1675,2368,2431,4296,5507,3447,1414,1112,14373
2026-09-15T21:20:33.382052+00:00,4840,2654831,128x,200ms,25,64,0,851,1634,2314,2379,4215,5400,3377,1389,1098,14099
2026-09-15T21:20:33.909895+00:00,4841,2655354,128x,200ms,25,64,1,849,1628,2307,2373,4206,5386,3369,1387,1100,14080
2026-09-15T21:20:34.429608+00:00,4842,2655880,128x,200ms,25,64,1,840,1606,2279,2343,4123,5279,3299,1361,1088,13825
2026-09-15T21:20:34.958214+00:00,4843,2656405,128x,200ms,25,64,1,830,1578,2243,2306,4102,5249,3278,1354,1084,13748
2026-09-15T21:20:35.477381+00:00,4844,2656929,128x,200ms,25,64,1,828,1574,2238,2302,4073,5213,3256,1344,1079,13660
2026-09-15T21:20:36.006026+00:00,4845,2657455,128x,200ms,25,64,1,824,1561,2224,2287,4038,5170,3226,1333,1071,13543
2026-09-15T21:20:36.534295+00:00,4846,2657979,128x,200ms,25,64,1,820,1549,2208,2269,4013,5136,3206,1324,1067,13461
2026-09-15T21:20:37.053453+00:00,4847,2658504,128x,200ms,25,64,0,817,1542,2197,2258,4011,5131,3203,1324,1067,13438
2026-09-15T21:20:37.582475+00:00,4848,2659027,128x,200ms,25,64,0,822,1556,2212,2274,4063,5199,3247,1341,1070,13587
2026-09-15T21:20:38.101456+00:00,4849,2659552,128x,200ms,25,64,0,831,1578,2241,2301,4098,5253,3277,1354,1068,13683
2026-09-15T21:20:38.630485+00:00,4850,2660075,128x,200ms,25,64,0,830,1577,2239,2302,4073,5277,3309,1363,960,13167
2026-09-15T21:20:39.149458+00:00,4851,2660598,128x,200ms,25,64,0,827,1649,2327,2390,4303,5444,3436,1424,1119,14165
2026-09-15T21:20:40.157453+00:00,4852,2661123,128x,200ms,25,64,0,822,1561,2220,2282,3899,4970,3098,1302,940,12516
2026-09-15T21:20:40.197619+00:00,4853,2661647,128x,200ms,25,64,1,254,448,725,699,686,585,582,246,327,2243
2026-09-15T21:20:40.717435+00:00,4854,2662169,128x,200ms,25,64,1,248,660,789,826,1969,1828,1735,724,671,5410
2026-09-15T21:20:41.237711+00:00,4855,2662692,128x,200ms,25,64,1,143,421,522,556,1223,1011,1211,414,354,2975
2026-09-15T21:20:42.245559+00:00,4856,2663215,128x,200ms,25,64,1,182,550,636,689,2102,2732,2024,793,358,3243
2026-09-15T21:20:42.766380+00:00,4857,2663738,128x,200ms,25,64,1,36,104,125,159,5,21,52,36,16,69
2026-09-15T21:20:43.285504+00:00,4858,2664256,128x,200ms,25,64,1,20,58,71,81,110,95,124,55,23,120
2026-09-15T21:20:43.806131+00:00,4859,2664775,128x,200ms,25,64,0,97,283,341,379,731,719,631,295,246,1934
2026-09-15T21:20:44.325574+00:00,4860,2665296,128x,200ms,25,64,0,58,163,207,347,616,367,357,146,119,1099
2026-09-15T21:20:44.845949+00:00,4861,2665817,128x,200ms,25,64,0,46,126,159,258,450,294,278,115,82,815
2026-09-15T21:20:45.366015+00:00,4862,2666337,128x,200ms,25,64,0,37,100,125,210,461,310,285,119,80,812
2026-09-15T21:20:45.886072+00:00,4863,2666857,128x,200ms,25,64,0,46,132,165,248,509,362,315,134,103,1032
2026-09-15T21:20:46.406132+00:00,4864,2667378,128x,200ms,25,64,0,39,104,137,227,351,241,213,103,84,726
2026-09-15T21:20:46.926087+00:00,4865,2667898,128x,200ms,25,64,1,21,44,61,198,364,218,204,92,71,666
2026-09-15T21:20:47.445748+00:00,4866,2668419,128x,200ms,25,64,1,33,92,115,206,312,219,216,104,75,580
2026-09-15T21:20:47.965462+00:00,4867,2668939,128x,200ms,25,64,1,22,57,77,127,255,193,191,95,69,525
2026-09-15T21:20:48.485581+00:00,4868,2669459,128x,200ms,25,64,1,20,53,74,105,246,208,205,99,65,538
2026-09-15T21:20:48.525579+00:00,4869,2669979,128x,200ms,25,64,1,24,64,88,123,809,677,628,260,177,1630
2026-09-15T21:20:49.045680+00:00,4870,2670501,128x,200ms,25,64,1,129,427,537,568,1439,1189,1094,432,296,2862
2026-09-15T21:20:50.053770+00:00,4871,2671025,128x,200ms,25,64,0,143,475,597,627,1445,1194,1098,433,296,2873
2026-09-15T21:20:50.574044+00:00,4872,2671546,128x,200ms,25,64,0,143,476,598,628,1446,1195,1099,434,296,2875
2026-09-15T21:20:50.607125+00:00,4873,2672067,128x,200ms,25,64,0,142,474,597,626,1441,1190,1093,431,294,2860
2026-09-15T21:20:51.133552+00:00,4874,2672589,128x,200ms,25,64,0,142,474,596,624,1439,1189,1093,431,293,2856
2026-09-15T21:20:52.142034+00:00,4875,2673111,128x,200ms,25,64,0,142,473,595,624,1438,1189,1092,430,293,2855
2026-09-15T21:20:52.661323+00:00,4876,2673633,128x,200ms,25,64,0,142,471,593,622,1428,1179,1083,426,288,2827
2026-09-15T21:20:52.701697+00:00,4877,2674154,128x,200ms,25,64,1,140,468,589,618,1420,1171,1075,422,284,2805
2026-09-15T21:20:53.222716+00:00,4878,2674677,128x,200ms,25,64,1,140,466,586,615,1419,1171,1076,423,286,2808
2026-09-15T21:20:54.229543+00:00,4879,2675201,128x,200ms,25,64,1,140,465,585,614,1421,1174,1078,423,286,2813
2026-09-15T21:20:54.758640+00:00,4880,2675723,128x,200ms,25,64,1,141,470,591,619,1430,1181,1084,425,287,2827
2026-09-15T21:20:54.789588+00:00,4881,2676245,128x,200ms,25,64,1,141,470,590,619,1428,1179,1082,424,287,2824
2026-09-15T21:20:55.310422+00:00,4882,2676768,128x,200ms,25,64,1,141,470,590,620,1428,1179,1082,425,287,2824
2026-09-15T21:20:55.830173+00:00,4883,2677292,128x,200ms,25,64,0,140,469,589,618,1427,1177,1081,424,286,2822
2026-09-15T21:20:56.837767+00:00,4884,2677814,128x,200ms,25,64,0,140,468,589,618,1424,1176,1080,424,286,2817
2026-09-15T21:20:57.357390+00:00,4885,2678335,128x,200ms,25,64,0,140,469,589,618,1428,1179,1083,425,287,2826
2026-09-15T21:20:57.398262+00:00,4886,2678857,128x,200ms,25,64,0,141,470,590,619,1427,1178,1081,425,287,2822
2026-09-15T21:20:57.918418+00:00,4887,2679378,128x,200ms,25,64,0,141,469,590,618,1429,1180,1084,426,287,2828
2026-09-15T21:20:58.926004+00:00,4888,2679901,128x,200ms,25,64,0,141,469,591,620,1428,1180,1083,425,287,2824
2026-09-15T21:20:59.455151+00:00,4889,2680422,128x,200ms,25,64,1,141,470,591,619,1430,1180,1084,425,286,2825
2026-09-15T21:20:59.486076+00:00,4890,2680945,128x,200ms,25,64,1,141,469,590,618,1425,1178,1079,423,286,2813
2026-09-15T21:21:00.006252+00:00,4891,2681468,128x,200ms,25,64,1,141,469,591,619,1445,1195,1095,428,289,2866
2026-09-15T21:21:01.021855+00:00,4892,2681992,128x,200ms,25,64,1,143,477,600,628,1451,1200,1100,430,291,2882
2026-09-15T21:21:01.541476+00:00,4893,2682515,128x,200ms,25,64,1,143,476,599,627,1449,1198,1099,429,291,2878
2026-09-15T21:21:01.582174+00:00,4894,2683038,128x,200ms,25,64,1,143,476,599,628,1445,1194,1095,428,290,2867
2026-09-15T21:21:02.101601+00:00,4895,2683560,128x,200ms,25,64,0,142,471,592,620,1435,1185,1086,423,286,2839
2026-09-15T21:21:03.109382+00:00,4896,2684083,128x,200ms,25,64,0,141,471,593,621,1433,1185,1084,423,286,2840
2026-09-15T21:21:03.630247+00:00,4897,2684604,128x,200ms,25,64,0,141,471,592,620,1429,1180,1081,421,284,2825
2026-09-15T21:21:03.662251+00:00,4898,2685125,128x,200ms,25,64,0,141,470,590,619,1429,1180,1080,420,283,2824
2026-09-15T21:21:04.181288+00:00,4899,2685647,128x,200ms,25,64,0,140,469,589,617,1425,1177,1078,419,283,2815
2026-09-15T21:21:05.197274+00:00,4900,2686170,128x,200ms,25,64,0,141,470,591,620,1430,1182,1082,421,284,2828
2026-09-15T21:21:05.717866+00:00,4901,2686691,128x,200ms,25,64,1,142,472,593,621,1434,1185,1085,422,285,2839
2026-09-15T21:21:05.749738+00:00,4902,2687214,128x,200ms,25,64,1,141,471,592,620,1431,1182,1081,421,284,2829
2026-09-15T21:21:06.278396+00:00,4903,2687737,128x,200ms,25,64,1,141,472,593,621,1436,1186,1086,423,286,2843
2026-09-15T21:21:07.286363+00:00,4904,2688261,128x,200ms,25,64,1,142,475,596,624,1440,1190,1090,425,288,2857
2026-09-15T21:21:07.806126+00:00,4905,2688784,128x,200ms,25,64,1,142,473,595,623,1440,1191,1091,426,290,2863
2026-09-15T21:21:07.837983+00:00,4906,2689306,128x,200ms,25,64,1,142,474,596,626,1442,1191,1092,427,290,2862
2026-09-15T21:21:08.365368+00:00,4907,2689829,128x,200ms,25,64,0,142,475,597,625,1442,1191,1092,427,290,2864
2026-09-15T21:21:09.373824+00:00,4908,2690352,128x,200ms,25,64,0,142,473,596,624,1441,1190,1090,426,289,2862
2026-09-15T21:21:09.893626+00:00,4909,2690873,128x,200ms,25,64,0,142,475,597,625,1441,1191,1092,426,288,2862
2026-09-15T21:21:09.934664+00:00,4910,2691394,128x,200ms,25,64,0,142,473,595,624,1440,1189,1089,425,287,2856
2026-09-15T21:21:10.453352+00:00,4911,2691916,128x,200ms,25,64,0,142,475,597,625,1441,1191,1092,426,288,2862
2026-09-15T21:21:11.461305+00:00,4912,2692438,128x,200ms,25,64,0,142,473,595,624,1439,1189,1089,424,287,2855
2026-09-15T21:21:11.982528+00:00,4913,2692960,128x,200ms,25,64,1,142,474,595,623,1439,1188,1089,424,286,2853
2026-09-15T21:21:12.021973+00:00,4914,2693483,128x,200ms,25,64,1,142,473,595,623,1442,1191,1091,425,287,2859
2026-09-15T21:21:12.541336+00:00,4915,2694005,128x,200ms,25,64,1,142,475,597,625,1442,1191,1092,425,288,2862
2026-09-15T21:21:13.549223+00:00,4916,2694529,128x,200ms,25,64,1,142,475,598,625,1441,1190,1090,425,286,2852
2026-09-15T21:21:14.069573+00:00,4917,2695052,128x,200ms,25,64,1,140,467,588,617,1432,1183,1086,425,287,2833
2026-09-15T21:21:14.109569+00:00,4918,2695575,128x,200ms,25,64,1,142,471,593,622,1437,1186,1088,428,291,2848
2026-09-15T21:21:14.629310+00:00,4919,2696098,128x,200ms,25,64,0,142,474,596,625,1443,1192,1096,431,294,2868
2026-09-15T21:21:15.639220+00:00,4920,2696620,128x,200ms,25,64,0,142,473,596,626,1441,1190,1093,430,294,2864
2026-09-15T21:21:16.157276+00:00,4921,2697142,128x,200ms,25,64,0,142,474,596,626,1441,1189,1093,430,293,2860
2026-09-15T21:21:16.190110+00:00,4922,2697663,128x,200ms,25,64,0,142,473,594,624,1439,1189,1092,430,293,2859
2026-09-15T21:21:16.718248+00:00,4923,2698184,128x,200ms,25,64,0,142,474,596,625,1441,1190,1094,431,294,2863
2026-09-15T21:21:17.725341+00:00,4924,2698706,128x,200ms,25,64,0,143,473,596,626,1443,1191,1096,432,295,2870
2026-09-15T21:21:18.253681+00:00,4925,2699228,128x,200ms,25,64,1,143,475,597,627,1444,1192,1096,431,294,2869
2026-09-15T21:21:18.285727+00:00,4926,2699751,128x,200ms,25,64,1,143,474,597,626,1442,1190,1095,430,293,2863
2026-09-15T21:21:18.805812+00:00,4927,2700274,128x,200ms,25,64,1,141,471,593,623,1425,1177,1080,423,286,2819
2026-09-15T21:21:19.821334+00:00,4928,2700797,128x,200ms,25,64,1,135,451,567,596,1381,1140,1045,410,276,2720
2026-09-15T21:21:20.341329+00:00,4929,2701320,128x,200ms,25,64,1,137,458,575,604,1423,1176,1079,423,285,2812
2026-09-15T21:21:20.373496+00:00,4930,2701843,128x,200ms,25,64,1,142,472,594,623,1443,1191,1095,431,293,2867
2026-09-15T21:21:20.893792+00:00,4931,2702365,128x,200ms,25,64,0,143,475,598,628,1448,1196,1099,434,297,2883
2026-09-15T21:21:21.901901+00:00,4932,2702887,128x,200ms,25,64,0,143,476,599,628,1447,1195,1100,434,297,2882
2026-09-15T21:21:22.422202+00:00,4933,2703409,128x,200ms,25,64,0,143,474,597,628,1442,1192,1095,432,295,2870
2026-09-15T21:21:22.461944+00:00,4934,2703931,128x,200ms,25,64,0,143,474,597,626,1444,1191,1096,432,295,2871
2026-09-15T21:21:22.982551+00:00,4935,2704452,128x,200ms,25,64,0,142,473,595,625,1437,1187,1091,432,296,2860
2026-09-15T21:21:23.989307+00:00,4936,2704974,128x,200ms,25,64,0,143,474,597,627,1462,1207,1110,440,302,2922
2026-09-15T21:21:24.509314+00:00,4937,2705496,128x,200ms,25,64,1,145,480,605,636,1458,1204,1107,438,301,2915
2026-09-15T21:21:24.551844+00:00,4938,2706018,128x,200ms,25,64,1,145,480,604,634,1458,1202,1106,438,301,2911
2026-09-15T21:21:25.077351+00:00,4939,2706541,128x,200ms,25,64,1,144,478,601,632,1448,1196,1099,435,298,2892
2026-09-15T21:21:26.078328+00:00,4940,2707064,128x,200ms,25,64,1,142,472,595,625,1434,1183,1088,431,295,2853
2026-09-15T21:21:26.605455+00:00,4941,2707588,128x,200ms,25,64,1,142,473,595,625,1440,1189,1094,432,296,2866
2026-09-15T21:21:26.637414+00:00,4942,2708110,128x,200ms,25,64,1,142,472,595,624,1438,1188,1092,431,295,2862
2026-09-15T21:21:27.166337+00:00,4943,2708633,128x,200ms,25,64,0,143,473,595,625,1438,1186,1091,432,295,2860
2026-09-15T21:21:27.686108+00:00,4944,2709155,128x,200ms,25,64,0,143,473,595,625,1440,1189,1094,433,296,2867
2026-09-15T21:21:28.694351+00:00,4945,2709678,128x,200ms,25,64,0,143,473,597,626,1440,1190,1094,432,296,2866
2026-09-15T21:21:29.214027+00:00,4946,2710199,128x,200ms,25,64,0,143,474,596,626,1443,1192,1096,433,296,2872
2026-09-15T21:21:29.246681+00:00,4947,2710721,128x,200ms,25,64,0,143,474,597,627,1444,1193,1096,433,295,2874
2026-09-15T21:21:29.765654+00:00,4948,2711242,128x,200ms,25,64,0,143,475,598,627,1447,1195,1099,433,296,2879
2026-09-15T21:21:30.783364+00:00,4949,2711763,128x,200ms,25,64,1,143,474,597,627,1446,1195,1099,434,295,2876
2026-09-15T21:21:31.303150+00:00,4950,2712287,128x,200ms,25,64,1,143,477,599,629,1453,1200,1104,435,297,2888
2026-09-15T21:21:31.342306+00:00,4951,2712810,128x,200ms,25,64,1,143,477,600,630,1458,1205,1108,437,298,2901
2026-09-15T21:21:31.862536+00:00,4952,2713333,128x,200ms,25,64,1,146,487,614,643,1496,1236,1137,448,308,2999
2026-09-15T21:21:32.390315+00:00,4953,2713857,128x,200ms,25,64,1,148,492,620,650,1498,1237,1140,449,309,3005
2026-09-15T21:21:33.401427+00:00,4954,2714380,128x,200ms,25,64,1,148,492,619,649,1499,1237,1139,448,307,3001
2026-09-15T21:21:33.917287+00:00,4955,2714902,128x,200ms,25,64,0,147,489,617,647,1500,1239,1141,448,308,3010
2026-09-15T21:21:33.949287+00:00,4956,2715423,128x,200ms,25,64,0,148,493,621,651,1503,1241,1144,451,310,3017
2026-09-15T21:21:34.469689+00:00,4957,2715945,128x,200ms,25,64,0,148,492,620,651,1503,1241,1144,451,311,3021
2026-09-15T21:21:35.477322+00:00,4958,2716468,128x,200ms,25,64,0,148,491,619,649,1479,1222,1126,450,310,2964
2026-09-15T21:21:35.998228+00:00,4959,2716989,128x,200ms,25,64,0,142,474,596,626,1448,1197,1100,432,294,2876
2026-09-15T21:21:36.038051+00:00,4960,2717510,128x,200ms,25,64,0,144,479,603,632,1460,1206,1109,434,294,2915
2026-09-15T21:21:36.558515+00:00,4961,2718032,128x,200ms,25,64,1,142,473,595,623,1455,1203,1104,431,291,2900
2026-09-15T21:21:37.085532+00:00,4962,2718556,128x,200ms,25,64,1,142,473,595,624,1424,1179,1080,423,285,2821
2026-09-15T21:21:37.605393+00:00,4963,2719079,128x,200ms,25,64,1,141,471,592,621,1445,1194,1095,427,287,2869
2026-09-15T21:21:38.614960+00:00,4964,2719602,128x,200ms,25,64,1,142,476,598,627,1441,1192,1093,427,288,2865
2026-09-15T21:21:39.133961+00:00,4965,2720124,128x,200ms,25,64,1,142,471,593,621,1432,1184,1085,424,286,2846
2026-09-15T21:21:39.175343+00:00,4966,2720648,128x,200ms,25,64,1,141,471,592,621,1432,1185,1085,424,286,2846
2026-09-15T21:21:39.693456+00:00,4967,2721171,128x,200ms,25,64,0,141,472,594,622,1434,1185,1087,424,286,2847
2026-09-15T21:21:40.701212+00:00,4968,2721692,128x,200ms,25,64,0,141,470,592,620,1433,1185,1085,424,286,2846
2026-09-15T21:21:41.221267+00:00,4969,2722214,128x,200ms,25,64,0,141,472,594,621,1433,1186,1086,424,286,2847
2026-09-15T21:21:41.261455+00:00,4970,2722736,128x,200ms,25,64,0,141,471,593,622,1421,1175,1078,422,286,2823
2026-09-15T21:21:41.782288+00:00,4971,2723257,128x,200ms,25,64,0,139,463,582,610,1407,1164,1067,419,283,2790
2026-09-15T21:21:42.789491+00:00,4972,2723779,128x,200ms,25,64,0,141,471,592,621,1462,1208,1111,435,297,2923
2026-09-15T21:21:43.307062+00:00,4973,2724300,128x,200ms,25,64,1,146,485,610,640,1478,1223,1127,450,313,2982
2026-09-15T21:21:43.357250+00:00,4974,2724824,128x,200ms,25,64,1,148,488,614,645,1485,1229,1134,456,321,3008
2026-09-15T21:21:43.868470+00:00,4975,2725346,128x,200ms,25,64,1,148,488,615,646,1482,1227,1131,453,317,2997
2026-09-15T21:21:44.889716+00:00,4976,2725869,128x,200ms,25,64,1,147,486,613,643,1477,1222,1126,446,307,2969
2026-09-15T21:21:45.399850+00:00,4977,2726392,128x,200ms,25,64,1,146,484,610,640,1476,1221,1125,444,305,2962
2026-09-15T21:21:45.441100+00:00,4978,2726915,128x,200ms,25,64,1,146,483,610,640,1475,1220,1123,444,305,2961
2026-09-15T21:21:45.952535+00:00,4979,2727438,128x,200ms,25,64,0,146,484,611,641,1477,1221,1125,445,306,2965
2026-09-15T21:21:46.964789+00:00,4980,2727959,128x,200ms,25,64,0,146,483,610,640,1477,1222,1124,444,305,2967
2026-09-15T21:21:47.484217+00:00,4981,2728480,128x,200ms,25,64,0,146,485,611,640,1478,1222,1126,446,309,2972
2026-09-15T21:21:47.530208+00:00,4982,2729001,128x,200ms,25,64,0,146,485,612,642,1481,1226,1130,451,315,2990
2026-09-15T21:21:48.047797+00:00,4983,2729524,128x,200ms,25,64,0,147,486,614,644,1482,1226,1131,452,315,2992
2026-09-15T21:21:49.054185+00:00,4984,2730045,128x,200ms,25,64,0,147,487,615,645,1483,1228,1134,453,316,2997
2026-09-15T21:21:49.582570+00:00,4985,2730567,128x,200ms,25,64,1,147,487,615,646,1482,1227,1132,454,318,3000
2026-09-15T21:21:49.606640+00:00,4986,2731089,128x,200ms,25,64,1,148,488,616,646,1485,1230,1135,455,319,3004
2026-09-15T21:21:50.131123+00:00,4987,2731613,128x,200ms,25,64,1,148,488,616,646,1485,1229,1134,456,319,3006
2026-09-15T21:21:51.138523+00:00,4988,2732136,128x,200ms,25,64,1,148,488,616,647,1488,1232,1136,456,320,3010
2026-09-15T21:21:51.670219+00:00,4989,2732659,128x,200ms,25,64,1,148,489,616,648,1451,1203,1106,440,303,2920
2026-09-15T21:21:51.711507+00:00,4990,2733182,128x,200ms,25,64,1,133,437,551,584,1347,1127,1033,420,297,2728
2026-09-15T21:21:52.223196+00:00,4991,2733705,128x,200ms,25,64,0,144,473,595,627,1445,1200,1105,453,324,2944
2026-09-15T21:21:53.233286+00:00,4992,2734227,128x,200ms,25,64,0,144,471,594,626,1333,1117,1024,420,299,2709
2026-09-15T21:21:53.749629+00:00,4993,2734748,128x,200ms,25,64,0,131,428,540,573,1328,1111,1018,412,288,2681
2026-09-15T21:21:53.798041+00:00,4994,2735270,128x,200ms,25,64,0,133,433,546,579,1349,1126,1030,409,281,2703
2026-09-15T21:21:54.310638+00:00,4995,2735792,128x,200ms,25,64,0,146,485,609,640,1477,1223,1126,447,309,2971
2026-09-15T21:21:55.318080+00:00,4996,2736314,128x,200ms,25,64,0,148,488,615,646,1484,1228,1132,452,316,2997
2026-09-15T21:21:55.844357+00:00,4997,2736835,128x,200ms,25,64,1,147,488,615,645,1484,1227,1132,452,315,2994
2026-09-15T21:21:55.877238+00:00,4998,2737358,128x,200ms,25,64,1,147,487,614,644,1485,1230,1133,453,316,3001
2026-09-15T21:21:56.409884+00:00,4999,2737882,128x,200ms,25,64,1,147,488,615,647,1485,1229,1132,454,317,3000
2026-09-15T21:21:57.412592+00:00,5000,2738404,128x,200ms,25,64,1,148,490,617,647,1487,1232,1136,455,318,3007
2026-09-15T21:21:57.928010+00:00,5001,2738927,128x,200ms,25,64,1,148,489,616,648,1488,1232,1136,455,318,3008
2026-09-15T21:21:57.968949+00:00,5002,2739450,128x,200ms,25,64,1,148,488,616,647,1487,1231,1134,455,318,3005
2026-09-15T21:21:58.487818+00:00,5003,2739973,128x,200ms,25,64,0,148,490,617,648,1485,1227,1132,453,318,3001
2026-09-15T21:21:59.011112+00:00,5004,2740495,128x,200ms,25,64,0,148,489,616,646,1485,1229,1134,454,318,3004
2026-09-15T21:22:00.028937+00:00,5005,2741017,128x,200ms,25,64,0,147,487,615,645,1483,1227,1132,453,318,2999
2026-09-15T21:22:00.537844+00:00,5006,2741538,128x,200ms,25,64,0,148,489,616,646,1486,1229,1134,454,318,3004
2026-09-15T21:22:00.580061+00:00,5007,2742060,128x,200ms,25,64,0,147,487,615,645,1484,1228,1132,453,317,3000
2026-09-15T21:22:01.098902+00:00,5008,2742582,128x,200ms,25,64,0,148,489,616,646,1485,1228,1134,454,318,3002
2026-09-15T21:22:02.106402+00:00,5009,2743104,128x,200ms,25,64,1,147,487,615,645,1485,1227,1134,454,318,3003
2026-09-15T21:22:02.639528+00:00,5010,2743626,128x,200ms,25,64,1,148,488,616,646,1484,1227,1133,454,318,3002
2026-09-15T21:22:02.664268+00:00,5011,2744150,128x,200ms,25,64,1,148,489,616,646,1485,1228,1134,454,318,3004
2026-09-15T21:22:03.188502+00:00,5012,2744672,128x,200ms,25,64,1,147,488,615,646,1489,1233,1137,456,319,3012
2026-09-15T21:22:04.198605+00:00,5013,2745195,128x,200ms,25,64,1,147,487,614,646,1483,1228,1132,453,317,2999
2026-09-15T21:22:04.717284+00:00,5014,2745717,128x,200ms,25,64,1,148,488,615,646,1484,1228,1134,454,317,3001
2026-09-15T21:22:04.752197+00:00,5015,2746241,128x,200ms,25,64,0,148,487,615,646,1484,1228,1134,454,318,3003
2026-09-15T21:22:05.272819+00:00,5016,2746762,128x,200ms,25,64,0,147,486,614,645,1480,1224,1129,453,318,2994
2026-09-15T21:22:06.284881+00:00,5017,2747284,128x,200ms,25,64,0,147,487,614,645,1481,1225,1131,453,318,2997
2026-09-15T21:22:06.802618+00:00,5018,2747805,128x,200ms,25,64,0,147,485,613,643,1479,1223,1128,452,317,2991
2026-09-15T21:22:06.843978+00:00,5019,2748326,128x,200ms,25,64,0,147,488,614,645,1481,1225,1130,453,317,2995
2026-09-15T21:22:07.356660+00:00,5020,2748848,128x,200ms,25,64,0,147,486,613,644,1479,1223,1127,452,317,2991
2026-09-15T21:22:08.381459+00:00,5021,2749370,128x,200ms,25,64,1,148,488,615,645,1482,1225,1131,453,318,2997
2026-09-15T21:22:08.895004+00:00,5022,2749892,128x,200ms,25,64,1,147,486,613,644,1481,1224,1130,453,318,2996
2026-09-15T21:22:08.926287+00:00,5023,2750415,128x,200ms,25,64,1,147,486,613,644,1480,1223,1129,453,317,2993
2026-09-15T21:22:09.454959+00:00,5024,2750938,128x,200ms,25,64,1,147,488,615,645,1482,1225,1131,454,317,2997
2026-09-15T21:22:10.457018+00:00,5025,2751460,128x,200ms,25,64,1,147,487,614,644,1483,1225,1131,454,317,2999
2026-09-15T21:22:10.990959+00:00,5026,2751983,128x,200ms,25,64,1,147,487,614,645,1481,1224,1129,453,317,2995
2026-09-15T21:22:11.022784+00:00,5027,2752505,128x,200ms,25,64,0,148,488,615,645,1482,1225,1131,453,318,2998
2026-09-15T21:22:11.540040+00:00,5028,2753028,128x,200ms,25,64,0,147,486,613,644,1482,1225,1131,454,318,3000
2026-09-15T21:22:12.072725+00:00,5029,2753549,128x,200ms,25,64,0,148,488,615,646,1481,1225,1130,453,318,2997
2026-09-15T21:22:13.073393+00:00,5030,2754071,128x,200ms,25,64,0,148,489,615,646,1490,1232,1138,455,319,3014
2026-09-15T21:22:13.589426+00:00,5031,2754593,128x,200ms,25,64,0,148,490,618,649,1491,1233,1138,455,319,3016
2026-09-15T21:22:13.629639+00:00,5032,2755115,128x,200ms,25,64,0,148,491,618,648,1492,1234,1139,455,319,3016
2026-09-15T21:22:14.144202+00:00,5033,2755636,128x,200ms,25,64,1,148,490,618,649,1492,1234,1138,455,318,3016
2026-09-15T21:22:14.677611+00:00,5034,2756159,128x,200ms,25,64,1,148,489,617,648,1488,1231,1135,453,316,3004
2026-09-15T21:22:15.675058+00:00,5035,2756682,128x,200ms,25,64,1,148,491,618,648,1491,1233,1138,454,316,3010
2026-09-15T21:22:16.208126+00:00,5036,2757204,128x,200ms,25,64,1,147,489,616,647,1491,1232,1137,453,316,3011
2026-09-15T21:22:16.240292+00:00,5037,2757727,128x,200ms,25,64,1,148,489,617,648,1489,1231,1135,452,315,3005
2026-09-15T21:22:16.758623+00:00,5038,2758250,128x,200ms,25,64,1,148,490,617,647,1489,1231,1137,453,316,3008
2026-09-15T21:22:17.777614+00:00,5039,2758773,128x,200ms,25,64,0,148,489,616,647,1489,1230,1136,453,315,3006
2026-09-15T21:22:18.290365+00:00,5040,2759294,128x,200ms,25,64,0,148,489,616,647,1488,1229,1135,452,315,3004
2026-09-15T21:22:18.322114+00:00,5041,2759816,128x,200ms,25,64,0,147,489,616,646,1490,1231,1136,453,315,3008
2026-09-15T21:22:18.842516+00:00,5042,2760338,128x,200ms,25,64,0,148,490,617,647,1490,1230,1135,452,315,3006
2026-09-15T21:22:19.853099+00:00,5043,2760859,128x,200ms,25,64,0,147,490,617,647,1491,1232,1137,453,316,3011
2026-09-15T21:22:20.376937+00:00,5044,2761381,128x,200ms,25,64,0,148,490,618,648,1490,1231,1136,453,316,3008
2026-09-15T21:22:20.415327+00:00,5045,2761903,128x,200ms,25,64,1,148,490,617,648,1492,1233,1138,453,316,3013
2026-09-15T21:22:20.931402+00:00,5046,2762426,128x,200ms,25,64,1,148,490,618,648,1492,1234,1138,454,316,3011
2026-09-15T21:22:21.459895+00:00,5047,2762948,128x,200ms,25,64,1,148,490,618,649,1495,1236,1140,454,316,3016
2026-09-15T21:22:22.474243+00:00,5048,2763471,128x,200ms,25,64,1,147,489,617,648,1493,1236,1139,454,316,3016
2026-09-15T21:22:22.988072+00:00,5049,2763994,128x,200ms,25,64,1,148,490,618,649,1493,1235,1138,454,316,3013
2026-09-15T21:22:23.027997+00:00,5050,2764516,128x,200ms,25,64,1,148,491,618,649,1495,1237,1141,455,316,3018
2026-09-15T21:22:23.544955+00:00,5051,2765039,128x,200ms,25,64,0,148,489,617,648,1494,1236,1140,454,316,3017
2026-09-15T21:22:24.551129+00:00,5052,2765560,128x,200ms,25,64,0,148,491,619,650,1494,1236,1140,455,316,3016
2026-09-15T21:22:25.077173+00:00,5053,2766083,128x,200ms,25,64,0,148,490,617,648,1495,1236,1140,454,316,3017
2026-09-15T21:22:25.109590+00:00,5054,2766604,128x,200ms,25,64,0,148,491,619,649,1494,1236,1139,454,316,3016
2026-09-15T21:22:25.629325+00:00,5055,2767126,128x,200ms,25,64,0,148,490,618,648,1494,1235,1140,455,316,3016
2026-09-15T21:22:26.644252+00:00,5056,2767647,128x,200ms,25,64,0,148,489,618,649,1492,1234,1138,454,316,3012
2026-09-15T21:22:27.176721+00:00,5057,2768169,128x,200ms,25,64,1,148,489,617,648,1493,1234,1139,454,316,3012
2026-09-15T21:22:27.194954+00:00,5058,2768692,128x,200ms,25,64,1,148,488,617,647,1490,1233,1136,453,315,3008
2026-09-15T21:22:27.723891+00:00,5059,2769215,128x,200ms,25,64,1,148,489,617,647,1490,1232,1136,453,315,3007
2026-09-15T21:22:28.732321+00:00,5060,2769738,128x,200ms,25,64,1,148,489,617,647,1493,1235,1140,454,316,3013
2026-09-15T21:22:29.259909+00:00,5061,2770260,128x,200ms,25,64,1,147,488,616,647,1490,1233,1138,453,316,3010
2026-09-15T21:22:29.293321+00:00,5062,2770784,128x,200ms,25,64,1,148,488,617,648,1490,1232,1137,453,316,3008
2026-09-15T21:22:29.808478+00:00,5063,2771306,128x,200ms,25,64,0,148,489,617,647,1492,1234,1139,454,316,3012
2026-09-15T21:22:30.826371+00:00,5064,2771828,128x,200ms,25,64,0,147,488,616,647,1484,1227,1131,450,312,2991
2026-09-15T21:22:31.343855+00:00,5065,2772349,128x,200ms,25,64,0,144,476,600,630,1342,1121,1026,408,280,2692
2026-09-15T21:22:31.378778+00:00,5066,2772871,128x,200ms,25,64,0,143,470,593,624,1463,1213,1119,457,327,2977
2026-09-15T21:22:31.898744+00:00,5067,2773393,128x,200ms,25,64,0,148,485,612,643,1473,1220,1128,460,330,2996
2026-09-15T21:22:32.910715+00:00,5068,2773915,128x,200ms,25,64,0,145,476,600,632,1388,1158,1065,439,316,2831
2026-09-15T21:22:33.426170+00:00,5069,2774436,128x,200ms,25,64,1,137,443,562,594,1342,1122,1031,423,302,2727
2026-09-15T21:22:33.473737+00:00,5070,2774960,128x,200ms,25,64,1,132,433,547,579,1445,1197,1101,434,296,2890
2026-09-15T21:22:33.984739+00:00,5071,2775482,128x,200ms,25,64,1,144,478,603,633,1477,1222,1125,445,306,2967
2026-09-15T21:22:35.002616+00:00,5072,2776005,128x,200ms,25,64,1,147,487,615,645,1487,1230,1134,451,312,2997
2026-09-15T21:22:35.519827+00:00,5073,2776527,128x,200ms,25,64,1,147,488,616,646,1490,1232,1137,452,314,3005
2026-09-15T21:22:35.560409+00:00,5074,2777051,128x,200ms,25,64,1,147,487,615,646,1488,1231,1135,452,314,3003
2026-09-15T21:22:36.072514+00:00,5075,2777574,128x,200ms,25,64,0,147,486,615,645,1481,1224,1131,450,313,2988
2026-09-15T21:22:37.085035+00:00,5076,2778095,128x,200ms,25,64,0,147,484,613,642,1483,1225,1132,450,313,2989
2026-09-15T21:22:37.610714+00:00,5077,2778616,128x,200ms,25,64,0,147,482,612,641,1480,1223,1131,449,312,2985
2026-09-15T21:22:37.641932+00:00,5078,2779139,128x,200ms,25,64,0,147,484,613,642,1482,1225,1132,450,313,2991
2026-09-15T21:22:38.158724+00:00,5079,2779660,128x,200ms,25,64,0,146,482,612,641,1478,1221,1128,449,313,2982
2026-09-15T21:22:38.680489+00:00,5080,2780181,128x,200ms,25,64,0,147,484,613,642,1482,1224,1131,450,313,2989
2026-09-15T21:22:39.698727+00:00,5081,2780703,128x,200ms,25,64,1,147,482,612,641,1478,1222,1129,449,313,2984
2026-09-15T21:22:40.221089+00:00,5082,2781225,128x,200ms,25,64,1,147,483,613,642,1480,1223,1131,449,313,2986
2026-09-15T21:22:40.251969+00:00,5083,2781749,128x,200ms,25,64,1,147,483,613,641,1481,1224,1131,450,313,2988
2026-09-15T21:22:40.779864+00:00,5084,2782271,128x,200ms,25,64,1,146,482,612,641,1479,1223,1129,449,312,2983
2026-09-15T21:22:41.306441+00:00,5085,2782794,128x,200ms,25,64,1,147,484,613,642,1481,1224,1130,450,313,2986
2026-09-15T21:22:42.305814+00:00,5086,2783318,128x,200ms,25,64,1,147,483,612,642,1480,1223,1130,450,313,2986
2026-09-15T21:22:42.824286+00:00,5087,2783840,128x,200ms,25,64,0,147,482,612,641,1479,1221,1128,450,313,2982
2026-09-15T21:22:42.871880+00:00,5088,2784361,128x,200ms,25,64,0,147,483,612,642,1481,1224,1130,450,313,2988
2026-09-15T21:22:43.377166+00:00,5089,2784883,128x,200ms,25,64,0,147,482,612,642,1480,1223,1129,449,313,2984
2026-09-15T21:22:43.902496+00:00,5090,2785404,128x,200ms,25,64,0,147,484,613,642,1482,1224,1132,450,313,2989
2026-09-15T21:22:44.907039+00:00,5091,2785927,128x,200ms,25,64,0,147,482,613,643,1481,1224,1131,450,314,2989
2026-09-15T21:22:45.432583+00:00,5092,2786448,128x,200ms,25,64,0,147,484,613,643,1483,1225,1133,451,314,2992
2026-09-15T21:22:45.480587+00:00,5093,2786969,128x,200ms,25,64,1,147,483,613,642,1481,1224,1130,450,313,2988
2026-09-15T21:22:46.002719+00:00,5094,2787492,128x,200ms,25,64,1,147,484,613,643,1483,1225,1133,451,314,2992
2026-09-15T21:22:47.009018+00:00,5095,2788015,128x,200ms,25,64,1,147,484,613,642,1483,1225,1133,451,314,2993
2026-09-15T21:22:47.519346+00:00,5096,2788538,128x,200ms,25,64,1,147,483,613,643,1486,1230,1134,452,314,3000
2026-09-15T21:22:47.560635+00:00,5097,2789060,128x,200ms,25,64,1,147,488,616,646,1487,1230,1135,452,315,3000
2026-09-15T21:22:48.081557+00:00,5098,2789583,128x,200ms,25,64,1,147,486,614,644,1485,1229,1135,452,315,2998
2026-09-15T21:22:48.609537+00:00,5099,2790107,128x,200ms,25,64,0,147,485,613,644,1485,1229,1133,452,314,2998
2026-09-15T21:22:49.610537+00:00,5100,2790629,128x,200ms,25,64,0,147,487,615,645,1486,1229,1134,452,313,2997
2026-09-15T21:22:50.143549+00:00,5101,2791150,128x,200ms,25,64,0,146,485,613,644,1484,1227,1132,450,313,2993
2026-09-15T21:22:50.174752+00:00,5102,2791671,128x,200ms,25,64,0,147,487,615,644,1486,1228,1134,451,314,2996
2026-09-15T21:22:50.692995+00:00,5103,2792194,128x,200ms,25,64,0,147,485,613,644,1483,1227,1132,451,313,2994
2026-09-15T21:22:51.219379+00:00,5104,2792715,128x,200ms,25,64,0,147,486,614,644,1485,1228,1134,451,314,2997
2026-09-15T21:22:52.218651+00:00,5105,2793237,128x,200ms,25,64,1,147,485,613,644,1485,1228,1133,451,313,2995
2026-09-15T21:22:52.743320+00:00,5106,2793759,128x,200ms,25,64,1,147,487,615,645,1486,1229,1133,451,313,2997
2026-09-15T21:22:52.776869+00:00,5107,2794281,128x,200ms,25,64,1,147,487,614,645,1487,1229,1135,451,313,2998
2026-09-15T21:22:53.303520+00:00,5108,2794805,128x,200ms,25,64,1,147,485,613,644,1485,1228,1133,451,313,2996
2026-09-15T21:22:54.308702+00:00,5109,2795327,128x,200ms,25,64,1,147,488,615,645,1487,1230,1136,452,314,3000
2026-09-15T21:22:54.840303+00:00,5110,2795850,128x,200ms,25,64,1,147,487,615,645,1489,1231,1137,453,314,3004
2026-09-15T21:22:54.877515+00:00,5111,2796372,128x,200ms,25,64,0,147,486,614,645,1487,1230,1134,452,314,2999
2026-09-15T21:22:55.394361+00:00,5112,2796895,128x,200ms,25,64,0,147,488,616,646,1488,1231,1137,452,314,3003
2026-09-15T21:22:56.394827+00:00,5113,2797416,128x,200ms,25,64,0,147,486,614,645,1486,1229,1133,451,314,2997
2026-09-15T21:22:56.923892+00:00,5114,2797938,128x,200ms,25,64,0,146,484,611,641,1442,1193,1098,434,297,2878
2026-09-15T21:22:56.955651+00:00,5115,2798459,128x,200ms,25,64,0,145,480,607,637,1479,1224,1127,448,310,2980
2026-09-15T21:22:57.478275+00:00,5116,2798981,128x,200ms,25,64,0,147,487,615,645,1487,1231,1136,452,313,3000
2026-09-15T21:22:58.480497+00:00,5117,2799503,128x,200ms,25,64,1,147,486,614,645,1487,1230,1135,451,313,3000
2026-09-15T21:22:59.011291+00:00,5118,2800025,128x,200ms,25,64,1,147,488,616,646,1487,1230,1135,451,313,2998
2026-09-15T21:22:59.043282+00:00,5119,2800548,128x,200ms,25,64,1,147,487,615,645,1490,1232,1137,452,314,3004
2026-09-15T21:22:59.564262+00:00,5120,2801071,128x,200ms,25,64,1,147,486,614,645,1488,1231,1134,452,314,3001
2026-09-15T21:23:00.574270+00:00,5121,2801594,128x,200ms,25,64,1,147,487,615,645,1446,1198,1103,441,307,2917
2026-09-15T21:23:01.093740+00:00,5122,2802116,128x,200ms,25,64,1,147,488,615,646,1484,1227,1133,450,312,2991
2026-09-15T21:23:01.141555+00:00,5123,2802638,128x,200ms,25,64,0,148,488,616,647,1493,1234,1138,452,313,3010
2026-09-15T21:23:01.661062+00:00,5124,2803161,128x,200ms,25,64,0,148,489,617,648,1495,1235,1140,453,314,3012
2026-09-15T21:23:02.665914+00:00,5125,2803682,128x,200ms,25,64,0,147,488,617,648,1492,1233,1138,452,314,3008
2026-09-15T21:23:03.188062+00:00,5126,2804204,128x,200ms,25,64,0,147,487,616,647,1491,1232,1137,452,313,3005
2026-09-15T21:23:03.220892+00:00,5127,2804725,128x,200ms,25,64,0,147,486,615,646,1487,1229,1134,451,312,2993
2026-09-15T21:23:03.744020+00:00,5128,2805246,128x,200ms,25,64,0,144,473,599,630,1475,1220,1124,445,307,2963
2026-09-15T21:23:04.264900+00:00,5129,2805769,128x,200ms,25,64,1,146,482,609,639,1477,1222,1126,445,305,2963
2026-09-15T21:23:05.270519+00:00,5130,2806292,128x,200ms,25,64,1,145,480,607,638,1473,1219,1122,444,305,2957
2026-09-15T21:23:05.790284+00:00,5131,2806814,128x,200ms,25,64,1,146,482,609,640,1476,1221,1125,449,312,2973
2026-09-15T21:23:05.838285+00:00,5132,2807336,128x,200ms,25,64,1,147,485,612,643,1481,1225,1132,454,318,2994
2026-09-15T21:23:06.354742+00:00,5133,2807860,128x,200ms,25,64,1,146,481,608,640,1487,1230,1136,457,322,3010
2026-09-15T21:23:07.362932+00:00,5134,2808383,128x,200ms,25,64,1,148,486,615,647,1486,1230,1134,457,321,3007
2026-09-15T21:23:07.878705+00:00,5135,2808905,128x,200ms,25,64,0,148,487,616,646,1487,1230,1135,455,318,3006
2026-09-15T21:23:07.926563+00:00,5136,2809426,128x,200ms,25,64,0,148,486,615,647,1489,1231,1137,457,322,3014
2026-09-15T21:23:08.440039+00:00,5137,2809949,128x,200ms,25,64,0,148,488,617,649,1489,1231,1137,458,323,3014
2026-09-15T21:23:09.455429+00:00,5138,2810471,128x,200ms,25,64,0,148,488,617,647,1491,1233,1138,458,322,3016
2026-09-15T21:23:09.971253+00:00,5139,2810992,128x,200ms,25,64,0,148,487,616,647,1489,1232,1137,457,321,3011
2026-09-15T21:23:10.002213+00:00,5140,2811513,128x,200ms,25,64,0,148,488,617,648,1493,1234,1139,459,323,3019
2026-09-15T21:23:10.535229+00:00,5141,2812036,128x,200ms,25,64,1,148,487,617,648,1489,1231,1136,456,320,3011
2026-09-15T21:23:11.050547+00:00,5142,2812558,128x,200ms,25,64,1,148,488,616,647,1489,1232,1137,457,320,3010
2026-09-15T21:23:12.067116+00:00,5143,2813081,128x,200ms,25,64,1,148,488,617,648,1495,1236,1142,459,324,3028
2026-09-15T21:23:12.584689+00:00,5144,2813604,128x,200ms,25,64,1,148,488,618,649,1494,1237,1141,459,324,3026
2026-09-15T21:23:12.615857+00:00,5145,2814127,128x,200ms,25,64,1,149,489,619,650,1494,1234,1140,459,323,3024
2026-09-15T21:23:13.143093+00:00,5146,2814650,128x,200ms,25,64,1,149,490,619,650,1495,1237,1142,460,323,3026
2026-09-15T21:23:14.149995+00:00,5147,2815172,128x,200ms,25,64,0,148,488,617,648,1490,1233,1138,458,322,3019
2026-09-15T21:23:14.662083+00:00,5148,2815694,128x,200ms,25,64,0,148,488,617,648,1489,1232,1138,457,321,3015
2026-09-15T21:23:14.710125+00:00,5149,2816216,128x,200ms,25,64,0,148,488,617,648,1492,1235,1139,458,321,3020
2026-09-15T21:23:15.228343+00:00,5150,2816738,128x,200ms,25,64,0,148,488,617,648,1491,1233,1138,457,320,3017
2026-09-15T21:23:16.236221+00:00,5151,2817259,128x,200ms,25,64,0,148,489,617,648,1493,1234,1140,457,320,3020
2026-09-15T21:23:16.763418+00:00,5152,2817781,128x,200ms,25,64,0,148,488,617,648,1492,1234,1138,456,319,3016
2026-09-15T21:23:16.793424+00:00,5153,2818302,128x,200ms,25,64,1,148,488,617,648,1493,1235,1140,456,319,3019
2026-09-15T21:23:17.326574+00:00,5154,2818826,128x,200ms,25,64,1,148,488,617,648,1493,1235,1140,457,320,3021
2026-09-15T21:23:18.326486+00:00,5155,2819349,128x,200ms,25,64,1,148,487,617,648,1490,1233,1138,457,320,3016
2026-09-15T21:23:18.847229+00:00,5156,2819871,128x,200ms,25,64,1,148,489,618,649,1490,1233,1138,457,321,3014
2026-09-15T21:23:18.879278+00:00,5157,2820393,128x,200ms,25,64,1,148,487,616,647,1491,1233,1137,457,321,3017
2026-09-15T21:23:19.399814+00:00,5158,2820917,128x,200ms,25,64,1,148,487,617,648,1490,1233,1137,457,321,3014
2026-09-15T21:23:20.417522+00:00,5159,2821439,128x,200ms,25,64,0,148,488,617,648,1491,1233,1138,458,321,3016
2026-09-15T21:23:20.932751+00:00,5160,2821960,128x,200ms,25,64,0,148,487,616,648,1491,1233,1137,457,321,3016
2026-09-15T21:23:20.964267+00:00,5161,2822481,128x,200ms,25,64,0,148,488,617,648,1491,1233,1138,457,320,3016
2026-09-15T21:23:21.499418+00:00,5162,2823004,128x,200ms,25,64,0,148,487,616,648,1490,1233,1137,457,320,3015
2026-09-15T21:23:22.016114+00:00,5163,2823525,128x,200ms,25,64,0,148,489,617,649,1491,1232,1138,457,320,3018
2026-09-15T21:23:23.017377+00:00,5164,2824047,128x,200ms,25,64,0,148,487,616,648,1494,1235,1141,458,321,3022
2026-09-15T21:23:23.546793+00:00,5165,2824568,128x,200ms,25,64,1,148,488,618,649,1493,1235,1139,458,321,3020
2026-09-15T21:23:23.580793+00:00,5166,2825092,128x,200ms,25,64,1,148,489,618,649,1494,1235,1142,459,322,3024
2026-09-15T21:23:24.099678+00:00,5167,2825615,128x,200ms,25,64,1,148,488,618,649,1496,1237,1142,459,322,3028
2026-09-15T21:23:25.121418+00:00,5168,2826137,128x,200ms,25,64,1,148,488,618,649,1493,1236,1140,458,322,3023
2026-09-15T21:23:25.635305+00:00,5169,2826660,128x,200ms,25,64,1,149,489,619,650,1494,1236,1141,458,322,3024
2026-09-15T21:23:25.665891+00:00,5170,2827184,128x,200ms,25,64,1,148,490,619,650,1495,1237,1142,459,322,3028
2026-09-15T21:23:26.197204+00:00,5171,2827707,128x,200ms,25,64,0,148,488,617,649,1495,1236,1142,458,322,3027
2026-09-15T21:23:27.202579+00:00,5172,2828228,128x,200ms,25,64,0,149,490,619,650,1494,1235,1140,458,321,3021
2026-09-15T21:23:27.731103+00:00,5173,2828750,128x,200ms,25,64,0,148,490,618,650,1496,1237,1143,459,322,3026
2026-09-15T21:23:27.762844+00:00,5174,2829272,128x,200ms,25,64,0,148,488,618,649,1494,1235,1140,458,322,3023
2026-09-15T21:23:28.280539+00:00,5175,2829794,128x,200ms,25,64,0,149,490,620,651,1496,1237,1142,459,322,3025
2026-09-15T21:23:29.289927+00:00,5176,2830316,128x,200ms,25,64,0,149,489,618,649,1495,1236,1142,458,322,3026
2026-09-15T21:23:29.809710+00:00,5177,2830837,128x,200ms,25,64,1,148,488,618,649,1494,1236,1140,458,321,3021
2026-09-15T21:23:29.841694+00:00,5178,2831361,128x,200ms,25,64,1,149,490,619,650,1495,1237,1142,458,321,3025
2026-09-15T21:23:30.365537+00:00,5179,2831883,128x,200ms,25,64,1,148,489,618,649,1494,1235,1142,458,321,3023
2026-09-15T21:23:30.890347+00:00,5180,2832406,128x,200ms,25,64,1,148,488,617,648,1493,1234,1139,457,321,3021
2026-09-15T21:23:31.907803+00:00,5181,2832929,128x,200ms,25,64,1,148,490,619,650,1494,1234,1141,458,321,3021
2026-09-15T21:23:32.413429+00:00,5182,2833452,128x,200ms,25,64,1,149,489,618,649,1496,1236,1143,459,321,3026
2026-09-15T21:23:32.461144+00:00,5183,2833974,128x,200ms,25,64,0,148,488,617,649,1494,1236,1140,458,322,3024
2026-09-15T21:23:32.972528+00:00,5184,2834496,128x,200ms,25,64,0,148,490,619,650,1494,1235,1141,458,322,3024
2026-09-15T21:23:33.988137+00:00,5185,2835018,128x,200ms,25,64,0,148,489,619,650,1497,1238,1144,460,322,3030
2026-09-15T21:23:34.507571+00:00,5186,2835539,128x,200ms,25,64,0,149,489,619,650,1494,1236,1141,458,322,3023
2026-09-15T21:23:34.539833+00:00,5187,2836062,128x,200ms,25,64,0,148,490,619,650,1498,1239,1145,460,323,3031
2026-09-15T21:23:35.064486+00:00,5188,2836584,128x,200ms,25,64,0,148,488,618,650,1497,1238,1143,459,322,3029
2026-09-15T21:23:36.076087+00:00,5189,2837105,128x,200ms,25,64,1,149,490,620,650,1497,1237,1143,459,322,3027
2026-09-15T21:23:36.599285+00:00,5190,2837628,128x,200ms,25,64,1,149,490,619,650,1496,1237,1143,459,322,3029
2026-09-15T21:23:36.631749+00:00,5191,2838151,128x,200ms,25,64,1,148,488,618,649,1494,1235,1140,458,322,3023
2026-09-15T21:23:37.154190+00:00,5192,2838674,128x,200ms,25,64,1,149,489,618,650,1494,1235,1140,458,322,3022
2026-09-15T21:23:38.173724+00:00,5193,2839197,128x,200ms,25,64,1,149,489,619,650,1496,1236,1143,459,322,3026
2026-09-15T21:23:38.682567+00:00,5194,2839720,128x,200ms,25,64,1,148,489,618,649,1496,1236,1142,459,322,3027
2026-09-15T21:23:38.729818+00:00,5195,2840244,128x,200ms,25,64,0,148,488,618,649,1493,1235,1140,458,322,3024
2026-09-15T21:23:39.251967+00:00,5196,2840765,128x,200ms,25,64,0,148,490,619,650,1496,1237,1143,459,322,3029
2026-09-15T21:23:39.776034+00:00,5197,2841287,128x,200ms,25,64,0,148,488,618,649,1495,1237,1143,459,322,3028
2026-09-15T21:23:40.779504+00:00,5198,2841809,128x,200ms,25,64,0,148,490,620,651,1496,1237,1143,459,322,3029
2026-09-15T21:23:41.305131+00:00,5199,2842331,128x,200ms,25,64,0,148,489,618,650,1495,1237,1142,459,322,3027
2026-09-15T21:23:41.337595+00:00,5200,2842853,128x,200ms,25,64,0,148,489,619,650,1494,1236,1141,459,322,3022
2026-09-15T21:23:41.861885+00:00,5201,2843375,128x,200ms,25,64,1,149,490,619,650,1497,1238,1143,459,322,3030
2026-09-15T21:23:42.371200+00:00,5202,2843898,128x,200ms,25,64,1,148,489,618,649,1497,1238,1143,459,322,3029
2026-09-15T21:23:43.390460+00:00,5203,2844422,128x,200ms,25,64,1,148,489,619,650,1496,1238,1142,459,322,3027
2026-09-15T21:23:43.913658+00:00,5204,2844944,128x,200ms,25,64,1,149,491,620,651,1497,1238,1143,459,322,3028
2026-09-15T21:23:43.946371+00:00,5205,2845467,128x,200ms,25,64,1,149,490,619,650,1497,1238,1143,459,322,3030
2026-09-15T21:23:44.468619+00:00,5206,2845990,128x,200ms,25,64,1,148,489,618,650,1496,1237,1142,459,322,3028
2026-09-15T21:23:45.473772+00:00,5207,2846514,128x,200ms,25,64,0,149,490,619,651,1494,1236,1141,458,322,3026
2026-09-15T21:23:45.998697+00:00,5208,2847035,128x,200ms,25,64,0,149,490,619,650,1497,1237,1144,459,323,3030
2026-09-15T21:23:46.031343+00:00,5209,2847556,128x,200ms,25,64,0,148,489,618,650,1494,1235,1140,458,322,3023
2026-09-15T21:23:46.553938+00:00,5210,2848078,128x,200ms,25,64,0,148,490,619,650,1497,1238,1143,459,322,3028
2026-09-15T21:23:47.559870+00:00,5211,2848601,128x,200ms,25,64,0,148,488,617,649,1494,1236,1141,459,321,3025
2026-09-15T21:23:48.082939+00:00,5212,2849122,128x,200ms,25,64,0,149,490,619,650,1496,1237,1143,459,322,3027
2026-09-15T21:23:48.116796+00:00,5213,2849644,128x,200ms,25,64,1,148,489,618,650,1496,1237,1142,459,322,3028
2026-09-15T21:23:48.644257+00:00,5214,2850167,128x,200ms,25,64,1,149,489,619,650,1494,1235,1141,458,322,3024
2026-09-15T21:23:49.661113+00:00,5215,2850690,128x,200ms,25,64,1,149,490,619,650,1496,1237,1143,459,322,3028
2026-09-15T21:23:50.185301+00:00,5216,2851213,128x,200ms,25,64,1,148,489,618,649,1497,1236,1142,459,322,3027
2026-09-15T21:23:50.218694+00:00,5217,2851736,128x,200ms,25,64,1,148,489,618,649,1494,1235,1140,458,321,3021
2026-09-15T21:23:50.729783+00:00,5218,2852258,128x,200ms,25,64,1,149,490,619,650,1496,1237,1143,459,322,3026
2026-09-15T21:23:51.266790+00:00,5219,2852782,128x,200ms,25,64,0,148,488,618,649,1495,1236,1141,458,322,3024
2026-09-15T21:23:52.271774+00:00,5220,2853304,128x,200ms,25,64,0,148,489,619,650,1494,1236,1141,458,321,3023
2026-09-15T21:23:52.781675+00:00,5221,2853826,128x,200ms,25,64,0,149,489,619,650,1496,1237,1143,459,322,3027
2026-09-15T21:23:52.830229+00:00,5222,2854347,128x,200ms,25,64,0,148,489,619,650,1495,1236,1141,458,321,3024
2026-09-15T21:23:53.337172+00:00,5223,2854870,128x,200ms,25,64,0,149,490,619,650,1495,1236,1142,458,322,3025
2026-09-15T21:23:54.355465+00:00,5224,2855392,128x,200ms,25,64,0,148,488,618,649,1495,1236,1141,458,321,3025
2026-09-15T21:23:54.879238+00:00,5225,2855913,128x,200ms,25,64,1,148,489,619,650,1495,1235,1141,458,321,3023
2026-09-15T21:23:54.910662+00:00,5226,2856435,128x,200ms,25,64,1,148,488,618,649,1462,1209,1114,441,302,2926
2026-09-15T21:23:55.921703+00:00,5227,2856958,128x,200ms,25,64,1,143,472,597,627,1432,1184,1089,432,296,2862
2026-09-15T21:23:56.443157+00:00,5228,2857482,128x,200ms,25,64,1,133,435,550,580,1230,1028,940,377,255,2455
2026-09-15T21:23:56.967989+00:00,5229,2858005,128x,200ms,25,64,1,26,74,93,113,556,447,441,188,220,1638
2026-09-15T21:23:57.492716+00:00,5230,2858526,128x,200ms,25,64,1,64,184,229,242,751,619,611,234,142,1103
2026-09-15T21:23:58.001652+00:00,5231,2859047,128x,200ms,25,64,0,65,220,245,278,729,556,631,212,129,918
2026-09-15T21:23:58.528384+00:00,5232,2859569,128x,200ms,25,64,0,95,270,338,346,874,729,705,255,166,1347
2026-09-15T21:23:59.040297+00:00,5233,2860089,128x,200ms,25,64,0,90,281,337,360,570,418,411,156,82,738
2026-09-15T21:23:59.564970+00:00,5234,2860610,128x,200ms,25,64,0,40,109,143,160,93,54,56,21,10,93
2026-09-15T21:24:00.088919+00:00,5235,2861129,128x,200ms,25,64,0,15,46,57,72,209,124,138,45,20,179
2026-09-15T21:24:00.598742+00:00,5236,2861647,128x,200ms,25,64,0,20,57,72,87,213,127,141,46,21,185
2026-09-15T21:24:01.125396+00:00,5237,2862167,128x,200ms,25,64,1,20,58,74,89,218,130,144,47,22,191
2026-09-15T21:24:01.635787+00:00,5238,2862686,128x,200ms,25,64,1,21,60,76,91,223,133,147,49,23,197
2026-09-15T21:24:02.156380+00:00,5239,2863206,128x,200ms,25,64,1,21,61,77,93,224,135,148,49,23,198
2026-09-15T21:24:02.680917+00:00,5240,2863725,128x,200ms,25,64,1,21,61,77,93,224,135,148,49,24,198
2026-09-15T21:24:03.190597+00:00,5241,2864245,128x,200ms,25,64,1,21,60,76,91,126,72,88,26,12,121
2026-09-15T21:24:03.710527+00:00,5242,2864763,128x,200ms,25,64,1,8,18,25,35,51,28,32,12,7,58
2026-09-15T21:24:04.235943+00:00,5243,2865282,128x,200ms,25,64,0,5,12,17,26,126,78,74,29,14,116
2026-09-15T21:24:04.757075+00:00,5244,2865799,128x,200ms,25,64,0,11,32,41,50,332,206,195,68,48,449
2026-09-15T21:24:05.276514+00:00,5245,2866318,128x,200ms,25,64,0,64,185,228,248,624,439,488,159,131,1136
2026-09-15T21:24:05.797385+00:00,5246,2866839,128x,200ms,25,64,0,62,192,236,265,676,452,527,159,126,1176
2026-09-15T21:24:06.321212+00:00,5247,2867359,128x,200ms,25,64,0,61,203,237,276,695,457,545,168,114,1109
2026-09-15T21:24:06.827510+00:00,5248,2867880,128x,200ms,25,64,0,76,242,290,329,783,570,621,199,142,1299
2026-09-15T21:24:07.349952+00:00,5249,2868401,128x,200ms,25,64,1,59,169,204,234,437,292,260,99,62,563
2026-09-15T21:24:07.875072+00:00,5250,2868922,128x,200ms,25,64,1,47,114,163,169,329,200,187,67,47,419
2026-09-15T21:24:08.387549+00:00,5251,2869442,128x,200ms,25,64,1,24,72,97,118,258,147,140,49,28,273
2026-09-15T21:24:08.911546+00:00,5252,2869961,128x,200ms,25,64,1,33,95,128,149,347,218,196,71,48,471
2026-09-15T21:24:09.436615+00:00,5253,2870481,128x,200ms,25,64,1,40,111,147,167,318,202,183,65,39,404
2026-09-15T21:24:09.955918+00:00,5254,2871002,128x,200ms,25,64,1,23,67,88,103,178,106,105,37,18,160
2026-09-15T21:24:10.464763+00:00,5255,2871522,128x,200ms,25,64,0,9,24,32,42,116,71,63,28,15,121
2026-09-15T21:24:10.987355+00:00,5256,2872040,128x,200ms,25,64,0,11,33,44,60,285,172,177,59,30,297
2026-09-15T21:24:11.498577+00:00,5257,2872559,128x,200ms,25,64,0,31,85,114,132,307,189,193,69,38,336
2026-09-15T21:24:12.021444+00:00,5258,2873078,128x,200ms,25,64,0,32,89,119,137,318,196,200,72,40,355
2026-09-15T21:24:12.545735+00:00,5259,2873597,128x,200ms,25,64,0,34,92,123,142,327,203,206,74,42,371
2026-09-15T21:24:13.069707+00:00,5260,2874118,128x,200ms,25,64,0,35,95,127,146,336,209,212,75,43,387
2026-09-15T21:24:13.593623+00:00,5261,2874637,128x,200ms,25,64,1,36,97,130,149,341,213,215,77,44,397
2026-09-15T21:24:14.105476+00:00,5262,2875157,128x,200ms,25,64,1,36,99,132,151,348,217,219,78,45,410
2026-09-15T21:24:14.626145+00:00,5263,2875676,128x,200ms,25,64,1,37,101,134,154,353,221,224,80,47,420
2026-09-15T21:24:15.138902+00:00,5264,2876197,128x,200ms,25,64,1,37,102,137,157,358,224,226,81,47,428
2026-09-15T21:24:15.664974+00:00,5265,2876718,128x,200ms,25,64,1,38,104,139,159,363,227,229,83,48,437
2026-09-15T21:24:16.189944+00:00,5266,2877238,128x,200ms,25,64,1,39,106,141,160,365,230,231,83,49,443
2026-09-15T21:24:16.710076+00:00,5267,2877758,128x,200ms,25,64,0,39,106,142,162,368,232,233,84,49,449
2026-09-15T21:24:17.219254+00:00,5268,2878278,128x,200ms,25,64,0,40,108,144,163,372,234,236,85,50,455
2026-09-15T21:24:17.747345+00:00,5269,2878798,128x,200ms,25,64,0,40,109,145,165,374,236,237,86,51,460
2026-09-15T21:24:18.260229+00:00,5270,2879319,128x,200ms,25,64,0,40,109,146,166,377,238,239,87,52,465
2026-09-15T21:24:18.782140+00:00,5271,2879839,128x,200ms,25,64,0,41,110,147,167,380,239,241,87,52,470
2026-09-15T21:24:19.306199+00:00,5272,2880358,128x,200ms,25,64,0,41,111,148,168,381,240,242,88,52,473
2026-09-15T21:24:19.833576+00:00,5273,2880878,128x,200ms,25,64,1,41,111,149,169,384,242,243,88,53,477
2026-09-15T21:24:20.342875+00:00,5274,2881398,128x,200ms,25,64,1,42,113,150,170,385,243,244,88,53,480
2026-09-15T21:24:20.867578+00:00,5275,2881918,128x,200ms,25,64,1,42,112,150,170,387,245,245,89,53,483
2026-09-15T21:24:21.390854+00:00,5276,2882440,128x,200ms,25,64,1,42,113,151,170,388,245,246,89,53,487
2026-09-15T21:24:21.914454+00:00,5277,2882960,128x,200ms,25,64,1,42,113,151,171,390,247,248,90,53,490
2026-09-15T21:24:22.425518+00:00,5278,2883480,128x,200ms,25,64,1,42,114,152,173,392,248,249,90,54,494
2026-09-15T21:24:22.950993+00:00,5279,2884001,128x,200ms,25,64,0,42,115,153,174,395,250,251,91,54,497
2026-09-15T21:24:23.459220+00:00,5280,2884520,128x,200ms,25,64,0,43,115,154,174,396,251,252,91,54,500
2026-09-15T21:24:23.983498+00:00,5281,2885041,128x,200ms,25,64,0,43,116,155,174,397,251,252,91,55,502
2026-09-15T21:24:24.508716+00:00,5282,2885561,128x,200ms,25,64,0,43,116,155,175,398,252,254,92,55,505
2026-09-15T21:24:25.018165+00:00,5283,2886080,128x,200ms,25,64,0,43,117,156,176,399,253,254,92,55,507
2026-09-15T21:24:25.542049+00:00,5284,2886600,128x,200ms,25,64,0,43,117,156,176,400,253,255,92,55,509
2026-09-15T21:24:26.066025+00:00,5285,2887120,128x,200ms,25,64,1,43,117,157,176,401,255,256,92,56,512
2026-09-15T21:24:26.590879+00:00,5286,2887641,128x,200ms,25,64,1,43,118,157,177,402,255,256,92,56,513
2026-09-15T21:24:27.100457+00:00,5287,2888161,128x,200ms,25,64,1,43,117,157,177,403,255,257,92,55,515
2026-09-15T21:24:27.624483+00:00,5288,2888682,128x,200ms,25,64,1,43,118,157,178,405,256,257,93,56,519
2026-09-15T21:24:28.148015+00:00,5289,2889202,128x,200ms,25,64,1,44,118,158,179,406,258,259,93,56,521
2026-09-15T21:24:28.668875+00:00,5290,2889723,128x,200ms,25,64,1,44,119,159,179,409,259,261,94,57,525
2026-09-15T21:24:29.194843+00:00,5291,2890244,128x,200ms,25,64,0,44,119,160,180,410,260,261,94,57,527
2026-09-15T21:24:29.705409+00:00,5292,2890764,128x,200ms,25,64,0,44,120,160,180,410,260,262,94,57,529
2026-09-15T21:24:30.228029+00:00,5293,2891284,128x,200ms,25,64,0,44,120,161,180,411,260,262,94,57,530
2026-09-15T21:24:30.753314+00:00,5294,2891804,128x,200ms,25,64,0,44,120,160,181,412,261,263,94,57,532
2026-09-15T21:24:31.262895+00:00,5295,2892323,128x,200ms,25,64,0,44,121,161,181,413,262,264,95,58,534
2026-09-15T21:24:31.788376+00:00,5296,2892844,128x,200ms,25,64,0,45,120,161,181,413,262,264,95,58,534
2026-09-15T21:24:32.300929+00:00,5297,2893363,128x,200ms,25,64,1,45,121,162,181,415,263,265,95,58,536
2026-09-15T21:24:32.827906+00:00,5298,2893884,128x,200ms,25,64,1,45,122,163,183,419,266,268,99,59,541
2026-09-15T21:24:33.350834+00:00,5299,2894404,128x,200ms,25,64,1,46,122,164,184,418,266,267,97,59,541
2026-09-15T21:24:33.874340+00:00,5300,2894924,128x,200ms,25,64,1,46,123,164,184,419,265,267,97,59,542
2026-09-15T21:24:34.395400+00:00,5301,2895444,128x,200ms,25,64,1,46,122,164,184,420,266,268,97,59,544
2026-09-15T21:24:34.903341+00:00,5302,2895966,128x,200ms,25,64,1,46,123,165,185,421,267,269,97,59,546
2026-09-15T21:24:35.428060+00:00,5303,2896486,128x,200ms,25,64,0,46,123,164,185,420,266,269,97,59,546
2026-09-15T21:24:35.950140+00:00,5304,2897006,128x,200ms,25,64,0,46,123,165,185,422,268,270,98,59,548
2026-09-15T21:24:36.472865+00:00,5305,2897526,128x,200ms,25,64,0,46,124,166,185,422,268,270,98,60,549
2026-09-15T21:24:36.980468+00:00,5306,2898046,128x,200ms,25,64,0,46,124,166,185,423,268,271,98,60,551
2026-09-15T21:24:37.505846+00:00,5307,2898567,128x,200ms,25,64,0,46,124,166,186,424,269,271,98,60,552
2026-09-15T21:24:38.028069+00:00,5308,2899087,128x,200ms,25,64,0,46,124,166,187,425,269,271,98,60,553
2026-09-15T21:24:38.538525+00:00,5309,2899607,128x,200ms,25,64,1,46,124,167,186,425,270,272,98,60,554
2026-09-15T21:24:39.068047+00:00,5310,2900127,128x,200ms,25,64,1,46,125,167,187,426,270,273,99,60,556
2026-09-15T21:24:39.593344+00:00,5311,2900647,128x,200ms,25,64,1,47,125,167,187,426,270,273,99,60,556
2026-09-15T21:24:40.101230+00:00,5312,2901169,128x,200ms,25,64,1,46,125,167,187,427,271,274,99,60,558
2026-09-15T21:24:40.626311+00:00,5313,2901689,128x,200ms,25,64,1,47,125,167,187,427,271,273,99,60,558
2026-09-15T21:24:41.153885+00:00,5314,2902209,128x,200ms,25,64,1,47,125,168,187,428,271,274,99,61,560
2026-09-15T21:24:41.661545+00:00,5315,2902729,128x,200ms,25,64,0,47,125,168,188,428,271,274,99,61,560
2026-09-15T21:24:42.187833+00:00,5316,2903249,128x,200ms,25,64,0,47,125,168,187,428,271,274,99,60,560
2026-09-15T21:24:42.708675+00:00,5317,2903770,128x,200ms,25,64,0,47,125,168,187,429,272,275,99,61,562
2026-09-15T21:24:43.232145+00:00,5318,2904290,128x,200ms,25,64,0,47,126,168,188,429,272,275,99,61,563
2026-09-15T21:24:43.753800+00:00,5319,2904810,128x,200ms,25,64,0,47,125,168,188,429,272,275,99,61,563
2026-09-15T21:24:44.276988+00:00,5320,2905330,128x,200ms,25,64,0,47,126,168,188,431,274,276,100,61,566
2026-09-15T21:24:44.786342+00:00,5321,2905850,128x,200ms,25,64,1,47,126,169,188,431,273,277,100,62,566
2026-09-15T21:24:45.311558+00:00,5322,2906371,128x,200ms,25,64,1,47,126,169,189,432,274,277,100,62,567
2026-09-15T21:24:45.824221+00:00,5323,2906892,128x,200ms,25,64,1,47,127,170,190,433,275,278,100,62,569
2026-09-15T21:24:46.350044+00:00,5324,2907413,128x,200ms,25,64,1,47,126,170,189,433,275,277,100,61,570
2026-09-15T21:24:46.874343+00:00,5325,2907933,128x,200ms,25,64,1,47,127,170,190,434,275,278,101,62,571
2026-09-15T21:24:47.395111+00:00,5326,2908453,128x,200ms,25,64,1,47,126,169,189,431,274,277,101,62,568
2026-09-15T21:24:47.919591+00:00,5327,2908975,128x,200ms,25,64,0,48,126,169,189,432,274,278,101,62,569
2026-09-15T21:24:48.428310+00:00,5328,2909495,128x,200ms,25,64,0,47,127,170,189,431,274,277,100,62,569
2026-09-15T21:24:48.948515+00:00,5329,2910015,128x,200ms,25,64,0,47,126,169,188,432,274,278,100,61,571
2026-09-15T21:24:49.473957+00:00,5330,2910535,128x,200ms,25,64,0,47,127,170,189,433,275,279,101,62,572
2026-09-15T21:24:49.994474+00:00,5331,2911054,128x,200ms,25,64,0,47,127,169,189,432,275,278,100,62,571
2026-09-15T21:24:50.504336+00:00,5332,2911575,128x,200ms,25,64,0,47,126,169,189,433,275,279,101,61,573
2026-09-15T21:24:51.030108+00:00,5333,2912095,128x,200ms,25,64,1,48,127,170,190,434,276,280,101,62,575
2026-09-15T21:24:51.555543+00:00,5334,2912616,128x,200ms,25,64,1,47,127,170,190,433,275,279,101,62,573
2026-09-15T21:24:52.074706+00:00,5335,2913136,128x,200ms,25,64,1,47,127,170,190,434,276,280,101,62,575
2026-09-15T21:24:52.584720+00:00,5336,2913657,128x,200ms,25,64,1,47,127,170,190,434,276,280,101,62,575
2026-09-15T21:24:53.110184+00:00,5337,2914179,128x,200ms,25,64,1,48,127,170,189,435,276,281,101,62,577
2026-09-15T21:24:53.636492+00:00,5338,2914699,128x,200ms,25,64,1,48,128,171,190,436,277,281,101,62,578
2026-09-15T21:24:54.147188+00:00,5339,2915220,128x,200ms,25,64,0,48,128,171,191,436,277,281,101,63,578
2026-09-15T21:24:54.669210+00:00,5340,2915739,128x,200ms,25,64,0,48,128,171,190,436,277,281,101,63,579
2026-09-15T21:24:55.196638+00:00,5341,2916259,128x,200ms,25,64,0,48,128,171,191,436,277,281,101,62,579
2026-09-15T21:24:55.707953+00:00,5342,2916780,128x,200ms,25,64,0,48,128,171,190,437,278,281,101,62,580
2026-09-15T21:24:56.235805+00:00,5343,2917300,128x,200ms,25,64,0,48,128,172,191,438,278,282,102,63,581
2026-09-15T21:24:56.759460+00:00,5344,2917820,128x,200ms,25,64,0,48,128,172,191,438,278,282,102,63,582
2026-09-15T21:24:57.282740+00:00,5345,2918339,128x,200ms,25,64,1,48,128,172,191,439,278,282,101,63,582
2026-09-15T21:24:57.792066+00:00,5346,2918860,128x,200ms,25,64,1,48,128,172,191,439,279,283,102,63,584
2026-09-15T21:24:58.318540+00:00,5347,2919382,128x,200ms,25,64,1,48,128,172,192,439,279,283,102,63,584
2026-09-15T21:24:58.843993+00:00,5348,2919903,128x,200ms,25,64,1,48,128,172,192,440,280,283,102,63,585
2026-09-15T21:24:59.367561+00:00,5349,2920424,128x,200ms,25,64,1,48,129,173,192,440,280,284,102,63,586
2026-09-15T21:24:59.875651+00:00,5350,2920945,128x,200ms,25,64,1,48,129,173,192,441,280,285,103,63,588
2026-09-15T21:25:00.402141+00:00,5351,2921466,128x,200ms,25,64,0,48,129,173,193,442,281,285,102,63,588
2026-09-15T21:25:00.912570+00:00,5352,2921987,128x,200ms,25,64,0,48,129,173,192,440,280,284,102,63,586
2026-09-15T21:25:01.433074+00:00,5353,2922507,128x,200ms,25,64,0,48,129,173,192,441,280,284,102,63,587
2026-09-15T21:25:01.959920+00:00,5354,2923026,128x,200ms,25,64,0,48,129,173,193,442,281,286,105,64,588
2026-09-15T21:25:02.471383+00:00,5355,2923546,128x,200ms,25,64,0,54,139,188,207,472,300,303,118,69,621
2026-09-15T21:25:02.999761+00:00,5356,2924067,128x,200ms,25,64,0,51,134,180,201,425,274,266,105,63,584
2026-09-15T21:25:03.525378+00:00,5357,2924588,128x,200ms,25,64,1,53,138,187,205,462,292,294,106,64,611
2026-09-15T21:25:04.048587+00:00,5358,2925108,128x,200ms,25,64,1,51,134,181,200,402,256,254,92,56,559
2026-09-15T21:25:04.558503+00:00,5359,2925629,128x,200ms,25,64,1,56,141,192,209,477,303,305,119,70,626
2026-09-15T21:25:05.080603+00:00,5360,2926150,128x,200ms,25,64,1,56,141,192,210,477,303,305,118,70,626
2026-09-15T21:25:05.606628+00:00,5361,2926670,128x,200ms,25,64,1,56,141,192,210,478,303,305,118,70,627
2026-09-15T21:25:06.128068+00:00,5362,2927192,128x,200ms,25,64,1,56,142,193,210,478,303,305,119,70,627
2026-09-15T21:25:06.650247+00:00,5363,2927713,128x,200ms,25,64,0,56,142,193,210,478,303,306,118,70,629
2026-09-15T21:25:07.160665+00:00,5364,2928233,128x,200ms,25,64,0,56,141,192,210,478,303,305,118,70,628
2026-09-15T21:25:07.673896+00:00,5365,2928752,128x,200ms,25,64,0,56,141,193,210,478,303,306,118,70,629
2026-09-15T21:25:08.198107+00:00,5366,2929272,128x,200ms,25,64,0,56,142,193,211,479,304,306,119,70,630
2026-09-15T21:25:08.722488+00:00,5367,2929793,128x,200ms,25,64,0,56,142,193,211,479,304,306,119,70,630
2026-09-15T21:25:09.247382+00:00,5368,2930313,128x,200ms,25,64,0,56,142,193,211,481,305,307,120,71,632
2026-09-15T21:25:09.755947+00:00,5369,2930833,128x,200ms,25,64,1,50,130,176,195,428,281,265,109,65,603
2026-09-15T21:25:10.279293+00:00,5370,2931354,128x,200ms,25,64,1,54,136,185,202,473,301,301,117,69,626
2026-09-15T21:25:10.800431+00:00,5371,2931874,128x,200ms,25,64,1,55,140,190,208,476,302,303,117,69,627
2026-09-15T21:25:11.325545+00:00,5372,2932396,128x,200ms,25,64,1,55,138,189,206,323,205,209,73,44,462
2026-09-15T21:25:11.850324+00:00,5373,2932916,128x,200ms,25,64,1,44,124,165,185,436,276,282,97,59,586
2026-09-15T21:25:12.360632+00:00,5374,2933436,128x,200ms,25,64,1,52,133,180,197,458,293,298,116,67,604
2026-09-15T21:25:12.887344+00:00,5375,2933957,128x,200ms,25,64,0,56,137,188,204,466,298,302,120,69,613
2026-09-15T21:25:13.411372+00:00,5376,2934477,128x,200ms,25,64,0,56,138,188,204,466,298,302,119,69,614
2026-09-15T21:25:13.922194+00:00,5377,2934999,128x,200ms,25,64,0,55,138,188,204,467,298,302,119,69,614
2026-09-15T21:25:14.438952+00:00,5378,2935519,128x,200ms,25,64,0,56,138,189,205,468,299,303,120,69,616
2026-09-15T21:25:14.962927+00:00,5379,2936039,128x,200ms,25,64,0,56,138,189,205,468,299,304,120,70,616
2026-09-15T21:25:15.485521+00:00,5380,2936560,128x,200ms,25,64,0,56,138,190,205,469,300,304,121,70,619
2026-09-15T21:25:16.007826+00:00,5381,2937080,128x,200ms,25,64,1,56,139,191,206,470,300,305,121,70,620
2026-09-15T21:25:16.535237+00:00,5382,2937602,128x,200ms,25,64,1,56,139,190,206,470,300,305,120,69,620
2026-09-15T21:25:17.043909+00:00,5383,2938123,128x,200ms,25,64,1,56,139,190,206,470,300,305,120,70,620
2026-09-15T21:25:17.571723+00:00,5384,2938644,128x,200ms,25,64,1,56,139,190,206,471,301,305,121,70,622
2026-09-15T21:25:18.094216+00:00,5385,2939165,128x,200ms,25,64,1,57,140,191,207,472,302,306,121,70,623
2026-09-15T21:25:18.604799+00:00,5386,2939686,128x,200ms,25,64,1,56,140,191,207,474,303,307,121,70,625
2026-09-15T21:25:19.130297+00:00,5387,2940208,128x,200ms,25,64,0,57,140,192,208,474,303,307,122,70,625
2026-09-15T21:25:19.656314+00:00,5388,2940728,128x,200ms,25,64,0,57,140,191,208,473,302,307,121,70,625
2026-09-15T21:25:20.169593+00:00,5389,2941248,128x,200ms,25,64,0,56,140,191,207,472,302,306,121,70,623
2026-09-15T21:25:20.692221+00:00,5390,2941768,128x,200ms,25,64,0,57,140,191,207,472,302,306,122,70,623
2026-09-15T21:25:21.209691+00:00,5391,2942288,128x,200ms,25,64,0,57,140,192,207,472,302,306,122,70,623
2026-09-15T21:25:21.740130+00:00,5392,2942809,128x,200ms,25,64,0,56,139,190,205,472,302,307,123,71,624
2026-09-15T21:25:22.258533+00:00,5393,2943329,128x,200ms,25,64,1,56,139,190,205,469,300,305,122,70,620
2026-09-15T21:25:22.773269+00:00,5394,2943850,128x,200ms,25,64,1,57,139,191,206,463,296,301,118,68,612
2026-09-15T21:25:23.291477+00:00,5395,2944371,128x,200ms,25,64,1,44,122,163,183,493,320,324,151,87,641
2026-09-15T21:25:23.823714+00:00,5396,2944891,128x,200ms,25,64,1,76,150,219,221,499,324,328,155,89,648
2026-09-15T21:25:24.340262+00:00,5397,2945413,128x,200ms,25,64,1,76,150,219,221,500,325,329,155,90,650
2026-09-15T21:25:24.854814+00:00,5398,2945934,128x,200ms,25,64,1,76,151,221,223,504,326,330,156,91,654
2026-09-15T21:25:25.373867+00:00,5399,2946455,128x,200ms,25,64,0,76,151,220,221,500,324,328,155,90,650
2026-09-15T21:25:25.906426+00:00,5400,2946975,128x,200ms,25,64,0,76,151,220,222,501,325,329,156,90,651
2026-09-15T21:25:26.417126+00:00,5401,2947495,128x,200ms,25,64,0,76,151,220,222,501,325,329,156,90,652
2026-09-15T21:25:26.935565+00:00,5402,2948017,128x,200ms,25,64,0,76,151,220,222,502,326,330,156,90,653
2026-09-15T21:25:27.459071+00:00,5403,2948537,128x,200ms,25,64,0,76,151,220,222,502,325,330,156,90,653
2026-09-15T21:25:27.973715+00:00,5404,2949057,128x,200ms,25,64,0,76,151,221,222,502,326,330,156,90,654
2026-09-15T21:25:28.504239+00:00,5405,2949578,128x,200ms,25,64,1,76,151,220,222,502,326,330,156,90,654
2026-09-15T21:25:29.018211+00:00,5406,2950099,128x,200ms,25,64,1,76,152,221,223,503,327,331,157,91,655
2026-09-15T21:25:29.543201+00:00,5407,2950620,128x,200ms,25,64,1,77,152,221,224,509,329,334,157,91,659
2026-09-15T21:25:30.056463+00:00,5408,2951140,128x,200ms,25,64,1,76,151,221,223,503,327,331,157,91,656
2026-09-15T21:25:30.587854+00:00,5409,2951661,128x,200ms,25,64,1,77,152,221,223,503,327,331,157,91,654
2026-09-15T21:25:31.102523+00:00,5410,2952181,128x,200ms,25,64,1,77,152,221,223,505,328,332,157,91,657
2026-09-15T21:25:31.626257+00:00,5411,2952701,128x,200ms,25,64,0,76,152,221,223,504,327,331,157,91,656
2026-09-15T21:25:32.147392+00:00,5412,2953222,128x,200ms,25,64,0,77,152,222,224,505,328,332,157,91,657
2026-09-15T21:25:32.653840+00:00,5413,2953743,128x,200ms,25,64,0,76,152,221,223,504,328,332,157,91,657
2026-09-15T21:25:33.189668+00:00,5414,2954263,128x,200ms,25,64,0,77,152,222,223,504,327,332,157,91,656
2026-09-15T21:25:33.706040+00:00,5415,2954783,128x,200ms,25,64,0,77,152,221,223,505,328,333,157,91,658
2026-09-15T21:25:34.220292+00:00,5416,2955303,128x,200ms,25,64,0,76,152,222,224,506,329,333,158,91,659
2026-09-15T21:25:34.748395+00:00,5417,2955825,128x,200ms,25,64,1,77,152,222,223,505,328,333,158,91,659
2026-09-15T21:25:35.269752+00:00,5418,2956346,128x,200ms,25,64,1,77,152,223,224,507,329,333,158,91,660
2026-09-15T21:25:35.786597+00:00,5419,2956866,128x,200ms,25,64,1,77,153,222,225,507,329,334,158,91,660
2026-09-15T21:25:36.308441+00:00,5420,2957387,128x,200ms,25,64,1,77,153,223,224,506,329,333,158,91,659
2026-09-15T21:25:36.825482+00:00,5421,2957908,128x,200ms,25,64,1,77,153,222,224,507,329,334,158,91,661
2026-09-15T21:25:37.356845+00:00,5422,2958429,128x,200ms,25,64,1,77,153,224,225,510,331,336,159,91,664
2026-09-15T21:25:37.873167+00:00,5423,2958950,128x,200ms,25,64,0,77,153,223,225,508,329,334,158,91,661
2026-09-15T21:25:38.389540+00:00,5424,2959470,128x,200ms,25,64,0,77,153,223,224,514,333,337,159,92,668
2026-09-15T21:25:38.905564+00:00,5425,2959990,128x,200ms,25,64,0,77,154,223,225,508,330,334,159,91,661
2026-09-15T21:25:39.423915+00:00,5426,2960512,128x,200ms,25,64,0,77,152,222,224,509,331,335,159,91,662
2026-09-15T21:25:39.943626+00:00,5427,2961032,128x,200ms,25,64,0,77,153,224,225,510,331,335,159,91,664
2026-09-15T21:25:40.469021+00:00,5428,2961552,128x,200ms,25,64,0,77,153,223,225,508,330,334,159,91,662
2026-09-15T21:25:40.983126+00:00,5429,2962072,128x,200ms,25,64,1,77,154,225,227,507,330,334,158,91,661
2026-09-15T21:25:41.509232+00:00,5430,2962593,128x,200ms,25,64,1,77,152,221,223,490,317,323,152,86,642
2026-09-15T21:25:42.026874+00:00,5431,2963113,128x,200ms,25,64,1,41,116,155,176,427,270,276,91,55,589
2026-09-15T21:25:42.551573+00:00,5432,2963635,128x,200ms,25,64,1,45,127,168,188,449,285,290,99,61,607
2026-09-15T21:25:43.069907+00:00,5433,2964155,128x,200ms,25,64,1,48,131,175,195,452,287,293,100,62,613
2026-09-15T21:25:43.589165+00:00,5434,2964676,128x,200ms,25,64,1,48,131,175,195,454,287,293,100,62,614
2026-09-15T21:25:44.111411+00:00,5435,2965196,128x,200ms,25,64,0,48,131,175,195,451,286,293,100,62,612
2026-09-15T21:25:44.631121+00:00,5436,2965716,128x,200ms,25,64,0,48,132,176,195,458,290,297,102,63,621
2026-09-15T21:25:45.146584+00:00,5437,2966237,128x,200ms,25,64,0,49,133,178,198,459,291,297,102,63,621
2026-09-15T21:25:45.669731+00:00,5438,2966757,128x,200ms,25,64,0,48,133,178,198,458,290,295,102,63,620
2026-09-15T21:25:46.191505+00:00,5439,2967277,128x,200ms,25,64,0,48,132,177,196,456,289,295,102,63,619
2026-09-15T21:25:46.709597+00:00,5440,2967797,128x,200ms,25,64,0,48,133,177,197,456,289,295,102,63,619
2026-09-15T21:25:47.224778+00:00,5441,2968317,128x,200ms,25,64,1,48,132,176,196,454,288,294,101,62,616
2026-09-15T21:25:47.758858+00:00,5442,2968839,128x,200ms,25,64,1,48,131,175,195,457,289,297,102,63,620
2026-09-15T21:25:48.269270+00:00,5443,2969359,128x,200ms,25,64,1,49,133,178,197,454,288,295,102,63,617
2026-09-15T21:25:48.789281+00:00,5444,2969880,128x,200ms,25,64,1,49,132,177,196,455,288,295,102,63,618
2026-09-15T21:25:49.310219+00:00,5445,2970401,128x,200ms,25,64,1,48,132,177,196,455,288,295,101,63,618
2026-09-15T21:25:49.834889+00:00,5446,2970923,128x,200ms,25,64,1,48,132,176,196,455,288,294,101,63,617
2026-09-15T21:25:50.356215+00:00,5447,2971443,128x,200ms,25,64,0,48,132,177,196,455,288,295,101,63,618
2026-09-15T21:25:50.871164+00:00,5448,2971963,128x,200ms,25,64,0,48,133,177,197,455,289,295,101,63,619
2026-09-15T21:25:51.394402+00:00,5449,2972483,128x,200ms,25,64,0,48,132,177,196,454,288,294,101,63,618
2026-09-15T21:25:51.908363+00:00,5450,2973003,128x,200ms,25,64,0,48,132,177,196,455,288,295,101,63,620
2026-09-15T21:25:52.441844+00:00,5451,2973522,128x,200ms,25,64,0,48,133,177,196,456,289,295,102,63,621
2026-09-15T21:25:52.950402+00:00,5452,2974043,128x,200ms,25,64,0,49,133,178,197,457,289,296,102,64,621
2026-09-15T21:25:53.470613+00:00,5453,2974563,128x,200ms,25,64,1,49,133,178,197,457,290,297,102,64,623
2026-09-15T21:25:54.002809+00:00,5454,2975084,128x,200ms,25,64,1,49,133,178,198,458,290,296,102,63,622
2026-09-15T21:25:54.523582+00:00,5455,2975605,128x,200ms,25,64,1,48,133,178,197,459,290,297,102,64,624
2026-09-15T21:25:55.031789+00:00,5456,2976126,128x,200ms,25,64,1,49,133,178,198,458,290,297,103,64,624
2026-09-15T21:25:55.554644+00:00,5457,2976648,128x,200ms,25,64,1,49,134,179,198,459,291,298,103,64,625
2026-09-15T21:25:56.084216+00:00,5458,2977168,128x,200ms,25,64,1,49,134,179,199,460,292,299,103,64,627
2026-09-15T21:25:56.602696+00:00,5459,2977689,128x,200ms,25,64,0,49,133,179,198,459,291,298,103,64,625
2026-09-15T21:25:57.122200+00:00,5460,2978209,128x,200ms,25,64,0,49,134,179,199,462,292,299,103,65,628
2026-09-15T21:25:57.641868+00:00,5461,2978729,128x,200ms,25,64,0,49,134,180,199,462,293,299,103,64,629
2026-09-15T21:25:58.159021+00:00,5462,2979250,128x,200ms,25,64,0,49,134,180,199,461,292,299,103,64,628
2026-09-15T21:25:58.687553+00:00,5463,2979770,128x,200ms,25,64,0,49,134,179,199,462,293,299,103,64,629
2026-09-15T21:25:59.202225+00:00,5464,2980290,128x,200ms,25,64,0,49,134,180,199,462,293,299,103,64,629
2026-09-15T21:25:59.719886+00:00,5465,2980810,128x,200ms,25,64,1,49,134,179,199,461,292,299,103,65,628
2026-09-15T21:26:00.235950+00:00,5466,2981331,128x,200ms,25,64,1,49,134,179,199,461,292,300,103,64,628
2026-09-15T21:26:00.755149+00:00,5467,2981853,128x,200ms,25,64,1,49,134,179,199,461,291,299,103,64,628
2026-09-15T21:26:01.286870+00:00,5468,2982374,128x,200ms,25,64,1,49,134,179,199,461,292,300,103,64,629
2026-09-15T21:26:01.804199+00:00,5469,2982895,128x,200ms,25,64,1,49,134,179,199,462,292,299,103,64,628
2026-09-15T21:26:02.320314+00:00,5470,2983416,128x,200ms,25,64,1,49,134,179,199,462,293,300,104,64,629
2026-09-15T21:26:02.835989+00:00,5471,2983937,128x,200ms,25,64,0,49,134,180,199,462,292,299,103,64,629
2026-09-15T21:26:03.360245+00:00,5472,2984457,128x,200ms,25,64,0,49,135,180,199,463,294,301,104,65,632
2026-09-15T21:26:03.883445+00:00,5473,2984978,128x,200ms,25,64,0,50,135,181,201,464,294,301,104,65,633
2026-09-15T21:26:04.407830+00:00,5474,2985498,128x,200ms,25,64,0,50,135,180,200,464,294,301,104,65,632
2026-09-15T21:26:04.923282+00:00,5475,2986018,128x,200ms,25,64,0,49,135,180,200,464,294,301,104,65,632
2026-09-15T21:26:05.443244+00:00,5476,2986540,128x,200ms,25,64,0,49,134,180,200,463,293,300,104,64,631
2026-09-15T21:26:05.967013+00:00,5477,2987060,128x,200ms,25,64,1,49,135,180,200,463,294,301,104,65,633
2026-09-15T21:26:06.494033+00:00,5478,2987581,128x,200ms,25,64,1,49,134,180,200,463,293,300,103,65,631
2026-09-15T21:26:07.004117+00:00,5479,2988101,128x,200ms,25,64,1,49,134,180,199,464,294,301,104,65,632
2026-09-15T21:26:07.523568+00:00,5480,2988622,128x,200ms,25,64,1,49,134,180,200,464,294,301,104,65,632
2026-09-15T21:26:08.047372+00:00,5481,2989144,128x,200ms,25,64,1,49,135,180,200,464,294,302,104,65,633
2026-09-15T21:26:08.573089+00:00,5482,2989665,128x,200ms,25,64,1,49,135,181,200,464,294,301,104,65,632
2026-09-15T21:26:09.082787+00:00,5483,2990186,128x,200ms,25,64,0,49,135,180,200,464,294,302,104,65,633
2026-09-15T21:26:09.607645+00:00,5484,2990706,128x,200ms,25,64,0,49,135,181,200,464,294,302,104,65,634
2026-09-15T21:26:10.128048+00:00,5485,2991226,128x,200ms,25,64,0,49,135,180,200,464,294,301,104,65,633
2026-09-15T21:26:10.662451+00:00,5486,2991748,128x,200ms,25,64,0,50,135,181,200,466,295,302,104,65,635
2026-09-15T21:26:11.170053+00:00,5487,2992268,128x,200ms,25,64,0,50,135,181,201,465,294,302,104,65,634
2026-09-15T21:26:11.687173+00:00,5488,2992788,128x,200ms,25,64,0,49,135,180,200,464,294,301,104,65,633
2026-09-15T21:26:12.216833+00:00,5489,2993309,128x,200ms,25,64,1,50,135,181,200,464,294,301,104,65,634
2026-09-15T21:26:12.742533+00:00,5490,2993830,128x,200ms,25,64,1,50,135,180,200,463,294,301,104,65,633
2026-09-15T21:26:13.249989+00:00,5491,2994351,128x,200ms,25,64,1,50,135,180,200,464,294,302,104,65,634
2026-09-15T21:26:13.774506+00:00,5492,2994872,128x,200ms,25,64,1,50,135,181,200,464,294,302,104,65,634
2026-09-15T21:26:14.298536+00:00,5493,2995393,128x,200ms,25,64,1,50,135,181,200,465,295,302,104,66,636
2026-09-15T21:26:14.812459+00:00,5494,2995914,128x,200ms,25,64,1,49,135,181,200,464,294,301,104,65,634
2026-09-15T21:26:15.337790+00:00,5495,2996434,128x,200ms,25,64,0,49,135,180,200,464,294,302,104,65,634
2026-09-15T21:26:15.857857+00:00,5496,2996956,128x,200ms,25,64,0,49,135,181,200,465,294,302,104,65,634
2026-09-15T21:26:16.381402+00:00,5497,2997476,128x,200ms,25,64,0,50,135,181,201,466,295,302,104,65,637
2026-09-15T21:26:16.891714+00:00,5498,2997996,128x,200ms,25,64,0,50,136,181,201,467,296,303,104,65,637
2026-09-15T21:26:17.418786+00:00,5499,2998516,128x,200ms,25,64,0,50,135,181,201,466,295,303,104,65,636
2026-09-15T21:26:17.945366+00:00,5500,2999036,128x,200ms,25,64,0,50,135,181,201,466,295,302,104,65,636
2026-09-15T21:26:18.456384+00:00,5501,2999558,128x,200ms,25,64,1,50,136,181,201,467,296,304,104,65,638
2026-09-15T21:26:18.982435+00:00,5502,3000079,128x,200ms,25,64,1,50,135,181,201,467,296,302,104,66,638
2026-09-15T21:26:19.504362+00:00,5503,3000599,128x,200ms,25,64,1,50,136,182,201,467,296,303,104,65,638
2026-09-15T21:26:20.028828+00:00,5504,3001120,128x,200ms,25,64,1,50,135,181,201,466,295,302,104,65,637
2026-09-15T21:26:20.538398+00:00,5505,3001641,128x,200ms,25,64,1,50,136,182,201,467,296,303,104,65,639
2026-09-15T21:26:21.063440+00:00,5506,3002163,128x,200ms,25,64,1,50,135,181,201,467,296,303,104,65,638
2026-09-15T21:26:21.590362+00:00,5507,3002684,128x,200ms,25,64,0,50,136,182,201,468,296,304,104,66,639
2026-09-15T21:26:22.100395+00:00,5508,3003204,128x,200ms,25,64,0,50,136,182,202,468,296,304,105,66,639
2026-09-15T21:26:22.629134+00:00,5509,3003725,128x,200ms,25,64,0,50,136,182,202,468,296,304,105,66,640
2026-09-15T21:26:23.152849+00:00,5510,3004247,128x,200ms,25,64,0,50,136,182,202,469,297,305,105,66,641
2026-09-15T21:26:23.665355+00:00,5511,3004767,128x,200ms,25,64,0,50,136,182,202,467,296,304,105,66,639
2026-09-15T21:26:24.191998+00:00,5512,3005287,128x,200ms,25,64,0,50,136,182,201,468,296,305,105,66,641
2026-09-15T21:26:24.711044+00:00,5513,3005808,128x,200ms,25,64,1,50,136,182,202,467,296,304,105,66,639
2026-09-15T21:26:25.220627+00:00,5514,3006329,128x,200ms,25,64,1,50,136,182,202,469,297,304,105,66,641
2026-09-15T21:26:25.749180+00:00,5515,3006850,128x,200ms,25,64,1,50,136,182,202,468,296,304,105,66,640
2026-09-15T21:26:26.271463+00:00,5516,3007371,128x,200ms,25,64,1,50,136,182,202,469,297,304,105,66,642
2026-09-15T21:26:26.799057+00:00,5517,3007892,128x,200ms,25,64,1,50,136,182,202,468,296,304,105,66,641
2026-09-15T21:26:27.319032+00:00,5518,3008413,128x,200ms,25,64,1,50,136,182,202,469,297,304,105,66,642
2026-09-15T21:26:27.832068+00:00,5519,3008933,128x,200ms,25,64,0,50,136,182,202,468,297,304,105,66,641
2026-09-15T21:26:28.357395+00:00,5520,3009455,128x,200ms,25,64,0,50,136,182,202,469,297,305,105,66,642
2026-09-15T21:26:28.869279+00:00,5521,3009975,128x,200ms,25,64,0,50,137,183,202,469,297,304,105,66,641
2026-09-15T21:26:29.399938+00:00,5522,3010496,128x,200ms,25,64,0,50,136,182,202,470,298,305,105,66,643
2026-09-15T21:26:29.909785+00:00,5523,3011016,128x,200ms,25,64,0,50,137,183,203,470,297,305,105,66,643
2026-09-15T21:26:30.432689+00:00,5524,3011536,128x,200ms,25,64,0,50,136,182,202,470,298,305,105,66,644
2026-09-15T21:26:30.960282+00:00,5525,3012058,128x,200ms,25,64,1,50,137,183,202,470,298,305,105,66,643
2026-09-15T21:26:31.470913+00:00,5526,3012579,128x,200ms,25,64,1,50,137,183,202,470,298,305,106,66,644
2026-09-15T21:26:31.997492+00:00,5527,3013099,128x,200ms,25,64,1,50,137,183,202,469,297,304,105,67,642
2026-09-15T21:26:32.524663+00:00,5528,3013620,128x,200ms,25,64,1,51,137,183,203,470,298,306,106,67,644
2026-09-15T21:26:33.038602+00:00,5529,3014141,128x,200ms,25,64,1,50,136,183,202,470,298,305,105,66,643
2026-09-15T21:26:33.559519+00:00,5530,3014663,128x,200ms,25,64,1,50,137,183,202,468,297,305,105,66,642
2026-09-15T21:26:34.081083+00:00,5531,3015184,128x,200ms,25,64,0,50,135,181,201,467,296,304,105,66,640
2026-09-15T21:26:34.602584+00:00,5532,3015704,128x,200ms,25,64,0,50,136,182,202,470,298,306,106,67,644
2026-09-15T21:26:35.127286+00:00,5533,3016224,128x,200ms,25,64,0,50,136,182,202,468,297,305,105,67,643
2026-09-15T21:26:35.647725+00:00,5534,3016745,128x,200ms,25,64,0,50,136,183,202,469,297,305,106,66,642
2026-09-15T21:26:36.154610+00:00,5535,3017266,128x,200ms,25,64,0,50,136,182,202,468,297,305,105,66,642
2026-09-15T21:26:36.681974+00:00,5536,3017786,128x,200ms,25,64,0,50,136,182,202,469,297,305,105,66,642
2026-09-15T21:26:37.208048+00:00,5537,3018307,128x,200ms,25,64,1,50,136,182,202,468,296,304,105,66,642
2026-09-15T21:26:37.719152+00:00,5538,3018828,128x,200ms,25,64,1,50,136,182,202,469,297,305,105,66,643
2026-09-15T21:26:38.245384+00:00,5539,3019350,128x,200ms,25,64,1,50,136,182,202,468,297,305,105,66,643
2026-09-15T21:26:38.771253+00:00,5540,3019870,128x,200ms,25,64,1,50,137,182,202,468,297,304,105,66,642
2026-09-15T21:26:39.282137+00:00,5541,3020391,128x,200ms,25,64,1,49,134,179,198,463,293,301,104,65,633
2026-09-15T21:26:39.810673+00:00,5542,3020912,128x,200ms,25,64,1,50,135,181,200,464,294,302,105,66,635
2026-09-15T21:26:40.332042+00:00,5543,3021433,128x,200ms,25,64,0,50,135,180,200,464,294,302,105,66,635
2026-09-15T21:26:40.842723+00:00,5544,3021954,128x,200ms,25,64,0,50,135,181,200,465,295,303,105,66,636
2026-09-15T21:26:41.369590+00:00,5545,3022475,128x,200ms,25,64,0,50,135,180,200,465,294,303,105,66,636
2026-09-15T21:26:41.880962+00:00,5546,3022996,128x,200ms,25,64,0,50,136,181,200,465,295,303,105,66,637
2026-09-15T21:26:42.405984+00:00,5547,3023516,128x,200ms,25,64,0,50,135,181,200,464,294,303,105,66,636
2026-09-15T21:26:42.926249+00:00,5548,3024036,128x,200ms,25,64,0,50,135,181,200,467,296,304,105,66,640
2026-09-15T21:26:43.449335+00:00,5549,3024557,128x,200ms,25,64,1,50,136,181,201,467,296,305,105,66,640
2026-09-15T21:26:43.975549+00:00,5550,3025079,128x,200ms,25,64,1,50,136,182,201,468,297,306,105,66,643
2026-09-15T21:26:44.499166+00:00,5551,3025599,128x,200ms,25,64,1,50,136,182,201,468,297,305,105,66,643
2026-09-15T21:26:45.008631+00:00,5552,3026120,128x,200ms,25,64,1,50,136,182,202,470,298,306,105,66,644
2026-09-15T21:26:45.533222+00:00,5553,3026641,128x,200ms,25,64,1,50,136,182,202,469,297,306,105,66,643
2026-09-15T21:26:46.058050+00:00,5554,3027163,128x,200ms,25,64,1,50,136,183,202,471,299,308,107,67,647
2026-09-15T21:26:46.580511+00:00,5555,3027683,128x,200ms,25,64,0,50,136,182,201,466,295,305,105,66,640
2026-09-15T21:26:47.100797+00:00,5556,3028204,128x,200ms,25,64,0,50,136,182,201,468,297,306,106,67,643
2026-09-15T21:26:47.607296+00:00,5557,3028724,128x,200ms,25,64,0,50,136,182,201,468,297,305,106,67,643
2026-09-15T21:26:48.141523+00:00,5558,3029244,128x,200ms,25,64,0,50,136,181,201,466,295,304,105,67,640
2026-09-15T21:26:48.653925+00:00,5559,3029765,128x,200ms,25,64,0,50,136,181,201,467,296,305,105,66,641
2026-09-15T21:26:49.175053+00:00,5560,3030285,128x,200ms,25,64,0,50,136,181,201,465,295,303,104,66,639
2026-09-15T21:26:49.691089+00:00,5561,3030806,128x,200ms,25,64,1,50,135,181,200,469,297,307,107,67,644
2026-09-15T21:26:50.211614+00:00,5562,3031326,128x,200ms,25,64,1,50,136,183,202,468,297,306,106,66,642
2026-09-15T21:26:50.739386+00:00,5563,3031847,128x,200ms,25,64,1,51,137,183,202,470,298,306,106,66,645
2026-09-15T21:26:51.258153+00:00,5564,3032369,128x,200ms,25,64,1,51,137,184,203,472,299,307,106,67,648
2026-09-15T21:26:51.774395+00:00,5565,3032890,128x,200ms,25,64,1,51,137,184,203,471,298,307,107,67,647
2026-09-15T21:26:52.305209+00:00,5566,3033410,128x,200ms,25,64,1,51,137,184,203,471,298,307,107,67,647
2026-09-15T21:26:52.812279+00:00,5567,3033930,128x,200ms,25,64,0,50,137,183,203,471,299,309,108,68,648
2026-09-15T21:26:53.341890+00:00,5568,3034450,128x,200ms,25,64,0,51,138,184,204,471,299,308,108,68,649
2026-09-15T21:26:53.858714+00:00,5569,3034971,128x,200ms,25,64,0,51,138,184,204,473,300,308,107,68,649
2026-09-15T21:26:54.374712+00:00,5570,3035492,128x,200ms,25,64,0,51,137,184,204,472,299,308,107,68,649
2026-09-15T21:26:54.904683+00:00,5571,3036011,128x,200ms,25,64,0,51,137,184,204,472,300,308,107,68,649
2026-09-15T21:26:55.425709+00:00,5572,3036531,128x,200ms,25,64,0,51,138,184,204,472,300,308,108,68,650
2026-09-15T21:26:55.941073+00:00,5573,3037051,128x,200ms,25,64,1,51,138,184,204,472,299,308,107,68,649
2026-09-15T21:26:56.461244+00:00,5574,3037573,128x,200ms,25,64,1,51,138,184,204,473,300,309,108,68,650
2026-09-15T21:26:56.979118+00:00,5575,3038094,128x,200ms,25,64,1,51,138,184,204,472,299,308,107,68,649
2026-09-15T21:26:57.504318+00:00,5576,3038615,128x,200ms,25,64,1,51,138,184,204,473,300,308,107,68,650
2026-09-15T21:26:58.024389+00:00,5577,3039136,128x,200ms,25,64,1,51,138,184,204,472,299,308,107,68,649
2026-09-15T21:26:58.542381+00:00,5578,3039657,128x,200ms,25,64,1,51,138,184,204,473,300,308,108,68,651
2026-09-15T21:26:59.057689+00:00,5579,3040179,128x,200ms,25,64,0,51,138,184,204,472,299,308,107,68,649
2026-09-15T21:26:59.591272+00:00,5580,3040699,128x,200ms,25,64,0,51,137,184,204,472,299,309,108,68,649
2026-09-15T21:27:00.105400+00:00,5581,3041219,128x,200ms,25,64,0,51,138,184,204,472,300,308,107,68,650
2026-09-15T21:27:00.625240+00:00,5582,3041739,128x,200ms,25,64,0,51,137,184,203,471,299,308,107,68,648
2026-09-15T21:27:01.141200+00:00,5583,3042259,128x,200ms,25,64,0,51,137,184,203,471,299,308,107,68,649
2026-09-15T21:27:01.667163+00:00,5584,3042780,128x,200ms,25,64,0,51,138,184,203,472,300,308,107,68,650
2026-09-15T21:27:02.186031+00:00,5585,3043300,128x,200ms,25,64,1,51,137,184,204,472,299,308,107,68,650
2026-09-15T21:27:02.716615+00:00,5586,3043821,128x,200ms,25,64,1,51,138,184,204,472,299,308,107,68,650
2026-09-15T21:27:03.237882+00:00,5587,3044342,128x,200ms,25,64,1,51,138,186,205,474,300,310,109,68,652
2026-09-15T21:27:03.742943+00:00,5588,3044864,128x,200ms,25,64,1,52,139,186,205,478,303,312,109,69,657
2026-09-15T21:27:04.268056+00:00,5589,3045385,128x,200ms,25,64,1,52,139,187,206,478,303,311,108,68,656
2026-09-15T21:27:04.790707+00:00,5590,3045905,128x,200ms,25,64,1,52,139,187,206,478,303,312,109,69,658
2026-09-15T21:27:05.313622+00:00,5591,3046426,128x,200ms,25,64,0,52,139,187,207,479,303,312,108,69,658
2026-09-15T21:27:05.833862+00:00,5592,3046946,128x,200ms,25,64,0,52,139,187,207,479,304,312,109,69,659
2026-09-15T21:27:06.356559+00:00,5593,3047467,128x,200ms,25,64,0,52,140,187,207,479,303,312,108,68,658
2026-09-15T21:27:06.870874+00:00,5594,3047987,128x,200ms,25,64,0,51,139,186,206,478,302,311,108,68,656
2026-09-15T21:27:07.392739+00:00,5595,3048507,128x,200ms,25,64,0,51,139,186,206,478,303,311,107,67,656
2026-09-15T21:27:07.909130+00:00,5596,3049027,128x,200ms,25,64,0,51,139,186,206,478,302,311,108,67,656
2026-09-15T21:27:08.437274+00:00,5597,3049548,128x,200ms,25,64,1,51,139,186,206,477,302,311,108,67,656
2026-09-15T21:27:08.953586+00:00,5598,3050068,128x,200ms,25,64,1,52,140,187,206,479,303,312,108,69,658
2026-09-15T21:27:09.468418+00:00,5599,3050590,128x,200ms,25,64,1,51,139,186,206,479,303,311,108,68,657
2026-09-15T21:27:09.998242+00:00,5600,3051111,128x,200ms,25,64,1,51,139,187,207,480,304,313,109,69,660
2026-09-15T21:27:10.515006+00:00,5601,3051631,128x,200ms,25,64,1,52,140,187,207,480,304,312,109,69,659
2026-09-15T21:27:11.026689+00:00,5602,3052152,128x,200ms,25,64,1,52,140,188,208,481,304,313,110,69,661
2026-09-15T21:27:11.548668+00:00,5603,3052673,128x,200ms,25,64,0,52,140,187,208,478,303,312,109,69,659
2026-09-15T21:27:12.067936+00:00,5604,3053194,128x,200ms,25,64,0,51,138,186,205,475,301,311,108,68,655
2026-09-15T21:27:12.596096+00:00,5605,3053714,128x,200ms,25,64,0,51,139,186,205,476,302,311,108,68,656
2026-09-15T21:27:13.115311+00:00,5606,3054234,128x,200ms,25,64,0,51,138,186,205,477,302,311,108,68,656
2026-09-15T21:27:13.626139+00:00,5607,3054754,128x,200ms,25,64,0,52,139,186,206,479,304,313,109,69,660
2026-09-15T21:27:14.151168+00:00,5608,3055275,128x,200ms,25,64,0,51,139,186,206,477,302,312,108,68,657
2026-09-15T21:27:14.676291+00:00,5609,3055795,128x,200ms,25,64,1,51,139,186,206,477,302,311,108,68,657
2026-09-15T21:27:15.201201+00:00,5610,3056316,128x,200ms,25,64,1,51,139,186,206,477,303,312,108,68,658
2026-09-15T21:27:15.724184+00:00,5611,3056837,128x,200ms,25,64,1,51,139,186,206,479,303,312,108,68,659
2026-09-15T21:27:16.235277+00:00,5612,3057358,128x,200ms,25,64,1,52,140,187,207,479,304,313,108,68,660
2026-09-15T21:27:16.761296+00:00,5613,3057880,128x,200ms,25,64,1,52,139,186,206,479,303,312,108,69,659
2026-09-15T21:27:17.285628+00:00,5614,3058400,128x,200ms,25,64,1,52,140,187,207,479,304,313,109,69,661
2026-09-15T21:27:17.807268+00:00,5615,3058921,128x,200ms,25,64,0,52,140,187,207,479,303,312,109,69,660
2026-09-15T21:27:18.315213+00:00,5616,3059441,128x,200ms,25,64,0,52,139,187,207,480,304,313,109,69,662
2026-09-15T21:27:18.841347+00:00,5617,3059961,128x,200ms,25,64,0,52,140,187,207,480,304,313,109,69,661
2026-09-15T21:27:19.363189+00:00,5618,3060483,128x,200ms,25,64,0,52,140,187,207,479,304,312,108,68,660
2026-09-15T21:27:19.884311+00:00,5619,3061002,128x,200ms,25,64,0,52,140,187,207,481,305,314,109,69,663
2026-09-15T21:27:20.407022+00:00,5620,3061523,128x,200ms,25,64,0,52,140,188,207,481,305,314,109,69,662
2026-09-15T21:27:20.917041+00:00,5621,3062043,128x,200ms,25,64,1,52,140,187,207,480,304,314,109,69,662
2026-09-15T21:27:21.435035+00:00,5622,3062564,128x,200ms,25,64,1,52,140,187,207,479,303,313,109,69,661
2026-09-15T21:27:21.958012+00:00,5623,3063085,128x,200ms,25,64,1,52,139,187,206,478,303,312,109,69,659
2026-09-15T21:27:22.479890+00:00,5624,3063606,128x,200ms,25,64,1,52,139,187,206,479,303,312,108,68,659
2026-09-15T21:27:23.004483+00:00,5625,3064127,128x,200ms,25,64,1,51,139,185,206,477,302,311,107,67,656
2026-09-15T21:27:23.525275+00:00,5626,3064647,128x,200ms,25,64,1,50,138,185,205,477,302,311,107,66,656
2026-09-15T21:27:24.039995+00:00,5627,3065168,128x,200ms,25,64,0,51,138,185,205,476,301,310,107,67,655
2026-09-15T21:27:24.561800+00:00,5628,3065689,128x,200ms,25,64,0,51,139,185,205,479,303,313,109,69,660
2026-09-15T21:27:25.084990+00:00,5629,3066209,128x,200ms,25,64,0,52,140,187,207,480,304,313,109,69,660
2026-09-15T21:27:25.611489+00:00,5630,3066730,128x,200ms,25,64,0,52,140,187,207,479,303,313,109,68,660
2026-09-15T21:27:26.118803+00:00,5631,3067249,128x,200ms,25,64,0,51,139,186,206,481,304,314,108,68,662
2026-09-15T21:27:26.647775+00:00,5632,3067769,128x,200ms,25,64,0,52,141,188,208,479,303,313,109,68,659
2026-09-15T21:27:27.172744+00:00,5633,3068291,128x,200ms,25,64,1,51,139,187,206,480,304,313,108,68,662
2026-09-15T21:27:27.682652+00:00,5634,3068812,128x,200ms,25,64,1,52,140,187,207,480,303,313,109,68,661
2026-09-15T21:27:28.208244+00:00,5635,3069332,128x,200ms,25,64,1,52,139,186,207,478,303,313,108,68,659
2026-09-15T21:27:28.730774+00:00,5636,3069853,128x,200ms,25,64,1,52,140,187,206,479,304,313,109,68,661
2026-09-15T21:27:29.242546+00:00,5637,3070374,128x,200ms,25,64,1,51,139,186,206,479,303,313,108,68,661
2026-09-15T21:27:29.766382+00:00,5638,3070895,128x,200ms,25,64,1,51,138,184,204,478,303,313,109,68,659
2026-09-15T21:27:30.297977+00:00,5639,3071416,128x,200ms,25,64,0,51,138,185,204,476,302,312,108,68,657
2026-09-15T21:27:30.807078+00:00,5640,3071936,128x,200ms,25,64,0,51,139,186,206,478,303,313,109,68,659
2026-09-15T21:27:31.325010+00:00,5641,3072456,128x,200ms,25,64,0,51,139,186,206,478,302,312,108,68,659
2026-09-15T21:27:31.849016+00:00,5642,3072976,128x,200ms,25,64,0,51,139,186,206,478,303,312,109,68,659
2026-09-15T21:27:32.373023+00:00,5643,3073497,128x,200ms,25,64,0,51,139,186,206,477,302,311,108,68,658
2026-09-15T21:27:32.885344+00:00,5644,3074017,128x,200ms,25,64,0,51,139,186,205,478,302,312,108,68,659
2026-09-15T21:27:33.413838+00:00,5645,3074538,128x,200ms,25,64,1,52,139,186,206,478,303,312,108,68,659
2026-09-15T21:27:33.935193+00:00,5646,3075058,128x,200ms,25,64,1,51,139,186,206,478,303,312,108,68,659
2026-09-15T21:27:34.455787+00:00,5647,3075579,128x,200ms,25,64,1,52,139,186,206,478,303,312,108,68,659
2026-09-15T21:27:34.980535+00:00,5648,3076101,128x,200ms,25,64,1,51,139,186,206,478,303,313,108,68,661
2026-09-15T21:27:35.503005+00:00,5649,3076622,128x,200ms,25,64,1,52,140,188,207,479,304,314,109,69,661
2026-09-15T21:27:36.011103+00:00,5650,3077142,128x,200ms,25,64,1,52,140,188,207,480,304,314,110,69,662
2026-09-15T21:27:36.533205+00:00,5651,3077663,128x,200ms,25,64,0,52,140,188,207,482,305,315,110,69,665
2026-09-15T21:27:37.056643+00:00,5652,3078183,128x,200ms,25,64,0,52,140,188,208,482,305,315,110,69,665
2026-09-15T21:27:37.581261+00:00,5653,3078705,128x,200ms,25,64,0,52,141,188,208,482,305,316,110,69,666
2026-09-15T21:27:38.090853+00:00,5654,3079225,128x,200ms,25,64,0,52,141,188,208,482,305,315,110,69,665
2026-09-15T21:27:38.614798+00:00,5655,3079745,128x,200ms,25,64,0,52,140,188,208,482,305,314,109,69,665
2026-09-15T21:27:39.136889+00:00,5656,3080266,128x,200ms,25,64,0,52,140,188,208,482,305,314,110,69,665
2026-09-15T21:27:39.661042+00:00,5657,3080786,128x,200ms,25,64,1,52,140,188,208,482,305,315,110,69,665
2026-09-15T21:27:40.181827+00:00,5658,3081308,128x,200ms,25,64,1,52,141,188,208,482,305,315,110,69,665
2026-09-15T21:27:40.702897+00:00,5659,3081829,128x,200ms,25,64,1,52,140,188,208,481,305,314,109,69,664
2026-09-15T21:27:41.224463+00:00,5660,3082350,128x,200ms,25,64,1,52,140,188,207,481,305,314,109,69,664
2026-09-15T21:27:41.748402+00:00,5661,3082870,128x,200ms,25,64,1,52,140,188,208,481,305,314,109,68,664
2026-09-15T21:27:42.260062+00:00,5662,3083392,128x,200ms,25,64,1,52,141,188,208,483,306,316,110,69,667
2026-09-15T21:27:42.784494+00:00,5663,3083912,128x,200ms,25,64,0,52,141,188,209,483,305,315,110,69,666
2026-09-15T21:27:43.306349+00:00,5664,3084433,128x,200ms,25,64,0,52,141,188,208,483,306,315,110,69,666
2026-09-15T21:27:43.828884+00:00,5665,3084953,128x,200ms,25,64,0,52,141,188,208,482,305,315,110,69,666
2026-09-15T21:27:44.338516+00:00,5666,3085473,128x,200ms,25,64,0,52,140,188,208,483,305,315,109,69,666
2026-09-15T21:27:44.864239+00:00,5667,3085995,128x,200ms,25,64,0,52,141,188,209,483,306,316,110,69,667
2026-09-15T21:27:45.390054+00:00,5668,3086515,128x,200ms,25,64,0,52,140,188,208,482,305,315,109,69,665
2026-09-15T21:27:45.897349+00:00,5669,3087035,128x,200ms,25,64,1,52,141,188,208,483,306,315,110,69,666
2026-09-15T21:27:46.425296+00:00,5670,3087556,128x,200ms,25,64,1,52,140,188,208,482,305,315,109,69,665
2026-09-15T21:27:46.947494+00:00,5671,3088077,128x,200ms,25,64,1,52,140,188,208,482,305,314,109,69,665
2026-09-15T21:27:47.469781+00:00,5672,3088599,128x,200ms,25,64,1,52,140,188,208,482,305,314,109,69,665
2026-09-15T21:27:47.995063+00:00,5673,3089120,128x,200ms,25,64,1,52,140,188,208,482,305,315,110,69,665
2026-09-15T21:27:48.507557+00:00,5674,3089640,128x,200ms,25,64,1,52,140,188,208,482,306,315,110,69,665
2026-09-15T21:27:49.032700+00:00,5675,3090161,128x,200ms,25,64,0,52,140,188,208,482,306,315,110,69,666
2026-09-15T21:27:49.541940+00:00,5676,3090681,128x,200ms,25,64,0,52,141,188,208,478,302,312,108,68,659
2026-09-15T21:27:50.067619+00:00,5677,3091203,128x,200ms,25,64,0,47,132,175,196,417,267,272,90,56,612
2026-09-15T21:27:50.593621+00:00,5678,3091722,128x,200ms,25,64,0,56,135,187,200,534,347,355,169,93,697
2026-09-15T21:27:51.117725+00:00,5679,3092242,128x,200ms,25,64,0,82,161,233,235,538,349,357,171,94,701
2026-09-15T21:27:51.627292+00:00,5680,3092763,128x,200ms,25,64,0,82,161,234,235,538,350,358,172,94,702
2026-09-15T21:27:52.152615+00:00,5681,3093283,128x,200ms,25,64,1,82,161,234,235,536,349,356,171,93,699
2026-09-15T21:27:52.675734+00:00,5682,3093804,128x,200ms,25,64,1,81,159,231,233,533,346,354,168,92,696
2026-09-15T21:27:53.197830+00:00,5683,3094325,128x,200ms,25,64,1,81,160,232,234,538,349,357,171,94,702
2026-09-15T21:27:53.706040+00:00,5684,3094846,128x,200ms,25,64,1,81,160,232,234,534,346,354,169,92,696
2026-09-15T21:27:54.230532+00:00,5685,3095367,128x,200ms,25,64,1,80,159,230,232,533,346,354,168,92,696
2026-09-15T21:27:54.746774+00:00,5686,3095887,128x,200ms,25,64,1,75,154,221,226,418,264,274,90,56,604
2026-09-15T21:27:55.276183+00:00,5687,3096409,128x,200ms,25,64,0,47,132,175,195,459,290,301,99,60,634
2026-09-15T21:27:55.798920+00:00,5688,3096928,128x,200ms,25,64,0,51,138,185,204,482,305,315,108,68,664
2026-09-15T21:27:56.309038+00:00,5689,3097449,128x,200ms,25,64,0,52,140,188,208,486,307,317,109,69,669
2026-09-15T21:27:56.835063+00:00,5690,3097969,128x,200ms,25,64,0,52,141,189,209,487,308,318,109,69,670
2026-09-15T21:27:57.346410+00:00,5691,3098489,128x,200ms,25,64,0,52,141,189,209,487,307,316,109,69,669
2026-09-15T21:27:57.868033+00:00,5692,3099010,128x,200ms,25,64,0,52,141,189,209,486,307,317,110,69,670
2026-09-15T21:27:58.392717+00:00,5693,3099530,128x,200ms,25,64,1,52,141,190,209,486,307,317,110,70,670
2026-09-15T21:27:58.915543+00:00,5694,3100051,128x,200ms,25,64,1,52,141,189,209,486,307,317,110,70,670
2026-09-15T21:27:59.444067+00:00,5695,3100571,128x,200ms,25,64,1,53,142,190,210,487,308,318,111,70,671
2026-09-15T21:27:59.948682+00:00,5696,3101091,128x,200ms,25,64,1,52,141,189,209,485,307,317,110,70,670
2026-09-15T21:28:00.474301+00:00,5697,3101613,128x,200ms,25,64,1,52,142,190,209,487,309,319,111,70,673
2026-09-15T21:28:01.002442+00:00,5698,3102133,128x,200ms,25,64,1,53,141,189,209,486,307,317,110,70,670
2026-09-15T21:28:01.509985+00:00,5699,3102653,128x,200ms,25,64,0,53,142,190,209,486,308,318,111,70,672
2026-09-15T21:28:02.036673+00:00,5700,3103173,128x,200ms,25,64,0,52,141,190,209,486,307,317,110,70,670
2026-09-15T21:28:02.561182+00:00,5701,3103694,128x,200ms,25,64,0,53,142,190,209,487,308,318,111,70,671
2026-09-15T21:28:03.071314+00:00,5702,3104215,128x,200ms,25,64,0,52,141,190,209,486,307,317,110,70,670
2026-09-15T21:28:03.596743+00:00,5703,3104736,128x,200ms,25,64,0,52,141,189,209,486,307,317,110,70,671
2026-09-15T21:28:04.121000+00:00,5704,3105255,128x,200ms,25,64,0,52,142,189,209,486,307,317,110,70,670
2026-09-15T21:28:04.643157+00:00,5705,3105776,128x,200ms,25,64,1,52,141,189,208,485,307,317,111,70,671
2026-09-15T21:28:05.151579+00:00,5706,3106296,128x,200ms,25,64,1,52,142,190,209,487,308,318,111,70,672
2026-09-15T21:28:05.676278+00:00,5707,3106817,128x,200ms,25,64,1,53,142,189,210,487,308,318,111,70,673
2026-09-15T21:28:06.199832+00:00,5708,3107337,128x,200ms,25,64,1,53,142,190,210,488,308,319,111,70,673
2026-09-15T21:28:06.722423+00:00,5709,3107858,128x,200ms,25,64,1,52,142,190,210,487,308,318,111,70,672
2026-09-15T21:28:07.232774+00:00,5710,3108378,128x,200ms,25,64,1,53,142,190,210,488,309,319,111,70,673
2026-09-15T21:28:07.756097+00:00,5711,3108898,128x,200ms,25,64,0,53,142,190,210,486,308,317,110,70,670
2026-09-15T21:28:08.283666+00:00,5712,3109419,128x,200ms,25,64,0,52,142,190,209,486,307,318,111,70,672
2026-09-15T21:28:08.791425+00:00,5713,3109940,128x,200ms,25,64,0,53,141,190,209,486,307,318,111,70,671
2026-09-15T21:28:09.315484+00:00,5714,3110460,128x,200ms,25,64,0,52,142,190,209,487,308,318,111,70,672
2026-09-15T21:28:09.842123+00:00,5715,3110981,128x,200ms,25,64,0,53,142,190,210,486,307,317,110,70,670
2026-09-15T21:28:10.365568+00:00,5716,3111500,128x,200ms,25,64,0,52,141,189,209,485,307,317,110,69,670
2026-09-15T21:28:10.873952+00:00,5717,3112022,128x,200ms,25,64,1,52,141,190,209,486,307,317,111,70,671
2026-09-15T21:28:11.398832+00:00,5718,3112542,128x,200ms,25,64,1,52,141,189,209,486,307,318,111,70,672
2026-09-15T21:28:11.921383+00:00,5719,3113062,128x,200ms,25,64,1,52,142,190,209,486,307,317,110,70,670
2026-09-15T21:28:12.446641+00:00,5720,3113582,128x,200ms,25,64,1,53,141,189,209,486,307,318,111,70,671
2026-09-15T21:28:12.953750+00:00,5721,3114102,128x,200ms,25,64,1,53,142,190,209,486,307,318,110,70,671
2026-09-15T21:28:13.476038+00:00,5722,3114624,128x,200ms,25,64,1,52,141,189,208,485,307,316,110,70,668
2026-09-15T21:28:13.999663+00:00,5723,3115144,128x,200ms,25,64,0,52,141,189,209,485,307,317,110,70,670
2026-09-15T21:28:14.524299+00:00,5724,3115664,128x,200ms,25,64,0,52,141,189,208,484,306,316,109,69,668
2026-09-15T21:28:15.049360+00:00,5725,3116185,128x,200ms,25,64,0,52,141,189,208,485,307,317,110,69,669
2026-09-15T21:28:15.557673+00:00,5726,3116705,128x,200ms,25,64,0,52,140,188,208,483,306,315,109,69,667
2026-09-15T21:28:16.082017+00:00,5727,3117225,128x,200ms,25,64,0,52,141,189,208,486,307,318,111,70,671
2026-09-15T21:28:16.605323+00:00,5728,3117746,128x,200ms,25,64,0,53,141,190,209,486,308,318,111,70,671
2026-09-15T21:28:17.129636+00:00,5729,3118267,128x,200ms,25,64,1,53,142,190,210,488,308,319,111,70,673
2026-09-15T21:28:17.636593+00:00,5730,3118787,128x,200ms,25,64,1,53,141,190,209,486,307,317,110,70,670
2026-09-15T21:28:18.161226+00:00,5731,3119308,128x,200ms,25,64,1,52,141,189,209,484,307,317,110,70,669
2026-09-15T21:28:18.682581+00:00,5732,3119828,128x,200ms,25,64,1,52,141,189,208,485,307,317,110,70,669
2026-09-15T21:28:19.205515+00:00,5733,3120349,128x,200ms,25,64,1,52,141,189,209,486,307,317,111,70,670
2026-09-15T21:28:19.730209+00:00,5734,3120869,128x,200ms,25,64,1,53,141,190,209,486,308,318,111,70,672
2026-09-15T21:28:20.238184+00:00,5735,3121390,128x,200ms,25,64,0,53,141,189,209,486,307,318,110,70,670
2026-09-15T21:28:20.761278+00:00,5736,3121910,128x,200ms,25,64,0,53,142,190,209,488,309,319,111,70,674
2026-09-15T21:28:21.281714+00:00,5737,3122430,128x,200ms,25,64,0,53,142,191,210,488,309,319,112,71,674
2026-09-15T21:28:21.805222+00:00,5738,3122951,128x,200ms,25,64,0,53,142,191,211,488,309,319,112,71,674
2026-09-15T21:28:22.332052+00:00,5739,3123471,128x,200ms,25,64,0,53,143,191,211,487,308,319,111,70,673
2026-09-15T21:28:22.839898+00:00,5740,3123991,128x,200ms,25,64,0,53,142,190,210,486,307,318,111,70,671
2026-09-15T21:28:23.362536+00:00,5741,3124511,128x,200ms,25,64,1,53,142,189,209,488,308,318,111,70,673
2026-09-15T21:28:23.887767+00:00,5742,3125031,128x,200ms,25,64,1,53,142,190,210,488,308,319,112,70,674
2026-09-15T21:28:24.412483+00:00,5743,3125553,128x,200ms,25,64,1,53,142,190,210,488,308,319,111,70,673
2026-09-15T21:28:24.920626+00:00,5744,3126073,128x,200ms,25,64,1,53,142,191,210,488,309,320,112,70,675
2026-09-15T21:28:25.445570+00:00,5745,3126594,128x,200ms,25,64,1,53,142,191,210,488,309,319,112,71,673
2026-09-15T21:28:25.965061+00:00,5746,3127114,128x,200ms,25,64,1,53,141,189,208,488,309,321,114,71,673
2026-09-15T21:28:26.489483+00:00,5747,3127634,128x,200ms,25,64,0,53,143,191,211,489,309,320,113,71,675
2026-09-15T21:28:27.014543+00:00,5748,3128155,128x,200ms,25,64,0,53,143,191,211,489,309,320,113,71,675
2026-09-15T21:28:27.519230+00:00,5749,3128675,128x,200ms,25,64,0,53,143,191,211,490,310,320,113,71,677
2026-09-15T21:28:28.040127+00:00,5750,3129195,128x,200ms,25,64,0,54,143,192,211,489,310,320,113,71,676
2026-09-15T21:28:28.573674+00:00,5751,3129715,128x,200ms,25,64,0,53,143,191,212,492,311,322,114,72,679
2026-09-15T21:28:29.081114+00:00,5752,3130234,128x,200ms,25,64,0,54,144,193,213,492,311,322,113,71,679
2026-09-15T21:28:29.604845+00:00,5753,3130755,128x,200ms,25,64,1,53,143,191,211,491,310,320,112,71,677
2026-09-15T21:28:30.126435+00:00,5754,3131276,128x,200ms,25,64,1,53,143,191,211,490,310,321,113,71,677
2026-09-15T21:28:30.649552+00:00,5755,3131795,128x,200ms,25,64,1,53,143,192,212,490,310,320,113,71,677
2026-09-15T21:28:31.171516+00:00,5756,3132315,128x,200ms,25,64,1,53,143,192,211,490,310,320,113,71,677
2026-09-15T21:28:31.681615+00:00,5757,3132836,128x,200ms,25,64,1,53,143,192,212,491,311,321,113,71,678
2026-09-15T21:28:32.204179+00:00,5758,3133357,128x,200ms,25,64,1,53,143,192,212,490,310,321,113,71,677
2026-09-15T21:28:32.727089+00:00,5759,3133877,128x,200ms,25,64,0,53,143,192,212,491,310,321,113,71,677
2026-09-15T21:28:33.251661+00:00,5760,3134396,128x,200ms,25,64,0,53,143,192,212,491,311,321,113,71,678
2026-09-15T21:28:33.761696+00:00,5761,3134916,128x,200ms,25,64,0,53,143,192,211,490,310,320,113,71,676
2026-09-15T21:28:34.281807+00:00,5762,3135436,128x,200ms,25,64,0,53,143,192,212,490,310,321,113,71,677
2026-09-15T21:28:34.807131+00:00,5763,3135956,128x,200ms,25,64,0,53,142,191,210,490,310,322,114,71,676
2026-09-15T21:28:35.324786+00:00,5764,3136477,128x,200ms,25,64,0,54,143,192,212,491,311,322,114,72,678
2026-09-15T21:28:35.847253+00:00,5765,3136997,128x,200ms,25,64,1,54,144,193,212,492,311,322,113,71,679
2026-09-15T21:28:36.372510+00:00,5766,3137517,128x,200ms,25,64,1,54,143,192,212,492,311,322,113,71,679
2026-09-15T21:28:36.882484+00:00,5767,3138037,128x,200ms,25,64,1,53,143,192,212,492,311,322,113,71,679
2026-09-15T21:28:37.401720+00:00,5768,3138557,128x,200ms,25,64,1,53,143,192,211,482,305,315,108,68,664
2026-09-15T21:28:37.925747+00:00,5769,3139079,128x,200ms,25,64,1,46,128,170,192,413,260,271,88,55,600
2026-09-15T21:28:38.450037+00:00,5770,3139600,128x,200ms,25,64,1,72,152,217,223,541,352,360,173,94,706
2026-09-15T21:28:38.971118+00:00,5771,3140120,128x,200ms,25,64,0,84,162,235,236,542,352,360,173,94,706
2026-09-15T21:28:39.480436+00:00,5772,3140641,128x,200ms,25,64,0,83,162,235,236,542,353,361,174,95,707
2026-09-15T21:28:40.004661+00:00,5773,3141161,128x,200ms,25,64,0,82,160,233,234,535,348,356,169,91,698
2026-09-15T21:28:40.527492+00:00,5774,3141683,128x,200ms,25,64,0,82,161,232,234,541,352,360,173,94,706
2026-09-15T21:28:41.052961+00:00,5775,3142202,128x,200ms,25,64,0,83,162,235,236,540,351,359,173,94,704
2026-09-15T21:28:41.578835+00:00,5776,3142723,128x,200ms,25,64,0,81,160,231,232,527,341,350,161,87,690
2026-09-15T21:28:42.094779+00:00,5777,3143243,128x,200ms,25,64,1,76,155,222,226,528,342,351,161,87,692
2026-09-15T21:28:42.614871+00:00,5778,3143764,128x,200ms,25,64,1,77,156,224,228,514,330,340,147,81,680
2026-09-15T21:28:43.131890+00:00,5779,3144285,128x,200ms,25,64,1,69,151,212,220,517,334,344,151,83,684
2026-09-15T21:28:43.646597+00:00,5780,3144806,128x,200ms,25,64,1,45,124,166,186,466,296,306,102,62,648
2026-09-15T21:28:44.179338+00:00,5781,3145327,128x,200ms,25,64,1,48,135,179,199,476,300,310,105,64,652
2026-09-15T21:28:44.687114+00:00,5782,3145848,128x,200ms,25,64,1,52,141,189,208,490,309,320,112,70,673
2026-09-15T21:28:45.211565+00:00,5783,3146369,128x,200ms,25,64,0,53,141,190,210,488,308,319,112,70,671
2026-09-15T21:28:45.740269+00:00,5784,3146889,128x,200ms,25,64,0,53,142,191,210,490,309,320,113,70,674
2026-09-15T21:28:46.250887+00:00,5785,3147410,128x,200ms,25,64,0,53,141,190,209,485,307,319,113,70,669
2026-09-15T21:28:46.774211+00:00,5786,3147930,128x,200ms,25,64,0,53,142,191,210,489,309,321,113,71,674
2026-09-15T21:28:47.290038+00:00,5787,3148450,128x,200ms,25,64,0,53,142,190,210,488,308,319,112,70,672
2026-09-15T21:28:47.823963+00:00,5788,3148971,128x,200ms,25,64,0,53,142,191,210,488,309,319,112,70,673
2026-09-15T21:28:48.327676+00:00,5789,3149491,128x,200ms,25,64,1,53,142,190,209,487,308,318,112,70,671
2026-09-15T21:28:48.853238+00:00,5790,3150012,128x,200ms,25,64,1,53,142,190,209,488,309,319,112,70,672
2026-09-15T21:28:49.372258+00:00,5791,3150532,128x,200ms,25,64,1,53,141,190,209,488,309,319,112,70,672
2026-09-15T21:28:49.889647+00:00,5792,3151052,128x,200ms,25,64,1,53,142,191,210,487,308,319,112,70,672
2026-09-15T21:28:50.420760+00:00,5793,3151574,128x,200ms,25,64,1,53,141,190,209,488,308,319,112,71,672
2026-09-15T21:28:50.931926+00:00,5794,3152094,128x,200ms,25,64,1,53,142,191,210,494,312,323,114,71,680
2026-09-15T21:28:51.463177+00:00,5795,3152614,128x,200ms,25,64,0,53,143,191,211,491,311,322,113,71,677
2026-09-15T21:28:51.970564+00:00,5796,3153134,128x,200ms,25,64,0,54,143,192,212,490,310,321,113,71,675
2026-09-15T21:28:52.499878+00:00,5797,3153654,128x,200ms,25,64,0,53,142,191,210,489,309,320,113,71,674
2026-09-15T21:28:53.019264+00:00,5798,3154174,128x,200ms,25,64,0,53,143,191,211,490,310,321,112,71,675
2026-09-15T21:28:53.539997+00:00,5799,3154695,128x,200ms,25,64,0,53,142,191,210,488,309,320,113,70,673
2026-09-15T21:28:54.056627+00:00,5800,3155215,128x,200ms,25,64,0,53,143,191,210,489,310,321,113,71,674
2026-09-15T21:28:54.571583+00:00,5801,3155735,128x,200ms,25,64,1,53,142,190,210,487,308,319,113,70,671
2026-09-15T21:28:55.093291+00:00,5802,3156255,128x,200ms,25,64,1,53,142,190,209,480,303,315,109,67,660
2026-09-15T21:28:55.616854+00:00,5803,3156776,128x,200ms,25,64,1,47,132,175,197,443,279,290,98,60,624
2026-09-15T21:28:56.136499+00:00,5804,3157298,128x,200ms,25,64,1,83,163,235,236,545,355,363,175,95,711
2026-09-15T21:28:56.654409+00:00,5805,3157818,128x,200ms,25,64,1,84,164,238,239,545,355,363,174,95,712
2026-09-15T21:28:57.177660+00:00,5806,3158338,128x,200ms,25,64,1,83,162,235,236,539,351,359,171,93,704
2026-09-15T21:28:57.703318+00:00,5807,3158859,128x,200ms,25,64,0,78,157,226,229,524,338,347,156,85,689
2026-09-15T21:28:58.221288+00:00,5808,3159379,128x,200ms,25,64,0,76,156,222,227,522,337,346,154,84,688
2026-09-15T21:28:58.737302+00:00,5809,3159900,128x,200ms,25,64,0,47,127,171,189,425,272,280,92,57,616
2026-09-15T21:28:59.255352+00:00,5810,3160420,128x,200ms,25,64,0,46,132,174,195,469,296,308,102,63,650
2026-09-15T21:28:59.773064+00:00,5811,3160940,128x,200ms,25,64,0,49,137,182,202,478,302,314,106,66,663
2026-09-15T21:29:00.294991+00:00,5812,3161460,128x,200ms,25,64,0,50,138,184,204,476,301,312,105,65,661
2026-09-15T21:29:00.815258+00:00,5813,3161980,128x,200ms,25,64,1,50,138,183,203,474,300,311,105,65,657
2026-09-15T21:29:01.336770+00:00,5814,3162502,128x,200ms,25,64,1,50,137,182,203,474,300,311,105,65,658
2026-09-15T21:29:01.855717+00:00,5815,3163023,128x,200ms,25,64,1,50,138,183,204,476,301,313,107,66,660
2026-09-15T21:29:02.386197+00:00,5816,3163543,128x,200ms,25,64,1,51,139,184,205,479,303,314,107,67,666
2026-09-15T21:29:02.906211+00:00,5817,3164064,128x,200ms,25,64,1,50,138,184,204,476,301,313,106,66,662
2026-09-15T21:29:03.418172+00:00,5818,3164584,128x,200ms,25,64,1,50,139,185,205,478,303,314,107,66,664
2026-09-15T21:29:03.945397+00:00,5819,3165106,128x,200ms,25,64,0,50,139,185,205,477,302,313,106,67,663
2026-09-15T21:29:04.459955+00:00,5820,3165626,128x,200ms,25,64,0,51,139,185,205,479,303,314,106,67,665
2026-09-15T21:29:04.980514+00:00,5821,3166146,128x,200ms,25,64,0,51,139,185,205,478,303,314,107,67,665
2026-09-15T21:29:05.500785+00:00,5822,3166666,128x,200ms,25,64,0,51,139,185,205,479,303,315,107,67,666
2026-09-15T21:29:06.021354+00:00,5823,3167187,128x,200ms,25,64,0,50,137,183,203,475,301,313,106,66,660
2026-09-15T21:29:06.550472+00:00,5824,3167708,128x,200ms,25,64,0,49,137,181,201,468,296,308,103,63,651
2026-09-15T21:29:07.063889+00:00,5825,3168228,128x,200ms,25,64,1,49,136,181,201,476,302,314,107,66,662
2026-09-15T21:29:07.580910+00:00,5826,3168748,128x,200ms,25,64,1,50,139,185,205,478,303,314,107,66,664
2026-09-15T21:29:08.107315+00:00,5827,3169269,128x,200ms,25,64,1,50,139,184,205,478,302,313,107,67,663
2026-09-15T21:29:08.623719+00:00,5828,3169790,128x,200ms,25,64,1,51,139,185,205,479,303,314,107,67,666
2026-09-15T21:29:09.142084+00:00,5829,3170311,128x,200ms,25,64,1,51,139,185,205,476,301,313,107,66,662
2026-09-15T21:29:09.664183+00:00,5830,3170831,128x,200ms,25,64,1,51,140,186,206,482,305,315,108,67,669
2026-09-15T21:29:10.189734+00:00,5831,3171352,128x,200ms,25,64,0,51,139,186,206,481,304,315,107,67,668
2026-09-15T21:29:10.709610+00:00,5832,3171872,128x,200ms,25,64,0,51,140,186,207,482,304,315,107,67,669
2026-09-15T21:29:11.223476+00:00,5833,3172393,128x,200ms,25,64,0,51,140,186,206,478,302,313,107,67,663
2026-09-15T21:29:11.756055+00:00,5834,3172914,128x,200ms,25,64,0,51,139,185,205,478,303,314,107,67,664
2026-09-15T21:29:12.269543+00:00,5835,3173434,128x,200ms,25,64,0,51,139,186,206,479,303,314,107,67,666
2026-09-15T21:29:12.789195+00:00,5836,3173954,128x,200ms,25,64,0,51,139,185,206,479,303,314,107,67,666
2026-09-15T21:29:13.308072+00:00,5837,3174474,128x,200ms,25,64,1,51,139,186,206,479,303,314,107,67,665
2026-09-15T21:29:13.821422+00:00,5838,3174994,128x,200ms,25,64,1,50,139,185,205,478,303,313,106,67,664
2026-09-15T21:29:14.356131+00:00,5839,3175516,128x,200ms,25,64,1,51,139,186,206,480,304,315,108,68,666
2026-09-15T21:29:14.868356+00:00,5840,3176037,128x,200ms,25,64,1,51,140,187,207,482,305,316,108,68,670
2026-09-15T21:29:15.389327+00:00,5841,3176558,128x,200ms,25,64,1,51,140,187,207,481,304,316,108,67,668
2026-09-15T21:29:15.914539+00:00,5842,3177078,128x,200ms,25,64,1,51,139,185,206,480,304,315,107,67,666
2026-09-15T21:29:16.436608+00:00,5843,3177600,128x,200ms,25,64,0,51,140,186,207,483,305,316,108,68,670
2026-09-15T21:29:16.951041+00:00,5844,3178120,128x,200ms,25,64,0,51,140,187,208,484,306,317,108,68,672
2026-09-15T21:29:17.470824+00:00,5845,3178640,128x,200ms,25,64,0,52,141,188,208,483,306,317,108,68,672
2026-09-15T21:29:18.000396+00:00,5846,3179160,128x,200ms,25,64,0,51,140,188,208,483,306,316,108,68,672
2026-09-15T21:29:18.516366+00:00,5847,3179681,128x,200ms,25,64,0,51,141,188,208,484,306,317,109,68,673
2026-09-15T21:29:19.033097+00:00,5848,3180201,128x,200ms,25,64,0,51,140,187,208,483,306,316,108,68,671
2026-09-15T21:29:19.554627+00:00,5849,3180722,128x,200ms,25,64,1,52,141,188,208,483,306,316,108,68,671
2026-09-15T21:29:20.072906+00:00,5850,3181243,128x,200ms,25,64,1,51,140,187,208,482,305,315,108,68,670
2026-09-15T21:29:20.603131+00:00,5851,3181764,128x,200ms,25,64,1,51,141,187,208,483,306,316,108,68,672
2026-09-15T21:29:21.124232+00:00,5852,3182284,128x,200ms,25,64,1,51,140,187,208,482,305,315,108,68,671
2026-09-15T21:29:21.637339+00:00,5853,3182806,128x,200ms,25,64,1,52,141,187,208,484,306,317,108,68,673
2026-09-15T21:29:22.153994+00:00,5854,3183326,128x,200ms,25,64,1,51,140,187,207,482,305,316,108,68,670
2026-09-15T21:29:22.684232+00:00,5855,3183847,128x,200ms,25,64,0,52,141,188,208,483,306,317,108,68,672
2026-09-15T21:29:23.206683+00:00,5856,3184368,128x,200ms,25,64,0,51,140,187,208,482,305,316,108,68,670
2026-09-15T21:29:23.722539+00:00,5857,3184888,128x,200ms,25,64,0,51,140,187,207,483,306,316,108,68,672
2026-09-15T21:29:24.236996+00:00,5858,3185409,128x,200ms,25,64,0,51,141,188,208,483,306,316,108,68,671
2026-09-15T21:29:24.759363+00:00,5859,3185929,128x,200ms,25,64,0,51,140,187,208,484,306,316,108,68,672
2026-09-15T21:29:25.285085+00:00,5860,3186449,128x,200ms,25,64,0,51,141,188,208,484,306,317,108,68,673
2026-09-15T21:29:25.793750+00:00,5861,3186969,128x,200ms,25,64,1,51,140,188,208,483,306,316,108,68,672
2026-09-15T21:29:26.322972+00:00,5862,3187490,128x,200ms,25,64,1,51,141,187,208,484,306,317,108,68,673
2026-09-15T21:29:26.834690+00:00,5863,3188012,128x,200ms,25,64,1,51,140,187,208,482,305,316,108,68,670
2026-09-15T21:29:27.358241+00:00,5864,3188532,128x,200ms,25,64,1,51,140,187,207,483,305,317,108,68,672
2026-09-15T21:29:27.885605+00:00,5865,3189053,128x,200ms,25,64,1,51,140,187,208,482,305,316,107,67,670
2026-09-15T21:29:28.402135+00:00,5866,3189573,128x,200ms,25,64,1,51,141,187,208,483,306,316,108,68,672
2026-09-15T21:29:28.929185+00:00,5867,3190094,128x,200ms,25,64,0,51,140,187,208,483,305,316,108,68,671
2026-09-15T21:29:29.433854+00:00,5868,3190616,128x,200ms,25,64,0,52,141,188,208,484,306,317,108,68,673
2026-09-15T21:29:29.968343+00:00,5869,3191136,128x,200ms,25,64,0,51,140,187,208,483,305,316,108,68,671
2026-09-15T21:29:30.483942+00:00,5870,3191656,128x,200ms,25,64,0,51,141,187,208,484,306,317,108,68,673
2026-09-15T21:29:31.007583+00:00,5871,3192176,128x,200ms,25,64,0,51,141,187,207,481,305,316,108,67,670
2026-09-15T21:29:31.518917+00:00,5872,3192696,128x,200ms,25,64,0,51,140,186,207,482,305,317,108,68,670
2026-09-15T21:29:32.052324+00:00,5873,3193217,128x,200ms,25,64,1,51,140,187,207,482,305,317,108,68,670
2026-09-15T21:29:32.565950+00:00,5874,3193737,128x,200ms,25,64,1,51,140,186,206,481,304,316,108,67,669
2026-09-15T21:29:33.086085+00:00,5875,3194258,128x,200ms,25,64,1,51,140,186,207,481,305,316,107,67,670
2026-09-15T21:29:33.605763+00:00,5876,3194779,128x,200ms,25,64,1,51,140,186,206,481,305,316,107,67,669
2026-09-15T21:29:34.121277+00:00,5877,3195299,128x,200ms,25,64,1,51,140,186,207,481,305,316,107,67,669
2026-09-15T21:29:34.653379+00:00,5878,3195821,128x,200ms,25,64,1,51,139,186,206,482,305,317,108,67,671
2026-09-15T21:29:35.172519+00:00,5879,3196341,128x,200ms,25,64,0,52,141,188,208,483,306,317,108,68,672
2026-09-15T21:29:35.685268+00:00,5880,3196862,128x,200ms,25,64,0,51,140,187,207,483,306,317,108,68,671
2026-09-15T21:29:36.213978+00:00,5881,3197382,128x,200ms,25,64,0,51,140,187,208,483,306,317,108,68,671
2026-09-15T21:29:36.733027+00:00,5882,3197902,128x,200ms,25,64,0,51,140,187,208,483,306,317,109,68,672
2026-09-15T21:29:37.244452+00:00,5883,3198423,128x,200ms,25,64,0,51,141,188,208,484,306,317,108,68,673
2026-09-15T21:29:37.770028+00:00,5884,3198943,128x,200ms,25,64,0,51,141,187,208,484,306,317,108,68,672
2026-09-15T21:29:38.282136+00:00,5885,3199463,128x,200ms,25,64,1,52,141,188,208,485,307,318,109,68,675
2026-09-15T21:29:38.803056+00:00,5886,3199983,128x,200ms,25,64,1,52,141,188,208,484,306,317,108,68,673
2026-09-15T21:29:39.335048+00:00,5887,3200504,128x,200ms,25,64,1,52,141,188,208,484,306,317,109,68,673
2026-09-15T21:29:39.853400+00:00,5888,3201026,128x,200ms,25,64,1,52,140,187,208,483,306,317,109,68,671
2026-09-15T21:29:40.370203+00:00,5889,3201546,128x,200ms,25,64,1,52,141,188,209,488,308,319,109,69,678
2026-09-15T21:29:40.887483+00:00,5890,3202067,128x,200ms,25,64,1,52,141,189,210,481,304,317,108,68,669
2026-09-15T21:29:41.405716+00:00,5891,3202588,128x,200ms,25,64,0,52,141,187,207,484,306,318,109,68,674
2026-09-15T21:29:41.932540+00:00,5892,3203108,128x,200ms,25,64,0,52,141,188,208,484,306,317,108,68,673
2026-09-15T21:29:42.455868+00:00,5893,3203629,128x,200ms,25,64,0,51,140,187,207,483,305,316,108,68,672
2026-09-15T21:29:42.966336+00:00,5894,3204149,128x,200ms,25,64,0,51,139,186,206,477,302,314,107,67,663
2026-09-15T21:29:43.493524+00:00,5895,3204669,128x,200ms,25,64,0,52,140,187,208,479,303,314,107,67,666
2026-09-15T21:29:44.018236+00:00,5896,3205189,128x,200ms,25,64,0,51,139,185,205,478,303,315,107,67,666
2026-09-15T21:29:44.528373+00:00,5897,3205709,128x,200ms,25,64,1,51,139,185,205,480,304,315,107,67,667
2026-09-15T21:29:45.056180+00:00,5898,3206230,128x,200ms,25,64,1,51,140,187,207,483,305,317,108,68,672
2026-09-15T21:29:45.574178+00:00,5899,3206751,128x,200ms,25,64,1,51,140,187,207,482,305,316,107,67,670
2026-09-15T21:29:46.097299+00:00,5900,3207272,128x,200ms,25,64,1,51,140,187,207,485,307,319,109,68,675
2026-09-15T21:29:46.614702+00:00,5901,3207793,128x,200ms,25,64,1,52,140,187,208,483,305,317,108,68,671
2026-09-15T21:30:13.670391+00:00,5953,3234864,128x,200ms,25,64,0,51,140,186,206,481,305,316,108,67,669
2026-09-15T21:30:14.187923+00:00,5954,3235384,128x,200ms,25,64,0,51,140,187,207,481,304,316,108,67,669
2026-09-15T21:30:14.717385+00:00,5955,3235904,128x,200ms,25,64,0,51,139,186,206,480,304,316,108,67,669
2026-09-15T21:30:15.239817+00:00,5956,3236425,128x,200ms,25,64,0,51,140,186,206,481,305,316,108,67,669
2026-09-15T21:30:15.760637+00:00,5957,3236945,128x,200ms,25,64,1,51,140,186,206,481,305,317,108,68,670
2026-09-15T21:30:16.276112+00:00,5958,3237466,128x,200ms,25,64,1,52,141,188,208,486,308,320,110,69,677
2026-09-15T21:30:16.799899+00:00,5959,3237987,128x,200ms,25,64,1,52,141,189,209,486,308,320,110,69,677
2026-09-15T21:30:17.325514+00:00,5960,3238508,128x,200ms,25,64,1,52,142,189,210,487,308,320,110,69,679
2026-09-15T21:30:17.834210+00:00,5961,3239029,128x,200ms,25,64,1,52,142,189,210,487,308,319,110,69,677
2026-09-15T21:30:18.352955+00:00,5962,3239549,128x,200ms,25,64,1,52,142,189,209,487,309,320,110,69,678
2026-09-15T21:30:18.876884+00:00,5963,3240071,128x,200ms,25,64,0,52,141,189,209,486,307,319,110,69,676
2026-09-15T21:30:19.390923+00:00,5964,3240591,128x,200ms,25,64,0,52,141,189,209,485,307,319,110,69,676
2026-09-15T21:30:19.918637+00:00,5965,3241111,128x,200ms,25,64,0,52,142,189,209,485,307,319,110,69,675
2026-09-15T21:30:20.437308+00:00,5966,3241631,128x,200ms,25,64,0,52,141,188,208,483,306,318,109,68,674
2026-09-15T21:30:20.962757+00:00,5967,3242152,128x,200ms,25,64,0,52,141,188,208,484,306,318,109,68,673
2026-09-15T21:30:21.483806+00:00,5968,3242673,128x,200ms,25,64,0,51,141,187,207,481,305,316,108,68,670
2026-09-15T21:30:21.997916+00:00,5969,3243193,128x,200ms,25,64,1,51,140,186,207,481,304,316,108,67,670
2026-09-15T21:30:22.517475+00:00,5970,3243713,128x,200ms,25,64,1,51,140,186,207,481,304,317,108,67,671
2026-09-15T21:30:23.048605+00:00,5971,3244234,128x,200ms,25,64,1,51,140,186,207,480,304,316,108,67,670
2026-09-15T21:30:23.566132+00:00,5972,3244754,128x,200ms,25,64,1,51,140,187,207,481,305,317,108,67,671
2026-09-15T21:30:24.076984+00:00,5973,3245276,128x,200ms,25,64,1,51,140,187,207,483,306,318,109,68,673
2026-09-15T21:30:24.605273+00:00,5974,3245796,128x,200ms,25,64,1,51,140,187,207,482,305,317,108,68,672
2026-09-15T21:30:25.121260+00:00,5975,3246317,128x,200ms,25,64,0,51,141,187,207,484,307,320,111,68,675
2026-09-15T21:30:25.644228+00:00,5976,3246837,128x,200ms,25,64,0,52,142,190,210,487,308,321,111,69,679
2026-09-15T21:30:26.170929+00:00,5977,3247357,128x,200ms,25,64,0,53,143,191,211,491,311,323,112,70,684
2026-09-15T21:30:26.676686+00:00,5978,3247877,128x,200ms,25,64,0,53,143,191,211,491,311,322,112,70,685
2026-09-15T21:30:27.206262+00:00,5979,3248397,128x,200ms,25,64,0,53,143,191,212,490,311,322,111,70,683
2026-09-15T21:30:27.715797+00:00,5980,3248917,128x,200ms,25,64,0,53,143,191,211,490,310,322,111,70,683
2026-09-15T21:30:28.239491+00:00,5981,3249437,128x,200ms,25,64,1,53,143,191,211,490,310,322,111,70,683
2026-09-15T21:30:28.768987+00:00,5982,3249957,128x,200ms,25,64,1,52,142,190,210,483,305,318,109,68,673
2026-09-15T21:30:29.369726+00:00,5983,3250479,128x,200ms,25,64,1,53,143,190,211,485,307,319,110,68,676
2026-09-15T21:30:29.805847+00:00,5984,3251000,128x,200ms,25,64,1,50,139,184,204,477,301,314,106,65,666
2026-09-15T21:30:30.324308+00:00,5985,3251520,128x,200ms,25,64,1,50,140,186,206,479,302,315,107,66,668
2026-09-15T21:30:30.844906+00:00,5986,3252041,128x,200ms,25,64,1,51,140,186,206,480,303,316,107,66,670
2026-09-15T21:30:31.356164+00:00,5987,3252562,128x,200ms,25,64,0,51,140,187,207,482,305,318,109,68,672
